method,iteration,step_size,kl_gap,normalized_kl_gap,resolution_floor
FR--R,0,0.4999999995710956,47.394056494518665,1.0,4.669323691498765e-19
FR--R,1,0.4999999995710956,45.18182454716123,0.9533225870291712,4.669323691498765e-19
FR--R,2,0.4999999995710956,43.01692866368389,0.9076439504320335,4.669323691498765e-19
FR--R,3,0.4999999995710956,40.89737171442195,0.8629219513875525,4.669323691498765e-19
FR--R,4,0.4999999995710956,38.82863121175382,0.8192721637204557,4.669323691498765e-19
FR--R,5,0.4999999995710956,36.81375221170647,0.7767588371753776,4.669323691498765e-19
FR--R,6,0.4999999995710956,34.85154028210651,0.7353567696012104,4.669323691498765e-19
FR--R,7,0.4999999995710956,32.94017476036355,0.6950275455778558,4.669323691498765e-19
FR--R,8,0.4999999995710956,31.080824401846083,0.6557958254837444,4.669323691498765e-19
FR--R,9,0.4999999995710956,29.276377238599306,0.6177225459058405,4.669323691498765e-19
FR--R,10,0.4999999995710956,27.527564893974272,0.5808231438715941,4.669323691498765e-19
FR--R,11,0.4999999995710956,25.83234089299521,0.5450544393891,4.669323691498765e-19
FR--R,12,0.4999999995710956,24.189418194614777,0.5103892762885235,4.669323691498765e-19
FR--R,13,0.4999999995710956,22.60043690149638,0.47686226023109507,4.669323691498765e-19
FR--R,14,0.4999999995710956,21.067429908304053,0.44451628466832327,4.669323691498765e-19
FR--R,15,0.4999999995710956,19.58966326262406,0.41333586343025297,4.669323691498765e-19
FR--R,16,0.4999999995710956,18.164832754140573,0.3832723783886576,4.669323691498765e-19
FR--R,17,0.4999999995710956,16.792756325023873,0.35432198817938343,4.669323691498765e-19
FR--R,18,0.4999999995710956,15.47566320464105,0.32653172885572435,4.669323691498765e-19
FR--R,19,0.4999999995710956,14.21466309965134,0.29992501488652545,4.669323691498765e-19
FR--R,20,0.4999999995710956,13.007985517774406,0.274464489429784,4.669323691498765e-19
FR--R,21,0.4999999995710956,11.853795986413536,0.25011144567852045,4.669323691498765e-19
FR--R,22,0.4999999995710956,10.753120357712035,0.22688752879711155,4.669323691498765e-19
FR--R,23,0.4999999995710956,9.708204652408453,0.20484012913161906,4.669323691498765e-19
FR--R,24,0.4999999995710956,8.718954097763485,0.18396724700642306,4.669323691498765e-19
FR--R,25,0.4999999995710956,7.783072310480005,0.16422042944098175,4.669323691498765e-19
FR--R,26,0.4999999995710956,6.899718301549463,0.14558193182614462,4.669323691498765e-19
FR--R,27,0.4999999995710956,6.0708341914262105,0.12809273230554405,4.669323691498765e-19
FR--R,28,0.4999999995710956,5.298049559104062,0.11178721449422262,4.669323691498765e-19
FR--R,29,0.4999999995710956,4.580080857765525,0.09663829594951916,4.669323691498765e-19
FR--R,30,0.4999999995710956,3.914742898744492,0.08259986986337094,4.669323691498765e-19
FR--R,31,0.4999999995710956,3.302397371052179,0.06967956776255511,4.669323691498765e-19
FR--R,32,0.4999999995710956,2.745307477604724,0.057925142531790486,4.669323691498765e-19
FR--R,33,0.4999999995710956,2.2439509435108795,0.04734667402378614,4.669323691498765e-19
FR--R,34,0.4999999995710956,1.7960920986735576,0.03789699028782826,4.669323691498765e-19
FR--R,35,0.4999999995710956,1.400074792245097,0.029541147050939222,4.669323691498765e-19
FR--R,36,0.4999999995710956,1.0570220026288792,0.022302838811679448,4.669323691498765e-19
FR--R,37,0.4999999995710956,0.7683331732776414,0.016211593396030632,4.669323691498765e-19
FR--R,38,0.4999999995710956,0.5323095937413718,0.011231568536509124,4.669323691498765e-19
FR--R,39,0.4999999995710956,0.3449761465899763,0.007278890479228642,4.669323691498765e-19
FR--R,40,0.4999999995710956,0.2034379305969642,0.004292477699613931,4.669323691498765e-19
FR--R,41,0.4999999995710956,0.105844628873664,0.0022332890810033406,4.669323691498765e-19
FR--R,42,0.4999999995710956,0.0473888114593313,0.000999889331372427,4.669323691498765e-19
FR--R,43,0.4999999995710956,0.0181059388006402,0.0003820297341025078,4.669323691498765e-19
FR--R,44,0.4999999995710956,0.0059900501039656,0.0001263882129325304,4.669323691498765e-19
FR--R,45,0.4999999995710956,0.0017729321164129,3.7408321792795845e-05,4.669323691498765e-19
FR--R,46,0.4999999995710956,0.0004872009069635,1.027978913389376e-05,4.669323691498765e-19
FR--R,47,0.4999999995710956,0.0001280991467133,2.702852555533313e-06,4.669323691498765e-19
FR--R,48,0.4999999995710956,3.287135405660047e-05,6.935754499174847e-07,4.669323691498765e-19
FR--R,49,0.4999999995710956,8.327696972899427e-06,1.7571184213494285e-07,4.669323691498765e-19
FR--R,50,0.4999999995710956,2.0959207721734995e-06,4.422328298519672e-08,4.669323691498765e-19
FR--R,51,0.4999999995710956,5.257462975123839e-07,1.1093085006833901e-08,4.669323691498765e-19
FR--R,52,0.4999999995710956,1.3165873091941456e-07,2.7779586863310904e-09,4.669323691498765e-19
FR--R,53,0.4999999995710956,3.294255514460459e-08,6.950777709524515e-10,4.669323691498765e-19
FR--R,54,0.4999999995710956,8.239154253315625e-09,1.7384361801291518e-10,4.669323691498765e-19
FR--R,55,0.4999999995710956,2.060179395037052e-09,4.34691509319385e-11,4.669323691498765e-19
FR--R,56,0.4999999995710956,5.150947667366673e-10,1.0868340986938738e-11,4.669323691498765e-19
FR--R,57,0.4999999995710956,1.2877699298034092e-10,2.7171549030675306e-12,4.669323691498765e-19
FR--R,58,0.4999999995710956,3.219141745619212e-11,6.792289969928023e-13,4.669323691498765e-19
FR--R,59,0.4999999995710956,8.049898889338439e-12,1.6985038810234455e-13,4.669323691498765e-19
FR--R,60,0.4999999995710956,2.011153738801669e-12,4.243472467975532e-14,4.669323691498765e-19
FR--R,61,0.4999999995710956,5.036765704184166e-13,1.062742056014279e-14,4.669323691498765e-19
FR--R,62,0.4999999995710956,1.25977954670926e-13,2.6580960565275927e-15,4.669323691498765e-19
FR--R,63,0.4999999995710956,3.15980189328978e-14,6.667084708512396e-16,4.669323691498765e-19
FR--R,64,0.4999999995710956,7.96726495046985e-15,1.6810683743416856e-16,4.669323691498765e-19
FR--R,65,0.4999999995710956,2.065288594317661e-15,4.35769534637011e-17,4.669323691498765e-19
FR--R,66,0.4999999995710956,6.301902417967959e-16,1.3296820074257207e-17,4.669323691498765e-19
FR--R,67,0.4999999995710956,1.2630777072914355e-16,2.665055073809764e-18,4.669323691498765e-19
FR--R,68,0.4999999995710956,3.7638414957810864e-17,7.941589672148852e-19,4.669323691498765e-19
FR--R,69,0.4999999995710956,2.212981908260869e-17,4.669323691498765e-19,4.669323691498765e-19
FR--R,70,0.4999999995710956,3.384160943494454e-17,7.140475396711078e-19,4.669323691498765e-19
FR--R,71,0.4999999995710956,9.511416965026013e-18,2.006879695163053e-19,4.669323691498765e-19
FR--R,72,0.4999999995710956,3.0279651685290363e-17,6.388913278354289e-19,4.669323691498765e-19
FR--R,73,0.4999999995710956,1.3741718899530949e-17,2.8994603787756045e-19,4.669323691498765e-19
FR--R,74,0.4999999995710956,6.642894776977541e-17,1.4016303453041252e-18,4.669323691498765e-19
FR--R,75,0.4999999995710956,5.348968401469416e-17,1.1286158639085997e-18,4.669323691498765e-19
FR--R,76,0.4999999995710956,9.614049696327147e-17,2.0285348854743115e-18,4.669323691498765e-19
FR--R,77,0.4999999995710956,3.93300895082987e-17,8.298527793848455e-19,4.669323691498765e-19
FR--R,78,0.4999999995710956,3.5708264307793026e-18,7.534333827686357e-20,4.669323691498765e-19
FR--R,79,0.4999999995710956,3.675207333609131e-17,7.754574318900483e-19,4.669323691498765e-19
FR--R,80,0.4999999995710956,1.1655387902171079e-17,2.4592509618836016e-19,4.669323691498765e-19
FR--R,81,0.4999999995710956,1.13761221988422e-16,2.4003267583052107e-18,4.669323691498765e-19
FR--R,82,0.4999999995710956,9.927344658505656e-17,2.0946391578981633e-18,4.669323691498765e-19
FR--R,83,0.4999999995710956,3.650532593330403e-18,7.702511376616609e-20,4.669323691498765e-19
FR--R,84,0.4999999995710956,3.3722808842259423e-17,7.115408837426612e-19,4.669323691498765e-19
FR--R,85,0.4999999995710956,6.088629978125641e-16,1.2846821792580296e-17,4.669323691498765e-19
FR--R,86,0.4999999995710956,1.6684791091102262e-16,3.52043954984776e-18,4.669323691498765e-19
FR--R,87,0.4999999995710956,1.75626447437233e-17,3.7056639677497323e-19,4.669323691498765e-19
FR--R,88,0.4999999995710956,1.1016057353934759e-17,2.3243541846241447e-19,4.669323691498765e-19
FR--R,89,0.4999999995710956,6.836181383134897e-18,1.4424132240981593e-19,4.669323691498765e-19
FR--R,90,0.4999999995710956,2.7704142474499762e-17,5.845488764546641e-19,4.669323691498765e-19
FR--R,91,0.4999999995710956,6.249674986694946e-17,1.3186621802288118e-18,4.669323691498765e-19
FR--R,92,0.4999999995710956,9.657449608788323e-17,2.0376921333807436e-18,4.669323691498765e-19
FR--R,93,0.4999999995710956,4.083080810943679e-16,8.61517479816463e-18,4.669323691498765e-19
FR--R,94,0.4999999995710956,2.8995480559882967e-16,6.117957124694828e-18,4.669323691498765e-19
FR--R,95,0.4999999995710956,1.653037618202246e-16,3.4878584794560205e-18,4.669323691498765e-19
FR--R,96,0.4999999995710956,7.585093111957553e-17,1.6004312930746501e-18,4.669323691498765e-19
FR--R,97,0.4999999995710956,1.7117089579703882e-16,3.611653199949987e-18,4.669323691498765e-19
FR--R,98,0.4999999995710956,3.5774657803147936e-17,7.548342650789015e-19,4.669323691498765e-19
FR--R,99,0.4999999995710956,4.758575784252501e-17,1.0040448394204981e-18,4.669323691498765e-19
FR--R,100,0.4999999995710956,3.095491448610144e-17,6.531391650276129e-19,4.669323691498765e-19
FR--R,101,0.4999999995710956,2.0749572583713788e-17,4.37809592983744e-19,4.669323691498765e-19
FR--R,102,0.4999999995710956,1.4916071145373744e-17,3.1472450869654627e-19,4.669323691498765e-19
FR--R,103,0.4999999995710956,3.792153324614937e-17,8.00132675930265e-19,4.669323691498765e-19
FR--R,104,0.4999999995710956,5.3493325309885265e-17,1.128692694116023e-18,4.669323691498765e-19
FR--R,105,0.4999999995710956,1.1201775563786604e-17,2.363540155099857e-19,4.669323691498765e-19
FR--R,106,0.4999999995710956,6.7751941835500275e-18,1.4295451127576744e-19,4.669323691498765e-19
FR--R,107,0.4999999995710956,1.8118499471063107e-17,3.822947603811586e-19,4.669323691498765e-19
FR--R,108,0.4999999995710956,5.506960371651266e-17,1.1619516831795502e-18,4.669323691498765e-19
FR--R,109,0.4999999995710956,4.447128019970988e-17,9.383303200656221e-19,4.669323691498765e-19
FR--R,110,0.4999999995710956,3.8763237588591905e-17,8.17892378405614e-19,4.669323691498765e-19
FR--R,111,0.4999999995710956,1.49095381906822e-17,3.1458666536396933e-19,4.669323691498765e-19
FR--R,112,0.4999999995710956,8.326249108217442e-17,1.756812926359323e-18,4.669323691498765e-19
FR--R,113,0.4999999995710956,1.1132657323334995e-16,2.348956419170943e-18,4.669323691498765e-19
FR--R,114,0.4999999995710956,4.157003375519445e-18,8.771149133436639e-20,4.669323691498765e-19
FR--R,115,0.4999999995710956,1.0214557110879559e-17,2.1552401010580132e-19,4.669323691498765e-19
FR--R,116,0.4999999995710956,1.3798735839306764e-16,2.91149077752031e-18,4.669323691498765e-19
FR--R,117,0.4999999995710956,8.843206507658909e-18,1.8658893459946112e-19,4.669323691498765e-19
FR--R,118,0.4999999995710956,1.2146021499094404e-17,2.5627731402352416e-19,4.669323691498765e-19
FR--R,119,0.4999999995710956,1.4985769770973016e-17,3.1619512823736004e-19,4.669323691498765e-19
FR--R,120,0.4999999995710956,3.521369275604366e-16,7.42998075299089e-18,4.669323691498765e-19
FR--R,121,0.4999999995710956,1.4123042241442166e-16,2.9799184298722266e-18,4.669323691498765e-19
FR--R,122,0.4999999995710956,6.176912700605552e-18,1.3033095618898836e-19,4.669323691498765e-19
FR--R,123,0.4999999995710956,3.131252054128288e-17,6.606845426895315e-19,4.669323691498765e-19
FR--R,124,0.4999999995710956,3.1025780921957363e-16,6.5463442500528806e-18,4.669323691498765e-19
FR--R,125,0.4999999995710956,1.6432136525766406e-16,3.467130214453548e-18,4.669323691498765e-19
FR--R,126,0.4999999995710956,2.459400027481305e-17,5.189258336149693e-19,4.669323691498765e-19
FR--R,127,0.4999999995710956,1.2242609857339141e-17,2.583152986441465e-19,4.669323691498765e-19
FR--R,128,0.4999999995710956,2.0295664497816617e-17,4.2823227212390864e-19,4.669323691498765e-19
FR--R,129,0.4999999995710956,1.4832614762787444e-16,3.1296360471914663e-18,4.669323691498765e-19
FR--R,130,0.4999999995710956,2.775421151240387e-18,5.856053177388133e-20,4.669323691498765e-19
FR--R,131,0.4999999995710956,9.305070876170697e-18,1.9633413057282552e-19,4.669323691498765e-19
FR--R,132,0.4999999995710956,3.756688357486687e-17,7.926496770583807e-19,4.669323691498765e-19
FR--R,133,0.4999999995710956,8.615753511419653e-17,1.8178974640873174e-18,4.669323691498765e-19
FR--R,134,0.4999999995710956,6.304376406312241e-17,1.3302040113492648e-18,4.669323691498765e-19
FR--R,135,0.4999999995710956,1.6270817514414872e-17,3.4330923997393356e-19,4.669323691498765e-19
FR--R,136,0.4999999995710956,1.7977186875542738e-16,3.7931310812405096e-18,4.669323691498765e-19
FR--R,137,0.4999999995710956,4.4423477161095697e-17,9.373216906688178e-19,4.669323691498765e-19
FR--R,138,0.4999999995710956,1.8568905206644504e-17,3.9179818272766084e-19,4.669323691498765e-19
FR--R,139,0.4999999995710956,7.431328649253945e-17,1.5679874648656442e-18,4.669323691498765e-19
FR--R,140,0.4999999995710956,4.785129092092011e-18,1.0096475056203371e-19,4.669323691498765e-19
FR--R,141,0.4999999995710956,5.0523703733748886e-18,1.0660345931687062e-19,4.669323691498765e-19
FR--R,142,0.4999999995710956,7.324169063215692e-17,1.5453771221424705e-18,4.669323691498765e-19
FR--R,143,0.4999999995710956,2.0705255187720064e-17,4.368745095730458e-19,4.669323691498765e-19
FR--R,144,0.4999999995710956,4.549542453406057e-18,9.599394501992528e-20,4.669323691498765e-19
FR--R,145,0.4999999995710956,1.4873305260106747e-17,3.138221616844912e-19,4.669323691498765e-19
FR--R,146,0.4999999995710956,2.8321641135574867e-17,5.975779080832718e-19,4.669323691498765e-19
FR--R,147,0.4999999995710956,9.105555498729576e-18,1.9212441753709506e-19,4.669323691498765e-19
FR--R,148,0.4999999995710956,7.448939997831526e-17,1.5717034051923852e-18,4.669323691498765e-19
FR--R,149,0.4999999995710956,1.5527935578444148e-18,3.276346598489628e-20,4.669323691498765e-19
FR--R,150,0.4999999995710956,2.619089112322155e-17,5.526197388537663e-19,4.669323691498765e-19
FR--R,151,0.4999999995710956,1.5061179986361065e-17,3.177862605641903e-19,4.669323691498765e-19
FR--R,152,0.4999999995710956,2.0191397422147498e-17,4.260322689298124e-19,4.669323691498765e-19
FR--R,153,0.4999999995710956,3.607310055645227e-18,7.611313152868501e-20,4.669323691498765e-19
FR--R,154,0.4999999995710956,8.390944349248397e-17,1.7704634230283386e-18,4.669323691498765e-19
FR--R,155,0.4999999995710956,8.473736724906724e-18,1.7879323593849262e-19,4.669323691498765e-19
FR--R,156,0.4999999995710956,9.718149979981893e-18,2.0504997248137728e-19,4.669323691498765e-19
FR--R,157,0.4999999995710956,1.7069203596442352e-17,3.601549404916729e-19,4.669323691498765e-19
FR--R,158,0.4999999995710956,3.811005127940946e-17,8.041103483897196e-19,4.669323691498765e-19
FR--R,159,0.4999999995710956,2.047117413013324e-18,4.3193547132857944e-20,4.669323691498765e-19
FR--R,160,0.4999999995710956,9.851535753401755e-17,2.0786437123273312e-18,4.669323691498765e-19
FR--R,161,0.4999999995710956,3.13336802900742e-17,6.611310068742076e-19,4.669323691498765e-19
FR--R,162,0.4999999995710956,8.442929807334194e-18,1.7814321946277498e-19,4.669323691498765e-19
FR--R,163,0.4999999995710956,6.697787810475352e-17,1.4132126063634122e-18,4.669323691498765e-19
FR--R,164,0.4999999995710956,2.28764339566462e-17,4.826857131187317e-19,4.669323691498765e-19
FR--R,165,0.4999999995710956,2.515654945392629e-16,5.307954480924366e-18,4.669323691498765e-19
FR--R,166,0.4999999995710956,1.397463655185315e-17,2.9486052862914106e-19,4.669323691498765e-19
FR--R,167,0.4999999995710956,2.6908123980436545e-17,5.677531313140202e-19,4.669323691498765e-19
FR--R,168,0.4999999995710956,2.432314113604549e-17,5.132107891810985e-19,4.669323691498765e-19
FR--R,169,0.4999999995710956,1.0401738898433068e-16,2.1947348819226047e-18,4.669323691498765e-19
FR--R,170,0.4999999995710956,1.866840243396668e-16,3.9389754359021294e-18,4.669323691498765e-19
FR--R,171,0.4999999995710956,1.455985269723141e-17,3.072084091159262e-19,4.669323691498765e-19
FR--R,172,0.4999999995710956,7.725446537798999e-18,1.6300454337966368e-19,4.669323691498765e-19
FR--R,173,0.4999999995710956,1.0327264321182364e-16,2.1790209754205693e-18,4.669323691498765e-19
FR--R,174,0.4999999995710956,6.714187630887269e-17,1.4166729179773406e-18,4.669323691498765e-19
FR--R,175,0.4999999995710956,1.7567502380045873e-17,3.7066889140577434e-19,4.669323691498765e-19
FR--R,176,0.4999999995710956,3.2241709023658007e-17,6.802901335821909e-19,4.669323691498765e-19
FR--R,177,0.4999999995710956,1.9906766411502266e-17,4.2002664223950895e-19,4.669323691498765e-19
FR--R,178,0.4999999995710956,1.1659769868928631e-16,2.4601755433779203e-18,4.669323691498765e-19
FR--R,179,0.4999999995710956,2.1280795164255432e-16,4.490182258764166e-18,4.669323691498765e-19
FR--R,180,0.4999999995710956,3.078603154018696e-16,6.49575786865754e-18,4.669323691498765e-19
FR--R,181,0.4999999995710956,1.002697052012751e-16,2.115659907964868e-18,4.669323691498765e-19
FR--R,182,0.4999999995710956,1.1286417404404735e-16,2.3813993228686933e-18,4.669323691498765e-19
FR--R,183,0.4999999995710956,8.76267757222069e-18,1.8488979885556183e-19,4.669323691498765e-19
FR--R,184,0.4999999995710956,1.4868939905502723e-17,3.1373005404638413e-19,4.669323691498765e-19
FR--R,185,0.4999999995710956,8.586469727931903e-17,1.811718675932491e-18,4.669323691498765e-19
FR--R,186,0.4999999995710956,6.968013648770485e-17,1.470229426252291e-18,4.669323691498765e-19
FR--R,187,0.4999999995710956,6.5739022635380155e-16,1.3870731373876631e-17,4.669323691498765e-19
FR--R,188,0.4999999995710956,1.493004259063856e-16,3.150193018900015e-18,4.669323691498765e-19
FR--R,189,0.4999999995710956,2.2005663185816083e-17,4.643127179535926e-19,4.669323691498765e-19
FR--R,190,0.4999999995710956,1.0067338315952944e-16,2.1241773885966643e-18,4.669323691498765e-19
FR--R,191,0.4999999995710956,6.626738919710197e-17,1.3982215091625696e-18,4.669323691498765e-19
FR--R,192,0.4999999995710956,2.337233737832313e-17,4.931491226336839e-19,4.669323691498765e-19
FR--R,193,0.4999999995710956,6.892631001357392e-17,1.4543239197418258e-18,4.669323691498765e-19
FR--R,194,0.4999999995710956,1.360509761415623e-16,2.870633708201306e-18,4.669323691498765e-19
FR--R,195,0.4999999995710956,1.8963792212466042e-17,4.001301769697491e-19,4.669323691498765e-19
FR--R,196,0.4999999995710956,3.110348059081049e-17,6.562738640953374e-19,4.669323691498765e-19
FR--R,197,0.4999999995710956,1.3987246153897378e-17,2.9512658734993627e-19,4.669323691498765e-19
FR--R,198,0.4999999995710956,2.2937363530893623e-16,4.839713083759022e-18,4.669323691498765e-19
FR--R,199,0.4999999995710956,3.828803376806633e-17,8.078657241018083e-19,4.669323691498765e-19
FR--R,200,0.4999999995710956,6.668449566693901e-17,1.4070223272542913e-18,4.669323691498765e-19
FR--R,201,0.4999999995710956,1.9653772648669616e-16,4.1468855173733996e-18,4.669323691498765e-19
FR--R,202,0.4999999995710956,5.563445931295466e-17,1.1738699623525375e-18,4.669323691498765e-19
FR--R,203,0.4999999995710956,4.999890402707243e-17,1.054961480937067e-18,4.669323691498765e-19
FR--R,204,0.4999999995710956,2.0468954211487915e-16,4.318886317286481e-18,4.669323691498765e-19
FR--R,205,0.4999999995710956,1.546751975083817e-17,3.263599044877507e-19,4.669323691498765e-19
FR--R,206,0.4999999995710956,6.125185292921924e-17,1.2923952381308254e-18,4.669323691498765e-19
FR--R,207,0.4999999995710956,1.2541598089627567e-16,2.646238582907133e-18,4.669323691498765e-19
FR--R,208,0.4999999995710956,2.416616464065143e-16,5.0989863345937385e-18,4.669323691498765e-19
FR--R,209,0.4999999995710956,3.393169961444438e-16,7.159484147209204e-18,4.669323691498765e-19
FR--R,210,0.4999999995710956,8.399871946021483e-17,1.772347118460511e-18,4.669323691498765e-19
FR--R,211,0.4999999995710956,2.0400537212673585e-17,4.304450541183998e-19,4.669323691498765e-19
FR--R,212,0.4999999995710956,5.10084437532222e-17,1.0762624583342334e-18,4.669323691498765e-19
FR--R,213,0.4999999995710956,1.582901107186235e-16,3.3398726006272636e-18,4.669323691498765e-19
FR--R,214,0.4999999995710956,2.160158751371102e-16,4.557868456819968e-18,4.669323691498765e-19
FR--R,215,0.4999999995710956,7.299342723789154e-16,1.54013884096065e-17,4.669323691498765e-19
FR--R,216,0.4999999995710956,1.0451494368931204e-16,2.205233133006871e-18,4.669323691498765e-19
FR--R,217,0.4999999995710956,2.946103089910432e-17,6.216186812899551e-19,4.669323691498765e-19
FR--R,218,0.4999999995710956,1.519711473900235e-16,3.2065444199231953e-18,4.669323691498765e-19
FR--R,219,0.4999999995710956,2.961620547410707e-16,6.248928170462116e-18,4.669323691498765e-19
FR--R,220,0.4999999995710956,2.397433152265802e-17,5.058510137327189e-19,4.669323691498765e-19
FR--R,221,0.4999999995710956,1.819478579835123e-17,3.8390437839933657e-19,4.669323691498765e-19
FR--R,222,0.4999999995710956,1.1408750539446901e-17,2.4072112377142424e-19,4.669323691498765e-19
FR--R,223,0.4999999995710956,1.4511822830587528e-18,3.061949937175326e-20,4.669323691498765e-19
FR--R,224,0.4999999995710956,9.824650087673785e-18,2.0729709196363155e-19,4.669323691498765e-19
FR--R,225,0.4999999995710956,2.776906235850027e-17,5.859186660190584e-19,4.669323691498765e-19
FR--R,226,0.4999999995710956,6.834071074140038e-18,1.4419679553976203e-19,4.669323691498765e-19
FR--R,227,0.4999999995710956,2.6577056561230937e-17,5.607677107002793e-19,4.669323691498765e-19
FR--R,228,0.4999999995710956,9.000419490839068e-18,1.8990608014066084e-19,4.669323691498765e-19
FR--R,229,0.4999999995710956,2.5055326268189072e-17,5.28659670038728e-19,4.669323691498765e-19
FR--R,230,0.4999999995710956,1.6609817935119626e-17,3.5046204447683487e-19,4.669323691498765e-19
FR--R,231,0.4999999995710956,7.013445271559313e-17,1.4798153587824772e-18,4.669323691498765e-19
FR--R,232,0.4999999995710956,1.1004696208157362e-17,2.3219570178446543e-19,4.669323691498765e-19
FR--R,233,0.4999999995710956,7.267559295818997e-17,1.533432635516127e-18,4.669323691498765e-19
FR--R,234,0.4999999995710956,1.081764410849606e-16,2.2824896007260253e-18,4.669323691498765e-19
FR--R,235,0.4999999995710956,3.6320150487543077e-16,7.663439927692972e-18,4.669323691498765e-19
FR--R,236,0.4999999995710956,1.001538362801658e-16,2.113215109404046e-18,4.669323691498765e-19
FR--R,237,0.4999999995710956,3.245037415195786e-17,6.846929035439473e-19,4.669323691498765e-19
FR--R,238,0.4999999995710956,4.104097039694159e-17,8.659518393764873e-19,4.669323691498765e-19
FR--R,239,0.4999999995710956,4.1809420531286666e-18,8.821659006150299e-20,4.669323691498765e-19
FR--R,240,0.4999999995710956,3.1655240335890145e-18,6.679158248366273e-20,4.669323691498765e-19
FR--R,241,0.4999999995710956,4.419494426933842e-17,9.324997170151444e-19,4.669323691498765e-19
FR--R,242,0.4999999995710956,1.253106465015458e-16,2.6440160596094687e-18,4.669323691498765e-19
FR--R,243,0.4999999995710956,2.9612817240657226e-17,6.248213263636144e-19,4.669323691498765e-19
FR--R,244,0.4999999995710956,2.196384248220196e-16,4.634303139834037e-18,4.669323691498765e-19
FR--R,245,0.4999999995710956,8.485990085601859e-17,1.790517780765042e-18,4.669323691498765e-19
FR--R,246,0.4999999995710956,5.247739603414183e-16,1.1072568991896923e-17,4.669323691498765e-19
FR--R,247,0.4999999995710956,2.2155973334405682e-17,4.674842158102276e-19,4.669323691498765e-19
FR--R,248,0.4999999995710956,1.6332147314397614e-17,3.446032798708948e-19,4.669323691498765e-19
FR--R,249,0.4999999995710956,5.285837094926959e-17,1.1152953526014997e-18,4.669323691498765e-19
FR--R,250,0.4999999995710956,6.413383436877226e-17,1.3532041591795297e-18,4.669323691498765e-19
FR--R,251,0.4999999995710956,1.7852265487113238e-16,3.7667730528991395e-18,4.669323691498765e-19
FR--R,252,0.4999999995710956,9.771668785914524e-17,2.0617920280878807e-18,4.669323691498765e-19
FR--R,253,0.4999999995710956,3.256762086738342e-17,6.871667731406365e-19,4.669323691498765e-19
FR--R,254,0.4999999995710956,3.177406558172751e-17,6.704230009389959e-19,4.669323691498765e-19
FR--R,255,0.4999999995710956,2.347921768050956e-16,4.9540426410271585e-18,4.669323691498765e-19
FR--R,256,0.4999999995710956,5.431634907641855e-17,1.1460582421912013e-18,4.669323691498765e-19
FR--R,257,0.4999999995710956,1.1109704438463121e-17,2.3441134311320256e-19,4.669323691498765e-19
FR--R,258,0.4999999995710956,6.093689015547692e-17,1.285749620577942e-18,4.669323691498765e-19
FR--R,259,0.4999999995710956,6.0585866112138884e-18,1.2783431213394007e-19,4.669323691498765e-19
FR--R,260,0.4999999995710956,7.317681941388179e-18,1.544008359409898e-19,4.669323691498765e-19
FR--R,261,0.4999999995710956,6.981871388326193e-17,1.473153366632307e-18,4.669323691498765e-19
FR--R,262,0.4999999995710956,5.2531813033158116e-18,1.1084050811146258e-19,4.669323691498765e-19
FR--R,263,0.4999999995710956,4.052484185216261e-17,8.550616859911431e-19,4.669323691498765e-19
FR--R,264,0.4999999995710956,2.657082011879027e-16,5.606361236849035e-18,4.669323691498765e-19
FR--R,265,0.4999999995710956,5.642407843018129e-17,1.1905306826122171e-18,4.669323691498765e-19
FR--R,266,0.4999999995710956,1.3345853866021823e-16,2.8159340755238646e-18,4.669323691498765e-19
FR--R,267,0.4999999995710956,2.3516505574498877e-17,4.961910271854165e-19,4.669323691498765e-19
FR--R,268,0.4999999995710956,7.580914095740429e-18,1.5995495335195029e-19,4.669323691498765e-19
FR--R,269,0.4999999995710956,9.23341969737076e-17,1.948223127606443e-18,4.669323691498765e-19
FR--R,270,0.4999999995710956,4.3882959468989813e-17,9.259169337839878e-19,4.669323691498765e-19
FR--R,271,0.4999999995710956,3.054496135921739e-17,6.44489280269775e-19,4.669323691498765e-19
FR--R,272,0.4999999995710956,4.8330868226693907e-17,1.019766439116339e-18,4.669323691498765e-19
FR--R,273,0.4999999995710956,1.0308232258186725e-16,2.1750052687258197e-18,4.669323691498765e-19
FR--R,274,0.4999999995710956,6.78120157086403e-17,1.4308126529849384e-18,4.669323691498765e-19
FR--R,275,0.4999999995710956,1.4170304097231458e-17,2.989890535930453e-19,4.669323691498765e-19
FR--R,276,0.4999999995710956,5.2346743794560525e-17,1.1045001771607092e-18,4.669323691498765e-19
FR--R,277,0.4999999995710956,1.0695900331847657e-17,2.2568020386869996e-19,4.669323691498765e-19
FR--R,278,0.4999999995710956,2.5232145878027654e-17,5.323905093657865e-19,4.669323691498765e-19
FR--R,279,0.4999999995710956,3.805733568258809e-17,8.029980655272585e-19,4.669323691498765e-19
FR--R,280,0.4999999995710956,3.650359900152046e-17,7.702146999327282e-19,4.669323691498765e-19
FR--R,281,0.4999999995710956,5.5330590366509457e-17,1.1674584211399733e-18,4.669323691498765e-19
FR--R,282,0.4999999995710956,4.923879470219496e-17,1.0389234082102603e-18,4.669323691498765e-19
FR--R,283,0.4999999995710956,6.315092165944394e-17,1.3324650036391721e-18,4.669323691498765e-19
FR--R,284,0.4999999995710956,2.7080660602392644e-17,5.713936009154364e-19,4.669323691498765e-19
FR--R,285,0.4999999995710956,2.3074871348768845e-17,4.868726809961405e-19,4.669323691498765e-19
FR--R,286,0.4999999995710956,2.83113868684681e-16,5.97361546204479e-18,4.669323691498765e-19
FR--R,287,0.4999999995710956,2.0472852235036602e-16,4.31970878825373e-18,4.669323691498765e-19
FR--R,288,0.4999999995710956,6.685300409557506e-17,1.4105778032168846e-18,4.669323691498765e-19
FR--R,289,0.4999999995710956,1.577315277009998e-16,3.3280866709360945e-18,4.669323691498765e-19
FR--R,290,0.4999999995710956,1.2299019297242477e-17,2.595055204583493e-19,4.669323691498765e-19
FR--R,291,0.4999999995710956,6.054497363318714e-17,1.2774803026237991e-18,4.669323691498765e-19
FR--R,292,0.4999999995710956,4.118887413176682e-16,8.690725626435985e-18,4.669323691498765e-19
FR--R,293,0.4999999995710956,1.9443663598153606e-16,4.1025531546138815e-18,4.669323691498765e-19
FR--R,294,0.4999999995710956,5.406145227246497e-18,1.1406799981073032e-19,4.669323691498765e-19
FR--R,295,0.4999999995710956,1.5345371184711102e-17,3.2378260735047785e-19,4.669323691498765e-19
FR--R,296,0.4999999995710956,3.181504978535605e-16,6.712877550170369e-18,4.669323691498765e-19
FR--R,297,0.4999999995710956,2.339982421058695e-16,4.9372908633160035e-18,4.669323691498765e-19
FR--R,298,0.4999999995710956,3.792508804634998e-17,8.002076811200194e-19,4.669323691498765e-19
FR--R,299,0.4999999995710956,4.086438214746048e-17,8.622258816817384e-19,4.669323691498765e-19
FR--R,300,0.4999999995710956,1.0081488847557133e-17,2.12716310719744e-19,4.669323691498765e-19
FR--R,301,0.4999999995710956,2.2713610213893392e-17,4.792501822780315e-19,4.669323691498765e-19
FR--R,302,0.4999999995710956,5.143375117425362e-17,1.0852363139711868e-18,4.669323691498765e-19
FR--R,303,0.4999999995710956,3.6204223102657104e-17,7.63897960640788e-19,4.669323691498765e-19
FR--R,304,0.4999999995710956,6.291723036922038e-18,1.3275341893660663e-19,4.669323691498765e-19
FR--R,305,0.4999999995710956,1.4167730410129185e-17,2.9893474958759324e-19,4.669323691498765e-19
FR--R,306,0.4999999995710956,2.216325343983405e-17,4.676378237933132e-19,4.669323691498765e-19
FR--R,307,0.4999999995710956,1.917222341697652e-17,4.0452801121157194e-19,4.669323691498765e-19
FR--R,308,0.4999999995710956,3.2957259657787545e-17,6.95388031653277e-19,4.669323691498765e-19
FR--R,309,0.4999999995710956,1.5431663635080235e-16,3.2560335148490563e-18,4.669323691498765e-19
FR--R,310,0.4999999995710956,7.672248755911264e-17,1.6188208656076093e-18,4.669323691498765e-19
FR--R,311,0.4999999995710956,6.944924118821199e-17,1.4653576065227525e-18,4.669323691498765e-19
FR--R,312,0.4999999995710956,2.1456388693779678e-17,4.527231952863373e-19,4.669323691498765e-19
FR--R,313,0.4999999995710956,7.943733716357336e-17,1.6761033563936576e-18,4.669323691498765e-19
FR--R,314,0.4999999995710956,1.2488319312035825e-17,2.634996924873935e-19,4.669323691498765e-19
FR--R,315,0.4999999995710956,7.922801483512715e-18,1.6716867197111567e-19,4.669323691498765e-19
FR--R,316,0.4999999995710956,2.223417004460812e-17,4.691341423197147e-19,4.669323691498765e-19
FR--R,317,0.4999999995710956,5.955732545419634e-18,1.2566412301315549e-19,4.669323691498765e-19
FR--R,318,0.4999999995710956,1.1039206113075424e-16,2.3292385015307052e-18,4.669323691498765e-19
FR--R,319,0.4999999995710956,2.141145613960919e-16,4.5177513222750874e-18,4.669323691498765e-19
FR--R,320,0.4999999995710956,9.612481850428933e-17,2.028204074816989e-18,4.669323691498765e-19
FR--R,321,0.4999999995710956,6.966759548248059e-17,1.469964814903277e-18,4.669323691498765e-19
FR--R,322,0.4999999995710956,1.9051053274449592e-17,4.0197135851101777e-19,4.669323691498765e-19
FR--R,323,0.4999999995710956,3.45570470208629e-17,7.291430524597441e-19,4.669323691498765e-19
FR--R,324,0.4999999995710956,1.854121408897148e-16,3.9121390867050714e-18,4.669323691498765e-19
FR--R,325,0.4999999995710956,2.000543373917874e-17,4.2210849247505235e-19,4.669323691498765e-19
FR--R,326,0.4999999995710956,3.5841563935207305e-17,7.56245963865797e-19,4.669323691498765e-19
FR--R,327,0.4999999995710956,4.015941474532055e-17,8.47351286547189e-19,4.669323691498765e-19
FR--R,328,0.4999999995710956,9.513393490153172e-17,2.007296735879411e-18,4.669323691498765e-19
FR--R,329,0.4999999995710956,7.506550069976999e-17,1.5838589530409083e-18,4.669323691498765e-19
FR--R,330,0.4999999995710956,9.877449179613431e-17,2.0841113654738128e-18,4.669323691498765e-19
FR--R,331,0.4999999995710956,4.9908593997949744e-17,1.0530559671279014e-18,4.669323691498765e-19
FR--R,332,0.4999999995710956,2.7160613845832563e-16,5.730805897354198e-18,4.669323691498765e-19
FR--R,333,0.4999999995710956,1.3815760040285263e-16,2.915082831511398e-18,4.669323691498765e-19
FR--R,334,0.4999999995710956,4.03162351932738e-17,8.506601497159576e-19,4.669323691498765e-19
FR--R,335,0.4999999995710956,1.0342234626214823e-16,2.1821796636907308e-18,4.669323691498765e-19
FR--R,336,0.4999999995710956,1.2529227407616312e-16,2.6436284070905332e-18,4.669323691498765e-19
FR--R,337,0.4999999995710956,1.86419457400957e-16,3.933393154952188e-18,4.669323691498765e-19
FR--R,338,0.4999999995710956,1.3565196947457938e-16,2.862214790377104e-18,4.669323691498765e-19
FR--R,339,0.4999999995710956,3.9722344902210596e-18,8.381292474258805e-20,4.669323691498765e-19
FR--R,340,0.4999999995710956,1.293272669550456e-17,2.728765514511358e-19,4.669323691498765e-19
FR--R,341,0.4999999995710956,7.963774648722948e-18,1.6803319314192897e-19,4.669323691498765e-19
FR--R,342,0.4999999995710956,9.05484575809566e-17,1.9105445762261126e-18,4.669323691498765e-19
FR--R,343,0.4999999995710956,1.0738127169045828e-17,2.2657117713246895e-19,4.669323691498765e-19
FR--R,344,0.4999999995710956,4.3110472669425575e-18,9.096177001521592e-20,4.669323691498765e-19
FR--R,345,0.4999999995710956,1.2897783553569372e-17,2.721392619148576e-19,4.669323691498765e-19
FR--R,346,0.4999999995710956,5.522651630892273e-18,1.1652624905679876e-19,4.669323691498765e-19
FR--R,347,0.4999999995710956,6.2047398714755445e-18,1.3091810092670904e-19,4.669323691498765e-19
FR--R,348,0.4999999995710956,4.803849582999937e-18,1.0135974715638709e-19,4.669323691498765e-19
FR--R,349,0.4999999995710956,8.044914012353178e-18,1.6974520873273654e-19,4.669323691498765e-19
FR--R,350,0.4999999995710956,2.4437455284557637e-18,5.1562278251881517e-20,4.669323691498765e-19
FR--R,351,0.4999999995710956,5.157869260926333e-18,1.0882945336242455e-19,4.669323691498765e-19
FR--R,352,0.4999999995710956,2.8613165986171295e-18,6.037289926740189e-20,4.669323691498765e-19
FR--R,353,0.4999999995710956,2.7458856402990762e-17,5.793734158663229e-19,4.669323691498765e-19
FR--R,354,0.4999999995710956,2.391553525249132e-17,5.046104305348342e-19,4.669323691498765e-19
FR--R,355,0.4999999995710956,1.0263329967769988e-17,2.1655310236963972e-19,4.669323691498765e-19
FR--R,356,0.4999999995710956,3.545851614335001e-18,7.48163773393209e-20,4.669323691498765e-19
FR--R,357,0.4999999995710956,5.521214370322466e-18,1.164959233012903e-19,4.669323691498765e-19
FR--R,358,0.4999999995710956,1.8997957680831065e-17,4.008510578331328e-19,4.669323691498765e-19
FR--R,359,0.4999999995710956,1.09295192557583e-16,2.3060949123488403e-18,4.669323691498765e-19
FR--R,360,0.4999999995710956,1.0048932843897001e-16,2.120293890660996e-18,4.669323691498765e-19
FR--R,361,0.4999999995710956,3.5315304075066126e-18,7.45142042845615e-20,4.669323691498765e-19
FR--R,362,0.4999999995710956,8.275514828631237e-17,1.7461081495711043e-18,4.669323691498765e-19
FR--R,363,0.4999999995710956,1.715407728653695e-17,3.6194574922112637e-19,4.669323691498765e-19
FR--R,364,0.4999999995710956,2.764910200922057e-18,5.833875395835407e-20,4.669323691498765e-19
FR--R,365,0.4999999995710956,2.99006724314916e-17,6.308949822632242e-19,4.669323691498765e-19
FR--R,366,0.4999999995710956,1.8588742330592908e-17,3.92216739935371e-19,4.669323691498765e-19
FR--R,367,0.4999999995710956,6.565444646710674e-18,1.385288606277033e-19,4.669323691498765e-19
FR--R,368,0.4999999995710956,1.757185863182614e-17,3.707608069771028e-19,4.669323691498765e-19
FR--R,369,0.4999999995710956,8.390821088956979e-18,1.7704374154863523e-19,4.669323691498765e-19
FR--R,370,0.4999999995710956,1.2148145789279347e-17,2.563221358923842e-19,4.669323691498765e-19
FR--R,371,0.4999999995710956,1.2035689558196165e-17,2.5394934404038925e-19,4.669323691498765e-19
FR--R,372,0.4999999995710956,2.7326726069485738e-17,5.76585506510636e-19,4.669323691498765e-19
FR--R,373,0.4999999995710956,4.201261851747121e-17,8.864533155614176e-19,4.669323691498765e-19
FR--R,374,0.4999999995710956,2.4523009252955927e-17,5.174279449110274e-19,4.669323691498765e-19
FR--R,375,0.4999999995710956,3.357504054598104e-17,7.084230181871886e-19,4.669323691498765e-19
FR--R,376,0.4999999995710956,5.49374815611097e-17,1.159163946379299e-18,4.669323691498765e-19
FR--R,377,0.4999999995710956,3.4008927932489733e-16,7.175779084540488e-18,4.669323691498765e-19
FR--R,378,0.4999999995710956,6.753634261105876e-17,1.42499603550225e-18,4.669323691498765e-19
FR--R,379,0.4999999995710956,2.894420144850804e-17,6.1071373900766575e-19,4.669323691498765e-19
FR--R,380,0.4999999995710956,3.986268332793134e-18,8.410903450001508e-20,4.669323691498765e-19
FR--R,381,0.4999999995710956,4.375875678297866e-17,9.232962953495984e-19,4.669323691498765e-19
FR--R,382,0.4999999995710956,4.6384613303159135e-17,9.787010594571857e-19,4.669323691498765e-19
FR--R,383,0.4999999995710956,9.754914156037036e-17,2.0582568527691306e-18,4.669323691498765e-19
FR--R,384,0.4999999995710956,1.3490352364029256e-17,2.8464228137107183e-19,4.669323691498765e-19
FR--R,385,0.4999999995710956,1.315871398173976e-17,2.7764481361205333e-19,4.669323691498765e-19
FR--R,386,0.4999999995710956,1.282317852859311e-16,2.70565118857808e-18,4.669323691498765e-19
FR--R,387,0.4999999995710956,4.304570201559303e-17,9.082510592983629e-19,4.669323691498765e-19
FR--R,388,0.4999999995710956,4.141072595948825e-17,8.737535679031311e-19,4.669323691498765e-19
FR--R,389,0.4999999995710956,5.692317983202032e-17,1.2010615685239717e-18,4.669323691498765e-19
FR--R,390,0.4999999995710956,2.0277375035458596e-17,4.2784637009925e-19,4.669323691498765e-19
FR--R,391,0.4999999995710956,1.1940923395113078e-16,2.519498071766467e-18,4.669323691498765e-19
FR--R,392,0.4999999995710956,8.08279431831458e-17,1.70544471525652e-18,4.669323691498765e-19
FR--R,393,0.4999999995710956,2.171072219480429e-17,4.580895538518682e-19,4.669323691498765e-19
FR--R,394,0.4999999995710956,3.186497978853753e-18,6.723412627113457e-20,4.669323691498765e-19
FR--R,395,0.4999999995710956,3.061078253081229e-18,6.458780867249159e-20,4.669323691498765e-19
FR--R,396,0.4999999995710956,4.631694501130604e-18,9.772732793333021e-20,4.669323691498765e-19
FR--R,397,0.4999999995710956,1.5013096497168518e-17,3.167717137465296e-19,4.669323691498765e-19
FR--R,398,0.4999999995710956,8.649490253188956e-17,1.8250158127294522e-18,4.669323691498765e-19
FR--R,399,0.4999999995710956,7.863576498922732e-18,1.6591904303089543e-19,4.669323691498765e-19
FR--R,400,0.4999999995710956,1.397189137042905e-17,2.948026061462994e-19,4.669323691498765e-19
FR--R,401,0.4999999995710956,6.605815038925992e-17,1.3938066347391016e-18,4.669323691498765e-19
FR--R,402,0.4999999995710956,1.15306394363333e-16,2.4329294196766783e-18,4.669323691498765e-19
FR--R,403,0.4999999995710956,1.8611279479860743e-16,3.926922668460173e-18,4.669323691498765e-19
FR--R,404,0.4999999995710956,7.38642930781889e-18,1.558513842062277e-19,4.669323691498765e-19
FR--R,405,0.4999999995710956,1.1282704982474629e-17,2.3806160132715217e-19,4.669323691498765e-19
FR--R,406,0.4999999995710956,2.8759289893032267e-18,6.06812162119071e-20,4.669323691498765e-19
FR--R,407,0.4999999995710956,2.1461341897129927e-18,4.5282770635199854e-20,4.669323691498765e-19
FR--R,408,0.4999999995710956,1.4282341386214427e-16,3.0135300589571277e-18,4.669323691498765e-19
FR--R,409,0.4999999995710956,2.888731745825787e-16,6.095135043272529e-18,4.669323691498765e-19
FR--R,410,0.4999999995710956,2.5437687262636543e-16,5.36727369297425e-18,4.669323691498765e-19
FR--R,411,0.4999999995710956,2.3352976786087715e-18,4.927406200983997e-20,4.669323691498765e-19
FR--R,412,0.4999999995710956,7.940670069266488e-18,1.6754569362900732e-19,4.669323691498765e-19
FR--R,413,0.4999999995710956,9.035375861242729e-18,1.9064364879355093e-19,4.669323691498765e-19
FR--R,414,0.4999999995710956,1.3592445387491004e-16,2.867964127329559e-18,4.669323691498765e-19
FR--R,415,0.4999999995710956,3.886654723178257e-17,8.200721800691962e-19,4.669323691498765e-19
FR--R,416,0.4999999995710956,3.323985383593688e-17,7.013506818050322e-19,4.669323691498765e-19
FR--R,417,0.4999999995710956,2.94168133533122e-17,6.20685704687768e-19,4.669323691498765e-19
FR--R,418,0.4999999995710956,4.077382510395074e-17,8.603151559450585e-19,4.669323691498765e-19
FR--R,419,0.4999999995710956,7.585041161258844e-17,1.6004203316371724e-18,4.669323691498765e-19
FR--R,420,0.4999999995710956,5.093574373775784e-17,1.0747285103913565e-18,4.669323691498765e-19
FR--R,421,0.4999999995710956,4.8474448658386386e-17,1.02279594201844e-18,4.669323691498765e-19
FR--R,422,0.4999999995710956,6.689092592303709e-18,1.4113779421006794e-19,4.669323691498765e-19
FR--R,423,0.4999999995710956,2.2661484022133527e-17,4.781503356808976e-19,4.669323691498765e-19
FR--R,424,0.4999999995710956,2.2925311073533806e-17,4.837170052364102e-19,4.669323691498765e-19
FR--R,425,0.4999999995710956,2.3688571096244952e-17,4.998215567174471e-19,4.669323691498765e-19
FR--R,426,0.4999999995710956,7.555573102635376e-18,1.5942026619960695e-19,4.669323691498765e-19
FR--R,427,0.4999999995710956,5.490436783657359e-17,1.1584652569868868e-18,4.669323691498765e-19
FR--R,428,0.4999999995710956,7.069936585581573e-18,1.4917348521115181e-19,4.669323691498765e-19
FR--R,429,0.4999999995710956,8.791213667329457e-17,1.8549190167645176e-18,4.669323691498765e-19
FR--R,430,0.4999999995710956,4.9978728880694236e-17,1.054535791560161e-18,4.669323691498765e-19
FR--R,431,0.4999999995710956,1.861057788978171e-17,3.926774635113605e-19,4.669323691498765e-19
FR--R,432,0.4999999995710956,1.2163195681910458e-16,2.5663968399322784e-18,4.669323691498765e-19
FR--R,433,0.4999999995710956,3.245378940501199e-17,6.84764964331876e-19,4.669323691498765e-19
FR--R,434,0.4999999995710956,1.2978843735961509e-17,2.7384960680592026e-19,4.669323691498765e-19
FR--R,435,0.4999999995710956,5.675845823624116e-17,1.1975859935687406e-18,4.669323691498765e-19
FR--R,436,0.4999999995710956,1.119646439540094e-17,2.3624195149229024e-19,4.669323691498765e-19
FR--R,437,0.4999999995710956,1.3754670384988404e-17,2.9021931023311316e-19,4.669323691498765e-19
FR--R,438,0.4999999995710956,1.0745905631406216e-16,2.2673530029338232e-18,4.669323691498765e-19
FR--R,439,0.4999999995710956,4.2870747173373834e-18,9.045595659939348e-20,4.669323691498765e-19
FR--R,440,0.4999999995710956,6.6714147567014026e-18,1.4076479732164268e-19,4.669323691498765e-19
FR--R,441,0.4999999995710956,9.638624406945086e-17,2.0337200737522512e-18,4.669323691498765e-19
FR--R,442,0.4999999995710956,4.346923013376639e-17,9.17187372192836e-19,4.669323691498765e-19
FR--R,443,0.4999999995710956,1.0976493912373993e-16,2.3160064202656873e-18,4.669323691498765e-19
FR--R,444,0.4999999995710956,1.9042907811438456e-16,4.017994917493685e-18,4.669323691498765e-19
FR--R,445,0.4999999995710956,3.2390357472116976e-17,6.834265700776861e-19,4.669323691498765e-19
FR--R,446,0.4999999995710956,3.635729902312688e-17,7.671278154325483e-19,4.669323691498765e-19
FR--R,447,0.4999999995710956,5.743019123611249e-18,1.2117593530478774e-19,4.669323691498765e-19
FR--R,448,0.4999999995710956,2.0080220667916777e-18,4.2368647364546956e-20,4.669323691498765e-19
FR--R,449,0.4999999995710956,8.108998064494182e-17,1.7109736250223746e-18,4.669323691498765e-19
FR--R,450,0.4999999995710956,7.030612574155219e-18,1.4834376067742462e-19,4.669323691498765e-19
FR--R,451,0.4999999995710956,5.517745575918071e-17,1.1642273280735577e-18,4.669323691498765e-19
FR--R,452,0.4999999995710956,1.682378355534902e-16,3.5497665318634975e-18,4.669323691498765e-19
FR--R,453,0.4999999995710956,8.152857362977526e-17,1.7202278019650924e-18,4.669323691498765e-19
FR--R,454,0.4999999995710956,1.9725181556851494e-16,4.161952577140722e-18,4.669323691498765e-19
FR--R,455,0.4999999995710956,5.5052171846781335e-17,1.161583876095273e-18,4.669323691498765e-19
FR--R,456,0.4999999995710956,4.46913938444364e-17,9.42974650199127e-19,4.669323691498765e-19
FR--R,457,0.4999999995710956,8.068443413273771e-18,1.7024167184775422e-19,4.669323691498765e-19
FR--R,458,0.4999999995710956,6.260848506018212e-18,1.3210197584041591e-19,4.669323691498765e-19
FR--R,459,0.4999999995710956,1.6066141477846686e-17,3.389906386195241e-19,4.669323691498765e-19
FR--R,460,0.4999999995710956,1.3560139154187423e-17,2.8611476115693353e-19,4.669323691498765e-19
FR--R,461,0.4999999995710956,8.140173895835156e-17,1.7175516294488536e-18,4.669323691498765e-19
FR--R,462,0.4999999995710956,1.940369207450973e-17,4.094119286192321e-19,4.669323691498765e-19
FR--R,463,0.4999999995710956,1.2561414377288123e-16,2.650419758591651e-18,4.669323691498765e-19
FR--R,464,0.4999999995710956,3.494690497487564e-16,7.373689352570486e-18,4.669323691498765e-19
FR--R,465,0.4999999995710956,2.226148746086159e-16,4.6971053139197386e-18,4.669323691498765e-19
FR--R,466,0.4999999995710956,1.4965613924802628e-18,3.157698460888966e-20,4.669323691498765e-19
FR--R,467,0.4999999995710956,1.0235930780916333e-16,2.1597498796289286e-18,4.669323691498765e-19
FR--R,468,0.4999999995710956,2.4251085106941293e-18,5.116904291521457e-20,4.669323691498765e-19
FR--R,469,0.4999999995710956,3.5936208016731346e-17,7.582429248462311e-19,4.669323691498765e-19
FR--R,470,0.4999999995710956,2.540001126803472e-17,5.359324174112917e-19,4.669323691498765e-19
FR--R,471,0.4999999995710956,1.3342565112107414e-16,2.8152401585735843e-18,4.669323691498765e-19
FR--R,472,0.4999999995710956,1.440503103407102e-16,3.0394171969088624e-18,4.669323691498765e-19
FR--R,473,0.4999999995710956,8.587536063246505e-17,1.8119436694007595e-18,4.669323691498765e-19
FR--R,474,0.4999999995710956,1.3919544445946817e-17,2.9369810215668444e-19,4.669323691498765e-19
FR--R,475,0.4999999995710956,4.6438144522278806e-17,9.798305516990212e-19,4.669323691498765e-19
FR--R,476,0.4999999995710956,2.3300552698740587e-17,4.91634487996093e-19,4.669323691498765e-19
FR--R,477,0.4999999995710956,6.504979726854208e-17,1.3725306943512078e-18,4.669323691498765e-19
FR--R,478,0.4999999995710956,3.699775211280776e-17,7.806411784373578e-19,4.669323691498765e-19
FR--R,479,0.4999999995710956,4.2926091916112376e-17,9.057273230257674e-19,4.669323691498765e-19
FR--R,480,0.4999999995710956,9.563195371186191e-17,2.0178047794436456e-18,4.669323691498765e-19
FR--R,481,0.4999999995710956,1.9586723617887877e-17,4.132738378313992e-19,4.669323691498765e-19
FR--R,482,0.4999999995710956,2.616451323902382e-17,5.520631736186132e-19,4.669323691498765e-19
FR--R,483,0.4999999995710956,4.33279667010068e-18,9.142067572548443e-20,4.669323691498765e-19
FR--R,484,0.4999999995710956,3.2466175044472242e-18,6.850262975111046e-20,4.669323691498765e-19
FR--R,485,0.4999999995710956,2.4644968611009448e-17,5.200012498162032e-19,4.669323691498765e-19
FR--R,486,0.4999999995710956,3.4578396161889556e-16,7.295935127622744e-18,4.669323691498765e-19
FR--R,487,0.4999999995710956,2.589636002847606e-17,5.464052234370588e-19,4.669323691498765e-19
FR--R,488,0.4999999995710956,3.171654184855776e-17,6.692092678799486e-19,4.669323691498765e-19
FR--R,489,0.4999999995710956,2.8552246956891385e-17,6.024436199124162e-19,4.669323691498765e-19
FR--R,490,0.4999999995710956,7.992994783020307e-17,1.6864972897909114e-18,4.669323691498765e-19
FR--R,491,0.4999999995710956,1.9836991779647025e-17,4.1855441899009557e-19,4.669323691498765e-19
FR--R,492,0.4999999995710956,1.440256360824419e-17,3.0388965776562956e-19,4.669323691498765e-19
FR--R,493,0.4999999995710956,5.735678589185813e-17,1.2102105228846933e-18,4.669323691498765e-19
FR--R,494,0.4999999995710956,5.9774364736369574e-18,1.261220692161743e-19,4.669323691498765e-19
FR--R,495,0.4999999995710956,9.476523911466756e-18,1.9995173682933763e-19,4.669323691498765e-19
FR--R,496,0.4999999995710956,1.68456050892725e-17,3.5543708083355915e-19,4.669323691498765e-19
FR--R,497,0.4999999995710956,4.32600279985406e-18,9.1277327155028e-20,4.669323691498765e-19
FR--R,498,0.4999999995710956,3.425027649721704e-18,7.226702888616053e-20,4.669323691498765e-19
FR--R,499,0.4999999995710956,7.239750617544989e-17,1.5275650900197367e-18,4.669323691498765e-19
FR--R,500,0.4999999995710956,3.842298169623613e-17,8.1071308383742e-19,4.669323691498765e-19
FR--KL,0,0.9999999991421912,47.394056494518665,1.0,2.5060088044985726e-19
FR--KL,1,0.9999999991421912,44.345080072386814,0.9356675362345387,2.5060088044985726e-19
FR--KL,2,0.9999999991421912,41.39370362299367,0.873394401844059,2.5060088044985726e-19
FR--KL,3,0.9999999991421912,38.531311885437376,0.8129988174760625,2.5060088044985726e-19
FR--KL,4,0.9999999991421912,35.76648787172379,0.7546618820412713,2.5060088044985726e-19
FR--KL,5,0.9999999991421912,33.09973301695491,0.6983941756659517,2.5060088044985726e-19
FR--KL,6,0.9999999991421912,30.53389035419602,0.6442556854724474,2.5060088044985726e-19
FR--KL,7,0.9999999991421912,28.07236725818069,0.5923183060185486,2.5060088044985726e-19
FR--KL,8,0.9999999991421912,25.713971785942483,0.5425568876746479,2.5060088044985726e-19
FR--KL,9,0.9999999991421912,23.458349362912607,0.49496394902651286,2.5060088044985726e-19
FR--KL,10,0.9999999991421912,21.308044745129603,0.44959318364305817,2.5060088044985726e-19
FR--KL,11,0.9999999991421912,19.26237749022774,0.40643023439986653,2.5060088044985726e-19
FR--KL,12,0.9999999991421912,17.319539468503393,0.36543695031689205,2.5060088044985726e-19
FR--KL,13,0.9999999991421912,15.481505380356754,0.3266549969645932,2.5060088044985726e-19
FR--KL,14,0.9999999991421912,13.748916327544666,0.2900979013926523,2.5060088044985726e-19
FR--KL,15,0.9999999991421912,12.119434402591384,0.2557163344731433,2.5060088044985726e-19
FR--KL,16,0.9999999991421912,10.593912442757151,0.2235282908096796,2.5060088044985726e-19
FR--KL,17,0.9999999991421912,9.174157824419153,0.19357190548735126,2.5060088044985726e-19
FR--KL,18,0.9999999991421912,7.858178096376255,0.16580513839926508,2.5060088044985726e-19
FR--KL,19,0.9999999991421912,6.64541386597798,0.1402161865327259,2.5060088044985726e-19
FR--KL,20,0.9999999991421912,5.538187977844623,0.11685406119404738,2.5060088044985726e-19
FR--KL,21,0.9999999991421912,4.535551041586618,0.09569873053831496,2.5060088044985726e-19
FR--KL,22,0.9999999991421912,3.635687561583792,0.0767118881669113,2.5060088044985726e-19
FR--KL,23,0.9999999991421912,2.840509073430425,0.059933866892337914,2.5060088044985726e-19
FR--KL,24,0.9999999991421912,2.150263184791852,0.04536989116009809,2.5060088044985726e-19
FR--KL,25,0.9999999991421912,1.56215660302962,0.032961023355540166,2.5060088044985726e-19
FR--KL,26,0.9999999991421912,1.0762614890846405,0.022708786052299933,2.5060088044985726e-19
FR--KL,27,0.9999999991421912,0.6924769425107494,0.014611050282029298,2.5060088044985726e-19
FR--KL,28,0.9999999991421912,0.4052305440209702,0.008550239713450924,2.5060088044985726e-19
FR--KL,29,0.9999999991421912,0.2075179801321758,0.004378565488610923,2.5060088044985726e-19
FR--KL,30,0.9999999991421912,0.0899389022399822,0.0018976831462059814,2.5060088044985726e-19
FR--KL,31,0.9999999991421912,0.0328117713798539,0.0006923182737828894,2.5060088044985726e-19
FR--KL,32,0.9999999991421912,0.0103599322735021,0.00021859138127795143,2.5060088044985726e-19
FR--KL,33,0.9999999991421912,0.0029571789947823,6.239556631166e-05,2.5060088044985726e-19
FR--KL,34,0.9999999991421912,0.0007938380255824,1.6749737927037558e-05,2.5060088044985726e-19
FR--KL,35,0.9999999991421912,0.0002059329711367,4.345122286810733e-06,2.5060088044985726e-19
FR--KL,36,0.9999999991421912,5.2462736293450174e-05,1.106947583174648e-06,2.5060088044985726e-19
FR--KL,37,0.9999999991421912,1.3241153449944052e-05,2.793842610090877e-07,2.5060088044985726e-19
FR--KL,38,0.9999999991421912,3.3261426579469594e-06,7.018058600515959e-08,2.5060088044985726e-19
FR--KL,39,0.9999999991421912,8.335305039061657e-07,1.7587236998853796e-08,2.5060088044985726e-19
FR--KL,40,0.9999999991421912,2.086356331079507e-07,4.402147622288469e-09,2.5060088044985726e-19
FR--KL,41,0.9999999991421912,5.219113674583112e-08,1.1012169163419734e-09,2.5060088044985726e-19
FR--KL,42,0.9999999991421912,1.3052015250453148e-08,2.753935032331042e-10,2.5060088044985726e-19
FR--KL,43,0.9999999991421912,3.262353943553205e-09,6.883466377119482e-11,2.5060088044985726e-19
FR--KL,44,0.9999999991421912,8.154570462386211e-10,1.7205892606659074e-11,2.5060088044985726e-19
FR--KL,45,0.9999999991421912,2.0387960940525876e-10,4.301796986481593e-12,2.5060088044985726e-19
FR--KL,46,0.9999999991421912,5.092357410075509e-11,1.0744717347974767e-12,2.5060088044985726e-19
FR--KL,47,0.9999999991421912,1.2679187844966208e-11,2.675269597662022e-13,2.5060088044985726e-19
FR--KL,48,0.9999999991421912,3.147119630659044e-12,6.64032552483247e-14,2.5060088044985726e-19
FR--KL,49,0.9999999991421912,7.917650179001512e-13,1.670599810319512e-14,2.5060088044985726e-19
FR--KL,50,0.9999999991421912,1.9349869048553841e-13,4.082762793429961e-15,2.5060088044985726e-19
FR--KL,51,0.9999999991421912,4.6872293598664014e-14,9.88990963541705e-16,2.5060088044985726e-19
FR--KL,52,0.9999999991421912,1.1388754313246771e-14,2.4029920955518823e-16,2.5060088044985726e-19
FR--KL,53,0.9999999991421912,2.908602373379121e-15,6.137061455618415e-17,2.5060088044985726e-19
FR--KL,54,0.9999999991421912,1.268306806572681e-15,2.676088312295797e-17,2.5060088044985726e-19
FR--KL,55,0.9999999991421912,1.387794064200391e-16,2.928202747027775e-18,2.5060088044985726e-19
FR--KL,56,0.9999999991421912,5.2101917099904976e-17,1.0993344092825394e-18,2.5060088044985726e-19
FR--KL,57,0.9999999991421912,1.1876992285616653e-17,2.5060088044985726e-19,2.5060088044985726e-19
FR--KL,58,0.9999999991421912,4.60151888556752e-17,9.709063173564192e-19,2.5060088044985726e-19
FR--KL,59,0.9999999991421912,5.0418287127267606e-17,1.0638103352283996e-18,2.5060088044985726e-19
FR--KL,60,0.9999999991421912,2.7540126643365717e-17,5.810881929161488e-19,2.5060088044985726e-19
FR--KL,61,0.9999999991421912,4.1737036228760806e-17,8.806386141179513e-19,2.5060088044985726e-19
FR--KL,62,0.9999999991421912,1.9649068961200748e-17,4.145893053799531e-19,2.5060088044985726e-19
FR--KL,63,0.9999999991421912,6.7355672310073024e-18,1.421183947777566e-19,2.5060088044985726e-19
FR--KL,64,0.9999999991421912,2.3826656606912078e-17,5.027351184777302e-19,2.5060088044985726e-19
FR--KL,65,0.9999999991421912,5.4746898567527314e-17,1.155142703892819e-18,2.5060088044985726e-19
FR--KL,66,0.9999999991421912,5.528348892361877e-17,1.1664645951969221e-18,2.5060088044985726e-19
FR--KL,67,0.9999999991421912,2.0166427242791845e-17,4.255054058334125e-19,2.5060088044985726e-19
FR--KL,68,0.9999999991421912,4.1990682999836456e-17,8.859904828929946e-19,2.5060088044985726e-19
FR--KL,69,0.9999999991421912,3.0482144562941144e-17,6.431638652088483e-19,2.5060088044985726e-19
FR--KL,70,0.9999999991421912,5.730643494442474e-17,1.2091481333962726e-18,2.5060088044985726e-19
FR--KL,71,0.9999999991421912,2.0711634125359934e-17,4.370091031932523e-19,2.5060088044985726e-19
FR--KL,72,0.9999999991421912,5.895035921504695e-17,1.2438344293627793e-18,2.5060088044985726e-19
FR--KL,73,0.9999999991421912,1.3650346862724309e-17,2.880181160332421e-19,2.5060088044985726e-19
FR--KL,74,0.9999999991421912,2.3048577488285527e-17,4.863178886354917e-19,2.5060088044985726e-19
FR--KL,75,0.9999999991421912,1.9064272368276383e-18,4.022502773207702e-20,2.5060088044985726e-19
FR--KL,76,0.9999999991421912,5.646029890659942e-17,1.1912949235128102e-18,2.5060088044985726e-19
FR--KL,77,0.9999999991421912,2.356782659322461e-17,4.972738848794328e-19,2.5060088044985726e-19
FR--KL,78,0.9999999991421912,3.67403546974338e-17,7.752101722223965e-19,2.5060088044985726e-19
FR--KL,79,0.9999999991421912,1.0507118153801976e-16,2.216969580355961e-18,2.5060088044985726e-19
FR--KL,80,0.9999999991421912,2.6846366914959745e-17,5.664500762466839e-19,2.5060088044985726e-19
FR--KL,81,0.9999999991421912,6.663656918197457e-18,1.406011093177504e-19,2.5060088044985726e-19
FR--KL,82,0.9999999991421912,1.814046640373918e-17,3.8275825589728123e-19,2.5060088044985726e-19
FR--KL,83,0.9999999991421912,4.0381702135070737e-17,8.520414820314244e-19,2.5060088044985726e-19
FR--KL,84,0.9999999991421912,5.3748251523027766e-17,1.1340715587247526e-18,2.5060088044985726e-19
FR--KL,85,0.9999999991421912,3.16069607261578e-17,6.668971399359598e-19,2.5060088044985726e-19
FR--KL,86,0.9999999991421912,5.412457849212329e-17,1.1420119419063242e-18,2.5060088044985726e-19
FR--KL,87,0.9999999991421912,4.132102041703394e-17,8.718608085765542e-19,2.5060088044985726e-19
FR--KL,88,0.9999999991421912,1.208501427172207e-16,2.5499008030932646e-18,2.5060088044985726e-19
FR--KL,89,0.9999999991421912,9.349463874377195e-17,1.972708091669364e-18,2.5060088044985726e-19
FR--KL,90,0.9999999991421912,2.6291509497383197e-17,5.547427555694442e-19,2.5060088044985726e-19
FR--KL,91,0.9999999991421912,4.7550804015954804e-17,1.0033073244417106e-18,2.5060088044985726e-19
FR--KL,92,0.9999999991421912,6.715935147646541e-17,1.4170416386331625e-18,2.5060088044985726e-19
FR--KL,93,0.9999999991421912,2.8566723714998623e-17,6.027490750512671e-19,2.5060088044985726e-19
FR--KL,94,0.9999999991421912,2.826607760800717e-17,5.964055347589052e-19,2.5060088044985726e-19
FR--KL,95,0.9999999991421912,4.241853977975228e-17,8.950181292174931e-19,2.5060088044985726e-19
FR--KL,96,0.9999999991421912,8.138469800518345e-17,1.7171920705837018e-18,2.5060088044985726e-19
FR--KL,97,0.9999999991421912,2.0876880001308946e-17,4.40495740298648e-19,2.5060088044985726e-19
FR--KL,98,0.9999999991421912,3.539846496395539e-17,7.46896711996986e-19,2.5060088044985726e-19
FR--KL,99,0.9999999991421912,5.763024710227178e-17,1.2159804702291515e-18,2.5060088044985726e-19
FR--KL,100,0.9999999991421912,3.043807280341534e-17,6.422339646519947e-19,2.5060088044985726e-19
FR--KL,101,0.9999999991421912,4.0674611419314484e-17,8.582217777458801e-19,2.5060088044985726e-19
FR--KL,102,0.9999999991421912,6.328548576155953e-17,1.3353042647632152e-18,2.5060088044985726e-19
FR--KL,103,0.9999999991421912,1.9069846149542866e-17,4.023678823893958e-19,2.5060088044985726e-19
FR--KL,104,0.9999999991421912,1.023942884121213e-16,2.160487959581254e-18,2.5060088044985726e-19
FR--KL,105,0.9999999991421912,8.504055752108291e-17,1.7943295807759825e-18,2.5060088044985726e-19
FR--KL,106,0.9999999991421912,8.568157766750944e-18,1.8078549085035356e-19,2.5060088044985726e-19
FR--KL,107,0.9999999991421912,2.7249119582942607e-17,5.749480335386377e-19,2.5060088044985726e-19
FR--KL,108,0.9999999991421912,5.834768838890728e-17,1.2311182604860051e-18,2.5060088044985726e-19
FR--KL,109,0.9999999991421912,1.80939246435496e-17,3.8177623908690416e-19,2.5060088044985726e-19
FR--KL,110,0.9999999991421912,6.429889993072627e-18,1.3566869917151473e-19,2.5060088044985726e-19
FR--KL,111,0.9999999991421912,6.185441774290408e-18,1.3051091701774424e-19,2.5060088044985726e-19
FR--KL,112,0.9999999991421912,1.2205723486573268e-16,2.575370075778366e-18,2.5060088044985726e-19
FR--KL,113,0.9999999991421912,7.112768842368911e-17,1.5007723264185109e-18,2.5060088044985726e-19
FR--KL,114,0.9999999991421912,5.128208286270359e-17,1.082036159294248e-18,2.5060088044985726e-19
FR--KL,115,0.9999999991421912,1.4779244039567166e-16,3.118374988913737e-18,2.5060088044985726e-19
FR--KL,116,0.9999999991421912,1.6319902425350423e-16,3.443449164820465e-18,2.5060088044985726e-19
FR--KL,117,0.9999999991421912,2.0705432074922228e-17,4.3687824183855e-19,2.5060088044985726e-19
FR--KL,118,0.9999999991421912,3.88553843498485e-17,8.198366466972983e-19,2.5060088044985726e-19
FR--KL,119,0.9999999991421912,4.027407220399081e-17,8.49770523623541e-19,2.5060088044985726e-19
FR--KL,120,0.9999999991421912,1.8869531845268258e-17,3.9814131224345826e-19,2.5060088044985726e-19
FR--KL,121,0.9999999991421912,8.515430598493724e-17,1.7967296383415864e-18,2.5060088044985726e-19
FR--KL,122,0.9999999991421912,6.539503241942765e-17,1.3798150497413295e-18,2.5060088044985726e-19
FR--KL,123,0.9999999991421912,3.495557618948164e-17,7.375518952154773e-19,2.5060088044985726e-19
FR--KL,124,0.9999999991421912,1.2310114983424036e-17,2.597396360205579e-19,2.5060088044985726e-19
FR--KL,125,0.9999999991421912,1.1244347827256587e-16,2.372522771617375e-18,2.5060088044985726e-19
FR--KL,126,0.9999999991421912,1.4030098462120334e-17,2.9603075785975353e-19,2.5060088044985726e-19
FR--KL,127,0.9999999991421912,2.1971793230552165e-18,4.635980723256576e-20,2.5060088044985726e-19
FR--KL,128,0.9999999991421912,1.9224371899231878e-17,4.056283281312977e-19,2.5060088044985726e-19
FR--KL,129,0.9999999991421912,1.1058048703859114e-17,2.333214230172095e-19,2.5060088044985726e-19
FR--KL,130,0.9999999991421912,7.682948057244264e-18,1.621078385247068e-19,2.5060088044985726e-19
FR--KL,131,0.9999999991421912,6.417843657859082e-18,1.3541452520742415e-19,2.5060088044985726e-19
FR--KL,132,0.9999999991421912,4.93462917560294e-17,1.0411915629491753e-18,2.5060088044985726e-19
FR--KL,133,0.9999999991421912,3.748311836934661e-17,7.908822570121572e-19,2.5060088044985726e-19
FR--KL,134,0.9999999991421912,1.6086974714231568e-17,3.3943021349295344e-19,2.5060088044985726e-19
FR--KL,135,0.9999999991421912,5.562607780477721e-17,1.1736931151105543e-18,2.5060088044985726e-19
FR--KL,136,0.9999999991421912,6.684875354786181e-17,1.4104881179688251e-18,2.5060088044985726e-19
FR--KL,137,0.9999999991421912,5.556513555451195e-17,1.1724072523933101e-18,2.5060088044985726e-19
FR--KL,138,0.9999999991421912,2.636033461909441e-17,5.561949444471608e-19,2.5060088044985726e-19
FR--KL,139,0.9999999991421912,7.9692189571142e-17,1.6814806637275027e-18,2.5060088044985726e-19
FR--KL,140,0.9999999991421912,2.4264483036696493e-17,5.119731213449262e-19,2.5060088044985726e-19
FR--KL,141,0.9999999991421912,8.777461362281314e-18,1.8520173227409786e-19,2.5060088044985726e-19
FR--KL,142,0.9999999991421912,1.5113821582879842e-17,3.1889698204305056e-19,2.5060088044985726e-19
FR--KL,143,0.9999999991421912,3.787597103426101e-17,7.991713272874529e-19,2.5060088044985726e-19
FR--KL,144,0.9999999991421912,8.799631187640873e-18,1.8566950876337393e-19,2.5060088044985726e-19
FR--KL,145,0.9999999991421912,9.745163955948009e-18,2.0561995905699866e-19,2.5060088044985726e-19
FR--KL,146,0.9999999991421912,2.3188723887141813e-17,4.892749345020445e-19,2.5060088044985726e-19
FR--KL,147,0.9999999991421912,9.096365079460808e-17,1.9193050252013863e-18,2.5060088044985726e-19
FR--KL,148,0.9999999991421912,8.698733876057246e-17,1.8354060655397358e-18,2.5060088044985726e-19
FR--KL,149,0.9999999991421912,5.746603205549902e-17,1.2125155833019952e-18,2.5060088044985726e-19
FR--KL,150,0.9999999991421912,1.3407210826846515e-16,2.8288802053475034e-18,2.5060088044985726e-19
FR--KL,151,0.9999999991421912,1.0436817200863716e-16,2.202136295733787e-18,2.5060088044985726e-19
FR--KL,152,0.9999999991421912,1.0922781073462279e-17,2.304673176630396e-19,2.5060088044985726e-19
FR--KL,153,0.9999999991421912,3.3575603068354214e-17,7.08434887236069e-19,2.5060088044985726e-19
FR--KL,154,0.9999999991421912,4.581115643747934e-17,9.666012961515038e-19,2.5060088044985726e-19
FR--KL,155,0.9999999991421912,6.121709292862595e-17,1.2916618128204743e-18,2.5060088044985726e-19
FR--KL,156,0.9999999991421912,3.0576717477700475e-17,6.451593245924583e-19,2.5060088044985726e-19
FR--KL,157,0.9999999991421912,2.4224225145022866e-17,5.111236922255116e-19,2.5060088044985726e-19
FR--KL,158,0.9999999991421912,1.0214468998574809e-17,2.1552215096329977e-19,2.5060088044985726e-19
FR--KL,159,0.9999999991421912,2.3279605094828898e-17,4.911925000030602e-19,2.5060088044985726e-19
FR--KL,160,0.9999999991421912,1.375496839219759e-16,2.9022559809347433e-18,2.5060088044985726e-19
FR--KL,161,0.9999999991421912,3.5153680222263845e-17,7.417318293134399e-19,2.5060088044985726e-19
FR--KL,162,0.9999999991421912,4.029325717568224e-17,8.501753206194185e-19,2.5060088044985726e-19
FR--KL,163,0.9999999991421912,5.2573599582119204e-17,1.1092867644321514e-18,2.5060088044985726e-19
FR--KL,164,0.9999999991421912,1.4704344912379512e-16,3.102571503682141e-18,2.5060088044985726e-19
FR--KL,165,0.9999999991421912,8.244503631586781e-17,1.7395648824743022e-18,2.5060088044985726e-19
FR--KL,166,0.9999999991421912,2.300740734364267e-17,4.854492112592974e-19,2.5060088044985726e-19
FR--KL,167,0.9999999991421912,1.9689547016329476e-17,4.154433798804848e-19,2.5060088044985726e-19
FR--KL,168,0.9999999991421912,3.815367661171952e-17,8.050308294697704e-19,2.5060088044985726e-19
FR--KL,169,0.9999999991421912,3.7076966217601237e-17,7.823125716594728e-19,2.5060088044985726e-19
FR--KL,170,0.9999999991421912,8.256056817274196e-18,1.7420025690835402e-19,2.5060088044985726e-19
FR--KL,171,0.9999999991421912,3.4066255934524134e-17,7.187875116464034e-19,2.5060088044985726e-19
FR--KL,172,0.9999999991421912,8.869915740457524e-17,1.871524911880748e-18,2.5060088044985726e-19
FR--KL,173,0.9999999991421912,1.3546615209191132e-17,2.858294100813645e-19,2.5060088044985726e-19
FR--KL,174,0.9999999991421912,1.2795286553569682e-16,2.6997660677240224e-18,2.5060088044985726e-19
FR--KL,175,0.9999999991421912,5.073393942791888e-17,1.0704705015867652e-18,2.5060088044985726e-19
FR--KL,176,0.9999999991421912,8.115814292603759e-18,1.7124118281671858e-19,2.5060088044985726e-19
FR--KL,177,0.9999999991421912,6.415230322148275e-17,1.3535938462853935e-18,2.5060088044985726e-19
FR--KL,178,0.9999999991421912,6.8251851399007684e-18,1.440093050631809e-19,2.5060088044985726e-19
FR--KL,179,0.9999999991421912,6.892018060745634e-18,1.454194591159912e-19,2.5060088044985726e-19
FR--KL,180,0.9999999991421912,1.1402177048131786e-16,2.405824251285707e-18,2.5060088044985726e-19
FR--KL,181,0.9999999991421912,1.0193199956544501e-16,2.15073380724931e-18,2.5060088044985726e-19
FR--KL,182,0.9999999991421912,4.027706704744043e-17,8.498337138982533e-19,2.5060088044985726e-19
FR--KL,183,0.9999999991421912,1.20824584334245e-16,2.5493615290815822e-18,2.5060088044985726e-19
FR--KL,184,0.9999999991421912,8.234704150450762e-17,1.737497222125973e-18,2.5060088044985726e-19
FR--KL,185,0.9999999991421912,9.90334316065623e-18,2.08957491574953e-19,2.5060088044985726e-19
FR--KL,186,0.9999999991421912,1.2278043300762678e-17,2.590629333908713e-19,2.5060088044985726e-19
FR--KL,187,0.9999999991421912,2.174929159163272e-17,4.589033562499155e-19,2.5060088044985726e-19
FR--KL,188,0.9999999991421912,9.519288436854302e-18,2.0085405514835496e-19,2.5060088044985726e-19
FR--KL,189,0.9999999991421912,6.825950122857289e-18,1.4402544596803484e-19,2.5060088044985726e-19
FR--KL,190,0.9999999991421912,3.7392576047470736e-17,7.889718418974192e-19,2.5060088044985726e-19
FR--KL,191,0.9999999991421912,2.1919300394009967e-16,4.6249048963650185e-18,2.5060088044985726e-19
FR--KL,192,0.9999999991421912,1.4959148514234666e-16,3.156334279165312e-18,2.5060088044985726e-19
FR--KL,193,0.9999999991421912,1.148778452288521e-16,2.4238871648840237e-18,2.5060088044985726e-19
FR--KL,194,0.9999999991421912,2.0346839282097015e-16,4.293120443161521e-18,2.5060088044985726e-19
FR--KL,195,0.9999999991421912,9.515439100406607e-17,2.007728353344709e-18,2.5060088044985726e-19
FR--KL,196,0.9999999991421912,7.361240647806224e-17,1.553199112352323e-18,2.5060088044985726e-19
FR--KL,197,0.9999999991421912,2.5223669581384032e-17,5.322116621163513e-19,2.5060088044985726e-19
FR--KL,198,0.9999999991421912,1.3511275632162624e-17,2.850837558866746e-19,2.5060088044985726e-19
FR--KL,199,0.9999999991421912,3.386468994508036e-17,7.145345313287746e-19,2.5060088044985726e-19
FR--KL,200,0.9999999991421912,2.2639063017182416e-17,4.776772593795748e-19,2.5060088044985726e-19
FR--KL,201,0.9999999991421912,1.8107395476068374e-17,3.8206046950555023e-19,2.5060088044985726e-19
FR--KL,202,0.9999999991421912,2.3153893328293772e-17,4.8854002043424205e-19,2.5060088044985726e-19
FR--KL,203,0.9999999991421912,1.2215446753428804e-17,2.5774216551481673e-19,2.5060088044985726e-19
FR--KL,204,0.9999999991421912,5.4461753363611565e-17,1.1491262278828214e-18,2.5060088044985726e-19
FR--KL,205,0.9999999991421912,1.758522770700265e-17,3.7104289034715694e-19,2.5060088044985726e-19
FR--KL,206,0.9999999991421912,1.6101037590883534e-16,3.3972693586052696e-18,2.5060088044985726e-19
FR--KL,207,0.9999999991421912,1.7021623907776453e-17,3.5915102371001056e-19,2.5060088044985726e-19
FR--KL,208,0.9999999991421912,2.4513483556384785e-17,5.172269556462186e-19,2.5060088044985726e-19
FR--KL,209,0.9999999991421912,4.737153760298652e-18,9.995248583219554e-20,2.5060088044985726e-19
FR--KL,210,0.9999999991421912,1.3659645902972369e-17,2.8821432291941854e-19,2.5060088044985726e-19
FR--KL,211,0.9999999991421912,5.740283853131374e-17,1.2111822193981778e-18,2.5060088044985726e-19
FR--KL,212,0.9999999991421912,7.953005043055942e-18,1.6780595777818138e-19,2.5060088044985726e-19
FR--KL,213,0.9999999991421912,8.10959267264998e-17,1.7110990855125242e-18,2.5060088044985726e-19
FR--KL,214,0.9999999991421912,7.921075746839531e-17,1.6713225945864412e-18,2.5060088044985726e-19
FR--KL,215,0.9999999991421912,5.883184470432219e-17,1.2413338096756151e-18,2.5060088044985726e-19
FR--KL,216,0.9999999991421912,2.0413746322670445e-17,4.307237622724146e-19,2.5060088044985726e-19
FR--KL,217,0.9999999991421912,3.745266926301948e-17,7.902397902435519e-19,2.5060088044985726e-19
FR--KL,218,0.9999999991421912,5.318466484882009e-17,1.1221800534202244e-18,2.5060088044985726e-19
FR--KL,219,0.9999999991421912,1.3778297460959816e-16,2.907178342616302e-18,2.5060088044985726e-19
FR--KL,220,0.9999999991421912,2.0037452048281178e-17,4.227840689390789e-19,2.5060088044985726e-19
FR--KL,221,0.9999999991421912,1.596563863800654e-17,3.3687005964245825e-19,2.5060088044985726e-19
FR--KL,222,0.9999999991421912,3.5025489703170695e-17,7.390270488288241e-19,2.5060088044985726e-19
FR--KL,223,0.9999999991421912,9.751955877013997e-18,2.0576326650034384e-19,2.5060088044985726e-19
FR--KL,224,0.9999999991421912,9.993801144756388e-18,2.108661271885899e-19,2.5060088044985726e-19
FR--KL,225,0.9999999991421912,1.1162493483679802e-16,2.3552517571419096e-18,2.5060088044985726e-19
FR--KL,226,0.9999999991421912,1.4810559554511152e-17,3.124982466150383e-19,2.5060088044985726e-19
FR--KL,227,0.9999999991421912,1.1161290713220712e-17,2.354997976278221e-19,2.5060088044985726e-19
FR--KL,228,0.9999999991421912,2.2916912632917688e-17,4.835398007251844e-19,2.5060088044985726e-19
FR--KL,229,0.9999999991421912,4.723053383567097e-17,9.965497222448851e-19,2.5060088044985726e-19
FR--KL,230,0.9999999991421912,3.253426225491372e-17,6.864629166882234e-19,2.5060088044985726e-19
FR--KL,231,0.9999999991421912,7.388901515705381e-17,1.5590354703147092e-18,2.5060088044985726e-19
FR--KL,232,0.9999999991421912,6.365954962705261e-17,1.3431968971555563e-18,2.5060088044985726e-19
FR--KL,233,0.9999999991421912,4.2173422667961333e-17,8.898462336271823e-19,2.5060088044985726e-19
FR--KL,234,0.9999999991421912,1.3286230880168156e-17,2.803353809080421e-19,2.5060088044985726e-19
FR--KL,235,0.9999999991421912,8.346127167671572e-17,1.7610071357020975e-18,2.5060088044985726e-19
FR--KL,236,0.9999999991421912,3.7154717332261903e-17,7.839530962402219e-19,2.5060088044985726e-19
FR--KL,237,0.9999999991421912,6.139131745705061e-17,1.295337896728692e-18,2.5060088044985726e-19
FR--KL,238,0.9999999991421912,4.0117029704731025e-17,8.4645697524057135e-19,2.5060088044985726e-19
FR--KL,239,0.9999999991421912,1.102475979941778e-17,2.3261903738273263e-19,2.5060088044985726e-19
FR--KL,240,0.9999999991421912,4.8058052694059177e-17,1.01401011537422e-18,2.5060088044985726e-19
FR--KL,241,0.9999999991421912,2.0494501287009648e-17,4.3242766715653317e-19,2.5060088044985726e-19
FR--KL,242,0.9999999991421912,1.0336107003675142e-17,2.1808867542010377e-19,2.5060088044985726e-19
FR--KL,243,0.9999999991421912,2.105739875374183e-17,4.443046303955267e-19,2.5060088044985726e-19
FR--KL,244,0.9999999991421912,3.2831731849538687e-17,6.927394335476607e-19,2.5060088044985726e-19
FR--KL,245,0.9999999991421912,1.0903760595380968e-16,2.300659914316901e-18,2.5060088044985726e-19
FR--KL,246,0.9999999991421912,1.7509988359359358e-16,3.69455363277133e-18,2.5060088044985726e-19
FR--KL,247,0.9999999991421912,4.6318298995856425e-17,9.773018479904403e-19,2.5060088044985726e-19
FR--KL,248,0.9999999991421912,2.4945902804197478e-17,5.263508686386147e-19,2.5060088044985726e-19
FR--KL,249,0.9999999991421912,2.397826961613512e-17,5.059341062925962e-19,2.5060088044985726e-19
FR--KL,250,0.9999999991421912,5.771418928214756e-18,1.2177516243797884e-19,2.5060088044985726e-19
FR--KL,251,0.9999999991421912,3.734214817548418e-17,7.879078293246108e-19,2.5060088044985726e-19
FR--KL,252,0.9999999991421912,7.243730031023192e-17,1.5284047340115234e-18,2.5060088044985726e-19
FR--KL,253,0.9999999991421912,3.2388981395195075e-17,6.833975352783109e-19,2.5060088044985726e-19
FR--KL,254,0.9999999991421912,5.773754655103117e-18,1.218244455561823e-19,2.5060088044985726e-19
FR--KL,255,0.9999999991421912,4.368237777612096e-17,9.216847218210372e-19,2.5060088044985726e-19
FR--KL,256,0.9999999991421912,1.4455992875030957e-17,3.050169988446306e-19,2.5060088044985726e-19
FR--KL,257,0.9999999991421912,1.5981257503025366e-17,3.3719961288550325e-19,2.5060088044985726e-19
FR--KL,258,0.9999999991421912,2.3335189971156266e-17,4.923653237796829e-19,2.5060088044985726e-19
FR--KL,259,0.9999999991421912,9.44101962535519e-18,1.9920260732370706e-19,2.5060088044985726e-19
FR--KL,260,0.9999999991421912,1.3914291132342263e-17,2.935872588570576e-19,2.5060088044985726e-19
FR--KL,261,0.9999999991421912,5.513287657183222e-17,1.163286720945876e-18,2.5060088044985726e-19
FR--KL,262,0.9999999991421912,1.0148730441648637e-16,2.14135087652233e-18,2.5060088044985726e-19
FR--KL,263,0.9999999991421912,9.125848772991874e-17,1.9255259937598544e-18,2.5060088044985726e-19
FR--KL,264,0.9999999991421912,1.0337363326730495e-16,2.1811518344976565e-18,2.5060088044985726e-19
FR--KL,265,0.9999999991421912,5.484578342802866e-17,1.1572291440039917e-18,2.5060088044985726e-19
FR--KL,266,0.9999999991421912,9.500597216756323e-17,2.0045967615907935e-18,2.5060088044985726e-19
FR--KL,267,0.9999999991421912,3.56601158244372e-17,7.524174645941407e-19,2.5060088044985726e-19
FR--KL,268,0.9999999991421912,5.828439869846296e-17,1.2297828675037303e-18,2.5060088044985726e-19
FR--KL,269,0.9999999991421912,2.4175575353664818e-17,5.100971966065161e-19,2.5060088044985726e-19
FR--KL,270,0.9999999991421912,2.2988886705230337e-17,4.85058431491069e-19,2.5060088044985726e-19
FR--KL,271,0.9999999991421912,2.9176100565500585e-17,6.156067389773849e-19,2.5060088044985726e-19
FR--KL,272,0.9999999991421912,4.3180157562079826e-18,9.110880299320613e-20,2.5060088044985726e-19
FR--KL,273,0.9999999991421912,9.997299312771456e-18,2.1093993745666588e-19,2.5060088044985726e-19
FR--KL,274,0.9999999991421912,6.032232368261151e-17,1.2727824572177749e-18,2.5060088044985726e-19
FR--KL,275,0.9999999991421912,7.189400612125112e-17,1.5169413938974814e-18,2.5060088044985726e-19
FR--KL,276,0.9999999991421912,6.641530567908387e-17,1.4013425013907618e-18,2.5060088044985726e-19
FR--KL,277,0.9999999991421912,1.5050180768048472e-17,3.175541804443157e-19,2.5060088044985726e-19
FR--KL,278,0.9999999991421912,3.648381812697704e-17,7.697973295701447e-19,2.5060088044985726e-19
FR--KL,279,0.9999999991421912,2.108164512771307e-17,4.448162214211661e-19,2.5060088044985726e-19
FR--KL,280,0.9999999991421912,4.909766984561398e-17,1.0359457171869715e-18,2.5060088044985726e-19
FR--KL,281,0.9999999991421912,2.284860834347988e-17,4.82098601248079e-19,2.5060088044985726e-19
FR--KL,282,0.9999999991421912,9.36787747296264e-17,1.9765933042777373e-18,2.5060088044985726e-19
FR--KL,283,0.9999999991421912,1.3915607854107472e-16,2.9361504128090142e-18,2.5060088044985726e-19
FR--KL,284,0.9999999991421912,2.8068261737505585e-17,5.922316807963421e-19,2.5060088044985726e-19
FR--KL,285,0.9999999991421912,5.1204661233429457e-17,1.0804025867537104e-18,2.5060088044985726e-19
FR--KL,286,0.9999999991421912,8.022684982001971e-17,1.6927618303636512e-18,2.5060088044985726e-19
FR--KL,287,0.9999999991421912,1.9312302665520266e-17,4.0748364022720487e-19,2.5060088044985726e-19
FR--KL,288,0.9999999991421912,1.1172665441996453e-17,2.357398009028542e-19,2.5060088044985726e-19
FR--KL,289,0.9999999991421912,1.0647552683051556e-17,2.246600833647357e-19,2.5060088044985726e-19
FR--KL,290,0.9999999991421912,3.3225150880667783e-17,7.010404539757094e-19,2.5060088044985726e-19
FR--KL,291,0.9999999991421912,5.850225534976282e-17,1.2343795757708325e-18,2.5060088044985726e-19
FR--KL,292,0.9999999991421912,5.314256010580779e-17,1.121291656306186e-18,2.5060088044985726e-19
FR--KL,293,0.9999999991421912,5.651171096411453e-17,1.1923797020972527e-18,2.5060088044985726e-19
FR--KL,294,0.9999999991421912,8.31278721632e-17,1.753972508616436e-18,2.5060088044985726e-19
FR--KL,295,0.9999999991421912,3.974464310668658e-17,8.385997326749869e-19,2.5060088044985726e-19
FR--KL,296,0.9999999991421912,2.2429883710505748e-17,4.732636404123767e-19,2.5060088044985726e-19
FR--KL,297,0.9999999991421912,3.6968790584555904e-17,7.800300991081342e-19,2.5060088044985726e-19
FR--KL,298,0.9999999991421912,3.9293647423711255e-17,8.290838626201102e-19,2.5060088044985726e-19
FR--KL,299,0.9999999991421912,2.3642442956022818e-17,4.988482671610347e-19,2.5060088044985726e-19
FR--KL,300,0.9999999991421912,5.986387754958449e-18,1.2631093849607075e-19,2.5060088044985726e-19
FR--KL,301,0.9999999991421912,5.747795195331097e-17,1.2127670894758407e-18,2.5060088044985726e-19
FR--KL,302,0.9999999991421912,1.9224549630356182e-16,4.0563207820329936e-18,2.5060088044985726e-19
FR--KL,303,0.9999999991421912,3.2239721721302337e-17,6.802482021143517e-19,2.5060088044985726e-19
FR--KL,304,0.9999999991421912,4.654131081008119e-17,9.82007328608048e-19,2.5060088044985726e-19
FR--KL,305,0.9999999991421912,7.054816977462625e-17,1.4885446613497932e-18,2.5060088044985726e-19
FR--KL,306,0.9999999991421912,4.7361578879548266e-17,9.993147323235741e-19,2.5060088044985726e-19
FR--KL,307,0.9999999991421912,1.2509042157598528e-17,2.639369381484629e-19,2.5060088044985726e-19
FR--KL,308,0.9999999991421912,3.5698965672298375e-17,7.532371844226316e-19,2.5060088044985726e-19
FR--KL,309,0.9999999991421912,5.075005952632164e-18,1.0708106306998877e-19,2.5060088044985726e-19
FR--KL,310,0.9999999991421912,2.3200149310859825e-17,4.895160074247501e-19,2.5060088044985726e-19
FR--KL,311,0.9999999991421912,2.8968066814761603e-17,6.112172908877697e-19,2.5060088044985726e-19
FR--KL,312,0.9999999991421912,2.0403873378256785e-17,4.3051544618504186e-19,2.5060088044985726e-19
FR--KL,313,0.9999999991421912,2.848963379517497e-17,6.011225014780055e-19,2.5060088044985726e-19
FR--KL,314,0.9999999991421912,6.361382711381942e-17,1.342232166203723e-18,2.5060088044985726e-19
FR--KL,315,0.9999999991421912,2.357855586259075e-17,4.975002691596512e-19,2.5060088044985726e-19
FR--KL,316,0.9999999991421912,6.861576392941388e-18,1.4477714929792852e-19,2.5060088044985726e-19
FR--KL,317,0.9999999991421912,3.200219038379831e-17,6.752363640259303e-19,2.5060088044985726e-19
FR--KL,318,0.9999999991421912,1.5721466846586827e-16,3.3171811002092816e-18,2.5060088044985726e-19
FR--KL,319,0.9999999991421912,1.2194753300189815e-16,2.573055400227282e-18,2.5060088044985726e-19
FR--KL,320,0.9999999991421912,1.4547474771856408e-16,3.069472387015213e-18,2.5060088044985726e-19
FR--KL,321,0.9999999991421912,8.398423065416948e-17,1.7720414091138753e-18,2.5060088044985726e-19
FR--KL,322,0.9999999991421912,2.815815209290437e-17,5.941283396191458e-19,2.5060088044985726e-19
FR--KL,323,0.9999999991421912,6.909145660566664e-17,1.4578084619884221e-18,2.5060088044985726e-19
FR--KL,324,0.9999999991421912,3.023896768204944e-17,6.380329078931387e-19,2.5060088044985726e-19
FR--KL,325,0.9999999991421912,5.852732486798677e-17,1.2349085348867682e-18,2.5060088044985726e-19
FR--KL,326,0.9999999991421912,3.635442399055296e-17,7.670671531304249e-19,2.5060088044985726e-19
FR--KL,327,0.9999999991421912,1.1508720563274903e-16,2.4283046049468117e-18,2.5060088044985726e-19
FR--KL,328,0.9999999991421912,6.478094338520022e-17,1.3668579601894264e-18,2.5060088044985726e-19
FR--KL,329,0.9999999991421912,1.3358681843384254e-17,2.8186407392516073e-19,2.5060088044985726e-19
FR--KL,330,0.9999999991421912,6.1891650470085776e-18,1.3058947692574873e-19,2.5060088044985726e-19
FR--KL,331,0.9999999991421912,4.0334350035502295e-18,8.510423673096465e-20,2.5060088044985726e-19
FR--KL,332,0.9999999991421912,7.01666681046543e-17,1.4804950935729544e-18,2.5060088044985726e-19
FR--KL,333,0.9999999991421912,8.360106609300053e-17,1.7639567548447634e-18,2.5060088044985726e-19
FR--KL,334,0.9999999991421912,9.717326265614057e-17,2.0503259236182726e-18,2.5060088044985726e-19
FR--KL,335,0.9999999991421912,2.7884992094757203e-16,5.883647477607709e-18,2.5060088044985726e-19
FR--KL,336,0.9999999991421912,5.473230783454406e-17,1.1548348439191757e-18,2.5060088044985726e-19
FR--KL,337,0.9999999991421912,2.1442822142670952e-17,4.524369452349137e-19,2.5060088044985726e-19
FR--KL,338,0.9999999991421912,1.039071178583226e-16,2.192408195114928e-18,2.5060088044985726e-19
FR--KL,339,0.9999999991421912,9.428681710256829e-18,1.9894228111382064e-19,2.5060088044985726e-19
FR--KL,340,0.9999999991421912,1.617300808289354e-17,3.412454910831281e-19,2.5060088044985726e-19
FR--KL,341,0.9999999991421912,2.7552512811880266e-17,5.813495372582602e-19,2.5060088044985726e-19
FR--KL,342,0.9999999991421912,7.741175664115361e-18,1.633364231021386e-19,2.5060088044985726e-19
FR--KL,343,0.9999999991421912,2.7543338909590545e-17,5.811559707444763e-19,2.5060088044985726e-19
FR--KL,344,0.9999999991421912,1.2514017378271217e-17,2.6404191377284867e-19,2.5060088044985726e-19
FR--KL,345,0.9999999991421912,2.081078693828281e-17,4.3910119701802e-19,2.5060088044985726e-19
FR--KL,346,0.9999999991421912,5.946403121016198e-17,1.254672750306555e-18,2.5060088044985726e-19
FR--KL,347,0.9999999991421912,4.34728309129205e-17,9.172633475243532e-19,2.5060088044985726e-19
FR--KL,348,0.9999999991421912,2.89132671088462e-17,6.100610339650954e-19,2.5060088044985726e-19
FR--KL,349,0.9999999991421912,5.294025486158211e-17,1.1170230779402664e-18,2.5060088044985726e-19
FR--KL,350,0.9999999991421912,2.6682798806388922e-17,5.629988395164045e-19,2.5060088044985726e-19
FR--KL,351,0.9999999991421912,5.249498877217042e-17,1.1076281005455124e-18,2.5060088044985726e-19
FR--KL,352,0.9999999991421912,3.067167994232466e-17,6.471630033582793e-19,2.5060088044985726e-19
FR--KL,353,0.9999999991421912,9.621795871314715e-17,2.030169304547189e-18,2.5060088044985726e-19
FR--KL,354,0.9999999991421912,1.0757973237894349e-17,2.2698992307481753e-19,2.5060088044985726e-19
FR--KL,355,0.9999999991421912,2.6073308481047778e-17,5.501387813061174e-19,2.5060088044985726e-19
FR--KL,356,0.9999999991421912,5.1222516334256084e-18,1.0807793238837911e-19,2.5060088044985726e-19
FR--KL,357,0.9999999991421912,9.000682550003747e-17,1.8991163060804295e-18,2.5060088044985726e-19
FR--KL,358,0.9999999991421912,4.254252482575447e-17,8.976341755147021e-19,2.5060088044985726e-19
FR--KL,359,0.9999999991421912,5.901840447931809e-18,1.2452701634886187e-19,2.5060088044985726e-19
FR--KL,360,0.9999999991421912,5.171409378867436e-17,1.0911514568214967e-18,2.5060088044985726e-19
FR--KL,361,0.9999999991421912,3.48077158757341e-17,7.344320881197364e-19,2.5060088044985726e-19
FR--KL,362,0.9999999991421912,8.0070632087395e-18,1.6894656843027465e-19,2.5060088044985726e-19
FR--KL,363,0.9999999991421912,7.111099110255962e-17,1.5004200180835739e-18,2.5060088044985726e-19
FR--KL,364,0.9999999991421912,9.22882221506976e-17,1.947253072996002e-18,2.5060088044985726e-19
FR--KL,365,0.9999999991421912,1.886360601124535e-17,3.9801627897006474e-19,2.5060088044985726e-19
FR--KL,366,0.9999999991421912,2.5778225241867637e-17,5.439126158118371e-19,2.5060088044985726e-19
FR--KL,367,0.9999999991421912,1.1645577360334257e-17,2.457180967761458e-19,2.5060088044985726e-19
FR--KL,368,0.9999999991421912,1.975005702819725e-17,4.1672012250062265e-19,2.5060088044985726e-19
FR--KL,369,0.9999999991421912,1.3364259470858835e-17,2.81981760147593e-19,2.5060088044985726e-19
FR--KL,370,0.9999999991421912,1.0112955076333435e-16,2.133802384588676e-18,2.5060088044985726e-19
FR--KL,371,0.9999999991421912,8.452931447515578e-17,1.7835425099122286e-18,2.5060088044985726e-19
FR--KL,372,0.9999999991421912,1.5272085920687026e-17,3.222363108431816e-19,2.5060088044985726e-19
FR--KL,373,0.9999999991421912,1.1258872399780818e-16,2.3755874117006544e-18,2.5060088044985726e-19
FR--KL,374,0.9999999991421912,1.0398092784210135e-16,2.1939655630474933e-18,2.5060088044985726e-19
FR--KL,375,0.9999999991421912,1.1511229672047486e-17,2.428834019172596e-19,2.5060088044985726e-19
FR--KL,376,0.9999999991421912,6.057512439069802e-17,1.2781164743242394e-18,2.5060088044985726e-19
FR--KL,377,0.9999999991421912,1.1803688434119979e-16,2.4905419175261203e-18,2.5060088044985726e-19
FR--KL,378,0.9999999991421912,5.545638943577609e-17,1.1701127427695469e-18,2.5060088044985726e-19
FR--KL,379,0.9999999991421912,3.1127130999586064e-17,6.567728804388385e-19,2.5060088044985726e-19
FR--KL,380,0.9999999991421912,6.792860520746071e-17,1.4332726555136076e-18,2.5060088044985726e-19
FR--KL,381,0.9999999991421912,3.773891702918996e-17,7.962795299776594e-19,2.5060088044985726e-19
FR--KL,382,0.9999999991421912,4.7785299402827553e-17,1.0082551049065433e-18,2.5060088044985726e-19
FR--KL,383,0.9999999991421912,1.8223003873856858e-17,3.8449977110451456e-19,2.5060088044985726e-19
FR--KL,384,0.9999999991421912,3.483978349833664e-17,7.35108705083432e-19,2.5060088044985726e-19
FR--KL,385,0.9999999991421912,4.4059687089922315e-17,9.296458321734502e-19,2.5060088044985726e-19
FR--KL,386,0.9999999991421912,8.829141470068276e-18,1.8629216663674708e-19,2.5060088044985726e-19
FR--KL,387,0.9999999991421912,9.056457747463418e-17,1.910884701019597e-18,2.5060088044985726e-19
FR--KL,388,0.9999999991421912,1.420570435875204e-16,2.9973598821183396e-18,2.5060088044985726e-19
FR--KL,389,0.9999999991421912,5.735076466116363e-17,1.2100834767709006e-18,2.5060088044985726e-19
FR--KL,390,0.9999999991421912,6.715840646523299e-17,1.4170216991871156e-18,2.5060088044985726e-19
FR--KL,391,0.9999999991421912,1.2263563813752066e-16,2.587574206729994e-18,2.5060088044985726e-19
FR--KL,392,0.9999999991421912,1.076469074684458e-16,2.2713166044543086e-18,2.5060088044985726e-19
FR--KL,393,0.9999999991421912,6.675283091090009e-17,1.4084641798623072e-18,2.5060088044985726e-19
FR--KL,394,0.9999999991421912,7.769500622503685e-17,1.6393407100323356e-18,2.5060088044985726e-19
FR--KL,395,0.9999999991421912,8.878378600177125e-18,1.8733105492255024e-19,2.5060088044985726e-19
FR--KL,396,0.9999999991421912,8.8738404128686e-17,1.872353005675912e-18,2.5060088044985726e-19
FR--KL,397,0.9999999991421912,3.790141576310522e-18,7.997082032319535e-20,2.5060088044985726e-19
FR--KL,398,0.9999999991421912,4.4424416193753277e-17,9.373415039687763e-19,2.5060088044985726e-19
FR--KL,399,0.9999999991421912,4.003467524024594e-17,8.447193213958406e-19,2.5060088044985726e-19
FR--KL,400,0.9999999991421912,1.254552147346654e-16,2.6470664048175505e-18,2.5060088044985726e-19
FR--KL,401,0.9999999991421912,3.0242767015814704e-17,6.381130726658187e-19,2.5060088044985726e-19
FR--KL,402,0.9999999991421912,1.0628214209577252e-16,2.242520475285008e-18,2.5060088044985726e-19
FR--KL,403,0.9999999991421912,1.211057922946592e-17,2.5552949304659254e-19,2.5060088044985726e-19
FR--KL,404,0.9999999991421912,3.878004423519009e-17,8.182469934742805e-19,2.5060088044985726e-19
FR--KL,405,0.9999999991421912,1.0458098576983243e-16,2.206626600572325e-18,2.5060088044985726e-19
FR--KL,406,0.9999999991421912,2.6360591633864838e-17,5.562003673796852e-19,2.5060088044985726e-19
FR--KL,407,0.9999999991421912,1.1039841306863882e-16,2.3293725254643877e-18,2.5060088044985726e-19
FR--KL,408,0.9999999991421912,1.3213165013225227e-16,2.787937136116084e-18,2.5060088044985726e-19
FR--KL,409,0.9999999991421912,1.1128346896605566e-16,2.348046932402296e-18,2.5060088044985726e-19
FR--KL,410,0.9999999991421912,9.835246902106389e-18,2.0752068148553352e-19,2.5060088044985726e-19
FR--KL,411,0.9999999991421912,1.0955071276581049e-17,2.3114863100709795e-19,2.5060088044985726e-19
FR--KL,412,0.9999999991421912,4.940051265104545e-17,1.0423356071400818e-18,2.5060088044985726e-19
FR--KL,413,0.9999999991421912,9.979452556692197e-18,2.105633763981854e-19,2.5060088044985726e-19
FR--KL,414,0.9999999991421912,2.0494926324911968e-17,4.324366353254083e-19,2.5060088044985726e-19
FR--KL,415,0.9999999991421912,5.685376495262046e-17,1.1995969359406038e-18,2.5060088044985726e-19
FR--KL,416,0.9999999991421912,1.466577096517987e-17,3.0944325195873517e-19,2.5060088044985726e-19
FR--KL,417,0.9999999991421912,6.27971812495871e-17,1.3250011899034192e-18,2.5060088044985726e-19
FR--KL,418,0.9999999991421912,1.0772319562432611e-16,2.2729262610552188e-18,2.5060088044985726e-19
FR--KL,419,0.9999999991421912,1.5674263537140812e-17,3.3072213472492296e-19,2.5060088044985726e-19
FR--KL,420,0.9999999991421912,1.7812639374526886e-16,3.75841206514724e-18,2.5060088044985726e-19
FR--KL,421,0.9999999991421912,1.0553568809079224e-16,2.2267705256037307e-18,2.5060088044985726e-19
FR--KL,422,0.9999999991421912,1.1581493462615617e-17,2.4436594626490915e-19,2.5060088044985726e-19
FR--KL,423,0.9999999991421912,6.605621399554422e-17,1.3937657774278915e-18,2.5060088044985726e-19
FR--KL,424,0.9999999991421912,3.3285057780574057e-17,7.023044711191502e-19,2.5060088044985726e-19
FR--KL,425,0.9999999991421912,4.6196659456453187e-17,9.747352911603175e-19,2.5060088044985726e-19
FR--KL,426,0.9999999991421912,1.620314731798649e-17,3.418814196640977e-19,2.5060088044985726e-19
FR--KL,427,0.9999999991421912,6.712711766660594e-17,1.4163615151695126e-18,2.5060088044985726e-19
FR--KL,428,0.9999999991421912,5.35978331598371e-17,1.1308977775733532e-18,2.5060088044985726e-19
FR--KL,429,0.9999999991421912,1.0003675054186752e-17,2.1107446363751797e-19,2.5060088044985726e-19
FR--KL,430,0.9999999991421912,3.967972390910865e-17,8.372299575938977e-19,2.5060088044985726e-19
FR--KL,431,0.9999999991421912,4.26283364030806e-17,8.994447733759773e-19,2.5060088044985726e-19
FR--KL,432,0.9999999991421912,4.104849821201483e-17,8.66110673956813e-19,2.5060088044985726e-19
FR--KL,433,0.9999999991421912,1.3273215367914993e-17,2.80060757606813e-19,2.5060088044985726e-19
FR--KL,434,0.9999999991421912,1.2614096453834435e-17,2.6615355145414304e-19,2.5060088044985726e-19
FR--KL,435,0.9999999991421912,2.845425555472928e-17,6.003760314971169e-19,2.5060088044985726e-19
FR--KL,436,0.9999999991421912,9.724191509367528e-17,2.0517744689130323e-18,2.5060088044985726e-19
FR--KL,437,0.9999999991421912,5.148115307679458e-17,1.086236479520351e-18,2.5060088044985726e-19
FR--KL,438,0.9999999991421912,2.7611392307099657e-17,5.825918764791328e-19,2.5060088044985726e-19
FR--KL,439,0.9999999991421912,2.021885994699538e-16,4.266117197487365e-18,2.5060088044985726e-19
FR--KL,440,0.9999999991421912,2.1861063677895996e-16,4.6126171285685e-18,2.5060088044985726e-19
FR--KL,441,0.9999999991421912,1.2186043917830026e-16,2.5712177473644604e-18,2.5060088044985726e-19
FR--KL,442,0.9999999991421912,1.2056960642892803e-16,2.5439815737838868e-18,2.5060088044985726e-19
FR--KL,443,0.9999999991421912,9.709268497942303e-17,2.0486257594483864e-18,2.5060088044985726e-19
FR--KL,444,0.9999999991421912,1.985163666371828e-16,4.188634215350233e-18,2.5060088044985726e-19
FR--KL,445,0.9999999991421912,1.724900747755136e-16,3.6394874702371776e-18,2.5060088044985726e-19
FR--KL,446,0.9999999991421912,1.9613344780316323e-16,4.13835536162318e-18,2.5060088044985726e-19
FR--KL,447,0.9999999991421912,3.539442386917811e-17,7.468114461413876e-19,2.5060088044985726e-19
FR--KL,448,0.9999999991421912,1.6622660744440318e-17,3.507330237993619e-19,2.5060088044985726e-19
FR--KL,449,0.9999999991421912,5.026468901286216e-17,1.0605694623053737e-18,2.5060088044985726e-19
FR--KL,450,0.9999999991421912,4.1472449934711315e-17,8.750559247763016e-19,2.5060088044985726e-19
FR--KL,451,0.9999999991421912,3.0775017597417014e-17,6.493433960643626e-19,2.5060088044985726e-19
FR--KL,452,0.9999999991421912,7.038580412376714e-18,1.4851187961070091e-19,2.5060088044985726e-19
FR--KL,453,0.9999999991421912,1.3750602540790585e-17,2.901334799729773e-19,2.5060088044985726e-19
FR--KL,454,0.9999999991421912,2.412861984999111e-17,5.091064499360102e-19,2.5060088044985726e-19
FR--KL,455,0.9999999991421912,3.623277532479898e-17,7.645004037371113e-19,2.5060088044985726e-19
FR--KL,456,0.9999999991421912,8.032575975885415e-18,1.694848799619931e-19,2.5060088044985726e-19
FR--KL,457,0.9999999991421912,4.305145395229758e-17,9.083724233918798e-19,2.5060088044985726e-19
FR--KL,458,0.9999999991421912,2.029770653674401e-18,4.282753585165585e-20,2.5060088044985726e-19
FR--KL,459,0.9999999991421912,1.1699937733111103e-16,2.4686508390486165e-18,2.5060088044985726e-19
FR--KL,460,0.9999999991421912,1.4111270224674362e-16,2.9774345705787802e-18,2.5060088044985726e-19
FR--KL,461,0.9999999991421912,2.179506295654475e-17,4.598691179571313e-19,2.5060088044985726e-19
FR--KL,462,0.9999999991421912,9.169809043288095e-17,1.9348014754442098e-18,2.5060088044985726e-19
FR--KL,463,0.9999999991421912,8.91070995460856e-17,1.880132365466358e-18,2.5060088044985726e-19
FR--KL,464,0.9999999991421912,7.818841511857219e-17,1.649751485771534e-18,2.5060088044985726e-19
FR--KL,465,0.9999999991421912,2.8987451251658944e-17,6.11626296538079e-19,2.5060088044985726e-19
FR--KL,466,0.9999999991421912,1.52365886527617e-17,3.214873294191199e-19,2.5060088044985726e-19
FR--KL,467,0.9999999991421912,2.8165269638132035e-17,5.942785176320468e-19,2.5060088044985726e-19
FR--KL,468,0.9999999991421912,1.874538391121477e-17,3.9552182905851827e-19,2.5060088044985726e-19
FR--KL,469,0.9999999991421912,3.6809667772226e-17,7.766726567598872e-19,2.5060088044985726e-19
FR--KL,470,0.9999999991421912,1.3034006669359253e-17,2.7501352771663877e-19,2.5060088044985726e-19
FR--KL,471,0.9999999991421912,2.2803064836228275e-17,4.811376472673436e-19,2.5060088044985726e-19
FR--KL,472,0.9999999991421912,2.129777651789162e-17,4.493765272097948e-19,2.5060088044985726e-19
FR--KL,473,0.9999999991421912,4.473963203946348e-17,9.439924612622643e-19,2.5060088044985726e-19
FR--KL,474,0.9999999991421912,3.1340784896594617e-17,6.612809118843692e-19,2.5060088044985726e-19
FR--KL,475,0.9999999991421912,4.996557480788822e-17,1.0542582446739278e-18,2.5060088044985726e-19
FR--KL,476,0.9999999991421912,3.1187770541423665e-17,6.58052356101459e-19,2.5060088044985726e-19
FR--KL,477,0.9999999991421912,6.856751338750195e-17,1.446753421400679e-18,2.5060088044985726e-19
FR--KL,478,0.9999999991421912,1.7890823881684739e-16,3.774908755437276e-18,2.5060088044985726e-19
FR--KL,479,0.9999999991421912,2.355239744088525e-17,4.969483345155144e-19,2.5060088044985726e-19
FR--KL,480,0.9999999991421912,5.785370953035488e-17,1.2206954586604319e-18,2.5060088044985726e-19
FR--KL,481,0.9999999991421912,1.5143260183412574e-16,3.195181274505161e-18,2.5060088044985726e-19
FR--KL,482,0.9999999991421912,6.234714005989549e-17,1.3155054593629522e-18,2.5060088044985726e-19
FR--KL,483,0.9999999991421912,6.243543412790117e-17,1.3173684370132383e-18,2.5060088044985726e-19
FR--KL,484,0.9999999991421912,2.8752247800488466e-17,6.0666357613456855e-19,2.5060088044985726e-19
FR--KL,485,0.9999999991421912,5.660799424162493e-17,1.1944112496083112e-18,2.5060088044985726e-19
FR--KL,486,0.9999999991421912,5.533685640798064e-18,1.1675906326857798e-19,2.5060088044985726e-19
FR--KL,487,0.9999999991421912,1.3870391761996855e-17,2.926609956588339e-19,2.5060088044985726e-19
FR--KL,488,0.9999999991421912,3.107997530899022e-17,6.557779098859106e-19,2.5060088044985726e-19
FR--KL,489,0.9999999991421912,9.998537047714283e-17,2.1096605328287648e-18,2.5060088044985726e-19
FR--KL,490,0.9999999991421912,4.1266470419067975e-17,8.707098204147313e-19,2.5060088044985726e-19
FR--KL,491,0.9999999991421912,4.927949317952516e-17,1.039782133551378e-18,2.5060088044985726e-19
FR--KL,492,0.9999999991421912,2.474573573061244e-17,5.221274050148967e-19,2.5060088044985726e-19
FR--KL,493,0.9999999991421912,8.737844157192972e-17,1.8436582144437337e-18,2.5060088044985726e-19
FR--KL,494,0.9999999991421912,3.2561151646291636e-17,6.870302745673918e-19,2.5060088044985726e-19
FR--KL,495,0.9999999991421912,5.3484705892264964e-17,1.128510827058045e-18,2.5060088044985726e-19
FR--KL,496,0.9999999991421912,6.414725735439064e-17,1.353487380043309e-18,2.5060088044985726e-19
FR--KL,497,0.9999999991421912,4.970960720224864e-17,1.0488574070041415e-18,2.5060088044985726e-19
FR--KL,498,0.9999999991421912,1.0651037734821504e-18,2.2473361688407793e-20,2.5060088044985726e-19
FR--KL,499,0.9999999991421912,9.349919411552421e-18,1.9728042086107952e-19,2.5060088044985726e-19
FR--KL,500,0.9999999991421912,1.5138355095475818e-17,3.1941463160526544e-19,2.5060088044985726e-19
FB--GVI,0,0.9999999999999998,47.394056494518665,1.0,0.449635993233505
FB--GVI,1,0.9999999999999998,43.162389031779206,0.9107131194134254,0.449635993233505
FB--GVI,2,0.9999999999999998,40.95943441547141,0.8642314552713704,0.449635993233505
FB--GVI,3,0.9999999999999998,39.49863242460252,0.8334089830266104,0.449635993233505
FB--GVI,4,0.9999999999999998,38.41795538722757,0.8106070302648768,0.449635993233505
FB--GVI,5,0.9999999999999998,37.56562827774151,0.7926231906755258,0.449635993233505
FB--GVI,6,0.9999999999999998,36.864482894411736,0.7778292389611191,0.449635993233505
FB--GVI,7,0.9999999999999998,36.27027263258937,0.7652915853865386,0.449635993233505
FB--GVI,8,0.9999999999999998,35.75543385124471,0.7544286456125566,0.449635993233505
FB--GVI,9,0.9999999999999998,35.3017139060808,0.7448552944642669,0.449635993233505
FB--GVI,10,0.9999999999999998,34.89644245931704,0.7363041917155366,0.449635993233505
FB--GVI,11,0.9999999999999998,34.5304868572227,0.7285826411844765,0.449635993233505
FB--GVI,12,0.9999999999999998,34.19705820407797,0.7215473992616144,0.449635993233505
FB--GVI,13,0.9999999999999998,33.89097814519501,0.7150892042573872,0.449635993233505
FB--GVI,14,0.9999999999999998,33.60820946960101,0.7091228722632752,0.449635993233505
FB--GVI,15,0.9999999999999998,33.34554499276464,0.703580732673119,0.449635993233505
FB--GVI,16,0.9999999999999998,33.100395082434765,0.698408145043735,0.449635993233505
FB--GVI,17,0.9999999999999998,32.87063880163499,0.693560358257931,0.449635993233505
FB--GVI,18,0.9999999999999998,32.654517190925624,0.6890002588130911,0.449635993233505
FB--GVI,19,0.9999999999999998,32.450555244162715,0.6846967245337138,0.449635993233505
FB--GVI,20,0.9999999999999998,32.25750382101611,0.6806233989434273,0.449635993233505
FB--GVI,21,0.9999999999999998,32.07429568765364,0.6767577637369608,0.449635993233505
FB--GVI,22,0.9999999999999998,31.900011776575887,0.6730804268730461,0.449635993233505
FB--GVI,23,0.9999999999999998,31.73385494190536,0.6695745688190992,0.449635993233505
FB--GVI,24,0.9999999999999998,31.575129280474822,0.6662255062325511,0.449635993233505
FB--GVI,25,0.9999999999999998,31.423223688625203,0.6630203450143467,0.449635993233505
FB--GVI,26,0.9999999999999998,31.277598618253812,0.6599477008656393,0.449635993233505
FB--GVI,27,0.9999999999999998,31.137775339485657,0.6569974727334614,0.449635993233505
FB--GVI,28,0.9999999999999998,31.003327146756234,0.6541606572617794,0.449635993233505
FB--GVI,29,0.9999999999999998,30.8738720996305,0.6514291956250085,0.449635993233505
FB--GVI,30,0.9999999999999998,30.74906699227746,0.6487958462857832,0.449635993233505
FB--GVI,31,0.9999999999999998,30.628602303287703,0.6462540784376631,0.449635993233505
FB--GVI,32,0.9999999999999998,30.512197947110334,0.6437979823617589,0.449635993233505
FB--GVI,33,0.9999999999999998,30.399599671548927,0.6414221934150072,0.449635993233505
FB--GVI,34,0.9999999999999998,30.29057599220458,0.639121827347862,0.449635993233505
FB--GVI,35,0.9999999999999998,30.18491556950217,0.6368924249603575,0.449635993233505
FB--GVI,36,0.9999999999999998,30.08242494764016,0.6347299043946434,0.449635993233505
FB--GVI,37,0.9999999999999998,29.982926607685183,0.6326305200558817,0.449635993233505
FB--GVI,38,0.9999999999999998,29.886257274098146,0.6305908268804681,0.449635993233505
FB--GVI,39,0.9999999999999998,29.79226644186774,0.6286076492590025,0.449635993233505
FB--GVI,40,0.9999999999999998,29.700815088064616,0.626678053850479,0.449635993233505
FB--GVI,41,0.9999999999999998,29.611774542777464,0.624799325759385,0.449635993233505
FB--GVI,42,0.9999999999999998,29.525025492669908,0.6229689475110578,0.449635993233505
FB--GVI,43,0.9999999999999998,29.44045710366916,0.6211845805406861,0.449635993233505
FB--GVI,44,0.9999999999999998,29.35796624389294,0.6194440487973069,0.449635993233505
FB--GVI,45,0.9999999999999998,29.277456790236567,0.6177453241130063,0.449635993233505
FB--GVI,46,0.9999999999999998,29.198839015638413,0.61608651327441,0.449635993233505
FB--GVI,47,0.9999999999999998,29.122029037167835,0.6144658463775079,0.449635993233505
FB--GVI,48,0.9999999999999998,29.046948325523346,0.6128816664782166,0.449635993233505
FB--GVI,49,0.9999999999999998,28.973523262791,0.6113324202612181,0.449635993233505
FB--GVI,50,0.9999999999999998,28.9016847455477,0.6098166496655612,0.449635993233505
FB--GVI,51,0.9999999999999998,28.83136782724321,0.6083329843390317,0.449635993233505
FB--GVI,52,0.9999999999999998,28.76251139433579,0.6068801348047155,0.449635993233505
FB--GVI,53,0.9999999999999998,28.6950578743613,0.6054568863013449,0.449635993233505
FB--GVI,54,0.9999999999999998,28.628952970197854,0.6040620931763653,0.449635993233505
FB--GVI,55,0.9999999999999998,28.564145418477636,0.6026946737884994,0.449635993233505
FB--GVI,56,0.9999999999999998,28.50058677102005,0.601353605896053,0.449635993233505
FB--GVI,57,0.9999999999999998,28.438231194453643,0.6000379224290002,0.449635993233505
FB--GVI,58,0.9999999999999998,28.377035288442585,0.5987467076536171,0.449635993233505
FB--GVI,59,0.9999999999999998,28.316957917057195,0.5974790936144531,0.449635993233505
FB--GVI,60,0.9999999999999998,28.257960055834683,0.5962342569073581,0.449635993233505
FB--GVI,61,0.9999999999999998,28.200004653495704,0.5950114157617455,0.449635993233505
FB--GVI,62,0.9999999999999998,28.143056500438192,0.5938098272658526,0.449635993233505
FB--GVI,63,0.9999999999999998,28.087082111686307,0.5926287848969987,0.449635993233505
FB--GVI,64,0.9999999999999998,28.03204961660297,0.5914676161945539,0.449635993233505
FB--GVI,65,0.9999999999999998,27.977928657914244,0.5903256806293847,0.449635993233505
FB--GVI,66,0.9999999999999998,27.92469029970368,0.5892023676625633,0.449635993233505
FB--GVI,67,0.9999999999999998,27.872306940165245,0.5880970949044804,0.449635993233505
FB--GVI,68,0.9999999999999998,27.820752232044256,0.5870093064361741,0.449635993233505
FB--GVI,69,0.9999999999999998,27.770001009302923,0.5859384712619956,0.449635993233505
FB--GVI,70,0.9999999999999998,27.720029217804587,0.5848840818470673,0.449635993233505
FB--GVI,71,0.9999999999999998,27.670813851516627,0.583845652771184,0.449635993233505
FB--GVI,72,0.9999999999999998,27.622332893447386,0.5828227194826008,0.449635993233505
FB--GVI,73,0.9999999999999998,27.5745652619306,0.58181483716465,0.449635993233505
FB--GVI,74,0.9999999999999998,27.52749075612096,0.5808215795857153,0.449635993233505
FB--GVI,75,0.9999999999999998,27.48109001029849,0.5798425381350677,0.449635993233505
FB--GVI,76,0.9999999999999998,27.43534444919715,0.5788773208803127,0.449635993233505
FB--GVI,77,0.9999999999999998,27.390236245099658,0.5779255516621048,0.449635993233505
FB--GVI,78,0.9999999999999998,27.345748278824956,0.5769868692709942,0.449635993233505
FB--GVI,79,0.9999999999999998,27.30186410408305,0.5760609266953259,0.449635993233505
FB--GVI,80,0.9999999999999998,27.258567912005564,0.5751473903728443,0.449635993233505
FB--GVI,81,0.9999999999999998,27.215844500222133,0.5742459395382155,0.449635993233505
FB--GVI,82,0.9999999999999998,27.17367924115172,0.5733562655539831,0.449635993233505
FB--GVI,83,0.9999999999999998,27.13205805534719,0.5724780713481475,0.449635993233505
FB--GVI,84,0.9999999999999998,27.090967383292668,0.5716110708190986,0.449635993233505
FB--GVI,85,0.9999999999999998,27.05039416149785,0.570754988331213,0.449635993233505
FB--GVI,86,0.9999999999999998,27.01032579810417,0.5699095582001519,0.449635993233505
FB--GVI,87,0.9999999999999998,26.970750151897995,0.5690745242500457,0.449635993233505
FB--GVI,88,0.9999999999999998,26.93165550935111,0.5682496393290555,0.449635993233505
FB--GVI,89,0.9999999999999998,26.89303056733326,0.567434664944613,0.449635993233505
FB--GVI,90,0.9999999999999998,26.854864412381357,0.5666293708260073,0.449635993233505
FB--GVI,91,0.9999999999999998,26.817146504829683,0.5658335345895367,0.449635993233505
FB--GVI,92,0.9999999999999998,26.77986666018698,0.5650469413455713,0.449635993233505
FB--GVI,93,0.9999999999999998,26.74301503562621,0.5642693834134911,0.449635993233505
FB--GVI,94,0.9999999999999998,26.7065821140158,0.5635006599847501,0.449635993233505
FB--GVI,95,0.9999999999999998,26.670558689363272,0.5627405768157415,0.449635993233505
FB--GVI,96,0.9999999999999998,26.63493585443095,0.5619889459664926,0.449635993233505
FB--GVI,97,0.9999999999999998,26.599704987663397,0.5612455855248384,0.449635993233505
FB--GVI,98,0.9999999999999998,26.564857741531373,0.5605103193604818,0.449635993233505
FB--GVI,99,0.9999999999999998,26.53038603053973,0.5597829768719647,0.449635993233505
FB--GVI,100,0.9999999999999998,26.49628202092095,0.5590633927692044,0.449635993233505
FB--GVI,101,0.9999999999999998,26.46253812064271,0.5583514068626563,0.449635993233505
FB--GVI,102,0.9999999999999998,26.42914696916046,0.5576468638470967,0.449635993233505
FB--GVI,103,0.9999999999999998,26.396101428148004,0.5569496131060406,0.449635993233505
FB--GVI,104,0.9999999999999998,26.363394573003884,0.5562595085325294,0.449635993233505
FB--GVI,105,0.9999999999999998,26.331019684705545,0.5555764083572556,0.449635993233505
FB--GVI,106,0.9999999999999998,26.2989702410622,0.5549001749640019,0.449635993233505
FB--GVI,107,0.9999999999999998,26.267239910188856,0.5542306747519444,0.449635993233505
FB--GVI,108,0.9999999999999998,26.235822542179807,0.5535677779599663,0.449635993233505
FB--GVI,109,0.9999999999999998,26.204712162822467,0.5529113585340213,0.449635993233505
FB--GVI,110,0.9999999999999998,26.173902966670543,0.5522612939809799,0.449635993233505
FB--GVI,111,0.9999999999999998,26.143389311814385,0.5516174652582858,0.449635993233505
FB--GVI,112,0.9999999999999998,26.113165712192053,0.550979756611721,0.449635993233505
FB--GVI,113,0.9999999999999998,26.08322683326161,0.5503480554840933,0.449635993233505
FB--GVI,114,0.9999999999999998,26.05356748614252,0.5497222523916206,0.449635993233505
FB--GVI,115,0.9999999999999998,26.024182622079092,0.5491022408071127,0.449635993233505
FB--GVI,116,0.9999999999999998,25.99506732751209,0.5484879170559822,0.449635993233505
FB--GVI,117,0.9999999999999998,25.96621681974049,0.5478791802247103,0.449635993233505
FB--GVI,118,0.9999999999999998,25.93762644239806,0.5472759320654028,0.449635993233505
FB--GVI,119,0.9999999999999998,25.909291660310213,0.5466780768872725,0.449635993233505
FB--GVI,120,0.9999999999999998,25.88120805557119,0.5460855214738681,0.449635993233505
FB--GVI,121,0.9999999999999998,25.85337132457051,0.5454981750203334,0.449635993233505
FB--GVI,122,0.9999999999999998,25.825777272778943,0.544915949023393,0.449635993233505
FB--GVI,123,0.9999999999999998,25.798421811792767,0.5443387572189874,0.449635993233505
FB--GVI,124,0.9999999999999998,25.771300955364698,0.543766515498526,0.449635993233505
FB--GVI,125,0.9999999999999998,25.744410816556226,0.5431991418488029,0.449635993233505
FB--GVI,126,0.9999999999999998,25.71774760449749,0.5426365562836315,0.449635993233505
FB--GVI,127,0.9999999999999998,25.691307620394767,0.5420786807596029,0.449635993233505
FB--GVI,128,0.9999999999999998,25.665087255591963,0.5415254391351845,0.449635993233505
FB--GVI,129,0.9999999999999998,25.63908298805563,0.540976757096555,0.449635993233505
FB--GVI,130,0.9999999999999998,25.613291380357,0.5404325621150258,0.449635993233505
FB--GVI,131,0.9999999999999998,25.58770907558863,0.5398927833608833,0.449635993233505
FB--GVI,132,0.9999999999999998,25.56233279639745,0.5393573516829868,0.449635993233505
FB--GVI,133,0.9999999999999998,25.53715934143467,0.5388261995338626,0.449635993233505
FB--GVI,134,0.9999999999999998,25.512185584138024,0.5382992609440094,0.449635993233505
FB--GVI,135,0.9999999999999998,25.48740846889125,0.5377764714408648,0.449635993233505
FB--GVI,136,0.9999999999999998,25.46282501012916,0.5372577680299226,0.449635993233505
FB--GVI,137,0.9999999999999998,25.43843229009053,0.5367430891473196,0.449635993233505
FB--GVI,138,0.9999999999999998,25.414227455658164,0.536232374593161,0.449635993233505
FB--GVI,139,0.9999999999999998,25.390207718341777,0.5357255655311604,0.449635993233505
FB--GVI,140,0.9999999999999998,25.36637035056137,0.5352226044102197,0.449635993233505
FB--GVI,141,0.9999999999999998,25.34271268479848,0.5347234349465207,0.449635993233505
FB--GVI,142,0.9999999999999998,25.31923211190832,0.5342280020879117,0.449635993233505
FB--GVI,143,0.9999999999999998,25.29592607920614,0.5337362519735303,0.449635993233505
FB--GVI,144,0.9999999999999998,25.272792088315427,0.5332481318884013,0.449635993233505
FB--GVI,145,0.9999999999999998,25.249827694901462,0.5327635902578147,0.449635993233505
FB--GVI,146,0.9999999999999998,25.22703050581347,0.532282576587026,0.449635993233505
FB--GVI,147,0.9999999999999998,25.204398178658156,0.531805041452258,0.449635993233505
FB--GVI,148,0.9999999999999998,25.181928419390488,0.5313309364498666,0.449635993233505
FB--GVI,149,0.9999999999999998,25.15961898207604,0.5308602141913272,0.449635993233505
FB--GVI,150,0.9999999999999998,25.137467666911217,0.530392828261461,0.449635993233505
FB--GVI,151,0.9999999999999998,25.115472318852717,0.5299287331895178,0.449635993233505
FB--GVI,152,0.9999999999999998,25.093630826852987,0.5294678844330444,0.449635993233505
FB--GVI,153,0.9999999999999998,25.071941122275973,0.5290102383444568,0.449635993233505
FB--GVI,154,0.9999999999999998,25.0504011782858,0.5285557521581422,0.449635993233505
FB--GVI,155,0.9999999999999998,25.02900900787437,0.5281043839488415,0.449635993233505
FB--GVI,156,0.9999999999999998,25.00776266368399,0.5276560926279068,0.449635993233505
FB--GVI,157,0.9999999999999998,24.98666023660644,0.5272108379137426,0.449635993233505
FB--GVI,158,0.9999999999999998,24.96569985459841,0.5267685803068113,0.449635993233505
FB--GVI,159,0.9999999999999998,24.944879681751964,0.5263292810700209,0.449635993233505
FB--GVI,160,0.9999999999999998,24.92419791818532,0.5258929022264198,0.449635993233505
FB--GVI,161,0.9999999999999998,24.90365279748027,0.5254594065051277,0.449635993233505
FB--GVI,162,0.9999999999999998,24.8832425877476,0.5250287573638154,0.449635993233505
FB--GVI,163,0.9999999999999998,24.86296558902737,0.5246009189338516,0.449635993233505
FB--GVI,164,0.9999999999999998,24.84282013391416,0.5241758560334954,0.449635993233505
FB--GVI,165,0.9999999999999998,24.82280458548146,0.5237535341241012,0.449635993233505
FB--GVI,166,0.9999999999999998,24.802917337710436,0.5233339193191662,0.449635993233505
FB--GVI,167,0.9999999999999998,24.78315681378208,0.5229169783482949,0.449635993233505
FB--GVI,168,0.9999999999999998,24.763521465805443,0.5225026785514647,0.449635993233505
FB--GVI,169,0.9999999999999998,24.74400977412456,0.5220909878644027,0.449635993233505
FB--GVI,170,0.9999999999999998,24.72462024651364,0.5216818748016042,0.449635993233505
FB--GVI,171,0.9999999999999998,24.705351417416143,0.5212753084402773,0.449635993233505
FB--GVI,172,0.9999999999999998,24.686201847942232,0.5208712584202895,0.449635993233505
FB--GVI,173,0.9999999999999998,24.66717012392926,0.5204696949032445,0.449635993233505
FB--GVI,174,0.9999999999999998,24.64825485697308,0.5200705885942419,0.449635993233505
FB--GVI,175,0.9999999999999998,24.62945468257567,0.519673910702794,0.449635993233505
FB--GVI,176,0.9999999999999998,24.610768259976503,0.5192796329392663,0.449635993233505
FB--GVI,177,0.9999999999999998,24.59219427187621,0.5188877275090477,0.449635993233505
FB--GVI,178,0.9999999999999998,24.573731423793884,0.5184981670989894,0.449635993233505
FB--GVI,179,0.9999999999999998,24.555378442799512,0.5181109248506603,0.449635993233505
FB--GVI,180,0.9999999999999998,24.53713407847032,0.5177259743805249,0.449635993233505
FB--GVI,181,0.9999999999999998,24.51899710087708,0.517343289737455,0.449635993233505
FB--GVI,182,0.9999999999999998,24.500966301531307,0.5169628454227156,0.449635993233505
FB--GVI,183,0.9999999999999998,24.483040490908337,0.5165846163377028,0.449635993233505
FB--GVI,184,0.9999999999999998,24.465218500873377,0.5162085778351319,0.449635993233505
FB--GVI,185,0.9999999999999998,24.447499181431745,0.5158347056504692,0.449635993233505
FB--GVI,186,0.9999999999999998,24.42988140202625,0.5154629759293061,0.449635993233505
FB--GVI,187,0.9999999999999998,24.412364050593425,0.5150933652074459,0.449635993233505
FB--GVI,188,0.9999999999999998,24.394946033042164,0.5147258503999029,0.449635993233505
FB--GVI,189,0.9999999999999998,24.37762627279852,0.5143604087912985,0.449635993233505
FB--GVI,190,0.9999999999999998,24.36040371128049,0.5139970180458784,0.449635993233505
FB--GVI,191,0.9999999999999998,24.34327730610789,0.5136356561697414,0.449635993233505
FB--GVI,192,0.9999999999999998,24.3262460320065,0.5132763015299174,0.449635993233505
FB--GVI,193,0.9999999999999998,24.30930887962151,0.5129189328293304,0.449635993233505
FB--GVI,194,0.9999999999999998,24.29246485576509,0.5125635291120232,0.449635993233505
FB--GVI,195,0.9999999999999998,24.275712982454657,0.5122100697428643,0.449635993233505
FB--GVI,196,0.9999999999999998,24.25905229761612,0.5118585344223866,0.449635993233505
FB--GVI,197,0.9999999999999998,24.24248185317548,0.5115089031465208,0.449635993233505
FB--GVI,198,0.9999999999999998,24.226000716720204,0.5111611562416492,0.449635993233505
FB--GVI,199,0.9999999999999998,24.209607968863047,0.5108152743089842,0.449635993233505
FB--GVI,200,0.9999999999999998,24.19330270550963,0.5104712382724128,0.449635993233505
FB--GVI,201,0.9999999999999998,24.177084035592436,0.5101290293306846,0.449635993233505
FB--GVI,202,0.9999999999999998,24.160951081823576,0.5097886289732954,0.449635993233505
FB--GVI,203,0.9999999999999998,24.144902979759795,0.5094500189607586,0.449635993233505
FB--GVI,204,0.9999999999999998,24.12893887809137,0.509113181330701,0.449635993233505
FB--GVI,205,0.9999999999999998,24.113057938289725,0.5087780983904281,0.449635993233505
FB--GVI,206,0.9999999999999998,24.09725933396041,0.5084447527032713,0.449635993233505
FB--GVI,207,0.9999999999999998,24.081542251151348,0.5081131270950923,0.449635993233505
FB--GVI,208,0.9999999999999998,24.065905887720024,0.5077832046409312,0.449635993233505
FB--GVI,209,0.9999999999999998,24.05034945310557,0.5074549686601969,0.449635993233505
FB--GVI,210,0.9999999999999998,24.03487216843414,0.5071284027188911,0.449635993233505
FB--GVI,211,0.9999999999999998,24.01947326603929,0.5068034906194884,0.449635993233505
FB--GVI,212,0.9999999999999998,24.00415198904214,0.5064802163920771,0.449635993233505
FB--GVI,213,0.9999999999999998,23.988907591611696,0.5061585642998531,0.449635993233505
FB--GVI,214,0.9999999999999998,23.973739338787748,0.5058385188353822,0.449635993233505
FB--GVI,215,0.9999999999999998,23.95864650529235,0.505520064695523,0.449635993233505
FB--GVI,216,0.9999999999999998,23.94362837683117,0.5052031868088852,0.449635993233505
FB--GVI,217,0.9999999999999998,23.928684248677044,0.5048878703059423,0.449635993233505
FB--GVI,218,0.9999999999999998,23.913813426177047,0.5045741005297317,0.449635993233505
FB--GVI,219,0.9999999999999998,23.89901522407602,0.5042618630215805,0.449635993233505
FB--GVI,220,0.9999999999999998,23.88428896680881,0.5039511435272719,0.449635993233505
FB--GVI,221,0.9999999999999998,23.86963398812951,0.5036419279892225,0.449635993233505
FB--GVI,222,0.9999999999999998,23.85504963086673,0.5033342025413181,0.449635993233505
FB--GVI,223,0.9999999999999998,23.840535246648702,0.5030279535031142,0.449635993233505
FB--GVI,224,0.9999999999999998,23.82609019612722,0.5027231673845604,0.449635993233505
FB--GVI,225,0.9999999999999998,23.81171384851004,0.5024198308761346,0.449635993233505
FB--GVI,226,0.9999999999999998,23.797405581557417,0.5021179308487699,0.449635993233505
FB--GVI,227,0.9999999999999998,23.78316478120932,0.5018174543459885,0.449635993233505
FB--GVI,228,0.9999999999999998,23.76899084187539,0.5015183885900204,0.449635993233505
FB--GVI,229,0.9999999999999998,23.75488316581584,0.50122072096874,0.449635993233505
FB--GVI,230,0.9999999999999998,23.74084116302021,0.5009244390331083,0.449635993233505
FB--GVI,231,0.9999999999999998,23.726864251593693,0.5006295305053242,0.449635993233505
FB--GVI,232,0.9999999999999998,23.71295185682349,0.5003359832591244,0.449635993233505
FB--GVI,233,0.9999999999999998,23.69910341221712,0.5000437853416921,0.449635993233505
FB--GVI,234,0.9999999999999998,23.685318357843567,0.49975292493865514,0.449635993233505
FB--GVI,235,0.9999999999999998,23.67159614137608,0.49946339039608917,0.449635993233505
FB--GVI,236,0.9999999999999998,23.65793621786051,0.49917517021562935,0.449635993233505
FB--GVI,237,0.9999999999999998,23.644338048727317,0.4988882530336244,0.449635993233505
FB--GVI,238,0.9999999999999998,23.630801102632503,0.4986026276388794,0.449635993233505
FB--GVI,239,0.9999999999999998,23.6173248550979,0.4983182829650665,0.449635993233505
FB--GVI,240,0.9999999999999998,23.60390878805605,0.4980352080811219,0.449635993233505
FB--GVI,241,0.9999999999999998,23.590552389975528,0.49775339219389,0.449635993233505
FB--GVI,242,0.9999999999999998,23.577255155935912,0.4974728246497053,0.449635993233505
FB--GVI,243,0.9999999999999998,23.56401658707888,0.4971934949228109,0.449635993233505
FB--GVI,244,0.9999999999999998,23.55083619108585,0.49691539262543627,0.449635993233505
FB--GVI,245,0.9999999999999998,23.53771348124719,0.496638507488158,0.449635993233505
FB--GVI,246,0.9999999999999998,23.524647977299804,0.4963628293775726,0.449635993233505
FB--GVI,247,0.9999999999999998,23.51163920478685,0.4960883482827868,0.449635993233505
FB--GVI,248,0.9999999999999998,23.49868669489457,0.4958150543119747,0.449635993233505
FB--GVI,249,0.9999999999999998,23.485789984581608,0.4955429376951062,0.449635993233505
FB--GVI,250,0.9999999999999998,23.47294861649463,0.4952719887821668,0.449635993233505
FB--GVI,251,0.9999999999999998,23.460162138857815,0.4950021980408258,0.449635993233505
FB--GVI,252,0.9999999999999998,23.4474301053029,0.4947335560528502,0.449635993233505
FB--GVI,253,0.9999999999999998,23.43475207470542,0.49446605351064965,0.449635993233505
FB--GVI,254,0.9999999999999998,23.42212761122633,0.4941996812181545,0.449635993233505
FB--GVI,255,0.9999999999999998,23.40955628433204,0.49393443009123855,0.449635993233505
FB--GVI,256,0.9999999999999998,23.397037668438564,0.4936702911502107,0.449635993233505
FB--GVI,257,0.9999999999999998,23.384571343243024,0.4934072555268097,0.449635993233505
FB--GVI,258,0.9999999999999998,23.37215689316888,0.49314531445249843,0.449635993233505
FB--GVI,259,0.9999999999999998,23.35979390737233,0.49288445925859914,0.449635993233505
FB--GVI,260,0.9999999999999998,23.34748198027709,0.4926246813875772,0.449635993233505
FB--GVI,261,0.9999999999999998,23.33522071044807,0.4923659723692757,0.449635993233505
FB--GVI,262,0.9999999999999998,23.32300970151489,0.4921083238404018,0.449635993233505
FB--GVI,263,0.9999999999999998,23.31084856161141,0.49185172753270057,0.449635993233505
FB--GVI,264,0.9999999999999998,23.29873690325356,0.49159617527037724,0.449635993233505
FB--GVI,265,0.9999999999999998,23.28667434327611,0.4913416589687637,0.449635993233505
FB--GVI,266,0.9999999999999998,23.27466050322824,0.491088170642664,0.449635993233505
FB--GVI,267,0.9999999999999998,23.262695008809366,0.4908357023944511,0.449635993233505
FB--GVI,268,0.9999999999999998,23.250777489779274,0.4905842464121705,0.449635993233505
FB--GVI,269,0.9999999999999998,23.238907580360777,0.49033379497803614,0.449635993233505
FB--GVI,270,0.9999999999999998,23.22708491851169,0.49008434045306937,0.449635993233505
FB--GVI,271,0.9999999999999998,23.215309146806185,0.48983587529569533,0.449635993233505
FB--GVI,272,0.9999999999999998,23.203579911137805,0.48958839203437676,0.449635993233505
FB--GVI,273,0.9999999999999998,23.19189686189479,0.4893418832924132,0.449635993233505
FB--GVI,274,0.9999999999999998,23.180259652970253,0.48909634176705585,0.449635993233505
FB--GVI,275,0.9999999999999998,23.168667942267447,0.4888517602401687,0.449635993233505
FB--GVI,276,0.9999999999999998,23.1571213913274,0.4886081315703716,0.449635993233505
FB--GVI,277,0.9999999999999998,23.145619665630758,0.48836544869940923,0.449635993233505
FB--GVI,278,0.9999999999999998,23.134162433850957,0.4881237046363931,0.449635993233505
FB--GVI,279,0.9999999999999998,23.12274936872686,0.48788289247621397,0.449635993233505
FB--GVI,280,0.9999999999999998,23.111380146312275,0.4876430053837069,0.449635993233505
FB--GVI,281,0.9999999999999998,23.100054446148167,0.487404036597285,0.449635993233505
FB--GVI,282,0.9999999999999998,23.088771951347383,0.48716597943072676,0.449635993233505
FB--GVI,283,0.9999999999999998,23.077532348375183,0.48692882726854586,0.449635993233505
FB--GVI,284,0.9999999999999998,23.06633532689056,0.4866925735626425,0.449635993233505
FB--GVI,285,0.9999999999999998,23.0551805800559,0.48645721183883756,0.449635993233505
FB--GVI,286,0.9999999999999998,23.044067804128943,0.4862227356882628,0.449635993233505
FB--GVI,287,0.9999999999999998,23.032996698819773,0.48598913877489347,0.449635993233505
FB--GVI,288,0.9999999999999998,23.02196696672155,0.4857564148235369,0.449635993233505
FB--GVI,289,0.9999999999999998,23.01097831360435,0.48552455762603214,0.449635993233505
FB--GVI,290,0.9999999999999998,23.000030448420254,0.4852935610413578,0.449635993233505
FB--GVI,291,0.9999999999999998,22.98912308318005,0.4850634189930302,0.449635993233505
FB--GVI,292,0.9999999999999998,22.978255932771475,0.4848341254652683,0.449635993233505
FB--GVI,293,0.9999999999999998,22.967428714923223,0.48460567450223446,0.449635993233505
FB--GVI,294,0.9999999999999998,22.956641150496942,0.48437806021419544,0.449635993233505
FB--GVI,295,0.9999999999999998,22.94589296330356,0.48415127677364683,0.449635993233505
FB--GVI,296,0.9999999999999998,22.935183879677908,0.4839253184063378,0.449635993233505
FB--GVI,297,0.9999999999999998,22.924513628902844,0.4837001794002201,0.449635993233505
FB--GVI,298,0.9999999999999998,22.91388194303481,0.483475854101767,0.449635993233505
FB--GVI,299,0.9999999999999998,22.903288556895674,0.4832523369158017,0.449635993233505
FB--GVI,300,0.9999999999999998,22.892733207784875,0.4830296222994232,0.449635993233505
FB--GVI,301,0.9999999999999998,22.88221563576595,0.48280770476805207,0.449635993233505
FB--GVI,302,0.9999999999999998,22.871735583664343,0.48258657889538453,0.449635993233505
FB--GVI,303,0.9999999999999998,22.86129279671775,0.48236623930601424,0.449635993233505
FB--GVI,304,0.9999999999999998,22.850887022602755,0.482146680675995,0.449635993233505
FB--GVI,305,0.9999999999999998,22.84051801166285,0.4819278977376511,0.449635993233505
FB--GVI,306,0.9999999999999998,22.83018551678683,0.4817098852770124,0.449635993233505
FB--GVI,307,0.9999999999999998,22.819889293157004,0.4814926381285009,0.449635993233505
FB--GVI,308,0.9999999999999998,22.809629098359625,0.48127615117726125,0.449635993233505
FB--GVI,309,0.9999999999999998,22.79940469249822,0.4810604193615517,0.449635993233505
FB--GVI,310,0.9999999999999998,22.78921583779687,0.4808454376643735,0.449635993233505
FB--GVI,311,0.9999999999999998,22.77906229900617,0.4806312011220367,0.449635993233505
FB--GVI,312,0.9999999999999998,22.768943843064772,0.4804177048170186,0.449635993233505
FB--GVI,313,0.9999999999999998,22.7588602393392,0.48020494388302387,0.449635993233505
FB--GVI,314,0.9999999999999998,22.74881125909396,0.479992913493804,0.449635993233505
FB--GVI,315,0.9999999999999998,22.738796676029512,0.4797816088745085,0.449635993233505
FB--GVI,316,0.9999999999999998,22.728816266049737,0.47957102529677803,0.449635993233505
FB--GVI,317,0.9999999999999998,22.718869807110487,0.4793611580755495,0.449635993233505
FB--GVI,318,0.9999999999999998,22.708957079250524,0.47915200256970863,0.449635993233505
FB--GVI,319,0.9999999999999998,22.699077864635274,0.4789435541830129,0.449635993233505
FB--GVI,320,0.9999999999999998,22.689231947578907,0.47873580836455765,0.449635993233505
FB--GVI,321,0.9999999999999998,22.679419114341275,0.4785287606044917,0.449635993233505
FB--GVI,322,0.9999999999999998,22.6696391531954,0.47832240643544083,0.449635993233505
FB--GVI,323,0.9999999999999998,22.65989185439428,0.478116741431808,0.449635993233505
FB--GVI,324,0.9999999999999998,22.65017701035515,0.47791176121366075,0.449635993233505
FB--GVI,325,0.9999999999999998,22.64049441505924,0.47770746143406645,0.449635993233505
FB--GVI,326,0.9999999999999998,22.63084386475292,0.47750383779388617,0.449635993233505
FB--GVI,327,0.9999999999999998,22.62122515734708,0.4773008860291021,0.449635993233505
FB--GVI,328,0.9999999999999998,22.611638092754983,0.47709860191794556,0.449635993233505
FB--GVI,329,0.9999999999999998,22.60208247267086,0.4768969812762259,0.449635993233505
FB--GVI,330,0.9999999999999998,22.592558100609786,0.4766960199581717,0.449635993233505
FB--GVI,331,0.9999999999999998,22.58306478205317,0.47649571385950057,0.449635993233505
FB--GVI,332,0.9999999999999998,22.573602323833125,0.47629605890442955,0.449635993233505
FB--GVI,333,0.9999999999999998,22.564170535063443,0.4760970510653185,0.449635993233505
FB--GVI,334,0.9999999999999998,22.55476922624937,0.4758986863438864,0.449635993233505
FB--GVI,335,0.9999999999999998,22.545398209769704,0.47570096078138363,0.449635993233505
FB--GVI,336,0.9999999999999998,22.53605729963753,0.4755038704535436,0.449635993233505
FB--GVI,337,0.9999999999999998,22.52674631143942,0.4753074114692997,0.449635993233505
FB--GVI,338,0.9999999999999998,22.517465062662733,0.4751115799776915,0.449635993233505
FB--GVI,339,0.9999999999999998,22.508213372296115,0.47491637215943505,0.449635993233505
FB--GVI,340,0.9999999999999998,22.498991060737364,0.4747217842249792,0.449635993233505
FB--GVI,341,0.9999999999999998,22.48979795049018,0.4745278124292067,0.449635993233505
FB--GVI,342,0.9999999999999998,22.480633865167636,0.4743344530504078,0.449635993233505
FB--GVI,343,0.9999999999999998,22.47149863008855,0.47414170240286313,0.449635993233505
FB--GVI,344,0.9999999999999998,22.462392072090903,0.4739495568329075,0.449635993233505
FB--GVI,345,0.9999999999999998,22.453314019662702,0.4737580127216907,0.449635993233505
FB--GVI,346,0.9999999999999998,22.444264302760047,0.4735670664813388,0.449635993233505
FB--GVI,347,0.9999999999999998,22.43524275261152,0.47337671455082675,0.449635993233505
FB--GVI,348,0.9999999999999998,22.42624920228679,0.4731869534079761,0.449635993233505
FB--GVI,349,0.9999999999999998,22.417283485961253,0.4729977795539386,0.449635993233505
FB--GVI,350,0.9999999999999998,22.408345439431308,0.472809189524069,0.449635993233505
FB--GVI,351,0.9999999999999998,22.39943489987661,0.47262117988290797,0.449635993233505
FB--GVI,352,0.9999999999999998,22.390551705925706,0.4724337472255677,0.449635993233505
FB--GVI,353,0.9999999999999998,22.38169569746557,0.4722468881737125,0.449635993233505
FB--GVI,354,0.9999999999999998,22.372866715911314,0.47206059938125017,0.449635993233505
FB--GVI,355,0.9999999999999998,22.36406460394865,0.47187487752889756,0.449635993233505
FB--GVI,356,0.9999999999999998,22.355289205669745,0.47168971932704756,0.449635993233505
FB--GVI,357,0.9999999999999998,22.346540366381287,0.47150512151171875,0.449635993233505
FB--GVI,358,0.9999999999999998,22.337817932639418,0.47132108084529306,0.449635993233505
FB--GVI,359,0.9999999999999998,22.32912175267653,0.47113759412552064,0.449635993233505
FB--GVI,360,0.9999999999999998,22.32045167572876,0.47095465817133036,0.449635993233505
FB--GVI,361,0.9999999999999998,22.31180755215716,0.4707722698253866,0.449635993233505
FB--GVI,362,0.9999999999999998,22.30318923390927,0.470590425963828,0.449635993233505
FB--GVI,363,0.9999999999999998,22.2945965738874,0.4704091234829386,0.449635993233505
FB--GVI,364,0.9999999999999998,22.28602942643792,0.47022835930947166,0.449635993233505
FB--GVI,365,0.9999999999999998,22.277487646997614,0.4700481303931877,0.449635993233505
FB--GVI,366,0.9999999999999998,22.26897109230904,0.46986843371139897,0.449635993233505
FB--GVI,367,0.9999999999999998,22.260479620058028,0.4696892662613202,0.449635993233505
FB--GVI,368,0.9999999999999998,22.252013089420508,0.4695106250716069,0.449635993233505
FB--GVI,369,0.9999999999999998,22.24357136055338,0.4693325071916127,0.449635993233505
FB--GVI,370,0.9999999999999998,22.235154294804158,0.46915490969581286,0.449635993233505
FB--GVI,371,0.9999999999999998,22.22676175462482,0.46897782968198654,0.449635993233505
FB--GVI,372,0.9999999999999998,22.2183936035892,0.4688012642715834,0.449635993233505
FB--GVI,373,0.9999999999999998,22.21004970641881,0.4686252106102693,0.449635993233505
FB--GVI,374,0.9999999999999998,22.201729928974554,0.4684496658677504,0.449635993233505
FB--GVI,375,0.9999999999999998,22.19343413813466,0.46827462723519836,0.449635993233505
FB--GVI,376,0.9999999999999998,22.18516220179569,0.46810009192527136,0.449635993233505
FB--GVI,377,0.9999999999999998,22.1769139891386,0.4679260571777278,0.449635993233505
FB--GVI,378,0.9999999999999998,22.168689370154,0.4677525202494095,0.449635993233505
FB--GVI,379,0.9999999999999998,22.160488216057114,0.4675794784229975,0.449635993233505
FB--GVI,380,0.9999999999999998,22.15231039891372,0.467406928999119,0.449635993233505
FB--GVI,381,0.9999999999999998,22.144155791969933,0.46723486930330604,0.449635993233505
FB--GVI,382,0.9999999999999998,22.13602426934633,0.46706329667954166,0.449635993233505
FB--GVI,383,0.9999999999999998,22.127915706366736,0.46689220849719687,0.449635993233505
FB--GVI,384,0.9999999999999998,22.11982997913408,0.46672160214208164,0.449635993233505
FB--GVI,385,0.9999999999999998,22.11176696488321,0.466551475023889,0.449635993233505
FB--GVI,386,0.9999999999999998,22.1037265416228,0.4663818245686397,0.449635993233505
FB--GVI,387,0.9999999999999998,22.09570858854739,0.46621264822737546,0.449635993233505
FB--GVI,388,0.9999999999999998,22.08771298565648,0.46604394346812295,0.449635993233505
FB--GVI,389,0.9999999999999998,22.079739613841223,0.46587570777772197,0.449635993233505
FB--GVI,390,0.9999999999999998,22.07178835521283,0.4657079386687555,0.449635993233505
FB--GVI,391,0.9999999999999998,22.06385909237599,0.4655406336642185,0.449635993233505
FB--GVI,392,0.9999999999999998,22.05595170917807,0.4653737903133263,0.449635993233505
FB--GVI,393,0.9999999999999998,22.0480660902612,0.46520740618206335,0.449635993233505
FB--GVI,394,0.9999999999999998,22.040202121117854,0.465041478854356,0.449635993233505
FB--GVI,395,0.9999999999999998,22.032359688077698,0.46487600593179523,0.449635993233505
FB--GVI,396,0.9999999999999998,22.024538678480223,0.4647109850372791,0.449635993233505
FB--GVI,397,0.9999999999999998,22.016738980519285,0.4645464138117323,0.449635993233505
FB--GVI,398,0.9999999999999998,22.00896048312832,0.4643822899116845,0.449635993233505
FB--GVI,399,0.9999999999999998,22.00120307620389,0.4642186110139871,0.449635993233505
FB--GVI,400,0.9999999999999998,21.993466650348875,0.4640553748103946,0.449635993233505
FB--GVI,401,0.9999999999999998,21.985751097053825,0.4638925790113909,0.449635993233505
FB--GVI,402,0.9999999999999998,21.97805630888013,0.46373022135005454,0.449635993233505
FB--GVI,403,0.9999999999999998,21.97038217872993,0.4635682995666536,0.449635993233505
FB--GVI,404,0.9999999999999998,21.96272860070421,0.46340681142675133,0.449635993233505
FB--GVI,405,0.9999999999999998,21.95509546945805,0.46324575470760254,0.449635993233505
FB--GVI,406,0.9999999999999998,21.947482680528772,0.4630851272050768,0.449635993233505
FB--GVI,407,0.9999999999999998,21.93989013029659,0.46292492673282853,0.449635993233505
FB--GVI,408,0.9999999999999998,21.9323177158644,0.4627651511197606,0.449635993233505
FB--GVI,409,0.9999999999999998,21.924765335042224,0.4626057982096958,0.449635993233505
FB--GVI,410,0.9999999999999998,21.917232886413508,0.46244686586277617,0.449635993233505
FB--GVI,411,0.9999999999999998,21.909720269530244,0.46228835195957957,0.449635993233505
FB--GVI,412,0.9999999999999998,21.902227384231576,0.46213025438674293,0.449635993233505
FB--GVI,413,0.9999999999999998,21.894754131618303,0.46197257105752343,0.449635993233505
FB--GVI,414,0.9999999999999998,21.88730041320792,0.4618152998939706,0.449635993233505
FB--GVI,415,0.9999999999999998,21.8798661312175,0.4616584388328947,0.449635993233505
FB--GVI,416,0.9999999999999998,21.872451188745085,0.4615019858296943,0.449635993233505
FB--GVI,417,0.9999999999999998,21.86505548949316,0.4613459388525215,0.449635993233505
FB--GVI,418,0.9999999999999998,21.857678937827888,0.4611902958835319,0.449635993233505
FB--GVI,419,0.9999999999999998,21.850321438986647,0.4610350549232631,0.449635993233505
FB--GVI,420,0.9999999999999998,21.842982898777876,0.46088021398430234,0.449635993233505
FB--GVI,421,0.9999999999999998,21.83566322364864,0.46072577109271146,0.449635993233505
FB--GVI,422,0.9999999999999998,21.828362320720355,0.4605717242887809,0.449635993233505
FB--GVI,423,0.9999999999999998,21.82108009791521,0.4604180716296972,0.449635993233505
FB--GVI,424,0.9999999999999998,21.813816463719203,0.4602648111845431,0.449635993233505
FB--GVI,425,0.9999999999999998,21.80657132728176,0.4601119410363995,0.449635993233505
FB--GVI,426,0.9999999999999998,21.799344598423016,0.459959459282499,0.449635993233505
FB--GVI,427,0.9999999999999998,21.792136187559304,0.4598073640326538,0.449635993233505
FB--GVI,428,0.9999999999999998,21.784946005791383,0.45965565341111725,0.449635993233505
FB--GVI,429,0.9999999999999998,21.777773964886467,0.4595043255562048,0.449635993233505
FB--GVI,430,0.9999999999999998,21.77061997713151,0.4593533786171981,0.449635993233505
FB--GVI,431,0.9999999999999998,21.763483955542632,0.4592028107587642,0.449635993233505
FB--GVI,432,0.9999999999999998,21.756365813710826,0.45905262015769943,0.449635993233505
FB--GVI,433,0.9999999999999998,21.74926546573958,0.45890280500161407,0.449635993233505
FB--GVI,434,0.9999999999999998,21.74218282654309,0.4587533634952237,0.449635993233505
FB--GVI,435,0.9999999999999998,21.735117811391937,0.4586042938507638,0.449635993233505
FB--GVI,436,0.9999999999999998,21.72807033637607,0.45845559429775795,0.449635993233505
FB--GVI,437,0.9999999999999998,21.72104031795697,0.4583072630735693,0.449635993233505
FB--GVI,438,0.9999999999999998,21.71402767342755,0.45815929843310366,0.449635993233505
FB--GVI,439,0.9999999999999998,21.70703232040736,0.45801169863815894,0.449635993233505
FB--GVI,440,0.9999999999999998,21.70005417718868,0.45786446196472735,0.449635993233505
FB--GVI,441,0.9999999999999998,21.693093162751083,0.4577175867033029,0.449635993233505
FB--GVI,442,0.9999999999999998,21.68614919631324,0.4575710711494244,0.449635993233505
FB--GVI,443,0.9999999999999998,21.679222198045117,0.45742491361870274,0.449635993233505
FB--GVI,444,0.9999999999999998,21.672312088445032,0.45727911243367686,0.449635993233505
FB--GVI,445,0.9999999999999998,21.665418788493213,0.45713366592705384,0.449635993233505
FB--GVI,446,0.9999999999999998,21.658542219830903,0.4569885724454882,0.449635993233505
FB--GVI,447,0.9999999999999998,21.6516823046632,0.45684383034753134,0.449635993233505
FB--GVI,448,0.9999999999999998,21.644838965606063,0.4566994380004038,0.449635993233505
FB--GVI,449,0.9999999999999998,21.638012125913537,0.45655539378478965,0.449635993233505
FB--GVI,450,0.9999999999999998,21.631201709253915,0.45641169609011334,0.449635993233505
FB--GVI,451,0.9999999999999998,21.624407639912476,0.45626834331881755,0.449635993233505
FB--GVI,452,0.9999999999999998,21.617629842702957,0.4561253338844953,0.449635993233505
FB--GVI,453,0.9999999999999998,21.61086824268992,0.4559826662060319,0.449635993233505
FB--GVI,454,0.9999999999999998,21.60412276583238,0.4558403387211853,0.449635993233505
FB--GVI,455,0.9999999999999998,21.597393338348045,0.455698349873172,0.449635993233505
FB--GVI,456,0.9999999999999998,21.590679886902027,0.45555669811464833,0.449635993233505
FB--GVI,457,0.9999999999999998,21.58398233876777,0.45541538191110637,0.449635993233505
FB--GVI,458,0.9999999999999998,21.57730062180931,0.4552743997404996,0.449635993233505
FB--GVI,459,0.9999999999999998,21.570634664098502,0.4551337500851661,0.449635993233505
FB--GVI,460,0.9999999999999998,21.56398439425145,0.4549934314389278,0.449635993233505
FB--GVI,461,0.9999999999999998,21.55734974161958,0.4548534423111215,0.449635993233505
FB--GVI,462,0.9999999999999998,21.550730635761443,0.45471378121545436,0.449635993233505
FB--GVI,463,0.9999999999999998,21.544127006743587,0.45457444667635194,0.449635993233505
FB--GVI,464,0.9999999999999998,21.537538785132845,0.4544354372287959,0.449635993233505
FB--GVI,465,0.9999999999999998,21.530965901933573,0.45429675141699943,0.449635993233505
FB--GVI,466,0.9999999999999998,21.52440828852369,0.45415838779305767,0.449635993233505
FB--GVI,467,0.9999999999999998,21.51786587693897,0.45402034492294635,0.449635993233505
FB--GVI,468,0.9999999999999998,21.51133859953477,0.4538826213793844,0.449635993233505
FB--GVI,469,0.9999999999999998,21.50482638902988,0.453745215742759,0.449635993233505
FB--GVI,470,0.9999999999999998,21.49832917865197,0.45360812660419453,0.449635993233505
FB--GVI,471,0.9999999999999998,21.49184690212344,0.45347135256525406,0.449635993233505
FB--GVI,472,0.9999999999999998,21.485379493536783,0.4533348922353094,0.449635993233505
FB--GVI,473,0.9999999999999998,21.47892688740311,0.4531987442325652,0.449635993233505
FB--GVI,474,0.9999999999999998,21.472489018599163,0.4530629071829408,0.449635993233505
FB--GVI,475,0.9999999999999998,21.466065822549467,0.45292737972391356,0.449635993233505
FB--GVI,476,0.9999999999999998,21.459657235016607,0.4527921605000938,0.449635993233505
FB--GVI,477,0.9999999999999998,21.453263192242936,0.4526572481662147,0.449635993233505
FB--GVI,478,0.9999999999999998,21.44688363070546,0.4525226413819608,0.449635993233505
FB--GVI,479,0.9999999999999998,21.44051848752336,0.45238833882056606,0.449635993233505
FB--GVI,480,0.9999999999999998,21.43416770009411,0.45225433916113655,0.449635993233505
FB--GVI,481,0.9999999999999998,21.4278312061403,0.452120641089638,0.449635993233505
FB--GVI,482,0.9999999999999998,21.421508943864563,0.45198724330216505,0.449635993233505
FB--GVI,483,0.9999999999999998,21.41520085190212,0.45185414450393974,0.449635993233505
FB--GVI,484,0.9999999999999998,21.408906869163395,0.4517213434059908,0.449635993233505
FB--GVI,485,0.9999999999999998,21.40262693513213,0.4515888387314439,0.449635993233505
FB--GVI,486,0.9999999999999998,21.396360989411665,0.45145662920594803,0.449635993233505
FB--GVI,487,0.9999999999999998,21.3901089721981,0.4513247135676593,0.449635993233505
FB--GVI,488,0.9999999999999998,21.3838708239592,0.45119309056046597,0.449635993233505
FB--GVI,489,0.9999999999999998,21.377646485561684,0.45106175893667394,0.449635993233505
FB--GVI,490,0.9999999999999998,21.371435898303776,0.45093071745769386,0.449635993233505
FB--GVI,491,0.9999999999999998,21.365239003721143,0.4507999648899462,0.449635993233505
FB--GVI,492,0.9999999999999998,21.359055743729314,0.4506695000078667,0.449635993233505
FB--GVI,493,0.9999999999999998,21.35288606081008,0.45053932159783866,0.449635993233505
FB--GVI,494,0.9999999999999998,21.346729897461,0.4504094284465784,0.449635993233505
FB--GVI,495,0.9999999999999998,21.340587196908213,0.45027981935617495,0.449635993233505
FB--GVI,496,0.9999999999999998,21.33445790241344,0.450150493129468,0.449635993233505
FB--GVI,497,0.9999999999999998,21.32834195771851,0.45002144857942744,0.449635993233505
FB--GVI,498,0.9999999999999998,21.322239307002302,0.4498926845282449,0.449635993233505
FB--GVI,499,0.9999999999999998,21.316149894580832,0.4497641998010054,0.449635993233505
FB--GVI,500,0.9999999999999998,21.31007366527775,0.449635993233505,0.449635993233505
