job_id,method,iteration,flow_time,step_size,normalized_gap,resolution_floor
F2global_d10_k1_rho1,FR--R,0.0,0.0,1.672208902613454,1.0,8.872094199570216e-16
F2global_d10_k1_rho1,FR--R,1.0,1.672208902613454,1.672208902613454,0.3504246925477744,8.872094199570216e-16
F2global_d10_k1_rho1,FR--R,2.0,3.344417805226908,1.672208902613454,0.4246178750661256,8.872094199570216e-16
F2global_d10_k1_rho1,FR--R,3.0,5.016626707840362,1.672208902613454,0.07432434659833212,8.872094199570216e-16
F2global_d10_k1_rho1,FR--R,4.0,6.688835610453816,1.672208902613454,0.06677393119970075,8.872094199570216e-16
F2global_d10_k1_rho1,FR--R,5.0,8.36104451306727,1.672208902613454,0.016449172765012555,8.872094199570216e-16
F2global_d10_k1_rho1,FR--R,6.0,10.033253415680724,1.672208902613454,0.01033812653263302,8.872094199570216e-16
F2global_d10_k1_rho1,FR--R,7.0,11.705462318294177,1.672208902613454,0.0039632575173761736,8.872094199570216e-16
F2global_d10_k1_rho1,FR--R,8.0,13.377671220907631,1.672208902613454,0.0021606339637069397,8.872094199570216e-16
F2global_d10_k1_rho1,FR--R,9.0,15.049880123521085,1.672208902613454,0.0009544990937524971,8.872094199570216e-16
F2global_d10_k1_rho1,FR--R,10.0,16.72208902613454,1.672208902613454,0.0004897458460806599,8.872094199570216e-16
F2global_d10_k1_rho1,FR--R,11.0,18.394297928747992,1.672208902613454,0.0002284886316975206,8.872094199570216e-16
F2global_d10_k1_rho1,FR--R,12.0,20.066506831361448,1.672208902613454,0.00011428679674349934,8.872094199570216e-16
F2global_d10_k1_rho1,FR--R,13.0,21.7387157339749,1.672208902613454,5.466946281350733e-05,8.872094199570216e-16
F2global_d10_k1_rho1,FR--R,14.0,23.410924636588355,1.672208902613454,2.70686949502296e-05,8.872094199570216e-16
F2global_d10_k1_rho1,FR--R,15.0,25.083133539201807,1.672208902613454,1.3121520136880015e-05,8.872094199570216e-16
F2global_d10_k1_rho1,FR--R,16.0,26.755342441815262,1.672208902613454,6.475899581572136e-06,8.872094199570216e-16
F2global_d10_k1_rho1,FR--R,17.0,28.427551344428718,1.672208902613454,3.1646886330744175e-06,8.872094199570216e-16
F2global_d10_k1_rho1,FR--R,18.0,30.09976024704217,1.672208902613454,1.5618500375577476e-06,8.872094199570216e-16
F2global_d10_k1_rho1,FR--R,19.0,31.771969149655625,1.672208902613454,7.675287791367331e-07,8.872094199570216e-16
F2global_d10_k1_rho1,FR--R,20.0,33.44417805226908,1.672208902613454,3.7935652423220166e-07,8.872094199570216e-16
F2global_d10_k1_rho1,FR--R,21.0,35.11638695488253,1.672208902613454,1.8722209381370342e-07,8.872094199570216e-16
F2global_d10_k1_rho1,FR--R,22.0,36.788595857495984,1.672208902613454,9.273453590168524e-08,8.872094199570216e-16
F2global_d10_k1_rho1,FR--R,23.0,38.46080476010944,1.672208902613454,4.592807289348365e-08,8.872094199570216e-16
F2global_d10_k1_rho1,FR--R,24.0,40.133013662722895,1.672208902613454,2.280324415652769e-08,8.872094199570216e-16
F2global_d10_k1_rho1,FR--R,25.0,41.80522256533635,1.672208902613454,1.1327931129249282e-08,8.872094199570216e-16
F2global_d10_k1_rho1,FR--R,26.0,43.4774314679498,1.672208902613454,5.637812183540792e-09,8.872094199570216e-16
F2global_d10_k1_rho1,FR--R,27.0,45.149640370563255,1.672208902613454,2.808209007793974e-09,8.872094199570216e-16
F2global_d10_k1_rho1,FR--R,28.0,46.82184927317671,1.672208902613454,1.4008442310809999e-09,8.872094199570216e-16
F2global_d10_k1_rho1,FR--R,29.0,48.494058175790165,1.672208902613454,6.994386438984776e-10,8.872094199570216e-16
F2global_d10_k1_rho1,FR--R,30.0,50.166267078403614,1.672208902613454,3.496598789181016e-10,8.872094199570216e-16
F2global_d10_k1_rho1,FR--R,31.0,51.83847598101707,1.672208902613454,1.749608028484945e-10,8.872094199570216e-16
F2global_d10_k1_rho1,FR--R,32.0,53.510684883630525,1.672208902613454,8.76385465033546e-11,8.872094199570216e-16
F2global_d10_k1_rho1,FR--R,33.0,55.18289378624398,1.672208902613454,4.3936828499821594e-11,8.872094199570216e-16
F2global_d10_k1_rho1,FR--R,34.0,56.855102688857436,1.672208902613454,2.204759769064196e-11,8.872094199570216e-16
F2global_d10_k1_rho1,FR--R,35.0,58.527311591470884,1.672208902613454,1.107192995635365e-11,8.872094199570216e-16
F2global_d10_k1_rho1,FR--R,36.0,60.19952049408434,1.672208902613454,5.56457748197044e-12,8.872094199570216e-16
F2global_d10_k1_rho1,FR--R,37.0,61.871729396697795,1.672208902613454,2.7991457199644025e-12,8.872094199570216e-16
F2global_d10_k1_rho1,FR--R,38.0,63.54393829931125,1.672208902613454,1.4080013494717933e-12,8.872094199570216e-16
F2global_d10_k1_rho1,FR--R,39.0,65.2161472019247,1.672208902613454,7.093239312556387e-13,8.872094199570216e-16
F2global_d10_k1_rho1,FR--R,40.0,66.88835610453816,1.672208902613454,3.575453962426797e-13,8.872094199570216e-16
F2global_d10_k1_rho1,FR--R,41.0,68.56056500715161,1.672208902613454,1.801035122512754e-13,8.872094199570216e-16
F2global_d10_k1_rho1,FR--R,42.0,70.23277390976506,1.672208902613454,9.049536083561622e-14,8.872094199570216e-16
F2global_d10_k1_rho1,FR--R,43.0,71.90498281237852,1.672208902613454,4.5691285127786614e-14,8.872094199570216e-16
F2global_d10_k1_rho1,FR--R,44.0,73.57719171499197,1.672208902613454,2.3511049628861075e-14,8.872094199570216e-16
F2global_d10_k1_rho1,FR--R,45.0,75.24940061760543,1.672208902613454,1.1533722459441281e-14,8.872094199570216e-16
F2global_d10_k1_rho1,FR--R,46.0,76.92160952021888,1.672208902613454,6.2104659396991506e-15,8.872094199570216e-16
F2global_d10_k1_rho1,FR--R,47.0,78.59381842283233,1.672208902613454,3.1052329698495757e-15,8.872094199570216e-16
F2global_d10_k1_rho1,FR--R,48.0,80.26602732544579,1.672208902613454,1.7744188399140431e-15,8.872094199570216e-16
F2global_d10_k1_rho1,FR--R,49.0,81.93823622805924,1.672208902613454,8.872094199570216e-16,8.872094199570216e-16
F2global_d10_k1_rho1,FR--R,50.0,83.6104451306727,1.672208902613454,8.872094199570216e-16,8.872094199570216e-16
F2global_d10_k1_rho1,FR--R,51.0,85.28265403328615,1.672208902613454,4.436047099785108e-16,8.872094199570216e-16
F2global_d10_k1_rho1,FR--R,52.0,86.9548629358996,1.672208902613454,4.436047099785108e-16,8.872094199570216e-16
F2global_d10_k1_rho1,FR--R,53.0,88.62707183851306,1.672208902613454,8.872094199570216e-16,8.872094199570216e-16
F2global_d10_k1_rho1,FR--R,54.0,90.29928074112651,1.672208902613454,0.0,8.872094199570216e-16
F2global_d10_k1_rho1,FR--R,55.0,91.97148964373996,1.672208902613454,4.436047099785108e-16,8.872094199570216e-16
F2global_d10_k1_rho1,FR--R,56.0,93.64369854635342,1.672208902613454,-4.436047099785108e-16,8.872094199570216e-16
F2global_d10_k1_rho1,FR--R,57.0,95.31590744896687,1.672208902613454,4.436047099785108e-16,8.872094199570216e-16
F2global_d10_k1_rho1,FR--R,58.0,96.98811635158033,1.672208902613454,0.0,8.872094199570216e-16
F2global_d10_k1_rho1,FR--R,59.0,98.66032525419378,1.672208902613454,0.0,8.872094199570216e-16
F2global_d10_k1_rho1,FR--R,60.0,100.33253415680723,1.672208902613454,-4.436047099785108e-16,8.872094199570216e-16
F2global_d10_k1_rho1,FR--R,61.0,102.00474305942069,1.672208902613454,8.872094199570216e-16,8.872094199570216e-16
F2global_d10_k1_rho1,FR--R,62.0,103.67695196203414,1.672208902613454,4.436047099785108e-16,8.872094199570216e-16
F2global_d10_k1_rho1,FR--R,63.0,105.3491608646476,1.672208902613454,4.436047099785108e-16,8.872094199570216e-16
F2global_d10_k1_rho1,FR--R,64.0,107.02136976726105,1.672208902613454,4.436047099785108e-16,8.872094199570216e-16
F2global_d10_k1_rho1,FR--R,65.0,108.6935786698745,1.672208902613454,0.0,8.872094199570216e-16
F2global_d10_k1_rho1,FR--R,66.0,110.36578757248796,1.672208902613454,0.0,8.872094199570216e-16
F2global_d10_k1_rho1,FR--R,67.0,112.03799647510141,1.672208902613454,0.0,8.872094199570216e-16
F2global_d10_k1_rho1,FR--R,68.0,113.71020537771487,1.672208902613454,0.0,8.872094199570216e-16
F2global_d10_k1_rho1,FR--R,69.0,115.38241428032832,1.672208902613454,0.0,8.872094199570216e-16
F2global_d10_k1_rho1,FR--R,70.0,117.05462318294177,1.672208902613454,-4.436047099785108e-16,8.872094199570216e-16
F2global_d10_k1_rho1,FR--R,71.0,118.72683208555523,1.672208902613454,4.436047099785108e-16,8.872094199570216e-16
F2global_d10_k1_rho1,FR--R,72.0,120.39904098816868,1.672208902613454,0.0,8.872094199570216e-16
F2global_d10_k1_rho1,FR--R,73.0,122.07124989078214,1.672208902613454,-4.436047099785108e-16,8.872094199570216e-16
F2global_d10_k1_rho1,FR--R,74.0,123.74345879339559,1.672208902613454,4.436047099785108e-16,8.872094199570216e-16
F2global_d10_k1_rho1,FR--R,75.0,125.41566769600904,1.672208902613454,0.0,8.872094199570216e-16
F2global_d10_k1_rho1,FR--R,76.0,127.0878765986225,1.672208902613454,0.0,8.872094199570216e-16
F2global_d10_k1_rho1,FR--R,77.0,128.76008550123595,1.672208902613454,4.436047099785108e-16,8.872094199570216e-16
F2global_d10_k1_rho1,FR--R,78.0,130.4322944038494,1.672208902613454,0.0,8.872094199570216e-16
F2global_d10_k1_rho1,FR--R,79.0,132.10450330646285,1.672208902613454,4.436047099785108e-16,8.872094199570216e-16
F2global_d10_k1_rho1,FR--R,80.0,133.77671220907632,1.672208902613454,0.0,8.872094199570216e-16
F2global_d10_k1_rho1,FR--R,81.0,135.44892111168977,1.672208902613454,-4.436047099785108e-16,8.872094199570216e-16
F2global_d10_k1_rho1,FR--R,82.0,137.12113001430322,1.672208902613454,0.0,8.872094199570216e-16
F2global_d10_k1_rho1,FR--R,83.0,138.79333891691667,1.672208902613454,0.0,8.872094199570216e-16
F2global_d10_k1_rho1,FR--R,84.0,140.46554781953012,1.672208902613454,0.0,8.872094199570216e-16
F2global_d10_k1_rho1,FR--R,85.0,142.1377567221436,1.672208902613454,4.436047099785108e-16,8.872094199570216e-16
F2global_d10_k1_rho1,FR--R,86.0,143.80996562475704,1.672208902613454,-4.436047099785108e-16,8.872094199570216e-16
F2global_d10_k1_rho1,FR--R,87.0,145.4821745273705,1.672208902613454,0.0,8.872094199570216e-16
F2global_d10_k1_rho1,FR--R,88.0,147.15438342998394,1.672208902613454,0.0,8.872094199570216e-16
F2global_d10_k1_rho1,FR--R,89.0,148.8265923325974,1.672208902613454,8.872094199570216e-16,8.872094199570216e-16
F2global_d10_k1_rho1,FR--R,90.0,150.49880123521086,1.672208902613454,0.0,8.872094199570216e-16
F2global_d10_k1_rho1,FR--R,91.0,152.1710101378243,1.672208902613454,0.0,8.872094199570216e-16
F2global_d10_k1_rho1,FR--R,92.0,153.84321904043776,1.672208902613454,-4.436047099785108e-16,8.872094199570216e-16
F2global_d10_k1_rho1,FR--R,93.0,155.5154279430512,1.672208902613454,0.0,8.872094199570216e-16
F2global_d10_k1_rho1,FR--R,94.0,157.18763684566466,1.672208902613454,0.0,8.872094199570216e-16
F2global_d10_k1_rho1,FR--R,95.0,158.85984574827813,1.672208902613454,0.0,8.872094199570216e-16
F2global_d10_k1_rho1,FR--R,96.0,160.53205465089158,1.672208902613454,-4.436047099785108e-16,8.872094199570216e-16
F2global_d10_k1_rho1,FR--R,97.0,162.20426355350503,1.672208902613454,0.0,8.872094199570216e-16
F2global_d10_k1_rho1,FR--R,98.0,163.87647245611848,1.672208902613454,0.0,8.872094199570216e-16
F2global_d10_k1_rho1,FR--R,99.0,165.54868135873193,1.672208902613454,0.0,8.872094199570216e-16
F2global_d10_k1_rho1,FR--R,100.0,167.2208902613454,1.672208902613454,-4.436047099785108e-16,8.872094199570216e-16
F2global_d10_k1_rho1,FR--R,101.0,168.89309916395885,1.672208902613454,0.0,8.872094199570216e-16
F2global_d10_k1_rho1,FR--R,102.0,170.5653080665723,1.672208902613454,0.0,8.872094199570216e-16
F2global_d10_k1_rho1,FR--R,103.0,172.23751696918575,1.672208902613454,-4.436047099785108e-16,8.872094199570216e-16
F2global_d10_k1_rho1,FR--R,104.0,173.9097258717992,1.672208902613454,0.0,8.872094199570216e-16
F2global_d10_k1_rho1,FR--R,105.0,175.58193477441267,1.672208902613454,0.0,8.872094199570216e-16
F2global_d10_k1_rho1,FR--R,106.0,177.25414367702612,1.672208902613454,-4.436047099785108e-16,8.872094199570216e-16
F2global_d10_k1_rho1,FR--R,107.0,178.92635257963957,1.672208902613454,-4.436047099785108e-16,8.872094199570216e-16
F2global_d10_k1_rho1,FR--R,108.0,180.59856148225302,1.672208902613454,-4.436047099785108e-16,8.872094199570216e-16
F2global_d10_k1_rho1,FR--R,109.0,182.27077038486647,1.672208902613454,0.0,8.872094199570216e-16
F2global_d10_k1_rho1,FR--R,110.0,183.94297928747991,1.672208902613454,0.0,8.872094199570216e-16
F2global_d10_k1_rho1,FR--R,111.0,185.6151881900934,1.672208902613454,-4.436047099785108e-16,8.872094199570216e-16
F2global_d10_k1_rho1,FR--R,112.0,187.28739709270684,1.672208902613454,0.0,8.872094199570216e-16
F2global_d10_k1_rho1,FR--R,113.0,188.9596059953203,1.672208902613454,-4.436047099785108e-16,8.872094199570216e-16
F2global_d10_k1_rho1,FR--R,114.0,190.63181489793374,1.672208902613454,-4.436047099785108e-16,8.872094199570216e-16
F2global_d10_k1_rho1,FR--R,115.0,192.30402380054718,1.672208902613454,0.0,8.872094199570216e-16
F2global_d10_k1_rho1,FR--R,116.0,193.97623270316066,1.672208902613454,0.0,8.872094199570216e-16
F2global_d10_k1_rho1,FR--R,117.0,195.6484416057741,1.672208902613454,0.0,8.872094199570216e-16
F2global_d10_k1_rho1,FR--R,118.0,197.32065050838756,1.672208902613454,4.436047099785108e-16,8.872094199570216e-16
F2global_d10_k1_rho1,FR--R,119.0,198.992859411001,1.672208902613454,4.436047099785108e-16,8.872094199570216e-16
F2global_d10_k1_rho1,FR--R,120.0,200.66506831361446,1.672208902613454,-4.436047099785108e-16,8.872094199570216e-16
F2global_d10_k1_rho1,FR--R,121.0,202.33727721622793,1.672208902613454,8.872094199570216e-16,8.872094199570216e-16
F2global_d10_k1_rho1,FR--R,122.0,204.00948611884138,1.672208902613454,0.0,8.872094199570216e-16
F2global_d10_k1_rho1,FR--R,123.0,205.68169502145483,1.672208902613454,0.0,8.872094199570216e-16
F2global_d10_k1_rho1,FR--R,124.0,207.35390392406828,1.672208902613454,0.0,8.872094199570216e-16
F2global_d10_k1_rho1,FR--R,125.0,209.02611282668173,1.672208902613454,0.0,8.872094199570216e-16
F2global_d10_k1_rho1,FR--R,126.0,210.6983217292952,1.672208902613454,0.0,8.872094199570216e-16
F2global_d10_k1_rho1,FR--R,127.0,212.37053063190865,1.672208902613454,4.436047099785108e-16,8.872094199570216e-16
F2global_d10_k1_rho1,FR--R,128.0,214.0427395345221,1.672208902613454,-4.436047099785108e-16,8.872094199570216e-16
F2global_d10_k1_rho1,FR--R,129.0,215.71494843713555,1.672208902613454,0.0,8.872094199570216e-16
F2global_d10_k1_rho1,FR--R,130.0,217.387157339749,1.672208902613454,0.0,8.872094199570216e-16
F2global_d10_k1_rho1,FR--R,131.0,219.05936624236247,1.672208902613454,0.0,8.872094199570216e-16
F2global_d10_k1_rho1,FR--R,132.0,220.73157514497592,1.672208902613454,-4.436047099785108e-16,8.872094199570216e-16
F2global_d10_k1_rho1,FR--R,133.0,222.40378404758937,1.672208902613454,0.0,8.872094199570216e-16
F2global_d10_k1_rho1,FR--R,134.0,224.07599295020282,1.672208902613454,0.0,8.872094199570216e-16
F2global_d10_k1_rho1,FR--R,135.0,225.74820185281627,1.672208902613454,4.436047099785108e-16,8.872094199570216e-16
F2global_d10_k1_rho1,FR--R,136.0,227.42041075542974,1.672208902613454,4.436047099785108e-16,8.872094199570216e-16
F2global_d10_k1_rho1,FR--R,137.0,229.0926196580432,1.672208902613454,0.0,8.872094199570216e-16
F2global_d10_k1_rho1,FR--R,138.0,230.76482856065664,1.672208902613454,0.0,8.872094199570216e-16
F2global_d10_k1_rho1,FR--R,139.0,232.4370374632701,1.672208902613454,4.436047099785108e-16,8.872094199570216e-16
F2global_d10_k1_rho1,FR--R,140.0,234.10924636588354,1.672208902613454,0.0,8.872094199570216e-16
F2global_d10_k1_rho1,FR--R,141.0,235.781455268497,1.672208902613454,0.0,8.872094199570216e-16
F2global_d10_k1_rho1,FR--R,142.0,237.45366417111046,1.672208902613454,0.0,8.872094199570216e-16
F2global_d10_k1_rho1,FR--R,143.0,239.1258730737239,1.672208902613454,0.0,8.872094199570216e-16
F2global_d10_k1_rho1,FR--R,144.0,240.79808197633736,1.672208902613454,0.0,8.872094199570216e-16
F2global_d10_k1_rho1,FR--R,145.0,242.4702908789508,1.672208902613454,0.0,8.872094199570216e-16
F2global_d10_k1_rho1,FR--R,146.0,244.14249978156428,1.672208902613454,-4.436047099785108e-16,8.872094199570216e-16
F2global_d10_k1_rho1,FR--R,147.0,245.81470868417773,1.672208902613454,-4.436047099785108e-16,8.872094199570216e-16
F2global_d10_k1_rho1,FR--R,148.0,247.48691758679118,1.672208902613454,0.0,8.872094199570216e-16
F2global_d10_k1_rho1,FR--R,149.0,249.15912648940463,1.672208902613454,0.0,8.872094199570216e-16
F2global_d10_k1_rho1,FR--R,150.0,250.83133539201808,1.672208902613454,0.0,8.872094199570216e-16
F2global_d10_k1_rho1,FR--R,151.0,252.50354429463152,1.672208902613454,0.0,8.872094199570216e-16
F2global_d10_k1_rho1,FR--R,152.0,254.175753197245,1.672208902613454,0.0,8.872094199570216e-16
F2global_d10_k1_rho1,FR--R,153.0,255.84796209985845,1.672208902613454,-4.436047099785108e-16,8.872094199570216e-16
F2global_d10_k1_rho1,FR--R,154.0,257.5201710024719,1.672208902613454,0.0,8.872094199570216e-16
F2global_d10_k1_rho1,FR--R,155.0,259.1923799050854,1.672208902613454,0.0,8.872094199570216e-16
F2global_d10_k1_rho1,FR--R,156.0,260.8645888076988,1.672208902613454,-4.436047099785108e-16,8.872094199570216e-16
F2global_d10_k1_rho1,FR--R,157.0,262.53679771031227,1.672208902613454,0.0,8.872094199570216e-16
F2global_d10_k1_rho1,FR--R,158.0,264.2090066129257,1.672208902613454,-4.436047099785108e-16,8.872094199570216e-16
F2global_d10_k1_rho1,FR--R,159.0,265.88121551553917,1.672208902613454,4.436047099785108e-16,8.872094199570216e-16
F2global_d10_k1_rho1,FR--R,160.0,267.55342441815264,1.672208902613454,0.0,8.872094199570216e-16
F2global_d10_k1_rho1,FR--R,161.0,269.22563332076606,1.672208902613454,0.0,8.872094199570216e-16
F2global_d10_k1_rho1,FR--R,162.0,270.89784222337954,1.672208902613454,0.0,8.872094199570216e-16
F2global_d10_k1_rho1,FR--R,163.0,272.57005112599296,1.672208902613454,4.436047099785108e-16,8.872094199570216e-16
F2global_d10_k1_rho1,FR--R,164.0,274.24226002860644,1.672208902613454,0.0,8.872094199570216e-16
F2global_d10_k1_rho1,FR--R,165.0,275.9144689312199,1.672208902613454,0.0,8.872094199570216e-16
F2global_d10_k1_rho1,FR--R,166.0,277.58667783383333,1.672208902613454,-4.436047099785108e-16,8.872094199570216e-16
F2global_d10_k1_rho1,FR--R,167.0,279.2588867364468,1.672208902613454,-4.436047099785108e-16,8.872094199570216e-16
F2global_d10_k1_rho1,FR--R,168.0,280.93109563906023,1.672208902613454,4.436047099785108e-16,8.872094199570216e-16
F2global_d10_k1_rho1,FR--R,169.0,282.6033045416737,1.672208902613454,4.436047099785108e-16,8.872094199570216e-16
F2global_d10_k1_rho1,FR--R,170.0,284.2755134442872,1.672208902613454,4.436047099785108e-16,8.872094199570216e-16
F2global_d10_k1_rho1,FR--R,171.0,285.9477223469006,1.672208902613454,-4.436047099785108e-16,8.872094199570216e-16
F2global_d10_k1_rho1,FR--R,172.0,287.6199312495141,1.672208902613454,-4.436047099785108e-16,8.872094199570216e-16
F2global_d10_k1_rho1,FR--R,173.0,289.2921401521275,1.672208902613454,0.0,8.872094199570216e-16
F2global_d10_k1_rho1,FR--R,174.0,290.964349054741,1.672208902613454,0.0,8.872094199570216e-16
F2global_d10_k1_rho1,FR--R,175.0,292.63655795735446,1.672208902613454,0.0,8.872094199570216e-16
F2global_d10_k1_rho1,FR--R,176.0,294.3087668599679,1.672208902613454,0.0,8.872094199570216e-16
F2global_d10_k1_rho1,FR--R,177.0,295.98097576258135,1.672208902613454,0.0,8.872094199570216e-16
F2global_d10_k1_rho1,FR--R,178.0,297.6531846651948,1.672208902613454,-4.436047099785108e-16,8.872094199570216e-16
F2global_d10_k1_rho1,FR--R,179.0,299.32539356780825,1.672208902613454,4.436047099785108e-16,8.872094199570216e-16
F2global_d10_k1_rho1,FR--R,180.0,300.9976024704217,1.672208902613454,4.436047099785108e-16,8.872094199570216e-16
F2global_d10_k1_rho1,FR--R,181.0,302.66981137303515,1.672208902613454,8.872094199570216e-16,8.872094199570216e-16
F2global_d10_k1_rho1,FR--R,182.0,304.3420202756486,1.672208902613454,8.872094199570216e-16,8.872094199570216e-16
F2global_d10_k1_rho1,FR--R,183.0,306.01422917826204,1.672208902613454,0.0,8.872094199570216e-16
F2global_d10_k1_rho1,FR--R,184.0,307.6864380808755,1.672208902613454,0.0,8.872094199570216e-16
F2global_d10_k1_rho1,FR--R,185.0,309.358646983489,1.672208902613454,0.0,8.872094199570216e-16
F2global_d10_k1_rho1,FR--R,186.0,311.0308558861024,1.672208902613454,0.0,8.872094199570216e-16
F2global_d10_k1_rho1,FR--R,187.0,312.7030647887159,1.672208902613454,0.0,8.872094199570216e-16
F2global_d10_k1_rho1,FR--R,188.0,314.3752736913293,1.672208902613454,0.0,8.872094199570216e-16
F2global_d10_k1_rho1,FR--R,189.0,316.0474825939428,1.672208902613454,0.0,8.872094199570216e-16
F2global_d10_k1_rho1,FR--R,190.0,317.71969149655627,1.672208902613454,4.436047099785108e-16,8.872094199570216e-16
F2global_d10_k1_rho1,FR--R,191.0,319.3919003991697,1.672208902613454,0.0,8.872094199570216e-16
F2global_d10_k1_rho1,FR--R,192.0,321.06410930178316,1.672208902613454,0.0,8.872094199570216e-16
F2global_d10_k1_rho1,FR--R,193.0,322.7363182043966,1.672208902613454,-4.436047099785108e-16,8.872094199570216e-16
F2global_d10_k1_rho1,FR--R,194.0,324.40852710701006,1.672208902613454,0.0,8.872094199570216e-16
F2global_d10_k1_rho1,FR--R,195.0,326.08073600962354,1.672208902613454,4.436047099785108e-16,8.872094199570216e-16
F2global_d10_k1_rho1,FR--R,196.0,327.75294491223696,1.672208902613454,-4.436047099785108e-16,8.872094199570216e-16
F2global_d10_k1_rho1,FR--R,197.0,329.42515381485043,1.672208902613454,4.436047099785108e-16,8.872094199570216e-16
F2global_d10_k1_rho1,FR--R,198.0,331.09736271746385,1.672208902613454,-4.436047099785108e-16,8.872094199570216e-16
F2global_d10_k1_rho1,FR--R,199.0,332.76957162007733,1.672208902613454,-4.436047099785108e-16,8.872094199570216e-16
F2global_d10_k1_rho1,FR--R,200.0,334.4417805226908,1.672208902613454,0.0,8.872094199570216e-16
F2global_d10_k1_rho1,FR--R,201.0,336.1139894253042,1.672208902613454,0.0,8.872094199570216e-16
F2global_d10_k1_rho1,FR--R,202.0,337.7861983279177,1.672208902613454,0.0,8.872094199570216e-16
F2global_d10_k1_rho1,FR--R,203.0,339.4584072305311,1.672208902613454,0.0,8.872094199570216e-16
F2global_d10_k1_rho1,FR--R,204.0,341.1306161331446,1.672208902613454,4.436047099785108e-16,8.872094199570216e-16
F2global_d10_k1_rho1,FR--R,205.0,342.8028250357581,1.672208902613454,-4.436047099785108e-16,8.872094199570216e-16
F2global_d10_k1_rho1,FR--R,206.0,344.4750339383715,1.672208902613454,0.0,8.872094199570216e-16
F2global_d10_k1_rho1,FR--R,207.0,346.147242840985,1.672208902613454,0.0,8.872094199570216e-16
F2global_d10_k1_rho1,FR--R,208.0,347.8194517435984,1.672208902613454,0.0,8.872094199570216e-16
F2global_d10_k1_rho1,FR--R,209.0,349.49166064621187,1.672208902613454,4.436047099785108e-16,8.872094199570216e-16
F2global_d10_k1_rho1,FR--R,210.0,351.16386954882535,1.672208902613454,0.0,8.872094199570216e-16
F2global_d10_k1_rho1,FR--R,211.0,352.83607845143877,1.672208902613454,0.0,8.872094199570216e-16
F2global_d10_k1_rho1,FR--R,212.0,354.50828735405224,1.672208902613454,-4.436047099785108e-16,8.872094199570216e-16
F2global_d10_k1_rho1,FR--R,213.0,356.18049625666566,1.672208902613454,0.0,8.872094199570216e-16
F2global_d10_k1_rho1,FR--R,214.0,357.85270515927914,1.672208902613454,4.436047099785108e-16,8.872094199570216e-16
F2global_d10_k1_rho1,FR--R,215.0,359.52491406189256,1.672208902613454,0.0,8.872094199570216e-16
F2global_d10_k1_rho1,FR--R,216.0,361.19712296450604,1.672208902613454,4.436047099785108e-16,8.872094199570216e-16
F2global_d10_k1_rho1,FR--R,217.0,362.8693318671195,1.672208902613454,0.0,8.872094199570216e-16
F2global_d10_k1_rho1,FR--R,218.0,364.54154076973293,1.672208902613454,-4.436047099785108e-16,8.872094199570216e-16
F2global_d10_k1_rho1,FR--R,219.0,366.2137496723464,1.672208902613454,-4.436047099785108e-16,8.872094199570216e-16
F2global_d10_k1_rho1,FR--R,220.0,367.88595857495983,1.672208902613454,0.0,8.872094199570216e-16
F2global_d10_k1_rho1,FR--R,221.0,369.5581674775733,1.672208902613454,0.0,8.872094199570216e-16
F2global_d10_k1_rho1,FR--R,222.0,371.2303763801868,1.672208902613454,4.436047099785108e-16,8.872094199570216e-16
F2global_d10_k1_rho1,FR--R,223.0,372.9025852828002,1.672208902613454,0.0,8.872094199570216e-16
F2global_d10_k1_rho1,FR--R,224.0,374.5747941854137,1.672208902613454,4.436047099785108e-16,8.872094199570216e-16
F2global_d10_k1_rho1,FR--R,225.0,376.2470030880271,1.672208902613454,0.0,8.872094199570216e-16
F2global_d10_k1_rho1,FR--R,226.0,377.9192119906406,1.672208902613454,-4.436047099785108e-16,8.872094199570216e-16
F2global_d10_k1_rho1,FR--R,227.0,379.59142089325405,1.672208902613454,4.436047099785108e-16,8.872094199570216e-16
F2global_d10_k1_rho1,FR--R,228.0,381.2636297958675,1.672208902613454,-4.436047099785108e-16,8.872094199570216e-16
F2global_d10_k1_rho1,FR--R,229.0,382.93583869848095,1.672208902613454,0.0,8.872094199570216e-16
F2global_d10_k1_rho1,FR--R,230.0,384.60804760109437,1.672208902613454,-4.436047099785108e-16,8.872094199570216e-16
F2global_d10_k1_rho1,FR--R,231.0,386.28025650370785,1.672208902613454,-4.436047099785108e-16,8.872094199570216e-16
F2global_d10_k1_rho1,FR--R,232.0,387.9524654063213,1.672208902613454,4.436047099785108e-16,8.872094199570216e-16
F2global_d10_k1_rho1,FR--R,233.0,389.62467430893474,1.672208902613454,0.0,8.872094199570216e-16
F2global_d10_k1_rho1,FR--R,234.0,391.2968832115482,1.672208902613454,0.0,8.872094199570216e-16
F2global_d10_k1_rho1,FR--R,235.0,392.96909211416164,1.672208902613454,-4.436047099785108e-16,8.872094199570216e-16
F2global_d10_k1_rho1,FR--R,236.0,394.6413010167751,1.672208902613454,-4.436047099785108e-16,8.872094199570216e-16
F2global_d10_k1_rho1,FR--R,237.0,396.3135099193886,1.672208902613454,4.436047099785108e-16,8.872094199570216e-16
F2global_d10_k1_rho1,FR--R,238.0,397.985718822002,1.672208902613454,0.0,8.872094199570216e-16
F2global_d10_k1_rho1,FR--R,239.0,399.6579277246155,1.672208902613454,4.436047099785108e-16,8.872094199570216e-16
F2global_d10_k1_rho1,FR--R,240.0,401.3301366272289,1.672208902613454,0.0,8.872094199570216e-16
F2global_d10_k1_rho1,FR--R,241.0,403.0023455298424,1.672208902613454,0.0,8.872094199570216e-16
F2global_d10_k1_rho1,FR--R,242.0,404.67455443245586,1.672208902613454,0.0,8.872094199570216e-16
F2global_d10_k1_rho1,FR--R,243.0,406.3467633350693,1.672208902613454,-4.436047099785108e-16,8.872094199570216e-16
F2global_d10_k1_rho1,FR--R,244.0,408.01897223768276,1.672208902613454,0.0,8.872094199570216e-16
F2global_d10_k1_rho1,FR--R,245.0,409.6911811402962,1.672208902613454,4.436047099785108e-16,8.872094199570216e-16
F2global_d10_k1_rho1,FR--R,246.0,411.36339004290966,1.672208902613454,-4.436047099785108e-16,8.872094199570216e-16
F2global_d10_k1_rho1,FR--R,247.0,413.03559894552313,1.672208902613454,0.0,8.872094199570216e-16
F2global_d10_k1_rho1,FR--R,248.0,414.70780784813655,1.672208902613454,0.0,8.872094199570216e-16
F2global_d10_k1_rho1,FR--R,249.0,416.38001675075003,1.672208902613454,0.0,8.872094199570216e-16
F2global_d10_k1_rho1,FR--R,250.0,418.05222565336345,1.672208902613454,0.0,8.872094199570216e-16
F2global_d10_k1_rho1,FR--R,251.0,419.7244345559769,1.672208902613454,0.0,8.872094199570216e-16
F2global_d10_k1_rho1,FR--R,252.0,421.3966434585904,1.672208902613454,0.0,8.872094199570216e-16
F2global_d10_k1_rho1,FR--R,253.0,423.0688523612038,1.672208902613454,4.436047099785108e-16,8.872094199570216e-16
F2global_d10_k1_rho1,FR--R,254.0,424.7410612638173,1.672208902613454,-8.872094199570216e-16,8.872094199570216e-16
F2global_d10_k1_rho1,FR--R,255.0,426.4132701664307,1.672208902613454,4.436047099785108e-16,8.872094199570216e-16
F2global_d10_k1_rho1,FR--R,256.0,428.0854790690442,1.672208902613454,-4.436047099785108e-16,8.872094199570216e-16
F2global_d10_k1_rho1,FR--R,257.0,429.7576879716577,1.672208902613454,0.0,8.872094199570216e-16
F2global_d10_k1_rho1,FR--R,258.0,431.4298968742711,1.672208902613454,-4.436047099785108e-16,8.872094199570216e-16
F2global_d10_k1_rho1,FR--R,259.0,433.10210577688457,1.672208902613454,0.0,8.872094199570216e-16
F2global_d10_k1_rho1,FR--R,260.0,434.774314679498,1.672208902613454,-4.436047099785108e-16,8.872094199570216e-16
F2global_d10_k1_rho1,FR--R,261.0,436.44652358211147,1.672208902613454,-4.436047099785108e-16,8.872094199570216e-16
F2global_d10_k1_rho1,FR--R,262.0,438.11873248472494,1.672208902613454,0.0,8.872094199570216e-16
F2global_d10_k1_rho1,FR--R,263.0,439.79094138733836,1.672208902613454,0.0,8.872094199570216e-16
F2global_d10_k1_rho1,FR--R,264.0,441.46315028995184,1.672208902613454,0.0,8.872094199570216e-16
F2global_d10_k1_rho1,FR--R,265.0,443.13535919256526,1.672208902613454,0.0,8.872094199570216e-16
F2global_d10_k1_rho1,FR--R,266.0,444.80756809517874,1.672208902613454,4.436047099785108e-16,8.872094199570216e-16
F2global_d10_k1_rho1,FR--R,267.0,446.4797769977922,1.672208902613454,4.436047099785108e-16,8.872094199570216e-16
F2global_d10_k1_rho1,FR--R,268.0,448.15198590040563,1.672208902613454,0.0,8.872094199570216e-16
F2global_d10_k1_rho1,FR--R,269.0,449.8241948030191,1.672208902613454,0.0,8.872094199570216e-16
F2global_d10_k1_rho1,FR--R,270.0,451.49640370563253,1.672208902613454,-4.436047099785108e-16,8.872094199570216e-16
F2global_d10_k1_rho1,FR--R,271.0,453.168612608246,1.672208902613454,-4.436047099785108e-16,8.872094199570216e-16
F2global_d10_k1_rho1,FR--R,272.0,454.8408215108595,1.672208902613454,-4.436047099785108e-16,8.872094199570216e-16
F2global_d10_k1_rho1,FR--R,273.0,456.5130304134729,1.672208902613454,0.0,8.872094199570216e-16
F2global_d10_k1_rho1,FR--R,274.0,458.1852393160864,1.672208902613454,4.436047099785108e-16,8.872094199570216e-16
F2global_d10_k1_rho1,FR--R,275.0,459.8574482186998,1.672208902613454,0.0,8.872094199570216e-16
F2global_d10_k1_rho1,FR--R,276.0,461.5296571213133,1.672208902613454,-4.436047099785108e-16,8.872094199570216e-16
F2global_d10_k1_rho1,FR--R,277.0,463.20186602392675,1.672208902613454,4.436047099785108e-16,8.872094199570216e-16
F2global_d10_k1_rho1,FR--R,278.0,464.8740749265402,1.672208902613454,0.0,8.872094199570216e-16
F2global_d10_k1_rho1,FR--R,279.0,466.54628382915365,1.672208902613454,4.436047099785108e-16,8.872094199570216e-16
F2global_d10_k1_rho1,FR--R,280.0,468.21849273176707,1.672208902613454,-8.872094199570216e-16,8.872094199570216e-16
F2global_d10_k1_rho1,FR--R,281.0,469.89070163438055,1.672208902613454,4.436047099785108e-16,8.872094199570216e-16
F2global_d10_k1_rho1,FR--R,282.0,471.562910536994,1.672208902613454,0.0,8.872094199570216e-16
F2global_d10_k1_rho1,FR--R,283.0,473.23511943960744,1.672208902613454,-4.436047099785108e-16,8.872094199570216e-16
F2global_d10_k1_rho1,FR--R,284.0,474.9073283422209,1.672208902613454,4.436047099785108e-16,8.872094199570216e-16
F2global_d10_k1_rho1,FR--R,285.0,476.57953724483434,1.672208902613454,-4.436047099785108e-16,8.872094199570216e-16
F2global_d10_k1_rho1,FR--R,286.0,478.2517461474478,1.672208902613454,0.0,8.872094199570216e-16
F2global_d10_k1_rho1,FR--R,287.0,479.9239550500613,1.672208902613454,0.0,8.872094199570216e-16
F2global_d10_k1_rho1,FR--R,288.0,481.5961639526747,1.672208902613454,0.0,8.872094199570216e-16
F2global_d10_k1_rho1,FR--R,289.0,483.2683728552882,1.672208902613454,0.0,8.872094199570216e-16
F2global_d10_k1_rho1,FR--R,290.0,484.9405817579016,1.672208902613454,0.0,8.872094199570216e-16
F2global_d10_k1_rho1,FR--R,291.0,486.6127906605151,1.672208902613454,-4.436047099785108e-16,8.872094199570216e-16
F2global_d10_k1_rho1,FR--R,292.0,488.28499956312857,1.672208902613454,0.0,8.872094199570216e-16
F2global_d10_k1_rho1,FR--R,293.0,489.957208465742,1.672208902613454,-4.436047099785108e-16,8.872094199570216e-16
F2global_d10_k1_rho1,FR--R,294.0,491.62941736835546,1.672208902613454,-4.436047099785108e-16,8.872094199570216e-16
F2global_d10_k1_rho1,FR--R,295.0,493.3016262709689,1.672208902613454,0.0,8.872094199570216e-16
F2global_d10_k1_rho1,FR--R,296.0,494.97383517358236,1.672208902613454,0.0,8.872094199570216e-16
F2global_d10_k1_rho1,FR--R,297.0,496.64604407619584,1.672208902613454,4.436047099785108e-16,8.872094199570216e-16
F2global_d10_k1_rho1,FR--R,298.0,498.31825297880926,1.672208902613454,0.0,8.872094199570216e-16
F2global_d10_k1_rho1,FR--R,299.0,499.99046188142273,1.672208902613454,4.436047099785108e-16,8.872094199570216e-16
F2global_d10_k1_rho1,FR--R,300.0,501.66267078403615,1.672208902613454,4.436047099785108e-16,8.872094199570216e-16
F2global_d10_k1_rho1,FR--R,301.0,503.33487968664963,1.672208902613454,0.0,8.872094199570216e-16
F2global_d10_k1_rho1,FR--R,302.0,505.00708858926305,1.672208902613454,-4.436047099785108e-16,8.872094199570216e-16
F2global_d10_k1_rho1,FR--R,303.0,506.6792974918765,1.672208902613454,4.436047099785108e-16,8.872094199570216e-16
F2global_d10_k1_rho1,FR--R,304.0,508.35150639449,1.672208902613454,0.0,8.872094199570216e-16
F2global_d10_k1_rho1,FR--R,305.0,510.0237152971034,1.672208902613454,-4.436047099785108e-16,8.872094199570216e-16
F2global_d10_k1_rho1,FR--R,306.0,511.6959241997169,1.672208902613454,-4.436047099785108e-16,8.872094199570216e-16
F2global_d10_k1_rho1,FR--R,307.0,513.3681331023304,1.672208902613454,0.0,8.872094199570216e-16
F2global_d10_k1_rho1,FR--R,308.0,515.0403420049438,1.672208902613454,0.0,8.872094199570216e-16
F2global_d10_k1_rho1,FR--R,309.0,516.7125509075572,1.672208902613454,4.436047099785108e-16,8.872094199570216e-16
F2global_d10_k1_rho1,FR--R,310.0,518.3847598101707,1.672208902613454,0.0,8.872094199570216e-16
F2global_d10_k1_rho1,FR--R,311.0,520.0569687127842,1.672208902613454,8.872094199570216e-16,8.872094199570216e-16
F2global_d10_k1_rho1,FR--R,312.0,521.7291776153976,1.672208902613454,0.0,8.872094199570216e-16
F2global_d10_k1_rho1,FR--R,313.0,523.4013865180111,1.672208902613454,0.0,8.872094199570216e-16
F2global_d10_k1_rho1,FR--R,314.0,525.0735954206245,1.672208902613454,0.0,8.872094199570216e-16
F2global_d10_k1_rho1,FR--R,315.0,526.745804323238,1.672208902613454,0.0,8.872094199570216e-16
F2global_d10_k1_rho1,FR--R,316.0,528.4180132258514,1.672208902613454,4.436047099785108e-16,8.872094199570216e-16
F2global_d10_k1_rho1,FR--R,317.0,530.0902221284649,1.672208902613454,0.0,8.872094199570216e-16
F2global_d10_k1_rho1,FR--R,318.0,531.7624310310783,1.672208902613454,-4.436047099785108e-16,8.872094199570216e-16
F2global_d10_k1_rho1,FR--R,319.0,533.4346399336918,1.672208902613454,4.436047099785108e-16,8.872094199570216e-16
F2global_d10_k1_rho1,FR--R,320.0,535.1068488363053,1.672208902613454,0.0,8.872094199570216e-16
F2global_d10_k1_rho1,FR--R,321.0,536.7790577389187,1.672208902613454,-4.436047099785108e-16,8.872094199570216e-16
F2global_d10_k1_rho1,FR--R,322.0,538.4512666415321,1.672208902613454,0.0,8.872094199570216e-16
F2global_d10_k1_rho1,FR--R,323.0,540.1234755441457,1.672208902613454,-4.436047099785108e-16,8.872094199570216e-16
F2global_d10_k1_rho1,FR--R,324.0,541.7956844467591,1.672208902613454,4.436047099785108e-16,8.872094199570216e-16
F2global_d10_k1_rho1,FR--R,325.0,543.4678933493725,1.672208902613454,-4.436047099785108e-16,8.872094199570216e-16
F2global_d10_k1_rho1,FR--R,326.0,545.1401022519859,1.672208902613454,4.436047099785108e-16,8.872094199570216e-16
F2global_d10_k1_rho1,FR--R,327.0,546.8123111545995,1.672208902613454,0.0,8.872094199570216e-16
F2global_d10_k1_rho1,FR--R,328.0,548.4845200572129,1.672208902613454,0.0,8.872094199570216e-16
F2global_d10_k1_rho1,FR--R,329.0,550.1567289598263,1.672208902613454,0.0,8.872094199570216e-16
F2global_d10_k1_rho1,FR--R,330.0,551.8289378624398,1.672208902613454,0.0,8.872094199570216e-16
F2global_d10_k1_rho1,FR--R,331.0,553.5011467650532,1.672208902613454,-8.872094199570216e-16,8.872094199570216e-16
F2global_d10_k1_rho1,FR--R,332.0,555.1733556676667,1.672208902613454,0.0,8.872094199570216e-16
F2global_d10_k1_rho1,FR--R,333.0,556.8455645702802,1.672208902613454,0.0,8.872094199570216e-16
F2global_d10_k1_rho1,FR--R,334.0,558.5177734728936,1.672208902613454,0.0,8.872094199570216e-16
F2global_d10_k1_rho1,FR--R,335.0,560.189982375507,1.672208902613454,0.0,8.872094199570216e-16
F2global_d10_k1_rho1,FR--R,336.0,561.8621912781205,1.672208902613454,-4.436047099785108e-16,8.872094199570216e-16
F2global_d10_k1_rho1,FR--R,337.0,563.534400180734,1.672208902613454,0.0,8.872094199570216e-16
F2global_d10_k1_rho1,FR--R,338.0,565.2066090833474,1.672208902613454,0.0,8.872094199570216e-16
F2global_d10_k1_rho1,FR--R,339.0,566.8788179859608,1.672208902613454,0.0,8.872094199570216e-16
F2global_d10_k1_rho1,FR--R,340.0,568.5510268885744,1.672208902613454,0.0,8.872094199570216e-16
F2global_d10_k1_rho1,FR--R,341.0,570.2232357911878,1.672208902613454,-4.436047099785108e-16,8.872094199570216e-16
F2global_d10_k1_rho1,FR--R,342.0,571.8954446938012,1.672208902613454,0.0,8.872094199570216e-16
F2global_d10_k1_rho1,FR--R,343.0,573.5676535964146,1.672208902613454,0.0,8.872094199570216e-16
F2global_d10_k1_rho1,FR--R,344.0,575.2398624990282,1.672208902613454,-4.436047099785108e-16,8.872094199570216e-16
F2global_d10_k1_rho1,FR--R,345.0,576.9120714016416,1.672208902613454,0.0,8.872094199570216e-16
F2global_d10_k1_rho1,FR--R,346.0,578.584280304255,1.672208902613454,0.0,8.872094199570216e-16
F2global_d10_k1_rho1,FR--R,347.0,580.2564892068685,1.672208902613454,4.436047099785108e-16,8.872094199570216e-16
F2global_d10_k1_rho1,FR--R,348.0,581.928698109482,1.672208902613454,8.872094199570216e-16,8.872094199570216e-16
F2global_d10_k1_rho1,FR--R,349.0,583.6009070120954,1.672208902613454,-4.436047099785108e-16,8.872094199570216e-16
F2global_d10_k1_rho1,FR--R,350.0,585.2731159147089,1.672208902613454,-4.436047099785108e-16,8.872094199570216e-16
F2global_d10_k1_rho1,FR--R,351.0,586.9453248173223,1.672208902613454,4.436047099785108e-16,8.872094199570216e-16
F2global_d10_k1_rho1,FR--R,352.0,588.6175337199358,1.672208902613454,0.0,8.872094199570216e-16
F2global_d10_k1_rho1,FR--R,353.0,590.2897426225492,1.672208902613454,0.0,8.872094199570216e-16
F2global_d10_k1_rho1,FR--R,354.0,591.9619515251627,1.672208902613454,-4.436047099785108e-16,8.872094199570216e-16
F2global_d10_k1_rho1,FR--R,355.0,593.6341604277761,1.672208902613454,4.436047099785108e-16,8.872094199570216e-16
F2global_d10_k1_rho1,FR--R,356.0,595.3063693303895,1.672208902613454,-4.436047099785108e-16,8.872094199570216e-16
F2global_d10_k1_rho1,FR--R,357.0,596.9785782330031,1.672208902613454,-4.436047099785108e-16,8.872094199570216e-16
F2global_d10_k1_rho1,FR--R,358.0,598.6507871356165,1.672208902613454,-4.436047099785108e-16,8.872094199570216e-16
F2global_d10_k1_rho1,FR--R,359.0,600.3229960382299,1.672208902613454,-4.436047099785108e-16,8.872094199570216e-16
F2global_d10_k1_rho1,FR--R,360.0,601.9952049408435,1.672208902613454,0.0,8.872094199570216e-16
F2global_d10_k1_rho1,FR--R,361.0,603.6674138434569,1.672208902613454,0.0,8.872094199570216e-16
F2global_d10_k1_rho1,FR--R,362.0,605.3396227460703,1.672208902613454,-4.436047099785108e-16,8.872094199570216e-16
F2global_d10_k1_rho1,FR--R,363.0,607.0118316486837,1.672208902613454,4.436047099785108e-16,8.872094199570216e-16
F2global_d10_k1_rho1,FR--R,364.0,608.6840405512972,1.672208902613454,0.0,8.872094199570216e-16
F2global_d10_k1_rho1,FR--R,365.0,610.3562494539107,1.672208902613454,-4.436047099785108e-16,8.872094199570216e-16
F2global_d10_k1_rho1,FR--R,366.0,612.0284583565241,1.672208902613454,0.0,8.872094199570216e-16
F2global_d10_k1_rho1,FR--R,367.0,613.7006672591376,1.672208902613454,-8.872094199570216e-16,8.872094199570216e-16
F2global_d10_k1_rho1,FR--R,368.0,615.372876161751,1.672208902613454,4.436047099785108e-16,8.872094199570216e-16
F2global_d10_k1_rho1,FR--R,369.0,617.0450850643645,1.672208902613454,-4.436047099785108e-16,8.872094199570216e-16
F2global_d10_k1_rho1,FR--R,370.0,618.717293966978,1.672208902613454,0.0,8.872094199570216e-16
F2global_d10_k1_rho1,FR--R,371.0,620.3895028695914,1.672208902613454,0.0,8.872094199570216e-16
F2global_d10_k1_rho1,FR--R,372.0,622.0617117722048,1.672208902613454,0.0,8.872094199570216e-16
F2global_d10_k1_rho1,FR--R,373.0,623.7339206748183,1.672208902613454,0.0,8.872094199570216e-16
F2global_d10_k1_rho1,FR--R,374.0,625.4061295774318,1.672208902613454,4.436047099785108e-16,8.872094199570216e-16
F2global_d10_k1_rho1,FR--R,375.0,627.0783384800452,1.672208902613454,-4.436047099785108e-16,8.872094199570216e-16
F2global_d10_k1_rho1,FR--R,376.0,628.7505473826586,1.672208902613454,4.436047099785108e-16,8.872094199570216e-16
F2global_d10_k1_rho1,FR--R,377.0,630.4227562852722,1.672208902613454,0.0,8.872094199570216e-16
F2global_d10_k1_rho1,FR--R,378.0,632.0949651878856,1.672208902613454,0.0,8.872094199570216e-16
F2global_d10_k1_rho1,FR--R,379.0,633.767174090499,1.672208902613454,-4.436047099785108e-16,8.872094199570216e-16
F2global_d10_k1_rho1,FR--R,380.0,635.4393829931125,1.672208902613454,4.436047099785108e-16,8.872094199570216e-16
F2global_d10_k1_rho1,FR--R,381.0,637.111591895726,1.672208902613454,-4.436047099785108e-16,8.872094199570216e-16
F2global_d10_k1_rho1,FR--R,382.0,638.7838007983394,1.672208902613454,0.0,8.872094199570216e-16
F2global_d10_k1_rho1,FR--R,383.0,640.4560097009528,1.672208902613454,0.0,8.872094199570216e-16
F2global_d10_k1_rho1,FR--R,384.0,642.1282186035663,1.672208902613454,4.436047099785108e-16,8.872094199570216e-16
F2global_d10_k1_rho1,FR--R,385.0,643.8004275061797,1.672208902613454,4.436047099785108e-16,8.872094199570216e-16
F2global_d10_k1_rho1,FR--R,386.0,645.4726364087932,1.672208902613454,0.0,8.872094199570216e-16
F2global_d10_k1_rho1,FR--R,387.0,647.1448453114067,1.672208902613454,8.872094199570216e-16,8.872094199570216e-16
F2global_d10_k1_rho1,FR--R,388.0,648.8170542140201,1.672208902613454,0.0,8.872094199570216e-16
F2global_d10_k1_rho1,FR--R,389.0,650.4892631166335,1.672208902613454,0.0,8.872094199570216e-16
F2global_d10_k1_rho1,FR--R,390.0,652.1614720192471,1.672208902613454,0.0,8.872094199570216e-16
F2global_d10_k1_rho1,FR--R,391.0,653.8336809218605,1.672208902613454,-4.436047099785108e-16,8.872094199570216e-16
F2global_d10_k1_rho1,FR--R,392.0,655.5058898244739,1.672208902613454,-4.436047099785108e-16,8.872094199570216e-16
F2global_d10_k1_rho1,FR--R,393.0,657.1780987270873,1.672208902613454,0.0,8.872094199570216e-16
F2global_d10_k1_rho1,FR--R,394.0,658.8503076297009,1.672208902613454,4.436047099785108e-16,8.872094199570216e-16
F2global_d10_k1_rho1,FR--R,395.0,660.5225165323143,1.672208902613454,4.436047099785108e-16,8.872094199570216e-16
F2global_d10_k1_rho1,FR--R,396.0,662.1947254349277,1.672208902613454,4.436047099785108e-16,8.872094199570216e-16
F2global_d10_k1_rho1,FR--R,397.0,663.8669343375412,1.672208902613454,4.436047099785108e-16,8.872094199570216e-16
F2global_d10_k1_rho1,FR--R,398.0,665.5391432401547,1.672208902613454,0.0,8.872094199570216e-16
F2global_d10_k1_rho1,FR--R,399.0,667.2113521427681,1.672208902613454,0.0,8.872094199570216e-16
F2global_d10_k1_rho1,FR--R,400.0,668.8835610453816,1.672208902613454,0.0,8.872094199570216e-16
F2global_d10_k1_rho1,FR--KL,0.0,0.0,1.672208902613454,1.0,8.872094199570216e-16
F2global_d10_k1_rho1,FR--KL,1.0,1.672208902613454,1.672208902613454,0.333641918725227,8.872094199570216e-16
F2global_d10_k1_rho1,FR--KL,2.0,3.344417805226908,1.672208902613454,0.2219870279856649,8.872094199570216e-16
F2global_d10_k1_rho1,FR--KL,3.0,5.016626707840362,1.672208902613454,0.11827631176123503,8.872094199570216e-16
F2global_d10_k1_rho1,FR--KL,4.0,6.688835610453816,1.672208902613454,0.07039225402329968,8.872094199570216e-16
F2global_d10_k1_rho1,FR--KL,5.0,8.36104451306727,1.672208902613454,0.03482453357639872,8.872094199570216e-16
F2global_d10_k1_rho1,FR--KL,6.0,10.033253415680724,1.672208902613454,0.01833701610991091,8.872094199570216e-16
F2global_d10_k1_rho1,FR--KL,7.0,11.705462318294177,1.672208902613454,0.008582463897717532,8.872094199570216e-16
F2global_d10_k1_rho1,FR--KL,8.0,13.377671220907631,1.672208902613454,0.004154466625816115,8.872094199570216e-16
F2global_d10_k1_rho1,FR--KL,9.0,15.049880123521085,1.672208902613454,0.0018943597996471605,8.872094199570216e-16
F2global_d10_k1_rho1,FR--KL,10.0,16.72208902613454,1.672208902613454,0.0008804621166419455,8.872094199570216e-16
F2global_d10_k1_rho1,FR--KL,11.0,18.394297928747992,1.672208902613454,0.0003985623219793199,8.872094199570216e-16
F2global_d10_k1_rho1,FR--KL,12.0,20.066506831361448,1.672208902613454,0.0001823289782136764,8.872094199570216e-16
F2global_d10_k1_rho1,FR--KL,13.0,21.7387157339749,1.672208902613454,8.248549020569459e-05,8.872094199570216e-16
F2global_d10_k1_rho1,FR--KL,14.0,23.410924636588355,1.672208902613454,3.751945928770279e-05,8.872094199570216e-16
F2global_d10_k1_rho1,FR--KL,15.0,25.083133539201807,1.672208902613454,1.698565498884694e-05,8.872094199570216e-16
F2global_d10_k1_rho1,FR--KL,16.0,26.755342441815262,1.672208902613454,7.710090397426433e-06,8.872094199570216e-16
F2global_d10_k1_rho1,FR--KL,17.0,28.427551344428718,1.672208902613454,3.492591440342141e-06,8.872094199570216e-16
F2global_d10_k1_rho1,FR--KL,18.0,30.09976024704217,1.672208902613454,1.5840918609165827e-06,8.872094199570216e-16
F2global_d10_k1_rho1,FR--KL,19.0,31.771969149655625,1.672208902613454,7.178301362979763e-07,8.872094199570216e-16
F2global_d10_k1_rho1,FR--KL,20.0,33.44417805226908,1.672208902613454,3.254736717927475e-07,8.872094199570216e-16
F2global_d10_k1_rho1,FR--KL,21.0,35.11638695488253,1.672208902613454,1.4751502690782802e-07,8.872094199570216e-16
F2global_d10_k1_rho1,FR--KL,22.0,36.788595857495984,1.672208902613454,6.687648021745827e-08,8.872094199570216e-16
F2global_d10_k1_rho1,FR--KL,23.0,38.46080476010944,1.672208902613454,3.031330909353532e-08,8.872094199570216e-16
F2global_d10_k1_rho1,FR--KL,24.0,40.133013662722895,1.672208902613454,1.37419197214031e-08,8.872094199570216e-16
F2global_d10_k1_rho1,FR--KL,25.0,41.80522256533635,1.672208902613454,6.229132825895048e-09,8.872094199570216e-16
F2global_d10_k1_rho1,FR--KL,26.0,43.4774314679498,1.672208902613454,2.823795059279069e-09,8.872094199570216e-16
F2global_d10_k1_rho1,FR--KL,27.0,45.149640370563255,1.672208902613454,1.280042683669072e-09,8.872094199570216e-16
F2global_d10_k1_rho1,FR--KL,28.0,46.82184927317671,1.672208902613454,5.802673437957206e-10,8.872094199570216e-16
F2global_d10_k1_rho1,FR--KL,29.0,48.494058175790165,1.672208902613454,2.630429540618276e-10,8.872094199570216e-16
F2global_d10_k1_rho1,FR--KL,30.0,50.166267078403614,1.672208902613454,1.1924227685635363e-10,8.872094199570216e-16
F2global_d10_k1_rho1,FR--KL,31.0,51.83847598101707,1.672208902613454,5.4055008329721455e-11,8.872094199570216e-16
F2global_d10_k1_rho1,FR--KL,32.0,53.510684883630525,1.672208902613454,2.4504280574502958e-11,8.872094199570216e-16
F2global_d10_k1_rho1,FR--KL,33.0,55.18289378624398,1.672208902613454,1.1108305542571891e-11,8.872094199570216e-16
F2global_d10_k1_rho1,FR--KL,34.0,56.855102688857436,1.672208902613454,5.035800667676054e-12,8.872094199570216e-16
F2global_d10_k1_rho1,FR--KL,35.0,58.527311591470884,1.672208902613454,2.282789837549417e-12,8.872094199570216e-16
F2global_d10_k1_rho1,FR--KL,36.0,60.19952049408434,1.672208902613454,1.0349297883798657e-12,8.872094199570216e-16
F2global_d10_k1_rho1,FR--KL,37.0,61.871729396697795,1.672208902613454,4.688901784472859e-13,8.872094199570216e-16
F2global_d10_k1_rho1,FR--KL,38.0,63.54393829931125,1.672208902613454,2.120430513697282e-13,8.872094199570216e-16
F2global_d10_k1_rho1,FR--KL,39.0,65.2161472019247,1.672208902613454,9.626222206533687e-14,8.872094199570216e-16
F2global_d10_k1_rho1,FR--KL,40.0,66.88835610453816,1.672208902613454,4.3916866287872567e-14,8.872094199570216e-16
F2global_d10_k1_rho1,FR--KL,41.0,68.56056500715161,1.672208902613454,1.9962211949032988e-14,8.872094199570216e-16
F2global_d10_k1_rho1,FR--KL,42.0,70.23277390976506,1.672208902613454,8.428489489591707e-15,8.872094199570216e-16
F2global_d10_k1_rho1,FR--KL,43.0,71.90498281237852,1.672208902613454,4.436047099785108e-15,8.872094199570216e-16
F2global_d10_k1_rho1,FR--KL,44.0,73.57719171499197,1.672208902613454,1.7744188399140431e-15,8.872094199570216e-16
F2global_d10_k1_rho1,FR--KL,45.0,75.24940061760543,1.672208902613454,8.872094199570216e-16,8.872094199570216e-16
F2global_d10_k1_rho1,FR--KL,46.0,76.92160952021888,1.672208902613454,4.436047099785108e-16,8.872094199570216e-16
F2global_d10_k1_rho1,FR--KL,47.0,78.59381842283233,1.672208902613454,4.436047099785108e-16,8.872094199570216e-16
F2global_d10_k1_rho1,FR--KL,48.0,80.26602732544579,1.672208902613454,-4.436047099785108e-16,8.872094199570216e-16
F2global_d10_k1_rho1,FR--KL,49.0,81.93823622805924,1.672208902613454,0.0,8.872094199570216e-16
F2global_d10_k1_rho1,FR--KL,50.0,83.6104451306727,1.672208902613454,-4.436047099785108e-16,8.872094199570216e-16
F2global_d10_k1_rho1,FR--KL,51.0,85.28265403328615,1.672208902613454,0.0,8.872094199570216e-16
F2global_d10_k1_rho1,FR--KL,52.0,86.9548629358996,1.672208902613454,0.0,8.872094199570216e-16
F2global_d10_k1_rho1,FR--KL,53.0,88.62707183851306,1.672208902613454,0.0,8.872094199570216e-16
F2global_d10_k1_rho1,FR--KL,54.0,90.29928074112651,1.672208902613454,-4.436047099785108e-16,8.872094199570216e-16
F2global_d10_k1_rho1,FR--KL,55.0,91.97148964373996,1.672208902613454,0.0,8.872094199570216e-16
F2global_d10_k1_rho1,FR--KL,56.0,93.64369854635342,1.672208902613454,4.436047099785108e-16,8.872094199570216e-16
F2global_d10_k1_rho1,FR--KL,57.0,95.31590744896687,1.672208902613454,4.436047099785108e-16,8.872094199570216e-16
F2global_d10_k1_rho1,FR--KL,58.0,96.98811635158033,1.672208902613454,0.0,8.872094199570216e-16
F2global_d10_k1_rho1,FR--KL,59.0,98.66032525419378,1.672208902613454,-4.436047099785108e-16,8.872094199570216e-16
F2global_d10_k1_rho1,FR--KL,60.0,100.33253415680723,1.672208902613454,-4.436047099785108e-16,8.872094199570216e-16
F2global_d10_k1_rho1,FR--KL,61.0,102.00474305942069,1.672208902613454,0.0,8.872094199570216e-16
F2global_d10_k1_rho1,FR--KL,62.0,103.67695196203414,1.672208902613454,4.436047099785108e-16,8.872094199570216e-16
F2global_d10_k1_rho1,FR--KL,63.0,105.3491608646476,1.672208902613454,-4.436047099785108e-16,8.872094199570216e-16
F2global_d10_k1_rho1,FR--KL,64.0,107.02136976726105,1.672208902613454,0.0,8.872094199570216e-16
F2global_d10_k1_rho1,FR--KL,65.0,108.6935786698745,1.672208902613454,0.0,8.872094199570216e-16
F2global_d10_k1_rho1,FR--KL,66.0,110.36578757248796,1.672208902613454,0.0,8.872094199570216e-16
F2global_d10_k1_rho1,FR--KL,67.0,112.03799647510141,1.672208902613454,0.0,8.872094199570216e-16
F2global_d10_k1_rho1,FR--KL,68.0,113.71020537771487,1.672208902613454,0.0,8.872094199570216e-16
F2global_d10_k1_rho1,FR--KL,69.0,115.38241428032832,1.672208902613454,4.436047099785108e-16,8.872094199570216e-16
F2global_d10_k1_rho1,FR--KL,70.0,117.05462318294177,1.672208902613454,4.436047099785108e-16,8.872094199570216e-16
F2global_d10_k1_rho1,FR--KL,71.0,118.72683208555523,1.672208902613454,0.0,8.872094199570216e-16
F2global_d10_k1_rho1,FR--KL,72.0,120.39904098816868,1.672208902613454,0.0,8.872094199570216e-16
F2global_d10_k1_rho1,FR--KL,73.0,122.07124989078214,1.672208902613454,0.0,8.872094199570216e-16
F2global_d10_k1_rho1,FR--KL,74.0,123.74345879339559,1.672208902613454,-4.436047099785108e-16,8.872094199570216e-16
F2global_d10_k1_rho1,FR--KL,75.0,125.41566769600904,1.672208902613454,0.0,8.872094199570216e-16
F2global_d10_k1_rho1,FR--KL,76.0,127.0878765986225,1.672208902613454,0.0,8.872094199570216e-16
F2global_d10_k1_rho1,FR--KL,77.0,128.76008550123595,1.672208902613454,-4.436047099785108e-16,8.872094199570216e-16
F2global_d10_k1_rho1,FR--KL,78.0,130.4322944038494,1.672208902613454,0.0,8.872094199570216e-16
F2global_d10_k1_rho1,FR--KL,79.0,132.10450330646285,1.672208902613454,-4.436047099785108e-16,8.872094199570216e-16
F2global_d10_k1_rho1,FR--KL,80.0,133.77671220907632,1.672208902613454,4.436047099785108e-16,8.872094199570216e-16
F2global_d10_k1_rho1,FR--KL,81.0,135.44892111168977,1.672208902613454,0.0,8.872094199570216e-16
F2global_d10_k1_rho1,FR--KL,82.0,137.12113001430322,1.672208902613454,-4.436047099785108e-16,8.872094199570216e-16
F2global_d10_k1_rho1,FR--KL,83.0,138.79333891691667,1.672208902613454,-4.436047099785108e-16,8.872094199570216e-16
F2global_d10_k1_rho1,FR--KL,84.0,140.46554781953012,1.672208902613454,0.0,8.872094199570216e-16
F2global_d10_k1_rho1,FR--KL,85.0,142.1377567221436,1.672208902613454,0.0,8.872094199570216e-16
F2global_d10_k1_rho1,FR--KL,86.0,143.80996562475704,1.672208902613454,-8.872094199570216e-16,8.872094199570216e-16
F2global_d10_k1_rho1,FR--KL,87.0,145.4821745273705,1.672208902613454,-4.436047099785108e-16,8.872094199570216e-16
F2global_d10_k1_rho1,FR--KL,88.0,147.15438342998394,1.672208902613454,0.0,8.872094199570216e-16
F2global_d10_k1_rho1,FR--KL,89.0,148.8265923325974,1.672208902613454,0.0,8.872094199570216e-16
F2global_d10_k1_rho1,FR--KL,90.0,150.49880123521086,1.672208902613454,0.0,8.872094199570216e-16
F2global_d10_k1_rho1,FR--KL,91.0,152.1710101378243,1.672208902613454,0.0,8.872094199570216e-16
F2global_d10_k1_rho1,FR--KL,92.0,153.84321904043776,1.672208902613454,0.0,8.872094199570216e-16
F2global_d10_k1_rho1,FR--KL,93.0,155.5154279430512,1.672208902613454,0.0,8.872094199570216e-16
F2global_d10_k1_rho1,FR--KL,94.0,157.18763684566466,1.672208902613454,-4.436047099785108e-16,8.872094199570216e-16
F2global_d10_k1_rho1,FR--KL,95.0,158.85984574827813,1.672208902613454,-4.436047099785108e-16,8.872094199570216e-16
F2global_d10_k1_rho1,FR--KL,96.0,160.53205465089158,1.672208902613454,0.0,8.872094199570216e-16
F2global_d10_k1_rho1,FR--KL,97.0,162.20426355350503,1.672208902613454,0.0,8.872094199570216e-16
F2global_d10_k1_rho1,FR--KL,98.0,163.87647245611848,1.672208902613454,-4.436047099785108e-16,8.872094199570216e-16
F2global_d10_k1_rho1,FR--KL,99.0,165.54868135873193,1.672208902613454,0.0,8.872094199570216e-16
F2global_d10_k1_rho1,FR--KL,100.0,167.2208902613454,1.672208902613454,0.0,8.872094199570216e-16
F2global_d10_k1_rho1,FR--KL,101.0,168.89309916395885,1.672208902613454,0.0,8.872094199570216e-16
F2global_d10_k1_rho1,FR--KL,102.0,170.5653080665723,1.672208902613454,0.0,8.872094199570216e-16
F2global_d10_k1_rho1,FR--KL,103.0,172.23751696918575,1.672208902613454,-4.436047099785108e-16,8.872094199570216e-16
F2global_d10_k1_rho1,FR--KL,104.0,173.9097258717992,1.672208902613454,0.0,8.872094199570216e-16
F2global_d10_k1_rho1,FR--KL,105.0,175.58193477441267,1.672208902613454,0.0,8.872094199570216e-16
F2global_d10_k1_rho1,FR--KL,106.0,177.25414367702612,1.672208902613454,0.0,8.872094199570216e-16
F2global_d10_k1_rho1,FR--KL,107.0,178.92635257963957,1.672208902613454,-4.436047099785108e-16,8.872094199570216e-16
F2global_d10_k1_rho1,FR--KL,108.0,180.59856148225302,1.672208902613454,0.0,8.872094199570216e-16
F2global_d10_k1_rho1,FR--KL,109.0,182.27077038486647,1.672208902613454,0.0,8.872094199570216e-16
F2global_d10_k1_rho1,FR--KL,110.0,183.94297928747991,1.672208902613454,0.0,8.872094199570216e-16
F2global_d10_k1_rho1,FR--KL,111.0,185.6151881900934,1.672208902613454,0.0,8.872094199570216e-16
F2global_d10_k1_rho1,FR--KL,112.0,187.28739709270684,1.672208902613454,0.0,8.872094199570216e-16
F2global_d10_k1_rho1,FR--KL,113.0,188.9596059953203,1.672208902613454,-4.436047099785108e-16,8.872094199570216e-16
F2global_d10_k1_rho1,FR--KL,114.0,190.63181489793374,1.672208902613454,0.0,8.872094199570216e-16
F2global_d10_k1_rho1,FR--KL,115.0,192.30402380054718,1.672208902613454,0.0,8.872094199570216e-16
F2global_d10_k1_rho1,FR--KL,116.0,193.97623270316066,1.672208902613454,0.0,8.872094199570216e-16
F2global_d10_k1_rho1,FR--KL,117.0,195.6484416057741,1.672208902613454,0.0,8.872094199570216e-16
F2global_d10_k1_rho1,FR--KL,118.0,197.32065050838756,1.672208902613454,0.0,8.872094199570216e-16
F2global_d10_k1_rho1,FR--KL,119.0,198.992859411001,1.672208902613454,0.0,8.872094199570216e-16
F2global_d10_k1_rho1,FR--KL,120.0,200.66506831361446,1.672208902613454,0.0,8.872094199570216e-16
F2global_d10_k1_rho1,FR--KL,121.0,202.33727721622793,1.672208902613454,0.0,8.872094199570216e-16
F2global_d10_k1_rho1,FR--KL,122.0,204.00948611884138,1.672208902613454,0.0,8.872094199570216e-16
F2global_d10_k1_rho1,FR--KL,123.0,205.68169502145483,1.672208902613454,0.0,8.872094199570216e-16
F2global_d10_k1_rho1,FR--KL,124.0,207.35390392406828,1.672208902613454,-4.436047099785108e-16,8.872094199570216e-16
F2global_d10_k1_rho1,FR--KL,125.0,209.02611282668173,1.672208902613454,0.0,8.872094199570216e-16
F2global_d10_k1_rho1,FR--KL,126.0,210.6983217292952,1.672208902613454,0.0,8.872094199570216e-16
F2global_d10_k1_rho1,FR--KL,127.0,212.37053063190865,1.672208902613454,0.0,8.872094199570216e-16
F2global_d10_k1_rho1,FR--KL,128.0,214.0427395345221,1.672208902613454,-4.436047099785108e-16,8.872094199570216e-16
F2global_d10_k1_rho1,FR--KL,129.0,215.71494843713555,1.672208902613454,0.0,8.872094199570216e-16
F2global_d10_k1_rho1,FR--KL,130.0,217.387157339749,1.672208902613454,0.0,8.872094199570216e-16
F2global_d10_k1_rho1,FR--KL,131.0,219.05936624236247,1.672208902613454,0.0,8.872094199570216e-16
F2global_d10_k1_rho1,FR--KL,132.0,220.73157514497592,1.672208902613454,0.0,8.872094199570216e-16
F2global_d10_k1_rho1,FR--KL,133.0,222.40378404758937,1.672208902613454,0.0,8.872094199570216e-16
F2global_d10_k1_rho1,FR--KL,134.0,224.07599295020282,1.672208902613454,0.0,8.872094199570216e-16
F2global_d10_k1_rho1,FR--KL,135.0,225.74820185281627,1.672208902613454,0.0,8.872094199570216e-16
F2global_d10_k1_rho1,FR--KL,136.0,227.42041075542974,1.672208902613454,0.0,8.872094199570216e-16
F2global_d10_k1_rho1,FR--KL,137.0,229.0926196580432,1.672208902613454,-4.436047099785108e-16,8.872094199570216e-16
F2global_d10_k1_rho1,FR--KL,138.0,230.76482856065664,1.672208902613454,0.0,8.872094199570216e-16
F2global_d10_k1_rho1,FR--KL,139.0,232.4370374632701,1.672208902613454,0.0,8.872094199570216e-16
F2global_d10_k1_rho1,FR--KL,140.0,234.10924636588354,1.672208902613454,0.0,8.872094199570216e-16
F2global_d10_k1_rho1,FR--KL,141.0,235.781455268497,1.672208902613454,0.0,8.872094199570216e-16
F2global_d10_k1_rho1,FR--KL,142.0,237.45366417111046,1.672208902613454,0.0,8.872094199570216e-16
F2global_d10_k1_rho1,FR--KL,143.0,239.1258730737239,1.672208902613454,0.0,8.872094199570216e-16
F2global_d10_k1_rho1,FR--KL,144.0,240.79808197633736,1.672208902613454,0.0,8.872094199570216e-16
F2global_d10_k1_rho1,FR--KL,145.0,242.4702908789508,1.672208902613454,0.0,8.872094199570216e-16
F2global_d10_k1_rho1,FR--KL,146.0,244.14249978156428,1.672208902613454,0.0,8.872094199570216e-16
F2global_d10_k1_rho1,FR--KL,147.0,245.81470868417773,1.672208902613454,0.0,8.872094199570216e-16
F2global_d10_k1_rho1,FR--KL,148.0,247.48691758679118,1.672208902613454,0.0,8.872094199570216e-16
F2global_d10_k1_rho1,FR--KL,149.0,249.15912648940463,1.672208902613454,0.0,8.872094199570216e-16
F2global_d10_k1_rho1,FR--KL,150.0,250.83133539201808,1.672208902613454,0.0,8.872094199570216e-16
F2global_d10_k1_rho1,FR--KL,151.0,252.50354429463152,1.672208902613454,0.0,8.872094199570216e-16
F2global_d10_k1_rho1,FR--KL,152.0,254.175753197245,1.672208902613454,0.0,8.872094199570216e-16
F2global_d10_k1_rho1,FR--KL,153.0,255.84796209985845,1.672208902613454,0.0,8.872094199570216e-16
F2global_d10_k1_rho1,FR--KL,154.0,257.5201710024719,1.672208902613454,0.0,8.872094199570216e-16
F2global_d10_k1_rho1,FR--KL,155.0,259.1923799050854,1.672208902613454,0.0,8.872094199570216e-16
F2global_d10_k1_rho1,FR--KL,156.0,260.8645888076988,1.672208902613454,0.0,8.872094199570216e-16
F2global_d10_k1_rho1,FR--KL,157.0,262.53679771031227,1.672208902613454,0.0,8.872094199570216e-16
F2global_d10_k1_rho1,FR--KL,158.0,264.2090066129257,1.672208902613454,-4.436047099785108e-16,8.872094199570216e-16
F2global_d10_k1_rho1,FR--KL,159.0,265.88121551553917,1.672208902613454,0.0,8.872094199570216e-16
F2global_d10_k1_rho1,FR--KL,160.0,267.55342441815264,1.672208902613454,0.0,8.872094199570216e-16
F2global_d10_k1_rho1,FR--KL,161.0,269.22563332076606,1.672208902613454,0.0,8.872094199570216e-16
F2global_d10_k1_rho1,FR--KL,162.0,270.89784222337954,1.672208902613454,0.0,8.872094199570216e-16
F2global_d10_k1_rho1,FR--KL,163.0,272.57005112599296,1.672208902613454,0.0,8.872094199570216e-16
F2global_d10_k1_rho1,FR--KL,164.0,274.24226002860644,1.672208902613454,0.0,8.872094199570216e-16
F2global_d10_k1_rho1,FR--KL,165.0,275.9144689312199,1.672208902613454,-4.436047099785108e-16,8.872094199570216e-16
F2global_d10_k1_rho1,FR--KL,166.0,277.58667783383333,1.672208902613454,0.0,8.872094199570216e-16
F2global_d10_k1_rho1,FR--KL,167.0,279.2588867364468,1.672208902613454,0.0,8.872094199570216e-16
F2global_d10_k1_rho1,FR--KL,168.0,280.93109563906023,1.672208902613454,0.0,8.872094199570216e-16
F2global_d10_k1_rho1,FR--KL,169.0,282.6033045416737,1.672208902613454,0.0,8.872094199570216e-16
F2global_d10_k1_rho1,FR--KL,170.0,284.2755134442872,1.672208902613454,0.0,8.872094199570216e-16
F2global_d10_k1_rho1,FR--KL,171.0,285.9477223469006,1.672208902613454,0.0,8.872094199570216e-16
F2global_d10_k1_rho1,FR--KL,172.0,287.6199312495141,1.672208902613454,0.0,8.872094199570216e-16
F2global_d10_k1_rho1,FR--KL,173.0,289.2921401521275,1.672208902613454,0.0,8.872094199570216e-16
F2global_d10_k1_rho1,FR--KL,174.0,290.964349054741,1.672208902613454,0.0,8.872094199570216e-16
F2global_d10_k1_rho1,FR--KL,175.0,292.63655795735446,1.672208902613454,0.0,8.872094199570216e-16
F2global_d10_k1_rho1,FR--KL,176.0,294.3087668599679,1.672208902613454,0.0,8.872094199570216e-16
F2global_d10_k1_rho1,FR--KL,177.0,295.98097576258135,1.672208902613454,0.0,8.872094199570216e-16
F2global_d10_k1_rho1,FR--KL,178.0,297.6531846651948,1.672208902613454,0.0,8.872094199570216e-16
F2global_d10_k1_rho1,FR--KL,179.0,299.32539356780825,1.672208902613454,0.0,8.872094199570216e-16
F2global_d10_k1_rho1,FR--KL,180.0,300.9976024704217,1.672208902613454,0.0,8.872094199570216e-16
F2global_d10_k1_rho1,FR--KL,181.0,302.66981137303515,1.672208902613454,0.0,8.872094199570216e-16
F2global_d10_k1_rho1,FR--KL,182.0,304.3420202756486,1.672208902613454,0.0,8.872094199570216e-16
F2global_d10_k1_rho1,FR--KL,183.0,306.01422917826204,1.672208902613454,0.0,8.872094199570216e-16
F2global_d10_k1_rho1,FR--KL,184.0,307.6864380808755,1.672208902613454,0.0,8.872094199570216e-16
F2global_d10_k1_rho1,FR--KL,185.0,309.358646983489,1.672208902613454,0.0,8.872094199570216e-16
F2global_d10_k1_rho1,FR--KL,186.0,311.0308558861024,1.672208902613454,0.0,8.872094199570216e-16
F2global_d10_k1_rho1,FR--KL,187.0,312.7030647887159,1.672208902613454,0.0,8.872094199570216e-16
F2global_d10_k1_rho1,FR--KL,188.0,314.3752736913293,1.672208902613454,0.0,8.872094199570216e-16
F2global_d10_k1_rho1,FR--KL,189.0,316.0474825939428,1.672208902613454,-4.436047099785108e-16,8.872094199570216e-16
F2global_d10_k1_rho1,FR--KL,190.0,317.71969149655627,1.672208902613454,0.0,8.872094199570216e-16
F2global_d10_k1_rho1,FR--KL,191.0,319.3919003991697,1.672208902613454,0.0,8.872094199570216e-16
F2global_d10_k1_rho1,FR--KL,192.0,321.06410930178316,1.672208902613454,0.0,8.872094199570216e-16
F2global_d10_k1_rho1,FR--KL,193.0,322.7363182043966,1.672208902613454,-4.436047099785108e-16,8.872094199570216e-16
F2global_d10_k1_rho1,FR--KL,194.0,324.40852710701006,1.672208902613454,0.0,8.872094199570216e-16
F2global_d10_k1_rho1,FR--KL,195.0,326.08073600962354,1.672208902613454,0.0,8.872094199570216e-16
F2global_d10_k1_rho1,FR--KL,196.0,327.75294491223696,1.672208902613454,0.0,8.872094199570216e-16
F2global_d10_k1_rho1,FR--KL,197.0,329.42515381485043,1.672208902613454,0.0,8.872094199570216e-16
F2global_d10_k1_rho1,FR--KL,198.0,331.09736271746385,1.672208902613454,0.0,8.872094199570216e-16
F2global_d10_k1_rho1,FR--KL,199.0,332.76957162007733,1.672208902613454,0.0,8.872094199570216e-16
F2global_d10_k1_rho1,FR--KL,200.0,334.4417805226908,1.672208902613454,-4.436047099785108e-16,8.872094199570216e-16
F2global_d10_k1_rho1,FR--KL,201.0,336.1139894253042,1.672208902613454,0.0,8.872094199570216e-16
F2global_d10_k1_rho1,FR--KL,202.0,337.7861983279177,1.672208902613454,0.0,8.872094199570216e-16
F2global_d10_k1_rho1,FR--KL,203.0,339.4584072305311,1.672208902613454,0.0,8.872094199570216e-16
F2global_d10_k1_rho1,FR--KL,204.0,341.1306161331446,1.672208902613454,-4.436047099785108e-16,8.872094199570216e-16
F2global_d10_k1_rho1,FR--KL,205.0,342.8028250357581,1.672208902613454,0.0,8.872094199570216e-16
F2global_d10_k1_rho1,FR--KL,206.0,344.4750339383715,1.672208902613454,0.0,8.872094199570216e-16
F2global_d10_k1_rho1,FR--KL,207.0,346.147242840985,1.672208902613454,0.0,8.872094199570216e-16
F2global_d10_k1_rho1,FR--KL,208.0,347.8194517435984,1.672208902613454,0.0,8.872094199570216e-16
F2global_d10_k1_rho1,FR--KL,209.0,349.49166064621187,1.672208902613454,0.0,8.872094199570216e-16
F2global_d10_k1_rho1,FR--KL,210.0,351.16386954882535,1.672208902613454,0.0,8.872094199570216e-16
F2global_d10_k1_rho1,FR--KL,211.0,352.83607845143877,1.672208902613454,0.0,8.872094199570216e-16
F2global_d10_k1_rho1,FR--KL,212.0,354.50828735405224,1.672208902613454,0.0,8.872094199570216e-16
F2global_d10_k1_rho1,FR--KL,213.0,356.18049625666566,1.672208902613454,0.0,8.872094199570216e-16
F2global_d10_k1_rho1,FR--KL,214.0,357.85270515927914,1.672208902613454,0.0,8.872094199570216e-16
F2global_d10_k1_rho1,FR--KL,215.0,359.52491406189256,1.672208902613454,0.0,8.872094199570216e-16
F2global_d10_k1_rho1,FR--KL,216.0,361.19712296450604,1.672208902613454,0.0,8.872094199570216e-16
F2global_d10_k1_rho1,FR--KL,217.0,362.8693318671195,1.672208902613454,0.0,8.872094199570216e-16
F2global_d10_k1_rho1,FR--KL,218.0,364.54154076973293,1.672208902613454,0.0,8.872094199570216e-16
F2global_d10_k1_rho1,FR--KL,219.0,366.2137496723464,1.672208902613454,0.0,8.872094199570216e-16
F2global_d10_k1_rho1,FR--KL,220.0,367.88595857495983,1.672208902613454,0.0,8.872094199570216e-16
F2global_d10_k1_rho1,FR--KL,221.0,369.5581674775733,1.672208902613454,-4.436047099785108e-16,8.872094199570216e-16
F2global_d10_k1_rho1,FR--KL,222.0,371.2303763801868,1.672208902613454,0.0,8.872094199570216e-16
F2global_d10_k1_rho1,FR--KL,223.0,372.9025852828002,1.672208902613454,0.0,8.872094199570216e-16
F2global_d10_k1_rho1,FR--KL,224.0,374.5747941854137,1.672208902613454,-4.436047099785108e-16,8.872094199570216e-16
F2global_d10_k1_rho1,FR--KL,225.0,376.2470030880271,1.672208902613454,0.0,8.872094199570216e-16
F2global_d10_k1_rho1,FR--KL,226.0,377.9192119906406,1.672208902613454,0.0,8.872094199570216e-16
F2global_d10_k1_rho1,FR--KL,227.0,379.59142089325405,1.672208902613454,0.0,8.872094199570216e-16
F2global_d10_k1_rho1,FR--KL,228.0,381.2636297958675,1.672208902613454,-4.436047099785108e-16,8.872094199570216e-16
F2global_d10_k1_rho1,FR--KL,229.0,382.93583869848095,1.672208902613454,0.0,8.872094199570216e-16
F2global_d10_k1_rho1,FR--KL,230.0,384.60804760109437,1.672208902613454,0.0,8.872094199570216e-16
F2global_d10_k1_rho1,FR--KL,231.0,386.28025650370785,1.672208902613454,0.0,8.872094199570216e-16
F2global_d10_k1_rho1,FR--KL,232.0,387.9524654063213,1.672208902613454,0.0,8.872094199570216e-16
F2global_d10_k1_rho1,FR--KL,233.0,389.62467430893474,1.672208902613454,0.0,8.872094199570216e-16
F2global_d10_k1_rho1,FR--KL,234.0,391.2968832115482,1.672208902613454,0.0,8.872094199570216e-16
F2global_d10_k1_rho1,FR--KL,235.0,392.96909211416164,1.672208902613454,0.0,8.872094199570216e-16
F2global_d10_k1_rho1,FR--KL,236.0,394.6413010167751,1.672208902613454,0.0,8.872094199570216e-16
F2global_d10_k1_rho1,FR--KL,237.0,396.3135099193886,1.672208902613454,0.0,8.872094199570216e-16
F2global_d10_k1_rho1,FR--KL,238.0,397.985718822002,1.672208902613454,0.0,8.872094199570216e-16
F2global_d10_k1_rho1,FR--KL,239.0,399.6579277246155,1.672208902613454,0.0,8.872094199570216e-16
F2global_d10_k1_rho1,FR--KL,240.0,401.3301366272289,1.672208902613454,-4.436047099785108e-16,8.872094199570216e-16
F2global_d10_k1_rho1,FR--KL,241.0,403.0023455298424,1.672208902613454,0.0,8.872094199570216e-16
F2global_d10_k1_rho1,FR--KL,242.0,404.67455443245586,1.672208902613454,0.0,8.872094199570216e-16
F2global_d10_k1_rho1,FR--KL,243.0,406.3467633350693,1.672208902613454,-4.436047099785108e-16,8.872094199570216e-16
F2global_d10_k1_rho1,FR--KL,244.0,408.01897223768276,1.672208902613454,0.0,8.872094199570216e-16
F2global_d10_k1_rho1,FR--KL,245.0,409.6911811402962,1.672208902613454,-4.436047099785108e-16,8.872094199570216e-16
F2global_d10_k1_rho1,FR--KL,246.0,411.36339004290966,1.672208902613454,0.0,8.872094199570216e-16
F2global_d10_k1_rho1,FR--KL,247.0,413.03559894552313,1.672208902613454,0.0,8.872094199570216e-16
F2global_d10_k1_rho1,FR--KL,248.0,414.70780784813655,1.672208902613454,0.0,8.872094199570216e-16
F2global_d10_k1_rho1,FR--KL,249.0,416.38001675075003,1.672208902613454,0.0,8.872094199570216e-16
F2global_d10_k1_rho1,FR--KL,250.0,418.05222565336345,1.672208902613454,0.0,8.872094199570216e-16
F2global_d10_k1_rho1,FR--KL,251.0,419.7244345559769,1.672208902613454,0.0,8.872094199570216e-16
F2global_d10_k1_rho1,FR--KL,252.0,421.3966434585904,1.672208902613454,0.0,8.872094199570216e-16
F2global_d10_k1_rho1,FR--KL,253.0,423.0688523612038,1.672208902613454,0.0,8.872094199570216e-16
F2global_d10_k1_rho1,FR--KL,254.0,424.7410612638173,1.672208902613454,0.0,8.872094199570216e-16
F2global_d10_k1_rho1,FR--KL,255.0,426.4132701664307,1.672208902613454,0.0,8.872094199570216e-16
F2global_d10_k1_rho1,FR--KL,256.0,428.0854790690442,1.672208902613454,0.0,8.872094199570216e-16
F2global_d10_k1_rho1,FR--KL,257.0,429.7576879716577,1.672208902613454,0.0,8.872094199570216e-16
F2global_d10_k1_rho1,FR--KL,258.0,431.4298968742711,1.672208902613454,0.0,8.872094199570216e-16
F2global_d10_k1_rho1,FR--KL,259.0,433.10210577688457,1.672208902613454,0.0,8.872094199570216e-16
F2global_d10_k1_rho1,FR--KL,260.0,434.774314679498,1.672208902613454,0.0,8.872094199570216e-16
F2global_d10_k1_rho1,FR--KL,261.0,436.44652358211147,1.672208902613454,0.0,8.872094199570216e-16
F2global_d10_k1_rho1,FR--KL,262.0,438.11873248472494,1.672208902613454,0.0,8.872094199570216e-16
F2global_d10_k1_rho1,FR--KL,263.0,439.79094138733836,1.672208902613454,0.0,8.872094199570216e-16
F2global_d10_k1_rho1,FR--KL,264.0,441.46315028995184,1.672208902613454,0.0,8.872094199570216e-16
F2global_d10_k1_rho1,FR--KL,265.0,443.13535919256526,1.672208902613454,-4.436047099785108e-16,8.872094199570216e-16
F2global_d10_k1_rho1,FR--KL,266.0,444.80756809517874,1.672208902613454,0.0,8.872094199570216e-16
F2global_d10_k1_rho1,FR--KL,267.0,446.4797769977922,1.672208902613454,0.0,8.872094199570216e-16
F2global_d10_k1_rho1,FR--KL,268.0,448.15198590040563,1.672208902613454,0.0,8.872094199570216e-16
F2global_d10_k1_rho1,FR--KL,269.0,449.8241948030191,1.672208902613454,0.0,8.872094199570216e-16
F2global_d10_k1_rho1,FR--KL,270.0,451.49640370563253,1.672208902613454,0.0,8.872094199570216e-16
F2global_d10_k1_rho1,FR--KL,271.0,453.168612608246,1.672208902613454,0.0,8.872094199570216e-16
F2global_d10_k1_rho1,FR--KL,272.0,454.8408215108595,1.672208902613454,0.0,8.872094199570216e-16
F2global_d10_k1_rho1,FR--KL,273.0,456.5130304134729,1.672208902613454,0.0,8.872094199570216e-16
F2global_d10_k1_rho1,FR--KL,274.0,458.1852393160864,1.672208902613454,0.0,8.872094199570216e-16
F2global_d10_k1_rho1,FR--KL,275.0,459.8574482186998,1.672208902613454,0.0,8.872094199570216e-16
F2global_d10_k1_rho1,FR--KL,276.0,461.5296571213133,1.672208902613454,0.0,8.872094199570216e-16
F2global_d10_k1_rho1,FR--KL,277.0,463.20186602392675,1.672208902613454,0.0,8.872094199570216e-16
F2global_d10_k1_rho1,FR--KL,278.0,464.8740749265402,1.672208902613454,0.0,8.872094199570216e-16
F2global_d10_k1_rho1,FR--KL,279.0,466.54628382915365,1.672208902613454,0.0,8.872094199570216e-16
F2global_d10_k1_rho1,FR--KL,280.0,468.21849273176707,1.672208902613454,0.0,8.872094199570216e-16
F2global_d10_k1_rho1,FR--KL,281.0,469.89070163438055,1.672208902613454,0.0,8.872094199570216e-16
F2global_d10_k1_rho1,FR--KL,282.0,471.562910536994,1.672208902613454,0.0,8.872094199570216e-16
F2global_d10_k1_rho1,FR--KL,283.0,473.23511943960744,1.672208902613454,0.0,8.872094199570216e-16
F2global_d10_k1_rho1,FR--KL,284.0,474.9073283422209,1.672208902613454,0.0,8.872094199570216e-16
F2global_d10_k1_rho1,FR--KL,285.0,476.57953724483434,1.672208902613454,0.0,8.872094199570216e-16
F2global_d10_k1_rho1,FR--KL,286.0,478.2517461474478,1.672208902613454,0.0,8.872094199570216e-16
F2global_d10_k1_rho1,FR--KL,287.0,479.9239550500613,1.672208902613454,0.0,8.872094199570216e-16
F2global_d10_k1_rho1,FR--KL,288.0,481.5961639526747,1.672208902613454,0.0,8.872094199570216e-16
F2global_d10_k1_rho1,FR--KL,289.0,483.2683728552882,1.672208902613454,0.0,8.872094199570216e-16
F2global_d10_k1_rho1,FR--KL,290.0,484.9405817579016,1.672208902613454,0.0,8.872094199570216e-16
F2global_d10_k1_rho1,FR--KL,291.0,486.6127906605151,1.672208902613454,0.0,8.872094199570216e-16
F2global_d10_k1_rho1,FR--KL,292.0,488.28499956312857,1.672208902613454,0.0,8.872094199570216e-16
F2global_d10_k1_rho1,FR--KL,293.0,489.957208465742,1.672208902613454,0.0,8.872094199570216e-16
F2global_d10_k1_rho1,FR--KL,294.0,491.62941736835546,1.672208902613454,0.0,8.872094199570216e-16
F2global_d10_k1_rho1,FR--KL,295.0,493.3016262709689,1.672208902613454,0.0,8.872094199570216e-16
F2global_d10_k1_rho1,FR--KL,296.0,494.97383517358236,1.672208902613454,0.0,8.872094199570216e-16
F2global_d10_k1_rho1,FR--KL,297.0,496.64604407619584,1.672208902613454,-4.436047099785108e-16,8.872094199570216e-16
F2global_d10_k1_rho1,FR--KL,298.0,498.31825297880926,1.672208902613454,0.0,8.872094199570216e-16
F2global_d10_k1_rho1,FR--KL,299.0,499.99046188142273,1.672208902613454,0.0,8.872094199570216e-16
F2global_d10_k1_rho1,FR--KL,300.0,501.66267078403615,1.672208902613454,-4.436047099785108e-16,8.872094199570216e-16
F2global_d10_k1_rho1,FR--KL,301.0,503.33487968664963,1.672208902613454,0.0,8.872094199570216e-16
F2global_d10_k1_rho1,FR--KL,302.0,505.00708858926305,1.672208902613454,0.0,8.872094199570216e-16
F2global_d10_k1_rho1,FR--KL,303.0,506.6792974918765,1.672208902613454,0.0,8.872094199570216e-16
F2global_d10_k1_rho1,FR--KL,304.0,508.35150639449,1.672208902613454,-4.436047099785108e-16,8.872094199570216e-16
F2global_d10_k1_rho1,FR--KL,305.0,510.0237152971034,1.672208902613454,0.0,8.872094199570216e-16
F2global_d10_k1_rho1,FR--KL,306.0,511.6959241997169,1.672208902613454,0.0,8.872094199570216e-16
F2global_d10_k1_rho1,FR--KL,307.0,513.3681331023304,1.672208902613454,0.0,8.872094199570216e-16
F2global_d10_k1_rho1,FR--KL,308.0,515.0403420049438,1.672208902613454,0.0,8.872094199570216e-16
F2global_d10_k1_rho1,FR--KL,309.0,516.7125509075572,1.672208902613454,0.0,8.872094199570216e-16
F2global_d10_k1_rho1,FR--KL,310.0,518.3847598101707,1.672208902613454,0.0,8.872094199570216e-16
F2global_d10_k1_rho1,FR--KL,311.0,520.0569687127842,1.672208902613454,0.0,8.872094199570216e-16
F2global_d10_k1_rho1,FR--KL,312.0,521.7291776153976,1.672208902613454,0.0,8.872094199570216e-16
F2global_d10_k1_rho1,FR--KL,313.0,523.4013865180111,1.672208902613454,0.0,8.872094199570216e-16
F2global_d10_k1_rho1,FR--KL,314.0,525.0735954206245,1.672208902613454,0.0,8.872094199570216e-16
F2global_d10_k1_rho1,FR--KL,315.0,526.745804323238,1.672208902613454,0.0,8.872094199570216e-16
F2global_d10_k1_rho1,FR--KL,316.0,528.4180132258514,1.672208902613454,0.0,8.872094199570216e-16
F2global_d10_k1_rho1,FR--KL,317.0,530.0902221284649,1.672208902613454,0.0,8.872094199570216e-16
F2global_d10_k1_rho1,FR--KL,318.0,531.7624310310783,1.672208902613454,0.0,8.872094199570216e-16
F2global_d10_k1_rho1,FR--KL,319.0,533.4346399336918,1.672208902613454,0.0,8.872094199570216e-16
F2global_d10_k1_rho1,FR--KL,320.0,535.1068488363053,1.672208902613454,0.0,8.872094199570216e-16
F2global_d10_k1_rho1,FR--KL,321.0,536.7790577389187,1.672208902613454,0.0,8.872094199570216e-16
F2global_d10_k1_rho1,FR--KL,322.0,538.4512666415321,1.672208902613454,0.0,8.872094199570216e-16
F2global_d10_k1_rho1,FR--KL,323.0,540.1234755441457,1.672208902613454,0.0,8.872094199570216e-16
F2global_d10_k1_rho1,FR--KL,324.0,541.7956844467591,1.672208902613454,0.0,8.872094199570216e-16
F2global_d10_k1_rho1,FR--KL,325.0,543.4678933493725,1.672208902613454,-4.436047099785108e-16,8.872094199570216e-16
F2global_d10_k1_rho1,FR--KL,326.0,545.1401022519859,1.672208902613454,0.0,8.872094199570216e-16
F2global_d10_k1_rho1,FR--KL,327.0,546.8123111545995,1.672208902613454,-4.436047099785108e-16,8.872094199570216e-16
F2global_d10_k1_rho1,FR--KL,328.0,548.4845200572129,1.672208902613454,0.0,8.872094199570216e-16
F2global_d10_k1_rho1,FR--KL,329.0,550.1567289598263,1.672208902613454,0.0,8.872094199570216e-16
F2global_d10_k1_rho1,FR--KL,330.0,551.8289378624398,1.672208902613454,0.0,8.872094199570216e-16
F2global_d10_k1_rho1,FR--KL,331.0,553.5011467650532,1.672208902613454,-4.436047099785108e-16,8.872094199570216e-16
F2global_d10_k1_rho1,FR--KL,332.0,555.1733556676667,1.672208902613454,0.0,8.872094199570216e-16
F2global_d10_k1_rho1,FR--KL,333.0,556.8455645702802,1.672208902613454,0.0,8.872094199570216e-16
F2global_d10_k1_rho1,FR--KL,334.0,558.5177734728936,1.672208902613454,0.0,8.872094199570216e-16
F2global_d10_k1_rho1,FR--KL,335.0,560.189982375507,1.672208902613454,-4.436047099785108e-16,8.872094199570216e-16
F2global_d10_k1_rho1,FR--KL,336.0,561.8621912781205,1.672208902613454,0.0,8.872094199570216e-16
F2global_d10_k1_rho1,FR--KL,337.0,563.534400180734,1.672208902613454,0.0,8.872094199570216e-16
F2global_d10_k1_rho1,FR--KL,338.0,565.2066090833474,1.672208902613454,0.0,8.872094199570216e-16
F2global_d10_k1_rho1,FR--KL,339.0,566.8788179859608,1.672208902613454,0.0,8.872094199570216e-16
F2global_d10_k1_rho1,FR--KL,340.0,568.5510268885744,1.672208902613454,0.0,8.872094199570216e-16
F2global_d10_k1_rho1,FR--KL,341.0,570.2232357911878,1.672208902613454,0.0,8.872094199570216e-16
F2global_d10_k1_rho1,FR--KL,342.0,571.8954446938012,1.672208902613454,0.0,8.872094199570216e-16
F2global_d10_k1_rho1,FR--KL,343.0,573.5676535964146,1.672208902613454,0.0,8.872094199570216e-16
F2global_d10_k1_rho1,FR--KL,344.0,575.2398624990282,1.672208902613454,0.0,8.872094199570216e-16
F2global_d10_k1_rho1,FR--KL,345.0,576.9120714016416,1.672208902613454,0.0,8.872094199570216e-16
F2global_d10_k1_rho1,FR--KL,346.0,578.584280304255,1.672208902613454,0.0,8.872094199570216e-16
F2global_d10_k1_rho1,FR--KL,347.0,580.2564892068685,1.672208902613454,0.0,8.872094199570216e-16
F2global_d10_k1_rho1,FR--KL,348.0,581.928698109482,1.672208902613454,-4.436047099785108e-16,8.872094199570216e-16
F2global_d10_k1_rho1,FR--KL,349.0,583.6009070120954,1.672208902613454,0.0,8.872094199570216e-16
F2global_d10_k1_rho1,FR--KL,350.0,585.2731159147089,1.672208902613454,0.0,8.872094199570216e-16
F2global_d10_k1_rho1,FR--KL,351.0,586.9453248173223,1.672208902613454,-4.436047099785108e-16,8.872094199570216e-16
F2global_d10_k1_rho1,FR--KL,352.0,588.6175337199358,1.672208902613454,0.0,8.872094199570216e-16
F2global_d10_k1_rho1,FR--KL,353.0,590.2897426225492,1.672208902613454,0.0,8.872094199570216e-16
F2global_d10_k1_rho1,FR--KL,354.0,591.9619515251627,1.672208902613454,-4.436047099785108e-16,8.872094199570216e-16
F2global_d10_k1_rho1,FR--KL,355.0,593.6341604277761,1.672208902613454,0.0,8.872094199570216e-16
F2global_d10_k1_rho1,FR--KL,356.0,595.3063693303895,1.672208902613454,0.0,8.872094199570216e-16
F2global_d10_k1_rho1,FR--KL,357.0,596.9785782330031,1.672208902613454,0.0,8.872094199570216e-16
F2global_d10_k1_rho1,FR--KL,358.0,598.6507871356165,1.672208902613454,0.0,8.872094199570216e-16
F2global_d10_k1_rho1,FR--KL,359.0,600.3229960382299,1.672208902613454,0.0,8.872094199570216e-16
F2global_d10_k1_rho1,FR--KL,360.0,601.9952049408435,1.672208902613454,0.0,8.872094199570216e-16
F2global_d10_k1_rho1,FR--KL,361.0,603.6674138434569,1.672208902613454,0.0,8.872094199570216e-16
F2global_d10_k1_rho1,FR--KL,362.0,605.3396227460703,1.672208902613454,0.0,8.872094199570216e-16
F2global_d10_k1_rho1,FR--KL,363.0,607.0118316486837,1.672208902613454,0.0,8.872094199570216e-16
F2global_d10_k1_rho1,FR--KL,364.0,608.6840405512972,1.672208902613454,-4.436047099785108e-16,8.872094199570216e-16
F2global_d10_k1_rho1,FR--KL,365.0,610.3562494539107,1.672208902613454,0.0,8.872094199570216e-16
F2global_d10_k1_rho1,FR--KL,366.0,612.0284583565241,1.672208902613454,0.0,8.872094199570216e-16
F2global_d10_k1_rho1,FR--KL,367.0,613.7006672591376,1.672208902613454,0.0,8.872094199570216e-16
F2global_d10_k1_rho1,FR--KL,368.0,615.372876161751,1.672208902613454,0.0,8.872094199570216e-16
F2global_d10_k1_rho1,FR--KL,369.0,617.0450850643645,1.672208902613454,0.0,8.872094199570216e-16
F2global_d10_k1_rho1,FR--KL,370.0,618.717293966978,1.672208902613454,0.0,8.872094199570216e-16
F2global_d10_k1_rho1,FR--KL,371.0,620.3895028695914,1.672208902613454,0.0,8.872094199570216e-16
F2global_d10_k1_rho1,FR--KL,372.0,622.0617117722048,1.672208902613454,0.0,8.872094199570216e-16
F2global_d10_k1_rho1,FR--KL,373.0,623.7339206748183,1.672208902613454,0.0,8.872094199570216e-16
F2global_d10_k1_rho1,FR--KL,374.0,625.4061295774318,1.672208902613454,0.0,8.872094199570216e-16
F2global_d10_k1_rho1,FR--KL,375.0,627.0783384800452,1.672208902613454,0.0,8.872094199570216e-16
F2global_d10_k1_rho1,FR--KL,376.0,628.7505473826586,1.672208902613454,0.0,8.872094199570216e-16
F2global_d10_k1_rho1,FR--KL,377.0,630.4227562852722,1.672208902613454,0.0,8.872094199570216e-16
F2global_d10_k1_rho1,FR--KL,378.0,632.0949651878856,1.672208902613454,0.0,8.872094199570216e-16
F2global_d10_k1_rho1,FR--KL,379.0,633.767174090499,1.672208902613454,0.0,8.872094199570216e-16
F2global_d10_k1_rho1,FR--KL,380.0,635.4393829931125,1.672208902613454,0.0,8.872094199570216e-16
F2global_d10_k1_rho1,FR--KL,381.0,637.111591895726,1.672208902613454,0.0,8.872094199570216e-16
F2global_d10_k1_rho1,FR--KL,382.0,638.7838007983394,1.672208902613454,0.0,8.872094199570216e-16
F2global_d10_k1_rho1,FR--KL,383.0,640.4560097009528,1.672208902613454,0.0,8.872094199570216e-16
F2global_d10_k1_rho1,FR--KL,384.0,642.1282186035663,1.672208902613454,0.0,8.872094199570216e-16
F2global_d10_k1_rho1,FR--KL,385.0,643.8004275061797,1.672208902613454,0.0,8.872094199570216e-16
F2global_d10_k1_rho1,FR--KL,386.0,645.4726364087932,1.672208902613454,0.0,8.872094199570216e-16
F2global_d10_k1_rho1,FR--KL,387.0,647.1448453114067,1.672208902613454,0.0,8.872094199570216e-16
F2global_d10_k1_rho1,FR--KL,388.0,648.8170542140201,1.672208902613454,0.0,8.872094199570216e-16
F2global_d10_k1_rho1,FR--KL,389.0,650.4892631166335,1.672208902613454,0.0,8.872094199570216e-16
F2global_d10_k1_rho1,FR--KL,390.0,652.1614720192471,1.672208902613454,0.0,8.872094199570216e-16
F2global_d10_k1_rho1,FR--KL,391.0,653.8336809218605,1.672208902613454,0.0,8.872094199570216e-16
F2global_d10_k1_rho1,FR--KL,392.0,655.5058898244739,1.672208902613454,0.0,8.872094199570216e-16
F2global_d10_k1_rho1,FR--KL,393.0,657.1780987270873,1.672208902613454,0.0,8.872094199570216e-16
F2global_d10_k1_rho1,FR--KL,394.0,658.8503076297009,1.672208902613454,0.0,8.872094199570216e-16
F2global_d10_k1_rho1,FR--KL,395.0,660.5225165323143,1.672208902613454,0.0,8.872094199570216e-16
F2global_d10_k1_rho1,FR--KL,396.0,662.1947254349277,1.672208902613454,0.0,8.872094199570216e-16
F2global_d10_k1_rho1,FR--KL,397.0,663.8669343375412,1.672208902613454,-4.436047099785108e-16,8.872094199570216e-16
F2global_d10_k1_rho1,FR--KL,398.0,665.5391432401547,1.672208902613454,0.0,8.872094199570216e-16
F2global_d10_k1_rho1,FR--KL,399.0,667.2113521427681,1.672208902613454,0.0,8.872094199570216e-16
F2global_d10_k1_rho1,FR--KL,400.0,668.8835610453816,1.672208902613454,0.0,8.872094199570216e-16
F2global_d10_k1_rho1,FB--GVI,0.0,0.0,0.836104451306727,1.0,8.872094199570216e-16
F2global_d10_k1_rho1,FB--GVI,1.0,0.836104451306727,0.836104451306727,0.0550605154252165,8.872094199570216e-16
F2global_d10_k1_rho1,FB--GVI,2.0,1.672208902613454,0.836104451306727,0.0024591301739483097,8.872094199570216e-16
F2global_d10_k1_rho1,FB--GVI,3.0,2.508313353920181,0.836104451306727,9.746971337919474e-05,8.872094199570216e-16
F2global_d10_k1_rho1,FB--GVI,4.0,3.344417805226908,0.836104451306727,3.8136582799540932e-06,8.872094199570216e-16
F2global_d10_k1_rho1,FB--GVI,5.0,4.180522256533635,0.836104451306727,1.51303890667736e-07,8.872094199570216e-16
F2global_d10_k1_rho1,FB--GVI,6.0,5.016626707840362,0.836104451306727,6.0885815531901665e-09,8.872094199570216e-16
F2global_d10_k1_rho1,FB--GVI,7.0,5.852731159147089,0.836104451306727,2.477487944758984e-10,8.872094199570216e-16
F2global_d10_k1_rho1,FB--GVI,8.0,6.688835610453816,0.836104451306727,1.0171412395097273e-11,8.872094199570216e-16
F2global_d10_k1_rho1,FB--GVI,9.0,7.524940061760542,0.836104451306727,4.209808697696067e-13,8.872094199570216e-16
F2global_d10_k1_rho1,FB--GVI,10.0,8.36104451306727,0.836104451306727,1.7744188399140434e-14,8.872094199570216e-16
F2global_d10_k1_rho1,FB--GVI,11.0,9.197148964373996,0.836104451306727,8.872094199570216e-16,8.872094199570216e-16
F2global_d10_k1_rho1,FB--GVI,12.0,10.033253415680724,0.836104451306727,0.0,8.872094199570216e-16
F2global_d10_k1_rho1,FB--GVI,13.0,10.86935786698745,0.836104451306727,4.436047099785108e-16,8.872094199570216e-16
F2global_d10_k1_rho1,FB--GVI,14.0,11.705462318294177,0.836104451306727,0.0,8.872094199570216e-16
F2global_d10_k1_rho1,FB--GVI,15.0,12.541566769600903,0.836104451306727,-4.436047099785108e-16,8.872094199570216e-16
F2global_d10_k1_rho1,FB--GVI,16.0,13.377671220907631,0.836104451306727,0.0,8.872094199570216e-16
F2global_d10_k1_rho1,FB--GVI,17.0,14.213775672214359,0.836104451306727,0.0,8.872094199570216e-16
F2global_d10_k1_rho1,FB--GVI,18.0,15.049880123521085,0.836104451306727,0.0,8.872094199570216e-16
F2global_d10_k1_rho1,FB--GVI,19.0,15.885984574827813,0.836104451306727,0.0,8.872094199570216e-16
F2global_d10_k1_rho1,FB--GVI,20.0,16.72208902613454,0.836104451306727,-4.436047099785108e-16,8.872094199570216e-16
F2global_d10_k1_rho1,FB--GVI,21.0,17.558193477441264,0.836104451306727,0.0,8.872094199570216e-16
F2global_d10_k1_rho1,FB--GVI,22.0,18.394297928747992,0.836104451306727,-4.436047099785108e-16,8.872094199570216e-16
F2global_d10_k1_rho1,FB--GVI,23.0,19.23040238005472,0.836104451306727,0.0,8.872094199570216e-16
F2global_d10_k1_rho1,FB--GVI,24.0,20.066506831361448,0.836104451306727,-4.436047099785108e-16,8.872094199570216e-16
F2global_d10_k1_rho1,FB--GVI,25.0,20.902611282668175,0.836104451306727,0.0,8.872094199570216e-16
F2global_d10_k1_rho1,FB--GVI,26.0,21.7387157339749,0.836104451306727,4.436047099785108e-16,8.872094199570216e-16
F2global_d10_k1_rho1,FB--GVI,27.0,22.574820185281627,0.836104451306727,0.0,8.872094199570216e-16
F2global_d10_k1_rho1,FB--GVI,28.0,23.410924636588355,0.836104451306727,0.0,8.872094199570216e-16
F2global_d10_k1_rho1,FB--GVI,29.0,24.247029087895083,0.836104451306727,-4.436047099785108e-16,8.872094199570216e-16
F2global_d10_k1_rho1,FB--GVI,30.0,25.083133539201807,0.836104451306727,-4.436047099785108e-16,8.872094199570216e-16
F2global_d10_k1_rho1,FB--GVI,31.0,25.919237990508535,0.836104451306727,0.0,8.872094199570216e-16
F2global_d10_k1_rho1,FB--GVI,32.0,26.755342441815262,0.836104451306727,0.0,8.872094199570216e-16
F2global_d10_k1_rho1,FB--GVI,33.0,27.59144689312199,0.836104451306727,-4.436047099785108e-16,8.872094199570216e-16
F2global_d10_k1_rho1,FB--GVI,34.0,28.427551344428718,0.836104451306727,0.0,8.872094199570216e-16
F2global_d10_k1_rho1,FB--GVI,35.0,29.263655795735442,0.836104451306727,4.436047099785108e-16,8.872094199570216e-16
F2global_d10_k1_rho1,FB--GVI,36.0,30.09976024704217,0.836104451306727,0.0,8.872094199570216e-16
F2global_d10_k1_rho1,FB--GVI,37.0,30.935864698348897,0.836104451306727,-4.436047099785108e-16,8.872094199570216e-16
F2global_d10_k1_rho1,FB--GVI,38.0,31.771969149655625,0.836104451306727,0.0,8.872094199570216e-16
F2global_d10_k1_rho1,FB--GVI,39.0,32.60807360096235,0.836104451306727,0.0,8.872094199570216e-16
F2global_d10_k1_rho1,FB--GVI,40.0,33.44417805226908,0.836104451306727,-4.436047099785108e-16,8.872094199570216e-16
F2global_d10_k1_rho1,FB--GVI,41.0,34.280282503575805,0.836104451306727,4.436047099785108e-16,8.872094199570216e-16
F2global_d10_k1_rho1,FB--GVI,42.0,35.11638695488253,0.836104451306727,-4.436047099785108e-16,8.872094199570216e-16
F2global_d10_k1_rho1,FB--GVI,43.0,35.95249140618926,0.836104451306727,0.0,8.872094199570216e-16
F2global_d10_k1_rho1,FB--GVI,44.0,36.788595857495984,0.836104451306727,0.0,8.872094199570216e-16
F2global_d10_k1_rho1,FB--GVI,45.0,37.624700308802716,0.836104451306727,4.436047099785108e-16,8.872094199570216e-16
F2global_d10_k1_rho1,FB--GVI,46.0,38.46080476010944,0.836104451306727,-4.436047099785108e-16,8.872094199570216e-16
F2global_d10_k1_rho1,FB--GVI,47.0,39.296909211416164,0.836104451306727,0.0,8.872094199570216e-16
F2global_d10_k1_rho1,FB--GVI,48.0,40.133013662722895,0.836104451306727,0.0,8.872094199570216e-16
F2global_d10_k1_rho1,FB--GVI,49.0,40.96911811402962,0.836104451306727,4.436047099785108e-16,8.872094199570216e-16
F2global_d10_k1_rho1,FB--GVI,50.0,41.80522256533635,0.836104451306727,0.0,8.872094199570216e-16
F2global_d10_k1_rho1,FB--GVI,51.0,42.641327016643075,0.836104451306727,0.0,8.872094199570216e-16
F2global_d10_k1_rho1,FB--GVI,52.0,43.4774314679498,0.836104451306727,-4.436047099785108e-16,8.872094199570216e-16
F2global_d10_k1_rho1,FB--GVI,53.0,44.31353591925653,0.836104451306727,0.0,8.872094199570216e-16
F2global_d10_k1_rho1,FB--GVI,54.0,45.149640370563255,0.836104451306727,0.0,8.872094199570216e-16
F2global_d10_k1_rho1,FB--GVI,55.0,45.98574482186998,0.836104451306727,0.0,8.872094199570216e-16
F2global_d10_k1_rho1,FB--GVI,56.0,46.82184927317671,0.836104451306727,0.0,8.872094199570216e-16
F2global_d10_k1_rho1,FB--GVI,57.0,47.657953724483434,0.836104451306727,0.0,8.872094199570216e-16
F2global_d10_k1_rho1,FB--GVI,58.0,48.494058175790165,0.836104451306727,-4.436047099785108e-16,8.872094199570216e-16
F2global_d10_k1_rho1,FB--GVI,59.0,49.33016262709689,0.836104451306727,-4.436047099785108e-16,8.872094199570216e-16
F2global_d10_k1_rho1,FB--GVI,60.0,50.166267078403614,0.836104451306727,-4.436047099785108e-16,8.872094199570216e-16
F2global_d10_k1_rho1,FB--GVI,61.0,51.002371529710345,0.836104451306727,0.0,8.872094199570216e-16
F2global_d10_k1_rho1,FB--GVI,62.0,51.83847598101707,0.836104451306727,0.0,8.872094199570216e-16
F2global_d10_k1_rho1,FB--GVI,63.0,52.6745804323238,0.836104451306727,0.0,8.872094199570216e-16
F2global_d10_k1_rho1,FB--GVI,64.0,53.510684883630525,0.836104451306727,0.0,8.872094199570216e-16
F2global_d10_k1_rho1,FB--GVI,65.0,54.34678933493725,0.836104451306727,-4.436047099785108e-16,8.872094199570216e-16
F2global_d10_k1_rho1,FB--GVI,66.0,55.18289378624398,0.836104451306727,-4.436047099785108e-16,8.872094199570216e-16
F2global_d10_k1_rho1,FB--GVI,67.0,56.018998237550704,0.836104451306727,-4.436047099785108e-16,8.872094199570216e-16
F2global_d10_k1_rho1,FB--GVI,68.0,56.855102688857436,0.836104451306727,-4.436047099785108e-16,8.872094199570216e-16
F2global_d10_k1_rho1,FB--GVI,69.0,57.69120714016416,0.836104451306727,-4.436047099785108e-16,8.872094199570216e-16
F2global_d10_k1_rho1,FB--GVI,70.0,58.527311591470884,0.836104451306727,-4.436047099785108e-16,8.872094199570216e-16
F2global_d10_k1_rho1,FB--GVI,71.0,59.363416042777615,0.836104451306727,-4.436047099785108e-16,8.872094199570216e-16
F2global_d10_k1_rho1,FB--GVI,72.0,60.19952049408434,0.836104451306727,-4.436047099785108e-16,8.872094199570216e-16
F2global_d10_k1_rho1,FB--GVI,73.0,61.03562494539107,0.836104451306727,-4.436047099785108e-16,8.872094199570216e-16
F2global_d10_k1_rho1,FB--GVI,74.0,61.871729396697795,0.836104451306727,0.0,8.872094199570216e-16
F2global_d10_k1_rho1,FB--GVI,75.0,62.70783384800452,0.836104451306727,-4.436047099785108e-16,8.872094199570216e-16
F2global_d10_k1_rho1,FB--GVI,76.0,63.54393829931125,0.836104451306727,-4.436047099785108e-16,8.872094199570216e-16
F2global_d10_k1_rho1,FB--GVI,77.0,64.38004275061797,0.836104451306727,0.0,8.872094199570216e-16
F2global_d10_k1_rho1,FB--GVI,78.0,65.2161472019247,0.836104451306727,0.0,8.872094199570216e-16
F2global_d10_k1_rho1,FB--GVI,79.0,66.05225165323142,0.836104451306727,4.436047099785108e-16,8.872094199570216e-16
F2global_d10_k1_rho1,FB--GVI,80.0,66.88835610453816,0.836104451306727,-4.436047099785108e-16,8.872094199570216e-16
F2global_d10_k1_rho1,FB--GVI,81.0,67.72446055584489,0.836104451306727,-4.436047099785108e-16,8.872094199570216e-16
F2global_d10_k1_rho1,FB--GVI,82.0,68.56056500715161,0.836104451306727,0.0,8.872094199570216e-16
F2global_d10_k1_rho1,FB--GVI,83.0,69.39666945845833,0.836104451306727,-4.436047099785108e-16,8.872094199570216e-16
F2global_d10_k1_rho1,FB--GVI,84.0,70.23277390976506,0.836104451306727,0.0,8.872094199570216e-16
F2global_d10_k1_rho1,FB--GVI,85.0,71.0688783610718,0.836104451306727,0.0,8.872094199570216e-16
F2global_d10_k1_rho1,FB--GVI,86.0,71.90498281237852,0.836104451306727,0.0,8.872094199570216e-16
F2global_d10_k1_rho1,FB--GVI,87.0,72.74108726368524,0.836104451306727,0.0,8.872094199570216e-16
F2global_d10_k1_rho1,FB--GVI,88.0,73.57719171499197,0.836104451306727,0.0,8.872094199570216e-16
F2global_d10_k1_rho1,FB--GVI,89.0,74.4132961662987,0.836104451306727,0.0,8.872094199570216e-16
F2global_d10_k1_rho1,FB--GVI,90.0,75.24940061760543,0.836104451306727,-4.436047099785108e-16,8.872094199570216e-16
F2global_d10_k1_rho1,FB--GVI,91.0,76.08550506891216,0.836104451306727,4.436047099785108e-16,8.872094199570216e-16
F2global_d10_k1_rho1,FB--GVI,92.0,76.92160952021888,0.836104451306727,-8.872094199570216e-16,8.872094199570216e-16
F2global_d10_k1_rho1,FB--GVI,93.0,77.7577139715256,0.836104451306727,-8.872094199570216e-16,8.872094199570216e-16
F2global_d10_k1_rho1,FB--GVI,94.0,78.59381842283233,0.836104451306727,4.436047099785108e-16,8.872094199570216e-16
F2global_d10_k1_rho1,FB--GVI,95.0,79.42992287413907,0.836104451306727,-4.436047099785108e-16,8.872094199570216e-16
F2global_d10_k1_rho1,FB--GVI,96.0,80.26602732544579,0.836104451306727,0.0,8.872094199570216e-16
F2global_d10_k1_rho1,FB--GVI,97.0,81.10213177675251,0.836104451306727,0.0,8.872094199570216e-16
F2global_d10_k1_rho1,FB--GVI,98.0,81.93823622805924,0.836104451306727,0.0,8.872094199570216e-16
F2global_d10_k1_rho1,FB--GVI,99.0,82.77434067936596,0.836104451306727,0.0,8.872094199570216e-16
F2global_d10_k1_rho1,FB--GVI,100.0,83.6104451306727,0.836104451306727,4.436047099785108e-16,8.872094199570216e-16
F2global_d10_k1_rho1,FB--GVI,101.0,84.44654958197943,0.836104451306727,0.0,8.872094199570216e-16
F2global_d10_k1_rho1,FB--GVI,102.0,85.28265403328615,0.836104451306727,0.0,8.872094199570216e-16
F2global_d10_k1_rho1,FB--GVI,103.0,86.11875848459287,0.836104451306727,0.0,8.872094199570216e-16
F2global_d10_k1_rho1,FB--GVI,104.0,86.9548629358996,0.836104451306727,0.0,8.872094199570216e-16
F2global_d10_k1_rho1,FB--GVI,105.0,87.79096738720634,0.836104451306727,0.0,8.872094199570216e-16
F2global_d10_k1_rho1,FB--GVI,106.0,88.62707183851306,0.836104451306727,-4.436047099785108e-16,8.872094199570216e-16
F2global_d10_k1_rho1,FB--GVI,107.0,89.46317628981978,0.836104451306727,0.0,8.872094199570216e-16
F2global_d10_k1_rho1,FB--GVI,108.0,90.29928074112651,0.836104451306727,-4.436047099785108e-16,8.872094199570216e-16
F2global_d10_k1_rho1,FB--GVI,109.0,91.13538519243323,0.836104451306727,4.436047099785108e-16,8.872094199570216e-16
F2global_d10_k1_rho1,FB--GVI,110.0,91.97148964373996,0.836104451306727,0.0,8.872094199570216e-16
F2global_d10_k1_rho1,FB--GVI,111.0,92.8075940950467,0.836104451306727,0.0,8.872094199570216e-16
F2global_d10_k1_rho1,FB--GVI,112.0,93.64369854635342,0.836104451306727,0.0,8.872094199570216e-16
F2global_d10_k1_rho1,FB--GVI,113.0,94.47980299766014,0.836104451306727,0.0,8.872094199570216e-16
F2global_d10_k1_rho1,FB--GVI,114.0,95.31590744896687,0.836104451306727,-4.436047099785108e-16,8.872094199570216e-16
F2global_d10_k1_rho1,FB--GVI,115.0,96.15201190027359,0.836104451306727,-4.436047099785108e-16,8.872094199570216e-16
F2global_d10_k1_rho1,FB--GVI,116.0,96.98811635158033,0.836104451306727,-8.872094199570216e-16,8.872094199570216e-16
F2global_d10_k1_rho1,FB--GVI,117.0,97.82422080288706,0.836104451306727,-4.436047099785108e-16,8.872094199570216e-16
F2global_d10_k1_rho1,FB--GVI,118.0,98.66032525419378,0.836104451306727,0.0,8.872094199570216e-16
F2global_d10_k1_rho1,FB--GVI,119.0,99.4964297055005,0.836104451306727,0.0,8.872094199570216e-16
F2global_d10_k1_rho1,FB--GVI,120.0,100.33253415680723,0.836104451306727,4.436047099785108e-16,8.872094199570216e-16
F2global_d10_k1_rho1,FB--GVI,121.0,101.16863860811397,0.836104451306727,0.0,8.872094199570216e-16
F2global_d10_k1_rho1,FB--GVI,122.0,102.00474305942069,0.836104451306727,4.436047099785108e-16,8.872094199570216e-16
F2global_d10_k1_rho1,FB--GVI,123.0,102.84084751072741,0.836104451306727,0.0,8.872094199570216e-16
F2global_d10_k1_rho1,FB--GVI,124.0,103.67695196203414,0.836104451306727,0.0,8.872094199570216e-16
F2global_d10_k1_rho1,FB--GVI,125.0,104.51305641334086,0.836104451306727,0.0,8.872094199570216e-16
F2global_d10_k1_rho1,FB--GVI,126.0,105.3491608646476,0.836104451306727,4.436047099785108e-16,8.872094199570216e-16
F2global_d10_k1_rho1,FB--GVI,127.0,106.18526531595433,0.836104451306727,-4.436047099785108e-16,8.872094199570216e-16
F2global_d10_k1_rho1,FB--GVI,128.0,107.02136976726105,0.836104451306727,4.436047099785108e-16,8.872094199570216e-16
F2global_d10_k1_rho1,FB--GVI,129.0,107.85747421856777,0.836104451306727,-4.436047099785108e-16,8.872094199570216e-16
F2global_d10_k1_rho1,FB--GVI,130.0,108.6935786698745,0.836104451306727,0.0,8.872094199570216e-16
F2global_d10_k1_rho1,FB--GVI,131.0,109.52968312118124,0.836104451306727,-4.436047099785108e-16,8.872094199570216e-16
F2global_d10_k1_rho1,FB--GVI,132.0,110.36578757248796,0.836104451306727,-4.436047099785108e-16,8.872094199570216e-16
F2global_d10_k1_rho1,FB--GVI,133.0,111.20189202379468,0.836104451306727,0.0,8.872094199570216e-16
F2global_d10_k1_rho1,FB--GVI,134.0,112.03799647510141,0.836104451306727,0.0,8.872094199570216e-16
F2global_d10_k1_rho1,FB--GVI,135.0,112.87410092640813,0.836104451306727,0.0,8.872094199570216e-16
F2global_d10_k1_rho1,FB--GVI,136.0,113.71020537771487,0.836104451306727,4.436047099785108e-16,8.872094199570216e-16
F2global_d10_k1_rho1,FB--GVI,137.0,114.5463098290216,0.836104451306727,0.0,8.872094199570216e-16
F2global_d10_k1_rho1,FB--GVI,138.0,115.38241428032832,0.836104451306727,-4.436047099785108e-16,8.872094199570216e-16
F2global_d10_k1_rho1,FB--GVI,139.0,116.21851873163504,0.836104451306727,4.436047099785108e-16,8.872094199570216e-16
F2global_d10_k1_rho1,FB--GVI,140.0,117.05462318294177,0.836104451306727,0.0,8.872094199570216e-16
F2global_d10_k1_rho1,FB--GVI,141.0,117.8907276342485,0.836104451306727,-4.436047099785108e-16,8.872094199570216e-16
F2global_d10_k1_rho1,FB--GVI,142.0,118.72683208555523,0.836104451306727,-4.436047099785108e-16,8.872094199570216e-16
F2global_d10_k1_rho1,FB--GVI,143.0,119.56293653686195,0.836104451306727,4.436047099785108e-16,8.872094199570216e-16
F2global_d10_k1_rho1,FB--GVI,144.0,120.39904098816868,0.836104451306727,0.0,8.872094199570216e-16
F2global_d10_k1_rho1,FB--GVI,145.0,121.2351454394754,0.836104451306727,0.0,8.872094199570216e-16
F2global_d10_k1_rho1,FB--GVI,146.0,122.07124989078214,0.836104451306727,0.0,8.872094199570216e-16
F2global_d10_k1_rho1,FB--GVI,147.0,122.90735434208887,0.836104451306727,0.0,8.872094199570216e-16
F2global_d10_k1_rho1,FB--GVI,148.0,123.74345879339559,0.836104451306727,0.0,8.872094199570216e-16
F2global_d10_k1_rho1,FB--GVI,149.0,124.57956324470231,0.836104451306727,0.0,8.872094199570216e-16
F2global_d10_k1_rho1,FB--GVI,150.0,125.41566769600904,0.836104451306727,0.0,8.872094199570216e-16
F2global_d10_k1_rho1,FB--GVI,151.0,126.25177214731576,0.836104451306727,0.0,8.872094199570216e-16
F2global_d10_k1_rho1,FB--GVI,152.0,127.0878765986225,0.836104451306727,0.0,8.872094199570216e-16
F2global_d10_k1_rho1,FB--GVI,153.0,127.92398104992922,0.836104451306727,4.436047099785108e-16,8.872094199570216e-16
F2global_d10_k1_rho1,FB--GVI,154.0,128.76008550123595,0.836104451306727,4.436047099785108e-16,8.872094199570216e-16
F2global_d10_k1_rho1,FB--GVI,155.0,129.5961899525427,0.836104451306727,0.0,8.872094199570216e-16
F2global_d10_k1_rho1,FB--GVI,156.0,130.4322944038494,0.836104451306727,-4.436047099785108e-16,8.872094199570216e-16
F2global_d10_k1_rho1,FB--GVI,157.0,131.26839885515614,0.836104451306727,-4.436047099785108e-16,8.872094199570216e-16
F2global_d10_k1_rho1,FB--GVI,158.0,132.10450330646285,0.836104451306727,0.0,8.872094199570216e-16
F2global_d10_k1_rho1,FB--GVI,159.0,132.94060775776958,0.836104451306727,0.0,8.872094199570216e-16
F2global_d10_k1_rho1,FB--GVI,160.0,133.77671220907632,0.836104451306727,-4.436047099785108e-16,8.872094199570216e-16
F2global_d10_k1_rho1,FB--GVI,161.0,134.61281666038303,0.836104451306727,0.0,8.872094199570216e-16
F2global_d10_k1_rho1,FB--GVI,162.0,135.44892111168977,0.836104451306727,0.0,8.872094199570216e-16
F2global_d10_k1_rho1,FB--GVI,163.0,136.28502556299648,0.836104451306727,0.0,8.872094199570216e-16
F2global_d10_k1_rho1,FB--GVI,164.0,137.12113001430322,0.836104451306727,0.0,8.872094199570216e-16
F2global_d10_k1_rho1,FB--GVI,165.0,137.95723446560996,0.836104451306727,0.0,8.872094199570216e-16
F2global_d10_k1_rho1,FB--GVI,166.0,138.79333891691667,0.836104451306727,0.0,8.872094199570216e-16
F2global_d10_k1_rho1,FB--GVI,167.0,139.6294433682234,0.836104451306727,4.436047099785108e-16,8.872094199570216e-16
F2global_d10_k1_rho1,FB--GVI,168.0,140.46554781953012,0.836104451306727,4.436047099785108e-16,8.872094199570216e-16
F2global_d10_k1_rho1,FB--GVI,169.0,141.30165227083685,0.836104451306727,4.436047099785108e-16,8.872094199570216e-16
F2global_d10_k1_rho1,FB--GVI,170.0,142.1377567221436,0.836104451306727,0.0,8.872094199570216e-16
F2global_d10_k1_rho1,FB--GVI,171.0,142.9738611734503,0.836104451306727,0.0,8.872094199570216e-16
F2global_d10_k1_rho1,FB--GVI,172.0,143.80996562475704,0.836104451306727,0.0,8.872094199570216e-16
F2global_d10_k1_rho1,FB--GVI,173.0,144.64607007606375,0.836104451306727,0.0,8.872094199570216e-16
F2global_d10_k1_rho1,FB--GVI,174.0,145.4821745273705,0.836104451306727,0.0,8.872094199570216e-16
F2global_d10_k1_rho1,FB--GVI,175.0,146.31827897867723,0.836104451306727,4.436047099785108e-16,8.872094199570216e-16
F2global_d10_k1_rho1,FB--GVI,176.0,147.15438342998394,0.836104451306727,0.0,8.872094199570216e-16
F2global_d10_k1_rho1,FB--GVI,177.0,147.99048788129068,0.836104451306727,0.0,8.872094199570216e-16
F2global_d10_k1_rho1,FB--GVI,178.0,148.8265923325974,0.836104451306727,0.0,8.872094199570216e-16
F2global_d10_k1_rho1,FB--GVI,179.0,149.66269678390412,0.836104451306727,0.0,8.872094199570216e-16
F2global_d10_k1_rho1,FB--GVI,180.0,150.49880123521086,0.836104451306727,0.0,8.872094199570216e-16
F2global_d10_k1_rho1,FB--GVI,181.0,151.33490568651757,0.836104451306727,0.0,8.872094199570216e-16
F2global_d10_k1_rho1,FB--GVI,182.0,152.1710101378243,0.836104451306727,0.0,8.872094199570216e-16
F2global_d10_k1_rho1,FB--GVI,183.0,153.00711458913102,0.836104451306727,0.0,8.872094199570216e-16
F2global_d10_k1_rho1,FB--GVI,184.0,153.84321904043776,0.836104451306727,0.0,8.872094199570216e-16
F2global_d10_k1_rho1,FB--GVI,185.0,154.6793234917445,0.836104451306727,-4.436047099785108e-16,8.872094199570216e-16
F2global_d10_k1_rho1,FB--GVI,186.0,155.5154279430512,0.836104451306727,-4.436047099785108e-16,8.872094199570216e-16
F2global_d10_k1_rho1,FB--GVI,187.0,156.35153239435795,0.836104451306727,4.436047099785108e-16,8.872094199570216e-16
F2global_d10_k1_rho1,FB--GVI,188.0,157.18763684566466,0.836104451306727,0.0,8.872094199570216e-16
F2global_d10_k1_rho1,FB--GVI,189.0,158.0237412969714,0.836104451306727,-4.436047099785108e-16,8.872094199570216e-16
F2global_d10_k1_rho1,FB--GVI,190.0,158.85984574827813,0.836104451306727,-4.436047099785108e-16,8.872094199570216e-16
F2global_d10_k1_rho1,FB--GVI,191.0,159.69595019958484,0.836104451306727,4.436047099785108e-16,8.872094199570216e-16
F2global_d10_k1_rho1,FB--GVI,192.0,160.53205465089158,0.836104451306727,0.0,8.872094199570216e-16
F2global_d10_k1_rho1,FB--GVI,193.0,161.3681591021983,0.836104451306727,-4.436047099785108e-16,8.872094199570216e-16
F2global_d10_k1_rho1,FB--GVI,194.0,162.20426355350503,0.836104451306727,0.0,8.872094199570216e-16
F2global_d10_k1_rho1,FB--GVI,195.0,163.04036800481177,0.836104451306727,4.436047099785108e-16,8.872094199570216e-16
F2global_d10_k1_rho1,FB--GVI,196.0,163.87647245611848,0.836104451306727,0.0,8.872094199570216e-16
F2global_d10_k1_rho1,FB--GVI,197.0,164.71257690742522,0.836104451306727,0.0,8.872094199570216e-16
F2global_d10_k1_rho1,FB--GVI,198.0,165.54868135873193,0.836104451306727,0.0,8.872094199570216e-16
F2global_d10_k1_rho1,FB--GVI,199.0,166.38478581003866,0.836104451306727,0.0,8.872094199570216e-16
F2global_d10_k1_rho1,FB--GVI,200.0,167.2208902613454,0.836104451306727,4.436047099785108e-16,8.872094199570216e-16
F2global_d10_k1_rho1,FB--GVI,201.0,168.0569947126521,0.836104451306727,0.0,8.872094199570216e-16
F2global_d10_k1_rho1,FB--GVI,202.0,168.89309916395885,0.836104451306727,-8.872094199570216e-16,8.872094199570216e-16
F2global_d10_k1_rho1,FB--GVI,203.0,169.72920361526556,0.836104451306727,0.0,8.872094199570216e-16
F2global_d10_k1_rho1,FB--GVI,204.0,170.5653080665723,0.836104451306727,0.0,8.872094199570216e-16
F2global_d10_k1_rho1,FB--GVI,205.0,171.40141251787904,0.836104451306727,-4.436047099785108e-16,8.872094199570216e-16
F2global_d10_k1_rho1,FB--GVI,206.0,172.23751696918575,0.836104451306727,-4.436047099785108e-16,8.872094199570216e-16
F2global_d10_k1_rho1,FB--GVI,207.0,173.0736214204925,0.836104451306727,0.0,8.872094199570216e-16
F2global_d10_k1_rho1,FB--GVI,208.0,173.9097258717992,0.836104451306727,-4.436047099785108e-16,8.872094199570216e-16
F2global_d10_k1_rho1,FB--GVI,209.0,174.74583032310593,0.836104451306727,4.436047099785108e-16,8.872094199570216e-16
F2global_d10_k1_rho1,FB--GVI,210.0,175.58193477441267,0.836104451306727,0.0,8.872094199570216e-16
F2global_d10_k1_rho1,FB--GVI,211.0,176.41803922571938,0.836104451306727,-4.436047099785108e-16,8.872094199570216e-16
F2global_d10_k1_rho1,FB--GVI,212.0,177.25414367702612,0.836104451306727,-4.436047099785108e-16,8.872094199570216e-16
F2global_d10_k1_rho1,FB--GVI,213.0,178.09024812833283,0.836104451306727,0.0,8.872094199570216e-16
F2global_d10_k1_rho1,FB--GVI,214.0,178.92635257963957,0.836104451306727,-4.436047099785108e-16,8.872094199570216e-16
F2global_d10_k1_rho1,FB--GVI,215.0,179.76245703094628,0.836104451306727,0.0,8.872094199570216e-16
F2global_d10_k1_rho1,FB--GVI,216.0,180.59856148225302,0.836104451306727,0.0,8.872094199570216e-16
F2global_d10_k1_rho1,FB--GVI,217.0,181.43466593355976,0.836104451306727,0.0,8.872094199570216e-16
F2global_d10_k1_rho1,FB--GVI,218.0,182.27077038486647,0.836104451306727,-8.872094199570216e-16,8.872094199570216e-16
F2global_d10_k1_rho1,FB--GVI,219.0,183.1068748361732,0.836104451306727,-8.872094199570216e-16,8.872094199570216e-16
F2global_d10_k1_rho1,FB--GVI,220.0,183.94297928747991,0.836104451306727,0.0,8.872094199570216e-16
F2global_d10_k1_rho1,FB--GVI,221.0,184.77908373878665,0.836104451306727,4.436047099785108e-16,8.872094199570216e-16
F2global_d10_k1_rho1,FB--GVI,222.0,185.6151881900934,0.836104451306727,4.436047099785108e-16,8.872094199570216e-16
F2global_d10_k1_rho1,FB--GVI,223.0,186.4512926414001,0.836104451306727,-4.436047099785108e-16,8.872094199570216e-16
F2global_d10_k1_rho1,FB--GVI,224.0,187.28739709270684,0.836104451306727,0.0,8.872094199570216e-16
F2global_d10_k1_rho1,FB--GVI,225.0,188.12350154401355,0.836104451306727,0.0,8.872094199570216e-16
F2global_d10_k1_rho1,FB--GVI,226.0,188.9596059953203,0.836104451306727,-4.436047099785108e-16,8.872094199570216e-16
F2global_d10_k1_rho1,FB--GVI,227.0,189.79571044662703,0.836104451306727,0.0,8.872094199570216e-16
F2global_d10_k1_rho1,FB--GVI,228.0,190.63181489793374,0.836104451306727,0.0,8.872094199570216e-16
F2global_d10_k1_rho1,FB--GVI,229.0,191.46791934924047,0.836104451306727,-4.436047099785108e-16,8.872094199570216e-16
F2global_d10_k1_rho1,FB--GVI,230.0,192.30402380054718,0.836104451306727,-4.436047099785108e-16,8.872094199570216e-16
F2global_d10_k1_rho1,FB--GVI,231.0,193.14012825185392,0.836104451306727,4.436047099785108e-16,8.872094199570216e-16
F2global_d10_k1_rho1,FB--GVI,232.0,193.97623270316066,0.836104451306727,-4.436047099785108e-16,8.872094199570216e-16
F2global_d10_k1_rho1,FB--GVI,233.0,194.81233715446737,0.836104451306727,4.436047099785108e-16,8.872094199570216e-16
F2global_d10_k1_rho1,FB--GVI,234.0,195.6484416057741,0.836104451306727,0.0,8.872094199570216e-16
F2global_d10_k1_rho1,FB--GVI,235.0,196.48454605708082,0.836104451306727,0.0,8.872094199570216e-16
F2global_d10_k1_rho1,FB--GVI,236.0,197.32065050838756,0.836104451306727,0.0,8.872094199570216e-16
F2global_d10_k1_rho1,FB--GVI,237.0,198.1567549596943,0.836104451306727,4.436047099785108e-16,8.872094199570216e-16
F2global_d10_k1_rho1,FB--GVI,238.0,198.992859411001,0.836104451306727,0.0,8.872094199570216e-16
F2global_d10_k1_rho1,FB--GVI,239.0,199.82896386230775,0.836104451306727,-4.436047099785108e-16,8.872094199570216e-16
F2global_d10_k1_rho1,FB--GVI,240.0,200.66506831361446,0.836104451306727,8.872094199570216e-16,8.872094199570216e-16
F2global_d10_k1_rho1,FB--GVI,241.0,201.5011727649212,0.836104451306727,-4.436047099785108e-16,8.872094199570216e-16
F2global_d10_k1_rho1,FB--GVI,242.0,202.33727721622793,0.836104451306727,4.436047099785108e-16,8.872094199570216e-16
F2global_d10_k1_rho1,FB--GVI,243.0,203.17338166753464,0.836104451306727,0.0,8.872094199570216e-16
F2global_d10_k1_rho1,FB--GVI,244.0,204.00948611884138,0.836104451306727,-4.436047099785108e-16,8.872094199570216e-16
F2global_d10_k1_rho1,FB--GVI,245.0,204.8455905701481,0.836104451306727,0.0,8.872094199570216e-16
F2global_d10_k1_rho1,FB--GVI,246.0,205.68169502145483,0.836104451306727,4.436047099785108e-16,8.872094199570216e-16
F2global_d10_k1_rho1,FB--GVI,247.0,206.51779947276157,0.836104451306727,0.0,8.872094199570216e-16
F2global_d10_k1_rho1,FB--GVI,248.0,207.35390392406828,0.836104451306727,4.436047099785108e-16,8.872094199570216e-16
F2global_d10_k1_rho1,FB--GVI,249.0,208.19000837537502,0.836104451306727,0.0,8.872094199570216e-16
F2global_d10_k1_rho1,FB--GVI,250.0,209.02611282668173,0.836104451306727,-4.436047099785108e-16,8.872094199570216e-16
F2global_d10_k1_rho1,FB--GVI,251.0,209.86221727798846,0.836104451306727,0.0,8.872094199570216e-16
F2global_d10_k1_rho1,FB--GVI,252.0,210.6983217292952,0.836104451306727,-4.436047099785108e-16,8.872094199570216e-16
F2global_d10_k1_rho1,FB--GVI,253.0,211.5344261806019,0.836104451306727,8.872094199570216e-16,8.872094199570216e-16
F2global_d10_k1_rho1,FB--GVI,254.0,212.37053063190865,0.836104451306727,0.0,8.872094199570216e-16
F2global_d10_k1_rho1,FB--GVI,255.0,213.20663508321536,0.836104451306727,0.0,8.872094199570216e-16
F2global_d10_k1_rho1,FB--GVI,256.0,214.0427395345221,0.836104451306727,4.436047099785108e-16,8.872094199570216e-16
F2global_d10_k1_rho1,FB--GVI,257.0,214.87884398582884,0.836104451306727,-4.436047099785108e-16,8.872094199570216e-16
F2global_d10_k1_rho1,FB--GVI,258.0,215.71494843713555,0.836104451306727,4.436047099785108e-16,8.872094199570216e-16
F2global_d10_k1_rho1,FB--GVI,259.0,216.55105288844229,0.836104451306727,4.436047099785108e-16,8.872094199570216e-16
F2global_d10_k1_rho1,FB--GVI,260.0,217.387157339749,0.836104451306727,0.0,8.872094199570216e-16
F2global_d10_k1_rho1,FB--GVI,261.0,218.22326179105573,0.836104451306727,0.0,8.872094199570216e-16
F2global_d10_k1_rho1,FB--GVI,262.0,219.05936624236247,0.836104451306727,-4.436047099785108e-16,8.872094199570216e-16
F2global_d10_k1_rho1,FB--GVI,263.0,219.89547069366918,0.836104451306727,4.436047099785108e-16,8.872094199570216e-16
F2global_d10_k1_rho1,FB--GVI,264.0,220.73157514497592,0.836104451306727,-4.436047099785108e-16,8.872094199570216e-16
F2global_d10_k1_rho1,FB--GVI,265.0,221.56767959628263,0.836104451306727,-4.436047099785108e-16,8.872094199570216e-16
F2global_d10_k1_rho1,FB--GVI,266.0,222.40378404758937,0.836104451306727,-8.872094199570216e-16,8.872094199570216e-16
F2global_d10_k1_rho1,FB--GVI,267.0,223.2398884988961,0.836104451306727,0.0,8.872094199570216e-16
F2global_d10_k1_rho1,FB--GVI,268.0,224.07599295020282,0.836104451306727,0.0,8.872094199570216e-16
F2global_d10_k1_rho1,FB--GVI,269.0,224.91209740150956,0.836104451306727,0.0,8.872094199570216e-16
F2global_d10_k1_rho1,FB--GVI,270.0,225.74820185281627,0.836104451306727,0.0,8.872094199570216e-16
F2global_d10_k1_rho1,FB--GVI,271.0,226.584306304123,0.836104451306727,4.436047099785108e-16,8.872094199570216e-16
F2global_d10_k1_rho1,FB--GVI,272.0,227.42041075542974,0.836104451306727,-4.436047099785108e-16,8.872094199570216e-16
F2global_d10_k1_rho1,FB--GVI,273.0,228.25651520673645,0.836104451306727,-4.436047099785108e-16,8.872094199570216e-16
F2global_d10_k1_rho1,FB--GVI,274.0,229.0926196580432,0.836104451306727,0.0,8.872094199570216e-16
F2global_d10_k1_rho1,FB--GVI,275.0,229.9287241093499,0.836104451306727,0.0,8.872094199570216e-16
F2global_d10_k1_rho1,FB--GVI,276.0,230.76482856065664,0.836104451306727,4.436047099785108e-16,8.872094199570216e-16
F2global_d10_k1_rho1,FB--GVI,277.0,231.60093301196338,0.836104451306727,4.436047099785108e-16,8.872094199570216e-16
F2global_d10_k1_rho1,FB--GVI,278.0,232.4370374632701,0.836104451306727,0.0,8.872094199570216e-16
F2global_d10_k1_rho1,FB--GVI,279.0,233.27314191457683,0.836104451306727,-4.436047099785108e-16,8.872094199570216e-16
F2global_d10_k1_rho1,FB--GVI,280.0,234.10924636588354,0.836104451306727,-4.436047099785108e-16,8.872094199570216e-16
F2global_d10_k1_rho1,FB--GVI,281.0,234.94535081719027,0.836104451306727,-4.436047099785108e-16,8.872094199570216e-16
F2global_d10_k1_rho1,FB--GVI,282.0,235.781455268497,0.836104451306727,0.0,8.872094199570216e-16
F2global_d10_k1_rho1,FB--GVI,283.0,236.61755971980372,0.836104451306727,0.0,8.872094199570216e-16
F2global_d10_k1_rho1,FB--GVI,284.0,237.45366417111046,0.836104451306727,-4.436047099785108e-16,8.872094199570216e-16
F2global_d10_k1_rho1,FB--GVI,285.0,238.28976862241717,0.836104451306727,0.0,8.872094199570216e-16
F2global_d10_k1_rho1,FB--GVI,286.0,239.1258730737239,0.836104451306727,-4.436047099785108e-16,8.872094199570216e-16
F2global_d10_k1_rho1,FB--GVI,287.0,239.96197752503065,0.836104451306727,-4.436047099785108e-16,8.872094199570216e-16
F2global_d10_k1_rho1,FB--GVI,288.0,240.79808197633736,0.836104451306727,0.0,8.872094199570216e-16
F2global_d10_k1_rho1,FB--GVI,289.0,241.6341864276441,0.836104451306727,0.0,8.872094199570216e-16
F2global_d10_k1_rho1,FB--GVI,290.0,242.4702908789508,0.836104451306727,-4.436047099785108e-16,8.872094199570216e-16
F2global_d10_k1_rho1,FB--GVI,291.0,243.30639533025754,0.836104451306727,-4.436047099785108e-16,8.872094199570216e-16
F2global_d10_k1_rho1,FB--GVI,292.0,244.14249978156428,0.836104451306727,0.0,8.872094199570216e-16
F2global_d10_k1_rho1,FB--GVI,293.0,244.978604232871,0.836104451306727,-4.436047099785108e-16,8.872094199570216e-16
F2global_d10_k1_rho1,FB--GVI,294.0,245.81470868417773,0.836104451306727,-4.436047099785108e-16,8.872094199570216e-16
F2global_d10_k1_rho1,FB--GVI,295.0,246.65081313548444,0.836104451306727,0.0,8.872094199570216e-16
F2global_d10_k1_rho1,FB--GVI,296.0,247.48691758679118,0.836104451306727,0.0,8.872094199570216e-16
F2global_d10_k1_rho1,FB--GVI,297.0,248.32302203809792,0.836104451306727,0.0,8.872094199570216e-16
F2global_d10_k1_rho1,FB--GVI,298.0,249.15912648940463,0.836104451306727,-4.436047099785108e-16,8.872094199570216e-16
F2global_d10_k1_rho1,FB--GVI,299.0,249.99523094071137,0.836104451306727,4.436047099785108e-16,8.872094199570216e-16
F2global_d10_k1_rho1,FB--GVI,300.0,250.83133539201808,0.836104451306727,0.0,8.872094199570216e-16
F2global_d10_k1_rho1,FB--GVI,301.0,251.66743984332481,0.836104451306727,0.0,8.872094199570216e-16
F2global_d10_k1_rho1,FB--GVI,302.0,252.50354429463152,0.836104451306727,-4.436047099785108e-16,8.872094199570216e-16
F2global_d10_k1_rho1,FB--GVI,303.0,253.33964874593826,0.836104451306727,-4.436047099785108e-16,8.872094199570216e-16
F2global_d10_k1_rho1,FB--GVI,304.0,254.175753197245,0.836104451306727,-4.436047099785108e-16,8.872094199570216e-16
F2global_d10_k1_rho1,FB--GVI,305.0,255.0118576485517,0.836104451306727,-4.436047099785108e-16,8.872094199570216e-16
F2global_d10_k1_rho1,FB--GVI,306.0,255.84796209985845,0.836104451306727,-8.872094199570216e-16,8.872094199570216e-16
F2global_d10_k1_rho1,FB--GVI,307.0,256.6840665511652,0.836104451306727,4.436047099785108e-16,8.872094199570216e-16
F2global_d10_k1_rho1,FB--GVI,308.0,257.5201710024719,0.836104451306727,4.436047099785108e-16,8.872094199570216e-16
F2global_d10_k1_rho1,FB--GVI,309.0,258.3562754537786,0.836104451306727,0.0,8.872094199570216e-16
F2global_d10_k1_rho1,FB--GVI,310.0,259.1923799050854,0.836104451306727,-4.436047099785108e-16,8.872094199570216e-16
F2global_d10_k1_rho1,FB--GVI,311.0,260.0284843563921,0.836104451306727,-4.436047099785108e-16,8.872094199570216e-16
F2global_d10_k1_rho1,FB--GVI,312.0,260.8645888076988,0.836104451306727,0.0,8.872094199570216e-16
F2global_d10_k1_rho1,FB--GVI,313.0,261.70069325900556,0.836104451306727,4.436047099785108e-16,8.872094199570216e-16
F2global_d10_k1_rho1,FB--GVI,314.0,262.53679771031227,0.836104451306727,0.0,8.872094199570216e-16
F2global_d10_k1_rho1,FB--GVI,315.0,263.372902161619,0.836104451306727,0.0,8.872094199570216e-16
F2global_d10_k1_rho1,FB--GVI,316.0,264.2090066129257,0.836104451306727,0.0,8.872094199570216e-16
F2global_d10_k1_rho1,FB--GVI,317.0,265.04511106423246,0.836104451306727,0.0,8.872094199570216e-16
F2global_d10_k1_rho1,FB--GVI,318.0,265.88121551553917,0.836104451306727,0.0,8.872094199570216e-16
F2global_d10_k1_rho1,FB--GVI,319.0,266.7173199668459,0.836104451306727,-8.872094199570216e-16,8.872094199570216e-16
F2global_d10_k1_rho1,FB--GVI,320.0,267.55342441815264,0.836104451306727,4.436047099785108e-16,8.872094199570216e-16
F2global_d10_k1_rho1,FB--GVI,321.0,268.38952886945935,0.836104451306727,-4.436047099785108e-16,8.872094199570216e-16
F2global_d10_k1_rho1,FB--GVI,322.0,269.22563332076606,0.836104451306727,4.436047099785108e-16,8.872094199570216e-16
F2global_d10_k1_rho1,FB--GVI,323.0,270.06173777207283,0.836104451306727,4.436047099785108e-16,8.872094199570216e-16
F2global_d10_k1_rho1,FB--GVI,324.0,270.89784222337954,0.836104451306727,0.0,8.872094199570216e-16
F2global_d10_k1_rho1,FB--GVI,325.0,271.73394667468625,0.836104451306727,4.436047099785108e-16,8.872094199570216e-16
F2global_d10_k1_rho1,FB--GVI,326.0,272.57005112599296,0.836104451306727,0.0,8.872094199570216e-16
F2global_d10_k1_rho1,FB--GVI,327.0,273.4061555772997,0.836104451306727,0.0,8.872094199570216e-16
F2global_d10_k1_rho1,FB--GVI,328.0,274.24226002860644,0.836104451306727,0.0,8.872094199570216e-16
F2global_d10_k1_rho1,FB--GVI,329.0,275.07836447991315,0.836104451306727,-4.436047099785108e-16,8.872094199570216e-16
F2global_d10_k1_rho1,FB--GVI,330.0,275.9144689312199,0.836104451306727,-4.436047099785108e-16,8.872094199570216e-16
F2global_d10_k1_rho1,FB--GVI,331.0,276.7505733825266,0.836104451306727,-4.436047099785108e-16,8.872094199570216e-16
F2global_d10_k1_rho1,FB--GVI,332.0,277.58667783383333,0.836104451306727,-8.872094199570216e-16,8.872094199570216e-16
F2global_d10_k1_rho1,FB--GVI,333.0,278.4227822851401,0.836104451306727,4.436047099785108e-16,8.872094199570216e-16
F2global_d10_k1_rho1,FB--GVI,334.0,279.2588867364468,0.836104451306727,4.436047099785108e-16,8.872094199570216e-16
F2global_d10_k1_rho1,FB--GVI,335.0,280.0949911877535,0.836104451306727,0.0,8.872094199570216e-16
F2global_d10_k1_rho1,FB--GVI,336.0,280.93109563906023,0.836104451306727,0.0,8.872094199570216e-16
F2global_d10_k1_rho1,FB--GVI,337.0,281.767200090367,0.836104451306727,0.0,8.872094199570216e-16
F2global_d10_k1_rho1,FB--GVI,338.0,282.6033045416737,0.836104451306727,-4.436047099785108e-16,8.872094199570216e-16
F2global_d10_k1_rho1,FB--GVI,339.0,283.4394089929804,0.836104451306727,0.0,8.872094199570216e-16
F2global_d10_k1_rho1,FB--GVI,340.0,284.2755134442872,0.836104451306727,-4.436047099785108e-16,8.872094199570216e-16
F2global_d10_k1_rho1,FB--GVI,341.0,285.1116178955939,0.836104451306727,0.0,8.872094199570216e-16
F2global_d10_k1_rho1,FB--GVI,342.0,285.9477223469006,0.836104451306727,0.0,8.872094199570216e-16
F2global_d10_k1_rho1,FB--GVI,343.0,286.7838267982073,0.836104451306727,4.436047099785108e-16,8.872094199570216e-16
F2global_d10_k1_rho1,FB--GVI,344.0,287.6199312495141,0.836104451306727,0.0,8.872094199570216e-16
F2global_d10_k1_rho1,FB--GVI,345.0,288.4560357008208,0.836104451306727,0.0,8.872094199570216e-16
F2global_d10_k1_rho1,FB--GVI,346.0,289.2921401521275,0.836104451306727,-8.872094199570216e-16,8.872094199570216e-16
F2global_d10_k1_rho1,FB--GVI,347.0,290.12824460343427,0.836104451306727,0.0,8.872094199570216e-16
F2global_d10_k1_rho1,FB--GVI,348.0,290.964349054741,0.836104451306727,0.0,8.872094199570216e-16
F2global_d10_k1_rho1,FB--GVI,349.0,291.8004535060477,0.836104451306727,4.436047099785108e-16,8.872094199570216e-16
F2global_d10_k1_rho1,FB--GVI,350.0,292.63655795735446,0.836104451306727,-4.436047099785108e-16,8.872094199570216e-16
F2global_d10_k1_rho1,FB--GVI,351.0,293.47266240866117,0.836104451306727,-4.436047099785108e-16,8.872094199570216e-16
F2global_d10_k1_rho1,FB--GVI,352.0,294.3087668599679,0.836104451306727,0.0,8.872094199570216e-16
F2global_d10_k1_rho1,FB--GVI,353.0,295.1448713112746,0.836104451306727,-4.436047099785108e-16,8.872094199570216e-16
F2global_d10_k1_rho1,FB--GVI,354.0,295.98097576258135,0.836104451306727,0.0,8.872094199570216e-16
F2global_d10_k1_rho1,FB--GVI,355.0,296.81708021388806,0.836104451306727,4.436047099785108e-16,8.872094199570216e-16
F2global_d10_k1_rho1,FB--GVI,356.0,297.6531846651948,0.836104451306727,4.436047099785108e-16,8.872094199570216e-16
F2global_d10_k1_rho1,FB--GVI,357.0,298.48928911650154,0.836104451306727,4.436047099785108e-16,8.872094199570216e-16
F2global_d10_k1_rho1,FB--GVI,358.0,299.32539356780825,0.836104451306727,0.0,8.872094199570216e-16
F2global_d10_k1_rho1,FB--GVI,359.0,300.16149801911496,0.836104451306727,-4.436047099785108e-16,8.872094199570216e-16
F2global_d10_k1_rho1,FB--GVI,360.0,300.9976024704217,0.836104451306727,4.436047099785108e-16,8.872094199570216e-16
F2global_d10_k1_rho1,FB--GVI,361.0,301.83370692172844,0.836104451306727,0.0,8.872094199570216e-16
F2global_d10_k1_rho1,FB--GVI,362.0,302.66981137303515,0.836104451306727,-4.436047099785108e-16,8.872094199570216e-16
F2global_d10_k1_rho1,FB--GVI,363.0,303.50591582434186,0.836104451306727,0.0,8.872094199570216e-16
F2global_d10_k1_rho1,FB--GVI,364.0,304.3420202756486,0.836104451306727,0.0,8.872094199570216e-16
F2global_d10_k1_rho1,FB--GVI,365.0,305.17812472695533,0.836104451306727,0.0,8.872094199570216e-16
F2global_d10_k1_rho1,FB--GVI,366.0,306.01422917826204,0.836104451306727,0.0,8.872094199570216e-16
F2global_d10_k1_rho1,FB--GVI,367.0,306.8503336295688,0.836104451306727,0.0,8.872094199570216e-16
F2global_d10_k1_rho1,FB--GVI,368.0,307.6864380808755,0.836104451306727,4.436047099785108e-16,8.872094199570216e-16
F2global_d10_k1_rho1,FB--GVI,369.0,308.52254253218223,0.836104451306727,-4.436047099785108e-16,8.872094199570216e-16
F2global_d10_k1_rho1,FB--GVI,370.0,309.358646983489,0.836104451306727,4.436047099785108e-16,8.872094199570216e-16
F2global_d10_k1_rho1,FB--GVI,371.0,310.1947514347957,0.836104451306727,0.0,8.872094199570216e-16
F2global_d10_k1_rho1,FB--GVI,372.0,311.0308558861024,0.836104451306727,0.0,8.872094199570216e-16
F2global_d10_k1_rho1,FB--GVI,373.0,311.8669603374091,0.836104451306727,4.436047099785108e-16,8.872094199570216e-16
F2global_d10_k1_rho1,FB--GVI,374.0,312.7030647887159,0.836104451306727,-4.436047099785108e-16,8.872094199570216e-16
F2global_d10_k1_rho1,FB--GVI,375.0,313.5391692400226,0.836104451306727,4.436047099785108e-16,8.872094199570216e-16
F2global_d10_k1_rho1,FB--GVI,376.0,314.3752736913293,0.836104451306727,-4.436047099785108e-16,8.872094199570216e-16
F2global_d10_k1_rho1,FB--GVI,377.0,315.2113781426361,0.836104451306727,0.0,8.872094199570216e-16
F2global_d10_k1_rho1,FB--GVI,378.0,316.0474825939428,0.836104451306727,0.0,8.872094199570216e-16
F2global_d10_k1_rho1,FB--GVI,379.0,316.8835870452495,0.836104451306727,4.436047099785108e-16,8.872094199570216e-16
F2global_d10_k1_rho1,FB--GVI,380.0,317.71969149655627,0.836104451306727,0.0,8.872094199570216e-16
F2global_d10_k1_rho1,FB--GVI,381.0,318.555795947863,0.836104451306727,0.0,8.872094199570216e-16
F2global_d10_k1_rho1,FB--GVI,382.0,319.3919003991697,0.836104451306727,4.436047099785108e-16,8.872094199570216e-16
F2global_d10_k1_rho1,FB--GVI,383.0,320.2280048504764,0.836104451306727,4.436047099785108e-16,8.872094199570216e-16
F2global_d10_k1_rho1,FB--GVI,384.0,321.06410930178316,0.836104451306727,-4.436047099785108e-16,8.872094199570216e-16
F2global_d10_k1_rho1,FB--GVI,385.0,321.9002137530899,0.836104451306727,0.0,8.872094199570216e-16
F2global_d10_k1_rho1,FB--GVI,386.0,322.7363182043966,0.836104451306727,0.0,8.872094199570216e-16
F2global_d10_k1_rho1,FB--GVI,387.0,323.57242265570335,0.836104451306727,-4.436047099785108e-16,8.872094199570216e-16
F2global_d10_k1_rho1,FB--GVI,388.0,324.40852710701006,0.836104451306727,0.0,8.872094199570216e-16
F2global_d10_k1_rho1,FB--GVI,389.0,325.24463155831677,0.836104451306727,0.0,8.872094199570216e-16
F2global_d10_k1_rho1,FB--GVI,390.0,326.08073600962354,0.836104451306727,0.0,8.872094199570216e-16
F2global_d10_k1_rho1,FB--GVI,391.0,326.91684046093025,0.836104451306727,0.0,8.872094199570216e-16
F2global_d10_k1_rho1,FB--GVI,392.0,327.75294491223696,0.836104451306727,0.0,8.872094199570216e-16
F2global_d10_k1_rho1,FB--GVI,393.0,328.58904936354367,0.836104451306727,4.436047099785108e-16,8.872094199570216e-16
F2global_d10_k1_rho1,FB--GVI,394.0,329.42515381485043,0.836104451306727,0.0,8.872094199570216e-16
F2global_d10_k1_rho1,FB--GVI,395.0,330.26125826615714,0.836104451306727,-4.436047099785108e-16,8.872094199570216e-16
F2global_d10_k1_rho1,FB--GVI,396.0,331.09736271746385,0.836104451306727,-4.436047099785108e-16,8.872094199570216e-16
F2global_d10_k1_rho1,FB--GVI,397.0,331.9334671687706,0.836104451306727,4.436047099785108e-16,8.872094199570216e-16
F2global_d10_k1_rho1,FB--GVI,398.0,332.76957162007733,0.836104451306727,-4.436047099785108e-16,8.872094199570216e-16
F2global_d10_k1_rho1,FB--GVI,399.0,333.60567607138404,0.836104451306727,-4.436047099785108e-16,8.872094199570216e-16
F2global_d10_k1_rho1,FB--GVI,400.0,334.4417805226908,0.836104451306727,-4.436047099785108e-16,8.872094199570216e-16
