job_id,method,iteration,flow_time,step_size,normalized_gap,resolution_floor
F2global_d10_k10_rho1,FR--R,0.0,0.0,1.121667899851166,1.0,1.2059048542837183e-14
F2global_d10_k10_rho1,FR--R,1.0,1.121667899851166,1.121667899851166,0.015719422439831675,1.2059048542837183e-14
F2global_d10_k10_rho1,FR--R,2.0,2.243335799702332,1.121667899851166,0.00037820566165811437,1.2059048542837183e-14
F2global_d10_k10_rho1,FR--R,3.0,3.365003699553498,1.121667899851166,6.668175394805548e-06,1.2059048542837183e-14
F2global_d10_k10_rho1,FR--R,4.0,4.486671599404664,1.121667899851166,1.1211572979534935e-07,1.2059048542837183e-14
F2global_d10_k10_rho1,FR--R,5.0,5.60833949925583,1.121667899851166,1.936361822335985e-09,1.2059048542837183e-14
F2global_d10_k10_rho1,FR--R,6.0,6.730007399106996,1.121667899851166,3.4641425796581235e-11,1.2059048542837183e-14
F2global_d10_k10_rho1,FR--R,7.0,7.8516752989581615,1.121667899851166,6.469679543232149e-13,1.2059048542837183e-14
F2global_d10_k10_rho1,FR--R,8.0,8.973343198809328,1.121667899851166,1.2059048542837183e-14,1.2059048542837183e-14
F2global_d10_k10_rho1,FR--R,9.0,10.095011098660494,1.121667899851166,-6.029524271418591e-16,1.2059048542837183e-14
F2global_d10_k10_rho1,FR--R,10.0,11.21667899851166,1.121667899851166,0.0,1.2059048542837183e-14
F2global_d10_k10_rho1,FR--R,11.0,12.338346898362825,1.121667899851166,-1.2059048542837183e-15,1.2059048542837183e-14
F2global_d10_k10_rho1,FR--R,12.0,13.460014798213992,1.121667899851166,-1.2059048542837183e-15,1.2059048542837183e-14
F2global_d10_k10_rho1,FR--R,13.0,14.581682698065158,1.121667899851166,-6.029524271418591e-16,1.2059048542837183e-14
F2global_d10_k10_rho1,FR--R,14.0,15.703350597916323,1.121667899851166,0.0,1.2059048542837183e-14
F2global_d10_k10_rho1,FR--R,15.0,16.82501849776749,1.121667899851166,0.0,1.2059048542837183e-14
F2global_d10_k10_rho1,FR--R,16.0,17.946686397618656,1.121667899851166,-6.029524271418591e-16,1.2059048542837183e-14
F2global_d10_k10_rho1,FR--R,17.0,19.06835429746982,1.121667899851166,0.0,1.2059048542837183e-14
F2global_d10_k10_rho1,FR--R,18.0,20.19002219732099,1.121667899851166,0.0,1.2059048542837183e-14
F2global_d10_k10_rho1,FR--R,19.0,21.311690097172153,1.121667899851166,-6.029524271418591e-16,1.2059048542837183e-14
F2global_d10_k10_rho1,FR--R,20.0,22.43335799702332,1.121667899851166,-1.2059048542837183e-15,1.2059048542837183e-14
F2global_d10_k10_rho1,FR--R,21.0,23.555025896874486,1.121667899851166,0.0,1.2059048542837183e-14
F2global_d10_k10_rho1,FR--R,22.0,24.67669379672565,1.121667899851166,-6.029524271418591e-16,1.2059048542837183e-14
F2global_d10_k10_rho1,FR--R,23.0,25.79836169657682,1.121667899851166,-1.2059048542837183e-15,1.2059048542837183e-14
F2global_d10_k10_rho1,FR--R,24.0,26.920029596427984,1.121667899851166,-6.029524271418591e-16,1.2059048542837183e-14
F2global_d10_k10_rho1,FR--R,25.0,28.04169749627915,1.121667899851166,-1.2059048542837183e-15,1.2059048542837183e-14
F2global_d10_k10_rho1,FR--R,26.0,29.163365396130317,1.121667899851166,-1.2059048542837183e-15,1.2059048542837183e-14
F2global_d10_k10_rho1,FR--R,27.0,30.28503329598148,1.121667899851166,0.0,1.2059048542837183e-14
F2global_d10_k10_rho1,FR--R,28.0,31.406701195832646,1.121667899851166,0.0,1.2059048542837183e-14
F2global_d10_k10_rho1,FR--R,29.0,32.528369095683814,1.121667899851166,-6.029524271418591e-16,1.2059048542837183e-14
F2global_d10_k10_rho1,FR--R,30.0,33.65003699553498,1.121667899851166,-1.2059048542837183e-15,1.2059048542837183e-14
F2global_d10_k10_rho1,FR--R,31.0,34.771704895386144,1.121667899851166,-1.2059048542837183e-15,1.2059048542837183e-14
F2global_d10_k10_rho1,FR--R,32.0,35.89337279523731,1.121667899851166,-6.029524271418591e-16,1.2059048542837183e-14
F2global_d10_k10_rho1,FR--R,33.0,37.01504069508848,1.121667899851166,-6.029524271418591e-16,1.2059048542837183e-14
F2global_d10_k10_rho1,FR--R,34.0,38.13670859493964,1.121667899851166,-1.2059048542837183e-15,1.2059048542837183e-14
F2global_d10_k10_rho1,FR--R,35.0,39.25837649479081,1.121667899851166,-6.029524271418591e-16,1.2059048542837183e-14
F2global_d10_k10_rho1,FR--R,36.0,40.38004439464198,1.121667899851166,-1.2059048542837183e-15,1.2059048542837183e-14
F2global_d10_k10_rho1,FR--R,37.0,41.50171229449314,1.121667899851166,-6.029524271418591e-16,1.2059048542837183e-14
F2global_d10_k10_rho1,FR--R,38.0,42.62338019434431,1.121667899851166,0.0,1.2059048542837183e-14
F2global_d10_k10_rho1,FR--R,39.0,43.745048094195475,1.121667899851166,0.0,1.2059048542837183e-14
F2global_d10_k10_rho1,FR--R,40.0,44.86671599404664,1.121667899851166,-1.2059048542837183e-15,1.2059048542837183e-14
F2global_d10_k10_rho1,FR--R,41.0,45.988383893897804,1.121667899851166,-6.029524271418591e-16,1.2059048542837183e-14
F2global_d10_k10_rho1,FR--R,42.0,47.11005179374897,1.121667899851166,-6.029524271418591e-16,1.2059048542837183e-14
F2global_d10_k10_rho1,FR--R,43.0,48.23171969360014,1.121667899851166,-6.029524271418591e-16,1.2059048542837183e-14
F2global_d10_k10_rho1,FR--R,44.0,49.3533875934513,1.121667899851166,-6.029524271418591e-16,1.2059048542837183e-14
F2global_d10_k10_rho1,FR--R,45.0,50.47505549330247,1.121667899851166,0.0,1.2059048542837183e-14
F2global_d10_k10_rho1,FR--R,46.0,51.59672339315364,1.121667899851166,-1.2059048542837183e-15,1.2059048542837183e-14
F2global_d10_k10_rho1,FR--R,47.0,52.7183912930048,1.121667899851166,-6.029524271418591e-16,1.2059048542837183e-14
F2global_d10_k10_rho1,FR--R,48.0,53.84005919285597,1.121667899851166,-1.2059048542837183e-15,1.2059048542837183e-14
F2global_d10_k10_rho1,FR--R,49.0,54.961727092707136,1.121667899851166,-6.029524271418591e-16,1.2059048542837183e-14
F2global_d10_k10_rho1,FR--R,50.0,56.0833949925583,1.121667899851166,-6.029524271418591e-16,1.2059048542837183e-14
F2global_d10_k10_rho1,FR--R,51.0,57.205062892409465,1.121667899851166,-6.029524271418591e-16,1.2059048542837183e-14
F2global_d10_k10_rho1,FR--R,52.0,58.32673079226063,1.121667899851166,-1.2059048542837183e-15,1.2059048542837183e-14
F2global_d10_k10_rho1,FR--R,53.0,59.448398692111795,1.121667899851166,-6.029524271418591e-16,1.2059048542837183e-14
F2global_d10_k10_rho1,FR--R,54.0,60.57006659196296,1.121667899851166,-1.2059048542837183e-15,1.2059048542837183e-14
F2global_d10_k10_rho1,FR--R,55.0,61.69173449181413,1.121667899851166,-6.029524271418591e-16,1.2059048542837183e-14
F2global_d10_k10_rho1,FR--R,56.0,62.81340239166529,1.121667899851166,-1.808857281425578e-15,1.2059048542837183e-14
F2global_d10_k10_rho1,FR--R,57.0,63.93507029151646,1.121667899851166,0.0,1.2059048542837183e-14
F2global_d10_k10_rho1,FR--R,58.0,65.05673819136763,1.121667899851166,-1.2059048542837183e-15,1.2059048542837183e-14
F2global_d10_k10_rho1,FR--R,59.0,66.17840609121879,1.121667899851166,-6.029524271418591e-16,1.2059048542837183e-14
F2global_d10_k10_rho1,FR--R,60.0,67.30007399106997,1.121667899851166,-6.029524271418591e-16,1.2059048542837183e-14
F2global_d10_k10_rho1,FR--R,61.0,68.42174189092113,1.121667899851166,-1.2059048542837183e-15,1.2059048542837183e-14
F2global_d10_k10_rho1,FR--R,62.0,69.54340979077229,1.121667899851166,-6.029524271418591e-16,1.2059048542837183e-14
F2global_d10_k10_rho1,FR--R,63.0,70.66507769062346,1.121667899851166,-6.029524271418591e-16,1.2059048542837183e-14
F2global_d10_k10_rho1,FR--R,64.0,71.78674559047462,1.121667899851166,-6.029524271418591e-16,1.2059048542837183e-14
F2global_d10_k10_rho1,FR--R,65.0,72.90841349032578,1.121667899851166,-1.2059048542837183e-15,1.2059048542837183e-14
F2global_d10_k10_rho1,FR--R,66.0,74.03008139017696,1.121667899851166,-6.029524271418591e-16,1.2059048542837183e-14
F2global_d10_k10_rho1,FR--R,67.0,75.15174929002812,1.121667899851166,-6.029524271418591e-16,1.2059048542837183e-14
F2global_d10_k10_rho1,FR--R,68.0,76.27341718987928,1.121667899851166,-1.2059048542837183e-15,1.2059048542837183e-14
F2global_d10_k10_rho1,FR--R,69.0,77.39508508973046,1.121667899851166,-1.808857281425578e-15,1.2059048542837183e-14
F2global_d10_k10_rho1,FR--R,70.0,78.51675298958162,1.121667899851166,-1.2059048542837183e-15,1.2059048542837183e-14
F2global_d10_k10_rho1,FR--R,71.0,79.63842088943278,1.121667899851166,-6.029524271418591e-16,1.2059048542837183e-14
F2global_d10_k10_rho1,FR--R,72.0,80.76008878928396,1.121667899851166,-6.029524271418591e-16,1.2059048542837183e-14
F2global_d10_k10_rho1,FR--R,73.0,81.88175668913512,1.121667899851166,-6.029524271418591e-16,1.2059048542837183e-14
F2global_d10_k10_rho1,FR--R,74.0,83.00342458898628,1.121667899851166,-6.029524271418591e-16,1.2059048542837183e-14
F2global_d10_k10_rho1,FR--R,75.0,84.12509248883745,1.121667899851166,-6.029524271418591e-16,1.2059048542837183e-14
F2global_d10_k10_rho1,FR--R,76.0,85.24676038868861,1.121667899851166,-1.2059048542837183e-15,1.2059048542837183e-14
F2global_d10_k10_rho1,FR--R,77.0,86.36842828853977,1.121667899851166,-1.808857281425578e-15,1.2059048542837183e-14
F2global_d10_k10_rho1,FR--R,78.0,87.49009618839095,1.121667899851166,-6.029524271418591e-16,1.2059048542837183e-14
F2global_d10_k10_rho1,FR--R,79.0,88.61176408824211,1.121667899851166,-6.029524271418591e-16,1.2059048542837183e-14
F2global_d10_k10_rho1,FR--R,80.0,89.73343198809329,1.121667899851166,-6.029524271418591e-16,1.2059048542837183e-14
F2global_d10_k10_rho1,FR--R,81.0,90.85509988794445,1.121667899851166,0.0,1.2059048542837183e-14
F2global_d10_k10_rho1,FR--R,82.0,91.97676778779561,1.121667899851166,-1.2059048542837183e-15,1.2059048542837183e-14
F2global_d10_k10_rho1,FR--R,83.0,93.09843568764678,1.121667899851166,-1.2059048542837183e-15,1.2059048542837183e-14
F2global_d10_k10_rho1,FR--R,84.0,94.22010358749795,1.121667899851166,-6.029524271418591e-16,1.2059048542837183e-14
F2global_d10_k10_rho1,FR--R,85.0,95.3417714873491,1.121667899851166,-6.029524271418591e-16,1.2059048542837183e-14
F2global_d10_k10_rho1,FR--R,86.0,96.46343938720028,1.121667899851166,-1.2059048542837183e-15,1.2059048542837183e-14
F2global_d10_k10_rho1,FR--R,87.0,97.58510728705144,1.121667899851166,-1.2059048542837183e-15,1.2059048542837183e-14
F2global_d10_k10_rho1,FR--R,88.0,98.7067751869026,1.121667899851166,-1.2059048542837183e-15,1.2059048542837183e-14
F2global_d10_k10_rho1,FR--R,89.0,99.82844308675378,1.121667899851166,6.029524271418591e-16,1.2059048542837183e-14
F2global_d10_k10_rho1,FR--R,90.0,100.95011098660494,1.121667899851166,-1.2059048542837183e-15,1.2059048542837183e-14
F2global_d10_k10_rho1,FR--R,91.0,102.0717788864561,1.121667899851166,0.0,1.2059048542837183e-14
F2global_d10_k10_rho1,FR--R,92.0,103.19344678630728,1.121667899851166,-1.2059048542837183e-15,1.2059048542837183e-14
F2global_d10_k10_rho1,FR--R,93.0,104.31511468615844,1.121667899851166,-6.029524271418591e-16,1.2059048542837183e-14
F2global_d10_k10_rho1,FR--R,94.0,105.4367825860096,1.121667899851166,-1.2059048542837183e-15,1.2059048542837183e-14
F2global_d10_k10_rho1,FR--R,95.0,106.55845048586077,1.121667899851166,-1.2059048542837183e-15,1.2059048542837183e-14
F2global_d10_k10_rho1,FR--R,96.0,107.68011838571194,1.121667899851166,-1.2059048542837183e-15,1.2059048542837183e-14
F2global_d10_k10_rho1,FR--R,97.0,108.8017862855631,1.121667899851166,-6.029524271418591e-16,1.2059048542837183e-14
F2global_d10_k10_rho1,FR--R,98.0,109.92345418541427,1.121667899851166,-1.2059048542837183e-15,1.2059048542837183e-14
F2global_d10_k10_rho1,FR--R,99.0,111.04512208526543,1.121667899851166,-6.029524271418591e-16,1.2059048542837183e-14
F2global_d10_k10_rho1,FR--R,100.0,112.1667899851166,1.121667899851166,-6.029524271418591e-16,1.2059048542837183e-14
F2global_d10_k10_rho1,FR--R,101.0,113.28845788496777,1.121667899851166,-1.808857281425578e-15,1.2059048542837183e-14
F2global_d10_k10_rho1,FR--R,102.0,114.41012578481893,1.121667899851166,-6.029524271418591e-16,1.2059048542837183e-14
F2global_d10_k10_rho1,FR--R,103.0,115.53179368467009,1.121667899851166,-1.2059048542837183e-15,1.2059048542837183e-14
F2global_d10_k10_rho1,FR--R,104.0,116.65346158452127,1.121667899851166,-6.029524271418591e-16,1.2059048542837183e-14
F2global_d10_k10_rho1,FR--R,105.0,117.77512948437243,1.121667899851166,-6.029524271418591e-16,1.2059048542837183e-14
F2global_d10_k10_rho1,FR--R,106.0,118.89679738422359,1.121667899851166,-1.808857281425578e-15,1.2059048542837183e-14
F2global_d10_k10_rho1,FR--R,107.0,120.01846528407476,1.121667899851166,-6.029524271418591e-16,1.2059048542837183e-14
F2global_d10_k10_rho1,FR--R,108.0,121.14013318392593,1.121667899851166,0.0,1.2059048542837183e-14
F2global_d10_k10_rho1,FR--R,109.0,122.26180108377709,1.121667899851166,-6.029524271418591e-16,1.2059048542837183e-14
F2global_d10_k10_rho1,FR--R,110.0,123.38346898362826,1.121667899851166,-6.029524271418591e-16,1.2059048542837183e-14
F2global_d10_k10_rho1,FR--R,111.0,124.50513688347942,1.121667899851166,-6.029524271418591e-16,1.2059048542837183e-14
F2global_d10_k10_rho1,FR--R,112.0,125.62680478333058,1.121667899851166,-6.029524271418591e-16,1.2059048542837183e-14
F2global_d10_k10_rho1,FR--R,113.0,126.74847268318176,1.121667899851166,0.0,1.2059048542837183e-14
F2global_d10_k10_rho1,FR--R,114.0,127.87014058303292,1.121667899851166,-6.029524271418591e-16,1.2059048542837183e-14
F2global_d10_k10_rho1,FR--R,115.0,128.9918084828841,1.121667899851166,-6.029524271418591e-16,1.2059048542837183e-14
F2global_d10_k10_rho1,FR--R,116.0,130.11347638273526,1.121667899851166,-6.029524271418591e-16,1.2059048542837183e-14
F2global_d10_k10_rho1,FR--R,117.0,131.23514428258642,1.121667899851166,-6.029524271418591e-16,1.2059048542837183e-14
F2global_d10_k10_rho1,FR--R,118.0,132.35681218243758,1.121667899851166,-1.2059048542837183e-15,1.2059048542837183e-14
F2global_d10_k10_rho1,FR--R,119.0,133.47848008228874,1.121667899851166,-1.808857281425578e-15,1.2059048542837183e-14
F2global_d10_k10_rho1,FR--R,120.0,134.60014798213993,1.121667899851166,-6.029524271418591e-16,1.2059048542837183e-14
F2global_d10_k10_rho1,FR--R,121.0,135.7218158819911,1.121667899851166,-6.029524271418591e-16,1.2059048542837183e-14
F2global_d10_k10_rho1,FR--R,122.0,136.84348378184225,1.121667899851166,0.0,1.2059048542837183e-14
F2global_d10_k10_rho1,FR--R,123.0,137.9651516816934,1.121667899851166,-6.029524271418591e-16,1.2059048542837183e-14
F2global_d10_k10_rho1,FR--R,124.0,139.08681958154457,1.121667899851166,0.0,1.2059048542837183e-14
F2global_d10_k10_rho1,FR--R,125.0,140.20848748139574,1.121667899851166,-6.029524271418591e-16,1.2059048542837183e-14
F2global_d10_k10_rho1,FR--R,126.0,141.33015538124693,1.121667899851166,-6.029524271418591e-16,1.2059048542837183e-14
F2global_d10_k10_rho1,FR--R,127.0,142.4518232810981,1.121667899851166,-1.2059048542837183e-15,1.2059048542837183e-14
F2global_d10_k10_rho1,FR--R,128.0,143.57349118094925,1.121667899851166,-6.029524271418591e-16,1.2059048542837183e-14
F2global_d10_k10_rho1,FR--R,129.0,144.6951590808004,1.121667899851166,-1.2059048542837183e-15,1.2059048542837183e-14
F2global_d10_k10_rho1,FR--R,130.0,145.81682698065157,1.121667899851166,-6.029524271418591e-16,1.2059048542837183e-14
F2global_d10_k10_rho1,FR--R,131.0,146.93849488050276,1.121667899851166,-6.029524271418591e-16,1.2059048542837183e-14
F2global_d10_k10_rho1,FR--R,132.0,148.06016278035392,1.121667899851166,-1.2059048542837183e-15,1.2059048542837183e-14
F2global_d10_k10_rho1,FR--R,133.0,149.18183068020508,1.121667899851166,-6.029524271418591e-16,1.2059048542837183e-14
F2global_d10_k10_rho1,FR--R,134.0,150.30349858005624,1.121667899851166,-6.029524271418591e-16,1.2059048542837183e-14
F2global_d10_k10_rho1,FR--R,135.0,151.4251664799074,1.121667899851166,-6.029524271418591e-16,1.2059048542837183e-14
F2global_d10_k10_rho1,FR--R,136.0,152.54683437975856,1.121667899851166,-6.029524271418591e-16,1.2059048542837183e-14
F2global_d10_k10_rho1,FR--R,137.0,153.66850227960975,1.121667899851166,-6.029524271418591e-16,1.2059048542837183e-14
F2global_d10_k10_rho1,FR--R,138.0,154.79017017946092,1.121667899851166,-6.029524271418591e-16,1.2059048542837183e-14
F2global_d10_k10_rho1,FR--R,139.0,155.91183807931208,1.121667899851166,-6.029524271418591e-16,1.2059048542837183e-14
F2global_d10_k10_rho1,FR--R,140.0,157.03350597916324,1.121667899851166,-6.029524271418591e-16,1.2059048542837183e-14
F2global_d10_k10_rho1,FR--R,141.0,158.1551738790144,1.121667899851166,0.0,1.2059048542837183e-14
F2global_d10_k10_rho1,FR--R,142.0,159.27684177886556,1.121667899851166,-1.2059048542837183e-15,1.2059048542837183e-14
F2global_d10_k10_rho1,FR--R,143.0,160.39850967871675,1.121667899851166,0.0,1.2059048542837183e-14
F2global_d10_k10_rho1,FR--R,144.0,161.5201775785679,1.121667899851166,-1.2059048542837183e-15,1.2059048542837183e-14
F2global_d10_k10_rho1,FR--R,145.0,162.64184547841907,1.121667899851166,-6.029524271418591e-16,1.2059048542837183e-14
F2global_d10_k10_rho1,FR--R,146.0,163.76351337827023,1.121667899851166,-1.808857281425578e-15,1.2059048542837183e-14
F2global_d10_k10_rho1,FR--R,147.0,164.8851812781214,1.121667899851166,-6.029524271418591e-16,1.2059048542837183e-14
F2global_d10_k10_rho1,FR--R,148.0,166.00684917797255,1.121667899851166,0.0,1.2059048542837183e-14
F2global_d10_k10_rho1,FR--R,149.0,167.12851707782374,1.121667899851166,-6.029524271418591e-16,1.2059048542837183e-14
F2global_d10_k10_rho1,FR--R,150.0,168.2501849776749,1.121667899851166,-1.2059048542837183e-15,1.2059048542837183e-14
F2global_d10_k10_rho1,FR--R,151.0,169.37185287752607,1.121667899851166,-1.2059048542837183e-15,1.2059048542837183e-14
F2global_d10_k10_rho1,FR--R,152.0,170.49352077737723,1.121667899851166,-6.029524271418591e-16,1.2059048542837183e-14
F2global_d10_k10_rho1,FR--R,153.0,171.6151886772284,1.121667899851166,-1.2059048542837183e-15,1.2059048542837183e-14
F2global_d10_k10_rho1,FR--R,154.0,172.73685657707955,1.121667899851166,-6.029524271418591e-16,1.2059048542837183e-14
F2global_d10_k10_rho1,FR--R,155.0,173.85852447693074,1.121667899851166,-1.2059048542837183e-15,1.2059048542837183e-14
F2global_d10_k10_rho1,FR--R,156.0,174.9801923767819,1.121667899851166,-1.2059048542837183e-15,1.2059048542837183e-14
F2global_d10_k10_rho1,FR--R,157.0,176.10186027663306,1.121667899851166,-6.029524271418591e-16,1.2059048542837183e-14
F2global_d10_k10_rho1,FR--R,158.0,177.22352817648422,1.121667899851166,6.029524271418591e-16,1.2059048542837183e-14
F2global_d10_k10_rho1,FR--R,159.0,178.34519607633538,1.121667899851166,-6.029524271418591e-16,1.2059048542837183e-14
F2global_d10_k10_rho1,FR--R,160.0,179.46686397618657,1.121667899851166,-6.029524271418591e-16,1.2059048542837183e-14
F2global_d10_k10_rho1,FR--R,161.0,180.58853187603773,1.121667899851166,0.0,1.2059048542837183e-14
F2global_d10_k10_rho1,FR--R,162.0,181.7101997758889,1.121667899851166,-6.029524271418591e-16,1.2059048542837183e-14
F2global_d10_k10_rho1,FR--R,163.0,182.83186767574006,1.121667899851166,-1.2059048542837183e-15,1.2059048542837183e-14
F2global_d10_k10_rho1,FR--R,164.0,183.95353557559122,1.121667899851166,-6.029524271418591e-16,1.2059048542837183e-14
F2global_d10_k10_rho1,FR--R,165.0,185.07520347544238,1.121667899851166,-1.2059048542837183e-15,1.2059048542837183e-14
F2global_d10_k10_rho1,FR--R,166.0,186.19687137529357,1.121667899851166,-1.2059048542837183e-15,1.2059048542837183e-14
F2global_d10_k10_rho1,FR--R,167.0,187.31853927514473,1.121667899851166,-6.029524271418591e-16,1.2059048542837183e-14
F2global_d10_k10_rho1,FR--R,168.0,188.4402071749959,1.121667899851166,0.0,1.2059048542837183e-14
F2global_d10_k10_rho1,FR--R,169.0,189.56187507484705,1.121667899851166,-6.029524271418591e-16,1.2059048542837183e-14
F2global_d10_k10_rho1,FR--R,170.0,190.6835429746982,1.121667899851166,-6.029524271418591e-16,1.2059048542837183e-14
F2global_d10_k10_rho1,FR--R,171.0,191.80521087454937,1.121667899851166,-6.029524271418591e-16,1.2059048542837183e-14
F2global_d10_k10_rho1,FR--R,172.0,192.92687877440056,1.121667899851166,-6.029524271418591e-16,1.2059048542837183e-14
F2global_d10_k10_rho1,FR--R,173.0,194.04854667425172,1.121667899851166,-1.2059048542837183e-15,1.2059048542837183e-14
F2global_d10_k10_rho1,FR--R,174.0,195.17021457410289,1.121667899851166,-6.029524271418591e-16,1.2059048542837183e-14
F2global_d10_k10_rho1,FR--R,175.0,196.29188247395405,1.121667899851166,-6.029524271418591e-16,1.2059048542837183e-14
F2global_d10_k10_rho1,FR--R,176.0,197.4135503738052,1.121667899851166,-6.029524271418591e-16,1.2059048542837183e-14
F2global_d10_k10_rho1,FR--R,177.0,198.53521827365637,1.121667899851166,0.0,1.2059048542837183e-14
F2global_d10_k10_rho1,FR--R,178.0,199.65688617350756,1.121667899851166,-6.029524271418591e-16,1.2059048542837183e-14
F2global_d10_k10_rho1,FR--R,179.0,200.77855407335872,1.121667899851166,0.0,1.2059048542837183e-14
F2global_d10_k10_rho1,FR--R,180.0,201.90022197320988,1.121667899851166,-1.2059048542837183e-15,1.2059048542837183e-14
F2global_d10_k10_rho1,FR--R,181.0,203.02188987306104,1.121667899851166,0.0,1.2059048542837183e-14
F2global_d10_k10_rho1,FR--R,182.0,204.1435577729122,1.121667899851166,-6.029524271418591e-16,1.2059048542837183e-14
F2global_d10_k10_rho1,FR--R,183.0,205.26522567276336,1.121667899851166,-1.2059048542837183e-15,1.2059048542837183e-14
F2global_d10_k10_rho1,FR--R,184.0,206.38689357261455,1.121667899851166,-1.2059048542837183e-15,1.2059048542837183e-14
F2global_d10_k10_rho1,FR--R,185.0,207.50856147246571,1.121667899851166,-6.029524271418591e-16,1.2059048542837183e-14
F2global_d10_k10_rho1,FR--R,186.0,208.63022937231688,1.121667899851166,-1.2059048542837183e-15,1.2059048542837183e-14
F2global_d10_k10_rho1,FR--R,187.0,209.75189727216804,1.121667899851166,-1.2059048542837183e-15,1.2059048542837183e-14
F2global_d10_k10_rho1,FR--R,188.0,210.8735651720192,1.121667899851166,-1.2059048542837183e-15,1.2059048542837183e-14
F2global_d10_k10_rho1,FR--R,189.0,211.99523307187036,1.121667899851166,-1.2059048542837183e-15,1.2059048542837183e-14
F2global_d10_k10_rho1,FR--R,190.0,213.11690097172155,1.121667899851166,-6.029524271418591e-16,1.2059048542837183e-14
F2global_d10_k10_rho1,FR--R,191.0,214.2385688715727,1.121667899851166,-6.029524271418591e-16,1.2059048542837183e-14
F2global_d10_k10_rho1,FR--R,192.0,215.36023677142387,1.121667899851166,-6.029524271418591e-16,1.2059048542837183e-14
F2global_d10_k10_rho1,FR--R,193.0,216.48190467127503,1.121667899851166,-6.029524271418591e-16,1.2059048542837183e-14
F2global_d10_k10_rho1,FR--R,194.0,217.6035725711262,1.121667899851166,-1.2059048542837183e-15,1.2059048542837183e-14
F2global_d10_k10_rho1,FR--R,195.0,218.72524047097738,1.121667899851166,-6.029524271418591e-16,1.2059048542837183e-14
F2global_d10_k10_rho1,FR--R,196.0,219.84690837082854,1.121667899851166,-6.029524271418591e-16,1.2059048542837183e-14
F2global_d10_k10_rho1,FR--R,197.0,220.9685762706797,1.121667899851166,-6.029524271418591e-16,1.2059048542837183e-14
F2global_d10_k10_rho1,FR--R,198.0,222.09024417053087,1.121667899851166,-6.029524271418591e-16,1.2059048542837183e-14
F2global_d10_k10_rho1,FR--R,199.0,223.21191207038203,1.121667899851166,-1.2059048542837183e-15,1.2059048542837183e-14
F2global_d10_k10_rho1,FR--R,200.0,224.3335799702332,1.121667899851166,-6.029524271418591e-16,1.2059048542837183e-14
F2global_d10_k10_rho1,FR--R,201.0,225.45524787008438,1.121667899851166,-1.2059048542837183e-15,1.2059048542837183e-14
F2global_d10_k10_rho1,FR--R,202.0,226.57691576993554,1.121667899851166,-6.029524271418591e-16,1.2059048542837183e-14
F2global_d10_k10_rho1,FR--R,203.0,227.6985836697867,1.121667899851166,-6.029524271418591e-16,1.2059048542837183e-14
F2global_d10_k10_rho1,FR--R,204.0,228.82025156963786,1.121667899851166,-6.029524271418591e-16,1.2059048542837183e-14
F2global_d10_k10_rho1,FR--R,205.0,229.94191946948902,1.121667899851166,-6.029524271418591e-16,1.2059048542837183e-14
F2global_d10_k10_rho1,FR--R,206.0,231.06358736934018,1.121667899851166,0.0,1.2059048542837183e-14
F2global_d10_k10_rho1,FR--R,207.0,232.18525526919137,1.121667899851166,-6.029524271418591e-16,1.2059048542837183e-14
F2global_d10_k10_rho1,FR--R,208.0,233.30692316904253,1.121667899851166,-6.029524271418591e-16,1.2059048542837183e-14
F2global_d10_k10_rho1,FR--R,209.0,234.4285910688937,1.121667899851166,-6.029524271418591e-16,1.2059048542837183e-14
F2global_d10_k10_rho1,FR--R,210.0,235.55025896874486,1.121667899851166,-6.029524271418591e-16,1.2059048542837183e-14
F2global_d10_k10_rho1,FR--R,211.0,236.67192686859602,1.121667899851166,-6.029524271418591e-16,1.2059048542837183e-14
F2global_d10_k10_rho1,FR--R,212.0,237.79359476844718,1.121667899851166,-1.2059048542837183e-15,1.2059048542837183e-14
F2global_d10_k10_rho1,FR--R,213.0,238.91526266829837,1.121667899851166,0.0,1.2059048542837183e-14
F2global_d10_k10_rho1,FR--R,214.0,240.03693056814953,1.121667899851166,-6.029524271418591e-16,1.2059048542837183e-14
F2global_d10_k10_rho1,FR--R,215.0,241.1585984680007,1.121667899851166,-6.029524271418591e-16,1.2059048542837183e-14
F2global_d10_k10_rho1,FR--R,216.0,242.28026636785185,1.121667899851166,-1.2059048542837183e-15,1.2059048542837183e-14
F2global_d10_k10_rho1,FR--R,217.0,243.401934267703,1.121667899851166,-1.808857281425578e-15,1.2059048542837183e-14
F2global_d10_k10_rho1,FR--R,218.0,244.52360216755417,1.121667899851166,-6.029524271418591e-16,1.2059048542837183e-14
F2global_d10_k10_rho1,FR--R,219.0,245.64527006740536,1.121667899851166,-1.2059048542837183e-15,1.2059048542837183e-14
F2global_d10_k10_rho1,FR--R,220.0,246.76693796725652,1.121667899851166,0.0,1.2059048542837183e-14
F2global_d10_k10_rho1,FR--R,221.0,247.88860586710769,1.121667899851166,-6.029524271418591e-16,1.2059048542837183e-14
F2global_d10_k10_rho1,FR--R,222.0,249.01027376695885,1.121667899851166,-1.2059048542837183e-15,1.2059048542837183e-14
F2global_d10_k10_rho1,FR--R,223.0,250.13194166681,1.121667899851166,-6.029524271418591e-16,1.2059048542837183e-14
F2global_d10_k10_rho1,FR--R,224.0,251.25360956666117,1.121667899851166,-6.029524271418591e-16,1.2059048542837183e-14
F2global_d10_k10_rho1,FR--R,225.0,252.37527746651236,1.121667899851166,0.0,1.2059048542837183e-14
F2global_d10_k10_rho1,FR--R,226.0,253.49694536636352,1.121667899851166,-1.2059048542837183e-15,1.2059048542837183e-14
F2global_d10_k10_rho1,FR--R,227.0,254.61861326621468,1.121667899851166,-6.029524271418591e-16,1.2059048542837183e-14
F2global_d10_k10_rho1,FR--R,228.0,255.74028116606584,1.121667899851166,-1.808857281425578e-15,1.2059048542837183e-14
F2global_d10_k10_rho1,FR--R,229.0,256.86194906591703,1.121667899851166,-1.2059048542837183e-15,1.2059048542837183e-14
F2global_d10_k10_rho1,FR--R,230.0,257.9836169657682,1.121667899851166,0.0,1.2059048542837183e-14
F2global_d10_k10_rho1,FR--R,231.0,259.10528486561935,1.121667899851166,-6.029524271418591e-16,1.2059048542837183e-14
F2global_d10_k10_rho1,FR--R,232.0,260.2269527654705,1.121667899851166,0.0,1.2059048542837183e-14
F2global_d10_k10_rho1,FR--R,233.0,261.3486206653217,1.121667899851166,-6.029524271418591e-16,1.2059048542837183e-14
F2global_d10_k10_rho1,FR--R,234.0,262.47028856517284,1.121667899851166,-6.029524271418591e-16,1.2059048542837183e-14
F2global_d10_k10_rho1,FR--R,235.0,263.591956465024,1.121667899851166,-1.2059048542837183e-15,1.2059048542837183e-14
F2global_d10_k10_rho1,FR--R,236.0,264.71362436487516,1.121667899851166,-6.029524271418591e-16,1.2059048542837183e-14
F2global_d10_k10_rho1,FR--R,237.0,265.8352922647263,1.121667899851166,-6.029524271418591e-16,1.2059048542837183e-14
F2global_d10_k10_rho1,FR--R,238.0,266.9569601645775,1.121667899851166,0.0,1.2059048542837183e-14
F2global_d10_k10_rho1,FR--R,239.0,268.0786280644287,1.121667899851166,-1.808857281425578e-15,1.2059048542837183e-14
F2global_d10_k10_rho1,FR--R,240.0,269.20029596427986,1.121667899851166,-1.2059048542837183e-15,1.2059048542837183e-14
F2global_d10_k10_rho1,FR--R,241.0,270.321963864131,1.121667899851166,-1.2059048542837183e-15,1.2059048542837183e-14
F2global_d10_k10_rho1,FR--R,242.0,271.4436317639822,1.121667899851166,0.0,1.2059048542837183e-14
F2global_d10_k10_rho1,FR--R,243.0,272.56529966383334,1.121667899851166,-1.2059048542837183e-15,1.2059048542837183e-14
F2global_d10_k10_rho1,FR--R,244.0,273.6869675636845,1.121667899851166,-1.2059048542837183e-15,1.2059048542837183e-14
F2global_d10_k10_rho1,FR--R,245.0,274.80863546353567,1.121667899851166,-6.029524271418591e-16,1.2059048542837183e-14
F2global_d10_k10_rho1,FR--R,246.0,275.9303033633868,1.121667899851166,0.0,1.2059048542837183e-14
F2global_d10_k10_rho1,FR--R,247.0,277.051971263238,1.121667899851166,-6.029524271418591e-16,1.2059048542837183e-14
F2global_d10_k10_rho1,FR--R,248.0,278.17363916308915,1.121667899851166,-6.029524271418591e-16,1.2059048542837183e-14
F2global_d10_k10_rho1,FR--R,249.0,279.2953070629403,1.121667899851166,0.0,1.2059048542837183e-14
F2global_d10_k10_rho1,FR--R,250.0,280.41697496279147,1.121667899851166,-1.2059048542837183e-15,1.2059048542837183e-14
F2global_d10_k10_rho1,FR--R,251.0,281.5386428626427,1.121667899851166,0.0,1.2059048542837183e-14
F2global_d10_k10_rho1,FR--R,252.0,282.66031076249385,1.121667899851166,-1.2059048542837183e-15,1.2059048542837183e-14
F2global_d10_k10_rho1,FR--R,253.0,283.781978662345,1.121667899851166,-1.2059048542837183e-15,1.2059048542837183e-14
F2global_d10_k10_rho1,FR--R,254.0,284.9036465621962,1.121667899851166,-6.029524271418591e-16,1.2059048542837183e-14
F2global_d10_k10_rho1,FR--R,255.0,286.02531446204733,1.121667899851166,0.0,1.2059048542837183e-14
F2global_d10_k10_rho1,FR--R,256.0,287.1469823618985,1.121667899851166,-6.029524271418591e-16,1.2059048542837183e-14
F2global_d10_k10_rho1,FR--R,257.0,288.26865026174966,1.121667899851166,-6.029524271418591e-16,1.2059048542837183e-14
F2global_d10_k10_rho1,FR--R,258.0,289.3903181616008,1.121667899851166,-6.029524271418591e-16,1.2059048542837183e-14
F2global_d10_k10_rho1,FR--R,259.0,290.511986061452,1.121667899851166,-1.2059048542837183e-15,1.2059048542837183e-14
F2global_d10_k10_rho1,FR--R,260.0,291.63365396130314,1.121667899851166,-1.2059048542837183e-15,1.2059048542837183e-14
F2global_d10_k10_rho1,FR--R,261.0,292.7553218611543,1.121667899851166,0.0,1.2059048542837183e-14
F2global_d10_k10_rho1,FR--R,262.0,293.8769897610055,1.121667899851166,-6.029524271418591e-16,1.2059048542837183e-14
F2global_d10_k10_rho1,FR--R,263.0,294.9986576608567,1.121667899851166,-1.2059048542837183e-15,1.2059048542837183e-14
F2global_d10_k10_rho1,FR--R,264.0,296.12032556070784,1.121667899851166,-6.029524271418591e-16,1.2059048542837183e-14
F2global_d10_k10_rho1,FR--R,265.0,297.241993460559,1.121667899851166,-1.2059048542837183e-15,1.2059048542837183e-14
F2global_d10_k10_rho1,FR--R,266.0,298.36366136041016,1.121667899851166,-6.029524271418591e-16,1.2059048542837183e-14
F2global_d10_k10_rho1,FR--R,267.0,299.4853292602613,1.121667899851166,-6.029524271418591e-16,1.2059048542837183e-14
F2global_d10_k10_rho1,FR--R,268.0,300.6069971601125,1.121667899851166,-1.2059048542837183e-15,1.2059048542837183e-14
F2global_d10_k10_rho1,FR--R,269.0,301.72866505996365,1.121667899851166,-1.808857281425578e-15,1.2059048542837183e-14
F2global_d10_k10_rho1,FR--R,270.0,302.8503329598148,1.121667899851166,-1.2059048542837183e-15,1.2059048542837183e-14
F2global_d10_k10_rho1,FR--R,271.0,303.97200085966597,1.121667899851166,-1.2059048542837183e-15,1.2059048542837183e-14
F2global_d10_k10_rho1,FR--R,272.0,305.09366875951713,1.121667899851166,0.0,1.2059048542837183e-14
F2global_d10_k10_rho1,FR--R,273.0,306.2153366593683,1.121667899851166,-1.2059048542837183e-15,1.2059048542837183e-14
F2global_d10_k10_rho1,FR--R,274.0,307.3370045592195,1.121667899851166,-1.2059048542837183e-15,1.2059048542837183e-14
F2global_d10_k10_rho1,FR--R,275.0,308.45867245907067,1.121667899851166,-1.808857281425578e-15,1.2059048542837183e-14
F2global_d10_k10_rho1,FR--R,276.0,309.58034035892183,1.121667899851166,-6.029524271418591e-16,1.2059048542837183e-14
F2global_d10_k10_rho1,FR--R,277.0,310.702008258773,1.121667899851166,-6.029524271418591e-16,1.2059048542837183e-14
F2global_d10_k10_rho1,FR--R,278.0,311.82367615862415,1.121667899851166,-6.029524271418591e-16,1.2059048542837183e-14
F2global_d10_k10_rho1,FR--R,279.0,312.9453440584753,1.121667899851166,-6.029524271418591e-16,1.2059048542837183e-14
F2global_d10_k10_rho1,FR--R,280.0,314.0670119583265,1.121667899851166,-6.029524271418591e-16,1.2059048542837183e-14
F2global_d10_k10_rho1,FR--R,281.0,315.18867985817764,1.121667899851166,0.0,1.2059048542837183e-14
F2global_d10_k10_rho1,FR--R,282.0,316.3103477580288,1.121667899851166,-1.2059048542837183e-15,1.2059048542837183e-14
F2global_d10_k10_rho1,FR--R,283.0,317.43201565787996,1.121667899851166,-1.2059048542837183e-15,1.2059048542837183e-14
F2global_d10_k10_rho1,FR--R,284.0,318.5536835577311,1.121667899851166,-1.2059048542837183e-15,1.2059048542837183e-14
F2global_d10_k10_rho1,FR--R,285.0,319.6753514575823,1.121667899851166,-6.029524271418591e-16,1.2059048542837183e-14
F2global_d10_k10_rho1,FR--R,286.0,320.7970193574335,1.121667899851166,-6.029524271418591e-16,1.2059048542837183e-14
F2global_d10_k10_rho1,FR--R,287.0,321.91868725728466,1.121667899851166,-6.029524271418591e-16,1.2059048542837183e-14
F2global_d10_k10_rho1,FR--R,288.0,323.0403551571358,1.121667899851166,-1.2059048542837183e-15,1.2059048542837183e-14
F2global_d10_k10_rho1,FR--R,289.0,324.162023056987,1.121667899851166,-6.029524271418591e-16,1.2059048542837183e-14
F2global_d10_k10_rho1,FR--R,290.0,325.28369095683814,1.121667899851166,-1.2059048542837183e-15,1.2059048542837183e-14
F2global_d10_k10_rho1,FR--R,291.0,326.4053588566893,1.121667899851166,-6.029524271418591e-16,1.2059048542837183e-14
F2global_d10_k10_rho1,FR--R,292.0,327.52702675654047,1.121667899851166,-6.029524271418591e-16,1.2059048542837183e-14
F2global_d10_k10_rho1,FR--R,293.0,328.6486946563916,1.121667899851166,-1.2059048542837183e-15,1.2059048542837183e-14
F2global_d10_k10_rho1,FR--R,294.0,329.7703625562428,1.121667899851166,-1.2059048542837183e-15,1.2059048542837183e-14
F2global_d10_k10_rho1,FR--R,295.0,330.89203045609395,1.121667899851166,-1.808857281425578e-15,1.2059048542837183e-14
F2global_d10_k10_rho1,FR--R,296.0,332.0136983559451,1.121667899851166,-6.029524271418591e-16,1.2059048542837183e-14
F2global_d10_k10_rho1,FR--R,297.0,333.1353662557963,1.121667899851166,-6.029524271418591e-16,1.2059048542837183e-14
F2global_d10_k10_rho1,FR--R,298.0,334.2570341556475,1.121667899851166,-6.029524271418591e-16,1.2059048542837183e-14
F2global_d10_k10_rho1,FR--R,299.0,335.37870205549865,1.121667899851166,-1.2059048542837183e-15,1.2059048542837183e-14
F2global_d10_k10_rho1,FR--R,300.0,336.5003699553498,1.121667899851166,-6.029524271418591e-16,1.2059048542837183e-14
F2global_d10_k10_rho1,FR--R,301.0,337.622037855201,1.121667899851166,-6.029524271418591e-16,1.2059048542837183e-14
F2global_d10_k10_rho1,FR--R,302.0,338.74370575505213,1.121667899851166,-6.029524271418591e-16,1.2059048542837183e-14
F2global_d10_k10_rho1,FR--R,303.0,339.8653736549033,1.121667899851166,0.0,1.2059048542837183e-14
F2global_d10_k10_rho1,FR--R,304.0,340.98704155475446,1.121667899851166,-6.029524271418591e-16,1.2059048542837183e-14
F2global_d10_k10_rho1,FR--R,305.0,342.1087094546056,1.121667899851166,0.0,1.2059048542837183e-14
F2global_d10_k10_rho1,FR--R,306.0,343.2303773544568,1.121667899851166,-6.029524271418591e-16,1.2059048542837183e-14
F2global_d10_k10_rho1,FR--R,307.0,344.35204525430794,1.121667899851166,0.0,1.2059048542837183e-14
F2global_d10_k10_rho1,FR--R,308.0,345.4737131541591,1.121667899851166,-6.029524271418591e-16,1.2059048542837183e-14
F2global_d10_k10_rho1,FR--R,309.0,346.5953810540103,1.121667899851166,-1.2059048542837183e-15,1.2059048542837183e-14
F2global_d10_k10_rho1,FR--R,310.0,347.7170489538615,1.121667899851166,-1.2059048542837183e-15,1.2059048542837183e-14
F2global_d10_k10_rho1,FR--R,311.0,348.83871685371264,1.121667899851166,0.0,1.2059048542837183e-14
F2global_d10_k10_rho1,FR--R,312.0,349.9603847535638,1.121667899851166,0.0,1.2059048542837183e-14
F2global_d10_k10_rho1,FR--R,313.0,351.08205265341496,1.121667899851166,-6.029524271418591e-16,1.2059048542837183e-14
F2global_d10_k10_rho1,FR--R,314.0,352.2037205532661,1.121667899851166,-6.029524271418591e-16,1.2059048542837183e-14
F2global_d10_k10_rho1,FR--R,315.0,353.3253884531173,1.121667899851166,-6.029524271418591e-16,1.2059048542837183e-14
F2global_d10_k10_rho1,FR--R,316.0,354.44705635296845,1.121667899851166,-6.029524271418591e-16,1.2059048542837183e-14
F2global_d10_k10_rho1,FR--R,317.0,355.5687242528196,1.121667899851166,-1.2059048542837183e-15,1.2059048542837183e-14
F2global_d10_k10_rho1,FR--R,318.0,356.69039215267077,1.121667899851166,-1.2059048542837183e-15,1.2059048542837183e-14
F2global_d10_k10_rho1,FR--R,319.0,357.81206005252193,1.121667899851166,-6.029524271418591e-16,1.2059048542837183e-14
F2global_d10_k10_rho1,FR--R,320.0,358.93372795237315,1.121667899851166,-6.029524271418591e-16,1.2059048542837183e-14
F2global_d10_k10_rho1,FR--R,321.0,360.0553958522243,1.121667899851166,-6.029524271418591e-16,1.2059048542837183e-14
F2global_d10_k10_rho1,FR--R,322.0,361.17706375207547,1.121667899851166,-6.029524271418591e-16,1.2059048542837183e-14
F2global_d10_k10_rho1,FR--R,323.0,362.29873165192663,1.121667899851166,-6.029524271418591e-16,1.2059048542837183e-14
F2global_d10_k10_rho1,FR--R,324.0,363.4203995517778,1.121667899851166,-1.2059048542837183e-15,1.2059048542837183e-14
F2global_d10_k10_rho1,FR--R,325.0,364.54206745162895,1.121667899851166,-1.2059048542837183e-15,1.2059048542837183e-14
F2global_d10_k10_rho1,FR--R,326.0,365.6637353514801,1.121667899851166,-1.2059048542837183e-15,1.2059048542837183e-14
F2global_d10_k10_rho1,FR--R,327.0,366.7854032513313,1.121667899851166,0.0,1.2059048542837183e-14
F2global_d10_k10_rho1,FR--R,328.0,367.90707115118244,1.121667899851166,-1.2059048542837183e-15,1.2059048542837183e-14
F2global_d10_k10_rho1,FR--R,329.0,369.0287390510336,1.121667899851166,-1.2059048542837183e-15,1.2059048542837183e-14
F2global_d10_k10_rho1,FR--R,330.0,370.15040695088476,1.121667899851166,0.0,1.2059048542837183e-14
F2global_d10_k10_rho1,FR--R,331.0,371.2720748507359,1.121667899851166,-6.029524271418591e-16,1.2059048542837183e-14
F2global_d10_k10_rho1,FR--R,332.0,372.39374275058714,1.121667899851166,6.029524271418591e-16,1.2059048542837183e-14
F2global_d10_k10_rho1,FR--R,333.0,373.5154106504383,1.121667899851166,-1.2059048542837183e-15,1.2059048542837183e-14
F2global_d10_k10_rho1,FR--R,334.0,374.63707855028946,1.121667899851166,-6.029524271418591e-16,1.2059048542837183e-14
F2global_d10_k10_rho1,FR--R,335.0,375.7587464501406,1.121667899851166,-1.2059048542837183e-15,1.2059048542837183e-14
F2global_d10_k10_rho1,FR--R,336.0,376.8804143499918,1.121667899851166,-6.029524271418591e-16,1.2059048542837183e-14
F2global_d10_k10_rho1,FR--R,337.0,378.00208224984294,1.121667899851166,-6.029524271418591e-16,1.2059048542837183e-14
F2global_d10_k10_rho1,FR--R,338.0,379.1237501496941,1.121667899851166,-1.2059048542837183e-15,1.2059048542837183e-14
F2global_d10_k10_rho1,FR--R,339.0,380.24541804954526,1.121667899851166,0.0,1.2059048542837183e-14
F2global_d10_k10_rho1,FR--R,340.0,381.3670859493964,1.121667899851166,-6.029524271418591e-16,1.2059048542837183e-14
F2global_d10_k10_rho1,FR--R,341.0,382.4887538492476,1.121667899851166,6.029524271418591e-16,1.2059048542837183e-14
F2global_d10_k10_rho1,FR--R,342.0,383.61042174909875,1.121667899851166,-6.029524271418591e-16,1.2059048542837183e-14
F2global_d10_k10_rho1,FR--R,343.0,384.7320896489499,1.121667899851166,-1.2059048542837183e-15,1.2059048542837183e-14
F2global_d10_k10_rho1,FR--R,344.0,385.8537575488011,1.121667899851166,-6.029524271418591e-16,1.2059048542837183e-14
F2global_d10_k10_rho1,FR--R,345.0,386.9754254486523,1.121667899851166,-6.029524271418591e-16,1.2059048542837183e-14
F2global_d10_k10_rho1,FR--R,346.0,388.09709334850345,1.121667899851166,-6.029524271418591e-16,1.2059048542837183e-14
F2global_d10_k10_rho1,FR--R,347.0,389.2187612483546,1.121667899851166,-6.029524271418591e-16,1.2059048542837183e-14
F2global_d10_k10_rho1,FR--R,348.0,390.34042914820577,1.121667899851166,-1.2059048542837183e-15,1.2059048542837183e-14
F2global_d10_k10_rho1,FR--R,349.0,391.46209704805693,1.121667899851166,-6.029524271418591e-16,1.2059048542837183e-14
F2global_d10_k10_rho1,FR--R,350.0,392.5837649479081,1.121667899851166,0.0,1.2059048542837183e-14
F2global_d10_k10_rho1,FR--R,351.0,393.70543284775925,1.121667899851166,-1.2059048542837183e-15,1.2059048542837183e-14
F2global_d10_k10_rho1,FR--R,352.0,394.8271007476104,1.121667899851166,-6.029524271418591e-16,1.2059048542837183e-14
F2global_d10_k10_rho1,FR--R,353.0,395.9487686474616,1.121667899851166,0.0,1.2059048542837183e-14
F2global_d10_k10_rho1,FR--R,354.0,397.07043654731274,1.121667899851166,-6.029524271418591e-16,1.2059048542837183e-14
F2global_d10_k10_rho1,FR--R,355.0,398.19210444716396,1.121667899851166,0.0,1.2059048542837183e-14
F2global_d10_k10_rho1,FR--R,356.0,399.3137723470151,1.121667899851166,-1.2059048542837183e-15,1.2059048542837183e-14
F2global_d10_k10_rho1,FR--R,357.0,400.4354402468663,1.121667899851166,0.0,1.2059048542837183e-14
F2global_d10_k10_rho1,FR--R,358.0,401.55710814671744,1.121667899851166,0.0,1.2059048542837183e-14
F2global_d10_k10_rho1,FR--R,359.0,402.6787760465686,1.121667899851166,-6.029524271418591e-16,1.2059048542837183e-14
F2global_d10_k10_rho1,FR--R,360.0,403.80044394641976,1.121667899851166,-6.029524271418591e-16,1.2059048542837183e-14
F2global_d10_k10_rho1,FR--R,361.0,404.9221118462709,1.121667899851166,-6.029524271418591e-16,1.2059048542837183e-14
F2global_d10_k10_rho1,FR--R,362.0,406.0437797461221,1.121667899851166,-6.029524271418591e-16,1.2059048542837183e-14
F2global_d10_k10_rho1,FR--R,363.0,407.16544764597325,1.121667899851166,-6.029524271418591e-16,1.2059048542837183e-14
F2global_d10_k10_rho1,FR--R,364.0,408.2871155458244,1.121667899851166,-6.029524271418591e-16,1.2059048542837183e-14
F2global_d10_k10_rho1,FR--R,365.0,409.40878344567557,1.121667899851166,-6.029524271418591e-16,1.2059048542837183e-14
F2global_d10_k10_rho1,FR--R,366.0,410.5304513455267,1.121667899851166,-6.029524271418591e-16,1.2059048542837183e-14
F2global_d10_k10_rho1,FR--R,367.0,411.65211924537795,1.121667899851166,-6.029524271418591e-16,1.2059048542837183e-14
F2global_d10_k10_rho1,FR--R,368.0,412.7737871452291,1.121667899851166,-6.029524271418591e-16,1.2059048542837183e-14
F2global_d10_k10_rho1,FR--R,369.0,413.89545504508027,1.121667899851166,-6.029524271418591e-16,1.2059048542837183e-14
F2global_d10_k10_rho1,FR--R,370.0,415.01712294493143,1.121667899851166,-6.029524271418591e-16,1.2059048542837183e-14
F2global_d10_k10_rho1,FR--R,371.0,416.1387908447826,1.121667899851166,-1.2059048542837183e-15,1.2059048542837183e-14
F2global_d10_k10_rho1,FR--R,372.0,417.26045874463375,1.121667899851166,0.0,1.2059048542837183e-14
F2global_d10_k10_rho1,FR--R,373.0,418.3821266444849,1.121667899851166,-6.029524271418591e-16,1.2059048542837183e-14
F2global_d10_k10_rho1,FR--R,374.0,419.5037945443361,1.121667899851166,-1.2059048542837183e-15,1.2059048542837183e-14
F2global_d10_k10_rho1,FR--R,375.0,420.62546244418724,1.121667899851166,0.0,1.2059048542837183e-14
F2global_d10_k10_rho1,FR--R,376.0,421.7471303440384,1.121667899851166,-1.2059048542837183e-15,1.2059048542837183e-14
F2global_d10_k10_rho1,FR--R,377.0,422.86879824388956,1.121667899851166,-1.2059048542837183e-15,1.2059048542837183e-14
F2global_d10_k10_rho1,FR--R,378.0,423.9904661437407,1.121667899851166,0.0,1.2059048542837183e-14
F2global_d10_k10_rho1,FR--R,379.0,425.11213404359194,1.121667899851166,-1.2059048542837183e-15,1.2059048542837183e-14
F2global_d10_k10_rho1,FR--R,380.0,426.2338019434431,1.121667899851166,0.0,1.2059048542837183e-14
F2global_d10_k10_rho1,FR--R,381.0,427.35546984329426,1.121667899851166,-1.2059048542837183e-15,1.2059048542837183e-14
F2global_d10_k10_rho1,FR--R,382.0,428.4771377431454,1.121667899851166,-1.808857281425578e-15,1.2059048542837183e-14
F2global_d10_k10_rho1,FR--R,383.0,429.5988056429966,1.121667899851166,-6.029524271418591e-16,1.2059048542837183e-14
F2global_d10_k10_rho1,FR--R,384.0,430.72047354284774,1.121667899851166,0.0,1.2059048542837183e-14
F2global_d10_k10_rho1,FR--R,385.0,431.8421414426989,1.121667899851166,-1.2059048542837183e-15,1.2059048542837183e-14
F2global_d10_k10_rho1,FR--R,386.0,432.96380934255006,1.121667899851166,-6.029524271418591e-16,1.2059048542837183e-14
F2global_d10_k10_rho1,FR--R,387.0,434.0854772424012,1.121667899851166,-1.2059048542837183e-15,1.2059048542837183e-14
F2global_d10_k10_rho1,FR--R,388.0,435.2071451422524,1.121667899851166,-6.029524271418591e-16,1.2059048542837183e-14
F2global_d10_k10_rho1,FR--R,389.0,436.32881304210355,1.121667899851166,0.0,1.2059048542837183e-14
F2global_d10_k10_rho1,FR--R,390.0,437.45048094195477,1.121667899851166,-1.2059048542837183e-15,1.2059048542837183e-14
F2global_d10_k10_rho1,FR--R,391.0,438.5721488418059,1.121667899851166,-6.029524271418591e-16,1.2059048542837183e-14
F2global_d10_k10_rho1,FR--R,392.0,439.6938167416571,1.121667899851166,-6.029524271418591e-16,1.2059048542837183e-14
F2global_d10_k10_rho1,FR--R,393.0,440.81548464150825,1.121667899851166,0.0,1.2059048542837183e-14
F2global_d10_k10_rho1,FR--R,394.0,441.9371525413594,1.121667899851166,-6.029524271418591e-16,1.2059048542837183e-14
F2global_d10_k10_rho1,FR--R,395.0,443.05882044121057,1.121667899851166,-6.029524271418591e-16,1.2059048542837183e-14
F2global_d10_k10_rho1,FR--R,396.0,444.18048834106173,1.121667899851166,-6.029524271418591e-16,1.2059048542837183e-14
F2global_d10_k10_rho1,FR--R,397.0,445.3021562409129,1.121667899851166,-6.029524271418591e-16,1.2059048542837183e-14
F2global_d10_k10_rho1,FR--R,398.0,446.42382414076405,1.121667899851166,-6.029524271418591e-16,1.2059048542837183e-14
F2global_d10_k10_rho1,FR--R,399.0,447.5454920406152,1.121667899851166,-6.029524271418591e-16,1.2059048542837183e-14
F2global_d10_k10_rho1,FR--R,400.0,448.6671599404664,1.121667899851166,0.0,1.2059048542837183e-14
F2global_d10_k10_rho1,FR--KL,0.0,0.0,1.121667899851166,1.0,1.808857281425578e-15
F2global_d10_k10_rho1,FR--KL,1.0,1.121667899851166,1.121667899851166,0.011389595394555987,1.808857281425578e-15
F2global_d10_k10_rho1,FR--KL,2.0,2.243335799702332,1.121667899851166,0.0006670427023894521,1.808857281425578e-15
F2global_d10_k10_rho1,FR--KL,3.0,3.365003699553498,1.121667899851166,0.00014994976984412822,1.808857281425578e-15
F2global_d10_k10_rho1,FR--KL,4.0,4.486671599404664,1.121667899851166,4.807869311318014e-05,1.808857281425578e-15
F2global_d10_k10_rho1,FR--KL,5.0,5.60833949925583,1.121667899851166,1.593473929288797e-05,1.808857281425578e-15
F2global_d10_k10_rho1,FR--KL,6.0,6.730007399106996,1.121667899851166,5.315943171228824e-06,1.808857281425578e-15
F2global_d10_k10_rho1,FR--KL,7.0,7.8516752989581615,1.121667899851166,1.7812662302134746e-06,1.808857281425578e-15
F2global_d10_k10_rho1,FR--KL,8.0,8.973343198809328,1.121667899851166,5.991680547192887e-07,1.808857281425578e-15
F2global_d10_k10_rho1,FR--KL,9.0,10.095011098660494,1.121667899851166,2.022487559087977e-07,1.808857281425578e-15
F2global_d10_k10_rho1,FR--KL,10.0,11.21667899851166,1.121667899851166,6.848921847569912e-08,1.808857281425578e-15
F2global_d10_k10_rho1,FR--KL,11.0,12.338346898362825,1.121667899851166,2.3262710183575586e-08,1.808857281425578e-15
F2global_d10_k10_rho1,FR--KL,12.0,13.460014798213992,1.121667899851166,7.923482861363399e-09,1.808857281425578e-15
F2global_d10_k10_rho1,FR--KL,13.0,14.581682698065158,1.121667899851166,2.7059172405262653e-09,1.808857281425578e-15
F2global_d10_k10_rho1,FR--KL,14.0,15.703350597916323,1.121667899851166,9.263755061083252e-10,1.808857281425578e-15
F2global_d10_k10_rho1,FR--KL,15.0,16.82501849776749,1.121667899851166,3.178861668280223e-10,1.808857281425578e-15
F2global_d10_k10_rho1,FR--KL,16.0,17.946686397618656,1.121667899851166,1.0932311342237189e-10,1.808857281425578e-15
F2global_d10_k10_rho1,FR--KL,17.0,19.06835429746982,1.121667899851166,3.767367355267764e-11,1.808857281425578e-15
F2global_d10_k10_rho1,FR--KL,18.0,20.19002219732099,1.121667899851166,1.3007492710731325e-11,1.808857281425578e-15
F2global_d10_k10_rho1,FR--KL,19.0,21.311690097172153,1.121667899851166,4.499231011332553e-12,1.808857281425578e-15
F2global_d10_k10_rho1,FR--KL,20.0,22.43335799702332,1.121667899851166,1.5580290717345642e-12,1.808857281425578e-15
F2global_d10_k10_rho1,FR--KL,21.0,23.555025896874486,1.121667899851166,5.408483271462476e-13,1.808857281425578e-15
F2global_d10_k10_rho1,FR--KL,22.0,24.67669379672565,1.121667899851166,1.875182048411182e-13,1.808857281425578e-15
F2global_d10_k10_rho1,FR--KL,23.0,25.79836169657682,1.121667899851166,6.511886213132079e-14,1.808857281425578e-15
F2global_d10_k10_rho1,FR--KL,24.0,26.920029596427984,1.121667899851166,2.1706287377106934e-14,1.808857281425578e-15
F2global_d10_k10_rho1,FR--KL,25.0,28.04169749627915,1.121667899851166,6.63247669856045e-15,1.808857281425578e-15
F2global_d10_k10_rho1,FR--KL,26.0,29.163365396130317,1.121667899851166,1.808857281425578e-15,1.808857281425578e-15
F2global_d10_k10_rho1,FR--KL,27.0,30.28503329598148,1.121667899851166,6.029524271418591e-16,1.808857281425578e-15
F2global_d10_k10_rho1,FR--KL,28.0,31.406701195832646,1.121667899851166,6.029524271418591e-16,1.808857281425578e-15
F2global_d10_k10_rho1,FR--KL,29.0,32.528369095683814,1.121667899851166,-6.029524271418591e-16,1.808857281425578e-15
F2global_d10_k10_rho1,FR--KL,30.0,33.65003699553498,1.121667899851166,0.0,1.808857281425578e-15
F2global_d10_k10_rho1,FR--KL,31.0,34.771704895386144,1.121667899851166,0.0,1.808857281425578e-15
F2global_d10_k10_rho1,FR--KL,32.0,35.89337279523731,1.121667899851166,0.0,1.808857281425578e-15
F2global_d10_k10_rho1,FR--KL,33.0,37.01504069508848,1.121667899851166,-6.029524271418591e-16,1.808857281425578e-15
F2global_d10_k10_rho1,FR--KL,34.0,38.13670859493964,1.121667899851166,0.0,1.808857281425578e-15
F2global_d10_k10_rho1,FR--KL,35.0,39.25837649479081,1.121667899851166,-6.029524271418591e-16,1.808857281425578e-15
F2global_d10_k10_rho1,FR--KL,36.0,40.38004439464198,1.121667899851166,-6.029524271418591e-16,1.808857281425578e-15
F2global_d10_k10_rho1,FR--KL,37.0,41.50171229449314,1.121667899851166,0.0,1.808857281425578e-15
F2global_d10_k10_rho1,FR--KL,38.0,42.62338019434431,1.121667899851166,0.0,1.808857281425578e-15
F2global_d10_k10_rho1,FR--KL,39.0,43.745048094195475,1.121667899851166,-6.029524271418591e-16,1.808857281425578e-15
F2global_d10_k10_rho1,FR--KL,40.0,44.86671599404664,1.121667899851166,0.0,1.808857281425578e-15
F2global_d10_k10_rho1,FR--KL,41.0,45.988383893897804,1.121667899851166,-6.029524271418591e-16,1.808857281425578e-15
F2global_d10_k10_rho1,FR--KL,42.0,47.11005179374897,1.121667899851166,0.0,1.808857281425578e-15
F2global_d10_k10_rho1,FR--KL,43.0,48.23171969360014,1.121667899851166,-6.029524271418591e-16,1.808857281425578e-15
F2global_d10_k10_rho1,FR--KL,44.0,49.3533875934513,1.121667899851166,0.0,1.808857281425578e-15
F2global_d10_k10_rho1,FR--KL,45.0,50.47505549330247,1.121667899851166,0.0,1.808857281425578e-15
F2global_d10_k10_rho1,FR--KL,46.0,51.59672339315364,1.121667899851166,-6.029524271418591e-16,1.808857281425578e-15
F2global_d10_k10_rho1,FR--KL,47.0,52.7183912930048,1.121667899851166,0.0,1.808857281425578e-15
F2global_d10_k10_rho1,FR--KL,48.0,53.84005919285597,1.121667899851166,0.0,1.808857281425578e-15
F2global_d10_k10_rho1,FR--KL,49.0,54.961727092707136,1.121667899851166,-1.2059048542837183e-15,1.808857281425578e-15
F2global_d10_k10_rho1,FR--KL,50.0,56.0833949925583,1.121667899851166,-6.029524271418591e-16,1.808857281425578e-15
F2global_d10_k10_rho1,FR--KL,51.0,57.205062892409465,1.121667899851166,6.029524271418591e-16,1.808857281425578e-15
F2global_d10_k10_rho1,FR--KL,52.0,58.32673079226063,1.121667899851166,0.0,1.808857281425578e-15
F2global_d10_k10_rho1,FR--KL,53.0,59.448398692111795,1.121667899851166,-6.029524271418591e-16,1.808857281425578e-15
F2global_d10_k10_rho1,FR--KL,54.0,60.57006659196296,1.121667899851166,-6.029524271418591e-16,1.808857281425578e-15
F2global_d10_k10_rho1,FR--KL,55.0,61.69173449181413,1.121667899851166,0.0,1.808857281425578e-15
F2global_d10_k10_rho1,FR--KL,56.0,62.81340239166529,1.121667899851166,-6.029524271418591e-16,1.808857281425578e-15
F2global_d10_k10_rho1,FR--KL,57.0,63.93507029151646,1.121667899851166,-6.029524271418591e-16,1.808857281425578e-15
F2global_d10_k10_rho1,FR--KL,58.0,65.05673819136763,1.121667899851166,-6.029524271418591e-16,1.808857281425578e-15
F2global_d10_k10_rho1,FR--KL,59.0,66.17840609121879,1.121667899851166,-6.029524271418591e-16,1.808857281425578e-15
F2global_d10_k10_rho1,FR--KL,60.0,67.30007399106997,1.121667899851166,-6.029524271418591e-16,1.808857281425578e-15
F2global_d10_k10_rho1,FR--KL,61.0,68.42174189092113,1.121667899851166,-6.029524271418591e-16,1.808857281425578e-15
F2global_d10_k10_rho1,FR--KL,62.0,69.54340979077229,1.121667899851166,0.0,1.808857281425578e-15
F2global_d10_k10_rho1,FR--KL,63.0,70.66507769062346,1.121667899851166,0.0,1.808857281425578e-15
F2global_d10_k10_rho1,FR--KL,64.0,71.78674559047462,1.121667899851166,0.0,1.808857281425578e-15
F2global_d10_k10_rho1,FR--KL,65.0,72.90841349032578,1.121667899851166,-6.029524271418591e-16,1.808857281425578e-15
F2global_d10_k10_rho1,FR--KL,66.0,74.03008139017696,1.121667899851166,-6.029524271418591e-16,1.808857281425578e-15
F2global_d10_k10_rho1,FR--KL,67.0,75.15174929002812,1.121667899851166,-6.029524271418591e-16,1.808857281425578e-15
F2global_d10_k10_rho1,FR--KL,68.0,76.27341718987928,1.121667899851166,-6.029524271418591e-16,1.808857281425578e-15
F2global_d10_k10_rho1,FR--KL,69.0,77.39508508973046,1.121667899851166,-6.029524271418591e-16,1.808857281425578e-15
F2global_d10_k10_rho1,FR--KL,70.0,78.51675298958162,1.121667899851166,-6.029524271418591e-16,1.808857281425578e-15
F2global_d10_k10_rho1,FR--KL,71.0,79.63842088943278,1.121667899851166,-6.029524271418591e-16,1.808857281425578e-15
F2global_d10_k10_rho1,FR--KL,72.0,80.76008878928396,1.121667899851166,-6.029524271418591e-16,1.808857281425578e-15
F2global_d10_k10_rho1,FR--KL,73.0,81.88175668913512,1.121667899851166,-6.029524271418591e-16,1.808857281425578e-15
F2global_d10_k10_rho1,FR--KL,74.0,83.00342458898628,1.121667899851166,-6.029524271418591e-16,1.808857281425578e-15
F2global_d10_k10_rho1,FR--KL,75.0,84.12509248883745,1.121667899851166,-6.029524271418591e-16,1.808857281425578e-15
F2global_d10_k10_rho1,FR--KL,76.0,85.24676038868861,1.121667899851166,-6.029524271418591e-16,1.808857281425578e-15
F2global_d10_k10_rho1,FR--KL,77.0,86.36842828853977,1.121667899851166,-6.029524271418591e-16,1.808857281425578e-15
F2global_d10_k10_rho1,FR--KL,78.0,87.49009618839095,1.121667899851166,-6.029524271418591e-16,1.808857281425578e-15
F2global_d10_k10_rho1,FR--KL,79.0,88.61176408824211,1.121667899851166,-6.029524271418591e-16,1.808857281425578e-15
F2global_d10_k10_rho1,FR--KL,80.0,89.73343198809329,1.121667899851166,-6.029524271418591e-16,1.808857281425578e-15
F2global_d10_k10_rho1,FR--KL,81.0,90.85509988794445,1.121667899851166,-6.029524271418591e-16,1.808857281425578e-15
F2global_d10_k10_rho1,FR--KL,82.0,91.97676778779561,1.121667899851166,-6.029524271418591e-16,1.808857281425578e-15
F2global_d10_k10_rho1,FR--KL,83.0,93.09843568764678,1.121667899851166,-6.029524271418591e-16,1.808857281425578e-15
F2global_d10_k10_rho1,FR--KL,84.0,94.22010358749795,1.121667899851166,-6.029524271418591e-16,1.808857281425578e-15
F2global_d10_k10_rho1,FR--KL,85.0,95.3417714873491,1.121667899851166,-6.029524271418591e-16,1.808857281425578e-15
F2global_d10_k10_rho1,FR--KL,86.0,96.46343938720028,1.121667899851166,-6.029524271418591e-16,1.808857281425578e-15
F2global_d10_k10_rho1,FR--KL,87.0,97.58510728705144,1.121667899851166,-6.029524271418591e-16,1.808857281425578e-15
F2global_d10_k10_rho1,FR--KL,88.0,98.7067751869026,1.121667899851166,-6.029524271418591e-16,1.808857281425578e-15
F2global_d10_k10_rho1,FR--KL,89.0,99.82844308675378,1.121667899851166,-6.029524271418591e-16,1.808857281425578e-15
F2global_d10_k10_rho1,FR--KL,90.0,100.95011098660494,1.121667899851166,-6.029524271418591e-16,1.808857281425578e-15
F2global_d10_k10_rho1,FR--KL,91.0,102.0717788864561,1.121667899851166,-6.029524271418591e-16,1.808857281425578e-15
F2global_d10_k10_rho1,FR--KL,92.0,103.19344678630728,1.121667899851166,-6.029524271418591e-16,1.808857281425578e-15
F2global_d10_k10_rho1,FR--KL,93.0,104.31511468615844,1.121667899851166,-6.029524271418591e-16,1.808857281425578e-15
F2global_d10_k10_rho1,FR--KL,94.0,105.4367825860096,1.121667899851166,-6.029524271418591e-16,1.808857281425578e-15
F2global_d10_k10_rho1,FR--KL,95.0,106.55845048586077,1.121667899851166,-6.029524271418591e-16,1.808857281425578e-15
F2global_d10_k10_rho1,FR--KL,96.0,107.68011838571194,1.121667899851166,-6.029524271418591e-16,1.808857281425578e-15
F2global_d10_k10_rho1,FR--KL,97.0,108.8017862855631,1.121667899851166,-6.029524271418591e-16,1.808857281425578e-15
F2global_d10_k10_rho1,FR--KL,98.0,109.92345418541427,1.121667899851166,-6.029524271418591e-16,1.808857281425578e-15
F2global_d10_k10_rho1,FR--KL,99.0,111.04512208526543,1.121667899851166,-6.029524271418591e-16,1.808857281425578e-15
F2global_d10_k10_rho1,FR--KL,100.0,112.1667899851166,1.121667899851166,-6.029524271418591e-16,1.808857281425578e-15
F2global_d10_k10_rho1,FR--KL,101.0,113.28845788496777,1.121667899851166,-6.029524271418591e-16,1.808857281425578e-15
F2global_d10_k10_rho1,FR--KL,102.0,114.41012578481893,1.121667899851166,-6.029524271418591e-16,1.808857281425578e-15
F2global_d10_k10_rho1,FR--KL,103.0,115.53179368467009,1.121667899851166,-6.029524271418591e-16,1.808857281425578e-15
F2global_d10_k10_rho1,FR--KL,104.0,116.65346158452127,1.121667899851166,-6.029524271418591e-16,1.808857281425578e-15
F2global_d10_k10_rho1,FR--KL,105.0,117.77512948437243,1.121667899851166,-6.029524271418591e-16,1.808857281425578e-15
F2global_d10_k10_rho1,FR--KL,106.0,118.89679738422359,1.121667899851166,-6.029524271418591e-16,1.808857281425578e-15
F2global_d10_k10_rho1,FR--KL,107.0,120.01846528407476,1.121667899851166,-6.029524271418591e-16,1.808857281425578e-15
F2global_d10_k10_rho1,FR--KL,108.0,121.14013318392593,1.121667899851166,-6.029524271418591e-16,1.808857281425578e-15
F2global_d10_k10_rho1,FR--KL,109.0,122.26180108377709,1.121667899851166,-6.029524271418591e-16,1.808857281425578e-15
F2global_d10_k10_rho1,FR--KL,110.0,123.38346898362826,1.121667899851166,-6.029524271418591e-16,1.808857281425578e-15
F2global_d10_k10_rho1,FR--KL,111.0,124.50513688347942,1.121667899851166,-6.029524271418591e-16,1.808857281425578e-15
F2global_d10_k10_rho1,FR--KL,112.0,125.62680478333058,1.121667899851166,-6.029524271418591e-16,1.808857281425578e-15
F2global_d10_k10_rho1,FR--KL,113.0,126.74847268318176,1.121667899851166,-6.029524271418591e-16,1.808857281425578e-15
F2global_d10_k10_rho1,FR--KL,114.0,127.87014058303292,1.121667899851166,-6.029524271418591e-16,1.808857281425578e-15
F2global_d10_k10_rho1,FR--KL,115.0,128.9918084828841,1.121667899851166,-6.029524271418591e-16,1.808857281425578e-15
F2global_d10_k10_rho1,FR--KL,116.0,130.11347638273526,1.121667899851166,-6.029524271418591e-16,1.808857281425578e-15
F2global_d10_k10_rho1,FR--KL,117.0,131.23514428258642,1.121667899851166,-6.029524271418591e-16,1.808857281425578e-15
F2global_d10_k10_rho1,FR--KL,118.0,132.35681218243758,1.121667899851166,-6.029524271418591e-16,1.808857281425578e-15
F2global_d10_k10_rho1,FR--KL,119.0,133.47848008228874,1.121667899851166,-6.029524271418591e-16,1.808857281425578e-15
F2global_d10_k10_rho1,FR--KL,120.0,134.60014798213993,1.121667899851166,-6.029524271418591e-16,1.808857281425578e-15
F2global_d10_k10_rho1,FR--KL,121.0,135.7218158819911,1.121667899851166,-6.029524271418591e-16,1.808857281425578e-15
F2global_d10_k10_rho1,FR--KL,122.0,136.84348378184225,1.121667899851166,-6.029524271418591e-16,1.808857281425578e-15
F2global_d10_k10_rho1,FR--KL,123.0,137.9651516816934,1.121667899851166,-6.029524271418591e-16,1.808857281425578e-15
F2global_d10_k10_rho1,FR--KL,124.0,139.08681958154457,1.121667899851166,-6.029524271418591e-16,1.808857281425578e-15
F2global_d10_k10_rho1,FR--KL,125.0,140.20848748139574,1.121667899851166,-6.029524271418591e-16,1.808857281425578e-15
F2global_d10_k10_rho1,FR--KL,126.0,141.33015538124693,1.121667899851166,-6.029524271418591e-16,1.808857281425578e-15
F2global_d10_k10_rho1,FR--KL,127.0,142.4518232810981,1.121667899851166,-6.029524271418591e-16,1.808857281425578e-15
F2global_d10_k10_rho1,FR--KL,128.0,143.57349118094925,1.121667899851166,-6.029524271418591e-16,1.808857281425578e-15
F2global_d10_k10_rho1,FR--KL,129.0,144.6951590808004,1.121667899851166,-6.029524271418591e-16,1.808857281425578e-15
F2global_d10_k10_rho1,FR--KL,130.0,145.81682698065157,1.121667899851166,-6.029524271418591e-16,1.808857281425578e-15
F2global_d10_k10_rho1,FR--KL,131.0,146.93849488050276,1.121667899851166,-6.029524271418591e-16,1.808857281425578e-15
F2global_d10_k10_rho1,FR--KL,132.0,148.06016278035392,1.121667899851166,-6.029524271418591e-16,1.808857281425578e-15
F2global_d10_k10_rho1,FR--KL,133.0,149.18183068020508,1.121667899851166,-6.029524271418591e-16,1.808857281425578e-15
F2global_d10_k10_rho1,FR--KL,134.0,150.30349858005624,1.121667899851166,-6.029524271418591e-16,1.808857281425578e-15
F2global_d10_k10_rho1,FR--KL,135.0,151.4251664799074,1.121667899851166,-6.029524271418591e-16,1.808857281425578e-15
F2global_d10_k10_rho1,FR--KL,136.0,152.54683437975856,1.121667899851166,-6.029524271418591e-16,1.808857281425578e-15
F2global_d10_k10_rho1,FR--KL,137.0,153.66850227960975,1.121667899851166,-6.029524271418591e-16,1.808857281425578e-15
F2global_d10_k10_rho1,FR--KL,138.0,154.79017017946092,1.121667899851166,-6.029524271418591e-16,1.808857281425578e-15
F2global_d10_k10_rho1,FR--KL,139.0,155.91183807931208,1.121667899851166,-6.029524271418591e-16,1.808857281425578e-15
F2global_d10_k10_rho1,FR--KL,140.0,157.03350597916324,1.121667899851166,-6.029524271418591e-16,1.808857281425578e-15
F2global_d10_k10_rho1,FR--KL,141.0,158.1551738790144,1.121667899851166,-6.029524271418591e-16,1.808857281425578e-15
F2global_d10_k10_rho1,FR--KL,142.0,159.27684177886556,1.121667899851166,-6.029524271418591e-16,1.808857281425578e-15
F2global_d10_k10_rho1,FR--KL,143.0,160.39850967871675,1.121667899851166,-6.029524271418591e-16,1.808857281425578e-15
F2global_d10_k10_rho1,FR--KL,144.0,161.5201775785679,1.121667899851166,-6.029524271418591e-16,1.808857281425578e-15
F2global_d10_k10_rho1,FR--KL,145.0,162.64184547841907,1.121667899851166,-6.029524271418591e-16,1.808857281425578e-15
F2global_d10_k10_rho1,FR--KL,146.0,163.76351337827023,1.121667899851166,-6.029524271418591e-16,1.808857281425578e-15
F2global_d10_k10_rho1,FR--KL,147.0,164.8851812781214,1.121667899851166,-6.029524271418591e-16,1.808857281425578e-15
F2global_d10_k10_rho1,FR--KL,148.0,166.00684917797255,1.121667899851166,-6.029524271418591e-16,1.808857281425578e-15
F2global_d10_k10_rho1,FR--KL,149.0,167.12851707782374,1.121667899851166,-6.029524271418591e-16,1.808857281425578e-15
F2global_d10_k10_rho1,FR--KL,150.0,168.2501849776749,1.121667899851166,-6.029524271418591e-16,1.808857281425578e-15
F2global_d10_k10_rho1,FR--KL,151.0,169.37185287752607,1.121667899851166,-6.029524271418591e-16,1.808857281425578e-15
F2global_d10_k10_rho1,FR--KL,152.0,170.49352077737723,1.121667899851166,-6.029524271418591e-16,1.808857281425578e-15
F2global_d10_k10_rho1,FR--KL,153.0,171.6151886772284,1.121667899851166,-6.029524271418591e-16,1.808857281425578e-15
F2global_d10_k10_rho1,FR--KL,154.0,172.73685657707955,1.121667899851166,-6.029524271418591e-16,1.808857281425578e-15
F2global_d10_k10_rho1,FR--KL,155.0,173.85852447693074,1.121667899851166,-6.029524271418591e-16,1.808857281425578e-15
F2global_d10_k10_rho1,FR--KL,156.0,174.9801923767819,1.121667899851166,-6.029524271418591e-16,1.808857281425578e-15
F2global_d10_k10_rho1,FR--KL,157.0,176.10186027663306,1.121667899851166,-6.029524271418591e-16,1.808857281425578e-15
F2global_d10_k10_rho1,FR--KL,158.0,177.22352817648422,1.121667899851166,-6.029524271418591e-16,1.808857281425578e-15
F2global_d10_k10_rho1,FR--KL,159.0,178.34519607633538,1.121667899851166,-6.029524271418591e-16,1.808857281425578e-15
F2global_d10_k10_rho1,FR--KL,160.0,179.46686397618657,1.121667899851166,-6.029524271418591e-16,1.808857281425578e-15
F2global_d10_k10_rho1,FR--KL,161.0,180.58853187603773,1.121667899851166,-6.029524271418591e-16,1.808857281425578e-15
F2global_d10_k10_rho1,FR--KL,162.0,181.7101997758889,1.121667899851166,-6.029524271418591e-16,1.808857281425578e-15
F2global_d10_k10_rho1,FR--KL,163.0,182.83186767574006,1.121667899851166,-6.029524271418591e-16,1.808857281425578e-15
F2global_d10_k10_rho1,FR--KL,164.0,183.95353557559122,1.121667899851166,-6.029524271418591e-16,1.808857281425578e-15
F2global_d10_k10_rho1,FR--KL,165.0,185.07520347544238,1.121667899851166,-6.029524271418591e-16,1.808857281425578e-15
F2global_d10_k10_rho1,FR--KL,166.0,186.19687137529357,1.121667899851166,-6.029524271418591e-16,1.808857281425578e-15
F2global_d10_k10_rho1,FR--KL,167.0,187.31853927514473,1.121667899851166,-6.029524271418591e-16,1.808857281425578e-15
F2global_d10_k10_rho1,FR--KL,168.0,188.4402071749959,1.121667899851166,-6.029524271418591e-16,1.808857281425578e-15
F2global_d10_k10_rho1,FR--KL,169.0,189.56187507484705,1.121667899851166,-6.029524271418591e-16,1.808857281425578e-15
F2global_d10_k10_rho1,FR--KL,170.0,190.6835429746982,1.121667899851166,-6.029524271418591e-16,1.808857281425578e-15
F2global_d10_k10_rho1,FR--KL,171.0,191.80521087454937,1.121667899851166,-6.029524271418591e-16,1.808857281425578e-15
F2global_d10_k10_rho1,FR--KL,172.0,192.92687877440056,1.121667899851166,-6.029524271418591e-16,1.808857281425578e-15
F2global_d10_k10_rho1,FR--KL,173.0,194.04854667425172,1.121667899851166,-6.029524271418591e-16,1.808857281425578e-15
F2global_d10_k10_rho1,FR--KL,174.0,195.17021457410289,1.121667899851166,-6.029524271418591e-16,1.808857281425578e-15
F2global_d10_k10_rho1,FR--KL,175.0,196.29188247395405,1.121667899851166,-6.029524271418591e-16,1.808857281425578e-15
F2global_d10_k10_rho1,FR--KL,176.0,197.4135503738052,1.121667899851166,-6.029524271418591e-16,1.808857281425578e-15
F2global_d10_k10_rho1,FR--KL,177.0,198.53521827365637,1.121667899851166,-6.029524271418591e-16,1.808857281425578e-15
F2global_d10_k10_rho1,FR--KL,178.0,199.65688617350756,1.121667899851166,-6.029524271418591e-16,1.808857281425578e-15
F2global_d10_k10_rho1,FR--KL,179.0,200.77855407335872,1.121667899851166,-6.029524271418591e-16,1.808857281425578e-15
F2global_d10_k10_rho1,FR--KL,180.0,201.90022197320988,1.121667899851166,-6.029524271418591e-16,1.808857281425578e-15
F2global_d10_k10_rho1,FR--KL,181.0,203.02188987306104,1.121667899851166,-6.029524271418591e-16,1.808857281425578e-15
F2global_d10_k10_rho1,FR--KL,182.0,204.1435577729122,1.121667899851166,-6.029524271418591e-16,1.808857281425578e-15
F2global_d10_k10_rho1,FR--KL,183.0,205.26522567276336,1.121667899851166,-6.029524271418591e-16,1.808857281425578e-15
F2global_d10_k10_rho1,FR--KL,184.0,206.38689357261455,1.121667899851166,-6.029524271418591e-16,1.808857281425578e-15
F2global_d10_k10_rho1,FR--KL,185.0,207.50856147246571,1.121667899851166,-6.029524271418591e-16,1.808857281425578e-15
F2global_d10_k10_rho1,FR--KL,186.0,208.63022937231688,1.121667899851166,-6.029524271418591e-16,1.808857281425578e-15
F2global_d10_k10_rho1,FR--KL,187.0,209.75189727216804,1.121667899851166,-6.029524271418591e-16,1.808857281425578e-15
F2global_d10_k10_rho1,FR--KL,188.0,210.8735651720192,1.121667899851166,-6.029524271418591e-16,1.808857281425578e-15
F2global_d10_k10_rho1,FR--KL,189.0,211.99523307187036,1.121667899851166,-6.029524271418591e-16,1.808857281425578e-15
F2global_d10_k10_rho1,FR--KL,190.0,213.11690097172155,1.121667899851166,-6.029524271418591e-16,1.808857281425578e-15
F2global_d10_k10_rho1,FR--KL,191.0,214.2385688715727,1.121667899851166,-6.029524271418591e-16,1.808857281425578e-15
F2global_d10_k10_rho1,FR--KL,192.0,215.36023677142387,1.121667899851166,-6.029524271418591e-16,1.808857281425578e-15
F2global_d10_k10_rho1,FR--KL,193.0,216.48190467127503,1.121667899851166,-6.029524271418591e-16,1.808857281425578e-15
F2global_d10_k10_rho1,FR--KL,194.0,217.6035725711262,1.121667899851166,-6.029524271418591e-16,1.808857281425578e-15
F2global_d10_k10_rho1,FR--KL,195.0,218.72524047097738,1.121667899851166,-6.029524271418591e-16,1.808857281425578e-15
F2global_d10_k10_rho1,FR--KL,196.0,219.84690837082854,1.121667899851166,-6.029524271418591e-16,1.808857281425578e-15
F2global_d10_k10_rho1,FR--KL,197.0,220.9685762706797,1.121667899851166,-6.029524271418591e-16,1.808857281425578e-15
F2global_d10_k10_rho1,FR--KL,198.0,222.09024417053087,1.121667899851166,-6.029524271418591e-16,1.808857281425578e-15
F2global_d10_k10_rho1,FR--KL,199.0,223.21191207038203,1.121667899851166,-6.029524271418591e-16,1.808857281425578e-15
F2global_d10_k10_rho1,FR--KL,200.0,224.3335799702332,1.121667899851166,-6.029524271418591e-16,1.808857281425578e-15
F2global_d10_k10_rho1,FR--KL,201.0,225.45524787008438,1.121667899851166,-6.029524271418591e-16,1.808857281425578e-15
F2global_d10_k10_rho1,FR--KL,202.0,226.57691576993554,1.121667899851166,-6.029524271418591e-16,1.808857281425578e-15
F2global_d10_k10_rho1,FR--KL,203.0,227.6985836697867,1.121667899851166,-6.029524271418591e-16,1.808857281425578e-15
F2global_d10_k10_rho1,FR--KL,204.0,228.82025156963786,1.121667899851166,-6.029524271418591e-16,1.808857281425578e-15
F2global_d10_k10_rho1,FR--KL,205.0,229.94191946948902,1.121667899851166,-6.029524271418591e-16,1.808857281425578e-15
F2global_d10_k10_rho1,FR--KL,206.0,231.06358736934018,1.121667899851166,-6.029524271418591e-16,1.808857281425578e-15
F2global_d10_k10_rho1,FR--KL,207.0,232.18525526919137,1.121667899851166,-6.029524271418591e-16,1.808857281425578e-15
F2global_d10_k10_rho1,FR--KL,208.0,233.30692316904253,1.121667899851166,-6.029524271418591e-16,1.808857281425578e-15
F2global_d10_k10_rho1,FR--KL,209.0,234.4285910688937,1.121667899851166,-6.029524271418591e-16,1.808857281425578e-15
F2global_d10_k10_rho1,FR--KL,210.0,235.55025896874486,1.121667899851166,-6.029524271418591e-16,1.808857281425578e-15
F2global_d10_k10_rho1,FR--KL,211.0,236.67192686859602,1.121667899851166,-6.029524271418591e-16,1.808857281425578e-15
F2global_d10_k10_rho1,FR--KL,212.0,237.79359476844718,1.121667899851166,-6.029524271418591e-16,1.808857281425578e-15
F2global_d10_k10_rho1,FR--KL,213.0,238.91526266829837,1.121667899851166,-6.029524271418591e-16,1.808857281425578e-15
F2global_d10_k10_rho1,FR--KL,214.0,240.03693056814953,1.121667899851166,-6.029524271418591e-16,1.808857281425578e-15
F2global_d10_k10_rho1,FR--KL,215.0,241.1585984680007,1.121667899851166,-6.029524271418591e-16,1.808857281425578e-15
F2global_d10_k10_rho1,FR--KL,216.0,242.28026636785185,1.121667899851166,-6.029524271418591e-16,1.808857281425578e-15
F2global_d10_k10_rho1,FR--KL,217.0,243.401934267703,1.121667899851166,-6.029524271418591e-16,1.808857281425578e-15
F2global_d10_k10_rho1,FR--KL,218.0,244.52360216755417,1.121667899851166,-6.029524271418591e-16,1.808857281425578e-15
F2global_d10_k10_rho1,FR--KL,219.0,245.64527006740536,1.121667899851166,-6.029524271418591e-16,1.808857281425578e-15
F2global_d10_k10_rho1,FR--KL,220.0,246.76693796725652,1.121667899851166,-6.029524271418591e-16,1.808857281425578e-15
F2global_d10_k10_rho1,FR--KL,221.0,247.88860586710769,1.121667899851166,-6.029524271418591e-16,1.808857281425578e-15
F2global_d10_k10_rho1,FR--KL,222.0,249.01027376695885,1.121667899851166,-6.029524271418591e-16,1.808857281425578e-15
F2global_d10_k10_rho1,FR--KL,223.0,250.13194166681,1.121667899851166,-6.029524271418591e-16,1.808857281425578e-15
F2global_d10_k10_rho1,FR--KL,224.0,251.25360956666117,1.121667899851166,-6.029524271418591e-16,1.808857281425578e-15
F2global_d10_k10_rho1,FR--KL,225.0,252.37527746651236,1.121667899851166,-6.029524271418591e-16,1.808857281425578e-15
F2global_d10_k10_rho1,FR--KL,226.0,253.49694536636352,1.121667899851166,-6.029524271418591e-16,1.808857281425578e-15
F2global_d10_k10_rho1,FR--KL,227.0,254.61861326621468,1.121667899851166,-6.029524271418591e-16,1.808857281425578e-15
F2global_d10_k10_rho1,FR--KL,228.0,255.74028116606584,1.121667899851166,-6.029524271418591e-16,1.808857281425578e-15
F2global_d10_k10_rho1,FR--KL,229.0,256.86194906591703,1.121667899851166,-6.029524271418591e-16,1.808857281425578e-15
F2global_d10_k10_rho1,FR--KL,230.0,257.9836169657682,1.121667899851166,-6.029524271418591e-16,1.808857281425578e-15
F2global_d10_k10_rho1,FR--KL,231.0,259.10528486561935,1.121667899851166,-6.029524271418591e-16,1.808857281425578e-15
F2global_d10_k10_rho1,FR--KL,232.0,260.2269527654705,1.121667899851166,-6.029524271418591e-16,1.808857281425578e-15
F2global_d10_k10_rho1,FR--KL,233.0,261.3486206653217,1.121667899851166,-6.029524271418591e-16,1.808857281425578e-15
F2global_d10_k10_rho1,FR--KL,234.0,262.47028856517284,1.121667899851166,-6.029524271418591e-16,1.808857281425578e-15
F2global_d10_k10_rho1,FR--KL,235.0,263.591956465024,1.121667899851166,-6.029524271418591e-16,1.808857281425578e-15
F2global_d10_k10_rho1,FR--KL,236.0,264.71362436487516,1.121667899851166,-6.029524271418591e-16,1.808857281425578e-15
F2global_d10_k10_rho1,FR--KL,237.0,265.8352922647263,1.121667899851166,-6.029524271418591e-16,1.808857281425578e-15
F2global_d10_k10_rho1,FR--KL,238.0,266.9569601645775,1.121667899851166,-6.029524271418591e-16,1.808857281425578e-15
F2global_d10_k10_rho1,FR--KL,239.0,268.0786280644287,1.121667899851166,-6.029524271418591e-16,1.808857281425578e-15
F2global_d10_k10_rho1,FR--KL,240.0,269.20029596427986,1.121667899851166,-6.029524271418591e-16,1.808857281425578e-15
F2global_d10_k10_rho1,FR--KL,241.0,270.321963864131,1.121667899851166,-6.029524271418591e-16,1.808857281425578e-15
F2global_d10_k10_rho1,FR--KL,242.0,271.4436317639822,1.121667899851166,-6.029524271418591e-16,1.808857281425578e-15
F2global_d10_k10_rho1,FR--KL,243.0,272.56529966383334,1.121667899851166,-6.029524271418591e-16,1.808857281425578e-15
F2global_d10_k10_rho1,FR--KL,244.0,273.6869675636845,1.121667899851166,-6.029524271418591e-16,1.808857281425578e-15
F2global_d10_k10_rho1,FR--KL,245.0,274.80863546353567,1.121667899851166,-6.029524271418591e-16,1.808857281425578e-15
F2global_d10_k10_rho1,FR--KL,246.0,275.9303033633868,1.121667899851166,-6.029524271418591e-16,1.808857281425578e-15
F2global_d10_k10_rho1,FR--KL,247.0,277.051971263238,1.121667899851166,-6.029524271418591e-16,1.808857281425578e-15
F2global_d10_k10_rho1,FR--KL,248.0,278.17363916308915,1.121667899851166,-6.029524271418591e-16,1.808857281425578e-15
F2global_d10_k10_rho1,FR--KL,249.0,279.2953070629403,1.121667899851166,-6.029524271418591e-16,1.808857281425578e-15
F2global_d10_k10_rho1,FR--KL,250.0,280.41697496279147,1.121667899851166,-6.029524271418591e-16,1.808857281425578e-15
F2global_d10_k10_rho1,FR--KL,251.0,281.5386428626427,1.121667899851166,-6.029524271418591e-16,1.808857281425578e-15
F2global_d10_k10_rho1,FR--KL,252.0,282.66031076249385,1.121667899851166,-6.029524271418591e-16,1.808857281425578e-15
F2global_d10_k10_rho1,FR--KL,253.0,283.781978662345,1.121667899851166,-6.029524271418591e-16,1.808857281425578e-15
F2global_d10_k10_rho1,FR--KL,254.0,284.9036465621962,1.121667899851166,-6.029524271418591e-16,1.808857281425578e-15
F2global_d10_k10_rho1,FR--KL,255.0,286.02531446204733,1.121667899851166,-6.029524271418591e-16,1.808857281425578e-15
F2global_d10_k10_rho1,FR--KL,256.0,287.1469823618985,1.121667899851166,-6.029524271418591e-16,1.808857281425578e-15
F2global_d10_k10_rho1,FR--KL,257.0,288.26865026174966,1.121667899851166,-6.029524271418591e-16,1.808857281425578e-15
F2global_d10_k10_rho1,FR--KL,258.0,289.3903181616008,1.121667899851166,-6.029524271418591e-16,1.808857281425578e-15
F2global_d10_k10_rho1,FR--KL,259.0,290.511986061452,1.121667899851166,-6.029524271418591e-16,1.808857281425578e-15
F2global_d10_k10_rho1,FR--KL,260.0,291.63365396130314,1.121667899851166,-6.029524271418591e-16,1.808857281425578e-15
F2global_d10_k10_rho1,FR--KL,261.0,292.7553218611543,1.121667899851166,-6.029524271418591e-16,1.808857281425578e-15
F2global_d10_k10_rho1,FR--KL,262.0,293.8769897610055,1.121667899851166,-6.029524271418591e-16,1.808857281425578e-15
F2global_d10_k10_rho1,FR--KL,263.0,294.9986576608567,1.121667899851166,-6.029524271418591e-16,1.808857281425578e-15
F2global_d10_k10_rho1,FR--KL,264.0,296.12032556070784,1.121667899851166,-6.029524271418591e-16,1.808857281425578e-15
F2global_d10_k10_rho1,FR--KL,265.0,297.241993460559,1.121667899851166,-6.029524271418591e-16,1.808857281425578e-15
F2global_d10_k10_rho1,FR--KL,266.0,298.36366136041016,1.121667899851166,-6.029524271418591e-16,1.808857281425578e-15
F2global_d10_k10_rho1,FR--KL,267.0,299.4853292602613,1.121667899851166,-6.029524271418591e-16,1.808857281425578e-15
F2global_d10_k10_rho1,FR--KL,268.0,300.6069971601125,1.121667899851166,-6.029524271418591e-16,1.808857281425578e-15
F2global_d10_k10_rho1,FR--KL,269.0,301.72866505996365,1.121667899851166,-6.029524271418591e-16,1.808857281425578e-15
F2global_d10_k10_rho1,FR--KL,270.0,302.8503329598148,1.121667899851166,-6.029524271418591e-16,1.808857281425578e-15
F2global_d10_k10_rho1,FR--KL,271.0,303.97200085966597,1.121667899851166,-6.029524271418591e-16,1.808857281425578e-15
F2global_d10_k10_rho1,FR--KL,272.0,305.09366875951713,1.121667899851166,-6.029524271418591e-16,1.808857281425578e-15
F2global_d10_k10_rho1,FR--KL,273.0,306.2153366593683,1.121667899851166,-6.029524271418591e-16,1.808857281425578e-15
F2global_d10_k10_rho1,FR--KL,274.0,307.3370045592195,1.121667899851166,-6.029524271418591e-16,1.808857281425578e-15
F2global_d10_k10_rho1,FR--KL,275.0,308.45867245907067,1.121667899851166,-6.029524271418591e-16,1.808857281425578e-15
F2global_d10_k10_rho1,FR--KL,276.0,309.58034035892183,1.121667899851166,-6.029524271418591e-16,1.808857281425578e-15
F2global_d10_k10_rho1,FR--KL,277.0,310.702008258773,1.121667899851166,-6.029524271418591e-16,1.808857281425578e-15
F2global_d10_k10_rho1,FR--KL,278.0,311.82367615862415,1.121667899851166,-6.029524271418591e-16,1.808857281425578e-15
F2global_d10_k10_rho1,FR--KL,279.0,312.9453440584753,1.121667899851166,-6.029524271418591e-16,1.808857281425578e-15
F2global_d10_k10_rho1,FR--KL,280.0,314.0670119583265,1.121667899851166,-6.029524271418591e-16,1.808857281425578e-15
F2global_d10_k10_rho1,FR--KL,281.0,315.18867985817764,1.121667899851166,-6.029524271418591e-16,1.808857281425578e-15
F2global_d10_k10_rho1,FR--KL,282.0,316.3103477580288,1.121667899851166,-6.029524271418591e-16,1.808857281425578e-15
F2global_d10_k10_rho1,FR--KL,283.0,317.43201565787996,1.121667899851166,-6.029524271418591e-16,1.808857281425578e-15
F2global_d10_k10_rho1,FR--KL,284.0,318.5536835577311,1.121667899851166,-6.029524271418591e-16,1.808857281425578e-15
F2global_d10_k10_rho1,FR--KL,285.0,319.6753514575823,1.121667899851166,-6.029524271418591e-16,1.808857281425578e-15
F2global_d10_k10_rho1,FR--KL,286.0,320.7970193574335,1.121667899851166,-6.029524271418591e-16,1.808857281425578e-15
F2global_d10_k10_rho1,FR--KL,287.0,321.91868725728466,1.121667899851166,-6.029524271418591e-16,1.808857281425578e-15
F2global_d10_k10_rho1,FR--KL,288.0,323.0403551571358,1.121667899851166,-6.029524271418591e-16,1.808857281425578e-15
F2global_d10_k10_rho1,FR--KL,289.0,324.162023056987,1.121667899851166,-6.029524271418591e-16,1.808857281425578e-15
F2global_d10_k10_rho1,FR--KL,290.0,325.28369095683814,1.121667899851166,-6.029524271418591e-16,1.808857281425578e-15
F2global_d10_k10_rho1,FR--KL,291.0,326.4053588566893,1.121667899851166,-6.029524271418591e-16,1.808857281425578e-15
F2global_d10_k10_rho1,FR--KL,292.0,327.52702675654047,1.121667899851166,-6.029524271418591e-16,1.808857281425578e-15
F2global_d10_k10_rho1,FR--KL,293.0,328.6486946563916,1.121667899851166,-6.029524271418591e-16,1.808857281425578e-15
F2global_d10_k10_rho1,FR--KL,294.0,329.7703625562428,1.121667899851166,-6.029524271418591e-16,1.808857281425578e-15
F2global_d10_k10_rho1,FR--KL,295.0,330.89203045609395,1.121667899851166,-6.029524271418591e-16,1.808857281425578e-15
F2global_d10_k10_rho1,FR--KL,296.0,332.0136983559451,1.121667899851166,-6.029524271418591e-16,1.808857281425578e-15
F2global_d10_k10_rho1,FR--KL,297.0,333.1353662557963,1.121667899851166,-6.029524271418591e-16,1.808857281425578e-15
F2global_d10_k10_rho1,FR--KL,298.0,334.2570341556475,1.121667899851166,-6.029524271418591e-16,1.808857281425578e-15
F2global_d10_k10_rho1,FR--KL,299.0,335.37870205549865,1.121667899851166,-6.029524271418591e-16,1.808857281425578e-15
F2global_d10_k10_rho1,FR--KL,300.0,336.5003699553498,1.121667899851166,-6.029524271418591e-16,1.808857281425578e-15
F2global_d10_k10_rho1,FR--KL,301.0,337.622037855201,1.121667899851166,-6.029524271418591e-16,1.808857281425578e-15
F2global_d10_k10_rho1,FR--KL,302.0,338.74370575505213,1.121667899851166,-6.029524271418591e-16,1.808857281425578e-15
F2global_d10_k10_rho1,FR--KL,303.0,339.8653736549033,1.121667899851166,-6.029524271418591e-16,1.808857281425578e-15
F2global_d10_k10_rho1,FR--KL,304.0,340.98704155475446,1.121667899851166,-6.029524271418591e-16,1.808857281425578e-15
F2global_d10_k10_rho1,FR--KL,305.0,342.1087094546056,1.121667899851166,-6.029524271418591e-16,1.808857281425578e-15
F2global_d10_k10_rho1,FR--KL,306.0,343.2303773544568,1.121667899851166,-6.029524271418591e-16,1.808857281425578e-15
F2global_d10_k10_rho1,FR--KL,307.0,344.35204525430794,1.121667899851166,-6.029524271418591e-16,1.808857281425578e-15
F2global_d10_k10_rho1,FR--KL,308.0,345.4737131541591,1.121667899851166,-6.029524271418591e-16,1.808857281425578e-15
F2global_d10_k10_rho1,FR--KL,309.0,346.5953810540103,1.121667899851166,-6.029524271418591e-16,1.808857281425578e-15
F2global_d10_k10_rho1,FR--KL,310.0,347.7170489538615,1.121667899851166,-6.029524271418591e-16,1.808857281425578e-15
F2global_d10_k10_rho1,FR--KL,311.0,348.83871685371264,1.121667899851166,-6.029524271418591e-16,1.808857281425578e-15
F2global_d10_k10_rho1,FR--KL,312.0,349.9603847535638,1.121667899851166,-6.029524271418591e-16,1.808857281425578e-15
F2global_d10_k10_rho1,FR--KL,313.0,351.08205265341496,1.121667899851166,-6.029524271418591e-16,1.808857281425578e-15
F2global_d10_k10_rho1,FR--KL,314.0,352.2037205532661,1.121667899851166,-6.029524271418591e-16,1.808857281425578e-15
F2global_d10_k10_rho1,FR--KL,315.0,353.3253884531173,1.121667899851166,-6.029524271418591e-16,1.808857281425578e-15
F2global_d10_k10_rho1,FR--KL,316.0,354.44705635296845,1.121667899851166,-6.029524271418591e-16,1.808857281425578e-15
F2global_d10_k10_rho1,FR--KL,317.0,355.5687242528196,1.121667899851166,-6.029524271418591e-16,1.808857281425578e-15
F2global_d10_k10_rho1,FR--KL,318.0,356.69039215267077,1.121667899851166,-6.029524271418591e-16,1.808857281425578e-15
F2global_d10_k10_rho1,FR--KL,319.0,357.81206005252193,1.121667899851166,-6.029524271418591e-16,1.808857281425578e-15
F2global_d10_k10_rho1,FR--KL,320.0,358.93372795237315,1.121667899851166,-6.029524271418591e-16,1.808857281425578e-15
F2global_d10_k10_rho1,FR--KL,321.0,360.0553958522243,1.121667899851166,-6.029524271418591e-16,1.808857281425578e-15
F2global_d10_k10_rho1,FR--KL,322.0,361.17706375207547,1.121667899851166,-6.029524271418591e-16,1.808857281425578e-15
F2global_d10_k10_rho1,FR--KL,323.0,362.29873165192663,1.121667899851166,-6.029524271418591e-16,1.808857281425578e-15
F2global_d10_k10_rho1,FR--KL,324.0,363.4203995517778,1.121667899851166,-6.029524271418591e-16,1.808857281425578e-15
F2global_d10_k10_rho1,FR--KL,325.0,364.54206745162895,1.121667899851166,-6.029524271418591e-16,1.808857281425578e-15
F2global_d10_k10_rho1,FR--KL,326.0,365.6637353514801,1.121667899851166,-6.029524271418591e-16,1.808857281425578e-15
F2global_d10_k10_rho1,FR--KL,327.0,366.7854032513313,1.121667899851166,-6.029524271418591e-16,1.808857281425578e-15
F2global_d10_k10_rho1,FR--KL,328.0,367.90707115118244,1.121667899851166,-6.029524271418591e-16,1.808857281425578e-15
F2global_d10_k10_rho1,FR--KL,329.0,369.0287390510336,1.121667899851166,-6.029524271418591e-16,1.808857281425578e-15
F2global_d10_k10_rho1,FR--KL,330.0,370.15040695088476,1.121667899851166,-6.029524271418591e-16,1.808857281425578e-15
F2global_d10_k10_rho1,FR--KL,331.0,371.2720748507359,1.121667899851166,-6.029524271418591e-16,1.808857281425578e-15
F2global_d10_k10_rho1,FR--KL,332.0,372.39374275058714,1.121667899851166,-6.029524271418591e-16,1.808857281425578e-15
F2global_d10_k10_rho1,FR--KL,333.0,373.5154106504383,1.121667899851166,-6.029524271418591e-16,1.808857281425578e-15
F2global_d10_k10_rho1,FR--KL,334.0,374.63707855028946,1.121667899851166,-6.029524271418591e-16,1.808857281425578e-15
F2global_d10_k10_rho1,FR--KL,335.0,375.7587464501406,1.121667899851166,-6.029524271418591e-16,1.808857281425578e-15
F2global_d10_k10_rho1,FR--KL,336.0,376.8804143499918,1.121667899851166,-6.029524271418591e-16,1.808857281425578e-15
F2global_d10_k10_rho1,FR--KL,337.0,378.00208224984294,1.121667899851166,-6.029524271418591e-16,1.808857281425578e-15
F2global_d10_k10_rho1,FR--KL,338.0,379.1237501496941,1.121667899851166,-6.029524271418591e-16,1.808857281425578e-15
F2global_d10_k10_rho1,FR--KL,339.0,380.24541804954526,1.121667899851166,-6.029524271418591e-16,1.808857281425578e-15
F2global_d10_k10_rho1,FR--KL,340.0,381.3670859493964,1.121667899851166,-6.029524271418591e-16,1.808857281425578e-15
F2global_d10_k10_rho1,FR--KL,341.0,382.4887538492476,1.121667899851166,-6.029524271418591e-16,1.808857281425578e-15
F2global_d10_k10_rho1,FR--KL,342.0,383.61042174909875,1.121667899851166,-6.029524271418591e-16,1.808857281425578e-15
F2global_d10_k10_rho1,FR--KL,343.0,384.7320896489499,1.121667899851166,-6.029524271418591e-16,1.808857281425578e-15
F2global_d10_k10_rho1,FR--KL,344.0,385.8537575488011,1.121667899851166,-6.029524271418591e-16,1.808857281425578e-15
F2global_d10_k10_rho1,FR--KL,345.0,386.9754254486523,1.121667899851166,-6.029524271418591e-16,1.808857281425578e-15
F2global_d10_k10_rho1,FR--KL,346.0,388.09709334850345,1.121667899851166,-6.029524271418591e-16,1.808857281425578e-15
F2global_d10_k10_rho1,FR--KL,347.0,389.2187612483546,1.121667899851166,-6.029524271418591e-16,1.808857281425578e-15
F2global_d10_k10_rho1,FR--KL,348.0,390.34042914820577,1.121667899851166,-6.029524271418591e-16,1.808857281425578e-15
F2global_d10_k10_rho1,FR--KL,349.0,391.46209704805693,1.121667899851166,-6.029524271418591e-16,1.808857281425578e-15
F2global_d10_k10_rho1,FR--KL,350.0,392.5837649479081,1.121667899851166,-6.029524271418591e-16,1.808857281425578e-15
F2global_d10_k10_rho1,FR--KL,351.0,393.70543284775925,1.121667899851166,-6.029524271418591e-16,1.808857281425578e-15
F2global_d10_k10_rho1,FR--KL,352.0,394.8271007476104,1.121667899851166,-6.029524271418591e-16,1.808857281425578e-15
F2global_d10_k10_rho1,FR--KL,353.0,395.9487686474616,1.121667899851166,-6.029524271418591e-16,1.808857281425578e-15
F2global_d10_k10_rho1,FR--KL,354.0,397.07043654731274,1.121667899851166,-6.029524271418591e-16,1.808857281425578e-15
F2global_d10_k10_rho1,FR--KL,355.0,398.19210444716396,1.121667899851166,-6.029524271418591e-16,1.808857281425578e-15
F2global_d10_k10_rho1,FR--KL,356.0,399.3137723470151,1.121667899851166,-6.029524271418591e-16,1.808857281425578e-15
F2global_d10_k10_rho1,FR--KL,357.0,400.4354402468663,1.121667899851166,-6.029524271418591e-16,1.808857281425578e-15
F2global_d10_k10_rho1,FR--KL,358.0,401.55710814671744,1.121667899851166,-6.029524271418591e-16,1.808857281425578e-15
F2global_d10_k10_rho1,FR--KL,359.0,402.6787760465686,1.121667899851166,-6.029524271418591e-16,1.808857281425578e-15
F2global_d10_k10_rho1,FR--KL,360.0,403.80044394641976,1.121667899851166,-6.029524271418591e-16,1.808857281425578e-15
F2global_d10_k10_rho1,FR--KL,361.0,404.9221118462709,1.121667899851166,-6.029524271418591e-16,1.808857281425578e-15
F2global_d10_k10_rho1,FR--KL,362.0,406.0437797461221,1.121667899851166,-6.029524271418591e-16,1.808857281425578e-15
F2global_d10_k10_rho1,FR--KL,363.0,407.16544764597325,1.121667899851166,-6.029524271418591e-16,1.808857281425578e-15
F2global_d10_k10_rho1,FR--KL,364.0,408.2871155458244,1.121667899851166,-6.029524271418591e-16,1.808857281425578e-15
F2global_d10_k10_rho1,FR--KL,365.0,409.40878344567557,1.121667899851166,-6.029524271418591e-16,1.808857281425578e-15
F2global_d10_k10_rho1,FR--KL,366.0,410.5304513455267,1.121667899851166,-6.029524271418591e-16,1.808857281425578e-15
F2global_d10_k10_rho1,FR--KL,367.0,411.65211924537795,1.121667899851166,-6.029524271418591e-16,1.808857281425578e-15
F2global_d10_k10_rho1,FR--KL,368.0,412.7737871452291,1.121667899851166,-6.029524271418591e-16,1.808857281425578e-15
F2global_d10_k10_rho1,FR--KL,369.0,413.89545504508027,1.121667899851166,-6.029524271418591e-16,1.808857281425578e-15
F2global_d10_k10_rho1,FR--KL,370.0,415.01712294493143,1.121667899851166,-6.029524271418591e-16,1.808857281425578e-15
F2global_d10_k10_rho1,FR--KL,371.0,416.1387908447826,1.121667899851166,-6.029524271418591e-16,1.808857281425578e-15
F2global_d10_k10_rho1,FR--KL,372.0,417.26045874463375,1.121667899851166,-6.029524271418591e-16,1.808857281425578e-15
F2global_d10_k10_rho1,FR--KL,373.0,418.3821266444849,1.121667899851166,-6.029524271418591e-16,1.808857281425578e-15
F2global_d10_k10_rho1,FR--KL,374.0,419.5037945443361,1.121667899851166,-6.029524271418591e-16,1.808857281425578e-15
F2global_d10_k10_rho1,FR--KL,375.0,420.62546244418724,1.121667899851166,-6.029524271418591e-16,1.808857281425578e-15
F2global_d10_k10_rho1,FR--KL,376.0,421.7471303440384,1.121667899851166,-6.029524271418591e-16,1.808857281425578e-15
F2global_d10_k10_rho1,FR--KL,377.0,422.86879824388956,1.121667899851166,-6.029524271418591e-16,1.808857281425578e-15
F2global_d10_k10_rho1,FR--KL,378.0,423.9904661437407,1.121667899851166,-6.029524271418591e-16,1.808857281425578e-15
F2global_d10_k10_rho1,FR--KL,379.0,425.11213404359194,1.121667899851166,-6.029524271418591e-16,1.808857281425578e-15
F2global_d10_k10_rho1,FR--KL,380.0,426.2338019434431,1.121667899851166,-6.029524271418591e-16,1.808857281425578e-15
F2global_d10_k10_rho1,FR--KL,381.0,427.35546984329426,1.121667899851166,-6.029524271418591e-16,1.808857281425578e-15
F2global_d10_k10_rho1,FR--KL,382.0,428.4771377431454,1.121667899851166,-6.029524271418591e-16,1.808857281425578e-15
F2global_d10_k10_rho1,FR--KL,383.0,429.5988056429966,1.121667899851166,-6.029524271418591e-16,1.808857281425578e-15
F2global_d10_k10_rho1,FR--KL,384.0,430.72047354284774,1.121667899851166,-6.029524271418591e-16,1.808857281425578e-15
F2global_d10_k10_rho1,FR--KL,385.0,431.8421414426989,1.121667899851166,-6.029524271418591e-16,1.808857281425578e-15
F2global_d10_k10_rho1,FR--KL,386.0,432.96380934255006,1.121667899851166,-6.029524271418591e-16,1.808857281425578e-15
F2global_d10_k10_rho1,FR--KL,387.0,434.0854772424012,1.121667899851166,-6.029524271418591e-16,1.808857281425578e-15
F2global_d10_k10_rho1,FR--KL,388.0,435.2071451422524,1.121667899851166,-6.029524271418591e-16,1.808857281425578e-15
F2global_d10_k10_rho1,FR--KL,389.0,436.32881304210355,1.121667899851166,-6.029524271418591e-16,1.808857281425578e-15
F2global_d10_k10_rho1,FR--KL,390.0,437.45048094195477,1.121667899851166,-6.029524271418591e-16,1.808857281425578e-15
F2global_d10_k10_rho1,FR--KL,391.0,438.5721488418059,1.121667899851166,-6.029524271418591e-16,1.808857281425578e-15
F2global_d10_k10_rho1,FR--KL,392.0,439.6938167416571,1.121667899851166,-6.029524271418591e-16,1.808857281425578e-15
F2global_d10_k10_rho1,FR--KL,393.0,440.81548464150825,1.121667899851166,-6.029524271418591e-16,1.808857281425578e-15
F2global_d10_k10_rho1,FR--KL,394.0,441.9371525413594,1.121667899851166,-6.029524271418591e-16,1.808857281425578e-15
F2global_d10_k10_rho1,FR--KL,395.0,443.05882044121057,1.121667899851166,-6.029524271418591e-16,1.808857281425578e-15
F2global_d10_k10_rho1,FR--KL,396.0,444.18048834106173,1.121667899851166,-6.029524271418591e-16,1.808857281425578e-15
F2global_d10_k10_rho1,FR--KL,397.0,445.3021562409129,1.121667899851166,-6.029524271418591e-16,1.808857281425578e-15
F2global_d10_k10_rho1,FR--KL,398.0,446.42382414076405,1.121667899851166,-6.029524271418591e-16,1.808857281425578e-15
F2global_d10_k10_rho1,FR--KL,399.0,447.5454920406152,1.121667899851166,-6.029524271418591e-16,1.808857281425578e-15
F2global_d10_k10_rho1,FR--KL,400.0,448.6671599404664,1.121667899851166,-6.029524271418591e-16,1.808857281425578e-15
F2global_d10_k10_rho1,FB--GVI,0.0,0.0,0.560833949925583,1.0,7.235429125702311e-15
F2global_d10_k10_rho1,FB--GVI,1.0,0.560833949925583,0.560833949925583,0.20532032426165278,7.235429125702311e-15
F2global_d10_k10_rho1,FB--GVI,2.0,1.121667899851166,0.560833949925583,0.04138803982283619,7.235429125702311e-15
F2global_d10_k10_rho1,FB--GVI,3.0,1.682501849776749,0.560833949925583,0.008159116316411929,7.235429125702311e-15
F2global_d10_k10_rho1,FB--GVI,4.0,2.243335799702332,0.560833949925583,0.0015914196708488092,7.235429125702311e-15
F2global_d10_k10_rho1,FB--GVI,5.0,2.804169749627915,0.560833949925583,0.0003094856234853289,7.235429125702311e-15
F2global_d10_k10_rho1,FB--GVI,6.0,3.365003699553498,0.560833949925583,6.021462049022857e-05,7.235429125702311e-15
F2global_d10_k10_rho1,FB--GVI,7.0,3.9258376494790808,0.560833949925583,1.1735432783790147e-05,7.235429125702311e-15
F2global_d10_k10_rho1,FB--GVI,8.0,4.486671599404664,0.560833949925583,2.2917216826910795e-06,7.235429125702311e-15
F2global_d10_k10_rho1,FB--GVI,9.0,5.047505549330247,0.560833949925583,4.4841261486040086e-07,7.235429125702311e-15
F2global_d10_k10_rho1,FB--GVI,10.0,5.60833949925583,0.560833949925583,8.790143285582934e-08,7.235429125702311e-15
F2global_d10_k10_rho1,FB--GVI,11.0,6.169173449181413,0.560833949925583,1.7260953680284162e-08,7.235429125702311e-15
F2global_d10_k10_rho1,FB--GVI,12.0,6.730007399106996,0.560833949925583,3.3950382019833948e-09,7.235429125702311e-15
F2global_d10_k10_rho1,FB--GVI,13.0,7.290841349032579,0.560833949925583,6.688225679973987e-10,7.235429125702311e-15
F2global_d10_k10_rho1,FB--GVI,14.0,7.8516752989581615,0.560833949925583,1.319627711566944e-10,7.235429125702311e-15
F2global_d10_k10_rho1,FB--GVI,15.0,8.412509248883746,0.560833949925583,2.607769247388541e-11,7.235429125702311e-15
F2global_d10_k10_rho1,FB--GVI,16.0,8.973343198809328,0.560833949925583,5.1612727763343145e-12,7.235429125702311e-15
F2global_d10_k10_rho1,FB--GVI,17.0,9.53417714873491,0.560833949925583,1.022607316432593e-12,7.235429125702311e-15
F2global_d10_k10_rho1,FB--GVI,18.0,10.095011098660494,0.560833949925583,2.025920155196647e-13,7.235429125702311e-15
F2global_d10_k10_rho1,FB--GVI,19.0,10.655845048586077,0.560833949925583,3.9191907764220846e-14,7.235429125702311e-15
F2global_d10_k10_rho1,FB--GVI,20.0,11.21667899851166,0.560833949925583,7.235429125702311e-15,7.235429125702311e-15
F2global_d10_k10_rho1,FB--GVI,21.0,11.777512948437243,0.560833949925583,6.029524271418591e-16,7.235429125702311e-15
F2global_d10_k10_rho1,FB--GVI,22.0,12.338346898362825,0.560833949925583,0.0,7.235429125702311e-15
F2global_d10_k10_rho1,FB--GVI,23.0,12.89918084828841,0.560833949925583,-6.029524271418591e-16,7.235429125702311e-15
F2global_d10_k10_rho1,FB--GVI,24.0,13.460014798213992,0.560833949925583,-6.029524271418591e-16,7.235429125702311e-15
F2global_d10_k10_rho1,FB--GVI,25.0,14.020848748139574,0.560833949925583,-6.029524271418591e-16,7.235429125702311e-15
F2global_d10_k10_rho1,FB--GVI,26.0,14.581682698065158,0.560833949925583,6.029524271418591e-16,7.235429125702311e-15
F2global_d10_k10_rho1,FB--GVI,27.0,15.14251664799074,0.560833949925583,0.0,7.235429125702311e-15
F2global_d10_k10_rho1,FB--GVI,28.0,15.703350597916323,0.560833949925583,-6.029524271418591e-16,7.235429125702311e-15
F2global_d10_k10_rho1,FB--GVI,29.0,16.264184547841907,0.560833949925583,-6.029524271418591e-16,7.235429125702311e-15
F2global_d10_k10_rho1,FB--GVI,30.0,16.82501849776749,0.560833949925583,0.0,7.235429125702311e-15
F2global_d10_k10_rho1,FB--GVI,31.0,17.385852447693072,0.560833949925583,0.0,7.235429125702311e-15
F2global_d10_k10_rho1,FB--GVI,32.0,17.946686397618656,0.560833949925583,0.0,7.235429125702311e-15
F2global_d10_k10_rho1,FB--GVI,33.0,18.50752034754424,0.560833949925583,0.0,7.235429125702311e-15
F2global_d10_k10_rho1,FB--GVI,34.0,19.06835429746982,0.560833949925583,-1.2059048542837183e-15,7.235429125702311e-15
F2global_d10_k10_rho1,FB--GVI,35.0,19.629188247395405,0.560833949925583,-1.2059048542837183e-15,7.235429125702311e-15
F2global_d10_k10_rho1,FB--GVI,36.0,20.19002219732099,0.560833949925583,-1.2059048542837183e-15,7.235429125702311e-15
F2global_d10_k10_rho1,FB--GVI,37.0,20.75085614724657,0.560833949925583,0.0,7.235429125702311e-15
F2global_d10_k10_rho1,FB--GVI,38.0,21.311690097172153,0.560833949925583,0.0,7.235429125702311e-15
F2global_d10_k10_rho1,FB--GVI,39.0,21.872524047097738,0.560833949925583,0.0,7.235429125702311e-15
F2global_d10_k10_rho1,FB--GVI,40.0,22.43335799702332,0.560833949925583,-6.029524271418591e-16,7.235429125702311e-15
F2global_d10_k10_rho1,FB--GVI,41.0,22.994191946948902,0.560833949925583,-1.2059048542837183e-15,7.235429125702311e-15
F2global_d10_k10_rho1,FB--GVI,42.0,23.555025896874486,0.560833949925583,-6.029524271418591e-16,7.235429125702311e-15
F2global_d10_k10_rho1,FB--GVI,43.0,24.11585984680007,0.560833949925583,-6.029524271418591e-16,7.235429125702311e-15
F2global_d10_k10_rho1,FB--GVI,44.0,24.67669379672565,0.560833949925583,-1.2059048542837183e-15,7.235429125702311e-15
F2global_d10_k10_rho1,FB--GVI,45.0,25.237527746651235,0.560833949925583,-6.029524271418591e-16,7.235429125702311e-15
F2global_d10_k10_rho1,FB--GVI,46.0,25.79836169657682,0.560833949925583,-6.029524271418591e-16,7.235429125702311e-15
F2global_d10_k10_rho1,FB--GVI,47.0,26.3591956465024,0.560833949925583,-6.029524271418591e-16,7.235429125702311e-15
F2global_d10_k10_rho1,FB--GVI,48.0,26.920029596427984,0.560833949925583,-1.2059048542837183e-15,7.235429125702311e-15
F2global_d10_k10_rho1,FB--GVI,49.0,27.480863546353568,0.560833949925583,0.0,7.235429125702311e-15
F2global_d10_k10_rho1,FB--GVI,50.0,28.04169749627915,0.560833949925583,-6.029524271418591e-16,7.235429125702311e-15
F2global_d10_k10_rho1,FB--GVI,51.0,28.602531446204733,0.560833949925583,0.0,7.235429125702311e-15
F2global_d10_k10_rho1,FB--GVI,52.0,29.163365396130317,0.560833949925583,-1.2059048542837183e-15,7.235429125702311e-15
F2global_d10_k10_rho1,FB--GVI,53.0,29.724199346055897,0.560833949925583,0.0,7.235429125702311e-15
F2global_d10_k10_rho1,FB--GVI,54.0,30.28503329598148,0.560833949925583,0.0,7.235429125702311e-15
F2global_d10_k10_rho1,FB--GVI,55.0,30.845867245907066,0.560833949925583,0.0,7.235429125702311e-15
F2global_d10_k10_rho1,FB--GVI,56.0,31.406701195832646,0.560833949925583,-1.2059048542837183e-15,7.235429125702311e-15
F2global_d10_k10_rho1,FB--GVI,57.0,31.96753514575823,0.560833949925583,0.0,7.235429125702311e-15
F2global_d10_k10_rho1,FB--GVI,58.0,32.528369095683814,0.560833949925583,-1.2059048542837183e-15,7.235429125702311e-15
F2global_d10_k10_rho1,FB--GVI,59.0,33.089203045609395,0.560833949925583,0.0,7.235429125702311e-15
F2global_d10_k10_rho1,FB--GVI,60.0,33.65003699553498,0.560833949925583,-1.2059048542837183e-15,7.235429125702311e-15
F2global_d10_k10_rho1,FB--GVI,61.0,34.21087094546056,0.560833949925583,0.0,7.235429125702311e-15
F2global_d10_k10_rho1,FB--GVI,62.0,34.771704895386144,0.560833949925583,-6.029524271418591e-16,7.235429125702311e-15
F2global_d10_k10_rho1,FB--GVI,63.0,35.33253884531173,0.560833949925583,-1.2059048542837183e-15,7.235429125702311e-15
F2global_d10_k10_rho1,FB--GVI,64.0,35.89337279523731,0.560833949925583,-1.2059048542837183e-15,7.235429125702311e-15
F2global_d10_k10_rho1,FB--GVI,65.0,36.45420674516289,0.560833949925583,0.0,7.235429125702311e-15
F2global_d10_k10_rho1,FB--GVI,66.0,37.01504069508848,0.560833949925583,-1.2059048542837183e-15,7.235429125702311e-15
F2global_d10_k10_rho1,FB--GVI,67.0,37.57587464501406,0.560833949925583,-6.029524271418591e-16,7.235429125702311e-15
F2global_d10_k10_rho1,FB--GVI,68.0,38.13670859493964,0.560833949925583,-6.029524271418591e-16,7.235429125702311e-15
F2global_d10_k10_rho1,FB--GVI,69.0,38.69754254486523,0.560833949925583,-1.2059048542837183e-15,7.235429125702311e-15
F2global_d10_k10_rho1,FB--GVI,70.0,39.25837649479081,0.560833949925583,-1.808857281425578e-15,7.235429125702311e-15
F2global_d10_k10_rho1,FB--GVI,71.0,39.81921044471639,0.560833949925583,-1.2059048542837183e-15,7.235429125702311e-15
F2global_d10_k10_rho1,FB--GVI,72.0,40.38004439464198,0.560833949925583,-6.029524271418591e-16,7.235429125702311e-15
F2global_d10_k10_rho1,FB--GVI,73.0,40.94087834456756,0.560833949925583,0.0,7.235429125702311e-15
F2global_d10_k10_rho1,FB--GVI,74.0,41.50171229449314,0.560833949925583,0.0,7.235429125702311e-15
F2global_d10_k10_rho1,FB--GVI,75.0,42.062546244418726,0.560833949925583,0.0,7.235429125702311e-15
F2global_d10_k10_rho1,FB--GVI,76.0,42.62338019434431,0.560833949925583,0.0,7.235429125702311e-15
F2global_d10_k10_rho1,FB--GVI,77.0,43.18421414426989,0.560833949925583,-6.029524271418591e-16,7.235429125702311e-15
F2global_d10_k10_rho1,FB--GVI,78.0,43.745048094195475,0.560833949925583,-6.029524271418591e-16,7.235429125702311e-15
F2global_d10_k10_rho1,FB--GVI,79.0,44.305882044121056,0.560833949925583,-1.2059048542837183e-15,7.235429125702311e-15
F2global_d10_k10_rho1,FB--GVI,80.0,44.86671599404664,0.560833949925583,-6.029524271418591e-16,7.235429125702311e-15
F2global_d10_k10_rho1,FB--GVI,81.0,45.427549943972224,0.560833949925583,-6.029524271418591e-16,7.235429125702311e-15
F2global_d10_k10_rho1,FB--GVI,82.0,45.988383893897804,0.560833949925583,0.0,7.235429125702311e-15
F2global_d10_k10_rho1,FB--GVI,83.0,46.54921784382339,0.560833949925583,-6.029524271418591e-16,7.235429125702311e-15
F2global_d10_k10_rho1,FB--GVI,84.0,47.11005179374897,0.560833949925583,-6.029524271418591e-16,7.235429125702311e-15
F2global_d10_k10_rho1,FB--GVI,85.0,47.67088574367455,0.560833949925583,0.0,7.235429125702311e-15
F2global_d10_k10_rho1,FB--GVI,86.0,48.23171969360014,0.560833949925583,0.0,7.235429125702311e-15
F2global_d10_k10_rho1,FB--GVI,87.0,48.79255364352572,0.560833949925583,0.0,7.235429125702311e-15
F2global_d10_k10_rho1,FB--GVI,88.0,49.3533875934513,0.560833949925583,-6.029524271418591e-16,7.235429125702311e-15
F2global_d10_k10_rho1,FB--GVI,89.0,49.91422154337689,0.560833949925583,0.0,7.235429125702311e-15
F2global_d10_k10_rho1,FB--GVI,90.0,50.47505549330247,0.560833949925583,-6.029524271418591e-16,7.235429125702311e-15
F2global_d10_k10_rho1,FB--GVI,91.0,51.03588944322805,0.560833949925583,0.0,7.235429125702311e-15
F2global_d10_k10_rho1,FB--GVI,92.0,51.59672339315364,0.560833949925583,6.029524271418591e-16,7.235429125702311e-15
F2global_d10_k10_rho1,FB--GVI,93.0,52.15755734307922,0.560833949925583,-1.2059048542837183e-15,7.235429125702311e-15
F2global_d10_k10_rho1,FB--GVI,94.0,52.7183912930048,0.560833949925583,0.0,7.235429125702311e-15
F2global_d10_k10_rho1,FB--GVI,95.0,53.27922524293039,0.560833949925583,6.029524271418591e-16,7.235429125702311e-15
F2global_d10_k10_rho1,FB--GVI,96.0,53.84005919285597,0.560833949925583,0.0,7.235429125702311e-15
F2global_d10_k10_rho1,FB--GVI,97.0,54.40089314278155,0.560833949925583,-1.808857281425578e-15,7.235429125702311e-15
F2global_d10_k10_rho1,FB--GVI,98.0,54.961727092707136,0.560833949925583,-6.029524271418591e-16,7.235429125702311e-15
F2global_d10_k10_rho1,FB--GVI,99.0,55.52256104263272,0.560833949925583,-6.029524271418591e-16,7.235429125702311e-15
F2global_d10_k10_rho1,FB--GVI,100.0,56.0833949925583,0.560833949925583,0.0,7.235429125702311e-15
F2global_d10_k10_rho1,FB--GVI,101.0,56.644228942483885,0.560833949925583,0.0,7.235429125702311e-15
F2global_d10_k10_rho1,FB--GVI,102.0,57.205062892409465,0.560833949925583,6.029524271418591e-16,7.235429125702311e-15
F2global_d10_k10_rho1,FB--GVI,103.0,57.765896842335046,0.560833949925583,-6.029524271418591e-16,7.235429125702311e-15
F2global_d10_k10_rho1,FB--GVI,104.0,58.32673079226063,0.560833949925583,-6.029524271418591e-16,7.235429125702311e-15
F2global_d10_k10_rho1,FB--GVI,105.0,58.887564742186214,0.560833949925583,-6.029524271418591e-16,7.235429125702311e-15
F2global_d10_k10_rho1,FB--GVI,106.0,59.448398692111795,0.560833949925583,-6.029524271418591e-16,7.235429125702311e-15
F2global_d10_k10_rho1,FB--GVI,107.0,60.00923264203738,0.560833949925583,0.0,7.235429125702311e-15
F2global_d10_k10_rho1,FB--GVI,108.0,60.57006659196296,0.560833949925583,-1.2059048542837183e-15,7.235429125702311e-15
F2global_d10_k10_rho1,FB--GVI,109.0,61.13090054188854,0.560833949925583,0.0,7.235429125702311e-15
F2global_d10_k10_rho1,FB--GVI,110.0,61.69173449181413,0.560833949925583,0.0,7.235429125702311e-15
F2global_d10_k10_rho1,FB--GVI,111.0,62.25256844173971,0.560833949925583,-1.2059048542837183e-15,7.235429125702311e-15
F2global_d10_k10_rho1,FB--GVI,112.0,62.81340239166529,0.560833949925583,-6.029524271418591e-16,7.235429125702311e-15
F2global_d10_k10_rho1,FB--GVI,113.0,63.37423634159088,0.560833949925583,-1.2059048542837183e-15,7.235429125702311e-15
F2global_d10_k10_rho1,FB--GVI,114.0,63.93507029151646,0.560833949925583,-6.029524271418591e-16,7.235429125702311e-15
F2global_d10_k10_rho1,FB--GVI,115.0,64.49590424144205,0.560833949925583,-1.2059048542837183e-15,7.235429125702311e-15
F2global_d10_k10_rho1,FB--GVI,116.0,65.05673819136763,0.560833949925583,-6.029524271418591e-16,7.235429125702311e-15
F2global_d10_k10_rho1,FB--GVI,117.0,65.61757214129321,0.560833949925583,-6.029524271418591e-16,7.235429125702311e-15
F2global_d10_k10_rho1,FB--GVI,118.0,66.17840609121879,0.560833949925583,0.0,7.235429125702311e-15
F2global_d10_k10_rho1,FB--GVI,119.0,66.73924004114437,0.560833949925583,-1.2059048542837183e-15,7.235429125702311e-15
F2global_d10_k10_rho1,FB--GVI,120.0,67.30007399106997,0.560833949925583,-1.2059048542837183e-15,7.235429125702311e-15
F2global_d10_k10_rho1,FB--GVI,121.0,67.86090794099555,0.560833949925583,-1.2059048542837183e-15,7.235429125702311e-15
F2global_d10_k10_rho1,FB--GVI,122.0,68.42174189092113,0.560833949925583,0.0,7.235429125702311e-15
F2global_d10_k10_rho1,FB--GVI,123.0,68.9825758408467,0.560833949925583,0.0,7.235429125702311e-15
F2global_d10_k10_rho1,FB--GVI,124.0,69.54340979077229,0.560833949925583,-1.2059048542837183e-15,7.235429125702311e-15
F2global_d10_k10_rho1,FB--GVI,125.0,70.10424374069787,0.560833949925583,-6.029524271418591e-16,7.235429125702311e-15
F2global_d10_k10_rho1,FB--GVI,126.0,70.66507769062346,0.560833949925583,0.0,7.235429125702311e-15
F2global_d10_k10_rho1,FB--GVI,127.0,71.22591164054904,0.560833949925583,-6.029524271418591e-16,7.235429125702311e-15
F2global_d10_k10_rho1,FB--GVI,128.0,71.78674559047462,0.560833949925583,-6.029524271418591e-16,7.235429125702311e-15
F2global_d10_k10_rho1,FB--GVI,129.0,72.3475795404002,0.560833949925583,0.0,7.235429125702311e-15
F2global_d10_k10_rho1,FB--GVI,130.0,72.90841349032578,0.560833949925583,-1.2059048542837183e-15,7.235429125702311e-15
F2global_d10_k10_rho1,FB--GVI,131.0,73.46924744025138,0.560833949925583,-1.808857281425578e-15,7.235429125702311e-15
F2global_d10_k10_rho1,FB--GVI,132.0,74.03008139017696,0.560833949925583,0.0,7.235429125702311e-15
F2global_d10_k10_rho1,FB--GVI,133.0,74.59091534010254,0.560833949925583,0.0,7.235429125702311e-15
F2global_d10_k10_rho1,FB--GVI,134.0,75.15174929002812,0.560833949925583,-6.029524271418591e-16,7.235429125702311e-15
F2global_d10_k10_rho1,FB--GVI,135.0,75.7125832399537,0.560833949925583,-1.2059048542837183e-15,7.235429125702311e-15
F2global_d10_k10_rho1,FB--GVI,136.0,76.27341718987928,0.560833949925583,-6.029524271418591e-16,7.235429125702311e-15
F2global_d10_k10_rho1,FB--GVI,137.0,76.83425113980488,0.560833949925583,-6.029524271418591e-16,7.235429125702311e-15
F2global_d10_k10_rho1,FB--GVI,138.0,77.39508508973046,0.560833949925583,-6.029524271418591e-16,7.235429125702311e-15
F2global_d10_k10_rho1,FB--GVI,139.0,77.95591903965604,0.560833949925583,-6.029524271418591e-16,7.235429125702311e-15
F2global_d10_k10_rho1,FB--GVI,140.0,78.51675298958162,0.560833949925583,-6.029524271418591e-16,7.235429125702311e-15
F2global_d10_k10_rho1,FB--GVI,141.0,79.0775869395072,0.560833949925583,-6.029524271418591e-16,7.235429125702311e-15
F2global_d10_k10_rho1,FB--GVI,142.0,79.63842088943278,0.560833949925583,-6.029524271418591e-16,7.235429125702311e-15
F2global_d10_k10_rho1,FB--GVI,143.0,80.19925483935837,0.560833949925583,-1.2059048542837183e-15,7.235429125702311e-15
F2global_d10_k10_rho1,FB--GVI,144.0,80.76008878928396,0.560833949925583,-1.808857281425578e-15,7.235429125702311e-15
F2global_d10_k10_rho1,FB--GVI,145.0,81.32092273920954,0.560833949925583,-6.029524271418591e-16,7.235429125702311e-15
F2global_d10_k10_rho1,FB--GVI,146.0,81.88175668913512,0.560833949925583,-6.029524271418591e-16,7.235429125702311e-15
F2global_d10_k10_rho1,FB--GVI,147.0,82.4425906390607,0.560833949925583,-6.029524271418591e-16,7.235429125702311e-15
F2global_d10_k10_rho1,FB--GVI,148.0,83.00342458898628,0.560833949925583,-6.029524271418591e-16,7.235429125702311e-15
F2global_d10_k10_rho1,FB--GVI,149.0,83.56425853891187,0.560833949925583,-6.029524271418591e-16,7.235429125702311e-15
F2global_d10_k10_rho1,FB--GVI,150.0,84.12509248883745,0.560833949925583,-1.2059048542837183e-15,7.235429125702311e-15
F2global_d10_k10_rho1,FB--GVI,151.0,84.68592643876303,0.560833949925583,-6.029524271418591e-16,7.235429125702311e-15
F2global_d10_k10_rho1,FB--GVI,152.0,85.24676038868861,0.560833949925583,0.0,7.235429125702311e-15
F2global_d10_k10_rho1,FB--GVI,153.0,85.8075943386142,0.560833949925583,-6.029524271418591e-16,7.235429125702311e-15
F2global_d10_k10_rho1,FB--GVI,154.0,86.36842828853977,0.560833949925583,-6.029524271418591e-16,7.235429125702311e-15
F2global_d10_k10_rho1,FB--GVI,155.0,86.92926223846537,0.560833949925583,-1.2059048542837183e-15,7.235429125702311e-15
F2global_d10_k10_rho1,FB--GVI,156.0,87.49009618839095,0.560833949925583,-6.029524271418591e-16,7.235429125702311e-15
F2global_d10_k10_rho1,FB--GVI,157.0,88.05093013831653,0.560833949925583,0.0,7.235429125702311e-15
F2global_d10_k10_rho1,FB--GVI,158.0,88.61176408824211,0.560833949925583,-6.029524271418591e-16,7.235429125702311e-15
F2global_d10_k10_rho1,FB--GVI,159.0,89.17259803816769,0.560833949925583,-6.029524271418591e-16,7.235429125702311e-15
F2global_d10_k10_rho1,FB--GVI,160.0,89.73343198809329,0.560833949925583,-6.029524271418591e-16,7.235429125702311e-15
F2global_d10_k10_rho1,FB--GVI,161.0,90.29426593801887,0.560833949925583,-6.029524271418591e-16,7.235429125702311e-15
F2global_d10_k10_rho1,FB--GVI,162.0,90.85509988794445,0.560833949925583,-6.029524271418591e-16,7.235429125702311e-15
F2global_d10_k10_rho1,FB--GVI,163.0,91.41593383787003,0.560833949925583,-6.029524271418591e-16,7.235429125702311e-15
F2global_d10_k10_rho1,FB--GVI,164.0,91.97676778779561,0.560833949925583,-6.029524271418591e-16,7.235429125702311e-15
F2global_d10_k10_rho1,FB--GVI,165.0,92.53760173772119,0.560833949925583,-6.029524271418591e-16,7.235429125702311e-15
F2global_d10_k10_rho1,FB--GVI,166.0,93.09843568764678,0.560833949925583,-1.2059048542837183e-15,7.235429125702311e-15
F2global_d10_k10_rho1,FB--GVI,167.0,93.65926963757236,0.560833949925583,-6.029524271418591e-16,7.235429125702311e-15
F2global_d10_k10_rho1,FB--GVI,168.0,94.22010358749795,0.560833949925583,-6.029524271418591e-16,7.235429125702311e-15
F2global_d10_k10_rho1,FB--GVI,169.0,94.78093753742353,0.560833949925583,-1.2059048542837183e-15,7.235429125702311e-15
F2global_d10_k10_rho1,FB--GVI,170.0,95.3417714873491,0.560833949925583,-1.2059048542837183e-15,7.235429125702311e-15
F2global_d10_k10_rho1,FB--GVI,171.0,95.90260543727469,0.560833949925583,-6.029524271418591e-16,7.235429125702311e-15
F2global_d10_k10_rho1,FB--GVI,172.0,96.46343938720028,0.560833949925583,-1.2059048542837183e-15,7.235429125702311e-15
F2global_d10_k10_rho1,FB--GVI,173.0,97.02427333712586,0.560833949925583,-6.029524271418591e-16,7.235429125702311e-15
F2global_d10_k10_rho1,FB--GVI,174.0,97.58510728705144,0.560833949925583,-6.029524271418591e-16,7.235429125702311e-15
F2global_d10_k10_rho1,FB--GVI,175.0,98.14594123697702,0.560833949925583,-6.029524271418591e-16,7.235429125702311e-15
F2global_d10_k10_rho1,FB--GVI,176.0,98.7067751869026,0.560833949925583,-6.029524271418591e-16,7.235429125702311e-15
F2global_d10_k10_rho1,FB--GVI,177.0,99.26760913682818,0.560833949925583,-6.029524271418591e-16,7.235429125702311e-15
F2global_d10_k10_rho1,FB--GVI,178.0,99.82844308675378,0.560833949925583,0.0,7.235429125702311e-15
F2global_d10_k10_rho1,FB--GVI,179.0,100.38927703667936,0.560833949925583,-6.029524271418591e-16,7.235429125702311e-15
F2global_d10_k10_rho1,FB--GVI,180.0,100.95011098660494,0.560833949925583,-6.029524271418591e-16,7.235429125702311e-15
F2global_d10_k10_rho1,FB--GVI,181.0,101.51094493653052,0.560833949925583,-6.029524271418591e-16,7.235429125702311e-15
F2global_d10_k10_rho1,FB--GVI,182.0,102.0717788864561,0.560833949925583,0.0,7.235429125702311e-15
F2global_d10_k10_rho1,FB--GVI,183.0,102.63261283638168,0.560833949925583,-6.029524271418591e-16,7.235429125702311e-15
F2global_d10_k10_rho1,FB--GVI,184.0,103.19344678630728,0.560833949925583,0.0,7.235429125702311e-15
F2global_d10_k10_rho1,FB--GVI,185.0,103.75428073623286,0.560833949925583,0.0,7.235429125702311e-15
F2global_d10_k10_rho1,FB--GVI,186.0,104.31511468615844,0.560833949925583,-6.029524271418591e-16,7.235429125702311e-15
F2global_d10_k10_rho1,FB--GVI,187.0,104.87594863608402,0.560833949925583,0.0,7.235429125702311e-15
F2global_d10_k10_rho1,FB--GVI,188.0,105.4367825860096,0.560833949925583,-6.029524271418591e-16,7.235429125702311e-15
F2global_d10_k10_rho1,FB--GVI,189.0,105.99761653593518,0.560833949925583,-6.029524271418591e-16,7.235429125702311e-15
F2global_d10_k10_rho1,FB--GVI,190.0,106.55845048586077,0.560833949925583,-6.029524271418591e-16,7.235429125702311e-15
F2global_d10_k10_rho1,FB--GVI,191.0,107.11928443578635,0.560833949925583,6.029524271418591e-16,7.235429125702311e-15
F2global_d10_k10_rho1,FB--GVI,192.0,107.68011838571194,0.560833949925583,0.0,7.235429125702311e-15
F2global_d10_k10_rho1,FB--GVI,193.0,108.24095233563752,0.560833949925583,-1.2059048542837183e-15,7.235429125702311e-15
F2global_d10_k10_rho1,FB--GVI,194.0,108.8017862855631,0.560833949925583,0.0,7.235429125702311e-15
F2global_d10_k10_rho1,FB--GVI,195.0,109.36262023548869,0.560833949925583,0.0,7.235429125702311e-15
F2global_d10_k10_rho1,FB--GVI,196.0,109.92345418541427,0.560833949925583,-6.029524271418591e-16,7.235429125702311e-15
F2global_d10_k10_rho1,FB--GVI,197.0,110.48428813533985,0.560833949925583,-6.029524271418591e-16,7.235429125702311e-15
F2global_d10_k10_rho1,FB--GVI,198.0,111.04512208526543,0.560833949925583,-6.029524271418591e-16,7.235429125702311e-15
F2global_d10_k10_rho1,FB--GVI,199.0,111.60595603519101,0.560833949925583,-6.029524271418591e-16,7.235429125702311e-15
F2global_d10_k10_rho1,FB--GVI,200.0,112.1667899851166,0.560833949925583,-1.2059048542837183e-15,7.235429125702311e-15
F2global_d10_k10_rho1,FB--GVI,201.0,112.72762393504219,0.560833949925583,-1.2059048542837183e-15,7.235429125702311e-15
F2global_d10_k10_rho1,FB--GVI,202.0,113.28845788496777,0.560833949925583,-6.029524271418591e-16,7.235429125702311e-15
F2global_d10_k10_rho1,FB--GVI,203.0,113.84929183489335,0.560833949925583,-1.2059048542837183e-15,7.235429125702311e-15
F2global_d10_k10_rho1,FB--GVI,204.0,114.41012578481893,0.560833949925583,-1.2059048542837183e-15,7.235429125702311e-15
F2global_d10_k10_rho1,FB--GVI,205.0,114.97095973474451,0.560833949925583,0.0,7.235429125702311e-15
F2global_d10_k10_rho1,FB--GVI,206.0,115.53179368467009,0.560833949925583,-6.029524271418591e-16,7.235429125702311e-15
F2global_d10_k10_rho1,FB--GVI,207.0,116.09262763459569,0.560833949925583,0.0,7.235429125702311e-15
F2global_d10_k10_rho1,FB--GVI,208.0,116.65346158452127,0.560833949925583,-1.2059048542837183e-15,7.235429125702311e-15
F2global_d10_k10_rho1,FB--GVI,209.0,117.21429553444685,0.560833949925583,-6.029524271418591e-16,7.235429125702311e-15
F2global_d10_k10_rho1,FB--GVI,210.0,117.77512948437243,0.560833949925583,-6.029524271418591e-16,7.235429125702311e-15
F2global_d10_k10_rho1,FB--GVI,211.0,118.33596343429801,0.560833949925583,-6.029524271418591e-16,7.235429125702311e-15
F2global_d10_k10_rho1,FB--GVI,212.0,118.89679738422359,0.560833949925583,-1.808857281425578e-15,7.235429125702311e-15
F2global_d10_k10_rho1,FB--GVI,213.0,119.45763133414918,0.560833949925583,-1.2059048542837183e-15,7.235429125702311e-15
F2global_d10_k10_rho1,FB--GVI,214.0,120.01846528407476,0.560833949925583,-1.808857281425578e-15,7.235429125702311e-15
F2global_d10_k10_rho1,FB--GVI,215.0,120.57929923400035,0.560833949925583,-6.029524271418591e-16,7.235429125702311e-15
F2global_d10_k10_rho1,FB--GVI,216.0,121.14013318392593,0.560833949925583,-6.029524271418591e-16,7.235429125702311e-15
F2global_d10_k10_rho1,FB--GVI,217.0,121.7009671338515,0.560833949925583,-6.029524271418591e-16,7.235429125702311e-15
F2global_d10_k10_rho1,FB--GVI,218.0,122.26180108377709,0.560833949925583,0.0,7.235429125702311e-15
F2global_d10_k10_rho1,FB--GVI,219.0,122.82263503370268,0.560833949925583,-1.2059048542837183e-15,7.235429125702311e-15
F2global_d10_k10_rho1,FB--GVI,220.0,123.38346898362826,0.560833949925583,-6.029524271418591e-16,7.235429125702311e-15
F2global_d10_k10_rho1,FB--GVI,221.0,123.94430293355384,0.560833949925583,-6.029524271418591e-16,7.235429125702311e-15
F2global_d10_k10_rho1,FB--GVI,222.0,124.50513688347942,0.560833949925583,-6.029524271418591e-16,7.235429125702311e-15
F2global_d10_k10_rho1,FB--GVI,223.0,125.065970833405,0.560833949925583,-6.029524271418591e-16,7.235429125702311e-15
F2global_d10_k10_rho1,FB--GVI,224.0,125.62680478333058,0.560833949925583,-6.029524271418591e-16,7.235429125702311e-15
F2global_d10_k10_rho1,FB--GVI,225.0,126.18763873325618,0.560833949925583,-6.029524271418591e-16,7.235429125702311e-15
F2global_d10_k10_rho1,FB--GVI,226.0,126.74847268318176,0.560833949925583,0.0,7.235429125702311e-15
F2global_d10_k10_rho1,FB--GVI,227.0,127.30930663310734,0.560833949925583,-1.2059048542837183e-15,7.235429125702311e-15
F2global_d10_k10_rho1,FB--GVI,228.0,127.87014058303292,0.560833949925583,-6.029524271418591e-16,7.235429125702311e-15
F2global_d10_k10_rho1,FB--GVI,229.0,128.43097453295852,0.560833949925583,0.0,7.235429125702311e-15
F2global_d10_k10_rho1,FB--GVI,230.0,128.9918084828841,0.560833949925583,0.0,7.235429125702311e-15
F2global_d10_k10_rho1,FB--GVI,231.0,129.55264243280968,0.560833949925583,-6.029524271418591e-16,7.235429125702311e-15
F2global_d10_k10_rho1,FB--GVI,232.0,130.11347638273526,0.560833949925583,-6.029524271418591e-16,7.235429125702311e-15
F2global_d10_k10_rho1,FB--GVI,233.0,130.67431033266084,0.560833949925583,-6.029524271418591e-16,7.235429125702311e-15
F2global_d10_k10_rho1,FB--GVI,234.0,131.23514428258642,0.560833949925583,0.0,7.235429125702311e-15
F2global_d10_k10_rho1,FB--GVI,235.0,131.795978232512,0.560833949925583,-1.808857281425578e-15,7.235429125702311e-15
F2global_d10_k10_rho1,FB--GVI,236.0,132.35681218243758,0.560833949925583,-1.808857281425578e-15,7.235429125702311e-15
F2global_d10_k10_rho1,FB--GVI,237.0,132.91764613236316,0.560833949925583,-6.029524271418591e-16,7.235429125702311e-15
F2global_d10_k10_rho1,FB--GVI,238.0,133.47848008228874,0.560833949925583,0.0,7.235429125702311e-15
F2global_d10_k10_rho1,FB--GVI,239.0,134.03931403221435,0.560833949925583,-6.029524271418591e-16,7.235429125702311e-15
F2global_d10_k10_rho1,FB--GVI,240.0,134.60014798213993,0.560833949925583,0.0,7.235429125702311e-15
F2global_d10_k10_rho1,FB--GVI,241.0,135.1609819320655,0.560833949925583,-6.029524271418591e-16,7.235429125702311e-15
F2global_d10_k10_rho1,FB--GVI,242.0,135.7218158819911,0.560833949925583,-6.029524271418591e-16,7.235429125702311e-15
F2global_d10_k10_rho1,FB--GVI,243.0,136.28264983191667,0.560833949925583,-6.029524271418591e-16,7.235429125702311e-15
F2global_d10_k10_rho1,FB--GVI,244.0,136.84348378184225,0.560833949925583,-6.029524271418591e-16,7.235429125702311e-15
F2global_d10_k10_rho1,FB--GVI,245.0,137.40431773176783,0.560833949925583,-6.029524271418591e-16,7.235429125702311e-15
F2global_d10_k10_rho1,FB--GVI,246.0,137.9651516816934,0.560833949925583,-6.029524271418591e-16,7.235429125702311e-15
F2global_d10_k10_rho1,FB--GVI,247.0,138.525985631619,0.560833949925583,-6.029524271418591e-16,7.235429125702311e-15
F2global_d10_k10_rho1,FB--GVI,248.0,139.08681958154457,0.560833949925583,-6.029524271418591e-16,7.235429125702311e-15
F2global_d10_k10_rho1,FB--GVI,249.0,139.64765353147016,0.560833949925583,-6.029524271418591e-16,7.235429125702311e-15
F2global_d10_k10_rho1,FB--GVI,250.0,140.20848748139574,0.560833949925583,-1.808857281425578e-15,7.235429125702311e-15
F2global_d10_k10_rho1,FB--GVI,251.0,140.76932143132134,0.560833949925583,0.0,7.235429125702311e-15
F2global_d10_k10_rho1,FB--GVI,252.0,141.33015538124693,0.560833949925583,0.0,7.235429125702311e-15
F2global_d10_k10_rho1,FB--GVI,253.0,141.8909893311725,0.560833949925583,-1.808857281425578e-15,7.235429125702311e-15
F2global_d10_k10_rho1,FB--GVI,254.0,142.4518232810981,0.560833949925583,-1.2059048542837183e-15,7.235429125702311e-15
F2global_d10_k10_rho1,FB--GVI,255.0,143.01265723102367,0.560833949925583,0.0,7.235429125702311e-15
F2global_d10_k10_rho1,FB--GVI,256.0,143.57349118094925,0.560833949925583,0.0,7.235429125702311e-15
F2global_d10_k10_rho1,FB--GVI,257.0,144.13432513087483,0.560833949925583,-6.029524271418591e-16,7.235429125702311e-15
F2global_d10_k10_rho1,FB--GVI,258.0,144.6951590808004,0.560833949925583,0.0,7.235429125702311e-15
F2global_d10_k10_rho1,FB--GVI,259.0,145.255993030726,0.560833949925583,-6.029524271418591e-16,7.235429125702311e-15
F2global_d10_k10_rho1,FB--GVI,260.0,145.81682698065157,0.560833949925583,-6.029524271418591e-16,7.235429125702311e-15
F2global_d10_k10_rho1,FB--GVI,261.0,146.37766093057715,0.560833949925583,-1.2059048542837183e-15,7.235429125702311e-15
F2global_d10_k10_rho1,FB--GVI,262.0,146.93849488050276,0.560833949925583,0.0,7.235429125702311e-15
F2global_d10_k10_rho1,FB--GVI,263.0,147.49932883042834,0.560833949925583,-1.2059048542837183e-15,7.235429125702311e-15
F2global_d10_k10_rho1,FB--GVI,264.0,148.06016278035392,0.560833949925583,0.0,7.235429125702311e-15
F2global_d10_k10_rho1,FB--GVI,265.0,148.6209967302795,0.560833949925583,0.0,7.235429125702311e-15
F2global_d10_k10_rho1,FB--GVI,266.0,149.18183068020508,0.560833949925583,-1.2059048542837183e-15,7.235429125702311e-15
F2global_d10_k10_rho1,FB--GVI,267.0,149.74266463013066,0.560833949925583,-1.2059048542837183e-15,7.235429125702311e-15
F2global_d10_k10_rho1,FB--GVI,268.0,150.30349858005624,0.560833949925583,6.029524271418591e-16,7.235429125702311e-15
F2global_d10_k10_rho1,FB--GVI,269.0,150.86433252998182,0.560833949925583,-6.029524271418591e-16,7.235429125702311e-15
F2global_d10_k10_rho1,FB--GVI,270.0,151.4251664799074,0.560833949925583,-6.029524271418591e-16,7.235429125702311e-15
F2global_d10_k10_rho1,FB--GVI,271.0,151.98600042983298,0.560833949925583,6.029524271418591e-16,7.235429125702311e-15
F2global_d10_k10_rho1,FB--GVI,272.0,152.54683437975856,0.560833949925583,-1.2059048542837183e-15,7.235429125702311e-15
F2global_d10_k10_rho1,FB--GVI,273.0,153.10766832968415,0.560833949925583,-6.029524271418591e-16,7.235429125702311e-15
F2global_d10_k10_rho1,FB--GVI,274.0,153.66850227960975,0.560833949925583,-6.029524271418591e-16,7.235429125702311e-15
F2global_d10_k10_rho1,FB--GVI,275.0,154.22933622953533,0.560833949925583,-1.2059048542837183e-15,7.235429125702311e-15
F2global_d10_k10_rho1,FB--GVI,276.0,154.79017017946092,0.560833949925583,-6.029524271418591e-16,7.235429125702311e-15
F2global_d10_k10_rho1,FB--GVI,277.0,155.3510041293865,0.560833949925583,-6.029524271418591e-16,7.235429125702311e-15
F2global_d10_k10_rho1,FB--GVI,278.0,155.91183807931208,0.560833949925583,-1.2059048542837183e-15,7.235429125702311e-15
F2global_d10_k10_rho1,FB--GVI,279.0,156.47267202923766,0.560833949925583,-6.029524271418591e-16,7.235429125702311e-15
F2global_d10_k10_rho1,FB--GVI,280.0,157.03350597916324,0.560833949925583,-6.029524271418591e-16,7.235429125702311e-15
F2global_d10_k10_rho1,FB--GVI,281.0,157.59433992908882,0.560833949925583,-6.029524271418591e-16,7.235429125702311e-15
F2global_d10_k10_rho1,FB--GVI,282.0,158.1551738790144,0.560833949925583,0.0,7.235429125702311e-15
F2global_d10_k10_rho1,FB--GVI,283.0,158.71600782893998,0.560833949925583,0.0,7.235429125702311e-15
F2global_d10_k10_rho1,FB--GVI,284.0,159.27684177886556,0.560833949925583,-1.2059048542837183e-15,7.235429125702311e-15
F2global_d10_k10_rho1,FB--GVI,285.0,159.83767572879114,0.560833949925583,0.0,7.235429125702311e-15
F2global_d10_k10_rho1,FB--GVI,286.0,160.39850967871675,0.560833949925583,-1.2059048542837183e-15,7.235429125702311e-15
F2global_d10_k10_rho1,FB--GVI,287.0,160.95934362864233,0.560833949925583,-1.2059048542837183e-15,7.235429125702311e-15
F2global_d10_k10_rho1,FB--GVI,288.0,161.5201775785679,0.560833949925583,-1.2059048542837183e-15,7.235429125702311e-15
F2global_d10_k10_rho1,FB--GVI,289.0,162.0810115284935,0.560833949925583,0.0,7.235429125702311e-15
F2global_d10_k10_rho1,FB--GVI,290.0,162.64184547841907,0.560833949925583,-6.029524271418591e-16,7.235429125702311e-15
F2global_d10_k10_rho1,FB--GVI,291.0,163.20267942834465,0.560833949925583,-1.2059048542837183e-15,7.235429125702311e-15
F2global_d10_k10_rho1,FB--GVI,292.0,163.76351337827023,0.560833949925583,-1.2059048542837183e-15,7.235429125702311e-15
F2global_d10_k10_rho1,FB--GVI,293.0,164.3243473281958,0.560833949925583,-6.029524271418591e-16,7.235429125702311e-15
F2global_d10_k10_rho1,FB--GVI,294.0,164.8851812781214,0.560833949925583,-6.029524271418591e-16,7.235429125702311e-15
F2global_d10_k10_rho1,FB--GVI,295.0,165.44601522804697,0.560833949925583,-6.029524271418591e-16,7.235429125702311e-15
F2global_d10_k10_rho1,FB--GVI,296.0,166.00684917797255,0.560833949925583,-6.029524271418591e-16,7.235429125702311e-15
F2global_d10_k10_rho1,FB--GVI,297.0,166.56768312789816,0.560833949925583,-6.029524271418591e-16,7.235429125702311e-15
F2global_d10_k10_rho1,FB--GVI,298.0,167.12851707782374,0.560833949925583,-6.029524271418591e-16,7.235429125702311e-15
F2global_d10_k10_rho1,FB--GVI,299.0,167.68935102774932,0.560833949925583,-6.029524271418591e-16,7.235429125702311e-15
F2global_d10_k10_rho1,FB--GVI,300.0,168.2501849776749,0.560833949925583,-1.2059048542837183e-15,7.235429125702311e-15
F2global_d10_k10_rho1,FB--GVI,301.0,168.8110189276005,0.560833949925583,0.0,7.235429125702311e-15
F2global_d10_k10_rho1,FB--GVI,302.0,169.37185287752607,0.560833949925583,-1.2059048542837183e-15,7.235429125702311e-15
F2global_d10_k10_rho1,FB--GVI,303.0,169.93268682745165,0.560833949925583,-1.2059048542837183e-15,7.235429125702311e-15
F2global_d10_k10_rho1,FB--GVI,304.0,170.49352077737723,0.560833949925583,-6.029524271418591e-16,7.235429125702311e-15
F2global_d10_k10_rho1,FB--GVI,305.0,171.0543547273028,0.560833949925583,-6.029524271418591e-16,7.235429125702311e-15
F2global_d10_k10_rho1,FB--GVI,306.0,171.6151886772284,0.560833949925583,-6.029524271418591e-16,7.235429125702311e-15
F2global_d10_k10_rho1,FB--GVI,307.0,172.17602262715397,0.560833949925583,-1.2059048542837183e-15,7.235429125702311e-15
F2global_d10_k10_rho1,FB--GVI,308.0,172.73685657707955,0.560833949925583,-6.029524271418591e-16,7.235429125702311e-15
F2global_d10_k10_rho1,FB--GVI,309.0,173.29769052700516,0.560833949925583,-6.029524271418591e-16,7.235429125702311e-15
F2global_d10_k10_rho1,FB--GVI,310.0,173.85852447693074,0.560833949925583,0.0,7.235429125702311e-15
F2global_d10_k10_rho1,FB--GVI,311.0,174.41935842685632,0.560833949925583,-1.2059048542837183e-15,7.235429125702311e-15
F2global_d10_k10_rho1,FB--GVI,312.0,174.9801923767819,0.560833949925583,-6.029524271418591e-16,7.235429125702311e-15
F2global_d10_k10_rho1,FB--GVI,313.0,175.54102632670748,0.560833949925583,-6.029524271418591e-16,7.235429125702311e-15
F2global_d10_k10_rho1,FB--GVI,314.0,176.10186027663306,0.560833949925583,-6.029524271418591e-16,7.235429125702311e-15
F2global_d10_k10_rho1,FB--GVI,315.0,176.66269422655864,0.560833949925583,-1.2059048542837183e-15,7.235429125702311e-15
F2global_d10_k10_rho1,FB--GVI,316.0,177.22352817648422,0.560833949925583,-6.029524271418591e-16,7.235429125702311e-15
F2global_d10_k10_rho1,FB--GVI,317.0,177.7843621264098,0.560833949925583,0.0,7.235429125702311e-15
F2global_d10_k10_rho1,FB--GVI,318.0,178.34519607633538,0.560833949925583,-6.029524271418591e-16,7.235429125702311e-15
F2global_d10_k10_rho1,FB--GVI,319.0,178.90603002626096,0.560833949925583,-6.029524271418591e-16,7.235429125702311e-15
F2global_d10_k10_rho1,FB--GVI,320.0,179.46686397618657,0.560833949925583,-1.2059048542837183e-15,7.235429125702311e-15
F2global_d10_k10_rho1,FB--GVI,321.0,180.02769792611215,0.560833949925583,-6.029524271418591e-16,7.235429125702311e-15
F2global_d10_k10_rho1,FB--GVI,322.0,180.58853187603773,0.560833949925583,-1.2059048542837183e-15,7.235429125702311e-15
F2global_d10_k10_rho1,FB--GVI,323.0,181.14936582596332,0.560833949925583,0.0,7.235429125702311e-15
F2global_d10_k10_rho1,FB--GVI,324.0,181.7101997758889,0.560833949925583,-6.029524271418591e-16,7.235429125702311e-15
F2global_d10_k10_rho1,FB--GVI,325.0,182.27103372581448,0.560833949925583,-6.029524271418591e-16,7.235429125702311e-15
F2global_d10_k10_rho1,FB--GVI,326.0,182.83186767574006,0.560833949925583,-6.029524271418591e-16,7.235429125702311e-15
F2global_d10_k10_rho1,FB--GVI,327.0,183.39270162566564,0.560833949925583,-6.029524271418591e-16,7.235429125702311e-15
F2global_d10_k10_rho1,FB--GVI,328.0,183.95353557559122,0.560833949925583,-1.2059048542837183e-15,7.235429125702311e-15
F2global_d10_k10_rho1,FB--GVI,329.0,184.5143695255168,0.560833949925583,-6.029524271418591e-16,7.235429125702311e-15
F2global_d10_k10_rho1,FB--GVI,330.0,185.07520347544238,0.560833949925583,-6.029524271418591e-16,7.235429125702311e-15
F2global_d10_k10_rho1,FB--GVI,331.0,185.63603742536796,0.560833949925583,0.0,7.235429125702311e-15
F2global_d10_k10_rho1,FB--GVI,332.0,186.19687137529357,0.560833949925583,-6.029524271418591e-16,7.235429125702311e-15
F2global_d10_k10_rho1,FB--GVI,333.0,186.75770532521915,0.560833949925583,-6.029524271418591e-16,7.235429125702311e-15
F2global_d10_k10_rho1,FB--GVI,334.0,187.31853927514473,0.560833949925583,-1.2059048542837183e-15,7.235429125702311e-15
F2global_d10_k10_rho1,FB--GVI,335.0,187.8793732250703,0.560833949925583,-1.2059048542837183e-15,7.235429125702311e-15
F2global_d10_k10_rho1,FB--GVI,336.0,188.4402071749959,0.560833949925583,-6.029524271418591e-16,7.235429125702311e-15
F2global_d10_k10_rho1,FB--GVI,337.0,189.00104112492147,0.560833949925583,0.0,7.235429125702311e-15
F2global_d10_k10_rho1,FB--GVI,338.0,189.56187507484705,0.560833949925583,-6.029524271418591e-16,7.235429125702311e-15
F2global_d10_k10_rho1,FB--GVI,339.0,190.12270902477263,0.560833949925583,-6.029524271418591e-16,7.235429125702311e-15
F2global_d10_k10_rho1,FB--GVI,340.0,190.6835429746982,0.560833949925583,-1.2059048542837183e-15,7.235429125702311e-15
F2global_d10_k10_rho1,FB--GVI,341.0,191.2443769246238,0.560833949925583,-1.2059048542837183e-15,7.235429125702311e-15
F2global_d10_k10_rho1,FB--GVI,342.0,191.80521087454937,0.560833949925583,0.0,7.235429125702311e-15
F2global_d10_k10_rho1,FB--GVI,343.0,192.36604482447495,0.560833949925583,-1.2059048542837183e-15,7.235429125702311e-15
F2global_d10_k10_rho1,FB--GVI,344.0,192.92687877440056,0.560833949925583,-6.029524271418591e-16,7.235429125702311e-15
F2global_d10_k10_rho1,FB--GVI,345.0,193.48771272432614,0.560833949925583,-1.2059048542837183e-15,7.235429125702311e-15
F2global_d10_k10_rho1,FB--GVI,346.0,194.04854667425172,0.560833949925583,0.0,7.235429125702311e-15
F2global_d10_k10_rho1,FB--GVI,347.0,194.6093806241773,0.560833949925583,0.0,7.235429125702311e-15
F2global_d10_k10_rho1,FB--GVI,348.0,195.17021457410289,0.560833949925583,-1.2059048542837183e-15,7.235429125702311e-15
F2global_d10_k10_rho1,FB--GVI,349.0,195.73104852402847,0.560833949925583,-1.2059048542837183e-15,7.235429125702311e-15
F2global_d10_k10_rho1,FB--GVI,350.0,196.29188247395405,0.560833949925583,-6.029524271418591e-16,7.235429125702311e-15
F2global_d10_k10_rho1,FB--GVI,351.0,196.85271642387963,0.560833949925583,-1.2059048542837183e-15,7.235429125702311e-15
F2global_d10_k10_rho1,FB--GVI,352.0,197.4135503738052,0.560833949925583,-1.2059048542837183e-15,7.235429125702311e-15
F2global_d10_k10_rho1,FB--GVI,353.0,197.9743843237308,0.560833949925583,0.0,7.235429125702311e-15
F2global_d10_k10_rho1,FB--GVI,354.0,198.53521827365637,0.560833949925583,-6.029524271418591e-16,7.235429125702311e-15
F2global_d10_k10_rho1,FB--GVI,355.0,199.09605222358198,0.560833949925583,-6.029524271418591e-16,7.235429125702311e-15
F2global_d10_k10_rho1,FB--GVI,356.0,199.65688617350756,0.560833949925583,-1.2059048542837183e-15,7.235429125702311e-15
F2global_d10_k10_rho1,FB--GVI,357.0,200.21772012343314,0.560833949925583,-6.029524271418591e-16,7.235429125702311e-15
F2global_d10_k10_rho1,FB--GVI,358.0,200.77855407335872,0.560833949925583,-1.2059048542837183e-15,7.235429125702311e-15
F2global_d10_k10_rho1,FB--GVI,359.0,201.3393880232843,0.560833949925583,0.0,7.235429125702311e-15
F2global_d10_k10_rho1,FB--GVI,360.0,201.90022197320988,0.560833949925583,-6.029524271418591e-16,7.235429125702311e-15
F2global_d10_k10_rho1,FB--GVI,361.0,202.46105592313546,0.560833949925583,0.0,7.235429125702311e-15
F2global_d10_k10_rho1,FB--GVI,362.0,203.02188987306104,0.560833949925583,-6.029524271418591e-16,7.235429125702311e-15
F2global_d10_k10_rho1,FB--GVI,363.0,203.58272382298662,0.560833949925583,0.0,7.235429125702311e-15
F2global_d10_k10_rho1,FB--GVI,364.0,204.1435577729122,0.560833949925583,-6.029524271418591e-16,7.235429125702311e-15
F2global_d10_k10_rho1,FB--GVI,365.0,204.70439172283778,0.560833949925583,0.0,7.235429125702311e-15
F2global_d10_k10_rho1,FB--GVI,366.0,205.26522567276336,0.560833949925583,0.0,7.235429125702311e-15
F2global_d10_k10_rho1,FB--GVI,367.0,205.82605962268897,0.560833949925583,-1.2059048542837183e-15,7.235429125702311e-15
F2global_d10_k10_rho1,FB--GVI,368.0,206.38689357261455,0.560833949925583,-1.2059048542837183e-15,7.235429125702311e-15
F2global_d10_k10_rho1,FB--GVI,369.0,206.94772752254013,0.560833949925583,-6.029524271418591e-16,7.235429125702311e-15
F2global_d10_k10_rho1,FB--GVI,370.0,207.50856147246571,0.560833949925583,0.0,7.235429125702311e-15
F2global_d10_k10_rho1,FB--GVI,371.0,208.0693954223913,0.560833949925583,-6.029524271418591e-16,7.235429125702311e-15
F2global_d10_k10_rho1,FB--GVI,372.0,208.63022937231688,0.560833949925583,0.0,7.235429125702311e-15
F2global_d10_k10_rho1,FB--GVI,373.0,209.19106332224246,0.560833949925583,-6.029524271418591e-16,7.235429125702311e-15
F2global_d10_k10_rho1,FB--GVI,374.0,209.75189727216804,0.560833949925583,0.0,7.235429125702311e-15
F2global_d10_k10_rho1,FB--GVI,375.0,210.31273122209362,0.560833949925583,-1.2059048542837183e-15,7.235429125702311e-15
F2global_d10_k10_rho1,FB--GVI,376.0,210.8735651720192,0.560833949925583,-1.2059048542837183e-15,7.235429125702311e-15
F2global_d10_k10_rho1,FB--GVI,377.0,211.43439912194478,0.560833949925583,-1.2059048542837183e-15,7.235429125702311e-15
F2global_d10_k10_rho1,FB--GVI,378.0,211.99523307187036,0.560833949925583,0.0,7.235429125702311e-15
F2global_d10_k10_rho1,FB--GVI,379.0,212.55606702179597,0.560833949925583,-1.2059048542837183e-15,7.235429125702311e-15
F2global_d10_k10_rho1,FB--GVI,380.0,213.11690097172155,0.560833949925583,-6.029524271418591e-16,7.235429125702311e-15
F2global_d10_k10_rho1,FB--GVI,381.0,213.67773492164713,0.560833949925583,-6.029524271418591e-16,7.235429125702311e-15
F2global_d10_k10_rho1,FB--GVI,382.0,214.2385688715727,0.560833949925583,-6.029524271418591e-16,7.235429125702311e-15
F2global_d10_k10_rho1,FB--GVI,383.0,214.7994028214983,0.560833949925583,0.0,7.235429125702311e-15
F2global_d10_k10_rho1,FB--GVI,384.0,215.36023677142387,0.560833949925583,-1.2059048542837183e-15,7.235429125702311e-15
F2global_d10_k10_rho1,FB--GVI,385.0,215.92107072134945,0.560833949925583,-6.029524271418591e-16,7.235429125702311e-15
F2global_d10_k10_rho1,FB--GVI,386.0,216.48190467127503,0.560833949925583,-6.029524271418591e-16,7.235429125702311e-15
F2global_d10_k10_rho1,FB--GVI,387.0,217.0427386212006,0.560833949925583,-6.029524271418591e-16,7.235429125702311e-15
F2global_d10_k10_rho1,FB--GVI,388.0,217.6035725711262,0.560833949925583,-1.2059048542837183e-15,7.235429125702311e-15
F2global_d10_k10_rho1,FB--GVI,389.0,218.16440652105177,0.560833949925583,0.0,7.235429125702311e-15
F2global_d10_k10_rho1,FB--GVI,390.0,218.72524047097738,0.560833949925583,-6.029524271418591e-16,7.235429125702311e-15
F2global_d10_k10_rho1,FB--GVI,391.0,219.28607442090296,0.560833949925583,0.0,7.235429125702311e-15
F2global_d10_k10_rho1,FB--GVI,392.0,219.84690837082854,0.560833949925583,-6.029524271418591e-16,7.235429125702311e-15
F2global_d10_k10_rho1,FB--GVI,393.0,220.40774232075412,0.560833949925583,-1.2059048542837183e-15,7.235429125702311e-15
F2global_d10_k10_rho1,FB--GVI,394.0,220.9685762706797,0.560833949925583,-1.808857281425578e-15,7.235429125702311e-15
F2global_d10_k10_rho1,FB--GVI,395.0,221.52941022060529,0.560833949925583,-6.029524271418591e-16,7.235429125702311e-15
F2global_d10_k10_rho1,FB--GVI,396.0,222.09024417053087,0.560833949925583,-6.029524271418591e-16,7.235429125702311e-15
F2global_d10_k10_rho1,FB--GVI,397.0,222.65107812045645,0.560833949925583,-6.029524271418591e-16,7.235429125702311e-15
F2global_d10_k10_rho1,FB--GVI,398.0,223.21191207038203,0.560833949925583,-6.029524271418591e-16,7.235429125702311e-15
F2global_d10_k10_rho1,FB--GVI,399.0,223.7727460203076,0.560833949925583,-6.029524271418591e-16,7.235429125702311e-15
F2global_d10_k10_rho1,FB--GVI,400.0,224.3335799702332,0.560833949925583,-6.029524271418591e-16,7.235429125702311e-15
