method,algorithm_seconds,median,lower,upper
FR--R--STL,0.0,545.7152083153993,545.7152083153993,545.7152083153993
FR--R--STL,0.0079452200443483,227.42883438317992,97.4771398904104,312.53956226566027
FR--R--STL,0.0161413100431673,182.12801172518,69.49313945104349,251.07854149033014
FR--R--STL,0.0247639990993775,159.35763024277136,56.240120730277596,219.8786290665802
FR--R--STL,0.0330200591124594,146.1380966837311,47.797203083631224,199.72109122413528
FR--R--STL,0.0491216490627266,136.86863203386753,41.42729765776248,184.42124762381843
FR--R--STL,0.0575375790358521,129.61286520804907,36.06337574541975,170.7764112513435
FR--R--STL,0.065770028042607,122.9751659039296,31.194896593252892,158.0010040015081
FR--R--STL,0.0740080179530195,116.85025007404413,26.633846932101946,144.99618750190604
FR--R--STL,0.0822005780646577,107.40317378425196,22.400797998726393,132.87147990562642
FR--R--STL,0.0903811370953917,90.79139065615264,18.542460717892467,123.21307649820497
FR--R--STL,0.0988230271614156,74.35297696050503,15.040170466361648,113.23271409130723
FR--R--STL,0.106993367196992,58.52912864725673,11.856016576835609,102.66726596414857
FR--R--STL,0.1150426971144042,44.32268251933056,9.14632714670951,91.61382186151206
FR--R--STL,0.1233844871167093,32.27868765724671,6.985396450311692,80.15501113359787
FR--R--STL,0.1315139061771333,22.737511658173872,5.278386653322135,68.42313911369376
FR--R--STL,0.1398334061959758,15.705426461242496,3.9645530544903864,56.974065185667676
FR--R--STL,0.1481424562516622,10.851183436249102,2.985933726287885,46.74927970250958
FR--R--STL,0.1570803252980113,7.599070046961856,2.286412956008445,37.07405817581485
FR--R--STL,0.165378195408266,5.500565902980924,1.7706199425159865,28.55892044227672
FR--R--STL,0.1734683153335936,4.0330743904995785,1.3746102806538487,21.29637616709396
FR--R--STL,0.1814306342857889,3.101893994772581,1.0816396995234725,15.481436319543372
FR--R--STL,0.1894534842576831,2.398144216037465,0.8580226583874151,11.043189132384903
FR--R--STL,0.1975062442361377,1.8876802317019925,0.676540494199196,7.872694440134775
FR--R--STL,0.2054516542120836,1.5126010762970878,0.540851247424905,5.6565315679973285
FR--R--STL,0.2135017241816967,1.2503814432531186,0.4390289256735087,4.121504526836247
FR--R--STL,0.2215951431426219,1.0218597654105537,0.35355687312373046,3.0559779257561273
FR--R--STL,0.2295468732481822,0.8340586805352928,0.28958440642473987,2.360232695665104
FR--R--STL,0.2374546232749708,0.6950872960364904,0.23994253738182747,1.8142594799674332
FR--R--STL,0.2527984223561361,0.58478055964693,0.19884021192639517,1.4261957717908418
FR--R--STL,0.2609793324372731,0.480713430710324,0.1648774817036667,1.120601467116609
FR--R--STL,0.2700568424188532,0.4052673654854857,0.13670123688179386,0.8912684407636221
FR--R--STL,0.2784981624572538,0.3411838456228651,0.11250083551224746,0.7111513404767607
FR--R--STL,0.2887952424935065,0.2868273534232486,0.09197834742976166,0.5805067703284834
FR--R--STL,0.2976699123973958,0.2401024711810464,0.07676000479252988,0.4738491176945899
FR--R--STL,0.308637312380597,0.2036218606872069,0.06442884910516107,0.3926575932959935
FR--R--STL,0.3166978923254646,0.1753179399591999,0.05640220357477966,0.31876219471044176
FR--R--STL,0.3249786723172292,0.1470243774487727,0.04628838052028636,0.25972517938511713
FR--R--STL,0.3331234612851403,0.1185469672892622,0.03911986700975938,0.21170717768691244
FR--R--STL,0.3414380712783895,0.1007486950325642,0.03361637552018798,0.17148532194712515
FR--R--STL,0.353704521257896,0.084772469471531,0.02744914274542786,0.14388941031008923
FR--R--STL,0.3626158112892881,0.0726786208595342,0.0243559366926405,0.12184584793025688
FR--R--STL,0.3709707102971151,0.0632522908504142,0.019730367879293418,0.1017380944986456
FR--R--STL,0.3792956101824529,0.0549594659746333,0.01609426215577508,0.08531446386556917
FR--R--STL,0.3874081302201375,0.0453052165121334,0.01430008300345654,0.06893984154388307
FR--R--STL,0.4012962501728907,0.0395172551088194,0.01365474497266626,0.05847704744836614
FR--R--STL,0.409565219131764,0.0306571144550105,0.012284813402197801,0.04710863964141934
FR--R--STL,0.4177386479568667,0.0255983959972638,0.0114636532252973,0.04067107048296346
FR--R--STL,0.4275254778913222,0.0205987405914669,0.0092116622283668,0.033657711028555984
FR--R--STL,0.4376557079376653,0.0190521577698206,0.00843541994448168,0.02917494655981724
FR--R--STL,0.4476678069331683,0.0153241897551765,0.0078934482421118,0.026430780721622624
FR--R--STL,0.4576195159461349,0.012761764849074,0.0065151115445246195,0.022977414273850562
FR--R--STL,0.466691586014349,0.0129345825417743,0.00571300927266516,0.0213583080129865
FR--R--STL,0.474806775979232,0.0118808212652652,0.0067179427446319,0.01963002401455748
FR--R--STL,0.4828537750872783,0.0101417242323691,0.00603840912127674,0.01767992464645538
FR--R--STL,0.4968833851162344,0.0102758022862445,0.00578414569547186,0.014415912476169902
FR--R--STL,0.5048765550600365,0.0114451874709118,0.00693362382320682,0.0137488141939854
FR--R--STL,0.5130300440941937,0.008681767287598,0.00737887746464304,0.01256866711777314
FR--R--STL,0.5211760932579637,0.0083606007527663,0.00620223159153564,0.010831242766243981
FR--R--STL,0.5292958933277987,0.0078778176597325,0.0054837633264127605,0.01015504414440896
FR--R--STL,0.5373301432700828,0.0074450147258602,0.00548036448057012,0.009000626608690221
FR--R--STL,0.5453548723016866,0.0069245362359851,0.00491621094753326,0.00834330429000258
FR--R--STL,0.5531530723674223,0.0062578534611219,0.00481041222047334,0.008204584008535621
FR--R--STL,0.5611178323742934,0.0054965780545472,0.00453196030118188,0.00698528660038842
FR--R--STL,0.5691012513125315,0.0056763115866971,0.00446829878279394,0.007402534277161941
FR--R--STL,0.5774922197451815,0.0065599239531621,0.00457900750737678,0.00813022183666584
FR--R--STL,0.5877003598143347,0.0067718668275347,0.0049643588811022,0.00811216395181872
FR--R--STL,0.6013448319281451,0.0060251878292376,0.00512900532078784,0.00730943214647934
FR--R--STL,0.6129335119039752,0.0053951539325964,0.004806796342953099,0.0075072595162737005
FR--R--STL,0.6213016718975268,0.0061173174553914,0.00446030005392968,0.0065744032207817
FR--R--STL,0.6301108018960804,0.005087464960269,0.00445214729352584,0.0080525428725678
FR--R--STL,0.6397300509852357,0.0051692279848793,0.0039996714408033,0.0067806980289219195
FR--R--STL,0.6496697110123932,0.0055261547916529,0.00425786254206452,0.00585741989748384
FR--R--STL,0.6608571010292508,0.0047233200290861,0.0037873524681884,0.00560424367802164
FR--R--STL,0.6704886510269716,0.0052376659426158,0.0040776583328124205,0.0053947957327352
FR--R--STL,0.6798412800417282,0.0052926032772688,0.0044351475829955194,0.00579438420758716
FR--R--STL,0.6882349300431088,0.0046868306676088,0.00429287176216626,0.00602861365388202
FR--R--STL,0.6972760400967672,0.0050370487810198,0.00416519638772568,0.00529481656883486
FR--R--STL,0.7065523091005161,0.0061182164164392,0.00471443020759916,0.007901846035355181
FR--R--STL,0.715891285915859,0.0054607687233527,0.00453832454245452,0.00698524268290154
FR--R--STL,0.7271839159657247,0.0062337881356882,0.005005227863085719,0.00679780595301618
FR--R--STL,0.7370537759852596,0.0055846612124383,0.00375457873365684,0.00798715352265156
FR--R--STL,0.7463364063296467,0.0043642933692495,0.00401683910966422,0.00856540349983842
FR--R--STL,0.7545183763140813,0.0053747180394054,0.00461863287484328,0.00785324787507306
FR--R--STL,0.7626682852278464,0.0062186644914845,0.00404014545631522,0.0072222606896928995
FR--R--STL,0.776285934029147,0.0060674398255287,0.00514512065623756,0.00642721934370906
FR--R--STL,0.7866555929649621,0.0049712700746056,0.00411658856677372,0.005546223278093921
FR--R--STL,0.7990902141318657,0.0051602992388239,0.0046865488548433806,0.00571715561764556
FR--R--STL,0.8157062231330201,0.0053070012845779,0.00419684169347074,0.00590478973119266
FR--R--STL,0.8274797453195788,0.0049561718721236,0.0035189198162726,0.00685266231558326
FR--R--STL,0.8358099353499711,0.0049459300227567,0.00342898014959016,0.00547494879420182
FR--R--STL,0.8438454353599809,0.004579615047433,0.0038787575571177,0.006609152105306741
FR--R--STL,0.8518370653619058,0.0053831060867111,0.00428864910024056,0.00655373240588794
FR--R--STL,0.8599334643222392,0.0048689795637812,0.004510445735900179,0.0068923671945924
FR--R--STL,0.8682210943079554,0.0053321643229082,0.00483393365062166,0.00723845877117804
FR--R--STL,0.8776978643145412,0.0053247415421822,0.00493108757930538,0.007332433257522479
FR--R--STL,0.8872089333017357,0.0064569574783632,0.00548083814812512,0.00706068891005878
FR--R--STL,0.8972183532314375,0.0056182468857031,0.004809019211782541,0.007769443068457281
FR--R--STL,0.9070761632174252,0.0065171744030152,0.00402963128736638,0.008081856617269501
FR--R--STL,0.9167811332154088,0.0052110243703111,0.00432269748213508,0.00672700550019834
FR--R--STL,0.92661066231085,0.0047829904694793,0.00425047331792424,0.00685692702247136
FR--R--STL,0.9366537623573096,0.0046878095044036,0.00457530366274452,0.005491110804379621
FR--R--STL,0.946495098003652,0.0049401220077811,0.00478638561829994,0.00529360894203418
FR--R--STL,0.9568996524321848,0.0055343328660057,0.00451053770406124,0.0058169796364268
FR--R--STL,0.9660356271197088,0.0054143976527853,0.00400758783763986,0.0065175281222792005
FR--R--STL,0.9820469881524332,0.0050888507647073,0.00422374151704612,0.006385842095426099
FR--R--STL,0.9914219971979036,0.0051845391323865,0.00424661259708042,0.0065313500240222
FR--R--STL,1.001234307186678,0.0055499415603037,0.00397639404496026,0.00659845749984236
FR--R--STL,1.0110936872079035,0.005261368101685,0.00486805186923214,0.006332067309511941
FR--R--STL,1.020912487176247,0.0058382630375035,0.004876797404691,0.00664075446042596
FR--R--STL,1.0307470961124636,0.0052241243150064,0.004795736755971739,0.0058388874638779405
FR--R--STL,1.040549376164563,0.00542575489618,0.00474098822743936,0.00676673782181182
FR--R--STL,1.049986746162176,0.0047921764732308,0.004549238641988,0.0057183930682952805
FR--R--STL,1.059252015198581,0.0046082132953131,0.00382831117707378,0.005184744708967
FR--R--STL,1.078205594618339,0.0047351934872779,0.0039037718909724402,0.00630459634956246
FR--R--STL,1.086145524575841,0.0048894543890867,0.00371712579880916,0.00521324892102362
FR--R--STL,1.0942953935591504,0.0052102342483522,0.00498940003489558,0.00573073850988802
FR--R--STL,1.102434693602845,0.0051553333490659,0.00447031912369762,0.00606849373908742
FR--R--STL,1.1104818935273215,0.0057183151076714,0.0056126260096533,0.00620267342303006
FR--R--STL,1.118446852604393,0.0067203745126533,0.00500295161428424,0.00842095093916834
FR--R--STL,1.126744812587276,0.0057846531845768,0.00507683189406404,0.00720433512860834
FR--R--STL,1.143723865679931,0.0057108610905203,0.00517807049903066,0.00727861962385244
FR--R--STL,1.1650432146852836,0.0059535215357442,0.00569182545165458,0.00695617281793654
FR--R--STL,1.1802863926277496,0.0057686831268028,0.00522504528218796,0.00714752926518536
FR--R--STL,1.1897928715334274,0.0058400099290025,0.0043289670892135606,0.00777075991620674
FR--R--STL,1.198802854574751,0.0058619472850978,0.00433392531908222,0.00799871281624568
FR--R--STL,1.2070672145928256,0.0050888521406591,0.00434539717295476,0.00624682795730672
FR--R--STL,1.2151803345768712,0.0045484839940854,0.00390215168440866,0.00561233828739768
FR--R--STL,1.2236336135538295,0.0047111316996506,0.00405552960211818,0.00514014089229132
FR--R--STL,1.2320343135506846,0.0048029174374022,0.00391127664928772,0.0059975016491989
FR--R--STL,1.2401919036055915,0.0047907606053314,0.00435262402253324,0.0073189310258527
FR--R--STL,1.248461422685068,0.005447604633602,0.00396721251757696,0.00820984917101546
FR--R--STL,1.256886572635267,0.0051214200671836,0.00365012399758192,0.00807179819138918
FR--R--STL,1.2653799026156776,0.0051837140712791,0.00404569017175894,0.00583572119475092
FR--R--STL,1.273883071669843,0.005863733681636,0.0035209973144418403,0.00718757375328488
FR--R--STL,1.2821630917023867,0.0058939950973524,0.00343311887852442,0.0066870838687265
FR--R--STL,1.290490111685358,0.0050118466186859,0.00400440309219046,0.00608973011252938
FR--R--STL,1.2986770405550487,0.0048577173552217,0.0039369323828849796,0.00668448478710664
FR--R--STL,1.306944330688566,0.0051929885562742,0.0037827854812177803,0.006616870207511659
FR--R--STL,1.31526206061244,0.0040365370988411,0.00392101248730788,0.00680551003317756
FR--R--STL,1.3236095495522022,0.0056602829527321,0.00348282876498158,0.00697265987155896
FR--R--STL,1.3318856694968415,0.0059569446959955,0.00431784452082406,0.00684437890156458
FR--R--STL,1.3412832378526218,0.005618587008584,0.00512785346962798,0.0066457336647942605
FR--R--STL,1.3506170079344884,0.005151158932108,0.0047771555604299,0.0058348996901827
FR--R--STL,1.3608417878858745,0.0051680479442381,0.00466254337532628,0.00540058305578548
FR--R--STL,1.3708689469494857,0.0041437056216011,0.00371258473053328,0.00560381241948554
FR--R--STL,1.3807314568548463,0.004519161549183,0.00413157090238476,0.00555481066195964
FR--R--STL,1.3902105867746286,0.003944542241598,0.00331108802674856,0.0052794335358896
FR--R--STL,1.3995726367575116,0.004133161177549,0.0027135840635992,0.00560600404909902
FR--R--STL,1.4094595558126457,0.0047089407659797,0.00304383853031704,0.00607631415437308
FR--R--STL,1.419247533893213,0.0052150633849805,0.00357235095789854,0.00553377310548622
FR--R--STL,1.4277880838490091,0.0056963604558291,0.0039592535147107595,0.00611769308733298
FR--R--STL,1.4360486337682232,0.0051614928009939,0.00404705686986228,0.00580508571926538
FR--R--STL,1.4443404637859203,0.0048344146389496,0.00431324652686266,0.0057934846299473805
FR--R--STL,1.4525725637795404,0.0051717383983032,0.0045353792571176995,0.00656046145699058
FR--R--STL,1.4610312128206715,0.0050792611798016,0.004036110938625321,0.0070108952434566
FR--R--STL,1.4693959327414632,0.0053770345544279,0.00476768964957152,0.00747944405421202
FR--R--STL,1.4777561627561226,0.0066011230384219,0.00512358600197722,0.00716016437147564
FR--R--STL,1.4859047617646866,0.005847648735056,0.00408393937317152,0.00695334275785334
FR--R--STL,1.4940151617629454,0.0047565661658808,0.00375459587371544,0.0067731132595184405
FR--R--STL,1.5021849617478438,0.0047666175852327,0.0037174573999208997,0.005331717429911001
FR--R--STL,1.5172027507796884,0.0061186363780336,0.00345476184754144,0.00655088495252012
FR--R--STL,1.530478289758321,0.0051489758694174,0.00458003620766468,0.00844594165635326
FR--R--STL,1.538906229834538,0.0068813474276225,0.0052814420950425805,0.009219990827011741
FR--R--STL,1.5472973298747092,0.0079631000968021,0.00532879443145184,0.00901896703422832
FR--R--STL,1.5553995298687369,0.0070595232274257,0.00480665890543998,0.009592217047091341
FR--R--STL,1.5636055397917517,0.0055240126970375,0.0052490721980291005,0.00805753164413254
FR--R--STL,1.571661488735117,0.0061274914329487,0.00519880366135224,0.008573404902267559
FR--R--STL,1.5797231288161129,0.0063677340960452,0.00463362259483792,0.00694760399539968
FR--R--STL,1.601715418859385,0.0063107613611208,0.00495762117741658,0.0065713102284291405
FR--R--STL,1.6102497388492338,0.0056968156105767,0.0041674633641463205,0.00749482161372152
FR--R--STL,1.6185279978672042,0.006001063442568,0.00465260709195544,0.00680331665151634
FR--R--STL,1.6267246578936465,0.0048103239822125,0.00427509609372118,0.00680130660039704
FR--R--STL,1.6406097278813832,0.0052324193135007,0.0034841243023805,0.006237814642292941
FR--R--STL,1.6486483978806064,0.0054389323302217,0.00503071910289062,0.00731897276039886
FR--R--STL,1.6568257578765042,0.0052544622934647,0.00386486874979532,0.00759021622623092
FR--R--STL,1.6650406478438526,0.0051987538891751,0.00472526499238482,0.00602271784145212
FR--R--STL,1.673144486907404,0.0045778335179704,0.00419296011329774,0.00583425333636562
FR--R--STL,1.681198826932814,0.0049659559795287,0.0046828514481205,0.006029523006148381
FR--R--STL,1.6896057269186713,0.0067441486335724,0.00530175811991848,0.00750324237270944
FR--R--STL,1.6980279359268025,0.0068751554666448,0.00513879457093364,0.007566600064475799
FR--R--STL,1.7064355358597822,0.0060702253650504,0.0051093844373866,0.00682637337864086
FR--R--STL,1.7148442158359103,0.0050041028461293,0.00455343001358976,0.0069578953997364405
FR--R--STL,1.7231521648936905,0.0059397754763921,0.00431562570295504,0.0067429651005852
FR--R--STL,1.7312703848583624,0.0053132294070792,0.00449725287673454,0.006998561915085501
FR--R--STL,1.7394302849425003,0.0047182363346536,0.00384725007440914,0.007112970295787581
FR--R--STL,1.747773264942225,0.0045146433463685,0.00368902721564834,0.006157888482218181
FR--R--STL,1.7558936949935742,0.005047238989448,0.00433409223049348,0.0057291331858578595
FR--R--STL,1.7643207140499726,0.0049841095634093,0.00407888509926402,0.00573500639317496
FR--R--STL,1.772508644091431,0.0048593147384394,0.00420257671317756,0.0055223120479894
FR--R--STL,1.7811622541048564,0.005687463113162,0.00503469991352288,0.0065292283873446605
FR--R--STL,1.7897127631003968,0.0054130460292185,0.00458285965665362,0.00701163630485264
FR--R--STL,1.797938393021468,0.0067153918210323,0.005587630059792919,0.00689137085525426
FR--R--STL,1.8063393930206075,0.0065084141877207,0.00532393145014108,0.0070661794641807395
FR--R--STL,1.8147400719462892,0.005890736867542,0.00571474357604408,0.0075400428847046405
FR--R--STL,1.823101761867292,0.0054217245588716,0.00469293355208148,0.00645430336504086
FR--R--STL,1.831312151742168,0.0062483884369441,0.00471779231119734,0.007173316511307299
FR--R--STL,1.8395478707388973,0.0068840069920952,0.0044920883404500405,0.00774336244036248
FR--R--STL,1.8478368106880223,0.0064255013980556,0.00489489815929852,0.00762007204039602
FR--R--STL,1.8621578107122327,0.0053724262563719,0.00428493163043124,0.00598774922963224
FR--R--STL,1.870609200675972,0.0052105190686404,0.0045076868008123395,0.0056368191342585
FR--R--STL,1.8865292895934545,0.0056467400146686,0.00473423079691878,0.00689836855747782
FR--R--STL,1.8948355985921808,0.0061151480850583,0.0040634107209825,0.00695650535512292
FR--R--STL,1.903247248614207,0.0049866252818588,0.00423359422965174,0.00614254429625016
FR--R--STL,1.9135562502779069,0.0056031639547029,0.00451808013111184,0.0057700582895676995
FR--R--STL,1.9216703292331656,0.0047919732665775,0.0036074481612814,0.0065278847244002
FR--R--STL,1.929786869091913,0.0051025828530697,0.0036425835466218203,0.00633226545095052
FR--R--STL,1.938189119100571,0.0058618651455049,0.00370034126067364,0.00705174091284558
FR--R--STL,1.9462985291029329,0.0045841308229768,0.0039982049999081806,0.00636455574039296
FR--R--STL,1.9543280691141265,0.0049772021433227,0.004490500352687761,0.00614980644299976
FR--R--STL,1.9623779480461965,0.0054907180121404,0.00476130221229592,0.00600393074407456
FR--R--STL,1.9708104680175893,0.0053621262724732,0.00429827095950936,0.0057913007459319
FR--R--STL,1.978910768055357,0.0054091668821598,0.003983272494878,0.005893214278196919
FR--R--STL,1.9870024970150555,0.0053989855281457,0.00390403071958756,0.00648450961731722
FR--R--STL,1.995004007010721,0.005302495396819,0.00406063091995458,0.00673137516445758
FR--R--STL,2.0029933270416223,0.0053876652070528,0.00409102700840546,0.00709560385956814
FR--R--STL,2.0114491470740177,0.0046249685797477,0.00384516281998508,0.00561487344272108
FR--R--STL,2.019544287060853,0.0053940021654028,0.0042648659059551005,0.00608902178184672
FR--R--STL,2.0277046271367,0.0057896876139551,0.00387986950655654,0.007180723280765661
FR--R--STL,2.035853237088304,0.0055626540724915,0.00367200329083624,0.0072124556127476196
FR--R--STL,2.044162647041958,0.0061538059578367,0.00412204192350024,0.00791962638492114
FR--R--STL,2.0523316660546698,0.0061983169704262,0.0041971092921784,0.007917249387082801
FR--R--STL,2.060400235990528,0.0056637813321458,0.00468469658168542,0.00750578026330684
FR--R--STL,2.06848182604881,0.0061891220917118,0.00473542954606494,0.00722922953507914
FR--R--STL,2.076611355063505,0.0060256129819862,0.00522205886264252,0.00704654921337916
FR--R--STL,2.084692555072252,0.0059112705525308,0.00459356695941148,0.0063255587652377605
FR--R--STL,2.092700225126464,0.0055793400753714,0.004537066087300401,0.0065899752932324
FR--R--STL,2.1008200151263736,0.005981346244539,0.00523663162935004,0.00626313552729696
FR--R--STL,2.108905915170908,0.0042571768087356,0.00408692467024702,0.0069177708812389205
FR--R--STL,2.116903254238423,0.00479495140452,0.00379147202627614,0.0071610018446505806
FR--R--STL,2.126449100614991,0.0047610042632157,0.00375512201112538,0.006374428631221439
FR--R--STL,2.135465310653672,0.0057502468308001,0.0036998876965611003,0.00691778823431258
FR--R--STL,2.144137920695357,0.0055952129096965,0.00413876527422586,0.00667159729584902
FR--R--STL,2.1526499807368964,0.0051408938061285,0.00397274577832714,0.00696762904248372
FR--R--STL,2.1612590207369067,0.0054765419682212,0.00465388135846176,0.007045372128439381
FR--R--STL,2.16988725081319,0.0052311125379134,0.00448245904023562,0.00604599244808806
FR--R--STL,2.18062707077479,0.0047311086773049,0.0042825425279203804,0.0057610483856762595
FR--R--STL,2.189904000784736,0.0047098843521382,0.0043972340540448795,0.005381751082955999
FR--R--STL,2.199254499748349,0.005376750598856,0.0043789321749045,0.0056309192267746805
FR--R--STL,2.2081278897821903,0.0055174050421413,0.00479253833835,0.00653508667681702
FR--R--STL,2.2163941297330894,0.0060098257715992,0.00546496193652496,0.00632359625427056
FR--R--STL,2.2249290088075213,0.0058387663878392,0.0051973012771213,0.0073712732368505195
FR--R--STL,2.23303753772052,0.0050155291057336,0.004364396754834759,0.0058114781431072
FR--R--STL,2.2412450677366,0.0050408010826714,0.0048763007526872,0.00541229339935678
FR--R--STL,2.2494905978091992,0.0042092108677138,0.00401865000457344,0.00575326176869448
FR--R--STL,2.2576173878624104,0.0045262954103009,0.00422618176216922,0.00539496414602636
FR--R--STL,2.265886957815382,0.005182184264612,0.00458997621749968,0.00532827829004242
FR--R--STL,2.274059506773483,0.0057604951344387,0.0048952161344572405,0.00715366136264774
FR--R--STL,2.283647726755589,0.0054929834295904,0.00446644395082382,0.00591467841853724
FR--R--STL,2.2977302568033338,0.0049737888924425,0.0043864428546555,0.00610275677724982
FR--R--STL,2.306215106800664,0.0056561502559162,0.00519416943502044,0.00635327748989308
FR--R--STL,2.3146251658326946,0.0055349671454081,0.0039363916728234,0.00666776322404412
FR--R--STL,2.3236583558027637,0.0059587023010578,0.0038613770184440202,0.00696104021999126
FR--R--STL,2.3342260958161205,0.0069823178295109,0.00585752232884424,0.00708251523077474
FR--R--STL,2.3524478548788466,0.0059606499150675,0.0057220136591182805,0.0065277394984974
FR--R--STL,2.3709321247879416,0.00555629819317,0.00513901086224558,0.0063604243096733
FR--R--STL,2.3797435148153454,0.0050050626589097,0.00426926302601766,0.00564656169102016
FR--R--STL,2.38962944369996,0.0055277126243993,0.0045534739617494,0.00621211532489662
FR--R--STL,2.3993911437573843,0.0062340689655542,0.00490608925921656,0.006841836654683619
FR--R--STL,2.4091727437917143,0.0060392934228872,0.0041351682872459,0.0072051374908795405
FR--R--STL,2.418720333778765,0.0049620353690613,0.00422791018839626,0.0061574987540126
FR--R--STL,2.4304956927662715,0.0047411314016017,0.0037199170521290004,0.0054477414984205
FR--R--STL,2.4405053429072723,0.0044521204116563,0.00427190373423228,0.00504682006041148
FR--R--STL,2.450225092819892,0.0043289052725299,0.00338702122796798,0.00522665046124748
FR--R--STL,2.460585022927262,0.0053356181843327,0.0041610152440937995,0.00668790476690614
FR--R--STL,2.470599221938756,0.0044935091285083,0.0038224857554382203,0.00494809929343482
FR--R--STL,2.4802646719035693,0.0042251927209377,0.00340859667966806,0.00488871269593854
FR--R--STL,2.489881791872904,0.0045886076337779,0.00400414631200754,0.00499089059225064
FR--R--STL,2.498512201826088,0.0046749526798066,0.00356412191662792,0.0052848312652741805
FR--R--STL,2.507498870778363,0.0040562243495543,0.0030055635284213,0.00482058526017108
FR--R--STL,2.5156291208113544,0.0038751824199181,0.00330693544854338,0.00469641772012884
FR--R--STL,2.5239598808111623,0.0045617891545504,0.00417873215450578,0.00510090983506754
FR--R--STL,2.5324215697473846,0.0054351008021598,0.00356266380806284,0.0056343619333858
FR--R--STL,2.5406286297366023,0.005210700305426,0.00417916055018844,0.00607316360502064
FR--R--STL,2.548790399741847,0.0055336459003854,0.0041436685307672,0.00677513571364722
FR--R--STL,2.557007508701645,0.0046358636865022,0.00358342487681674,0.0085055339365851
FR--R--STL,2.565313028753735,0.0041676447794998,0.00367974893640052,0.007002726619833701
FR--R--STL,2.5735580486943945,0.0051864321405616,0.0041734476828253,0.00700139249434524
FR--R--STL,2.581845977634657,0.0051812516850304,0.0039207441556072,0.00705798266922666
FR--R--STL,2.590854137612041,0.0053128069319825,0.00376743900892504,0.00701686717175102
FR--R--STL,2.5989967276109383,0.0055392213069467,0.00359742195502686,0.0065340018093934
FR--R--STL,2.607539626536891,0.0055578885198031,0.00436508064915414,0.0067584841852749
FR--R--STL,2.615748426527716,0.0047635877923255,0.00389964037989326,0.00623038968756186
FR--R--STL,2.623672876507044,0.0058460214798117,0.00508042628605942,0.00633275515014582
FR--R--STL,2.631594836420845,0.0052260865495412,0.00453981550555792,0.00564371631197386
FR--R--STL,2.639587006357033,0.0047465894446361,0.0046191288547049,0.0066567224724792
FR--R--STL,2.647550936380867,0.0044398835145358,0.00325682463791278,0.00704538962781948
FR--R--STL,2.655541206302587,0.0047108667047268,0.0040340136389431,0.007371655200662901
FR--R--STL,2.663645756256301,0.0046675058743801,0.00421728226970968,0.00660124311098964
FR--R--STL,2.6717511753086,0.0042254190046975,0.00382742823979066,0.00561378095001994
FR--R--STL,2.6798023553565145,0.0053666619288605,0.0041969275583198596,0.005752888605988439
FR--R--STL,2.6877250153338537,0.0056834831623149,0.00393435282238098,0.0058715571492143
FR--R--STL,2.695745025295764,0.0041158733780548,0.00404108453586778,0.00593619697798426
FR--R--STL,2.7039298453019,0.0062531790613036,0.0040102933868552595,0.00647180082411296
FR--R--STL,2.711886284290813,0.0056120789144955,0.00386427348565798,0.00766421121192874
FR--R--STL,2.720004594360944,0.0057096875594595,0.0050910613992129206,0.00781869942061344
FR--R--STL,2.72818941436708,0.0052843990761317,0.00501707989709244,0.00708612509043854
FR--R--STL,2.736586083425209,0.0067568112531546,0.00518770348840574,0.00714124438742366
FR--R--STL,2.7447870333562605,0.0053971779881294,0.00429989768967114,0.00711351164625278
FR--R--STL,2.7528397932765074,0.0052446835437649,0.00497333433023066,0.00562010854282274
FR--R--STL,2.7608411522232927,0.0045409714194022,0.00430315505008134,0.00480394714945758
FR--R--STL,2.768784402229357,0.0054479492885235,0.00418397029312124,0.0058344890650601396
FR--R--STL,2.7825535823358223,0.0044707189901203,0.00362268466649022,0.0061173813485794195
FR--R--STL,2.798594902385957,0.004250504858561,0.00379135123833402,0.0066032044392414805
FR--R--STL,2.8160182223073207,0.004677891830525,0.00425709699466094,0.00580050205714426
FR--R--STL,2.831370002299081,0.0049239986891507,0.00371774846209682,0.00581831219193416
FR--R--STL,2.8434314512414858,0.0061589819156893,0.00481858171628454,0.00687347571998196
FR--R--STL,2.851606401265599,0.0067063356238747,0.00425274297030568,0.00728960038499618
FR--R--STL,2.859666981326882,0.006071744833676,0.0047679436410163,0.00622489306752808
FR--R--STL,2.867851910239551,0.0059508430618251,0.00476211109262288,0.007652408811773601
FR--R--STL,2.8760067701805383,0.0043538692767555,0.00401548521815578,0.00751369697703692
FR--R--STL,2.884131420229096,0.004455040355296,0.00358680256435656,0.00676758787942612
FR--R--STL,2.8937840092694387,0.0044314758413719,0.00403165020445038,0.00829378052964384
FR--R--STL,2.901890179316979,0.0058474136624226,0.0048934633980536,0.00684905426416546
FR--R--STL,2.910026289348025,0.0059151713889207,0.00547059582243318,0.00774277147516212
FR--R--STL,2.918169898330234,0.0061959662606483,0.00501134687106622,0.00691818626042956
FR--R--STL,2.9261484383023344,0.005212388369614,0.0048542938303029,0.00663878805799524
FR--R--STL,2.934250968275592,0.0049480963823782,0.00445639003956156,0.0072933855333473805
FR--R--STL,2.942308977188077,0.0051346227152748,0.00478088530361158,0.00592761499921432
FR--R--STL,2.952108227298595,0.0050559636839579,0.00480587058349896,0.00528192254516562
FR--R--STL,2.960135047382209,0.0057181591941741,0.00364307595849022,0.0072245688227383
FR--R--STL,2.968206656398252,0.0045178088814026,0.00374095174084342,0.00570645382354654
FR--R--STL,2.9762736164266244,0.0041596664275544,0.0038582081403802397,0.00500291449467906
FR--R--STL,2.9844895364367403,0.0052369751965812,0.0043665649901498,0.00571384064133438
FR--R--STL,2.992622615478467,0.0048507362986356,0.00436949820391694,0.00513555043993674
FR--R--STL,3.0006783055723645,0.0053631734012355,0.00391408355392278,0.00612909581572008
FR--R--STL,3.008687975583598,0.0049117495561432,0.00351436683536686,0.0059905106439259205
FR--R--STL,3.016816485556774,0.004692461349407,0.00417468176312636,0.0058428103837313995
FR--R--STL,3.024886825645808,0.0042416272986542,0.00322805508687048,0.00525428762197746
FR--R--STL,3.032945725659374,0.0046151919317338,0.00358131393574294,0.0065571570774011
FR--R--STL,3.0410080756410025,0.0049648187546154,0.0036696341922919,0.00628676694103654
FR--R--STL,3.049164005671628,0.0049960383167757,0.00385861308423038,0.00646586789277702
FR--R--STL,3.0573743447312154,0.0049543483858371,0.004397700834445501,0.00566175844867586
FR--R--STL,3.068744173739105,0.005536369654834,0.00519209538085472,0.00639245050733732
FR--R--STL,3.076939273742028,0.0051666494493503,0.00426593815888904,0.00607777433011732
FR--R--STL,3.0850330237299204,0.0042511014392232,0.0034620778683119397,0.00518506573748136
FR--R--STL,3.0933770437259227,0.0044887790286338,0.00393690266054704,0.0058622600186993
FR--R--STL,3.1016740337363444,0.00405200836434,0.00362573754557046,0.00476741580419566
FR--R--STL,3.109966113755945,0.0046199443233234,0.00404982714805436,0.00502100620057314
FR--R--STL,3.117989703838248,0.0047589372402114,0.00411251985121618,0.00605396720689834
FR--R--STL,3.126108403899707,0.0044865470348582,0.0041494100641045395,0.00599410609220846
FR--R--STL,3.13416660297662,0.0038134272601553,0.00362010146825178,0.00698942282297702
FR--R--STL,3.153267892019357,0.0045255304029154,0.00340123950063566,0.00634469720574764
FR--R--STL,3.169318702013697,0.0043734702538955,0.00367572781692614,0.00594803689552912
FR--R--STL,3.177412652003113,0.0043170326579229,0.00386232967435372,0.00584830782972854
FR--R--STL,3.1934830320533365,0.005344965888625,0.0042930415037261,0.0064153390224646
FR--R--STL,3.2014678910491057,0.0049430931413212,0.00395818121673978,0.00678856873310844
FR--R--STL,3.209507351042703,0.0043613457779656,0.00385317889019628,0.0071750413024034
FR--R--STL,3.21711583097931,0.0061729781595545,0.00439092865575496,0.00694080728725048
FR--R--STL,3.225003500992898,0.0057786661829339,0.00478927603149082,0.007863364774138381
FR--R--STL,3.2330892111058347,0.0063538096325714,0.00582874945319526,0.0068448131623142
FR--R--STL,3.241150250134524,0.0066628812960374,0.00485271361981742,0.00780714569493166
FR--R--STL,3.249046200187877,0.0051291159325614,0.00438642106072102,0.00621807634902038
FR--R--STL,3.257062680204399,0.0045897068955582,0.00366405445205366,0.00552787642973552
FR--R--STL,3.269772268482484,0.0048857354102835,0.0044846003674478205,0.00517139875446724
FR--R--STL,3.2780952085158788,0.0047194596553623,0.00450169381100232,0.0053541958007002205
FR--R--STL,3.286516007501632,0.0047897322349967,0.003885336955156,0.0053455578433840596
FR--R--STL,3.2946343974908814,0.0037633161189489,0.00359948032676974,0.0051506952251003
FR--R--STL,3.3028409575344995,0.0037434098008475,0.0034900626112289,0.00548460743914912
FR--R--STL,3.3108242765883915,0.0048729233764674,0.0040207395488778,0.0055524642933164
FR--R--STL,3.3188075566431507,0.0050506205429314,0.0042056172208589,0.00579970778518656
FR--R--STL,3.326753956614993,0.0052572960349976,0.0042804918842222,0.00597947244511938
FR--R--STL,3.334816596528981,0.0051613712908391,0.0042152120984837,0.00597272994579606
FR--R--STL,3.342697056592442,0.0051466981835659,0.00358352388620908,0.00611744376482752
FR--R--STL,3.3508520656614564,0.0045455696787257,0.00434630279080464,0.0059790060772854
FR--R--STL,3.3588925556396134,0.0046041485784513,0.00367413226413754,0.00505203207260928
FR--R--STL,3.366955775592942,0.0047459021043181,0.00363176581031718,0.00510253607588136
FR--R--STL,3.374995455611497,0.0049724256965362,0.00368935672856876,0.00615538123191468
FR--R--STL,3.383015095605515,0.0060875106807856,0.0035974708026344,0.00709835535714944
FR--R--STL,3.3910507645341568,0.0045691341756821,0.00424984517418912,0.0055065278101551
FR--R--STL,3.3990256445249543,0.0051477577578111,0.00440048923392732,0.00568140809913582
FR--R--STL,3.4070858444902115,0.0052158810335214,0.00410988083648926,0.006307472559586779
FR--R--STL,3.4151111335959285,0.006348061452357,0.00382814279780626,0.00715390064411276
FR--R--STL,3.4232192836352624,0.0051382702100966,0.0041148041664598204,0.00599006218306208
FR--R--STL,3.4312199035775848,0.0047037137329795,0.00412717506727056,0.00608474069632618
FR--R--STL,3.439235043595545,0.0045847265054703,0.00402409425017248,0.00599476955538016
FR--R--STL,3.4473214836325496,0.0053002521950986,0.0047769688057399395,0.0072268863757329
FR--R--STL,3.455278222623747,0.0055766889250321,0.00430374938927392,0.00597283150975434
FR--R--STL,3.463191782590002,0.0049696538597459,0.0036584029896857403,0.005722023477341
FR--R--STL,3.471168052579742,0.0053099766934678,0.00390537046475852,0.007233699508665781
FR--R--STL,3.4793855525786057,0.00528768171894,0.0050105209877358,0.00591839191603748
FR--R--STL,3.487486792495474,0.0048526581275893,0.00445197980903624,0.00537164076632448
FR--R--STL,3.495285212586168,0.0051809576049066,0.00478240276819118,0.00559740792424176
FR--R--STL,3.503396871616133,0.0049853288150956,0.0041183215351707604,0.00531002338382504
FR--R--STL,3.5115772415301763,0.0045026525702098,0.00406853726270804,0.00633702930024062
FR--R--STL,3.5198931415798143,0.0049467965944245,0.00421157590539562,0.006416075282413581
FR--R--STL,3.5282557706232183,0.0051332506088499,0.00388896953026002,0.007263617008121
FR--R--STL,3.536283550725784,0.0047684157603384,0.00438355158619282,0.00672751969476048
FR--R--STL,3.544250950741116,0.0053068155802122,0.0039672605526390806,0.00581716527877628
FR--R--STL,3.5524864807375707,0.0043340249751224,0.0038868096613696797,0.0061880769212564
FR--R--STL,3.560567420674488,0.0046487558333012,0.00417526632442384,0.00727115378859642
FR--R--STL,3.568727809702977,0.0046115951670913,0.0039994721043256605,0.0082082938915618
FR--R--STL,3.577163539710454,0.0046490652779311,0.00447328914139286,0.00540784719526072
FR--R--STL,3.585658259748016,0.0048405389459418,0.00397771000324092,0.00517503668362446
FR--R--STL,3.594070168735925,0.0047155960122324,0.0038724344297918,0.005224792776675639
FR--R--STL,3.602311788708903,0.0053028355471411,0.00372829238259266,0.00601026847402008
FR--R--STL,3.610456828668248,0.0052744332954404,0.0045130401908919995,0.007322362230507861
FR--R--STL,3.6185347775463015,0.0046227322415433,0.00438572852301888,0.00675359354163446
FR--R--STL,3.62991939886706,0.0057834409679458,0.00482711359955202,0.00753532209205612
FR--R--STL,3.646083298837766,0.0070862553117052,0.0052867158281003,0.00746087501305788
FR--R--STL,3.664468598784879,0.004810340546129,0.00415104032750828,0.0061167675697731206
FR--R--STL,3.682688858709298,0.0044631690924461,0.0040585274236519,0.00606791958142588
FR--R--STL,3.690802538767457,0.0039840906877373,0.00381441875538818,0.00613454943332378
FR--R--STL,3.698947237804532,0.004142265007232,0.0028364703083695398,0.00670926073450456
FR--R--STL,3.707026667834725,0.0039705118620503,0.0035699980490590598,0.00675699212560512
FR--R--STL,3.7151153978775255,0.0044490882183509,0.0041177232297712005,0.007789915276589381
FR--R--STL,3.723499317886308,0.004906817079231,0.00393180389470442,0.00745385970330964
FR--R--STL,3.7318445978453374,0.0058245419833582,0.00455861827570056,0.00730118889538284
FR--R--STL,3.739948906819336,0.0057980909751336,0.00506904086227274,0.0065656123282451405
FR--R--STL,3.748501766822301,0.0055694018057295,0.00466580641457024,0.00607138458264556
FR--R--STL,3.7567124468041584,0.0048673854498701,0.00452944205634082,0.00576323849931266
FR--R--STL,3.765014305827208,0.0048367809030196,0.00416726525278074,0.006038829445049
FR--R--STL,3.773629825853277,0.0051612311638535,0.0040345164521056204,0.00586156256510148
FR--R--STL,3.781598695903085,0.0046003376743612,0.00420557657781726,0.00610244396660274
FR--R--STL,3.789488994923886,0.0052159366994146,0.0047745968771721,0.00666675637774286
FR--R--STL,3.79825757490471,0.0052722210891147,0.0044986160450548,0.00673164974321306
FR--R--STL,3.806058904912789,0.0053533770567355,0.0050593858438901206,0.00607161617397192
FR--R--STL,3.818800293840468,0.004627959859917,0.00424582844258906,0.0053753715170017004
FR--R--STL,3.8267417637980543,0.0042509850780163,0.00407878852967082,0.00608015076689692
FR--R--STL,3.83663157367846,0.0054239927771675,0.0044144557410276805,0.00787484814503608
FR--R--STL,3.852420222654473,0.0055278323100935,0.00485201827125362,0.00638641413622732
FR--R--STL,3.864499111718033,0.0057354482541427,0.00475896890833092,0.0061298603689521995
FR--R--STL,3.879285781702493,0.0050452312264894,0.00462405201588176,0.0057237024554239405
FR--R--STL,3.897068841673899,0.004969448156487,0.00414701033608074,0.0057922008379307005
FR--R--STL,3.9172228517127214,0.0043537689123951,0.0038678313785111998,0.00614245690749154
FR--R--STL,3.936147581669502,0.0042192073703404,0.00342050419325794,0.0059568385688351
FR--R--STL,3.9443296517129056,0.0050241745123003,0.0033294843441552,0.005907105699580461
FR--R--STL,3.952634301735088,0.0042425257081788,0.00385885856608464,0.0053756152198616205
FR--R--STL,3.9608029507799074,0.0039154330345922,0.0038314593309479,0.00488912458130238
FR--R--STL,3.968965290754568,0.0046835483514371,0.0037444410421642003,0.0058725230020741
FR--R--STL,3.9768431606935337,0.003871782954377,0.00371243081264364,0.00610867915749506
FR--R--STL,3.984784170694184,0.0037459878507632,0.0031175906051117202,0.00871448747234636
FR--R--STL,3.9928130707121454,0.0039787713221812,0.00306811754237792,0.00758215134819686
FR--R--STL,4.000833139696624,0.0053591167194895,0.0035233073181870603,0.007448003987019521
FR--R--STL,4.008879019704182,0.0053479548191148,0.00391374324007636,0.0058823329132593
FR--R--STL,4.016950439661741,0.0056398547931451,0.00529996117964222,0.00606007425134002
FR--R--STL,4.024876568699256,0.0054873094693306,0.00467922007212272,0.0065574393872424004
FR--R--STL,4.033003128715791,0.0054572868316142,0.00382526016176706,0.00640089296078652
FR--R--STL,4.041217558726203,0.0045821763509792,0.00393991131768698,0.00605237520123572
FR--R--STL,4.049208078824449,0.004816063330594,0.00395259990984868,0.00549872188510954
FR--R--STL,4.0574296788545325,0.0047970943838038,0.00370119860673976,0.0061281632911345
FR--R--STL,4.06562793784542,0.0057060813691123,0.004178369136963,0.00613225395038052
FR--R--STL,4.07352525787428,0.0051783382653667,0.00356534157605488,0.00578647798752734
FR--R--STL,4.082169007859193,0.0050959924106308,0.00370731143818256,0.00562354602311924
FR--R--STL,4.090212976909243,0.0052211692124188,0.00387226798031004,0.00561212762056862
FR--R--STL,4.098257186997216,0.0045197610095044,0.004075129596088739,0.0052386723147492004
FR--R--STL,4.109006166981999,0.0044752784016139,0.0038922162552296,0.00496320942528988
FR--R--STL,4.117265115957707,0.0042479514133049,0.00368641365488426,0.00509345786158514
FR--R--STL,4.125314486038405,0.003682432660355,0.00364402572194818,0.006166580525268681
FR--R--STL,4.133424656058196,0.0043273147891937,0.0038772008032907,0.0047056515333281194
FR--R--STL,4.141492846189067,0.0037050112012906,0.00339473995735484,0.005590028756995441
FR--R--STL,4.149575266288593,0.0041214061852059,0.0034751372141470804,0.00449628643659414
FR--R--STL,4.157596495235339,0.0055562906512562,0.00406000097864302,0.00624434620301026
FR--R--STL,4.165641685249284,0.0052109169559315,0.00460866947313998,0.0058648248425072205
FR--R--STL,4.175357035303023,0.0050650749441558,0.00460530178144434,0.0059879322360301595
FR--R--STL,4.183395774278324,0.0050845116304856,0.0044927257267261,0.00563334032691496
FR--R--STL,4.191548064292874,0.0056772049747451,0.00401657704122718,0.0058847970644080394
FR--R--STL,4.19959400431253,0.0048455158787419,0.00430470444919984,0.00506960913452582
FR--R--STL,4.207754243398085,0.0048668026998939,0.00373274398049824,0.00564116082180984
FR--R--STL,4.223140363348648,0.0049620849295024,0.00421246038305866,0.0051494312631916
FR--R--STL,4.231489533383865,0.0041020139860279,0.0037106913112012,0.00470523289109786
FR--R--STL,4.239639622333925,0.0049410847323656,0.00392157742672616,0.00597166725500524
FR--R--STL,4.247738182428293,0.0050068485793985,0.00399133964278064,0.00595709515633584
FR--R--STL,4.25584723247448,0.0046764976284947,0.003917182656545,0.0074463240836365
FR--R--STL,4.263832421449479,0.0054303810402416,0.00531092004596584,0.00801980263474314
FR--R--STL,4.271866451425012,0.0051111126096259,0.0045376677505572,0.007462753563927961
FR--R--STL,4.279943351401016,0.0055650358515606,0.00436028509647596,0.0061883442125348995
FR--R--STL,4.288036811398342,0.0053999740370329,0.0049559440904147,0.0064588287475970205
FR--R--STL,4.296150901413057,0.0049967569917726,0.00442958716049868,0.00611263482282136
FR--R--STL,4.304168310482055,0.0052175086540273,0.0044503064324544,0.0058310765107478
FR--R--STL,4.312699100584723,0.0051496724499315,0.0047193107843185,0.0059182661988728
FR--R--STL,4.321104320639279,0.006101429168666,0.00428533999368874,0.0065750621470214805
FR--R--STL,4.329530619608704,0.0056619070522714,0.0046009460951836004,0.006799150810411361
FR--R--STL,4.337839499581605,0.0052482116092562,0.00432601523291106,0.006598350179336821
FR--R--STL,4.346091409563087,0.0052959452702339,0.0047599911335254,0.00639351614179586
FR--R--STL,4.354340548568871,0.0046487378343442,0.00409402359014162,0.00638149445444178
FR--R--STL,4.362711968598887,0.0062154362352089,0.0052027005752648195,0.00655006531468698
FR--R--STL,4.370924738643225,0.0060521077279815,0.0045299325950992,0.00693434242325842
FR--R--STL,4.379000928660389,0.0067089225443197,0.00471929582458296,0.00839689407198702
FR--R--STL,4.387158138561063,0.0051843499693546,0.0041198689483394205,0.00791822006490858
FR--R--STL,4.395391317550093,0.0052467589229507,0.00402986181502452,0.00810351402550958
FR--R--STL,4.403676627553068,0.0052273910590798,0.003602038046003,0.00654251201297026
FR--R--STL,4.412054117536172,0.0073735639000602,0.00402160606620606,0.00806544844031688
FR--R--STL,4.420162966474891,0.0078886397153326,0.00428355520959938,0.00876419020135296
FR--R--STL,4.428388726548292,0.0059239493184435,0.0040938416934380596,0.00746292268677844
FR--R--STL,4.43671568663558,0.0056154659309868,0.00378449050574828,0.0065399031036122
FR--R--STL,4.444994305609725,0.0047885997060461,0.004156420264087,0.00639730122893232
FR--R--STL,4.453439065604471,0.004898800498438,0.0040370627023889405,0.00636499956384562
FR--R--STL,4.46182931563817,0.0039623915258459,0.00334979644982808,0.00605495301653312
FR--R--STL,4.470225995581131,0.0049356570540908,0.00386291617688806,0.00664325353689316
FR--R--STL,4.478778255579528,0.0046549970890907,0.00392621466747866,0.00593539580858356
FR--R--STL,4.4870697855367325,0.004538282443562,0.0040261873309447,0.00534429708245902
FR--R--STL,4.495163985469844,0.0064187613993738,0.00423633828972064,0.00733033779457624
FR--R--STL,4.5035418654442765,0.0053123808408628,0.00422098118420418,0.0062433484469777995
FR--R--STL,4.512023324496113,0.0052219209118504,0.00390055398982548,0.00731576368206386
FR--R--STL,4.520681104564574,0.0050779166850816,0.00491972688868992,0.0054870568855761
FR--R--STL,4.529034724633675,0.0049145169270303,0.00441503776296762,0.00553810028071662
FR--R--STL,4.537154343619477,0.0051721530338681,0.00421745221950396,0.00610801502025984
FR--R--STL,4.5455017037456855,0.0052661883957512,0.00406219447830264,0.00670520495180534
FR--R--STL,4.554375893785618,0.0052461687418485,0.004211139696639,0.00696793210785526
FR--R--STL,4.562723432783969,0.00538173207633,0.00435334639480508,0.0063370380543545796
FR--R--STL,4.571338722715154,0.0057809746635228,0.0047929726862946205,0.00722410376741884
FR--R--STL,4.579971072846092,0.0050552547245104,0.00390103359138712,0.00661517486918792
FR--R--STL,4.588348501827568,0.0056478678342557,0.00455603602864296,0.00736912505540766
FR--R--STL,4.596491501899436,0.0046785388409773,0.00394381747093456,0.0061639830680462
FR--R--STL,4.605000671872404,0.0046877268561473,0.00380484829258022,0.0060615659463252
FR--R--STL,4.613146430870984,0.0050815727131947,0.00408571967784892,0.00536045132556068
FR--R--STL,4.621287220914383,0.0048346883259284,0.00331780760649842,0.00559376000966548
FR--R--STL,4.629456630907953,0.0049401542196392,0.00421011181310286,0.00616297542620142
FR--R--STL,4.637618710810784,0.0046485463856811,0.00450834795681764,0.00748718435028474
FR--R--STL,4.645924390817527,0.0050259347497672,0.00459956116985148,0.007334284350196159
FR--R--STL,4.654113969882019,0.0045533033598985,0.00435022013455742,0.00606951400912968
FR--R--STL,4.662267689884175,0.0046623174953168,0.0038695876042879403,0.00552395079537286
FR--R--STL,4.670518459926825,0.0051589973751475,0.0041806425447447,0.00662950187908674
FR--R--STL,4.679051058890764,0.0052766319675043,0.00390264708387062,0.0067057997809399205
FR--R--STL,4.68738501885673,0.004766415104342,0.00407819225100632,0.00601148590433236
FR--R--STL,4.696194089017808,0.0047732170494327,0.00402342533111262,0.0067512082723141
FR--R--STL,4.70475171803264,0.0049403959633025,0.0041929253477121,0.006970002561058621
FR--R--STL,4.713305278099142,0.00455569458245,0.00402693532926994,0.00665899650803956
FR--R--STL,4.721696357999463,0.0045275006895622,0.00396092470239176,0.00567029976599534
FR--R--STL,4.729959006945137,0.0057311461866618,0.00476434188373666,0.00645890490187636
FR--R--STL,4.738195066922344,0.0054547181061082,0.00452763747753972,0.0058053287275413
FR--R--STL,4.746380866912659,0.0053809164608935,0.00406017415754146,0.00577084620457238
FR--R--STL,4.754623235901818,0.0051247492904167,0.0045358450341609,0.0052888969594476806
FR--R--STL,4.762691905954853,0.0050065984411418,0.00367144944483468,0.00582311963600824
FR--R--STL,4.770917136047501,0.0051067195342966,0.0043923828104453005,0.00537748739863558
FR--R--STL,4.779067836061586,0.0049950438814789,0.00434001515363316,0.0065587468552735
FR--R--STL,4.787319976021536,0.0042037648535711,0.0036110680668485,0.00627934013128304
FR--R--STL,4.795627076004166,0.0044038345677961,0.0038124213024161202,0.00587135146420504
FR--R--STL,4.804110805969685,0.0057977380629239,0.00407349358898722,0.00596082705425538
FR--R--STL,4.8126330460072495,0.0050182324003174,0.0044037862058672606,0.00540263423112032
FR--R--STL,4.8207088750205,0.0050350603694937,0.00407545245727186,0.00627578049164864
FR--R--STL,4.828907874994911,0.0051165002256681,0.00400261069567016,0.00567706752481736
FR--R--STL,4.837134115048684,0.0053141162513838,0.00410595313854282,0.00574609229043112
FR--R--STL,4.845315093989484,0.0052643157884659,0.00425113430059692,0.00619878277262268
FR--R--STL,4.853557393886149,0.005157919198055,0.00386375554622018,0.00595777756014964
FR--R--STL,4.861779423838016,0.0058280993159769,0.00449529266014388,0.0068034673312183
FR--R--STL,4.870294582855422,0.0062730006467859,0.00396648413334328,0.00746627386711502
FR--R--STL,4.878717572893947,0.0060230263471794,0.0046862355460973,0.00656738334594422
FR--R--STL,4.887333812948782,0.0046329362008918,0.0039990665600810405,0.00564650816524474
FR--R--STL,4.895873241941445,0.0051561469425678,0.00357959347687992,0.00590501571585942
FR--R--STL,4.904454181902111,0.0052160533061851,0.00390741896082144,0.00706360294831254
FR--R--STL,4.912633871892467,0.0050474796361186,0.00391589945958508,0.00594224502727056
FR--R--STL,4.920953940891195,0.0051612816263713,0.0038464931096257,0.00589101169966278
FR--R--STL,4.929164010914974,0.0048069417505445,0.0036884977772814,0.006423754463347081
FR--R--STL,4.938170640962198,0.0051028043293825,0.00483201718395204,0.00631625158301004
FR--R--STL,4.946894719905686,0.0052054111569646,0.0047457435656781,0.00621476679810936
FR--R--STL,4.955444849911146,0.0054056322559858,0.0046632060324384,0.00650294994404128
FR--R--STL,4.965110259945504,0.005460033012838,0.00449568909429552,0.0061929325219779
FR--R--STL,4.973514928948134,0.0054513279871031,0.003862175278482,0.00715286460904844
FR--R--STL,4.981739318871405,0.006035848799101,0.00463005288084156,0.00825449336639104
FR--R--STL,4.990311619010754,0.0068150182892736,0.0045841875109714995,0.00708596947671362
FR--R--STL,4.9988248778972775,0.0067090154020093,0.00407963515410752,0.0074374938413967395
FR--R--STL,5.007381347881164,0.0054589961736439,0.00457147550002896,0.00734538334110082
FR--R--STL,5.016098937834613,0.0051140783100009,0.00429262094193342,0.00543910553486734
FR--R--STL,5.024593856884167,0.0059005442349757,0.00525205972261344,0.00632388072289414
FR--R--STL,5.036431716929656,0.005369517786903,0.00454558689961854,0.00606292860114188
FR--R--STL,5.044500376912765,0.0056980859152417,0.00492781163794116,0.005967785146083261
FR--R--STL,5.052714845980518,0.0051242907947255,0.00417654249675362,0.00592382749473184
FR--R--STL,5.060874125920236,0.0057182143350473,0.00463515106649192,0.00683749596850018
FR--R--STL,5.068602045997977,0.0056454849036526,0.00463187091752098,0.007350439401341141
FR--R--STL,5.076647216046695,0.0054790547514471,0.00423516628687248,0.008130922654785839
FR--R--STL,5.084746436041314,0.0065858891880878,0.0044992294220662,0.00777924867555834
FR--R--STL,5.092850265093148,0.0048183273933659,0.00413013489220186,0.0057867027716241
FR--R--STL,5.101062605157495,0.0047533220160431,0.00437137876869254,0.00642501117408182
FR--R--STL,5.109726635098923,0.005605181349054,0.00431668183273922,0.00668539833903874
FR--R--STL,5.118047605094034,0.0070174639485429,0.004779639874553199,0.0084840190385392
FR--R--STL,5.126156964222901,0.0053559375722045,0.00456527530218404,0.00741782152004466
FR--R--STL,5.136126594268717,0.0048438000220016,0.00435555254940138,0.005316371391251001
FR--R--STL,5.144361374259461,0.0047525087555158,0.0038314005316465,0.00616033109302514
FR--R--STL,5.152599453169387,0.0046696432008133,0.00352791041866564,0.00673857812651586
FR--R--STL,5.160672973142937,0.0051704511126189,0.00349166612044482,0.00556892789666386
FR--R--STL,5.168664133176208,0.0045158711668022,0.0040842632108563795,0.00565236826330412
FR--R--STL,5.176969863241538,0.0052573352549387,0.0045048045073826,0.00707704653541716
FR--R--STL,5.185184503206983,0.0049741695878111,0.0044604918614879405,0.00653244866046802
FR--R--STL,5.193317842262331,0.0054821465157317,0.00504047764371472,0.00591665275414354
FR--R--STL,5.201317002240103,0.0059515661117757,0.00485023789804864,0.00651114546561466
FR--R--STL,5.209415632300079,0.0045422390999902,0.00449501890074368,0.00791245777084552
FR--R--STL,5.217429061303847,0.004840590376034,0.00432626480206574,0.00602417803108888
FR--R--STL,5.225710371392779,0.0050858298614286,0.00423383162826948,0.0061928464676668194
FR--R--STL,5.234107601281721,0.0052860940533321,0.0045080743000056,0.00641685591364476
FR--R--STL,5.242446391261183,0.0050139787919079,0.00440347835440202,0.00693152108018464
FR--R--STL,5.250667501299176,0.0048420208665618,0.00446703386869268,0.00754004077669484
FR--R--STL,5.258955761324614,0.005502560300826,0.00376894867277426,0.0070604701403737796
FR--R--STL,5.267071481444873,0.0056640833208803,0.00401033467729512,0.00660537303149334
FR--R--STL,5.275243391515687,0.006409354884667,0.00483561848908772,0.00655026479799398
FR--R--STL,5.283589110535104,0.0057088500152815,0.00437568362869168,0.00662610157184528
FR--R--STL,5.291997540509328,0.0056316396768636,0.00417204292933486,0.00703616289879672
FR--R--STL,5.300062550522853,0.005265755406782,0.0043933374067932195,0.00621144655331696
FR--R--STL,5.308194040553644,0.0049380205424398,0.0036417016663676397,0.00537081133120688
FR--R--STL,5.316585480584763,0.0037830553684727,0.0036726323088884802,0.00532197884861596
FR--R--STL,5.324935220589396,0.0045385220519875,0.00347940144164904,0.00545951174794646
FR--R--STL,5.333181190653704,0.0050332974338971,0.00477612677800034,0.005340057171702019
FR--R--STL,5.34132613055408,0.0055047714098179,0.00448238688158534,0.00598797206176298
FR--R--STL,5.349492340639699,0.0051507679249596,0.00499047060130514,0.00566607079928756
FR--R--STL,5.357848489657044,0.0054293074138058,0.00435936679319004,0.00651170057484474
FR--R--STL,5.365885579725727,0.0060758544138792,0.00376144579545604,0.0071616330312678205
FR--R--STL,5.374063129827846,0.004984096035514,0.0045100255181438,0.00621927745104922
FR--R--STL,5.382373648870271,0.0050652292549528,0.00472250729232248,0.00684336641503476
FR--R--STL,5.390926038788166,0.0050086219068532,0.00471600378074864,0.00555741604582346
FR--R--STL,5.399613398767542,0.0059891227774642,0.00562062765272904,0.00663926640836504
FR--KL--STL,0.0,545.7152083153993,545.7152083153993,545.7152083153993
FR--KL--STL,0.0093271899968385,974.474331601308,523.7878626660146,1208.8617318053718
FR--KL--STL,0.0187917989096604,440.7760728921632,205.99224988231032,577.681079616953
FR--KL--STL,0.0282463589101098,105.94095597298974,49.120368859847375,166.71233666728486
FR--KL--STL,0.0397757488535717,18.49669210406188,10.85528548433598,30.637663284925047
FR--KL--STL,0.0538132290239445,4.971617755230454,3.1345360019404556,7.692187347227449
FR--KL--STL,0.0637561267940327,1.7891081742699555,1.1599881316592076,2.4982548273237115
FR--KL--STL,0.0710957868141122,0.7330069518895641,0.49216407277688745,0.9631685653615393
FR--KL--STL,0.0803378157434053,0.3365251513583587,0.23392624050888172,0.4313593957691381
FR--KL--STL,0.0952337779453955,0.1516701698327978,0.11436968488681594,0.21255298715062163
FR--KL--STL,0.1059935269295238,0.0886971537036345,0.06546874797881226,0.1012846336227795
FR--KL--STL,0.1164723359397612,0.0575233431159603,0.04405497011341876,0.06278894661469958
FR--KL--STL,0.1266762960585765,0.041942185132541,0.02612239983424442,0.05124020751235028
FR--KL--STL,0.1369600060279481,0.028522126429948,0.017541311457563262,0.039141344184343965
FR--KL--STL,0.1464247228577733,0.0260844388292724,0.02036202622984994,0.02822589567956578
FR--KL--STL,0.155650112836156,0.0211713159455655,0.018538511958746458,0.03056016569735784
FR--KL--STL,0.164869601780083,0.0292609937450976,0.01495247130440012,0.03337280640229772
FR--KL--STL,0.1742445716517977,0.0216049582667778,0.0164485928702305,0.02382334362873162
FR--KL--STL,0.1900212344480678,0.01918272987389,0.01457244565118566,0.02288922129520182
FR--KL--STL,0.1988406544551253,0.0204791453671759,0.016719970784365,0.025684820225430338
FR--KL--STL,0.2078243744326755,0.0189899287380796,0.01681845987343418,0.02194571918928424
FR--KL--STL,0.2166301134275272,0.0187169287623447,0.01384467929337058,0.02242718156494438
FR--KL--STL,0.2285004334407858,0.0196684659275092,0.01505550602873306,0.024587945087282022
FR--KL--STL,0.239641863387078,0.0168353630556197,0.01371161597722896,0.0216686576098709
FR--KL--STL,0.2485661632963456,0.0201048347778538,0.0157889748208077,0.02332180065330356
FR--KL--STL,0.2574263923452236,0.024138764954003,0.018857839846435718,0.0288514246395408
FR--KL--STL,0.2664495523786172,0.0221541947229297,0.0155719498304392,0.02479489026051162
FR--KL--STL,0.2754080223385244,0.0227005338888801,0.0149936315570414,0.02833785497668086
FR--KL--STL,0.2951678590034134,0.0243678173178238,0.013980387697398499,0.0279406914613787
FR--KL--STL,0.3060631003463641,0.0205651794995986,0.01665688499913636,0.02532046304157796
FR--KL--STL,0.3155255603487603,0.0196004640261548,0.0159205754629738,0.02406470259403476
FR--KL--STL,0.3270330289960839,0.0200529067798242,0.01408037197860206,0.02229872757684172
FR--KL--STL,0.3372102080029435,0.0221232117880134,0.01501112387115024,0.02502917151479658
FR--KL--STL,0.3487840177840553,0.020583339325995,0.01511314019989238,0.02634999564888286
FR--KL--STL,0.3666917993105016,0.0198973697240205,0.0174610832261663,0.02123330803536872
FR--KL--STL,0.3757503991946578,0.0196660090143439,0.01559915087689198,0.029354963060754302
FR--KL--STL,0.3886703592725098,0.0234231630305714,0.02183937900676932,0.02812405964975536
FR--KL--STL,0.4081276693032123,0.0190235331370161,0.01796345957491206,0.02032069185017628
FR--KL--STL,0.4240814567310735,0.0179285528281809,0.017538978046226738,0.023296939293643917
FR--KL--STL,0.4332405656459741,0.0219626415987619,0.01831364631003676,0.02425417768560006
FR--KL--STL,0.4426679057069123,0.0205928280269915,0.018783306300190303,0.02246383455000678
FR--KL--STL,0.452459545689635,0.021647442782438,0.018962093876172,0.02454338734857792
FR--KL--STL,0.4621262356522493,0.0203428859804972,0.01705643131534198,0.02682975129222308
FR--KL--STL,0.4814759349101223,0.0187187876807399,0.016662863198735018,0.025016457651722078
FR--KL--STL,0.4919465350103564,0.0184151982325317,0.01434708567929866,0.02716160893585018
FR--KL--STL,0.5024739139480516,0.0149424167963303,0.01296210464034848,0.019798492158210418
FR--KL--STL,0.5130341339972802,0.0176602504047878,0.01583532012673458,0.034538343226108686
FR--KL--STL,0.5238083340227604,0.0233745117348149,0.01768921663599194,0.02816200745883172
FR--KL--STL,0.5345377640333027,0.0194986090100428,0.0163521137503266,0.021729958693856542
FR--KL--STL,0.5452225430053659,0.0170695538678558,0.01461504187829512,0.02499921675120894
FR--KL--STL,0.5556726920185611,0.0215131229735163,0.019775379498727742,0.02854163716547188
FR--KL--STL,0.5661550220102072,0.0215183378790442,0.01614082541159966,0.02393869517412098
FR--KL--STL,0.5768360419897363,0.0211340824385501,0.01780264614594096,0.02363929234574014
FR--KL--STL,0.5872591020306572,0.0227979139772429,0.0219360822992911,0.02735462679643198
FR--KL--STL,0.5977776711224578,0.0201217718114321,0.01793937673833446,0.02204139616912638
FR--KL--STL,0.6084027610486373,0.0184374835007616,0.016952878751749223,0.02298761986871224
FR--KL--STL,0.6190589710604399,0.0235633599948812,0.0197780943679703,0.02917707813294892
FR--KL--STL,0.6297098411014304,0.0195435607724334,0.0167620168475252,0.02292902122019874
FR--KL--STL,0.640338690020144,0.0175099535630494,0.014462179808373301,0.02487936369722372
FR--KL--STL,0.6510071599041112,0.0207116383347027,0.0160862499979941,0.0297559559200209
FR--KL--STL,0.6650791799183935,0.0189708934678094,0.01865728928315204,0.022281731582114543
FR--KL--STL,0.6756477298331447,0.019951311288878,0.015250640634721379,0.02531176953223728
FR--KL--STL,0.6966706898529083,0.0152051380247399,0.013856921721094241,0.01823578080218902
FR--KL--STL,0.7170556188793853,0.0197730033123093,0.01619554797288166,0.02178252267021034
FR--KL--STL,0.7272804779349826,0.0217465564095107,0.01579774169223918,0.025374880756666558
FR--KL--STL,0.7375305678579025,0.0189465375554505,0.01731811109979728,0.0268403396272788
FR--KL--STL,0.7477706078789197,0.0245302451092754,0.02007238655367296,0.024918646830684562
FR--KL--STL,0.7581881068763323,0.0184199953766324,0.01253659165288638,0.024250263412449062
FR--KL--STL,0.768604866869282,0.0183033923785984,0.0156403834756929,0.019718260842196838
FR--KL--STL,0.779255706933327,0.0199919363959963,0.0151714126855978,0.02152326564950326
FR--KL--STL,0.7899048469844274,0.0210316629454467,0.0150161363779915,0.0263745128076152
FR--KL--STL,0.8001949359895661,0.0162757978580998,0.01576268849892696,0.01767355181187038
FR--KL--STL,0.8106981049641035,0.0150656755509999,0.01390656992275858,0.03666997571689018
FR--KL--STL,0.8209307849174365,0.0224043446627604,0.01532094426417808,0.03165000761990192
FR--KL--STL,0.8314667149097659,0.0245686104906468,0.02317078458654004,0.025430873911812982
FR--KL--STL,0.8438955939491279,0.025188014656436,0.019491430826784,0.027492093871066423
FR--KL--STL,0.8544560729642399,0.0195493337981247,0.018687111405983982,0.024949763751314358
FR--KL--STL,0.8649232930620201,0.0213440538872475,0.02061003596184604,0.024551452546884858
FR--KL--STL,0.8754484230885282,0.0193240799994498,0.017474445077527878,0.03708133617676594
FR--KL--STL,0.8861047931131907,0.0203053618511859,0.01698315207094366,0.02272736013046594
FR--KL--STL,0.8987221095012501,0.0220026533940256,0.01852708487198236,0.02487507091387892
FR--KL--STL,0.90921543847071,0.0224192037762236,0.01475006480999068,0.03604057482079664
FR--KL--STL,0.91959283844335,0.0293967283744791,0.0198791997619196,0.03330959718301184
FR--KL--STL,0.9300387784605846,0.0230865708211212,0.0188243504799089,0.030091964279162622
FR--KL--STL,0.9401890084263868,0.0195407072627631,0.01669864692351546,0.02905712192190886
FR--KL--STL,0.9504103874205612,0.0215457554509725,0.0167686551267479,0.02624540987978316
FR--KL--STL,0.9610280073829928,0.0209855098098188,0.01728587434601248,0.024353899445688342
FR--KL--STL,0.9715214874013328,0.0205673703560336,0.01800295991644132,0.02217454680422854
FR--KL--STL,0.9820104174432344,0.0192926032427038,0.01589495564178372,0.02492743785686282
FR--KL--STL,0.9923343464615756,0.0172962682243564,0.01481594030113338,0.02419299761984342
FR--KL--STL,1.0016424963832833,0.0182765294627245,0.01660418652451194,0.02318344541013456
FR--KL--STL,1.0123078964534216,0.021493088944922,0.01662652422427864,0.0271214120994358
FR--KL--STL,1.0229765065014362,0.0220227156875125,0.02008916172940756,0.02485424092975276
FR--KL--STL,1.033622935472522,0.0170575016947509,0.0141853563150277,0.02596273328717296
FR--KL--STL,1.0441929754451849,0.0214896998417373,0.0188444246268545,0.02613675343569918
FR--KL--STL,1.0547579654376025,0.0198460172862553,0.018909186551277858,0.02609388870515934
FR--KL--STL,1.0647328354534693,0.0219683135894968,0.01854127099130946,0.028290255179066942
FR--KL--STL,1.078361853666138,0.0211942492787784,0.018649885283778582,0.02791638761470664
FR--KL--STL,1.0922855236567557,0.0220895968656833,0.018755162086321723,0.02865385885248196
FR--KL--STL,1.10268483357504,0.024954845232088,0.018724199988719138,0.0265568068202355
FR--KL--STL,1.113184803572949,0.0185990497475643,0.01822344792410882,0.02648057469441198
FR--KL--STL,1.123665902588982,0.0195929236928833,0.01472672466355784,0.02447359866621632
FR--KL--STL,1.1341062326682732,0.0228003994073162,0.01767189955238558,0.02332302487451152
FR--KL--STL,1.144388472661376,0.0189712144227343,0.0164327663729693,0.022394044273695998
FR--KL--STL,1.1545561025850477,0.0213709390281735,0.01748692422331426,0.0241714143127296
FR--KL--STL,1.1659019115031697,0.0242082492267456,0.02176055091572374,0.02497524478920916
FR--KL--STL,1.1920563816674985,0.0223283865729513,0.01735182818043764,0.0244545546081184
FR--KL--STL,1.2024577207048424,0.0236927166992728,0.01920220307830784,0.02912935515078342
FR--KL--STL,1.2126879007555544,0.020672265326965,0.01922291224988152,0.0277610198639905
FR--KL--STL,1.223354650719557,0.022239389461788,0.020452072198847298,0.0234819580824819
FR--KL--STL,1.2334612906561233,0.0194367449066419,0.01523308468557894,0.02222043440694954
FR--KL--STL,1.2438158597797155,0.0199988976416136,0.015054761397683981,0.02532063920978084
FR--KL--STL,1.2545535097597167,0.016420436529529,0.014289843050710219,0.025669736918581522
FR--KL--STL,1.2659220796776935,0.0185037979609887,0.01404352776911244,0.0244058228773951
FR--KL--STL,1.2768401495995931,0.023170131380624,0.01914267465898542,0.02717532495011876
FR--KL--STL,1.2875326285720805,0.0197278178890769,0.0180963652977254,0.02700931697044092
FR--KL--STL,1.298423567553982,0.0230681795683267,0.01966279772044,0.02701730208984536
FR--KL--STL,1.314012487535365,0.019377354757978,0.01727422211928338,0.02099105347722622
FR--KL--STL,1.3234490174800158,0.0221897425047927,0.01961258687823312,0.02405753991234288
FR--KL--STL,1.3329468774609268,0.0216274121543165,0.01848930398788292,0.03275846273338622
FR--KL--STL,1.3419482965255156,0.0218036296761283,0.02099056466693692,0.02793710380331048
FR--KL--STL,1.3508863765164278,0.0221211609881635,0.02036578760605602,0.027703904679884723
FR--KL--STL,1.3598288365174085,0.023066907866351,0.022121191740657742,0.02556786282083004
FR--KL--STL,1.368804305442609,0.0241896242519743,0.01939295084922034,0.024867540929940878
FR--KL--STL,1.376176625431981,0.0269216120931616,0.01833734579804796,0.02892097203977638
FR--KL--STL,1.3853467154549437,0.0192111401852344,0.01451706085557584,0.03094667938851214
FR--KL--STL,1.3947740143048577,0.0194424795410981,0.01610291547192156,0.02135716883511228
FR--KL--STL,1.4041028342908248,0.0190269092242374,0.0171775387592134,0.01945372013126126
FR--KL--STL,1.413207164267078,0.0194622298189415,0.0171675749931722,0.0221463471201076
FR--KL--STL,1.4224960433202796,0.0200668773864975,0.017516990699436963,0.02564457139195324
FR--KL--STL,1.4321750032831917,0.022296991612194,0.016765627165477758,0.031051966583919403
FR--KL--STL,1.441166743286885,0.0220328188396905,0.01512531093621018,0.02819961487919038
FR--KL--STL,1.4542734722490422,0.0200671901879871,0.01509824725794142,0.02975590853279184
FR--KL--STL,1.471225732297171,0.0206250372882834,0.01829838572038508,0.0219710724827791
FR--KL--STL,1.4801863113534637,0.0178503830265412,0.01372846443816792,0.02868848383805578
FR--KL--STL,1.4890950413537212,0.0195604314270951,0.01753590354826426,0.023795485967752862
FR--KL--STL,1.4985018913866952,0.0219087354531524,0.01772123852736908,0.0253269904417976
FR--KL--STL,1.525062290369533,0.024300229879401,0.01677882186274922,0.03080264901189192
FR--KL--STL,1.5338980703381822,0.0210426636217562,0.01895991628412896,0.02432656473012002
FR--KL--STL,1.5427578503149562,0.0176427223125017,0.0150392409181279,0.02415819624669658
FR--KL--STL,1.5528012092690917,0.016614519030611,0.0148497787662307,0.02318516422885176
FR--KL--STL,1.5616778692929074,0.0210952087718538,0.01871149096907908,0.023700939795071402
FR--KL--STL,1.5703536192304457,0.0200719500142412,0.01929078253366464,0.037903806785703806
FR--KL--STL,1.57901048817439,0.0187997888511546,0.01476496236743112,0.02398802668159304
FR--KL--STL,1.5877757881535215,0.019594939191478,0.01913910881881686,0.02305224364225174
FR--KL--STL,1.5967611781088635,0.0157743642400021,0.01291447228204844,0.0207285748752497
FR--KL--STL,1.605480257072486,0.0182359026112806,0.01759308077201632,0.02608427372928472
FR--KL--STL,1.614212647138629,0.0166271278200014,0.01393926445869622,0.02174798277976604
FR--KL--STL,1.6289641470648348,0.0198505776072579,0.013424779433085999,0.024855549235289202
FR--KL--STL,1.6379007959621958,0.0212835339695232,0.01555935461601614,0.027846566680148004
FR--KL--STL,1.6468787659541704,0.0185686323489164,0.01514814035538158,0.02718425840273534
FR--KL--STL,1.6559256859472953,0.0218113076869883,0.01818774501916208,0.025226620646816317
FR--KL--STL,1.6653027749271132,0.0215588573957745,0.0185063526205226,0.02348841895354772
FR--KL--STL,1.674307384935673,0.0239899382807777,0.01739843966025768,0.026236921829507723
FR--KL--STL,1.6847604950307868,0.0267795597350186,0.01948689340779874,0.02768224937092892
FR--KL--STL,1.6937487340182995,0.0175871346661722,0.01528291734707628,0.024911281240071043
FR--KL--STL,1.7028480740846137,0.0218260991073862,0.01955875283132964,0.0278107065118092
FR--KL--STL,1.712144484044984,0.0266602081429567,0.0220886994564608,0.03450852677827354
FR--KL--STL,1.7213098829961382,0.0279086643195967,0.016378233534516,0.0339273408732026
FR--KL--STL,1.7305263229063712,0.0205377231719836,0.017964121421954322,0.02589051465088512
FR--KL--STL,1.7395372729515657,0.0180817338621608,0.016706071481601678,0.02170850324557702
FR--KL--STL,1.7487202520715073,0.0231116434564881,0.0170794103936259,0.02693720366566476
FR--KL--STL,1.7578671020455658,0.0277554088162474,0.02132105227001942,0.0327013678332974
FR--KL--STL,1.766987351991702,0.0384866841824731,0.017181187534970322,0.04458768267832336
FR--KL--STL,1.7760142419137992,0.0266728057648037,0.01979645448054154,0.03584689140836866
FR--KL--STL,1.7848998218541965,0.0254216941103777,0.021042927555362162,0.03277134448952946
FR--KL--STL,1.7954973417217843,0.0225740546409269,0.01946574682502554,0.02308545848696036
FR--KL--STL,1.8059562117559835,0.0261685004083034,0.01883862050796092,0.03097536435428476
FR--KL--STL,1.8164265808300115,0.0256153767369085,0.01936855019541778,0.02902266252354192
FR--KL--STL,1.826856860949192,0.0226129497124247,0.01795959973823918,0.02760469948961762
FR--KL--STL,1.8372460610116832,0.0195938771733921,0.01549322338883592,0.02323365993771626
FR--KL--STL,1.8475545810651963,0.0203720497779045,0.01853888419175572,0.024802769097192298
FR--KL--STL,1.8576710410416128,0.0210466618515852,0.01682411850503908,0.02310314244123784
FR--KL--STL,1.87212424131576,0.020156135957464,0.01398550090694924,0.02341819624597572
FR--KL--STL,1.8804284813813863,0.0204026949965339,0.01948546136422058,0.02723166566023842
FR--KL--STL,1.8877508703735657,0.0200612944718443,0.01866385060966702,0.03567022651980378
FR--KL--STL,1.904745080450084,0.0225378641340086,0.0197967673944873,0.02636062199001398
FR--KL--STL,1.917860128276516,0.0190944376784614,0.015659107805754458,0.0236138577617339
FR--KL--STL,1.9285993073135612,0.0238157042841749,0.01884066756299482,0.02865612583558454
FR--KL--STL,1.9394211773760617,0.0235978296280023,0.0220915333642068,0.02645391025948806
FR--KL--STL,1.9503571573877707,0.0253211576315095,0.018298074094343458,0.03029424895940446
FR--KL--STL,1.959378099592868,0.022258509854538,0.017705272838355702,0.02503107630435858
FR--KL--STL,1.9684499995200893,0.0243587684054205,0.02053243395165504,0.02834721432729448
FR--KL--STL,1.977608218672685,0.0224205393254379,0.01906149276015578,0.0298729985501097
FR--KL--STL,1.986693928716704,0.0230152319246883,0.01876587963253078,0.0302661756677025
FR--KL--STL,1.995780018682126,0.0206575782728748,0.0166834312352989,0.026840499375214183
FR--KL--STL,2.00475464767078,0.0193903382775317,0.0152298341357038,0.02324173666267192
FR--KL--STL,2.012406737660058,0.0223198236996324,0.02036698449321072,0.02468294363662264
FR--KL--STL,2.020335017761681,0.0178410511305173,0.016179446543515,0.022411353610732418
FR--KL--STL,2.029374197765719,0.01931017165154,0.0169439806115775,0.02193205576802764
FR--KL--STL,2.038362487743143,0.0265252925454575,0.02066234123605282,0.03140487336075066
FR--KL--STL,2.0475606077816337,0.0202119878306206,0.01598803017770642,0.034031805876193685
FR--KL--STL,2.056721386790741,0.0265659116420096,0.02069508504746972,0.03101205592712684
FR--KL--STL,2.065785236773081,0.0250551862378358,0.02095511605086526,0.028385291982260683
FR--KL--STL,2.0745344268507324,0.0246205087199342,0.0229154802224002,0.02962577472795542
FR--KL--STL,2.084300875896588,0.0209765226178291,0.01594070018346652,0.02521688666592746
FR--KL--STL,2.093074845848605,0.0210620765024032,0.01860481070103784,0.02733335282162268
FR--KL--STL,2.10525620583212,0.0251219576903736,0.01835843492327164,0.028352571690948
FR--KL--STL,2.1130620848271064,0.0197963206904887,0.01708322545478036,0.02478558762347228
FR--KL--STL,2.120421244937461,0.0191959945676529,0.01556246579071676,0.02846411912380226
FR--KL--STL,2.128174345009029,0.0190697007078028,0.014644745227531019,0.02251611622680222
FR--KL--STL,2.137369994947221,0.0214057893440866,0.0192115593963137,0.033033982544077356
FR--KL--STL,2.1468002548790537,0.0186851143054695,0.016250781805652502,0.034850464945682766
FR--KL--STL,2.155816134880297,0.0204256319946267,0.01489903474101192,0.027272652668267443
FR--KL--STL,2.176130444917362,0.0185813981982221,0.01624013120120646,0.02879820361874004
FR--KL--STL,2.193151904968545,0.0190488154660641,0.0153057931686646,0.02657179145192
FR--KL--STL,2.208748737408314,0.0184011806967561,0.014762329917462541,0.027816234696263042
FR--KL--STL,2.217826867417898,0.0241088314365924,0.02037022166254012,0.02974725340415594
FR--KL--STL,2.226812527398579,0.0202326979551514,0.01755554244717238,0.02160764264472156
FR--KL--STL,2.235711407440249,0.0194296685753272,0.0162878958626919,0.02402496243760764
FR--KL--STL,2.24491197738098,0.0219218000104319,0.018405490558708923,0.02582048371776576
FR--KL--STL,2.2538918273639865,0.0209021765234211,0.01593566349904446,0.02183375049264952
FR--KL--STL,2.26302605640376,0.0177838233265532,0.01736219108837526,0.02275364636700486
FR--KL--STL,2.2721937163732946,0.0217712370932616,0.01566437708102052,0.0278272052305112
FR--KL--STL,2.281047666387167,0.0228488756155798,0.02109829999722016,0.02825278231381952
FR--KL--STL,2.290080856415443,0.0233434072240186,0.01969104660211082,0.02940916807442298
FR--KL--STL,2.2992824763641693,0.0198736212386734,0.017375787326710638,0.02553849141309846
FR--KL--STL,2.308622156386264,0.0212956147861547,0.01702205455242728,0.029875263822975683
FR--KL--STL,2.31776451645419,0.0199844470020167,0.0158842958812101,0.02567729635076426
FR--KL--STL,2.3267886754474603,0.0218474444377676,0.016160568550264938,0.02584222745832672
FR--KL--STL,2.335890095448121,0.0227340331766896,0.01914694215448658,0.02678940958594178
FR--KL--STL,2.3448640354909003,0.0214995783976519,0.01900099174443992,0.02247371998190316
FR--KL--STL,2.353543894540053,0.0186999067964421,0.01539546076527354,0.032928773840893585
FR--KL--STL,2.36553020455176,0.0213205340304938,0.0184493842033191,0.02854045046231588
FR--KL--STL,2.3744488745578565,0.0208274021917986,0.0194386888005368,0.02850466323402534
FR--KL--STL,2.3830552545841783,0.0195888643989121,0.01621522316929708,0.025513697821907003
FR--KL--STL,2.3918472735676914,0.0188796441835563,0.015300550153301559,0.028549717558252
FR--KL--STL,2.4007823735591955,0.0218469509393912,0.01913127945210812,0.027862551163019562
FR--KL--STL,2.4095914835925214,0.0198704193599894,0.01618906039747112,0.02392068411264736
FR--KL--STL,2.4184199726441875,0.0188510578898046,0.01670687562433952,0.02482527473704856
FR--KL--STL,2.4273988825734705,0.0183604318401364,0.01473928849549106,0.02385419909693944
FR--KL--STL,2.4363067325321026,0.018069744342597,0.0135313985867128,0.03144516653754294
FR--KL--STL,2.445314661599696,0.0225261299347323,0.01654590178696364,0.0283357964545018
FR--KL--STL,2.45398669160204,0.0194584900316385,0.01683330398051336,0.02680708834755586
FR--KL--STL,2.462830151605885,0.0197122061903485,0.016037918352671418,0.0300044721607605
FR--KL--STL,2.4717234105919488,0.0210705117884231,0.02027044078958504,0.02396374421030598
FR--KL--STL,2.4807513705454767,0.0209105728823288,0.016075411782117018,0.03005950120422362
FR--KL--STL,2.489451010536868,0.018693114195571,0.01770970060094042,0.020081883241036238
FR--KL--STL,2.498215229541529,0.0181790242024533,0.0157985298139209,0.021666017055343843
FR--KL--STL,2.5070449395570904,0.0241001850222062,0.0206030310384477,0.02510663504727686
FR--KL--STL,2.515818049549125,0.0210005354276887,0.01961958104208176,0.02381858082645174
FR--KL--STL,2.5246759396395646,0.0225568519450973,0.01573343714529186,0.02379651124247736
FR--KL--STL,2.5336132696829736,0.0201805119199462,0.01515929739759366,0.02183160652000132
FR--KL--STL,2.542465469741728,0.0205696629414831,0.01777467542604822,0.02190708232287188
FR--KL--STL,2.55152634967817,0.0190555281154587,0.01849784996942386,0.021332753210924642
FR--KL--STL,2.562075189605821,0.0167885000398371,0.01581988425056122,0.01844744636883884
FR--KL--STL,2.571211629663594,0.0245003034505799,0.01937922769311624,0.0281819524356592
FR--KL--STL,2.580246518540662,0.0259739130921445,0.021847663556027838,0.03463564542024636
FR--KL--STL,2.589646338543389,0.0197242771895957,0.01631465744325162,0.02174034576154894
FR--KL--STL,2.606180168571882,0.0170936750135837,0.01556931480328664,0.02373115231048924
FR--KL--STL,2.618093828554265,0.0207252395953219,0.016599305340540098,0.02540366520251204
FR--KL--STL,2.6275210775784217,0.0176946670198816,0.01501563434481732,0.02519092150208164
FR--KL--STL,2.636831037583761,0.0197616477805411,0.01802805791478754,0.02451901390998606
FR--KL--STL,2.645812007598579,0.0234445152801043,0.02224780706473552,0.02624168996006226
FR--KL--STL,2.6547064765472896,0.0198431075877039,0.01912668613393572,0.024753999789018582
FR--KL--STL,2.6640145164565183,0.0208494237979266,0.01834630653561356,0.02333403436390422
FR--KL--STL,2.6732960864901543,0.0164939526728744,0.014459780628084201,0.01971113003501442
FR--KL--STL,2.6895341764902696,0.0214913022331018,0.01609086888406632,0.0277007637548166
FR--KL--STL,2.698433095472865,0.0228407559351211,0.01845408220220288,0.02913830597006774
FR--KL--STL,2.715942024427932,0.0234331402066629,0.01270897347945372,0.02592351883640158
FR--KL--STL,2.729508453514427,0.0187288300821819,0.015383701003003061,0.02441686213889788
FR--KL--STL,2.742057863448281,0.0179992061221412,0.0149617326554704,0.020536044984925138
FR--KL--STL,2.7541727334610187,0.0191770886823832,0.01661067048874538,0.023433078581859862
FR--KL--STL,2.7632793924422003,0.0185165081504692,0.013189544115891681,0.019537795515100178
FR--KL--STL,2.7724998723715544,0.0205349559052336,0.01642923080564738,0.026912130268291822
FR--KL--STL,2.7815196123556234,0.0186199997643683,0.01239433610199676,0.02051207487193088
FR--KL--STL,2.7906395524041727,0.0166761925850948,0.01363497049993604,0.01735145820886142
FR--KL--STL,2.800535071466584,0.0198462671766463,0.01763611107622574,0.0258791328672259
FR--KL--STL,2.809067631373182,0.0191009973862748,0.015580758566034041,0.028535381709832518
FR--KL--STL,2.8179764614324085,0.0168147424877531,0.016242235512248678,0.01915566301855164
FR--KL--STL,2.827171571436338,0.0175446288513398,0.01553186785504862,0.01868473486610462
FR--KL--STL,2.844200521474704,0.0214021087152502,0.01768460987986484,0.02567502608390552
FR--KL--STL,2.8540097314398736,0.0227003833266792,0.0162664883073091,0.027272692906646478
FR--KL--STL,2.862957951438148,0.017189019843343,0.01638075534361006,0.0248856648671903
FR--KL--STL,2.871903680381365,0.0247653329536206,0.01551651346062776,0.029820695166125618
FR--KL--STL,2.8808455203543417,0.0191338590981047,0.01564492469758528,0.03392131275622596
FR--KL--STL,2.889685180329252,0.0169942503468121,0.01504085341765058,0.02170841253289374
FR--KL--STL,2.9093667792622,0.0206675914215708,0.01777139711121264,0.02962540465277352
FR--KL--STL,2.9252660082420334,0.0223014966762633,0.01488376351618394,0.03130853433988528
FR--KL--STL,2.9400806282646954,0.0198766893889086,0.014555107498796321,0.027333958469631582
FR--KL--STL,2.949225907213986,0.0198938316206351,0.01482333413987926,0.0235514898849771
FR--KL--STL,2.958489257202018,0.0177763138298558,0.01561650875999302,0.02463097268987436
FR--KL--STL,2.967576297232881,0.0200300253802083,0.01633376948157938,0.02363350963280474
FR--KL--STL,2.976432097144425,0.0233391023677711,0.01822143654289326,0.026862219652173218
FR--KL--STL,2.9853546071681194,0.0184944128240971,0.01664045571361324,0.02098757515370546
FR--KL--STL,2.994282867235597,0.0212217298871735,0.0197960872653339,0.02840345674770784
FR--KL--STL,3.003279597323853,0.0174243704467755,0.01726216807805936,0.023087068922981742
FR--KL--STL,3.012305947369896,0.0192955154085581,0.01548300289662442,0.026682998491520463
FR--KL--STL,3.0297008373308927,0.0194882503969466,0.0182342846598544,0.02414123689626984
FR--KL--STL,3.0403863673564047,0.0206416594459568,0.0188777482381709,0.02373464883905564
FR--KL--STL,3.051342687394936,0.0223856178464814,0.0174635998549376,0.03462897903023636
FR--KL--STL,3.0614954006741755,0.0218747690525731,0.01644929489276302,0.02727170936832972
FR--KL--STL,3.0707281306385994,0.0171370676539197,0.014393281891426541,0.021158892674310398
FR--KL--STL,3.079835570591968,0.0229991085654148,0.01765681104751304,0.02608089833591972
FR--KL--STL,3.0889162705279887,0.0262755506979317,0.01786465640002742,0.03023415572064886
FR--KL--STL,3.097855560597964,0.022719409950298,0.01987425649859912,0.03150850594668946
FR--KL--STL,3.1067676406237297,0.0183894038573839,0.01650407795771682,0.0208908950414922
FR--KL--STL,3.1143421906162985,0.0164664788003676,0.01479457222423544,0.02607553992264968
FR--KL--STL,3.122102320601698,0.0181059860782966,0.01761010297898334,0.02361272139556258
FR--KL--STL,3.13112209062092,0.0216785042100866,0.01382403312667288,0.02259476869205058
FR--KL--STL,3.140218349522911,0.0167189707954804,0.014276869294252481,0.023717003150636563
FR--KL--STL,3.149177039449569,0.0207731019141022,0.01651518711616684,0.02611183095995954
FR--KL--STL,3.1581851795199327,0.0214368092084811,0.019535877050614582,0.02468043675922328
FR--KL--STL,3.1670709185418677,0.0167317566827449,0.01521330440474454,0.02139056513230736
FR--KL--STL,3.1775543885305524,0.0177079305520067,0.01644889814717198,0.023874273615911
FR--KL--STL,3.188376978505403,0.0182524378419373,0.0172873437582353,0.02430124634406634
FR--KL--STL,3.1987309884862043,0.0205938112127341,0.01778888395405146,0.02769450073825504
FR--KL--STL,3.2098287774715573,0.019513376293446,0.01473489355122974,0.03368020417452152
FR--KL--STL,3.2201587975141592,0.0240654042119956,0.02190363950738282,0.028723992112429618
FR--KL--STL,3.231022317428142,0.0201974597598564,0.017493994806119358,0.0277168981854856
FR--KL--STL,3.241892987396568,0.0144416408434864,0.0109624575524975,0.02465615601588516
FR--KL--STL,3.2581997230881825,0.0193391657795416,0.01457085514098534,0.02100827021698416
FR--KL--STL,3.2673083731206134,0.0197053355531267,0.0169597929101712,0.03090676074560288
FR--KL--STL,3.276048273139168,0.0274018804973366,0.01871851793254104,0.03227997760444616
FR--KL--STL,3.2901954231783748,0.0285057009733549,0.01956477482266898,0.02923526971101178
FR--KL--STL,3.2993125632056035,0.0230752365508095,0.01718574830652522,0.025825528548506258
FR--KL--STL,3.3236336822155863,0.0203290471021091,0.01444514014442852,0.02500550894317818
FR--KL--STL,3.332832351210527,0.0201178187184183,0.017762882295855282,0.02476703006618374
FR--KL--STL,3.342097151267808,0.0201711590704007,0.01499112722350722,0.023921525321367158
FR--KL--STL,3.35092879133299,0.0190220259823519,0.01663552454045878,0.02190711361153598
FR--KL--STL,3.3624730654410087,0.0203455978032138,0.01512851998777474,0.024218547320538082
FR--KL--STL,3.3714264453738,0.0205743318441449,0.0131955194687492,0.02326377572300654
FR--KL--STL,3.380212915420998,0.0217984783798499,0.01406648255553758,0.0229895526994312
FR--KL--STL,3.3889823944773525,0.0225244954564232,0.01765163151808046,0.02758264256459874
FR--KL--STL,3.397771114425268,0.0212701113366193,0.01552413660965038,0.02576629706948376
FR--KL--STL,3.4067471844609827,0.023481670111721,0.01588879699965838,0.0300312401982125
FR--KL--STL,3.4156043534749188,0.0200012169819814,0.01580593170781974,0.02648158318630176
FR--KL--STL,3.424332333554048,0.0202363277375496,0.01380699950215946,0.0221841118381803
FR--KL--STL,3.434103813604452,0.018833660210106,0.014657634047659879,0.021427162664105
FR--KL--STL,3.4428534326143563,0.0241103296835945,0.01927645112000958,0.026357633716145218
FR--KL--STL,3.451714072667528,0.0208498261980452,0.015559437012365101,0.0236904413031709
FR--KL--STL,3.4605451427050866,0.0179547370826753,0.01747899852671812,0.0319490718195709
FR--KL--STL,3.469523531734012,0.0257317496725022,0.01579294553717708,0.0262547983287845
FR--KL--STL,3.4782856318051927,0.0229398239042097,0.01936399239953624,0.026400502446941178
FR--KL--STL,3.4873500218382105,0.0195906730601365,0.0147703596457972,0.027121685987609043
FR--KL--STL,3.496177060820628,0.0167977817804398,0.014006289367208,0.0255546739158376
FR--KL--STL,3.505200400773901,0.0196760215250293,0.01487547118816218,0.02342558244264406
FR--KL--STL,3.5141595507157035,0.0164319352474962,0.01408364618890226,0.02174559769026128
FR--KL--STL,3.52300445077708,0.0208470612899418,0.0165744434165645,0.02432813539322178
FR--KL--STL,3.5318684407975525,0.021931324736812,0.01697720501154546,0.032570011205984864
FR--KL--STL,3.5407470609643497,0.0190021817022625,0.0171565977966196,0.02180246316362398
FR--KL--STL,3.549474321014713,0.0178177066246121,0.01489628251435988,0.02924622676204644
FR--KL--STL,3.561154991039075,0.0213893310530579,0.01799863225783432,0.02352486429983
FR--KL--STL,3.570091370958835,0.0195072890660981,0.0170504093422181,0.021472515883578982
FR--KL--STL,3.579087360063568,0.0207935675673383,0.01657016784723734,0.02459212684696864
FR--KL--STL,3.587914069998078,0.0238583012559843,0.02078796700359358,0.0246948850630133
FR--KL--STL,3.5969338400173,0.0234077325921191,0.01684160833930544,0.02656226086591568
FR--KL--STL,3.606007649097592,0.0217718109666833,0.015342284351567021,0.02567023157365034
FR--KL--STL,3.61493544903351,0.0232514373059302,0.02069686871731732,0.03307777716841536
FR--KL--STL,3.6238686790457,0.0208223975325694,0.01827189886551816,0.026314917045641498
FR--KL--STL,3.632682788127568,0.0279098943864113,0.02078688105924014,0.02873730978899114
FR--KL--STL,3.642063518171199,0.0224332760646746,0.015515606891071301,0.02948744722662006
FR--KL--STL,3.650936748250388,0.0158984416610366,0.01481454706903658,0.02252603193651622
FR--KL--STL,3.659983437275514,0.019062859758506,0.01390199099236322,0.02157567237329654
FR--KL--STL,3.668915697315242,0.0210118981365212,0.018693312654821142,0.022509591010191298
FR--KL--STL,3.678630117268767,0.0193281837223793,0.01695133531037526,0.02409918644403316
FR--KL--STL,3.687453547201585,0.0203860342104178,0.0166758556230519,0.02362993381235014
FR--KL--STL,3.696309467253741,0.0208190650948552,0.01461681439515128,0.02519333301189586
FR--KL--STL,3.704980667273048,0.0198187232981581,0.0157738981981367,0.021941145168881338
FR--KL--STL,3.713681507273577,0.0205334737428302,0.01719021825648492,0.02440391526457682
FR--KL--STL,3.723074867273681,0.0232406846128299,0.01639502823964554,0.02577422176991312
FR--KL--STL,3.732055017200764,0.0168385714140413,0.01657553892365224,0.03133420882884934
FR--KL--STL,3.740703107207082,0.0249510029511128,0.016028192347141583,0.030737563742152897
FR--KL--STL,3.749533857102506,0.020647527469606,0.014315014096166501,0.02268216897133462
FR--KL--STL,3.758423586084973,0.0223576354841839,0.01801543924778452,0.02596483465559342
FR--KL--STL,3.768235746189021,0.0190994730354248,0.0138676058021729,0.021738097087757
FR--KL--STL,3.7775776961934753,0.0205387905759835,0.01814633079190456,0.0261378988921677
FR--KL--STL,3.786577815248165,0.0227703530109124,0.01753559939843678,0.02597697274875936
FR--KL--STL,3.795557235251181,0.0244042102626735,0.01642888056301208,0.02922265855490024
FR--KL--STL,3.804366035212297,0.0175074199105438,0.01496732437738612,0.02236092241556088
FR--KL--STL,3.813211834232789,0.0197765733556707,0.01770460117068634,0.02161142074895108
FR--KL--STL,3.822302784246858,0.0168131506139843,0.01504027807617936,0.0277516687776824
FR--KL--STL,3.831912385823671,0.019850799591353,0.01867067289105926,0.02913970172767504
FR--KL--STL,3.842936694738455,0.0201268836913754,0.0166027253718965,0.02329096213584018
FR--KL--STL,3.853093184705358,0.0200827295910812,0.014464793217825879,0.03242963304909946
FR--KL--STL,3.863889274711255,0.0195466137520554,0.01664210330005174,0.03015854325895186
FR--KL--STL,3.8749560847645625,0.0215344589833819,0.01772809049379866,0.038485182235609705
FR--KL--STL,3.884961013740394,0.0212911540237854,0.0160671519409504,0.02575632878260018
FR--KL--STL,3.894778023823165,0.015663353469506,0.0137786254140394,0.02176442760818412
FR--KL--STL,3.905122863827273,0.0209841901971401,0.017178546284611622,0.03279932640974148
FR--KL--STL,3.914359723799862,0.0216407929038382,0.01951058595742544,0.02546085607893356
FR--KL--STL,3.924637022719253,0.0190953603590458,0.01757112109883678,0.02193054465286644
FR--KL--STL,3.935111682803836,0.0193234899689969,0.01715869540872742,0.02137021786183478
FR--KL--STL,3.945700872805901,0.0191152928208993,0.01612294882072544,0.02083298388751012
FR--KL--STL,3.956017872784287,0.0201592974175923,0.01814867121942422,0.032811059677999285
FR--KL--STL,3.966135561815463,0.0226958196073212,0.01703228669887544,0.023673256631073482
FR--KL--STL,3.9841169208521023,0.0231489667248609,0.020710265775090858,0.02550958536053824
FR--KL--STL,4.008532699779607,0.0215331534907647,0.0194178100818021,0.02586552909141912
FR--KL--STL,4.023874459729996,0.0241198077112301,0.015780339421203802,0.02628501815707974
FR--KL--STL,4.032887798792217,0.0178441907174971,0.01527789008536042,0.029703804022227522
FR--KL--STL,4.041807338711806,0.0223556855584092,0.01647473061266846,0.030021875956384718
FR--KL--STL,4.061934858793393,0.0192699210726914,0.0131603994296483,0.02559426022312716
FR--KL--STL,4.07101663883077,0.0181532178798988,0.01633996567587982,0.01940968522224006
FR--KL--STL,4.079950357787311,0.0175856106713467,0.016125397761607,0.02211439649708488
FR--KL--STL,4.088861577853095,0.0210790851495517,0.01924623552590952,0.02304664284359598
FR--KL--STL,4.097776107781101,0.0225328552992465,0.01823401784003236,0.02865232598210804
FR--KL--STL,4.10664904670557,0.020995896669433,0.017401832306629162,0.02909090208734422
FR--KL--STL,4.121292315656319,0.0202161599654147,0.01953217441643456,0.02391969122735986
FR--KL--STL,4.130336055648513,0.0250139980860382,0.02152700931026168,0.03370862469873824
FR--KL--STL,4.139361035660841,0.0294269221117815,0.01896462389172482,0.03179134777769256
FR--KL--STL,4.148363624699414,0.0200857517924646,0.0142033972868091,0.0238174604256215
FR--KL--STL,4.157579904713202,0.0202565839219062,0.0191084625217456,0.023458780976301302
FR--KL--STL,4.166628974664491,0.0152272022082087,0.01490473015122684,0.01856392260902168
FR--KL--STL,4.175639033666812,0.0159987788275088,0.01400037832373182,0.02115874177014796
FR--KL--STL,4.184662833693437,0.0217982245243888,0.01712534545917484,0.02934875082424918
FR--KL--STL,4.193628843815532,0.0183820929999711,0.01663105663498068,0.029852278459620102
FR--KL--STL,4.202668382786214,0.0247503189356876,0.01844237102711754,0.02557517620237204
FR--KL--STL,4.213951732730493,0.0190006253364458,0.01470077641181998,0.03071793826960342
FR--KL--STL,4.238903961784672,0.0223084875470647,0.01418170663190774,0.02651240709894858
FR--KL--STL,4.261483870795928,0.0178343801066489,0.01719668272712336,0.02346418187732122
FR--KL--STL,4.279312559810933,0.0185041934149126,0.01740536028775628,0.02080493641279298
FR--KL--STL,4.296083748689853,0.0209496420061157,0.01681602165527914,0.02689314135972716
FR--KL--STL,4.305207687721122,0.0236764992539804,0.021325149035951018,0.03041024307171366
FR--KL--STL,4.314138767775148,0.0187116300764671,0.01825212908809416,0.022605144822324463
FR--KL--STL,4.323168187751435,0.0232958243361594,0.02037960887618332,0.02555490051985882
FR--KL--STL,4.337845667672809,0.018225167168282,0.0174262594668448,0.024655618421289143
FR--KL--STL,4.346774796664249,0.019120678761368,0.015236442739015341,0.02153781514560928
FR--KL--STL,4.355861646705307,0.019582288825461,0.019051700670073002,0.02245347060745922
FR--KL--STL,4.364905156719033,0.0200532316469832,0.01580516462530276,0.028282171476047262
FR--KL--STL,4.379501235671341,0.02733429219073,0.0206336890477558,0.0345613703514658
FR--KL--STL,4.391556444694288,0.0246919787547881,0.02294336116528934,0.02718489759164124
FR--KL--STL,4.403645493730437,0.0222479192026696,0.01943043362055048,0.02389197003957684
FR--KL--STL,4.415738473762758,0.0189123006249474,0.01810801539411666,0.020667703369034
FR--KL--STL,4.427783663675655,0.017902067366549,0.01730789425233746,0.02360509070125538
FR--KL--STL,4.440087853581645,0.0185357958014833,0.01802995192006728,0.02473374292480904
FR--KL--STL,4.452353403554298,0.0183307188992358,0.01526765694438264,0.021704762825271423
FR--KL--STL,4.4644386325380765,0.0246175802177504,0.01679699511231256,0.02566818001701556
FR--KL--STL,4.476816451584455,0.0200838044726765,0.018082075717899198,0.02542467545196414
FR--KL--STL,4.489130680507515,0.0191407873838329,0.0159872159441874,0.02369769614331852
FR--KL--STL,4.507123049523216,0.0220086221091264,0.01713852974887114,0.02699622952485466
FR--KL--STL,4.524205828609411,0.0179224187556883,0.0136528689578142,0.02486803386302646
FR--KL--STL,4.539675357635133,0.0203824954768947,0.01736630819480062,0.031295473591785555
FR--KL--STL,4.558096996624954,0.0209454109069469,0.0134880096497113,0.02436013295911148
FR--KL--STL,4.576281135552563,0.0235338699322653,0.016435263702834362,0.028228689155196163
FR--KL--STL,4.587327024550177,0.0209017412450975,0.01644887209156986,0.022980977484144138
FR--KL--STL,4.598358564544469,0.0205989044500256,0.01619826035442308,0.03276613295729474
FR--KL--STL,4.609612484637182,0.0218173912501526,0.01911655515506532,0.027079575008895
FR--KL--STL,4.620745764579624,0.0225730512131008,0.01988792738659974,0.0231408058255112
FR--KL--STL,4.6316732335835695,0.0202251560265409,0.01802454452028138,0.02339588547582418
FR--KL--STL,4.642600353632588,0.0183548176608212,0.01636008135333206,0.01944486108664016
FR--KL--STL,4.6799451726838015,0.0184376295246693,0.0136523820936673,0.02488157832116536
FR--KL--STL,4.690869132697117,0.0201943071471646,0.017141671013629862,0.02616010479489426
FR--KL--STL,4.701616221806034,0.0178601080979063,0.01655644673737122,0.019214752796872802
FR--KL--STL,4.712487120879814,0.0191298506539396,0.016141660028893,0.027081177025058842
FR--KL--STL,4.723336860886775,0.026218690260265,0.01986709166838518,0.0286317150580771
FR--KL--STL,4.734158760809805,0.0178945303827333,0.01651416958262074,0.02004343813091508
FR--KL--STL,4.745047939766664,0.0170279600139195,0.01460533165409848,0.02441845485036536
FR--KL--STL,4.755795728764497,0.0218329406056625,0.0148043146796908,0.0235416420571823
FR--KL--STL,4.766641678870656,0.0183608666952181,0.014665682151257839,0.02270521000289414
FR--KL--STL,4.777536158973817,0.0217443303845072,0.018134086784849,0.0241032764608462
FR--KL--STL,4.788355297932867,0.0170465300186606,0.016706664202382558,0.02769777781886084
FR--KL--STL,4.799313356983475,0.0183990680750838,0.01264311909449984,0.0216059186737851
FR--KL--STL,4.81014277698705,0.0224400481564117,0.01941317144422208,0.03163582623932932
FR--KL--STL,4.821404346963391,0.0192509719754525,0.01693777544262496,0.023830214412575358
FR--KL--STL,4.8324190970161,0.0215025627946943,0.019864572271856642,0.0276252855300782
FR--KL--STL,4.8435410259407945,0.0241083059144955,0.017740176799537682,0.02673643853376572
FR--KL--STL,4.854647305968683,0.0183170340146432,0.01600154954651312,0.02590473720117636
FR--KL--STL,4.86569144600071,0.0178096229398931,0.015852080108447762,0.0217303922438276
FR--KL--STL,4.876675545994658,0.0196071400870323,0.01547038720535446,0.02257629642179488
FR--KL--STL,4.887557994981762,0.0173387756974534,0.0136258370080895,0.01781634639165186
FR--KL--STL,4.89865683496464,0.0186923027805647,0.01705592480263356,0.02098611151813822
FR--KL--STL,4.909508645010646,0.0254980297764575,0.01758165019386976,0.030741597565261677
FR--KL--STL,4.925980835047085,0.0211106544375923,0.01685398818118236,0.02377987822708286
FR--KL--STL,4.9369900151505135,0.0220617137103431,0.016509286472779577,0.03245562035314718
FR--KL--STL,4.947967854153831,0.0220281713609722,0.02104426571955854,0.0295233606868919
FR--KL--STL,4.958801303175278,0.0170437386515658,0.0136683504633964,0.021149475316093423
FR--KL--STL,4.970228953228798,0.0195076420954478,0.01724494145038304,0.02602774054716972
FR--KL--STL,4.981171933293808,0.0220355745181848,0.0171568523559699,0.02830762181444582
FR--KL--STL,4.992311933194287,0.0197436402983868,0.01563661782442406,0.02373786175915024
FR--KL--STL,5.003490302246064,0.0175184047745347,0.0155421821244004,0.02544785167557386
FR--KL--STL,5.014737622230314,0.0193134422991647,0.01795185174206034,0.02167178535211172
FR--KL--STL,5.025791632244363,0.0228719189421156,0.018962502903019582,0.0277932286231532
FR--KL--STL,5.036662452155724,0.0202113899647713,0.0185066572044263,0.02582814951224172
FR--KL--STL,5.047402481199242,0.0188605218033899,0.01700722600095328,0.025899131863593522
FR--KL--STL,5.058320901182015,0.0194487199919279,0.01792363601423966,0.0283881717916756
FR--KL--STL,5.069463871128392,0.0179691367743402,0.01713286120460676,0.02033962020297218
FR--KL--STL,5.080616331193596,0.0246079649805324,0.0222505085503712,0.02900321742673944
FR--KL--STL,5.0918169802753255,0.0248849700070792,0.01402798842978536,0.0262122551983367
FR--KL--STL,5.102974419132806,0.0263883505139261,0.01901483730082984,0.0320444009623173
FR--KL--STL,5.113957389083225,0.0177378092162285,0.015233680191471342,0.02832311758780852
FR--KL--STL,5.12486302916659,0.0205894132686239,0.0157173460754563,0.028562531513139762
FR--KL--STL,5.1356100691482425,0.0172629908240793,0.01708194154688554,0.02381897390159218
FR--KL--STL,5.146704398095608,0.0236663948395943,0.02017420993124682,0.029333735484897223
FR--KL--STL,5.161939417128451,0.0244228643868495,0.02114535371302672,0.0285519151443736
FR--KL--STL,5.172894847113639,0.0219513796066195,0.01678208612167106,0.02455176219635568
FR--KL--STL,5.191233097109944,0.0215936633766347,0.0167382467085985,0.02363219885030782
FR--KL--STL,5.2022263270337135,0.0211491567644941,0.01758071470580654,0.02229652288856694
FR--KL--STL,5.213273397122975,0.0183420995226271,0.01683292455984712,0.02214798897963984
FR--KL--STL,5.223748436197639,0.0175505465695948,0.01402061427844214,0.02014384370427528
FR--KL--STL,5.234961696260143,0.0192083286684834,0.01690537231758066,0.02725346314204554
FR--KL--STL,5.245941936271265,0.023461283171926,0.015144080583337381,0.02588043078060302
FR--KL--STL,5.257013876223937,0.024390298673893,0.01699855780735212,0.02722256679256528
FR--KL--STL,5.268148895178456,0.0265393609777078,0.017496594630614423,0.0302044494325315
FR--KL--STL,5.279571474180557,0.0202160937124773,0.013585166336244441,0.031872634700238156
FR--KL--STL,5.290653494186699,0.0193036046657084,0.01496584408228042,0.02541491714036396
FR--KL--STL,5.301569044124335,0.0187048083248981,0.01689681408489886,0.0256693734620398
FR--KL--STL,5.312566464126576,0.0174626112028022,0.01563775642523804,0.0231820200684126
FR--KL--STL,5.323624963115435,0.0221823254009052,0.01608404188227432,0.02234256089419086
FR--KL--STL,5.334852533123922,0.0207526001002946,0.0177950920700027,0.026064341346392402
FR--KL--STL,5.345738103147596,0.0182010606435483,0.015810293074747482,0.02643550774644152
FR--KL--STL,5.3567312831874005,0.02170620270374,0.015289676859140339,0.02427527828494926
FR--KL--STL,5.367725662130397,0.0240948408190462,0.02287876802997738,0.02701135807482158
FR--KL--STL,5.37916531204246,0.0205640691185493,0.0152611778827491,0.02156319176348798
FR--KL--STL,5.390388242085464,0.0212983050196555,0.0198691473358451,0.02912367332399406
FR--KL--STL,5.401919832045678,0.0177481651597162,0.01522211023780352,0.024390482838347723
FR--KL--STL,5.413576421095058,0.0184182031745052,0.01541649532130118,0.0248973402681485
FR--KL--STL,5.424508260097355,0.0195009031806705,0.0170376599282349,0.0225988588367016
FR--KL--STL,5.4353406900772825,0.0185251465275655,0.01587050546395112,0.02492798044956708
FR--KL--STL,5.4464681601384655,0.0210980389388879,0.01907249426681118,0.02751115236807206
FR--KL--STL,5.457386870053597,0.022516088492523,0.01750701035975334,0.02991762161545918
FR--KL--STL,5.468340699037071,0.0241715925041035,0.0221722417149635,0.02580653750230792
FR--KL--STL,5.479181918955874,0.0214125256234041,0.01809859575442934,0.0227824252492183
FR--KL--STL,5.490392338950187,0.0216039560349941,0.01317269795656838,0.02890571633814146
FR--KL--STL,5.501334228902124,0.0212176493026277,0.01935277897522944,0.0294668011710598
FR--KL--STL,5.512028737924993,0.0180696568411207,0.01691803815477606,0.02170025816639614
FR--KL--STL,5.522846008010674,0.0204024656197105,0.01812630363594958,0.022359723295423302
FR--KL--STL,5.5339136880938895,0.0175242417144829,0.01647390207976396,0.02354916542502388
FR--KL--STL,5.544738308119122,0.0198028255862539,0.0165443964342614,0.02902330642753552
FR--KL--STL,5.555670547124464,0.020589542031189,0.01948015188740438,0.021974653170235538
FR--KL--STL,5.568514877173584,0.0188734332415378,0.015471428372597901,0.02045736601528168
FR--KL--STL,5.579356907110196,0.026490759121998,0.02177594550232408,0.03678205442652422
FR--KL--STL,5.591984718514141,0.0188772596313242,0.01615339543972418,0.0249379703997675
FR--KL--STL,5.600844458560459,0.0204923167478625,0.01716478593563116,0.02501944699763776
FR--KL--STL,5.609932208550163,0.019277198285124,0.01429612189900234,0.024061400440567062
FR--KL--STL,5.619030578469392,0.0174954809433529,0.01662633873057466,0.02579358233808474
FR--KL--STL,5.627932898467407,0.0209113762624184,0.01882391990366724,0.02319654212747076
FR--KL--STL,5.636772448546253,0.021966122688326,0.01744639753218844,0.027115559625329362
FR--KL--STL,5.645798567624297,0.0218328537731622,0.01837986392454806,0.024719540261071378
FR--KL--STL,5.654777657589875,0.0195139655124023,0.0167650706714823,0.02356111475689314
FR--KL--STL,5.663845757546369,0.0243766910943463,0.01403369313223372,0.031146698055036302
FR--KL--STL,5.67295891745016,0.0176824796559884,0.017240188150424197,0.02774891934222406
FR--KL--STL,5.681872867397033,0.0187307163961918,0.01800352926355228,0.030368404615353402
FR--KL--STL,5.690891627338715,0.0196351370806837,0.0166300918978066,0.02306961831726532
FR--KL--STL,5.699953257280868,0.0187647366745835,0.01834784054312302,0.02265004645589668
FR--KL--STL,5.7095808062003925,0.0235369135832854,0.0194210564486354,0.024947054293960418
FR--KL--STL,5.7195177161484025,0.0176638175980485,0.01676181826628632,0.01791117343605314
FR--KL--STL,5.728469226218294,0.0191621136180515,0.01677181430781612,0.02659649642841936
FR--KL--STL,5.737333035271149,0.0250879616814359,0.0160259916529469,0.0287568214598138
FR--KL--STL,5.749675385130104,0.0216921985671945,0.0185526482213475,0.02334557090189828
FR--KL--STL,5.758413245086558,0.0203300760097846,0.012350724977611041,0.02191663205553592
FR--KL--STL,5.767315244127531,0.0227295808948468,0.01731333696757812,0.02436643999696454
FR--KL--STL,5.776368784136139,0.0188431319104438,0.01745889749382734,0.02536187721896394
FR--KL--STL,5.785515564202797,0.0203180407505101,0.01742688516596324,0.023668638283174878
FR--KL--STL,5.79458036320284,0.0208794153031846,0.01807765222525566,0.02463513071055838
FR--KL--STL,5.803800073219463,0.0180057502349058,0.01742872272866404,0.02665331883568452
FR--KL--STL,5.813146083208267,0.0230870021410112,0.017218468660257658,0.02494798192591356
FR--KL--STL,5.826780513278209,0.0197010293093882,0.01730023126035852,0.02091972472643982
FR--KL--STL,5.835899982310366,0.0209248218579034,0.01806236877658304,0.0253465295182678
FR--KL--STL,5.844710082281381,0.0198976005397355,0.0182917856726817,0.02268295996055086
FR--KL--STL,5.853620512294583,0.0189255226789271,0.015267078326309,0.02233576422620722
FR--KL--STL,5.862534831278026,0.0208754287936301,0.01570954570640872,0.02612789467548278
FR--KL--STL,5.871587561268825,0.0202073330981704,0.018175070588793498,0.0222252050723
FR--KL--STL,5.880608931242023,0.0201711230977537,0.01776370262397218,0.02400321351950934
FR--KL--STL,5.890049750218168,0.0182907103406222,0.01682447374867586,0.02378646991109002
FR--KL--STL,5.899288500309922,0.019580375882569,0.0161672833538375,0.02343856988951526
FR--KL--STL,5.908417700382415,0.0261229951593122,0.020163928087271122,0.02901387652592002
FR--KL--STL,5.917652929376345,0.0189587525367187,0.01550298618463436,0.02347211891483878
FR--KL--STL,5.92766049929196,0.0234393136008606,0.01501968507326974,0.02476379667029106
FR--KL--STL,5.937115339329466,0.0176229902057656,0.0172142839649211,0.01932168737919816
FR--KL--STL,5.946304629324004,0.0229549529555441,0.02146634854771598,0.029420363904011943
FR--KL--STL,5.95540970825823,0.0221286532854776,0.020826727476921263,0.02576979825473696
FR--KL--STL,5.964703728386667,0.0184001650712701,0.01603484027123152,0.031211347055602762
FR--KL--STL,5.97383482841542,0.0216206178023838,0.01778375246657328,0.02401096800511474
FR--KL--STL,5.983099257398862,0.0173254228611767,0.01572709372006214,0.0191818359074034
FR--KL--STL,5.992261357489042,0.0182622401703156,0.0178499176893836,0.0229665393628124
FR--KL--STL,6.001575337431859,0.0231167557970053,0.01860274608190758,0.028022999432133062
FR--KL--STL,6.010914896440227,0.0262308013582099,0.0196214302246289,0.03145488492231718
FR--KL--STL,6.020231166447047,0.0228104283354184,0.01436934508471946,0.02491005093165762
FR--KL--STL,6.029508136445656,0.0182285209420314,0.01678605384226442,0.02118436567049566
FR--KL--STL,6.038743925397284,0.0195275229365563,0.01729178113102412,0.02576929023509246
FR--KL--STL,6.0479780655005015,0.0201069782796139,0.01683650748056206,0.02912940579317358
FR--KL--STL,6.057359615457244,0.0210389101685848,0.01572326955254648,0.023936960285666917
FR--KL--STL,6.066554605436977,0.0196971969335777,0.0148839318065853,0.02267385626838628
FR--KL--STL,6.07553766440833,0.0194705850562968,0.0169513876101376,0.027286088374864858
FR--KL--STL,6.084638434345834,0.0219966312446331,0.014654577928550279,0.024495573312353178
FR--KL--STL,6.093728324340191,0.018961984003937,0.017340522767420877,0.0213393306189942
FR--KL--STL,6.102807323331945,0.0228168039970739,0.01782054179944904,0.03026181078701878
FR--KL--STL,6.112082513282076,0.0184778897208843,0.01407571267960178,0.027795912902615762
FR--KL--STL,6.121312403236516,0.022296028259916,0.019360267195744938,0.02305026703043606
FR--KL--STL,6.130577162199188,0.0215415984462481,0.01623463715534394,0.0247444805944269
FR--KL--STL,6.139947212242987,0.0198214798579101,0.0174636836853153,0.027184337433021642
FR--KL--STL,6.148887082235888,0.0223757598012923,0.017190013947569582,0.02862796098816314
FR--KL--STL,6.158180681231897,0.0213477318044823,0.01704506297730572,0.02664313932288558
FR--KL--STL,6.1672115011606365,0.0246685709446836,0.01454016222323274,0.032520806524564703
FR--KL--STL,6.1763104211422615,0.0226592223353918,0.01750651988586466,0.026269278379447702
FR--KL--STL,6.186055920145009,0.0208822021240848,0.01859222204995484,0.028104179245602223
FR--KL--STL,6.207673779223114,0.0220613684185053,0.01958955108575818,0.02847296858896866
FR--KL--STL,6.217814018309582,0.0202301893899772,0.01476807107783308,0.031083388118952282
FR--KL--STL,6.227093308232725,0.0187707631248201,0.01770615358160504,0.0213643794945994
FR--KL--STL,6.249130128126126,0.0212650871070252,0.015697296695964202,0.0219749126873921
FR--KL--STL,6.25805502809817,0.0175001832882486,0.01506574823116006,0.02166086522819052
FR--KL--STL,6.267959946999326,0.0204085488465466,0.01707295202554912,0.022939470248607503
FR--KL--STL,6.276883157028351,0.0245731789216279,0.02040683017183362,0.029117389065078183
FR--KL--STL,6.286103547026869,0.0226005489604119,0.01893516190218628,0.02387710628715918
FR--KL--STL,6.295272485993337,0.023112372238657,0.01639579272329282,0.03086029670149058
FR--KL--STL,6.304476375982631,0.0203416446019275,0.01507497163681246,0.026792284978245103
FR--KL--STL,6.3136545260204,0.0202718549305132,0.01761990899425138,0.0264794874394624
FR--KL--STL,6.327875666029286,0.02542273296973,0.02235557756206956,0.030895012682716962
FR--KL--STL,6.3369498060201295,0.0240348583844678,0.01908850235696486,0.02529740114570412
FR--KL--STL,6.346476845094003,0.0185939922221223,0.016649494730933138,0.02175960445901232
FR--KL--STL,6.356525815150235,0.0250971877187851,0.02376901750265002,0.02847753660481084
S--FB--GVI,0.0,545.7152083153993,545.7152083153993,545.7152083153993
S--FB--GVI,0.0055219099158421,63.56373190672787,61.18188156524476,63.674092073273734
S--FB--GVI,0.0113144099013879,28.83107836914365,28.073145681317943,29.240261166088402
S--FB--GVI,0.0171141398022882,16.890568520947852,16.447964164594275,17.218953839540806
S--FB--GVI,0.0226654887665063,11.077542757039808,10.964221683630631,11.516019971922736
S--FB--GVI,0.028081408701837,7.99874668124184,7.900973029560868,8.119274426520033
S--FB--GVI,0.0332093988545239,6.041294027205908,5.953611019476071,6.211723338372792
S--FB--GVI,0.0389141888590529,4.840068069246357,4.718065715202681,4.848325065791926
S--FB--GVI,0.0447918189456686,3.87752610131605,3.810690103801227,3.881850623839299
S--FB--GVI,0.0503171989112161,3.1437134874394417,3.0629945146342124,3.195991262697066
S--FB--GVI,0.0557835579966194,2.5966156709565524,2.547594086409788,2.6727476191099186
S--FB--GVI,0.0612984180334024,2.222389068531754,2.168551898743965,2.2536880746701287
S--FB--GVI,0.0669981771497987,1.856059919807052,1.8248764115070288,1.9303391169306197
S--FB--GVI,0.0725959372357465,1.6253741013119338,1.6008471047696446,1.6806572160605213
S--FB--GVI,0.078417957178317,1.3935057199633434,1.376286116037079,1.426296142768831
S--FB--GVI,0.0838879971415735,1.2283289512804174,1.1894623252054373,1.2576122121701274
S--FB--GVI,0.0894518572022207,1.0632434972211229,1.0124883862530114,1.0953420221638765
S--FB--GVI,0.0950474772253073,0.9113629226057044,0.8827417886664705,0.9784296625904801
S--FB--GVI,0.1006210672203451,0.8199955947305,0.7910647709104353,0.8536194402650665
S--FB--GVI,0.1063823662698268,0.7273786152026958,0.6898057143352105,0.7301355667647783
S--FB--GVI,0.1119714262313209,0.6548737260870894,0.6228158396997856,0.7470642323294271
S--FB--GVI,0.1173980562016367,0.5766661012480085,0.5418852052613033,0.6927893777941051
S--FB--GVI,0.1228801061515696,0.5217681911292686,0.4890440966354958,0.5373971300404492
S--FB--GVI,0.128360026224982,0.4588620672963373,0.43642857048246236,0.48977839645283433
S--FB--GVI,0.1338226962834596,0.4151335191327234,0.3788723518381004,0.4284488054544027
S--FB--GVI,0.1393444063141942,0.3809489590099133,0.34767895072337746,0.4240259084299623
S--FB--GVI,0.1447108653374016,0.3298395459306675,0.31050397415148434,0.3517850298426367
S--FB--GVI,0.1500856453785672,0.3182976106072317,0.29339295898508905,0.3471860261092047
S--FB--GVI,0.1555609052302315,0.2899506488265615,0.2609806127415652,0.313238535897878
S--FB--GVI,0.1609806052292697,0.2542551657384706,0.23825311470656627,0.27195775943295636
S--FB--GVI,0.1663563352776691,0.2644469354237913,0.2195800579485649,0.28884914647471754
S--FB--GVI,0.1718946252367459,0.2523967453339111,0.20267030744078904,0.27153893232061815
S--FB--GVI,0.1774772152421064,0.2038639596893858,0.1888391685374671,0.2263908686138137
S--FB--GVI,0.1831165442126803,0.1992594656290975,0.18922939462944727,0.2355179670373701
S--FB--GVI,0.1886659241863526,0.158871498058545,0.1480227243226977,0.1823413505583005
S--FB--GVI,0.1940723932348191,0.1624588314032991,0.1579785309142323,0.1762674710324574
S--FB--GVI,0.1994974332628771,0.1575384004345892,0.15279205561448916,0.22476190298370677
S--FB--GVI,0.2049812833429314,0.1550812619030068,0.12100181949130043,0.2000036032215433
S--FB--GVI,0.2104168534278869,0.1813040152518681,0.12956795362366613,0.19419720038499405
S--FB--GVI,0.2158572434564121,0.1268181325758632,0.107423673524255,0.18262601185619187
S--FB--GVI,0.2212941634352319,0.13923997755046,0.10284483464920978,0.14776993829424326
S--FB--GVI,0.2266309534315951,0.1362581912179621,0.11128366988365594,0.13987850547237882
S--FB--GVI,0.2321314315777272,0.1078801013113661,0.09201297227779716,0.1247657010814521
S--FB--GVI,0.2435501615400426,0.0926749577722461,0.08894700345274197,0.13767493003294357
S--FB--GVI,0.2490306015242822,0.1077924996297383,0.08574757376152317,0.1489206203275671
S--FB--GVI,0.2550985415000468,0.0863646962501718,0.07217946587835794,0.1178978862835606
S--FB--GVI,0.2607701615197584,0.1112268968757348,0.07946968383154736,0.14320794908830406
S--FB--GVI,0.2721290815388784,0.0826727157495241,0.06648044899596638,0.17969863685077025
S--FB--GVI,0.2788675706251524,0.085916644025815,0.0757050080301951,0.10909143689849256
S--FB--GVI,0.2846983106574043,0.0783047504502576,0.05951693827915104,0.10970477776433536
S--FB--GVI,0.290385560656432,0.112620945269299,0.07326001127446204,0.11873015494898306
S--FB--GVI,0.2961824206868186,0.07577625957353,0.06781702725887154,0.10210348072740769
S--FB--GVI,0.3017949506174773,0.0840624671478167,0.05913788946769216,0.11816705047048115
S--FB--GVI,0.3073474696138873,0.0797292115993428,0.05580785973560292,0.10335080714664283
S--FB--GVI,0.3129733296809718,0.0894385851471355,0.06044633555686684,0.10933417202990083
S--FB--GVI,0.3186792897176929,0.0832719509357104,0.0617797671150242,0.10980853738923313
S--FB--GVI,0.3243059096857905,0.1162586390411632,0.06883306176978576,0.17041889416920522
S--FB--GVI,0.3299339596414938,0.058492307964741,0.05376785434804672,0.07671351109583492
S--FB--GVI,0.3355749996844679,0.0995935291071248,0.07781384445584076,0.15250413506604157
S--FB--GVI,0.3411072697490453,0.0784411814457257,0.06711619623127657,0.0937050786115605
S--FB--GVI,0.3468351998017169,0.0782528991457667,0.05545196363907786,0.0886660002966095
S--FB--GVI,0.3524779896833934,0.0735332458231141,0.05486772401636128,0.1125111460910488
S--FB--GVI,0.3569816286908462,0.0743451113049644,0.05180196748472944,0.10494663091587025
S--FB--GVI,0.3625642285915091,0.0810824236917397,0.05598136656597884,0.11569876550837815
S--FB--GVI,0.3682052885415032,0.0561784506119664,0.049037186654246,0.08813700124984786
S--FB--GVI,0.3738382285227999,0.0684190889281666,0.05895343044507224,0.07815898346563013
S--FB--GVI,0.3794578485540114,0.0683362596267045,0.06428751902894302,0.12390412613971191
S--FB--GVI,0.3852033185539767,0.0475624472092164,0.03850981068045764,0.09240326163854033
S--FB--GVI,0.3908504086430184,0.0654766453771173,0.05713549284413084,0.06935142057286038
S--FB--GVI,0.3965491775888949,0.066023279453077,0.051476222081780036,0.11751682660277249
S--FB--GVI,0.4020724075962789,0.0675055777356021,0.06009096553506192,0.0983907142702662
S--FB--GVI,0.4076258076238446,0.057388928116012,0.03711526347665878,0.09927580029083169
S--FB--GVI,0.4131563776172697,0.0525675058783861,0.03416287468979246,0.0935691560075071
S--FB--GVI,0.4187132676015608,0.0740115229679645,0.043613229332640904,0.08770221011416479
S--FB--GVI,0.4242329375701956,0.057524869042453,0.042035379505568904,0.09816102663832563
S--FB--GVI,0.4297879374353215,0.0576244904043221,0.05131896621406042,0.10572796199865872
S--FB--GVI,0.4353335664491169,0.0730296636408809,0.05697409561564082,0.1136600500485741
S--FB--GVI,0.4409623463870957,0.0647314577178406,0.05711951299200558,0.09592843148452058
S--FB--GVI,0.4465363554190844,0.089975376248546,0.05833435719508482,0.14308178067818172
S--FB--GVI,0.4522062154719606,0.0560377054804774,0.0464264047388354,0.08733198136966676
S--FB--GVI,0.4576983054284937,0.0696491509515624,0.0652330628756999,0.08926496980952828
S--FB--GVI,0.4632596754818223,0.0897427278584359,0.06537740406957078,0.11172182408613192
S--FB--GVI,0.4688027253723703,0.0622489823648777,0.05028999646579844,0.07048266651747771
S--FB--GVI,0.4743888154043816,0.0873143820258377,0.07208264849059556,0.10191718267775796
S--FB--GVI,0.4803949354100041,0.059779493299473,0.044066311739379575,0.09213741216992438
S--FB--GVI,0.4871484344475902,0.0477189348119964,0.041942514155829204,0.06409843407361676
S--FB--GVI,0.4931938245426863,0.0477714300274811,0.03403946134223184,0.0932590756257326
S--FB--GVI,0.4998235145467333,0.0593383012644324,0.033696312967128904,0.10811842417961938
S--FB--GVI,0.506578613538295,0.1048879921000605,0.04517631579900296,0.15148062397063877
S--FB--GVI,0.5128371135215275,0.0470759882796016,0.04304845118237488,0.06134684418777278
S--FB--GVI,0.5191093135508709,0.054417627227508,0.0442379796863747,0.08370235142735107
S--FB--GVI,0.5260160934994929,0.0739803039148938,0.05488664833801804,0.07934828572194014
S--FB--GVI,0.5325696835643612,0.0603999748695684,0.0406008658830245,0.162220943542718
S--FB--GVI,0.5394069436006248,0.0532206626753577,0.04914435121644368,0.09985677868869797
S--FB--GVI,0.5458461635862477,0.0832971648224827,0.0589983140787694,0.09945965710151934
S--FB--GVI,0.5526722335489467,0.0699411103224747,0.0366437428120889,0.08913734048865932
S--FB--GVI,0.5599215535330586,0.0606422138085633,0.049972612158435875,0.07285534744146954
S--FB--GVI,0.566833243588917,0.0697594652246351,0.04564527780619864,0.13645396287343486
S--FB--GVI,0.5732853236258961,0.0599078379552224,0.04126928597029856,0.06854037874371094
S--FB--GVI,0.5797352135996334,0.0656844406638725,0.05718273955705794,0.08410202507663479
S--FB--GVI,0.586127083573956,0.0692561419751882,0.04219433442213184,0.11855135292504712
S--FB--GVI,0.5978726436151192,0.0659457407791137,0.032151686021305095,0.0945854086153218
S--FB--GVI,0.6033919836045243,0.0434643793209374,0.04110288111018572,0.04888273713534936
S--FB--GVI,0.609031033643987,0.0583573255594842,0.047149478753829,0.07924622436685234
S--FB--GVI,0.6146417137351818,0.0765078688622509,0.04979642916416366,0.10038877862724285
S--FB--GVI,0.6201143227517605,0.0725950885907877,0.06697902479662612,0.08158684582278108
S--FB--GVI,0.62571982271038,0.0762484558568843,0.05692468797622324,0.11891202815215814
S--FB--GVI,0.631237601628527,0.0605720113718177,0.0465935916397512,0.07491972556227319
S--FB--GVI,0.6367712515057065,0.0634871746691914,0.04214747905273266,0.07182619383297603
S--FB--GVI,0.6423358815372922,0.1205463339744454,0.0422123332635038,0.12557866134557116
S--FB--GVI,0.6480518915923312,0.0441532104624968,0.0261760582366008,0.07367278496280669
S--FB--GVI,0.6535994114819914,0.0649573692620322,0.04715112750567694,0.07295325006850814
S--FB--GVI,0.659161111456342,0.0514685384998756,0.04268021488525162,0.10161581197610864
S--FB--GVI,0.6646446013473906,0.0620862161901811,0.04489621814089442,0.09930007327778292
S--FB--GVI,0.6701129902503453,0.0506521960621313,0.036192733963002835,0.07133289325988695
S--FB--GVI,0.6757041302626021,0.0532614072521369,0.03382966902067318,0.074741830644848
S--FB--GVI,0.6814957892638631,0.0596808268486483,0.05194400988920332,0.12651003434345676
S--FB--GVI,0.6871982793090865,0.0571749131356256,0.04378195527066278,0.0613714125700255
S--FB--GVI,0.6927411393844523,0.0567134972675944,0.04755790642191182,0.15540377858821441
S--FB--GVI,0.6983070193673484,0.0531088251686213,0.03615991205355152,0.06210607292939862
S--FB--GVI,0.7038527693366632,0.060518722920392,0.04219402392346862,0.07730619135918171
S--FB--GVI,0.7093601293745451,0.0741084193819148,0.057221885164071236,0.10794308214959183
S--FB--GVI,0.7149276493582875,0.0623628701284815,0.05323738387150452,0.07928062926534662
S--FB--GVI,0.7204857683973387,0.0649556119271892,0.04383864956166114,0.10199488136777286
S--FB--GVI,0.7260185983031988,0.0570711626491515,0.053788097678000184,0.0815991219057082
S--FB--GVI,0.7316407182370313,0.060613027972721,0.0407085171793937,0.07647175153961708
S--FB--GVI,0.73728001822019,0.0582564908379481,0.04760043098179658,0.09106391738402803
S--FB--GVI,0.7428216182161123,0.0464192875729736,0.034001389735581644,0.07177740569027832
S--FB--GVI,0.7483278182335198,0.0912414133285324,0.0566112608516675,0.16670371240658138
S--FB--GVI,0.7539015982765704,0.0604273835243134,0.0463329564275795,0.07398490592457561
S--FB--GVI,0.7593947172281332,0.0780619925959342,0.054649656282117556,0.085231811888741
S--FB--GVI,0.7648990171728656,0.0587239960844527,0.0524631089161658,0.14700230458243474
S--FB--GVI,0.7705175160663202,0.0485487371873318,0.04465534387190358,0.08579236721863592
S--FB--GVI,0.7761740460991859,0.1098094868790298,0.06744228683359374,0.1271667682960355
S--FB--GVI,0.7820188260520808,0.0394750909368752,0.0256239201017535,0.06515154391715892
S--FB--GVI,0.7875260160653852,0.0502288645445787,0.04144238442845842,0.08132833336925947
S--FB--GVI,0.7930662960279733,0.0772767724398875,0.0549484292827287,0.10339785333709126
S--FB--GVI,0.7985131359891966,0.0626025957703149,0.0489074243615306,0.09607203791229318
S--FB--GVI,0.8041244160849601,0.0639159475148574,0.05227714876988322,0.1208864558072747
S--FB--GVI,0.8097050351207145,0.0456491097511246,0.03781139397929388,0.07463054116952318
S--FB--GVI,0.8152633551508188,0.0467409482866116,0.03386036697704636,0.056230790063813145
S--FB--GVI,0.820921415288467,0.0769881585176506,0.055204318444683,0.10034582673271188
S--FB--GVI,0.8264325953787193,0.0635588707932583,0.04579543322921606,0.07747446588197132
S--FB--GVI,0.8320433053886518,0.0578930240933885,0.0478218360112123,0.11381649878701408
S--FB--GVI,0.8375916754011996,0.0733801874527273,0.0539097481191305,0.08736734177366538
S--FB--GVI,0.8431015354581177,0.0495245675008391,0.04355380215763486,0.06562882457605489
S--FB--GVI,0.8486721753724851,0.0492495686110743,0.04303316147816638,0.06789324593290755
S--FB--GVI,0.8542264553252608,0.0725958864482123,0.05405117968118696,0.08286667221907462
S--FB--GVI,0.8599340743967332,0.0665177042292697,0.05599978280850164,0.1390122339179612
S--FB--GVI,0.8656318443827331,0.0970311199539111,0.042409766001904305,0.14232128014830037
S--FB--GVI,0.8713278043433093,0.0509175017816119,0.04792461828763802,0.1179701911807939
S--FB--GVI,0.8769344442989677,0.0672770989186659,0.05252422685679786,0.12294579124770733
S--FB--GVI,0.8825129842734896,0.051400457049695,0.0480657103275234,0.08654609928946114
S--FB--GVI,0.8881183941848576,0.0614837121042057,0.04304167653708074,0.13764653891927872
S--FB--GVI,0.893771454168018,0.0649805998466632,0.05680033565766672,0.18268676736502132
S--FB--GVI,0.8993777632131241,0.0504115636427542,0.03722081354783308,0.058007411720163216
S--FB--GVI,0.9049599432619287,0.0723858703178024,0.05697360556331426,0.09649153911893789
S--FB--GVI,0.9104507631855084,0.0793745763902222,0.05891354356814978,0.1223667886242367
S--FB--GVI,0.9160328831057996,0.0629456450431291,0.04949504188427904,0.19986563034141797
S--FB--GVI,0.9217568531166762,0.077333433287194,0.06034652052214248,0.11203880521524066
S--FB--GVI,0.9273420230019838,0.1390751046370866,0.04863978087643086,0.16841288530938525
S--FB--GVI,0.9329214330064132,0.0587044809260675,0.0475947387421172,0.14164367179812987
S--FB--GVI,0.9385061520151794,0.0588188859107958,0.0487185578665105,0.06714612154778472
S--FB--GVI,0.9434462619828992,0.0580556684844708,0.05314169673904412,0.09902054932881298
S--FB--GVI,0.948970710975118,0.0507621905278909,0.043838688786405504,0.07704719003331766
S--FB--GVI,0.9544923210050912,0.0780265437377778,0.0633612783917328,0.0893593872443659
S--FB--GVI,0.960000031045638,0.0738067327923772,0.04276350695097046,0.1321840828030758
S--FB--GVI,0.96545091108419,0.0737624359435642,0.04971536596411844,0.11019928749348362
S--FB--GVI,0.9709154610754922,0.0925798367360073,0.0467583638243297,0.1144625284929418
S--FB--GVI,0.9766731010749936,0.0746974540808622,0.059879330063577575,0.09915860319082408
S--FB--GVI,0.9822642910876312,0.0565843775148948,0.035689999295266235,0.14800337757868925
S--FB--GVI,0.9877725501428358,0.0608639692423054,0.040468604303009637,0.09565343501833178
S--FB--GVI,0.993405980116222,0.0807448373959971,0.04345397451598098,0.10604288797965182
S--FB--GVI,0.9990389200975188,0.0695347787790154,0.046785863143463696,0.136005766812184
S--FB--GVI,1.0046995300799608,0.089783374024023,0.06789755307048885,0.1301864853098948
S--FB--GVI,1.01016681996407,0.0615068800624527,0.05790394657805388,0.13364309606196229
S--FB--GVI,1.0155664299381897,0.0548071149618749,0.04956242478370422,0.1028715314014192
S--FB--GVI,1.021012949931901,0.0499537842068207,0.04205790096864626,0.07160271460478776
S--FB--GVI,1.0267668689484708,0.052323437174607,0.04775456565184008,0.07152493061420555
S--FB--GVI,1.032333939045202,0.1056105863163168,0.05658029649999318,0.12308154793792589
S--FB--GVI,1.0379437390947714,0.0673241543339884,0.0454652912198639,0.11276513343449318
S--FB--GVI,1.0436845390941016,0.094474837815369,0.0500419699374816,0.13831803010757532
S--FB--GVI,1.0492927991435863,0.0658246225623599,0.05358496001564098,0.08342137029493976
S--FB--GVI,1.0548907290794889,0.0874581955005737,0.05942023259508458,0.13127841795054845
S--FB--GVI,1.0605044080875814,0.0668393638404438,0.05776558355979658,0.0843472810101275
S--FB--GVI,1.066226828028448,0.0613972312854969,0.04372352961850362,0.12358751804140411
S--FB--GVI,1.0718364079948517,0.0482738364453467,0.0408880750775324,0.0739491041187761
S--FB--GVI,1.0783940778928809,0.0671059031169534,0.058401122969155464,0.08793400630709979
S--FB--GVI,1.0839598378515802,0.0669935289523238,0.03373405944618064,0.12639263656293165
S--FB--GVI,1.0896165778394789,0.0661946011235272,0.04620593962662834,0.08891241587956523
S--FB--GVI,1.095205157878809,0.0578168732107968,0.04618724583251886,0.06401388864228177
S--FB--GVI,1.1007447768351994,0.1016215509520748,0.05444337734014364,0.1621778395673857
S--FB--GVI,1.1064047467662022,0.0507831482847933,0.0436696729562754,0.17715803950292752
S--FB--GVI,1.1120233167894185,0.0620059018882983,0.05739345368543234,0.07208067315720534
S--FB--GVI,1.1176237068139017,0.0830283547376211,0.05440958121428132,0.12595296487016008
S--FB--GVI,1.123203416762408,0.0569293751334214,0.04779815739789224,0.09544908364151182
S--FB--GVI,1.1297724857577125,0.0899235647061971,0.04865294753334974,0.12245881851322904
S--FB--GVI,1.1347496057278477,0.0584615958482572,0.041619119970283655,0.08487923900638064
S--FB--GVI,1.1417515957145952,0.0719538318089831,0.043611220357803376,0.08692009740719298
S--FB--GVI,1.1486914056586102,0.048917542590587,0.03690845022559012,0.09385937148441029
S--FB--GVI,1.155714755586814,0.0769969512458175,0.04067258696489942,0.14280868359537346
S--FB--GVI,1.1625700156437233,0.0486322868106867,0.03822139326498186,0.05512256687889586
S--FB--GVI,1.1692687656613998,0.1103312324298571,0.07327316928831348,0.15101561666826901
S--FB--GVI,1.1762122956570238,0.086077418959519,0.05068695869466066,0.10011963560577897
S--FB--GVI,1.1830734555842355,0.064908011983789,0.04024285815559946,0.1411757758480235
S--FB--GVI,1.1899495956022292,0.062475701261377,0.047334452215000024,0.15787623948681925
S--FB--GVI,1.1967002656310797,0.0700773040423285,0.0523768389398725,0.09030840238842183
S--FB--GVI,1.2034058755380102,0.0803082820844593,0.04753189052430848,0.15773598729537636
S--FB--GVI,1.21041906561004,0.0488604096778146,0.04203961883326878,0.0942604674711333
S--FB--GVI,1.217466575675644,0.0618549120055718,0.05025458192183122,0.09806278166001896
S--FB--GVI,1.2243391546071507,0.0674855648831282,0.042736766212118436,0.09790776386637953
S--FB--GVI,1.2310584046063011,0.0528643948644003,0.04064342020533044,0.1029324399798099
S--FB--GVI,1.2378659046371467,0.0546763611182257,0.04530395308840692,0.07136379138764253
S--FB--GVI,1.2446656437241472,0.0640385260768141,0.04896730394979156,0.06897454694391736
S--FB--GVI,1.2515055237454362,0.0504067791944464,0.04437837251763878,0.12842347555491923
S--FB--GVI,1.2585492238285951,0.0536194775972092,0.0479556555922272,0.084264902935709
S--FB--GVI,1.265272382821422,0.0686168936146884,0.05718972109469288,0.07203822687427246
S--FB--GVI,1.2719708029180763,0.0647566072031082,0.057885302583730355,0.07901040005957606
S--FB--GVI,1.2787757329060696,0.058113719959735,0.037546311738816424,0.06562570045670663
S--FB--GVI,1.2856069118715825,0.0695841112620456,0.03908340318157562,0.07750423387446398
S--FB--GVI,1.292506831989158,0.0644274374666054,0.03604805319281462,0.08157641103464353
S--FB--GVI,1.2995443619438447,0.062670113145117,0.053762655008176743,0.07885685739836386
S--FB--GVI,1.3063510308857076,0.0573480268507893,0.04203615177205506,0.08048181418014337
S--FB--GVI,1.3130607909406535,0.0639197919950333,0.05227390881678104,0.0827977009677965
S--FB--GVI,1.3198558509466238,0.0488866215929135,0.04547523445945094,0.10103699869921454
S--FB--GVI,1.3264534799964167,0.0646763492140394,0.05005159386912506,0.06952025838473894
S--FB--GVI,1.3332943800487556,0.0777808857928477,0.06424898578129037,0.1090322858637904
S--FB--GVI,1.3407588800182566,0.0495410042999395,0.03163036179598744,0.06591299737243042
S--FB--GVI,1.3475322190788577,0.061423772162513,0.050686402130816016,0.09213692281659853
S--FB--GVI,1.3575842591235414,0.0940167139301877,0.060311072678126645,0.1398709548854896
S--FB--GVI,1.364449089160189,0.0587871175158625,0.05030080516102086,0.06926786953848986
S--FB--GVI,1.3715801281505264,0.0683777203777822,0.0567162965756409,0.13445386152338867
S--FB--GVI,1.3783363280817866,0.0699754407082053,0.04266130998286706,0.14027518006285786
S--FB--GVI,1.3853054580977189,0.0807397023402245,0.043025862158242445,0.11063595707134936
S--FB--GVI,1.392060047131963,0.0788250743444081,0.0477677734427345,0.0866542716166975
S--FB--GVI,1.3988158071879295,0.0470255725786046,0.0383638695239966,0.05533852878494084
S--FB--GVI,1.405532437202055,0.0624152582839201,0.04854924047534716,0.1294449184462763
S--FB--GVI,1.4122300462331625,0.0651856354794375,0.05725140939546234,0.0861695459228826
S--FB--GVI,1.418948986218311,0.0439674952513087,0.041510975886063756,0.06774854064771314
S--FB--GVI,1.4257626162143424,0.0594871389147186,0.04558678333897314,0.0775992673425577
S--FB--GVI,1.4325800262158737,0.0547208115326611,0.04390631789419496,0.09546432794676599
S--FB--GVI,1.43923055625055,0.0517519373327672,0.03564684797326832,0.11503488329940975
S--FB--GVI,1.445884266286157,0.0783869954348688,0.05101899134272396,0.16900661795219774
S--FB--GVI,1.4526361461612396,0.0664572042975635,0.047060640030542736,0.09838352103322731
S--FB--GVI,1.4594039662042633,0.0394273429945712,0.03294948766699688,0.06577978903997625
S--FB--GVI,1.4662972852238454,0.0481293107032456,0.04207559810088806,0.06607439777251324
S--FB--GVI,1.473012975184247,0.0549528510014738,0.04222339317729784,0.07478544379768262
S--FB--GVI,1.4796670151990838,0.0619684346891347,0.045172393053530824,0.0985530936638923
S--FB--GVI,1.4862935341661796,0.0587639259100001,0.05204747587924308,0.07726187742582906
S--FB--GVI,1.4931387040996924,0.0665119071687456,0.0516474852853548,0.08230527616931332
S--FB--GVI,1.5000242241076194,0.0712844487376003,0.05418864736132886,0.13985503113810574
S--FB--GVI,1.5067475331015885,0.0522667048198002,0.036174096612327795,0.08282103384792372
S--FB--GVI,1.5135681131505407,0.0857308863653258,0.041755899966093996,0.11016975212652363
S--FB--GVI,1.5203146431595087,0.0930724891241538,0.06633445275450638,0.13108765547979429
S--FB--GVI,1.5272267121472396,0.0954123877428685,0.05058970286800952,0.122117962540571
S--FB--GVI,1.5340951921534725,0.0600949438904763,0.04169777350643066,0.0862727931105212
S--FB--GVI,1.5409566621528938,0.0483068050915278,0.03919182803309976,0.07827094251249771
S--FB--GVI,1.5477526221657172,0.1085120707425773,0.049178511941124686,0.13294274569210526
S--FB--GVI,1.5545663621742278,0.0801473492050917,0.05607267414865184,0.0889950299896156
S--FB--GVI,1.5612680522026494,0.0562090233945014,0.0434565508766439,0.07400043224120052
S--FB--GVI,1.567989282135386,0.0548444639568401,0.03947642838249968,0.07121196432385084
S--FB--GVI,1.5748537420877255,0.0489020420179429,0.03532250113861434,0.11427202949142265
S--FB--GVI,1.5819068610435352,0.0689890773540469,0.05786355988400934,0.08720805673427773
S--FB--GVI,1.5886594509938732,0.0859569028798716,0.027181208090203718,0.12514485432787978
S--FB--GVI,1.595286200987175,0.0681358305272539,0.05019505562241302,0.10812678260080018
S--FB--GVI,1.6019139099516906,0.0470598850725423,0.02581677975621512,0.08259113668081285
S--FB--GVI,1.6085321300197393,0.0614177091711667,0.03758208070327666,0.08373373971901968
S--FB--GVI,1.6152556800516322,0.0550158005924004,0.04104699052635678,0.0651155181722316
S--FB--GVI,1.6219822990242392,0.0696580554753296,0.03747389728336536,0.08694718850228178
S--FB--GVI,1.628736449056305,0.051828978528988,0.03661958395595658,0.08643286868069132
S--FB--GVI,1.6355194190400653,0.0503464654855037,0.04355188775166424,0.08411847002152792
S--FB--GVI,1.6422964980592951,0.065506064730755,0.03701834281207248,0.09687992435538596
S--FB--GVI,1.648947058070917,0.0703899507491314,0.03682418590884706,0.07793146710950502
S--FB--GVI,1.65559376811143,0.0578906288334621,0.04621822659424872,0.07839351486385336
S--FB--GVI,1.6623869280447252,0.1052869076455067,0.07129753715644249,0.12083358105523412
S--FB--GVI,1.6691423880402,0.052420519693598,0.03820175167503232,0.08883917806934104
S--FB--GVI,1.6759535180754028,0.0545868730258689,0.03841858162400624,0.09133348074624047
S--FB--GVI,1.6827780682360751,0.0490824974054078,0.03605015749473064,0.0892836018551548
S--FB--GVI,1.6893706382252276,0.096902618289107,0.056274388932121125,0.2089353260854523
S--FB--GVI,1.696059528272599,0.0629840214147918,0.03746865652697974,0.07829775309120918
S--FB--GVI,1.7027939082472583,0.0587914040576436,0.04197652842240128,0.07980749751637282
S--FB--GVI,1.709561548195779,0.066791712316629,0.04941632898023156,0.0880031251812397
S--FB--GVI,1.716384907194879,0.0687796646395639,0.05426112229813776,0.09204522437280493
S--FB--GVI,1.7230517771677114,0.0745621620047245,0.05217295913964504,0.12382531994948634
S--FB--GVI,1.729734877240844,0.0767202637960338,0.06275698446664248,0.11488986902109273
S--FB--GVI,1.736380576272495,0.0948288451643151,0.053598141678602856,0.14077897843114323
S--FB--GVI,1.7430320362909697,0.0433133572418427,0.03692754482686942,0.07676625676559178
S--FB--GVI,1.7497993063298054,0.0717351741971299,0.05019824361352216,0.09062967800993814
S--FB--GVI,1.7567206663661636,0.0333486101753379,0.0307919754388592,0.11006909935643133
S--FB--GVI,1.7636680363793855,0.0667343918083247,0.04641124278622326,0.0857103493059156
S--FB--GVI,1.7703588563599624,0.0709809476499288,0.061950315770531,0.09155975898703726
S--FB--GVI,1.777032346406486,0.0572741363275071,0.04184834974338964,0.08036338299224606
S--FB--GVI,1.7837163663934916,0.0454438367226686,0.043093420603585696,0.07149710219935054
S--FB--GVI,1.79053081641905,0.092697936661878,0.05122201350862098,0.09397519063668934
S--FB--GVI,1.797205166425556,0.0956474315655668,0.07552270751496903,0.142402748940421
S--FB--GVI,1.8039471264346505,0.089401355197026,0.06012057495788664,0.12659614349107354
S--FB--GVI,1.810635675501544,0.0553290913842516,0.04662738423976402,0.09880861996235804
S--FB--GVI,1.826197454473004,0.0780888367750378,0.04977427375193026,0.11630873274737039
S--FB--GVI,1.8331601945101283,0.0515701533631727,0.04443843355780638,0.06671262735854377
S--FB--GVI,1.839946394553408,0.0795383180860938,0.06044165714976934,0.08993719594232906
S--FB--GVI,1.845469743537251,0.0430548771478953,0.0294375248934073,0.09014802037473255
S--FB--GVI,1.8524858736200256,0.0859874170378418,0.05485232752520798,0.10545267991474812
S--FB--GVI,1.8594390137004664,0.0450362420823609,0.03471251583160888,0.06367997569601298
S--FB--GVI,1.8661235127365217,0.0555419103066583,0.04637299382787316,0.06816118360296738
S--FB--GVI,1.8727763628121463,0.0493592038573353,0.04632013359231444,0.11885158269523112
S--FB--GVI,1.8795504628214983,0.0858375612409361,0.07919452645809882,0.09935827301467834
S--FB--GVI,1.886310442816466,0.0641791692084297,0.043249276822268624,0.07281021790344647
S--FB--GVI,1.8931613327586088,0.0650918701388008,0.04867395246437234,0.11065053607175909
S--FB--GVI,1.8998405327438377,0.060947301138384,0.040109644834268376,0.0660916657987314
S--FB--GVI,1.9065965426852929,0.0824672387578004,0.056437903799127276,0.09186029425158322
S--FB--GVI,1.913418072683271,0.062541187328037,0.04746955745584384,0.09331008484988951
S--FB--GVI,1.9203041227301585,0.0612200732564645,0.05424641380174642,0.10075164222495231
S--FB--GVI,1.9271944627398625,0.0492573659999493,0.04347448166173818,0.122170950288023
S--FB--GVI,1.934051172749605,0.1132614630392367,0.06128012907752516,0.2120082215969461
S--FB--GVI,1.940694621705916,0.0725950390729082,0.05353689028609946,0.09638295994027998
S--FB--GVI,1.9473993616411465,0.0604622794231204,0.05289956035438186,0.10117850724777494
S--FB--GVI,1.9541929716942832,0.0506331142803873,0.03949916132869184,0.07394741718493655
S--FB--GVI,1.9609443607041608,0.0658624617152412,0.06279177452788635,0.09128316806859686
S--FB--GVI,1.9677316606394013,0.0626261256147699,0.04503014812964632,0.07216558951645873
S--FB--GVI,1.9745137806748967,0.0718062830235624,0.04478896745860932,0.09103414505935342
S--FB--GVI,1.9812869696179405,0.0721975017109315,0.04960931026549814,0.09315917970380376
S--FB--GVI,1.9879874796024524,0.0566664208648717,0.04859390552461488,0.0798422184944428
S--FB--GVI,1.9948075995780528,0.0574223447221555,0.03907126242394546,0.12975684151252265
S--FB--GVI,2.001627918565646,0.062967632100225,0.05850372924946608,0.07796155229191296
S--FB--GVI,2.008461608551442,0.0517290267337813,0.04359994388740058,0.10240749292453583
S--FB--GVI,2.015136448550038,0.0639782241044457,0.03644170957748252,0.07712410996611532
S--FB--GVI,2.02226157754194,0.0531332233846626,0.03545040984720908,0.0639960852813885
S--FB--GVI,2.029070107499137,0.0612996786693287,0.05245185561831814,0.08426651104421694
S--FB--GVI,2.035620697424747,0.0550012887696311,0.03502913690217322,0.08939311537911858
S--FB--GVI,2.0425050974008627,0.057243644703135,0.05049944172222918,0.07871760761865398
S--FB--GVI,2.0493889474892057,0.061565598657495,0.04231938061898004,0.10072050195099955
S--FB--GVI,2.057190937513951,0.0613028890980018,0.0465415224282651,0.09666449598999512
S--FB--GVI,2.063897897489369,0.0596927095355681,0.04966855542035372,0.09866781797929886
S--FB--GVI,2.0706685475306585,0.0715161795057213,0.03757945856693818,0.10975736278189455
S--FB--GVI,2.0775012475205585,0.0549081023960695,0.03807073774986798,0.0683438874522693
S--FB--GVI,2.084308367513586,0.070738646670577,0.03566052028155574,0.10589828685928632
S--FB--GVI,2.090998437488452,0.0672424672928571,0.046292088996335676,0.0763927476875977
S--FB--GVI,2.097635616606567,0.0929255291936499,0.04548672692350232,0.1258882496697651
S--FB--GVI,2.104273206728976,0.0592878720343748,0.04709306882062942,0.09724207891431999
S--FB--GVI,2.110920136852656,0.052671757178615,0.042502090946607,0.06921937113567933
S--FB--GVI,2.1176192558486946,0.0552660244270839,0.04741349672621594,0.06882287146279105
S--FB--GVI,2.124291215790436,0.1017909177585494,0.0619848330283048,0.13717729452775126
S--FB--GVI,2.1310595457907766,0.0641288853201018,0.04809781168322326,0.09724221206184318
S--FB--GVI,2.1377992058405653,0.0557685354501984,0.04322718501462644,0.07490717989319072
S--FB--GVI,2.144536565814633,0.0617733893254097,0.05839201645780746,0.11384991258250915
S--FB--GVI,2.151232305914164,0.1009355271661576,0.07323088283894771,0.16439709884981252
S--FB--GVI,2.158009465958457,0.0752087179838554,0.04278454454124866,0.1192453540983649
S--FB--GVI,2.164610905922018,0.056755723801956,0.050160392391450086,0.0704003431216108
S--FB--GVI,2.171249274921138,0.0735517811257295,0.05705119678457314,0.07918208195647758
S--FB--GVI,2.177918044966645,0.0677991975921088,0.05012648698869092,0.09606470528561316
S--FB--GVI,2.184647004934959,0.0555434135083032,0.05009966739699788,0.08482258486535268
S--FB--GVI,2.1912482149200514,0.0601126771182833,0.05135802679152728,0.10787491679272983
S--FB--GVI,2.1977711049257778,0.0608364180724834,0.0327418470140628,0.06746294437443504
S--FB--GVI,2.2044156339252368,0.0536790628744654,0.039884406110027644,0.10889667464888361
S--FB--GVI,2.211113483994268,0.0708478388231697,0.06564552172856675,0.09228114262513712
S--FB--GVI,2.2177686240756884,0.0784461341471285,0.05082533441055826,0.10860404420007792
S--FB--GVI,2.224415023054462,0.0833750357679861,0.043590020839326296,0.11962226421571527
S--FB--GVI,2.2310235030017798,0.0793678982497851,0.05329669737656952,0.14128285968434964
S--FB--GVI,2.2394575929502025,0.0536309279812883,0.03670602432032404,0.12363118118565802
S--FB--GVI,2.244923972815741,0.0567232632941454,0.0488116880742609,0.07270815479832032
S--FB--GVI,2.250375252857338,0.0355510822660249,0.03021367973653636,0.08194130209613767
S--FB--GVI,2.255897131864913,0.0428247877928953,0.03471630345426314,0.06094442793535104
S--FB--GVI,2.261347941821441,0.0621293727897125,0.0415325611480881,0.06777537782202214
S--FB--GVI,2.2668198507162742,0.0724836364326932,0.04023763032732286,0.08687510151188177
S--FB--GVI,2.2722986007574946,0.0922219553326897,0.05402436467661566,0.1387689782291914
S--FB--GVI,2.2777783107594587,0.0677761965310423,0.06246522894184062,0.0738159605579852
S--FB--GVI,2.2833568806527182,0.0570955102023731,0.04980305930297388,0.0957140732437352
S--FB--GVI,2.2888920006225817,0.0461662954705275,0.0364615652617374,0.15388762317932103
S--FB--GVI,2.2943859405932017,0.0779697434080048,0.056520040370955336,0.13780423746655118
S--FB--GVI,2.2999422606662847,0.0604970397436375,0.04484092552465308,0.08563075488214902
S--FB--GVI,2.3054280306678265,0.0738005531886756,0.05703605678266964,0.13149283567392442
S--FB--GVI,2.310918770672288,0.0579805546788065,0.04024064633200618,0.0725286034474379
S--FB--GVI,2.3164986096671782,0.0554526533436217,0.0455458356343996,0.06851984103506364
S--FB--GVI,2.322030409704894,0.0494487805731722,0.04213241483759014,0.08841414628471396
S--FB--GVI,2.3274368097190745,0.0539180832177095,0.03266858431535402,0.06086630605211944
S--FB--GVI,2.333062569668982,0.0679246715664447,0.04376731492607171,0.09878059312459012
S--FB--GVI,2.338627759658266,0.0637088752229715,0.039256692778025064,0.092116917946754
S--FB--GVI,2.3442660496220924,0.0475337501010955,0.04263069922929498,0.06059583989469102
S--FB--GVI,2.3497986596194096,0.0407484603570651,0.037660977904496885,0.101586386266851
S--FB--GVI,2.355328759585973,0.0647403039772882,0.05938010853474786,0.1078250905543484
S--FB--GVI,2.3608908395981416,0.0680968175965972,0.06665675707784258,0.12136596219370399
S--FB--GVI,2.3665056386380456,0.0647036932399203,0.03971285263778832,0.07504435194991002
S--FB--GVI,2.371958638599608,0.059261969985485,0.055357906638158684,0.09089541821715266
S--FB--GVI,2.377377317578066,0.0622370327478023,0.04594327572725658,0.10731862513024737
S--FB--GVI,2.382949037651997,0.0583154096183307,0.0544955992970926,0.08632693210575149
S--FB--GVI,2.3885801675496623,0.0688241264273727,0.03498990990496792,0.09251971339816402
S--FB--GVI,2.4014254265930504,0.078434450789274,0.03665010867806298,0.10686134779224969
S--FB--GVI,2.4058441766537726,0.062358429103881,0.04540979807941304,0.07886504442963933
S--FB--GVI,2.410514856572263,0.0664533325891341,0.04145348090423788,0.07982516844348592
S--FB--GVI,2.415423786616884,0.0511378019918709,0.03262289419922406,0.09054345747660474
S--FB--GVI,2.4199417466297746,0.0640446895189938,0.041374271412806196,0.11820013939430393
S--FB--GVI,2.424601176637225,0.0684303242807118,0.04867118019502066,0.0727843908622901
S--FB--GVI,2.4297082666307688,0.0532283896046976,0.036142292891673776,0.07612645076614506
S--FB--GVI,2.4343504265416414,0.053628738350838,0.045217774980903805,0.07981451119525212
S--FB--GVI,2.4389613565290347,0.0508319128138055,0.045474950337890556,0.06906600728974578
S--FB--GVI,2.443627255444881,0.0850682343174469,0.050561999462954005,0.14044107574729875
S--FB--GVI,2.4491894854581915,0.0460709561355372,0.03748050546207078,0.09238754107682606
S--FB--GVI,2.45488440443296,0.0875911233114408,0.07903566368969443,0.09229892300652971
S--FB--GVI,2.460472674458288,0.0490428629347405,0.04312556980323732,0.11090272452863695
S--FB--GVI,2.466140744450968,0.0824646330747072,0.06795685933905697,0.1475622063171954
S--FB--GVI,2.4717904044664465,0.0567486711616993,0.04035966697970816,0.08008244644285578
S--FB--GVI,2.477450684411451,0.0872538017011379,0.05927562845956512,0.11041428901001774
S--FB--GVI,2.483260464388877,0.0474052101441628,0.038385504672953596,0.06283257383558973
S--FB--GVI,2.488898524432443,0.0645391800356378,0.046927465481155575,0.195643628475338
S--FB--GVI,2.4945226344279945,0.0606448709538085,0.04193987357307374,0.12245936310268346
S--FB--GVI,2.5000492844264954,0.0494318455006492,0.0485385657104359,0.05049477857649544
S--FB--GVI,2.5055969734676182,0.0478656090601816,0.03682580266797682,0.08438255803832247
S--FB--GVI,2.5101277134381235,0.0773441546336926,0.05255168497986626,0.10959741371632384
S--FB--GVI,2.5150159335462376,0.0530811449042545,0.04639330705841184,0.08195408119887582
S--FB--GVI,2.5205718335928395,0.0602063302788167,0.0436807438890042,0.09135721825801396
S--FB--GVI,2.5260132026160136,0.0527564227817975,0.04473771710277382,0.06605439294807518
S--FB--GVI,2.53148097259691,0.0465596507389562,0.04326293478022758,0.06466266391289531
S--FB--GVI,2.536962121492252,0.0849329051495857,0.0508846596873581,0.09366296472275332
S--FB--GVI,2.542689341469668,0.0635832438950814,0.0545888147572071,0.10117992819991736
S--FB--GVI,2.5486720814951696,0.057325514623244,0.0526738846542514,0.11244979332512905
S--FB--GVI,2.554170881398022,0.070297002492623,0.047797225608033476,0.0735166994416715
S--FB--GVI,2.559693261457141,0.0498655183715754,0.04140806609117928,0.09965064843736966
S--FB--GVI,2.5651972114574164,0.0413303035123817,0.0314860133460939,0.06974647332233982
S--FB--GVI,2.5708619514480238,0.0604501393430751,0.04865893492830078,0.07746104158526348
S--FB--GVI,2.5764116813079454,0.0774481282531383,0.059372227234859964,0.08817150956284926
S--FB--GVI,2.580993431329261,0.0719706942939382,0.04698825781785552,0.08025665758012504
S--FB--GVI,2.5864642313681543,0.0659606722018111,0.034297947484029104,0.07460369331262198
S--FB--GVI,2.5919814913650043,0.0511251361197224,0.03203350826964026,0.10294139450716949
S--FB--GVI,2.59786936128512,0.0609046207300423,0.0588037851074801,0.09975326907670304
S--FB--GVI,2.603282241267152,0.050046212340419,0.0401418908325808,0.10497675447042808
S--FB--GVI,2.608554781298153,0.0720360263385231,0.053736267794232545,0.10269159919904491
S--FB--GVI,2.6139458212419413,0.0536292255576995,0.030206338853000062,0.0820890003203203
S--FB--GVI,2.619378141243942,0.1116186289052052,0.04700598698549918,0.18774760803340482
S--FB--GVI,2.62496820121305,0.0616805896077465,0.04878062881226126,0.07493549021480128
S--FB--GVI,2.630490541283507,0.0641923730829461,0.04978060241976146,0.12012063156009273
S--FB--GVI,2.6360013012308627,0.0388948131335382,0.03575044137331524,0.1286900640640681
S--FB--GVI,2.6414495412027463,0.0487507072799644,0.0313631913542138,0.1515995350578066
S--FB--GVI,2.646962111175526,0.0616227026212357,0.04440624222468152,0.07346214678830158
S--FB--GVI,2.652591010089964,0.0612176302640818,0.05332785453784932,0.0698372119225666
S--FB--GVI,2.6581940100877546,0.0529134894831031,0.03277846357707116,0.06056638990129668
S--FB--GVI,2.6636795500526205,0.0656866116376448,0.06230719330234244,0.09754466319496936
S--FB--GVI,2.6699216500273906,0.0701619062073177,0.04993657856714432,0.11437960475917913
S--FB--GVI,2.675495900097303,0.0499458513540957,0.03849659816318074,0.06701911274253404
S--FB--GVI,2.680923270061612,0.0644895287726825,0.05119988385026768,0.08883256819361232
S--FB--GVI,2.686475539987441,0.0358314179053849,0.0338479658395215,0.07134121737685176
S--FB--GVI,2.692076848936267,0.056021559173331,0.04499649655508616,0.06721991715616865
S--FB--GVI,2.6982474388787523,0.0687061895168881,0.04634099988513176,0.10020310996188467
S--FB--GVI,2.7039674888947047,0.0911156948831717,0.07115457317803758,0.1060146991155136
S--FB--GVI,2.709418898797594,0.0591227604956827,0.0486110489852308,0.08567036502149103
S--FB--GVI,2.714933648880105,0.0553007456832261,0.0492187504380325,0.062188595831179305
S--FB--GVI,2.7205581788439304,0.0401315913393744,0.03534969484924484,0.07342620305389569
S--FB--GVI,2.726263558783103,0.0654580186954518,0.0442922215787092,0.09275168691772531
S--FB--GVI,2.731846357753966,0.0681555164650973,0.055556207940139705,0.1289594345063051
S--FB--GVI,2.737331307667773,0.0837073145100646,0.04845205376248884,0.1208793278952214
S--FB--GVI,2.742807707749307,0.0569900283157096,0.04100317057892646,0.09345401984786858
S--FB--GVI,2.748368017724715,0.070020929052248,0.04590373116228076,0.09365690029949857
S--FB--GVI,2.753941527742427,0.0761497159832771,0.043157435782052264,0.09225022827672542
S--FB--GVI,2.759405307646375,0.0814342787166992,0.06046425462749878,0.11173769891685764
S--FB--GVI,2.7649250176618807,0.0507700484606346,0.04640625816584814,0.11357174362877626
S--FB--GVI,2.770491117669735,0.0576437426705922,0.04844134828319394,0.092778337715049
S--FB--GVI,2.7760619376203977,0.0772860100966283,0.05675767167630282,0.08260710377398364
S--FB--GVI,2.781596156593878,0.0563660772039895,0.03221839055261448,0.09115547708776145
S--FB--GVI,2.78720011661062,0.0457839709326606,0.03628853600743858,0.1246370534945413
S--FB--GVI,2.792689826572314,0.0919862475497126,0.05054344755570808,0.12371446299850103
S--FB--GVI,2.798286556440871,0.0504556768588315,0.03409244130393456,0.05757511645655592
S--FB--GVI,2.803722956508864,0.0542481326276487,0.04632572672423686,0.0696835689126146
S--FB--GVI,2.8091965665807948,0.063720565984596,0.04471554638602976,0.07270676419263394
S--FB--GVI,2.814676836482249,0.0412898118659512,0.03454287607314938,0.06715640735250186
S--FB--GVI,2.820044586493168,0.0719757873004596,0.04926656166352354,0.07767036034565247
S--FB--GVI,2.825475026445929,0.050458314373813,0.04667657888364542,0.06084098624152142
S--FB--GVI,2.830998005345464,0.0446104700395011,0.03321455499958572,0.0880123408349447
S--FB--GVI,2.836450935399625,0.0849569438069863,0.06623249407917052,0.11193099894410921
S--FB--GVI,2.8419410554342903,0.0679506803678862,0.05928656000519928,0.08772042600601815
S--FB--GVI,2.84737188537838,0.0856119533870867,0.0794080696662291,0.1514617830061013
S--FB--GVI,2.8527454353752546,0.0743836228913039,0.036140297236366324,0.07672921926786098
S--FB--GVI,2.8581325653358363,0.0649599406785768,0.05266312567835026,0.08122739504116788
S--FB--GVI,2.8636692253057845,0.0820403572961794,0.05292984423622892,0.11579317055301315
S--FB--GVI,2.869126495264936,0.0628626321988718,0.05349259445470402,0.06604723548709326
S--FB--GVI,2.874524735263549,0.0604228702158309,0.0425383345035641,0.07750426242492661
S--FB--GVI,2.879915684228763,0.0595157492372777,0.041840925250343663,0.09028449757492746
S--FB--GVI,2.8852921642828733,0.0561180598585338,0.03621036640623736,0.09978042426390626
S--FB--GVI,2.89068711316213,0.0676690592534612,0.03923083423470352,0.09342107622447879
S--FB--GVI,2.8961318931542337,0.0569087375774017,0.04443468700692386,0.08773667248598536
S--FB--GVI,2.901492593169678,0.0883854959284349,0.05711128349736324,0.14027994278305297
S--FB--GVI,2.906981453183107,0.059928696146116,0.05153113520591998,0.09759680337222104
S--FB--GVI,2.9122752532712184,0.050256901855505,0.04407622565738328,0.07976805301070718
S--FB--GVI,2.917559423309285,0.0763942050817974,0.03756603949089478,0.09969111988730218
S--FB--GVI,2.922883453196846,0.0646188717914526,0.04755636353162908,0.07329558640157637
S--FB--GVI,2.928229733253829,0.0907883480240485,0.04749859997952796,0.11181753048736023
S--FB--GVI,2.9336136332713068,0.0611463560049969,0.04842220339039612,0.10426123003356617
S--FB--GVI,2.9389378632768057,0.0692297466741109,0.04241648576997926,0.13195555764090156
S--FB--GVI,2.9443491033744067,0.0458694842079125,0.04174622587683526,0.06958643595576744
S--FB--GVI,2.949744232406374,0.0747666011029082,0.04815392501414516,0.09301896610260194
S--FB--GVI,2.955222222371958,0.0757608575244148,0.031119805916483702,0.09903057265631214
S--FB--GVI,2.960649882326834,0.0701835161895587,0.05551102994354262,0.09800660315714815
S--FB--GVI,2.9660899923183024,0.066934530581534,0.062038805416460674,0.08699016709586536
S--FB--GVI,2.971521102299448,0.0482452034855924,0.03939402372937756,0.07590071369909301
S--FB--GVI,2.97696060227463,0.08081791389165,0.04940375542232112,0.14165737655278007
S--FB--GVI,2.9824705522623844,0.0620610121758034,0.048507337839370696,0.08445140218078956
S--FB--GVI,2.987970472313464,0.0662712364745061,0.03691661229777024,0.10305553947262637
S--FB--GVI,2.9939580023055896,0.0517563729244159,0.04623330490443886,0.1185079363646281
S--FB--GVI,2.999597041285597,0.0739068234474018,0.0642316664531989,0.08198708329785227
S--FB--GVI,3.0050187312299386,0.0532840064297914,0.046850686806752063,0.07023755506907033
S--FB--GVI,3.0105007511447184,0.0383890444126251,0.03785178006441182,0.061468234834003904
S--FB--GVI,3.015878411126323,0.057585201118016,0.05072320128537618,0.08443628908116234
S--FB--GVI,3.0215429611271247,0.0555615766942025,0.04128462871001942,0.0831820547101074
S--FB--GVI,3.0270429411320947,0.0891051224145087,0.056854189386939355,0.13247072910231167
S--FB--GVI,3.0324991411180235,0.0627437896938261,0.039034251207675605,0.08712518820521488
S--FB--GVI,3.0379247400560416,0.0631143564210532,0.043518606459153356,0.1204701113657762
S--FB--GVI,3.0434103700099517,0.0635162674128366,0.04703830362806794,0.0703580684876897
S--FB--GVI,3.048808408959303,0.0699272651222457,0.05853778143137442,0.08165435869478296
S--FB--GVI,3.054290709027555,0.0651367567677283,0.044498245873731385,0.07924574455018385
S--FB--GVI,3.0597718790522777,0.0655794279543613,0.05412055164847224,0.07430025750610408
S--FB--GVI,3.065220918972045,0.0573478576757509,0.0414551408983072,0.0948598143590231
S--FB--GVI,3.070708078914322,0.0735488380314848,0.0458539554970286,0.09540040596091895
S--FB--GVI,3.076092299015727,0.1086284059300339,0.0653875469301283,0.1327146765252507
S--FB--GVI,3.0814332591253333,0.0693496925787542,0.0532579186182175,0.0787896357147758
S--FB--GVI,3.0868484681122936,0.0608128762665245,0.04941017739298272,0.07378379942364569
S--FB--GVI,3.092219418147579,0.0589679274376067,0.04426632370505664,0.1098995159117066
S--FB--GVI,3.0976141371647827,0.0466367573730934,0.04386248903902294,0.06666745146938519
S--FB--GVI,3.103080697183032,0.0683460653281713,0.05326827481744368,0.15669461431425583
S--FB--GVI,3.1086631070938893,0.0826533160232685,0.0685438930669647,0.10493166807011671
S--FB--GVI,3.1140870870440267,0.0571211403955231,0.050913107030532916,0.09891745366347775
S--FB--GVI,3.119510957156308,0.0567027568079367,0.04472860391533964,0.061940486405711634
S--FB--GVI,3.1249008572194725,0.0642030364829082,0.0484509178877431,0.0765794609149054
S--FB--GVI,3.130284177197609,0.0850212451997407,0.05254030865166038,0.14472662945427714
S--FB--GVI,3.136691706138663,0.0616228597967989,0.041602461730181436,0.11021961213048712
S--FB--GVI,3.1424751061131246,0.0846869275086987,0.06377797716161522,0.13978565029275386
S--FB--GVI,3.1480121960048564,0.0699420692939725,0.0493380106520646,0.1375289371037297
S--FB--GVI,3.1537419860833324,0.0663081677018766,0.054881717198327316,0.07973494624711461
S--FB--GVI,3.15927342599025,0.0468660208101141,0.0433337731581957,0.07695804666815886
S--FB--GVI,3.165014795027673,0.0539271150283013,0.0491802350275065,0.0934978602948007
S--FB--GVI,3.170820775034372,0.0519954870134711,0.0473383316586023,0.142638061241945
S--FB--GVI,3.1767797140055336,0.061091593070202,0.04226793322694952,0.06685425491712635
S--FB--GVI,3.182278674095869,0.063922905908214,0.04517910602967272,0.06991466914770396
S--FB--GVI,3.1932441241224296,0.0496470416806289,0.02781952220731226,0.09355629199236258
S--FB--GVI,3.1986450541880918,0.0681103586808546,0.04950724469724428,0.10795298080452082
S--FB--GVI,3.20405115414178,0.04704913967727,0.0454359739710213,0.055500209563248804
S--FB--GVI,3.2094420941430144,0.0474819435439002,0.04275294584386128,0.06736895850945072
S--FB--GVI,3.2150678941397928,0.0615376291731024,0.04450395520630074,0.09874200901248853
S--FB--GVI,3.220528414123692,0.068948498380351,0.05445266639023028,0.11560432307789764
S--FB--GVI,3.226003053074237,0.0786654625858602,0.07189048376840214,0.09978725422665202
S--FB--GVI,3.2315282431663945,0.0614673816393036,0.0467516285465137,0.10799559530688038
S--FB--GVI,3.2370106431772,0.0890550565982692,0.0854770400812668,0.1140666250663116
S--FB--GVI,3.2424844832275994,0.0671749099162752,0.05486661262098374,0.12000166533468928
S--FB--GVI,3.248017343285028,0.0947200208706249,0.08849357825702668,0.14418329974558614
S--FB--GVI,3.253468163311481,0.0649696622747484,0.03690802989938496,0.12454723080744536
S--FB--GVI,3.258915393205825,0.0758253046485322,0.05219922485794082,0.12940116426354953
S--FB--GVI,3.2642696022521704,0.0833359248712071,0.05213504241623068,0.10836427336770099
S--FB--GVI,3.2697534921462648,0.0698965672882394,0.04868729454464066,0.08654276206874552
S--FB--GVI,3.2751604811637662,0.0615865246528102,0.05902287750943172,0.11578913388624128
S--FB--GVI,3.2806303211255,0.0620956259181184,0.05566079319914926,0.0707506502942351
S--FB--GVI,3.286240761110093,0.0638215257505407,0.04280832689157982,0.06682491060928722
S--FB--GVI,3.2916716810432263,0.0542015546127174,0.04969250998660184,0.10866681399686792
S--FB--GVI,3.297065081133041,0.0479401662487219,0.03441723130588336,0.08857424786710334
S--FB--GVI,3.3024682011455297,0.0421944777999101,0.03939252209842716,0.08217403036228174
S--FB--GVI,3.306747231108602,0.0623829649331781,0.04104099911094176,0.09343697350096532
S--FB--GVI,3.311132591101341,0.0717770981661374,0.043887139003604136,0.09023522268414579
S--FB--GVI,3.3156210511224344,0.0579908614224677,0.05040241714120838,0.0704901919531181
S--FB--GVI,3.3212353811832145,0.0606826884702798,0.040503532018513484,0.11674930955473706
S--FB--GVI,3.326719921315089,0.0707341800056156,0.058797912675333845,0.10648063324240409
S--FB--GVI,3.332145461346954,0.0843308726319804,0.061307394428936846,0.09669015359380345
S--FB--GVI,3.3375764514203183,0.0488306067500587,0.03842501745788518,0.06772319656222403
S--FB--GVI,3.3429945114185102,0.05787925942073,0.03960264885995734,0.11588388361827237
S--FB--GVI,3.347465811355505,0.0750419192049065,0.03980236237497644,0.10456194699179375
S--FB--GVI,3.351926591421943,0.0448509967114887,0.037040811431467036,0.12305622936847836
S--FB--GVI,3.3563486714847386,0.0720678907453447,0.05369429476851048,0.11401354397878832
S--FB--GVI,3.360793901490979,0.0515088572512496,0.0458322928162971,0.06477057748587069
S--FB--GVI,3.36518686148338,0.0513171119802393,0.03971316303081374,0.06835783568699295
S--FB--GVI,3.3698005915503018,0.0683718071830412,0.04364112587222732,0.0939530733749194
S--FB--GVI,3.375442370539531,0.0561681348121396,0.03990133960561474,0.07096730920436582
S--FB--GVI,3.381011420628056,0.0654720891516973,0.03512394321277266,0.08489836363475253
S--FB--GVI,3.3866567806107923,0.0404558682881486,0.034431523125937225,0.08668212982158818
S--FB--GVI,3.392295070574619,0.0714876467925336,0.0594918331324123,0.1569379874727303
S--FB--GVI,3.397761460626498,0.0521761965614899,0.03716003561224844,0.05483692203057442
S--FB--GVI,3.4022071405197494,0.0687454991146552,0.04179604460471748,0.13792828202114715
S--FB--GVI,3.4067041305825114,0.0569364717532323,0.0483370620140391,0.11698332172542789
S--FB--GVI,3.41113474057056,0.0760667821299989,0.05104622109242026,0.11233172436444928
S--FB--GVI,3.4155767205520533,0.0630710222722399,0.05885801904884426,0.11129588348844946
S--FB--GVI,3.420829150651116,0.0815803083753081,0.04267761319518676,0.24390799772798458
S--FB--GVI,3.4253051397390664,0.0618970369024935,0.039343987111448056,0.09221462727509214
S--FB--GVI,3.42974075966049,0.0521778135063328,0.03639841015805692,0.07526954470096708
S--FB--GVI,3.435486108646728,0.0600903899938884,0.04233838944766144,0.08279399593930065
S--FB--GVI,3.441045368614141,0.0553472845048617,0.039177616807205516,0.07622441924245316
S--FB--GVI,3.44677364861127,0.10367381335098,0.03611883254205278,0.1406394470959753
S--FB--GVI,3.4522338286042213,0.067863784456037,0.0640494726068539,0.11459278985229274
S--FB--GVI,3.457666528585833,0.081258966919222,0.05507223021060664,0.08753748584250041
S--FB--GVI,3.462043088511564,0.1065377211336624,0.06234848620466378,0.13676455146659516
S--FB--GVI,3.4665642684558406,0.0860587009952951,0.07174339005588588,0.14439665292560733
S--FB--GVI,3.47103654849343,0.0707284878486262,0.06294986831591409,0.12073443508716078
S--FB--GVI,3.4754533785162494,0.0629645754632974,0.05757869853449614,0.0747589994609853
S--FB--GVI,3.479884678556118,0.0721690016857081,0.04041925947338138,0.07683805113302916
S--FB--GVI,3.48440414754441,0.0632212850069606,0.04201825736886914,0.08861202735237722
S--FB--GVI,3.4889127275673677,0.0641978373056133,0.04258478895304726,0.0875254443308705
S--FB--GVI,3.494571936491411,0.0654663885644026,0.04338275602086692,0.11375192413222805
S--FB--GVI,3.500259176478721,0.0482594474029411,0.036665477393191204,0.05562065234798858
S--FB--GVI,3.505707615462597,0.0555704064013866,0.04956023762382522,0.1046756955740164
S--FB--GVI,3.511176815372892,0.0558165734951074,0.04690990265290218,0.06481591787019446
S--FB--GVI,3.516669745382387,0.0572592155993731,0.04819695221560488,0.08583179552923632
S--FB--GVI,3.522101665381342,0.0582408002237002,0.04531480975898598,0.0651062478321932
S--FB--GVI,3.5264853053959087,0.042700988618634,0.03692164920707906,0.13892786011074346
S--FB--GVI,3.5319817454437725,0.0706685124551,0.0490621584223504,0.15003726108062948
S--FB--GVI,3.536613685428165,0.0686880121435962,0.06093944477702274,0.07819931875466747
S--FB--GVI,3.541048675426282,0.0551135635246282,0.03096645961558974,0.07320458274622861
S--FB--GVI,3.545630065491423,0.0613737410249228,0.0437154388133478,0.1313580707881271
S--FB--GVI,3.5502189155085944,0.0663417708406939,0.05228837713274282,0.0833337727450697
Price--BBVI,0.0,545.7152083153993,545.7152083153993,545.7152083153993
Price--BBVI,0.0040574399754405,68.3422080676745,67.05295935712485,70.60148406371918
Price--BBVI,0.008439038938377,28.654003247173023,28.027421180249092,29.048405357592532
Price--BBVI,0.0130456389160826,16.055915841362292,15.580092637676845,16.474358291136465
Price--BBVI,0.0173451488371938,10.688727541424072,10.372499713997968,10.874664765987797
Price--BBVI,0.0217290188884362,7.662267721782797,7.558404911440635,7.739358636058006
Price--BBVI,0.0257334889029152,5.874223437053601,5.8159938473718995,6.0032355301738844
Price--BBVI,0.0321678901091218,4.753399956383063,4.735232479491145,4.851948585799181
Price--BBVI,0.0367173900012858,3.8506431320042234,3.844005128721176,3.937537299802992
Price--BBVI,0.0410766000277362,3.212303473583532,3.170333777776443,3.2910993438177343
Price--BBVI,0.0460259299725294,2.6978572088834767,2.6720372139842112,2.7974222451884203
Price--BBVI,0.0499754499760456,2.317369760307372,2.303577056943908,2.3430823685637905
Price--BBVI,0.0537956999614834,1.979618596770692,1.9652053726359755,2.0288965950803486
Price--BBVI,0.0596030291635543,1.7286153034337983,1.7273585104820313,1.749682417090969
Price--BBVI,0.0639408291899599,1.5123424475885088,1.4983691309336167,1.524182499185713
Price--BBVI,0.0688796792528592,1.336574112873819,1.3171590854474033,1.3501579051728185
Price--BBVI,0.0734699782915413,1.144633035696529,1.123043080868081,1.2041446968571279
Price--BBVI,0.0777035182691179,0.9960840832206656,0.9883224751316276,1.077789502285799
Price--BBVI,0.0823533582151867,0.9031372022331254,0.8870824383192769,0.9083815576020243
Price--BBVI,0.0874162182444706,0.7987838617624732,0.7684451712370333,0.8083191752607803
Price--BBVI,0.0919166581588797,0.7159960791891109,0.7019029071014046,0.721330816197559
Price--BBVI,0.0964992981753312,0.6721841512579942,0.5980559583163142,0.8050345306994842
Price--BBVI,0.1008476081187836,0.5946098971590459,0.5493416042108663,0.6028537878092777
Price--BBVI,0.1058222181745804,0.496140301681379,0.48556604949014853,0.539546658669974
Price--BBVI,0.1105686181690543,0.4568544207727143,0.43212443992572674,0.4695601086344794
Price--BBVI,0.114856528234668,0.4249279097872431,0.3956236543584339,0.44026984305529593
Price--BBVI,0.1195487072109244,0.3808188758871438,0.34492993830650676,0.40222280721383186
Price--BBVI,0.1241957572638057,0.3495582345750705,0.32313623805922015,0.370224411800848
Price--BBVI,0.1287640072405338,0.3192979521606673,0.3036591170655811,0.3381106314812029
Price--BBVI,0.1333210172597319,0.2805255084635689,0.24891472104411888,0.29340993856566794
Price--BBVI,0.137611917220056,0.2740164378310794,0.24913021098011537,0.3005455368911498
Price--BBVI,0.1425393963581882,0.246479276629401,0.23814311352907108,0.26578430403430386
Price--BBVI,0.1471928064129315,0.2143324875642349,0.20176871906018615,0.2233500052816623
Price--BBVI,0.1515636364929378,0.208161802869597,0.20158620952011855,0.25932696255174503
Price--BBVI,0.1561695365235209,0.1869716294568491,0.16395701475107388,0.20449028324327964
Price--BBVI,0.1607615265529602,0.1703519256612935,0.16971953181164842,0.21242973042819527
Price--BBVI,0.1651475666440092,0.1814186481575177,0.15801293989303525,0.2163680584252006
Price--BBVI,0.1696292666019871,0.1486458019466283,0.12726928624936415,0.20177338920458396
Price--BBVI,0.1740144365467131,0.1530608200355061,0.12502425059572317,0.1870532743437536
Price--BBVI,0.1793006566003896,0.1151379450038518,0.10695707217010976,0.1695550108240383
Price--BBVI,0.1838808065513149,0.1253004527223424,0.10744685438791346,0.1301213093063666
Price--BBVI,0.1882380865281447,0.1254313104203959,0.10295932657027998,0.17538745428122118
Price--BBVI,0.1927517465665005,0.1010190876055787,0.08937278927396618,0.11424527288544932
Price--BBVI,0.1973585756495595,0.0977803925831892,0.08035579995365648,0.12962771311201773
Price--BBVI,0.2020419857581146,0.1150891744770916,0.07691765639838474,0.1492897961195183
Price--BBVI,0.2065524157369509,0.1108267323222378,0.08019235157678392,0.13282715313082455
Price--BBVI,0.2108037457219325,0.0857705499922332,0.0821173806842523,0.14154463556145627
Price--BBVI,0.2157761257258243,0.0868796407533807,0.06309320288239058,0.1386828710079555
Price--BBVI,0.2203408948262222,0.0839998974641531,0.07862722396036186,0.1254011586436604
Price--BBVI,0.2248260747874155,0.0836990294696988,0.06539873396104665,0.09740974012400154
Price--BBVI,0.2294583648326806,0.0925528993386848,0.057384945651966716,0.11922256766186475
Price--BBVI,0.2341172248707153,0.0880677001661922,0.0781715108802302,0.11164835197812407
Price--BBVI,0.2386282748775556,0.0951189871260851,0.0812943694612755,0.11159441518663583
Price--BBVI,0.2432368339505046,0.0753554901422433,0.05664582285797334,0.08674839479066344
Price--BBVI,0.2475539840525016,0.0677142579295946,0.0565388725404375,0.1331090579515489
Price--BBVI,0.2521651260904036,0.0673311227988051,0.049416934776115765,0.13072329902039428
Price--BBVI,0.2558609360130504,0.1095758169614953,0.06317187161234582,0.12566945093797977
Price--BBVI,0.2614077550242655,0.0720358487064487,0.058459203401909555,0.0933346918097129
Price--BBVI,0.2651512849261053,0.0716397402999575,0.048654236264951516,0.1378704778689012
Price--BBVI,0.2689118239795789,0.0656676015515387,0.045482466216975555,0.09082110036953848
Price--BBVI,0.2726065039169043,0.055779006901659,0.039964308074641464,0.06857934384218534
Price--BBVI,0.2762481229729019,0.0515850188388213,0.04783934614771396,0.08294918077854159
Price--BBVI,0.2799522430286743,0.0583680681677805,0.04521042055669108,0.08623662847915618
Price--BBVI,0.2836173719842918,0.07204987218077,0.04974550733107316,0.09117653573904362
Price--BBVI,0.2873181630857289,0.0513266023866805,0.04344562189800168,0.14663264655204666
Price--BBVI,0.2904669030103832,0.0804497592343835,0.04866132853430822,0.12339693656061285
Price--BBVI,0.2936700930586085,0.0595556939047696,0.04925728588034408,0.10501515307675502
Price--BBVI,0.2969163830857724,0.0545343493433136,0.042222825214290036,0.08072193229017442
Price--BBVI,0.3001216830452904,0.0524915998806108,0.039887254076705805,0.07879737413748554
Price--BBVI,0.303433743014466,0.0483656329386406,0.03075776322463068,0.09214574283990085
Price--BBVI,0.3065954429912381,0.0755356091621024,0.05788763729298404,0.08975176275136781
Price--BBVI,0.3103884429438039,0.0717505800689508,0.05853814724825944,0.09325615556402339
Price--BBVI,0.3135048630065284,0.0412152638424458,0.02490707294502096,0.046457248654371536
Price--BBVI,0.31674253300298,0.0666418484755695,0.03214101405368976,0.06760372822041344
Price--BBVI,0.3199669930036179,0.0601356873084597,0.0568742943930914,0.07275513820435998
Price--BBVI,0.3230819929158315,0.0773313834259568,0.057711748167361,0.09480354959087262
Price--BBVI,0.3262342128437012,0.0696872023838182,0.05369012253856618,0.08767009004725704
Price--BBVI,0.3301397128379904,0.0808443734911321,0.0628778595404128,0.11989404625898599
Price--BBVI,0.3333946128841489,0.0515835406767735,0.04168644858754642,0.08950378047762791
Price--BBVI,0.3371233728830702,0.0480766157578074,0.03461621955456732,0.07315880123037455
Price--BBVI,0.3402360728359781,0.0671031884501189,0.054313408246292716,0.0692520158047784
Price--BBVI,0.3433369228732772,0.091506675560268,0.05480622977492538,0.11838219877577667
Price--BBVI,0.3465537019073963,0.052650151797593,0.0366338868577571,0.10329615854781193
Price--BBVI,0.3496387919294648,0.077956007150874,0.039536296845813,0.10609866237546156
Price--BBVI,0.3527570418664254,0.0695229555334293,0.03616849416890204,0.0864194503471765
Price--BBVI,0.3559119918500073,0.0448258930995848,0.04168982175152104,0.0691351281575123
Price--BBVI,0.3590603119228035,0.0706752699115185,0.05325901579484192,0.10098591056685385
Price--BBVI,0.3623604619060643,0.0321452819807177,0.02553760354366542,0.058886895241667445
Price--BBVI,0.366354051802773,0.0783406793925962,0.03321594946559682,0.11712826909379144
Price--BBVI,0.3703045017900876,0.0354426877891569,0.03376953226829466,0.042473179978054484
Price--BBVI,0.3756784317665733,0.0512024976737421,0.04226260255700816,0.06797383039450434
Price--BBVI,0.3798230207175948,0.0630063904801261,0.04556030185589744,0.10294605143051286
Price--BBVI,0.3838002407574095,0.086059096470592,0.03507873052198246,0.12692403609995034
Price--BBVI,0.3878895507659763,0.0663954971832367,0.04302282360224006,0.08438897361929201
Price--BBVI,0.3912380108376965,0.0457558627867626,0.0441362038326531,0.164998945106052
Price--BBVI,0.3944813898415304,0.0503879203187409,0.04047473329952136,0.08673602216625789
Price--BBVI,0.3987053497694433,0.0514658592191352,0.045697072579275744,0.07488654446885612
Price--BBVI,0.4027435887837782,0.0683540645816549,0.03693651876444618,0.09274213289645558
Price--BBVI,0.4062714387546293,0.0600335045636484,0.04113913404748354,0.06313637721318624
Price--BBVI,0.4103879677713848,0.0534439093568863,0.03763677265993122,0.07030553670204252
Price--BBVI,0.4143797277938574,0.0804438686896844,0.040128070157729165,0.10963780827479466
Price--BBVI,0.4184092978248372,0.0537033747761768,0.036104510018020584,0.09100583326543299
Price--BBVI,0.4224819077644497,0.043675122651976,0.0376164543089714,0.046262925060602776
Price--BBVI,0.426467727869749,0.0459726710588199,0.0376467528598283,0.07147554963838156
Price--BBVI,0.4298415477969683,0.0416149951199997,0.03477104538996222,0.08470721063601441
Price--BBVI,0.4330691668437794,0.0617342937602529,0.04524811318713088,0.07001135293863853
Price--BBVI,0.4363558168988675,0.0572180287909702,0.03965444193955246,0.07194329238669464
Price--BBVI,0.439579076890368,0.0615359018613332,0.03709251641509182,0.10244113690157226
Price--BBVI,0.4427656768239103,0.0464556611403423,0.030428357537917318,0.05671402566995306
Price--BBVI,0.446144146786537,0.1004281294356275,0.03649553992362366,0.12101997906203783
Price--BBVI,0.4499122168635949,0.0480794632249654,0.03675862704922674,0.06129399400291786
Price--BBVI,0.4539337368332781,0.0398234807960875,0.0339241141041384,0.06387269014398095
Price--BBVI,0.4579385268734768,0.047255793651999,0.03389350917275346,0.06269043987574034
Price--BBVI,0.4621263768640347,0.0527427656257799,0.038089558665365016,0.06801992281707778
Price--BBVI,0.4654119269689545,0.0433598072901162,0.03854204503273302,0.09468929995624359
Price--BBVI,0.4688421269529499,0.0594893410898862,0.040780864974212204,0.0817023225327943
Price--BBVI,0.4722056759055704,0.0604536159351312,0.03015166717758284,0.07905203971900782
Price--BBVI,0.4755202058586292,0.040738993185883,0.03589519580637554,0.055103161119643536
Price--BBVI,0.478822395845782,0.0606015985990069,0.026131981084932858,0.08065503737953456
Price--BBVI,0.4822897158446722,0.0567182498079859,0.04299548983922242,0.07431249317829722
Price--BBVI,0.4855147758498788,0.0512139926640884,0.0326790381471653,0.0840163679252839
Price--BBVI,0.4889772158931009,0.0534494336807256,0.04527819028596976,0.07996294290852574
Price--BBVI,0.4937650558422319,0.0616354436157422,0.02733723613664548,0.06873003673212277
Price--BBVI,0.4970516748144291,0.0673448857409653,0.038090034736254046,0.07291005229994021
Price--BBVI,0.5007814647979103,0.0496832376984315,0.04475837969099522,0.06349833689105248
Price--BBVI,0.5040782348369248,0.0445756293004251,0.031169712541574763,0.09761592617801394
Price--BBVI,0.5074850648525171,0.0568474979315567,0.04585674587466138,0.07966877236314922
Price--BBVI,0.5108081549406052,0.0501799193915246,0.029271129273558842,0.06532467112090208
Price--BBVI,0.5142508348799311,0.0514508448973316,0.0455081753434285,0.10543224392882848
Price--BBVI,0.5177316949120723,0.055835533682341,0.04007596839592786,0.0724724387549997
Price--BBVI,0.52115118392976,0.0556788015494333,0.04337657133905564,0.07813782063694241
Price--BBVI,0.5244834738550708,0.056647749766995,0.0423385796418074,0.1357391744359631
Price--BBVI,0.5278702639043331,0.0438511542302109,0.04147225950069638,0.0658603217083424
Price--BBVI,0.5313029438257217,0.0671889570484012,0.047505282445371146,0.09625528461256465
Price--BBVI,0.5345783038064837,0.0364490742784937,0.025786825918083803,0.06167485069895232
Price--BBVI,0.5380912237451412,0.0421807885242628,0.0264563672657857,0.06565774104092834
Price--BBVI,0.5416043237783015,0.0549612470275064,0.04380182182885614,0.11015828147011458
Price--BBVI,0.5449897437356412,0.069154411165357,0.041230546050061864,0.07773442302360814
Price--BBVI,0.5483585736947134,0.0934122978036668,0.04222485722761176,0.15891014733755354
Price--BBVI,0.5515377037227154,0.0397365073860669,0.02397329170777304,0.08734413001978678
Price--BBVI,0.5549100537318736,0.0474399206009366,0.0327843769139008,0.07227047086377632
Price--BBVI,0.5582515937276185,0.0555144539535774,0.04631605630635532,0.05713176479666228
Price--BBVI,0.5615355927729979,0.0682208046052466,0.037056089827044,0.1909307512096461
Price--BBVI,0.5648540728143416,0.0505639960429959,0.03759964919568118,0.08482081224175314
Price--BBVI,0.568673052766826,0.0613853142486107,0.03607339687162318,0.07516557523293836
Price--BBVI,0.572452352847904,0.0482051330622113,0.03665163465992972,0.06395524348110082
Price--BBVI,0.5762360128574073,0.041161238520047,0.02928015368242702,0.058822303334377955
Price--BBVI,0.580017072847113,0.0598219658449323,0.03963134752863192,0.07209340200166703
Price--BBVI,0.5833322628750466,0.0517338713384418,0.0494031242903645,0.2175247604025401
Price--BBVI,0.5864773928187788,0.0727830908098212,0.05061480438465648,0.13523644977234422
Price--BBVI,0.5896276728017256,0.0500888757244837,0.02897769580838764,0.08856653033538742
Price--BBVI,0.5927816718467511,0.0574065535519423,0.04242118147931814,0.131097927233435
Price--BBVI,0.5959751417976804,0.0595451787685306,0.04758678797759326,0.0768117609825509
Price--BBVI,0.5992140918388031,0.0571944250821019,0.03023474184370794,0.13461410432108495
Price--BBVI,0.602307251712773,0.0656060429930107,0.04590861926169504,0.09481203430143523
Price--BBVI,0.6055239018169232,0.0403201659052001,0.02606517667759358,0.049668309846134656
Price--BBVI,0.6086898307548836,0.0598302357605575,0.04513970693525376,0.13282150151173083
Price--BBVI,0.6120016208151355,0.0566610302366541,0.046359211579363055,0.11549403018808271
Price--BBVI,0.6152584907831624,0.0563590647646492,0.04416945329596722,0.12437840672799322
Price--BBVI,0.6184096407960169,0.0552146667850479,0.03957246989019148,0.17205937593633108
Price--BBVI,0.6216819207184017,0.0529839385220753,0.03396952838128296,0.1220826901810369
Price--BBVI,0.6252985395840369,0.051953534725655,0.03325312944803896,0.09875773094713619
Price--BBVI,0.6288811595877632,0.0482094315306653,0.04782720959772174,0.05642858236698766
Price--BBVI,0.6328187895123847,0.0592706339601249,0.044497717004179524,0.08498945012530325
Price--BBVI,0.6367705695447512,0.0288509762886519,0.026950450033223158,0.08764653747363976
Price--BBVI,0.6406280295923352,0.0529806320990218,0.038971171158902904,0.0569136168472397
Price--BBVI,0.6444538296782412,0.0647067542445825,0.03900243440882882,0.09398405289163062
Price--BBVI,0.647686789627187,0.0458665069132706,0.02854323158600776,0.07837180592747754
Price--BBVI,0.6510697096819058,0.0572005763260818,0.04184150106795522,0.10030323358601259
Price--BBVI,0.654204499674961,0.0634689105558266,0.0501281122649231,0.0840852660729865
Price--BBVI,0.6573351296246983,0.0469223396271303,0.02707853000207474,0.12103326102085812
Price--BBVI,0.6611247095861472,0.0425099541997298,0.0363497428359721,0.06129792059786038
Price--BBVI,0.6648970685782842,0.0642462837886341,0.03304858137442174,0.12679231491482879
Price--BBVI,0.6688741385587491,0.0968715018870796,0.04630154749386576,0.14301319290447045
Price--BBVI,0.6726678775739856,0.0526122917662803,0.04805091635355436,0.11980307143193722
Price--BBVI,0.6764460876001976,0.0608271716923809,0.04081922023144952,0.09285633240412489
Price--BBVI,0.680257196596358,0.0668016451293311,0.02880124297089134,0.09558919003547992
Price--BBVI,0.6841408666805364,0.0444283685770159,0.03716838926318924,0.07122719188701293
Price--BBVI,0.6879624266293831,0.0875496875239036,0.051556944357349636,0.11075424057649452
Price--BBVI,0.6911996766575612,0.0600093139912445,0.04512174178469192,0.1093120272498566
Price--BBVI,0.6944712557597086,0.0661269360871443,0.04860063839404058,0.11986602402998867
Price--BBVI,0.6977343957405537,0.048808255534368,0.04441938419214176,0.1584216844060961
Price--BBVI,0.7009527157060802,0.0558289430627638,0.05232647155750098,0.12796471060438536
Price--BBVI,0.7042578157852404,0.0645451493016366,0.051140484115396095,0.09921769067150017
Price--BBVI,0.7074453157256357,0.0573155162002336,0.04752673195187064,0.08609255026374849
Price--BBVI,0.7106200447306037,0.0552912761993127,0.03777193885140656,0.14771864994069683
Price--BBVI,0.7143854547175579,0.0460582447494317,0.04009363042836752,0.06391939654682796
Price--BBVI,0.7182636146899313,0.041361546952416,0.03793950334288064,0.06055889289576718
Price--BBVI,0.7220024747075513,0.059507601725997,0.03831026951939118,0.14694072267378713
Price--BBVI,0.7258673547185026,0.0422230802392817,0.029928484171125497,0.09334456406490396
Price--BBVI,0.7298160246573389,0.052972148466921,0.04638536840751894,0.0812481913042063
Price--BBVI,0.7337814747006632,0.0819727287872638,0.04772788595088284,0.10709058425802308
Price--BBVI,0.7370778146432713,0.072232890409623,0.0433245844874079,0.11944925060157341
Price--BBVI,0.7403044546372257,0.0580111874082831,0.04812068695457574,0.10769170157089145
Price--BBVI,0.7435773246106692,0.0631437455978982,0.03560795531334686,0.12127839744211993
Price--BBVI,0.746772744692862,0.0411976013516266,0.032636651044273844,0.1035713678215529
Price--BBVI,0.7498542437679134,0.0737136044000976,0.04760539717728415,0.1618480947604467
Price--BBVI,0.7530333737959154,0.0755485815252541,0.0368178138313737,0.08279751905197934
Price--BBVI,0.7569693137775175,0.0546887706645975,0.0323369141439229,0.0850661827670876
Price--BBVI,0.7608692337526008,0.0474403771652021,0.03614046571820486,0.07220183323956912
Price--BBVI,0.7647729138261639,0.0693307684803983,0.04172602598675034,0.09891398569604341
Price--BBVI,0.7686118037672713,0.040345621276657,0.03457443124730442,0.04806472243061534
Price--BBVI,0.7724668038426898,0.0866412725596035,0.07201339851274036,0.09667341453130401
Price--BBVI,0.7756327738752589,0.0608206369952739,0.04480465061232618,0.11292030867529938
Price--BBVI,0.7788154138834216,0.0487846247933845,0.03956078286217348,0.12579771960447203
Price--BBVI,0.7820041938684881,0.080608052718432,0.028873179972018142,0.0928153897592949
Price--BBVI,0.7853147438727319,0.0604037059030275,0.03874348622221642,0.0751460529016554
Price--BBVI,0.7886298028752208,0.0599883178197018,0.04522975479399912,0.06193569649356044
Price--BBVI,0.7924370428663678,0.0515742507163565,0.03412827009439632,0.09667780019042305
Price--BBVI,0.7969889328232966,0.0438929280522728,0.03726292596526256,0.1414798589006267
Price--BBVI,0.8002764328266494,0.0455672490205927,0.0336286373627075,0.07544014826214315
Price--BBVI,0.8038743028300814,0.0572157265154942,0.028159454039820238,0.12483700161602931
Price--BBVI,0.8077338128932752,0.0518511098998288,0.039650665194611176,0.092730231776116
Price--BBVI,0.8109254429582506,0.0478958131276385,0.04383042893576878,0.05306081952088274
Price--BBVI,0.8141337328706868,0.0733776541772357,0.040471411627990436,0.1839093052733375
Price--BBVI,0.8175443727523088,0.0540002685928726,0.0321952177580186,0.08713583523779672
Price--BBVI,0.821695172751788,0.0349002777635121,0.02534763451972988,0.050475343915260804
Price--BBVI,0.826190682768356,0.057610220600651,0.045047792283159464,0.08411139455510007
Price--BBVI,0.830292442755308,0.0581228581970663,0.04667637033044792,0.08819646627815697
Price--BBVI,0.8342881027492695,0.0453743330864,0.03997642012664354,0.07620949754577848
Price--BBVI,0.8382496327976696,0.0532263191849295,0.0363762112072436,0.06232284359206512
Price--BBVI,0.8418759027845226,0.052027158296255,0.03499247935770308,0.06654238722354362
Price--BBVI,0.845191492815502,0.0590971143556089,0.045035679036155254,0.06696742892386848
Price--BBVI,0.8483841227716766,0.0496389766587981,0.03772893620143228,0.07453506281437394
Price--BBVI,0.851520262658596,0.0577357744785445,0.041161340803449756,0.09660657917568181
Price--BBVI,0.8549143426353112,0.0526214364195851,0.040419926450761,0.07625186628929438
Price--BBVI,0.858101412653923,0.0669691118381763,0.043849064934471424,0.0874090233782425
Price--BBVI,0.8612841826397926,0.044728872029438,0.04366518959996024,0.07340352883243492
Price--BBVI,0.864541292656213,0.0450914273289129,0.03069051522590768,0.05822948468701266
Price--BBVI,0.8677558326744474,0.0797412875924408,0.0448140575476401,0.10213406360456925
Price--BBVI,0.8709414026816376,0.0533082120837349,0.032646239013496364,0.061970188405575735
Price--BBVI,0.8747345427400433,0.0442329370326888,0.0325292985975181,0.1434166729827353
Price--BBVI,0.8788056527264416,0.0631270770711012,0.0329044615122484,0.08207241669348946
Price--BBVI,0.8829045528545976,0.081165258050305,0.04060587664264116,0.13354120364356267
Price--BBVI,0.8869895819225349,0.0495859167041317,0.037285181370066256,0.07443689747623518
Price--BBVI,0.8910308319027536,0.0431767360219339,0.0371993147008709,0.05886674742342844
Price--BBVI,0.894774891959969,0.054765168338605,0.04893059866350596,0.08122759278857074
Price--BBVI,0.8988435020437464,0.056755018800402,0.0356390159527194,0.0582880170294572
Price--BBVI,0.902242352021858,0.0409181124126973,0.02686318121823486,0.08019329672471538
Price--BBVI,0.9056043020100332,0.0509518607368875,0.02985836155314128,0.08852541051924445
Price--BBVI,0.9095196311245672,0.0475191604132305,0.04187563817689004,0.11071506813458426
Price--BBVI,0.9132939211558552,0.0328989046882242,0.028289946017144938,0.0460893026878494
Price--BBVI,0.9171168201137334,0.0518521262811475,0.02770512812532494,0.09896478593890948
Price--BBVI,0.9214058201177976,0.0458978210952523,0.04046725978064952,0.08408647091768838
Price--BBVI,0.9253406701027416,0.0398863213772671,0.03229036992487974,0.12430851654255826
Price--BBVI,0.9292904500034638,0.0426798413985807,0.03897228850555048,0.05583393414755724
Price--BBVI,0.9333654699730688,0.0537772640006295,0.03468435691005134,0.09757225841771625
Price--BBVI,0.9376066798577084,0.0707634533618204,0.0448639745341921,0.0967982669747357
Price--BBVI,0.9418211698066444,0.044700628690478,0.0348733191581459,0.059438772548929764
Price--BBVI,0.9460150097147562,0.0493922245662048,0.04276775108476724,0.07990152896219054
Price--BBVI,0.9499186296598054,0.0566862294702019,0.04207057863755772,0.10049275748933717
Price--BBVI,0.9536742196651176,0.0600115201514768,0.03954758606417382,0.06599240308136126
Price--BBVI,0.9575386397191324,0.0600922606538745,0.04664307389345474,0.08668193749743971
Price--BBVI,0.9613367796991952,0.0822032996160118,0.0697449965150752,0.1886462194562284
Price--BBVI,0.965856819821056,0.0766033670663688,0.05512370438000568,0.11546387041078103
Price--BBVI,0.9696559398435056,0.0471662769751759,0.0315834773574465,0.06334261084705017
Price--BBVI,0.9734703897847794,0.0533903543829836,0.03494186147362932,0.07911612354540688
Price--BBVI,0.9773024197784252,0.1213239948342277,0.06259019021954082,0.15419824572829266
Price--BBVI,0.9814025498344564,0.0961518136740551,0.05545061659333322,0.10468743569809924
Price--BBVI,0.9853413297678344,0.0412844666512199,0.03088915282967544,0.05543835221370724
Price--BBVI,0.9892843997804448,0.074801197073441,0.05732693073749426,0.09696321249375611
Price--BBVI,0.9930828086799012,0.0458569537072008,0.0420058268656305,0.10894104183572606
Price--BBVI,0.9968972686328924,0.0669149201700065,0.05901023765273688,0.0859284807112175
Price--BBVI,1.0007529376307502,0.0585011488311266,0.02138266422571174,0.07598143388083822
Price--BBVI,1.0045121676521376,0.0520791836866436,0.0423586021187162,0.1060678032121984
Price--BBVI,1.0083424766198732,0.0440974042877542,0.036887762239348344,0.05188521987025176
Price--BBVI,1.0119996567373164,0.0437398016022143,0.035717373266936636,0.06358968042891032
Price--BBVI,1.015687435748987,0.0338858365283698,0.02695882497852718,0.0462614068745239
Price--BBVI,1.0193080457975157,0.0782667424979308,0.02401016048646904,0.13314365399760672
Price--BBVI,1.0230162447551263,0.0338896297303392,0.02726396776668586,0.05475636210719578
Price--BBVI,1.0269103148020804,0.0454917441375215,0.0378438124758304,0.08275021457864959
Price--BBVI,1.0308470738236792,0.0507141981034635,0.04611921690797936,0.08404620444334794
Price--BBVI,1.0348510938347315,0.0516517931368696,0.03151908224367044,0.06545610630141141
Price--BBVI,1.038876813778188,0.0425162066687505,0.03662999015025428,0.05359139012240342
Price--BBVI,1.0427332838298753,0.0817766103260453,0.05900220233110072,0.08944269860563732
Price--BBVI,1.0464758838061243,0.0593749880852811,0.03462971365638618,0.08214077711654678
Price--BBVI,1.050199863850139,0.0609413516004906,0.03389434367473992,0.06303318448394744
Price--BBVI,1.0539162838831544,0.045993063145957,0.029468948534699203,0.06652047294322466
Price--BBVI,1.0579109739046544,0.0702297543946457,0.03083124601096754,0.0942625128510428
Price--BBVI,1.0616749239270575,0.0440630819455236,0.03710197805389152,0.047234296898449164
Price--BBVI,1.065332593920175,0.0564430084590981,0.042736479640319604,0.07830962572069775
Price--BBVI,1.068980493932031,0.0736819290134889,0.035334873747751704,0.08597067486678608
Price--BBVI,1.0726916038547645,0.0539571475360531,0.04120750653345902,0.08461693721103812
Price--BBVI,1.0764715338591486,0.0737217062083459,0.03379068848245194,0.09266050607344023
Price--BBVI,1.0801661838777363,0.0783351198114417,0.05152704104517624,0.12354081957200544
Price--BBVI,1.0839778138324618,0.0630421531499223,0.0418499758675665,0.07945548101647544
Price--BBVI,1.0879259937792083,0.0390732890945173,0.030202929258555798,0.058474892223566124
Price--BBVI,1.092025713645853,0.0799152293388658,0.06590600080788248,0.11047402535379824
Price--BBVI,1.095848423661664,0.037970084987819,0.02231611819593118,0.08562702257472662
Price--BBVI,1.0996308736503124,0.0574517539671717,0.03327228447437558,0.06792748237690488
Price--BBVI,1.1033206435968168,0.0482300047774231,0.03180136466133086,0.06592800287726557
Price--BBVI,1.1069873735541478,0.0419007142521792,0.03567786360117672,0.07692375220358935
Price--BBVI,1.110855883453041,0.0466829955006886,0.04102259152248272,0.07325359193223732
Price--BBVI,1.114611113385763,0.0611923526397504,0.05935712888282578,0.1010873740384539
Price--BBVI,1.11832316336222,0.0819406229116879,0.0468729094970058,0.12480307487898862
Price--BBVI,1.122062133392319,0.0745986003154399,0.04477122132656458,0.07764391300264598
Price--BBVI,1.125930653361138,0.0484902254182486,0.03821165526310602,0.0534076906579457
Price--BBVI,1.129702853388153,0.0538687759201792,0.03136607797105164,0.0701063318904175
Price--BBVI,1.133542293391656,0.0552926891822522,0.04271488258842164,0.06891740963154684
Price--BBVI,1.1387257633614354,0.0463174798695718,0.03451982916336076,0.0541712224254979
Price--BBVI,1.1426982333650813,0.033285224539469,0.0251815804945806,0.060156446009608476
Price--BBVI,1.1469588533509525,0.0536126273436252,0.03895117242324768,0.12564058914989287
Price--BBVI,1.1508797033457083,0.0409405785780165,0.03694524333124318,0.055404744629947746
Price--BBVI,1.154795583395753,0.0409540080550101,0.03132097229536152,0.04435934446397592
Price--BBVI,1.1585201834095642,0.0606373126940127,0.04833538586055392,0.09229920525489205
Price--BBVI,1.1625203134026378,0.0656877828861581,0.051601343024495344,0.08666573122582404
Price--BBVI,1.1662383524235338,0.0666886809469389,0.04558874783309078,0.08433584348856867
Price--BBVI,1.1702330424450338,0.053494616139659,0.030963804129856942,0.07893879740108783
Price--BBVI,1.173955341510009,0.0445827337319997,0.04327820474378534,0.06641606906171373
Price--BBVI,1.177790131419897,0.1016202762510545,0.06257882714693606,0.12403580743417701
Price--BBVI,1.1815303403418511,0.037512743708163,0.03215460583060402,0.07108014721304126
Price--BBVI,1.1852433604071848,0.0940835060144138,0.04641009747478504,0.13082885993146073
Price--BBVI,1.189079679432325,0.0574624794427336,0.036623075034009384,0.10352277194923826
Price--BBVI,1.1930414894595742,0.1261009630576524,0.05980071953494244,0.21126917608472687
Price--BBVI,1.196865109493956,0.0752961088365964,0.047342036357500186,0.08693699791639059
Price--BBVI,1.2007186795235611,0.0578534366368614,0.03771842211691588,0.09269146605942065
Price--BBVI,1.2045554195065051,0.0514781891514672,0.03205017741463784,0.06520182401142441
Price--BBVI,1.208299659541808,0.0694415094854861,0.05295388829815688,0.10641377003178144
Price--BBVI,1.2119842694955878,0.0483006196267439,0.03672555266327318,0.05326502828440588
Price--BBVI,1.2158255995018408,0.0551066766743417,0.0530383339307718,0.09320390705932763
Price--BBVI,1.21955332957441,0.0553135424978989,0.04409677092564264,0.07193089638871863
Price--BBVI,1.2231989295687526,0.0565448790880793,0.0401190870094694,0.08147401507979446
Price--BBVI,1.2268829595996067,0.0627697602922552,0.030241363150358257,0.0775824860445084
Price--BBVI,1.2306121495785192,0.0611047851998876,0.045011218908985,0.0652722403056145
Price--BBVI,1.2343863096321002,0.0678378618164288,0.03569726585547242,0.07708300764286374
Price--BBVI,1.2381265496951528,0.0493534273268778,0.025932334067320522,0.06623579364648718
Price--BBVI,1.2419659397564828,0.055854095164733,0.037444176777034904,0.09264366518531231
Price--BBVI,1.2457438697456382,0.0615277281302155,0.055081948063821044,0.12595467017948175
Price--BBVI,1.2495696397381837,0.0531366372306081,0.042192619425472276,0.07966153606137419
Price--BBVI,1.2533366598072462,0.0864304597816811,0.0504023045852363,0.15150206239810296
Price--BBVI,1.2571016698493622,0.0378740812216449,0.03233358083806758,0.08079840706230923
Price--BBVI,1.2608439298928715,0.0544268983705933,0.04644458085296032,0.06489553374544238
Price--BBVI,1.264603899908252,0.0427998715030071,0.03484839493549708,0.07208171339196948
Price--BBVI,1.2683768399292603,0.0391732362443093,0.03133748830936722,0.08753080585912293
Price--BBVI,1.272101619921159,0.0669586104186805,0.049929827585390225,0.12326116334155296
Price--BBVI,1.2758910399861634,0.0488804693483189,0.03162863661892736,0.12111598095151516
Price--BBVI,1.2796031700563617,0.0680687229965002,0.0405722696716736,0.08249733816809338
Price--BBVI,1.28333173901774,0.0588197963512158,0.0301925290135244,0.12044410725410157
Price--BBVI,1.2872353190905417,0.048878855018529,0.030900157307135544,0.09802479384162836
Price--BBVI,1.2910749991424382,0.0433458034067228,0.034236934502479215,0.08866248264746443
Price--BBVI,1.2953625481459312,0.0530232560958268,0.02676156469119342,0.07235637778580038
Price--BBVI,1.3000991481821984,0.06301974290227,0.0473000180418267,0.1451075571456783
Price--BBVI,1.3046118681668304,0.0714847328043646,0.040981860910170545,0.08345222863014208
Price--BBVI,1.3088550781249069,0.0518753753595007,0.04606281115348444,0.06208597599883772
Price--BBVI,1.3136376081965864,0.0624493582097613,0.058561258328711535,0.0824361701883532
Price--BBVI,1.3182307170936838,0.0724007466606906,0.0549588585029937,0.1184014756317111
Price--BBVI,1.3225056169903835,0.0547632620906739,0.044782647023811156,0.11536261100289949
Price--BBVI,1.3272370169870555,0.078103509891136,0.03374525625455354,0.08087213617764914
Price--BBVI,1.3318734770873562,0.0593954444138518,0.03733892586778892,0.07363701555175337
Price--BBVI,1.3362217370886356,0.0669900645809633,0.05327635711154808,0.08216016674413136
Price--BBVI,1.34093981719343,0.0618068735695942,0.04358048672086448,0.10454297709570988
Price--BBVI,1.3454969172016715,0.0506679498248132,0.0485115730690495,0.07627471752446122
Price--BBVI,1.349724606203381,0.0539228407574086,0.04035192959497916,0.0648721373125624
Price--BBVI,1.3544156563002616,0.0492469549403438,0.035976123384332884,0.06751362780514676
Price--BBVI,1.358971756300889,0.0314149221458563,0.02255502837213322,0.05860694687349616
Price--BBVI,1.3632354662404396,0.0774735115223848,0.04398789800165156,0.10233192663760346
Price--BBVI,1.367857756151352,0.0555004722339163,0.03631484322697238,0.14819607790479378
Price--BBVI,1.372459935257211,0.0569130164616638,0.03745108997948132,0.08283147082181014
Price--BBVI,1.376621515257284,0.0471864389351992,0.02796849286745264,0.07171603854003476
Price--BBVI,1.3812234352808446,0.0461551159797295,0.02823337799824794,0.054595536276732984
Price--BBVI,1.385828985250555,0.034511429529644,0.021423176626743142,0.04217450146113036
Price--BBVI,1.3902835051412694,0.0414363260243106,0.034025283499497,0.056367387396602395
Price--BBVI,1.3948924150899984,0.043010872088729,0.03613113288027416,0.05461148398719326
Price--BBVI,1.3994549050694332,0.0544548724567874,0.035237402724183645,0.0697624252420041
Price--BBVI,1.4037675151485018,0.0999230616440485,0.0710162896422616,0.11505959627995133
Price--BBVI,1.408164735068567,0.0778759027808178,0.06370565663406176,0.0943445603416137
Price--BBVI,1.4129145051701926,0.0529886601954956,0.04110380833286624,0.07110755416639447
Price--BBVI,1.4171355151338505,0.0406605064963088,0.030369879848453178,0.07911537871137568
Price--BBVI,1.421384785149712,0.0585376844420011,0.03902432100937566,0.11519934894734542
Price--BBVI,1.425984634202905,0.0565918195334518,0.03107131965019788,0.08127544261076305
Price--BBVI,1.4301749941660091,0.0681046011088142,0.03112063164678596,0.084756529540428
Price--BBVI,1.4349420142243616,0.0387407888492532,0.022998370438403897,0.055637776438106745
Price--BBVI,1.4395112442434763,0.0343731859834122,0.0312459188351937,0.0535380383556116
Price--BBVI,1.443749444326386,0.059245089238999,0.02978900370000018,0.0736927228209651
Price--BBVI,1.4479819033876993,0.0558440213147832,0.033674144615073905,0.087395998829308
Price--BBVI,1.452490313386079,0.0671078379458549,0.040248412380952864,0.10543304196864364
Price--BBVI,1.4567948034382423,0.0517178098908601,0.0423674597861719,0.05677329943361534
Price--BBVI,1.4611516834120266,0.0401946270738022,0.03246901521713988,0.05618708423853028
Price--BBVI,1.4657221634406596,0.0437279476247312,0.0227592185957576,0.0934887393708152
Price--BBVI,1.4699243325158022,0.0527851952048479,0.04267061007609526,0.06478299647129686
Price--BBVI,1.4742615724680943,0.0556343032504855,0.04229416054453732,0.0809422028992116
Price--BBVI,1.4788442724384367,0.0475379805690892,0.038265782717070325,0.06358009480528601
Price--BBVI,1.483057792414911,0.0505393978512671,0.044920701121421255,0.05680128747362402
Price--BBVI,1.4874517423450015,0.0498794629938146,0.03545168135962052,0.07712561026555698
Price--BBVI,1.4919462924008258,0.0554503442972134,0.045149376746167,0.09125449784007741
Price--BBVI,1.496164892392699,0.0587766949480226,0.03042984339507194,0.12283222244943766
Price--BBVI,1.500746381469071,0.05755011645671,0.03165616845753612,0.0869391927977005
Price--BBVI,1.505316371389199,0.0542360861879132,0.03072083409350616,0.07207778579833352
Price--BBVI,1.509484151378274,0.0402079152062953,0.03548269003088646,0.06472055423307659
Price--BBVI,1.5141410112846645,0.046970772677426,0.03858537441501532,0.09373017800784281
Price--BBVI,1.5187480913591571,0.0706381241664786,0.03911251593740694,0.10412740762326958
Price--BBVI,1.5230326303862969,0.0611135938969482,0.03284138342349072,0.07734344267902592
Price--BBVI,1.527749520377256,0.0353293516793371,0.03061579736331336,0.05518039013342954
Price--BBVI,1.532413580280263,0.0408419477378174,0.03846358104195812,0.09619404116746748
Price--BBVI,1.5366343902423978,0.0655608250338275,0.039512978922220984,0.07433305439551242
Price--BBVI,1.54146153019974,0.0606411697686724,0.04989005526327896,0.13161681311129314
Price--BBVI,1.54601816018112,0.0514432337357391,0.042860034723935236,0.0559450869485374
Price--BBVI,1.5502810001489706,0.0622500055677051,0.049649430602445865,0.0830706148241603
Price--BBVI,1.5551189401303418,0.0494529013784017,0.039473669308674124,0.08154050105161444
Price--BBVI,1.5596846101107076,0.063294065506227,0.05449640943404286,0.07216050670356816
Price--BBVI,1.5638888601097278,0.0633802024827616,0.037105361327951364,0.0946324343327205
Price--BBVI,1.5688843301613815,0.0649001551449259,0.03878385952272078,0.08785613233126235
Price--BBVI,1.573488150141202,0.0374536940719423,0.02798911087028266,0.061712558306572816
Price--BBVI,1.5777645892230794,0.041392406126846,0.03188198875300822,0.13133281453431206
Price--BBVI,1.582784499216359,0.0548622674046583,0.03463080578650298,0.062283876449697524
Price--BBVI,1.5874526991392486,0.0418319680691183,0.035653978334011016,0.0549709045628816
Price--BBVI,1.5916724491398782,0.0695514773070442,0.04012355651296666,0.09500739237253977
Price--BBVI,1.5966506891418248,0.0598943637990458,0.04739687887010284,0.07210620488975504
Price--BBVI,1.6011641481309198,0.0499543809831664,0.02565426991032492,0.07677969748131941
Price--BBVI,1.6055055182077922,0.065999123829215,0.04529612395029964,0.08652342611449051
Price--BBVI,1.6105243081692606,0.0531447086002287,0.03744033214265408,0.08242665507103762
Price--BBVI,1.6150854282313958,0.0397684477879209,0.0318348161019315,0.09000876445345793
Price--BBVI,1.619382418226451,0.0824144134348188,0.04796701103346372,0.09417390866701675
Price--BBVI,1.6246071971254423,0.076964154156812,0.05149901939876994,0.09259085807713342
Price--BBVI,1.6291290961089544,0.0492660850072184,0.04066523378546944,0.07782927271958039
Price--BBVI,1.6336692260811103,0.0455716883298578,0.042914597964301,0.06020240125824326
Price--BBVI,1.6379017661092805,0.076369810165545,0.05176701756050186,0.08052130933337479
Price--BBVI,1.6421201960765757,0.0432018159773406,0.03145903335652626,0.05024693163268804
Price--BBVI,1.6466388160479255,0.0640084467235766,0.04575290672293304,0.09358587820256042
Price--BBVI,1.6508717151591554,0.0644381160134486,0.024139783569836402,0.08321480710100101
Price--BBVI,1.6552532051573507,0.0524642480322086,0.03703192271699432,0.07140499382751381
Price--BBVI,1.6598433451727033,0.0577737622087397,0.037576536164920044,0.07232887999182648
Price--BBVI,1.6641143351444043,0.109584479043292,0.02451760679635974,0.1442517822923491
Price--BBVI,1.6688754051574506,0.04637133041102,0.03932856133596088,0.11979847509022365
Price--BBVI,1.6733742650831118,0.0430183614518284,0.0275057346689095,0.07684026759949344
Price--BBVI,1.6778151451726444,0.0597124705734302,0.05676556537941898,0.07255547977850935
Price--BBVI,1.68290627427632,0.0425110388083282,0.0266282093738226,0.09017837714245898
Price--BBVI,1.6872083141934129,0.0528983032387486,0.03788179316618422,0.10729373683501817
Price--BBVI,1.691658364259638,0.0579178267297777,0.04745670047408338,0.10894662553859286
Price--BBVI,1.6965511842281558,0.0593719199591191,0.0403893893545074,0.07543102077570722
Price--BBVI,1.700798304285854,0.0386734266169241,0.03034242092403186,0.055543534077284504
Price--BBVI,1.705275873246137,0.035797333678758,0.024369389976652618,0.09777122417743267
Price--BBVI,1.709944693313446,0.0501905359054575,0.04113339449195896,0.06998375045033636
Price--BBVI,1.7140846032416448,0.0480012923709978,0.0369305903810811,0.04969412740181266
Price--BBVI,1.718239343201276,0.0522314326038042,0.041457245451527965,0.0858471378443624
Price--BBVI,1.7226843331591226,0.0641420528421008,0.04214225830676236,0.12231666385190743
Price--BBVI,1.727012763207313,0.0501117313229144,0.0441372371545696,0.13970886767770588
Price--BBVI,1.7305012232391164,0.0355929527883347,0.029717200971765518,0.04383165905210824
Price--BBVI,1.7335607732529752,0.0534074652589708,0.041163873285705636,0.0591458944207431
Price--BBVI,1.7366300033172593,0.0314813627893499,0.02683273124389414,0.07071313660904929
Price--BBVI,1.7398346332483925,0.0653899257686134,0.03464939964952122,0.0752131489853752
Price--BBVI,1.7435035832459107,0.0643627832382947,0.04420975664589258,0.103269481796363
Price--BBVI,1.7470547732082196,0.0858744145628094,0.05103240552728604,0.10601134347895136
Price--BBVI,1.7501640531118028,0.0448227544325163,0.03481217118379044,0.1012781828601589
Price--BBVI,1.7533433031640016,0.0430934375681317,0.03151116689561486,0.0555958973468392
Price--BBVI,1.7564469732460566,0.039407756966213,0.02862127717287416,0.060291573476490584
Price--BBVI,1.7595767931779849,0.0517289179757654,0.0447760650591931,0.08692725252769257
Price--BBVI,1.76263420318719,0.0648458162560814,0.04795339457855046,0.11452977520378618
Price--BBVI,1.7658161732251756,0.0599141976585002,0.03827461731717106,0.07803398470730938
Price--BBVI,1.7689366831909863,0.0654153191356385,0.03808281435243826,0.08665300441221002
Price--BBVI,1.772020323202014,0.0618390177911862,0.0359453441286518,0.07758129890419523
Price--BBVI,1.775232333166059,0.0403845098083195,0.027299834861582817,0.10890957577278182
Price--BBVI,1.778324913175311,0.0547229114808658,0.04027971907339626,0.09550701237951384
Price--BBVI,1.7814218330895528,0.0424965319539865,0.03737770518071948,0.10594475140422042
Price--BBVI,1.7845433921320364,0.0720439220420274,0.04499195567462662,0.12835988382601607
Price--BBVI,1.78769362217281,0.0625504216127694,0.04479854378608078,0.07837191391806748
Price--BBVI,1.7908066920936108,0.0515541991504591,0.0285287251970373,0.06243518914527036
Price--BBVI,1.793911082088016,0.0377494393615336,0.0321789276451113,0.0581152158807242
Price--BBVI,1.7971317221526988,0.0738874368500432,0.040801091345457466,0.11783004427475983
Price--BBVI,1.8002342421677895,0.0478633725605561,0.03112966268670044,0.0584417703971212
Price--BBVI,1.803473692154512,0.0508699751860888,0.04425884695142482,0.09368725851164184
Price--BBVI,1.8066020922269672,0.0670275818441723,0.02952279269534868,0.10303948766016327
Price--BBVI,1.8097099722363053,0.0388740469089725,0.03392368347528242,0.06975377912578148
Price--BBVI,1.812879002187401,0.0751799738779794,0.05416815652057488,0.08989729943584734
Price--BBVI,1.8160036021727135,0.0631851319710534,0.03148935509945544,0.07777673142383315
Price--BBVI,1.8191338820615783,0.0323242086677169,0.02642640519462696,0.05384737369602696
Price--BBVI,1.822349632100668,0.0683453819128061,0.0479628840894832,0.09162265096081222
Price--BBVI,1.825484021101147,0.0626107891330747,0.0364834430412912,0.07526647370674762
Price--BBVI,1.8286202711169608,0.0974431736099461,0.06548048126680324,0.14481312441864128
Price--BBVI,1.831805541063659,0.0584133113866585,0.04010994695830446,0.07690700573281216
Price--BBVI,1.8349879709421657,0.0560286295227854,0.03820969802151236,0.10652448074485787
Price--BBVI,1.83808109088568,0.0619916289283111,0.04304271641187254,0.07944800904819821
Price--BBVI,1.841354009869974,0.0467680061045996,0.041177006566581915,0.0798928270864621
Price--BBVI,1.8451207699254155,0.0518935303879573,0.04547184742853282,0.06191526402224094
Price--BBVI,1.8488790498813612,0.0670771587513741,0.04870759679221518,0.10171711035777377
Price--BBVI,1.852623039856553,0.0521708360727473,0.03865331562670628,0.11030026256699435
Price--BBVI,1.856331639864948,0.0517633367686727,0.03380973628211446,0.061047759839112786
Price--BBVI,1.8601598099339756,0.0557171174968971,0.03833529728051696,0.05749733133983448
Price--BBVI,1.863326339866035,0.0479112900743814,0.03605190695289192,0.0781189757027618
Price--BBVI,1.8664799299440349,0.0420583744874392,0.031147760121982004,0.05687167844727978
Price--BBVI,1.8696103098918684,0.0611080794116105,0.058679038874788564,0.09839859971688154
Price--BBVI,1.8726749399211255,0.0488940120206251,0.029605628491779563,0.0725297031174733
Price--BBVI,1.8762726798886435,0.0492509305538249,0.046585759452452156,0.05635939896425268
Price--BBVI,1.8794981598621237,0.0586136355090616,0.05361419772011398,0.07794468563676842
Price--BBVI,1.8825585498125288,0.0461019838236325,0.03572456042563484,0.13227378645129304
Price--BBVI,1.8856413498870097,0.0744650162728248,0.03161966965693916,0.12055605438684153
Price--BBVI,1.888644118967932,0.0508678704454439,0.04039767908699042,0.06993044260710514
Price--BBVI,1.892350468900986,0.0564411160779343,0.037515736255625064,0.07014355109864423
Price--BBVI,1.8961190588888712,0.0695153544452864,0.029215717463767922,0.08359527523566322
Price--BBVI,1.8993839289760217,0.069804701139077,0.04989451071637624,0.0884902044846967
Price--BBVI,1.902423079009168,0.0500954522037773,0.04188371952196518,0.14639474646560588
Price--BBVI,1.9054728389019149,0.059383508819252,0.03279464939173798,0.0710392046069557
Price--BBVI,1.908625313313678,0.0679778258455314,0.040721824448212346,0.07675952952087073
Price--BBVI,1.91277097328566,0.0415098482269229,0.04007037114315038,0.05259197257685736
Price--BBVI,1.9169678233447485,0.0683964334327527,0.051751528181563325,0.11560296919634534
Price--BBVI,1.921212533256039,0.0530389510946065,0.04225851461773116,0.08992438191832544
Price--BBVI,1.925425892288331,0.0547137847004535,0.029360876966927622,0.06384878742820486
Price--BBVI,1.9287392423138956,0.0349735515755043,0.03151553519027738,0.056976910816791765
Price--BBVI,1.9318770023528489,0.0395273800734798,0.030140570331792498,0.05022615137585258
Price--BBVI,1.9349181522848085,0.0573278782021873,0.04504566171981422,0.07383106051726712
Price--BBVI,1.937918502255343,0.0432805967830773,0.0343006077179268,0.08736543256981402
Price--BBVI,1.9409722613054328,0.0459827991537622,0.0383502386613514,0.07021778411973681
Price--BBVI,1.9439800212858245,0.0436365207255562,0.02810461313002002,0.06511447782503693
Price--BBVI,1.9471399512840435,0.0774972446228901,0.059264650560697824,0.15917015009719643
Price--BBVI,1.950134491256904,0.0549709235777839,0.04132835659214602,0.06307492491815764
Price--BBVI,1.9533892812905835,0.0495594271583854,0.03887761376932412,0.06600284103903951
Price--BBVI,1.9565470503875984,0.0386822097787842,0.02045405992125774,0.08054571626938692
Price--BBVI,1.95972942042863,0.0422170742313596,0.03606230911474876,0.07594596093163086
Price--BBVI,1.9628234604606405,0.0623283492570578,0.03705685939321476,0.08013976451084655
Price--BBVI,1.965950670535676,0.074041520899371,0.036174438469873824,0.0812962271331599
Price--BBVI,1.9689983104472049,0.0797148877265669,0.052815039717108846,0.12101578155285891
Price--BBVI,1.9722662905114705,0.0665610756291101,0.03916992168291808,0.07987840759208208
Price--BBVI,1.97539603052428,0.051564530523521,0.04058915787389872,0.07916585346780776
Price--BBVI,1.9785263004596343,0.0847922454076126,0.047330024071723605,0.12407940360339179
Price--BBVI,1.981527809461113,0.0465650525908927,0.03246577317741234,0.04863507620009954
Price--BBVI,1.984619369439315,0.0565498416325596,0.02579727944766142,0.11895010514822954
Price--BBVI,1.9876370494021105,0.0610545344215438,0.04012979476129026,0.08539825353682312
Price--BBVI,1.990800439438317,0.0705004297652323,0.05871300864003778,0.09980724169661523
Price--BBVI,1.9940135393990204,0.0863328845164375,0.05539118405958442,0.1338251598748343
Price--BBVI,1.9971999683766624,0.0632177442987114,0.04635228694421294,0.0828796666039664
Price--BBVI,2.000370248395484,0.0568415907936525,0.042468123944038885,0.0648427008280549
Price--BBVI,2.0034364484017715,0.054087705648314,0.03903503842242906,0.09704531598742956
Price--BBVI,2.006494788336568,0.0914574503945857,0.05586244254867544,0.1308625448810261
Price--BBVI,2.0096308383508585,0.0601768374554154,0.04021580165575636,0.08024452470771162
Price--BBVI,2.0126818583812565,0.0517127650325903,0.03820680766848164,0.05802672490698338
Price--BBVI,2.015901918464806,0.0473307648883292,0.04433962398465494,0.06315201932277996
Price--BBVI,2.0190006885677576,0.0617093379676418,0.046053456200144144,0.10487580095814333
Price--BBVI,2.0220057175611146,0.0547799284266261,0.03292283919543022,0.09294910001086401
Price--BBVI,2.025108617497608,0.0565397846546034,0.03629750160651206,0.06595846493275982
Price--BBVI,2.0281143574393354,0.0582366170734047,0.04276150020702402,0.058909209700504964
Price--BBVI,2.031060857407283,0.0566805837899551,0.03166681847092144,0.06110313353727288
Price--BBVI,2.034272717370186,0.0494667692582453,0.04142687810479506,0.08998795960245329
Price--BBVI,2.037378757377155,0.035409093518183,0.03040999264601388,0.05716393109310042
Price--BBVI,2.04097819555318,0.0762332078577969,0.06597604197829127,0.0863044919591402
Price--BBVI,2.0446860655210912,0.07472988467552,0.037900215642298424,0.08843071201102924
Price--BBVI,2.047774965525605,0.0740373136072491,0.049723749924265724,0.08163041564682481
Price--BBVI,2.0508979454170917,0.0714130100936927,0.04559086726974608,0.10974634335428561
Price--BBVI,2.0540393354021944,0.0406527302316419,0.02842879432064358,0.1350711834711461
Price--BBVI,2.057170855347067,0.055261664407098,0.04022306513446092,0.0800820620308258
Price--BBVI,2.060238435282372,0.0959449164118666,0.0356788404355313,0.10383693022149881
Price--BBVI,2.0633131952490658,0.0762449382600749,0.06420745218244682,0.09336386649090679
Price--BBVI,2.0664271852583624,0.0517571637972764,0.029673143720231103,0.11019653280059741
Price--BBVI,2.069585665129125,0.072049796685377,0.04338219126275076,0.0875156889459333
Price--BBVI,2.072720314085018,0.0406481262585174,0.03440675067665206,0.10003986741758406
Price--BBVI,2.0759056941024028,0.0442658069564885,0.03732282408819566,0.05878620390933232
Price--BBVI,2.0796348141739145,0.0429473990176916,0.0346134857182335,0.08095266784053476
Price--BBVI,2.0834810641244985,0.0654825075179843,0.035754248483331676,0.0870854801411525
Price--BBVI,2.0872147941263397,0.0526395086029936,0.034187407189605765,0.09336173718718038
Price--BBVI,2.090909384016413,0.0640524915481677,0.05045138399474352,0.07814296287772605
Price--BBVI,2.0946787939756177,0.0419423632320672,0.025908894515700262,0.13024465726701911
Price--BBVI,2.097708983987104,0.036095033906605,0.029735417903037797,0.10494043975257339
Price--BBVI,2.100864293868653,0.050318661635714,0.04253558120545616,0.055570690675804654
Price--BBVI,2.104212103877217,0.0637294570950643,0.049465738545910624,0.08176956503253334
Price--BBVI,2.107230183959473,0.0633627193391106,0.03971682542824618,0.0762959910748662
Price--BBVI,2.110327353933826,0.065628496013403,0.03709250002092398,0.10359343795255423
Price--BBVI,2.11349399399478,0.0498416181490881,0.039769406357095215,0.0748835341700413
Price--BBVI,2.116623974055983,0.0704042362144861,0.046770981977971304,0.09361376246765757
Price--BBVI,2.1197873631608672,0.0465545006646266,0.02974510560556208,0.08381068611718089
Price--BBVI,2.122956943232566,0.0668997674595601,0.04587234442484482,0.11130566431499742
Price--BBVI,2.1261286732624285,0.0390544269286436,0.0325104359234785,0.12536635607696095
Price--BBVI,2.1298531133215874,0.0413747356269169,0.033325833804496996,0.10641603048574097
Price--BBVI,2.1336840233416297,0.0668089744976896,0.043901079242488025,0.12549583114011395
Price--BBVI,2.137499283242505,0.063404162230114,0.04036600904941562,0.07142621326397602
Price--BBVI,2.141226183273829,0.0478151551144776,0.0304907490135491,0.07106573582623521
Price--BBVI,2.145006583305076,0.0437691333923311,0.0294799493760535,0.08316226619275818
Price--BBVI,2.148489813262131,0.0443873500650511,0.039639487687071505,0.08447618096847684
Price--BBVI,2.1516961822053418,0.0474361342815825,0.0360748759253169,0.08883952505515819
Price--BBVI,2.1548154123011045,0.0470700802705721,0.0330286882123459,0.0664444110936301
Price--BBVI,2.1579859922640026,0.0536653400050255,0.03413168938623982,0.16294420435048945
Price--BBVI,2.161221582267899,0.0481895226392339,0.03309853421391716,0.055757108882764285
Price--BBVI,2.1644164822646417,0.0543051500674778,0.03581315583254528,0.07313744995099114
Price--BBVI,2.1675130923395045,0.0410991680585084,0.03903880330494184,0.04778302661007666
Price--BBVI,2.170672432228457,0.0813996440994486,0.05334061345241988,0.11552387113746924
Price--BBVI,2.173845202254597,0.0680086652490956,0.06304113386348711,0.092611374291431
Price--BBVI,2.1769386722007766,0.0387324572934204,0.030907211857635182,0.13505651338245456
Price--BBVI,2.180103332153521,0.0599698648957485,0.03203804902769032,0.06819920921193157
Price--BBVI,2.18375694216229,0.0567945299054599,0.034530216835810236,0.06289867536569597
Price--BBVI,2.1874434821656905,0.0573158745054911,0.04397238711756578,0.061539596162765456
Price--BBVI,2.1911543821333908,0.0387186520607656,0.032703926748109756,0.05628783986235812
Price--BBVI,2.1948398120584898,0.0478304636282018,0.0324098524712269,0.1019724984308027
Price--BBVI,2.198539262113627,0.0602193124387611,0.05473217337146536,0.08170664838953026
Price--BBVI,2.202236732002348,0.0835104161259323,0.03846957728496242,0.11580222819111725
Price--BBVI,2.205929402029142,0.0843367640347594,0.06352397418228857,0.09204980276867039
Price--BBVI,2.209634431928862,0.0519298240350565,0.038276606067466856,0.1392745636747577
Price--BBVI,2.213311981933657,0.0652516675060752,0.04108059117874628,0.08582344765990793
Price--BBVI,2.217016161826905,0.0507672302439203,0.03672712856367176,0.07640093339012131
Price--BBVI,2.2206739318789914,0.0684899638353613,0.04555998525587764,0.08502549758081268
Price--BBVI,2.2243587719858624,0.0698320194520505,0.03658981626354596,0.1010197504383029
Price--BBVI,2.2279950020019896,0.0667749114280411,0.04722317314286212,0.13606938018714626
Price--BBVI,2.2316924919723533,0.0772794345899541,0.047200281388859316,0.08358262870759456
Price--BBVI,2.235440702002961,0.0646200815229747,0.03816431562964618,0.07273007713857278
Price--BBVI,2.239146941981744,0.0492902537010024,0.03484563295723144,0.14752757329015082
Price--BBVI,2.2428522419650108,0.0543698290800875,0.044151516057186695,0.06298338439025308
Price--BBVI,2.2465528019238263,0.0956983005501115,0.04461953009555084,0.10218971723334098
Price--BBVI,2.250243231945205,0.0732399720075136,0.05440048283736584,0.08813190555804336
Price--BBVI,2.253902631928213,0.0376474383965046,0.032373694124254324,0.13288206164639288
Price--BBVI,2.2568649019813165,0.0513409064747349,0.03645903155942844,0.11732556141846545
Price--BBVI,2.259876311931293,0.0740148793567669,0.05844213888813382,0.08007415069850475
Price--BBVI,2.2628653919673525,0.0579939758509056,0.0276759422907645,0.08816209635151605
Price--BBVI,2.2658451819443144,0.0454376839350629,0.038414996284154755,0.13982029599865767
Price--BBVI,2.268857581948396,0.0618260716284027,0.05124019453858176,0.0725643600826458
BBVI--STL,0.0,545.7152083153993,545.7152083153993,545.7152083153993
BBVI--STL,0.0040623800014145,143.77167308666242,118.88333892179759,156.6668604076014
BBVI--STL,0.0081659199204295,49.84608615725014,47.158658558033785,52.203239144456646
BBVI--STL,0.0122494698734954,23.59234970226393,22.995006665881792,27.338639909793734
BBVI--STL,0.0162291198503226,14.523774021884606,14.23053217317946,15.83337517383172
BBVI--STL,0.0202187398681417,9.883047456761318,9.639129732906351,10.435330932815148
BBVI--STL,0.02423785981955,7.495700125580271,7.279683001380073,7.531089546211035
BBVI--STL,0.028297189855948,5.602888238766695,5.497573948875112,5.806943562485799
BBVI--STL,0.0323606898309662,4.599677426793591,4.3364180346049945,4.665099442740711
BBVI--STL,0.0364479298586957,3.626458491433027,3.5401050613517357,3.780181405709084
BBVI--STL,0.0404901198344305,2.973904315042049,2.9426650389176614,3.123914543362858
BBVI--STL,0.0445275798556394,2.5232112816647287,2.4597791243194305,2.5596579533570405
BBVI--STL,0.0486542398575693,2.191005008446382,2.1844439189925198,2.299461422121175
BBVI--STL,0.0535127489711158,1.8437021952432104,1.841189191575961,1.905436697001835
BBVI--STL,0.0575100989663042,1.621230414845655,1.5872485351341936,1.6503378798665154
BBVI--STL,0.0614761388860642,1.3903071508057252,1.3752575906202964,1.543641260827806
BBVI--STL,0.0706648002960719,1.2661709565234958,1.2169772365818858,1.3113094386235502
BBVI--STL,0.0747171103139408,1.1234257063680246,1.0702737865381096,1.1702648241993756
BBVI--STL,0.0789053503540344,1.011387415193326,0.9562844165228569,1.1421859105107246
BBVI--STL,0.0830256892950274,0.8764393909564916,0.8628988598158344,0.9775956183178834
BBVI--STL,0.0870534793357364,0.9003693687230623,0.7885062052050216,0.921127729983806
BBVI--STL,0.092014777532313,0.7480157560336806,0.7014958124280952,0.8641154467027036
BBVI--STL,0.0986871075001545,0.681924183111903,0.6384920990779335,0.711451275298981
BBVI--STL,0.1023527475772425,0.6330779352776119,0.6161585633677191,0.6700554960899978
BBVI--STL,0.1059744075755588,0.5548887008037866,0.5346340624978723,0.5956135680001211
BBVI--STL,0.1096346476697363,0.4992019665766207,0.49466836897953215,0.5944437406688479
BBVI--STL,0.1131108577828854,0.4505410470053164,0.443536682883203,0.5094271639894714
BBVI--STL,0.1166291378322057,0.4773476622959265,0.45892892562015103,0.5376086681053636
BBVI--STL,0.1202138378284871,0.4564456979580313,0.41473930245638824,0.49903467156902365
BBVI--STL,0.1237851977930404,0.4042852105068277,0.354077457731762,0.4684922946149214
BBVI--STL,0.127670828544069,0.356201164802485,0.33492648631429345,0.4004659726015973
BBVI--STL,0.1316409084829501,0.3415517556342848,0.3143429000094301,0.38187673306255754
BBVI--STL,0.1358173385378904,0.3497721377662515,0.2876405607273,0.37275337850760193
BBVI--STL,0.1396078985999338,0.2832302476243455,0.27232096621051477,0.34954556360999334
BBVI--STL,0.1432860386557877,0.3103202679381667,0.2634321788810666,0.32152755013567286
BBVI--STL,0.1473322787205688,0.2741306839426443,0.2507976639306832,0.29190771587982733
BBVI--STL,0.1508555587497539,0.2872284985897124,0.22105015827632993,0.3174764474565194
BBVI--STL,0.1586588087957352,0.2445911492618364,0.21666985547200848,0.3044136754845993
BBVI--STL,0.1622755187563598,0.237061777464234,0.21755950221507014,0.29148978289525185
BBVI--STL,0.1659339586040005,0.212061894492308,0.18434509140350028,0.28916418088130624
BBVI--STL,0.1695741086150519,0.2504028937763962,0.2277638724883587,0.31236742394231665
BBVI--STL,0.1732700284919701,0.2370177918638916,0.21681540207108008,0.26566774491236345
BBVI--STL,0.1767984785255976,0.2551124420264443,0.24789697462039154,0.2743867891063587
BBVI--STL,0.180407328531146,0.2047797889269986,0.18386622319795834,0.41103326795568196
BBVI--STL,0.1840312685235403,0.2290212971487335,0.1935054559164541,0.2804822027843784
BBVI--STL,0.1876408285461366,0.1928748416632686,0.17452343504009774,0.26790206283690166
BBVI--STL,0.1913408786058426,0.1869116165300681,0.1708408246219391,0.36822073377406356
BBVI--STL,0.1949100185302086,0.2028667795178478,0.1815522558534098,0.27264463003711226
BBVI--STL,0.1984397585620172,0.2035908943288831,0.17223622517868759,0.28055048737389254
BBVI--STL,0.2083706659614108,0.214269161551158,0.16173184789600437,0.2916667179973473
BBVI--STL,0.2124297060072422,0.2037123778994214,0.15356836628355663,0.2665622511627418
BBVI--STL,0.2164206259767525,0.1789816465298486,0.16018484278095566,0.24392043629929958
BBVI--STL,0.2252602552180178,0.1761106998799562,0.15710132242545566,0.196509369301458
BBVI--STL,0.2288837752421386,0.1881722955320128,0.17134236554893503,0.19593658844497094
BBVI--STL,0.2326801351737231,0.1845872870644029,0.1562380125025214,0.2176180194488324
BBVI--STL,0.2365529152448289,0.1899492601595227,0.15553469841975978,0.23838389349557185
BBVI--STL,0.240489465300925,0.1654948879594826,0.13935525557513978,0.2023128225788298
BBVI--STL,0.2442680454114452,0.1572817825107506,0.1393305490952684,0.2155422325665313
BBVI--STL,0.2481027944595553,0.1491822874351811,0.14018912035015485,0.3705002884859795
BBVI--STL,0.2520128546166233,0.1971313865309412,0.15623387843710923,0.22098868952683967
BBVI--STL,0.2556311936932616,0.1364252256086331,0.12744856967372584,0.17074430723597514
BBVI--STL,0.2592726936563849,0.1485870027605358,0.12415454417153447,0.18748848638552143
BBVI--STL,0.2629218726069666,0.1626558257533616,0.14326601587385135,0.19661074780345864
BBVI--STL,0.266439042519778,0.1572989552954879,0.13590955054960716,0.26594385265040044
BBVI--STL,0.2701222615432925,0.2004680532579215,0.1894103317593078,0.2418588395206569
BBVI--STL,0.2738491716445423,0.1698035675405975,0.1368009261839489,0.1925377617656522
BBVI--STL,0.2774589806213043,0.1478911558561151,0.13462248367268895,0.16537094686372023
BBVI--STL,0.2810851106187328,0.1990581646931417,0.15802810377085166,0.27273593319734457
BBVI--STL,0.2848200896405615,0.1512469011802295,0.1377361879109088,0.2106565888447022
BBVI--STL,0.2884652796201408,0.1431241303984762,0.13522311068946918,0.18389655751822714
BBVI--STL,0.2924210786004551,0.1778084484213025,0.13959349223137563,0.36299456477282205
BBVI--STL,0.296364658686798,0.1602473780776421,0.13007687983921978,0.21434291912888734
BBVI--STL,0.3002091686357744,0.1819873956157351,0.15108290863529986,0.28892829842970397
BBVI--STL,0.3039046686608344,0.1742398284234809,0.1477490217505959,0.4415850387781347
BBVI--STL,0.3076778586837463,0.1576196927924513,0.12581571909116177,0.2690069854824088
BBVI--STL,0.3117487987619824,0.2050802922809822,0.14160716302574197,0.22995570182618502
BBVI--STL,0.3156507586827501,0.165057128884456,0.14793842778013866,0.1929091656734016
BBVI--STL,0.3195359986275434,0.1812243435717846,0.1361550961334757,0.4039180942062387
BBVI--STL,0.3274770886055194,0.1856514269648954,0.15977973381910143,0.22157495499143065
BBVI--STL,0.3312618385534733,0.1554892475950851,0.12926612288339923,0.18554935712647586
BBVI--STL,0.3353701984742656,0.1530190575662686,0.14032051931850442,0.19053791540331985
BBVI--STL,0.3409517291584052,0.1600415563661101,0.12663847062246414,0.29432121577077336
BBVI--STL,0.3445248291827738,0.2129861057383948,0.14436401115627284,0.29934648321281543
BBVI--STL,0.3480947891948744,0.1401076168067874,0.13282421791680574,0.19480221283643
BBVI--STL,0.3517138791503384,0.1376137089062439,0.1273842751706638,0.21068464670709375
BBVI--STL,0.3552895491011441,0.1897837525982026,0.15249956586951605,0.20610464305436543
BBVI--STL,0.3588613090687431,0.1375301032553011,0.12556135187363107,0.18015547063178583
BBVI--STL,0.3663954190560616,0.1705138138282507,0.14976148004493553,0.21009995788196814
BBVI--STL,0.3738888090010732,0.1630293333981427,0.1503014884687388,0.21235852546279826
BBVI--STL,0.3801519679254852,0.1855216656752532,0.12625704061759105,0.2221695868661555
BBVI--STL,0.3837018178892322,0.1399273600573138,0.12818451926650878,0.20223955549141692
BBVI--STL,0.3879600877990015,0.1434732135782752,0.12872020008464344,0.17566534028069322
BBVI--STL,0.3916792177478783,0.1536978793155725,0.14337120566364087,0.21651127876965004
BBVI--STL,0.3951170776854269,0.1755094058309083,0.13682203719460798,0.20889649331911353
BBVI--STL,0.3986657676286995,0.1346800902222185,0.10935893362932345,0.17325276253207275
BBVI--STL,0.4030072172754444,0.1294635040550531,0.12549703622414934,0.19472851994883625
BBVI--STL,0.4091777073335834,0.1542252460879041,0.14641324639384262,0.1709894534706677
BBVI--STL,0.4164702173438854,0.1567144539620102,0.14586810755074564,0.1933092038550114
BBVI--STL,0.4221347363200038,0.1673596732418047,0.14697687583436048,0.1759737306532514
BBVI--STL,0.4289724463014863,0.1707896411792688,0.14768048935019912,0.22160072473050715
BBVI--STL,0.4396244461531751,0.1540732297419964,0.12962319515580129,0.31763109606067413
BBVI--STL,0.443380476150196,0.1775397153201652,0.14349575426807057,0.2594347756159578
BBVI--STL,0.4470803661388345,0.1792996520671295,0.1409297169490969,0.23585429110731582
BBVI--STL,0.4506496461690403,0.1796453397105324,0.11681675403015383,0.2352545120579634
BBVI--STL,0.458304418658372,0.1969241538742636,0.13590385473709712,0.23226875140648526
BBVI--STL,0.4623650887515396,0.1703490187931606,0.1479320405796926,0.2230992611611611
BBVI--STL,0.4664129087468609,0.1772633262607854,0.1463395973431602,0.22503815570367458
BBVI--STL,0.4745349077275023,0.167550723485732,0.1308330947908359,0.29021832033697875
BBVI--STL,0.4786504477960989,0.136081218241415,0.12212493202510186,0.16952029043171987
BBVI--STL,0.4826292577781714,0.1815920391481995,0.12736941184903683,0.2309396714458984
BBVI--STL,0.4866026377421804,0.1647909367254243,0.14554999177546787,0.19048054009876975
BBVI--STL,0.4908449373906478,0.1580682648865945,0.12792833813474258,0.20238944413795537
BBVI--STL,0.4943484274554066,0.163339279663873,0.12647904688725758,0.25837847194735275
BBVI--STL,0.5049687350401655,0.1477222146367012,0.13477937769513915,0.1989417729004145
BBVI--STL,0.5104340277612209,0.1501200481931448,0.14468851131145463,0.19833984292149287
BBVI--STL,0.514412367658224,0.1620323252087701,0.1535563341958351,0.20617541581422355
BBVI--STL,0.5184831377118826,0.1452371451538141,0.14400837602673275,0.17992999301212645
BBVI--STL,0.5225183076690882,0.1230734664988233,0.12093424619986305,0.18605042723786477
BBVI--STL,0.5264879376627505,0.1441779729137806,0.13706329433243802,0.16681250279585524
BBVI--STL,0.5304931476712227,0.2063394364506336,0.1583506272744188,0.3500564309696983
BBVI--STL,0.5344648176105693,0.174871909602345,0.1443310733660155,0.24972567029739134
BBVI--STL,0.5384175876388326,0.1528970374471043,0.13762525960846686,0.26864212736161336
BBVI--STL,0.5423446176573634,0.1400678924360789,0.11278890258620602,0.16504351513739263
BBVI--STL,0.5463437666767277,0.1633725663620282,0.12111219781186262,0.22593273271720304
BBVI--STL,0.5502940266742371,0.1875310421649345,0.1771940628281328,0.205976199244975
BBVI--STL,0.5543184857815504,0.1672200463393665,0.14908414261512914,0.19620925953534252
BBVI--STL,0.5582748959423043,0.1755448373287009,0.15112756160959,0.18736052520250723
BBVI--STL,0.5622635649051517,0.1855614467412323,0.160146941465814,0.2142925557607839
BBVI--STL,0.5676068749744445,0.1906292451873952,0.17837746479059716,0.20279085778580846
BBVI--STL,0.571610314946156,0.1485285702506473,0.1367104853642729,0.22378466502493377
BBVI--STL,0.5757303548743948,0.1730541675132428,0.13198933383010852,0.20638299191979853
BBVI--STL,0.5797201048117131,0.14954080002218,0.13230799272685087,0.1650069985905787
BBVI--STL,0.5836293848697096,0.1637676137910659,0.12900833487280178,0.1828354141580945
BBVI--STL,0.5877079748315737,0.1537157204040795,0.13537853381925796,0.1574128623949064
BBVI--STL,0.5916945548378862,0.1423172129715055,0.12192595364821268,0.16604866389365042
BBVI--STL,0.5957274448592216,0.1809484484098362,0.13245774026405568,0.20856355773185553
BBVI--STL,0.5998262749053538,0.1454944890178069,0.13497094361481737,0.2189200475011375
BBVI--STL,0.6038235349114984,0.1877088443055754,0.16548739556081382,0.20401828827931465
BBVI--STL,0.6079386239871383,0.1671973057450486,0.15629430204741082,0.248190314721819
BBVI--STL,0.6120815940084867,0.1752960516336372,0.15810340604771506,0.2381818058550379
BBVI--STL,0.6159901839564554,0.1799207528857351,0.14881751227258347,0.21631279562969322
BBVI--STL,0.6199364339699969,0.1912423873252891,0.15306932168365958,0.30635883608780434
BBVI--STL,0.6238195640034974,0.1804190223950428,0.1283491550184976,0.35043830836033574
BBVI--STL,0.627714864036534,0.1852470695902184,0.17797473016893545,0.19322984300723076
BBVI--STL,0.6316489640739746,0.1746072229096,0.14633536777228068,0.18692955740936548
BBVI--STL,0.6355415140860714,0.1916007164968221,0.16470631782998452,0.3196118754380876
BBVI--STL,0.6394744139979593,0.1622929387487772,0.13544169509204376,0.21755908892112638
BBVI--STL,0.643456784018781,0.1715653704354167,0.15742256277183056,0.2580473132180458
BBVI--STL,0.6474555840250105,0.1536118757090605,0.11333139553852328,0.21396639898889583
BBVI--STL,0.6513975540292449,0.1787965666812851,0.1513613073945322,0.21741265785632605
BBVI--STL,0.6553404440637678,0.1747209664924582,0.15015251864690518,0.24563092302361725
BBVI--STL,0.6593101440812461,0.1509677227562633,0.13675410600926907,0.18343685594165315
BBVI--STL,0.6633002142189071,0.1543013743508083,0.13111190510718126,0.19991957704860108
BBVI--STL,0.6673410342191346,0.1478989551606844,0.13390007716645863,0.1930510485516663
BBVI--STL,0.671372544253245,0.1575363420396485,0.14829706552651764,0.21102641084544868
BBVI--STL,0.6753448143135756,0.1730649775494015,0.1373824243365163,0.25962761184268857
BBVI--STL,0.6795514343539253,0.1962354069841296,0.14158494774649732,0.48050488302362737
BBVI--STL,0.6836498432676308,0.229891991710474,0.1453545527962717,0.29807035854404373
BBVI--STL,0.687780843290966,0.1662192311006691,0.13998256713447285,0.2488787111242004
BBVI--STL,0.6920644833007827,0.1866095984241695,0.1295588936574631,0.2339556313879882
BBVI--STL,0.6962558532250114,0.1928953836001454,0.15087662923174885,0.21042652666677944
BBVI--STL,0.7033381832297891,0.1779033707291262,0.14020367279362628,0.32442547704491176
BBVI--STL,0.707392362121027,0.1820469093735539,0.14015897761083523,0.2286374069572275
BBVI--STL,0.7114801921416074,0.1915069445701362,0.14997908568404336,0.24670911210127427
BBVI--STL,0.7155349712120369,0.189834963452995,0.1453418810554069,0.23785704136899422
BBVI--STL,0.7196186112705618,0.144927343646529,0.14032179034203693,0.1610978287633429
BBVI--STL,0.7236909412895329,0.1505691113514728,0.12693183165733612,0.17939749549971107
BBVI--STL,0.7276797613012604,0.1265988347145139,0.11860395716051639,0.1860022016618842
BBVI--STL,0.7316120813484304,0.1388865096847809,0.11833397961149211,0.2481569898320089
BBVI--STL,0.7362021913286299,0.1690746001759606,0.1329004310505013,0.225169393251565
BBVI--STL,0.7403497312916443,0.1766393372299148,0.14320615225382766,0.18799682202478887
BBVI--STL,0.744551150884945,0.1676166587269705,0.1385483862551609,0.20989123264022566
BBVI--STL,0.7525351508520544,0.188561854146414,0.17258620209388478,0.20109079787913228
BBVI--STL,0.7589836909319274,0.2361854376589178,0.15612444153421734,0.24682125787896603
BBVI--STL,0.7655252701952122,0.1376284366565414,0.13029235667717667,0.17435931492445597
BBVI--STL,0.7698226901120506,0.1745086660959458,0.13171245693436043,0.18408974764494695
BBVI--STL,0.7739655991317704,0.1694372712036624,0.1444189171258017,0.20925570250460335
BBVI--STL,0.7853216390940361,0.1627594709156312,0.13678572586566984,0.22571780056984206
BBVI--STL,0.7893306190962903,0.168690809042701,0.12980539736596763,0.27465190357661695
BBVI--STL,0.7933561190147884,0.1670845483848353,0.15143267653629658,0.18921491342673843
BBVI--STL,0.7973782190820202,0.1871555842007097,0.15488212647769042,0.21938919992824424
BBVI--STL,0.8015365380560979,0.1466680599939565,0.12068778506965996,0.2234593531294763
BBVI--STL,0.805659108038526,0.1425007723655227,0.12514170430735017,0.20705599928914464
BBVI--STL,0.8097517180722207,0.1643173148342356,0.13959239376132465,0.2169311312195048
BBVI--STL,0.814009708003141,0.1637519514251977,0.1362237056692549,0.2161052034522129
BBVI--STL,0.8180771579500288,0.2052521575223096,0.1583944864333801,0.25795829307360235
BBVI--STL,0.822343097999692,0.1538390283031105,0.13479429872425894,0.2270913276875376
BBVI--STL,0.82657671807101,0.1633280680146924,0.1390817657222015,0.21597077274320778
BBVI--STL,0.8308196070720442,0.1639812872360266,0.12531837740105228,0.24496566173877737
BBVI--STL,0.8348054570960812,0.1645249424837231,0.139523016894816,0.17246045052575026
BBVI--STL,0.8390819061314687,0.1849908291432314,0.15484392216117437,0.23018386081677134
BBVI--STL,0.843198016169481,0.2028124048063802,0.15982802305672406,0.2618515686464491
BBVI--STL,0.8476325962110423,0.1755238654149309,0.1352828899319206,0.2334920974368515
BBVI--STL,0.8517141762422398,0.1460445830701928,0.12531105738314915,0.25471796989085077
BBVI--STL,0.8557601762004197,0.1743784626708588,0.14132003656522443,0.1968621641416234
BBVI--STL,0.8599335361504927,0.141201325435162,0.13264486903312608,0.22305891785333637
BBVI--STL,0.8640602161176503,0.1535233043274217,0.12797095930650926,0.23535816953356914
BBVI--STL,0.868237346119713,0.182872690742073,0.17568419244127534,0.1950237488290014
BBVI--STL,0.8724354061996564,0.1432952620768617,0.14005603875170317,0.18674838769962884
BBVI--STL,0.8766829152591527,0.1498297442980742,0.13416090162283464,0.16240817201381785
BBVI--STL,0.8807217352441512,0.1334880746976239,0.1220738364417002,0.3089613353535014
BBVI--STL,0.8849202942801639,0.1697554988717371,0.16603375426579414,0.23184085651936923
BBVI--STL,0.8890603843028657,0.1777620725091253,0.1633226884441398,0.2948724431255556
BBVI--STL,0.8932025243411772,0.1547343508143654,0.15214846730957274,0.22261855554588122
BBVI--STL,0.8974280843394808,0.1372686250376347,0.13115234470860737,0.2294643823163085
BBVI--STL,0.9016048543271608,0.1663689977914089,0.14593907004447423,0.183305148343544
BBVI--STL,0.9058685642667116,0.1630954530737369,0.14954734485882565,0.22270402550396964
BBVI--STL,0.9099649742711337,0.1578968548599988,0.14116594362459972,0.2880955266728335
BBVI--STL,0.9140677942195908,0.1963494539128873,0.16150155167216834,0.302132914628649
BBVI--STL,0.9181651442195288,0.1661833836133581,0.15361404598284017,0.18652926544735632
BBVI--STL,0.9222275931970216,0.1927491199663222,0.12617929326800092,0.25584298790794263
BBVI--STL,0.9262845632620156,0.1534881222926287,0.14283386878498727,0.36050562683109605
BBVI--STL,0.9303469633450732,0.1622950818882031,0.14065787866772436,0.23281125704509686
BBVI--STL,0.9344413633225486,0.1936940409174212,0.14711215510035905,0.22205857225270614
BBVI--STL,0.9385424632928334,0.1681612256953997,0.1486665342626025,0.19531264071193272
BBVI--STL,0.9426081533310936,0.1899208231420885,0.14772318689053915,0.22840554650939277
BBVI--STL,0.9466942733270116,0.1674320356181198,0.14057846624148163,0.8379025137805853
BBVI--STL,0.9507537934696302,0.1605321784405333,0.13238174874576314,0.24624392779883236
BBVI--STL,0.954902283498086,0.1691045853337698,0.14359088146542262,0.17629470301011163
BBVI--STL,0.958997773588635,0.1434136309048455,0.12159576415517959,0.17712470549802498
BBVI--STL,0.9630287436884828,0.1759087230011289,0.15203473648117546,0.19554708299137358
BBVI--STL,0.967036982649006,0.1727138446386789,0.12996769236814312,0.19129353971352425
BBVI--STL,0.9737759425770492,0.1954096451695903,0.15931875733419926,0.20433196384633445
BBVI--STL,0.9803058524848892,0.1674416362633195,0.12644589775250092,0.20580021555009861
BBVI--STL,0.9843092724331656,0.1369996974061109,0.13144792093701763,0.2593852224340424
BBVI--STL,0.9882629323983564,0.1574921773984101,0.12886513158034915,0.1770898675535164
BBVI--STL,0.9922558623948134,0.1446117840792737,0.12288678300378987,0.1678521392030006
BBVI--STL,0.9985608333372512,0.1611403501271411,0.142055178090618,0.24973739192501793
BBVI--STL,1.0023236133274622,0.1721172105860091,0.15067070935027682,0.29408759012214314
BBVI--STL,1.0059938632766716,0.167915148286724,0.11818608849950459,0.1941387899736753
BBVI--STL,1.0095446222112514,0.1478937319177617,0.1202727551694522,0.2642324357934086
BBVI--STL,1.0133099821978249,0.1503062970835458,0.13689871531074116,0.20278706746966857
BBVI--STL,1.0170262121828273,0.1557524159665604,0.12522957170146748,0.21425165220602477
BBVI--STL,1.0210303004132584,0.1630888418686282,0.1416660790680538,0.220566101107795
BBVI--STL,1.024949570535682,0.1842922381779033,0.13594539081214235,0.21471266073225756
BBVI--STL,1.028870930429548,0.2279875235443285,0.14972070264546744,0.313059463532366
BBVI--STL,1.032845240493771,0.2175105006193121,0.1607850812445235,0.23808339800787617
BBVI--STL,1.0367675505112857,0.1718743026160467,0.1540502739809994,0.336619231240391
BBVI--STL,1.040680640435312,0.1717775884455505,0.14445440160762354,0.18596257806437388
BBVI--STL,1.044642180437222,0.1544047816164067,0.13328256955520598,0.42093415105154575
BBVI--STL,1.0485820204485208,0.1666065959980329,0.15307305571447494,0.1709812192009394
BBVI--STL,1.052530450397171,0.196910040085271,0.15797137213060067,0.2316896158010507
BBVI--STL,1.0564851703238674,0.188202173011291,0.14070903713588329,0.20309478046285104
BBVI--STL,1.0604197104112243,0.176910053378819,0.1606659815190511,0.25036073358301103
BBVI--STL,1.0644081603968516,0.1702393544961751,0.13093713001478585,0.22627458115422877
BBVI--STL,1.0684969404246658,0.1686023946251396,0.1431665895285732,0.22859543736349502
BBVI--STL,1.0724903904483654,0.1493067117462914,0.12352705443198597,0.20249924130051794
BBVI--STL,1.076585579488892,0.1652611726831026,0.12494149325129908,0.2637336907324425
BBVI--STL,1.0807324295165015,0.1563526122736505,0.13482902966230198,0.21805470965690288
BBVI--STL,1.084765388572123,0.1927218554041303,0.15723054660370792,0.25922723308013357
BBVI--STL,1.0888825287111104,0.1441715150769908,0.11910529013889569,0.15458668933600841
BBVI--STL,1.0975566049455665,0.1497755352946796,0.13050782411978326,0.20718210509068624
BBVI--STL,1.1013490049517711,0.1678807519751615,0.1332688210065839,0.194040371584785
BBVI--STL,1.1050035449443385,0.161113088252037,0.1476657570050662,0.2216485763822902
BBVI--STL,1.108752574888058,0.1719543940163816,0.14594864972786178,0.2036051785500319
BBVI--STL,1.1123880048980936,0.1390691944229161,0.12275627226068192,0.15687198366286448
BBVI--STL,1.1159215949010104,0.1596447928254036,0.1343075025408666,0.23622824717235458
BBVI--STL,1.1195123248617165,0.191522831053561,0.15421313350564952,0.1995106540240982
BBVI--STL,1.1231516047846526,0.1850463128238857,0.16081113787733725,0.2038604833409465
BBVI--STL,1.1286161127500236,0.1487865054973127,0.13378200363875972,0.226491967143653
BBVI--STL,1.132330892782193,0.1667764492642334,0.14413439003844242,0.20237115566402508
BBVI--STL,1.1360204227385111,0.1891159728427283,0.14770621536623588,0.22337565083924452
BBVI--STL,1.139737412740942,0.1501247593239441,0.12980521208002066,0.21476216486960306
BBVI--STL,1.143357312772423,0.1489172882387492,0.13064021007579918,0.15435597117306654
BBVI--STL,1.1473943337914534,0.1304647555643185,0.1151664126580101,0.15416628064874652
BBVI--STL,1.1515873937751169,0.1465341838857909,0.1389504094149373,0.3101525260333176
BBVI--STL,1.156125123728998,0.177670722809097,0.16738047232583708,0.18812391118591162
BBVI--STL,1.160313923668582,0.1539582257437359,0.14598078277290646,0.24344011294158463
BBVI--STL,1.1648544527124614,0.1663457185846937,0.13835788470358917,0.1759540372501533
BBVI--STL,1.1690333627047949,0.1992032222046305,0.1539256066225533,0.20891304323214394
BBVI--STL,1.1731425226898864,0.150399349118075,0.13698958345705417,0.19734091327790676
BBVI--STL,1.1772882526856847,0.1819934381453833,0.1326550626154187,0.19023572216266868
BBVI--STL,1.1816850226023234,0.1832925553058402,0.1643428356181175,0.2044670541173445
BBVI--STL,1.186114752665162,0.1492733128234391,0.12806019299668486,0.18866848663589048
BBVI--STL,1.1903830926748924,0.175947284838088,0.14484563317820395,0.21244839751236666
BBVI--STL,1.194684741727542,0.1468822379890753,0.12210808562189183,0.2139211756682982
BBVI--STL,1.1986444316571578,0.1572431295867034,0.1356468556805509,0.1795119611579167
BBVI--STL,1.2025082316831686,0.152941660704343,0.11379178022444587,0.290243587837881
BBVI--STL,1.206637901661452,0.1956314833509225,0.12243114049463198,0.209988907500238
BBVI--STL,1.2102520317421297,0.1531343799866533,0.12118848029008397,0.16793513529337353
BBVI--STL,1.2140733717242256,0.1387750596939554,0.13259935045921623,0.2780047046198376
BBVI--STL,1.2178216117317788,0.1926516115179879,0.16937884636241732,0.229580131705012
BBVI--STL,1.221433971717488,0.1671845679825168,0.13178024919383796,0.1758966898772257
BBVI--STL,1.2288140017190017,0.1783942279853079,0.162261195051974,0.24641295596604773
BBVI--STL,1.2334523716126569,0.1442187390683216,0.1343803927283886,0.19155327438640768
BBVI--STL,1.2403020116034895,0.171234476017986,0.14513190041433569,0.4244280214746994
BBVI--STL,1.24394935159944,0.1582312160317514,0.1467991530858114,0.16801506092684795
BBVI--STL,1.247594281565398,0.1981289527658845,0.1668577946824683,0.2507632537032975
BBVI--STL,1.2510926715913229,0.158152066469313,0.14236050542912437,0.1808242502011523
BBVI--STL,1.254711671557743,0.3124881834776261,0.17585167494575835,0.3360820856758721
BBVI--STL,1.258454711525701,0.1526275975515147,0.14869479686973927,0.18903874966700868
BBVI--STL,1.2621219514985569,0.1842584502123543,0.1393281637463502,0.23455663618168782
BBVI--STL,1.2657691515050828,0.1823056464221082,0.14276921856722705,0.2749632084651352
BBVI--STL,1.2694009514525533,0.1768464221086674,0.14246861633399413,0.24293239149949952
BBVI--STL,1.2731864214874804,0.1289200132957404,0.11000981092421964,0.16395694381554615
BBVI--STL,1.2769773015752437,0.1651354857408478,0.1429194200637141,0.22018385710028382
BBVI--STL,1.2808794315787964,0.1446043495364506,0.13356902951083496,0.16248604717121104
BBVI--STL,1.2839962616562843,0.179266577209944,0.14850975133312827,0.29057587127827555
BBVI--STL,1.2877377617405728,0.1823157482715203,0.13286386480782256,0.322240448873211
BBVI--STL,1.29130025167251,0.1511544597048129,0.13852049677270767,0.1854008373804646
BBVI--STL,1.2948383316397667,0.1624205405083358,0.13886494065163216,0.17639364070356003
BBVI--STL,1.2989744715741836,0.1635004966087763,0.14599688842699834,0.24586720350142174
BBVI--STL,1.3030783516005613,0.16152999289055,0.11941906469452872,0.25224682322077
BBVI--STL,1.3131231116130948,0.1461519874766566,0.13843776772285699,0.33650697125763995
BBVI--STL,1.3198765715351328,0.1875446431702414,0.15242676290260698,0.22656261086377752
BBVI--STL,1.325719551590737,0.1565459934905959,0.1416310454837969,0.23252841542133354
BBVI--STL,1.332370171614457,0.1914400389715496,0.16478532099206972,0.21640310910678406
BBVI--STL,1.3412746717222035,0.1403910700092581,0.13605402145324771,0.39926756185646184
BBVI--STL,1.3450761417043395,0.2159111182223227,0.16556626444545372,0.26746327761994165
BBVI--STL,1.3487487616948783,0.1727549092281606,0.13993534676008038,0.2350243035005348
BBVI--STL,1.3527354416437447,0.1673544275781182,0.1363771646294651,0.18390481299865086
BBVI--STL,1.3588833716930822,0.1533065908359674,0.14185419868018698,0.22669980317514837
BBVI--STL,1.3652396216639318,0.1795934349395196,0.1473809181163801,0.30070921487837265
BBVI--STL,1.3688556015840732,0.2172996785862153,0.17039301917894248,0.2935424688810883
BBVI--STL,1.372529971646145,0.1756650181179679,0.13871460668111119,0.30591940222844305
BBVI--STL,1.3761690716492012,0.15253198096255,0.14338948962240747,0.24668084065898196
BBVI--STL,1.3798073516227305,0.1913318475907885,0.14897148317531614,0.25848276413823323
BBVI--STL,1.3834022216615267,0.1423583242741415,0.12310271132796796,0.17633182791287816
BBVI--STL,1.3871574216755107,0.1515891736166565,0.14302057626916273,0.1752577854824693
BBVI--STL,1.390763271716423,0.1995161474684863,0.17978501042696843,0.25566776446137846
BBVI--STL,1.3944664116716012,0.1541630343768361,0.12874119341894924,0.3406762048550604
BBVI--STL,1.4010763806873,0.2024238148182604,0.13986817217600558,0.24427525723702387
BBVI--STL,1.4190017997170798,0.1608552349600103,0.14072042922948924,0.16256249434840128
BBVI--STL,1.4228191097499805,0.146447217243832,0.11748509758317592,0.2083560220824495
BBVI--STL,1.4315490397857502,0.1356107299412059,0.12980669518385068,0.18334677567419244
BBVI--STL,1.442707409383729,0.1607622476137038,0.13513002981951555,0.17810159391032127
BBVI--STL,1.446765249420423,0.1660304981561182,0.13876315226576136,0.20542335968802938
BBVI--STL,1.450894539419096,0.1568715582934743,0.12775077059555423,0.17393980779459636
BBVI--STL,1.4550118294428105,0.1211804554766473,0.11706970801963046,0.18359767999475018
BBVI--STL,1.4591479394584894,0.1745040320758306,0.16478069650177643,0.22087253141045263
BBVI--STL,1.463313469372224,0.1689582568057233,0.14547179577377276,0.26775786251574796
BBVI--STL,1.467361229355447,0.153745494185884,0.12309618727532548,0.19699853397690958
BBVI--STL,1.4714254884165712,0.1793330594411912,0.14225113600774647,0.1840181500717477
BBVI--STL,1.4754812885075808,0.1675037806585635,0.12019020095514177,0.24124429453153196
BBVI--STL,1.4797141985036433,0.1852017670933179,0.14745172839553783,0.18613575023572365
BBVI--STL,1.4838771784561686,0.1667291052400088,0.13001794933201719,0.18227189969221622
BBVI--STL,1.4883868083707057,0.175825198868651,0.13673087005785758,0.20833699377710382
BBVI--STL,1.4925133984652348,0.1633159679372084,0.15585333775780433,0.27939719057558815
BBVI--STL,1.4967731884098612,0.157885722574079,0.13659998033020596,0.18847547433984171
BBVI--STL,1.5010141484090127,0.1697655802609858,0.1501679934136319,0.17133143209082674
BBVI--STL,1.5052044783951717,0.1505899935693264,0.1303878428317375,0.22286899138666738
BBVI--STL,1.509396267356351,0.16700379434414,0.1477975228859662,0.2798153928625027
BBVI--STL,1.513465627329424,0.1533623709236877,0.13927128785574894,0.18178327365817773
BBVI--STL,1.5182282863534056,0.1361617048826957,0.12129756728423614,0.28915728806790636
BBVI--STL,1.5222680362639949,0.1596169905373017,0.15780534677841726,0.16445057550970996
BBVI--STL,1.5263247363036498,0.1810418162203859,0.1644426069167849,0.20744413840720877
BBVI--STL,1.530383276345674,0.1848253101299519,0.13745468561867824,0.34664788889976417
BBVI--STL,1.534400766249746,0.1595311428990271,0.12593419111593102,0.19111084825917712
BBVI--STL,1.538435026188381,0.1839940870686689,0.12215355600574467,0.31046346055317714
BBVI--STL,1.5426153762382455,0.1935594740769204,0.1731819952422654,0.21802400731215243
BBVI--STL,1.5474061262211762,0.1901296355183603,0.13171402868627805,0.2441386949493249
BBVI--STL,1.5516809562104754,0.2084123323401456,0.14699877453527394,0.25379210778252453
BBVI--STL,1.5558407852076923,0.1552056619459563,0.13318731666376207,0.1833617442332297
BBVI--STL,1.5600526552298106,0.1848235737482326,0.12939318499330738,0.2598302442806016
BBVI--STL,1.564839625323657,0.1440446209204253,0.13446542783750315,0.16838005207284534
BBVI--STL,1.5689172553829849,0.1792746871480233,0.166111875307223,0.2417914947218804
BBVI--STL,1.5767592253978364,0.1656775408337125,0.1584893540965367,0.2160740776248275
BBVI--STL,1.5807673943927512,0.1671855464659017,0.15550871309209804,0.22358034174403366
BBVI--STL,1.5847722543403506,0.1441463077480449,0.12684463495367593,0.18336713958756545
BBVI--STL,1.588921903341543,0.1560121364775994,0.1226823864268368,0.27156322835132013
BBVI--STL,1.5929700633278117,0.1970862820877528,0.13954157698152014,0.27733651068001275
BBVI--STL,1.5970711332629437,0.1835025587405567,0.1252300955859283,0.20151063889370557
BBVI--STL,1.6010976533289067,0.1534880282422364,0.10838824539672481,0.17427471646194867
BBVI--STL,1.6051291633048097,0.2996893091346067,0.1657946392703166,0.3165643164866111
BBVI--STL,1.6095803832286038,0.1687755245528421,0.1464979545613317,0.18123282133190344
BBVI--STL,1.6138643032172697,0.1690348993351449,0.13998433167116386,0.26009157304795844
BBVI--STL,1.6179259032360278,0.1832953635125278,0.15369572703067716,0.2572754965690649
BBVI--STL,1.6221567132743075,0.1760351173901142,0.1630077551016768,0.28857734717680045
BBVI--STL,1.626211092225276,0.1359161720164365,0.12390181880787732,0.1785863035512875
BBVI--STL,1.6302923321491107,0.1838994776260278,0.13178294324518447,0.20385747888595346
BBVI--STL,1.634309742192272,0.1598717262887277,0.124475988255773,0.17266923029104073
BBVI--STL,1.6382892921101302,0.145647480452979,0.12316619259149772,0.2456460341430812
BBVI--STL,1.6422602620441469,0.1443019701542738,0.14224292569862199,0.22669320118207847
BBVI--STL,1.646227962046396,0.1822811778076243,0.12221107712709336,0.21902042848732323
BBVI--STL,1.6502984420512803,0.1940225857274526,0.18434022274324202,0.2571926377950262
BBVI--STL,1.654462052101735,0.1485577845196104,0.1342842779351087,0.1756970568362561
BBVI--STL,1.6584391220239922,0.1417384977691682,0.12012698154155993,0.482279044233647
BBVI--STL,1.6623753620660864,0.1518920177736475,0.1407663030607352,0.20754985544252513
BBVI--STL,1.6663034520461224,0.1587901459660372,0.14232925396092352,0.2038599964397207
BBVI--STL,1.6702081821276806,0.2066365388710949,0.15682678519966653,0.22721273085461455
BBVI--STL,1.6742250621318815,0.1473931278551106,0.1378894309787483,0.18388832538280148
BBVI--STL,1.6782947422470895,0.1601387209537961,0.14179097816537758,0.18018980398138065
BBVI--STL,1.682217572175432,0.139864349551587,0.12677809039289506,0.23008208095940572
BBVI--STL,1.6861282421741637,0.1838667039015149,0.15944290117470244,0.21818850240930202
BBVI--STL,1.6900217621587217,0.1777087888314525,0.14268957527288248,0.21409771625540658
BBVI--STL,1.6940016119624488,0.150993682470073,0.12793787681829655,0.1516862137244402
BBVI--STL,1.6980210220790468,0.1708643354343166,0.15771694611690348,0.21852670336131433
BBVI--STL,1.701927762129344,0.1507340906807712,0.141556248854448,0.16240882617152574
BBVI--STL,1.7058684421353971,0.1696447357669939,0.12265448255602106,0.3244291961614977
BBVI--STL,1.7098016020609066,0.1778251962200272,0.1398085594272856,0.20026840307600646
BBVI--STL,1.7137333721038883,0.1446577852340311,0.14128952975786147,0.19336310485949748
BBVI--STL,1.717623362201266,0.1746597957342004,0.12671167225642818,0.20807578722568396
BBVI--STL,1.721531852206681,0.1784537701808233,0.14083514685106022,0.20700340839735806
BBVI--STL,1.7254585421760569,0.1648482053569182,0.1398649117708032,0.175188452604209
BBVI--STL,1.7293517022044398,0.1703368589044771,0.14506359186289325,0.1955889420357096
BBVI--STL,1.7335755222593434,0.1594429345636143,0.14510553610786586,0.20884889490473313
BBVI--STL,1.7375444723293183,0.1490124041514491,0.14142299607196945,0.1579834188175311
BBVI--STL,1.7414551113615744,0.136086489038945,0.12338374227506392,0.1839823441064311
BBVI--STL,1.7453970413771458,0.1254459170315982,0.11590190095757856,0.15250088235873416
BBVI--STL,1.7493374904152006,0.1933383436169578,0.14732329867634347,0.246873752103906
BBVI--STL,1.7532506404677406,0.1534400372806317,0.12695274133166945,0.252006812010083
BBVI--STL,1.7572082194965333,0.1578226622518173,0.12917065434738498,0.16692995632535879
BBVI--STL,1.7611318994313478,0.1977257179087246,0.14296349424525936,0.21778636509444024
BBVI--STL,1.765086498344317,0.1978052852329312,0.11360402583508172,0.2741426030601531
BBVI--STL,1.76913322834298,0.2112416071283576,0.1442013209045711,0.22707843055091814
BBVI--STL,1.7731117184157483,0.1606625879017116,0.14414856923024785,0.20104725499119236
BBVI--STL,1.777025378367398,0.1803965719609834,0.13218009515485674,0.24230803760816566
BBVI--STL,1.7809503183234483,0.1695101919843296,0.14528764031937835,0.218297669260869
BBVI--STL,1.7848560183192603,0.1540652263114452,0.13125075705748937,0.18291602563974152
BBVI--STL,1.788748438237235,0.1452361140541143,0.12809710204225264,0.1830718031493319
BBVI--STL,1.792758698225953,0.1880758986436461,0.15785625160602587,0.22779906966584626
BBVI--STL,1.7966253482736647,0.1434959942979787,0.12653987581340398,0.15450318907804209
BBVI--STL,1.800527378276456,0.1720170939692025,0.14709717270704056,0.20815597149237416
BBVI--STL,1.8044134682277215,0.1653137516837546,0.1252890919084137,0.2074818330938711
BBVI--STL,1.8211346381576727,0.1528002209682597,0.13835834469815034,0.16829450364195675
BBVI--STL,1.8290338881779464,0.1678512794615301,0.15203720641558502,0.18648608655499854
BBVI--STL,1.845327956718393,0.1488165504611487,0.1320917616872492,0.15940760669855644
BBVI--STL,1.848905886639841,0.1457871142917071,0.14178674535205285,0.1735609588550687
BBVI--STL,1.8524983566603623,0.1418060601879602,0.1199736948433496,0.27038838566376167
BBVI--STL,1.8560480267042292,0.1569696745220312,0.132339124884993,0.2167027249280664
BBVI--STL,1.8597374166711236,0.1670306882155472,0.15146871166329556,0.5132846442342214
BBVI--STL,1.8634801065782085,0.158718473586191,0.1456226910454859,0.27087395787347646
BBVI--STL,1.867334806593135,0.1675441890238858,0.14869619595864372,0.2536288433071746
BBVI--STL,1.870289566577412,0.1550975567484869,0.13561813134770373,0.2319054006911841
BBVI--STL,1.8743647966184651,0.1565889049113451,0.12324399929730413,0.2263255009667972
BBVI--STL,1.878273156704381,0.1360621126873695,0.11765528542040891,0.16896530827162048
BBVI--STL,1.8829735367326064,0.1869088679611081,0.14898529674003952,0.2192059234772387
BBVI--STL,1.8865071656764485,0.1533853959289075,0.14128101882848226,0.17261867752574173
BBVI--STL,1.8900003957096487,0.1701607350596816,0.1562088160816074,0.19735047128130528
BBVI--STL,1.8935207556933165,0.1714842529376596,0.13951829103602614,0.29879001036539415
BBVI--STL,1.8970845356816424,0.1745334109838694,0.1367659534918772,0.2728304743786395
BBVI--STL,1.9005714256782085,0.1947632611798155,0.1627737097133831,0.21075427493591972
BBVI--STL,1.9041571557172572,0.1990143708057843,0.16118204259827845,0.21840994355145824
BBVI--STL,1.9121545057278129,0.1659425423356708,0.13817895239806144,0.20637677696759907
BBVI--STL,1.91574029577896,0.1594478517175446,0.11202576499271114,0.2201420119232011
BBVI--STL,1.9194677757914176,0.1554258925832954,0.1152470020874972,0.15743068742564503
BBVI--STL,1.9232757357531227,0.186643629192801,0.13241585729465155,0.22466462435836826
BBVI--STL,1.927212164737284,0.2103365017000982,0.1654514393729698,0.4064730312135396
BBVI--STL,1.9308059246977791,0.168242406492908,0.1534745286352716,0.19153615224009282
BBVI--STL,1.9343761247582731,0.1557721867721113,0.13350704759570528,0.17661114047025134
BBVI--STL,1.937948184844572,0.1597226887131597,0.14329064165991096,0.1743983879988178
BBVI--STL,1.941698064794764,0.1451208598756324,0.13125003417075612,0.19424520766211223
BBVI--STL,1.945291614800226,0.1680369949284141,0.1583312936281629,0.20035909857073472
BBVI--STL,1.9487597548868507,0.1549222437785289,0.13904686598396263,0.17995697335439328
BBVI--STL,1.952317994844634,0.1431033965723713,0.1198257261834669,0.1890183436054542
BBVI--STL,1.958615073817782,0.1693144115015457,0.12613670821949935,0.2782880303543521
BBVI--STL,1.9658855637535453,0.1445535490635165,0.13801059424422704,0.1765864655365078
BBVI--STL,1.969468523806427,0.1757811452599611,0.1371796284078101,0.25661327617252705
BBVI--STL,1.9724239838542417,0.2304004437356468,0.17064507903328086,0.24172027307593846
BBVI--STL,1.975422802963294,0.1889436193694962,0.14160988484959486,0.24652870662587528
BBVI--STL,1.9790196529356765,0.1565581416792554,0.13456679313740091,0.2564897082115351
BBVI--STL,1.982547292020172,0.1674988768582181,0.12718282200997344,0.2311852961130057
BBVI--STL,1.986207631940488,0.1508461723429945,0.12198655647480333,0.1832701604780993
BBVI--STL,1.9899395619286224,0.1887931647017637,0.14584433769503846,0.20697988039514423
BBVI--STL,1.993654091958888,0.2061897156538634,0.1439679137097869,0.3020468384696812
BBVI--STL,1.9975657719769515,0.1804078588523623,0.11219469575584068,0.20223354490680093
BBVI--STL,2.004985211999156,0.1620311725605034,0.12756505149992559,0.18226578268227908
BBVI--STL,2.0085498619591817,0.1767779114643133,0.1496874086483643,0.18963833203386568
BBVI--STL,2.012229541898705,0.149560431934816,0.13230386542555547,0.2154648995131452
BBVI--STL,2.0157779819564894,0.1582492199371472,0.14624943934778395,0.16672184045529542
BBVI--STL,2.0193628119886853,0.1608301215830749,0.13618510510134452,0.22005447779791037
BBVI--STL,2.023005481925793,0.141847482792869,0.12995744179821145,0.18687302028527028
BBVI--STL,2.02666261192644,0.1294668922262332,0.11708783223298268,0.3087508294501049
BBVI--STL,2.030158881796524,0.1457110701525152,0.14068175199127492,0.16247472998228998
BBVI--STL,2.033681961824186,0.1567764277500316,0.14241934791506308,0.22658567864391727
BBVI--STL,2.0372402119101025,0.1417805451819589,0.12630197181564992,0.22239214844511251
BBVI--STL,2.0463035707944077,0.1514752552253639,0.10502328857763524,0.1854442739013052
BBVI--STL,2.049776690837461,0.1425391350399678,0.13875908356521902,0.18337939827965213
BBVI--STL,2.057395470736082,0.1863365386584803,0.16707546361828346,0.30151951144086975
BBVI--STL,2.0609273707377724,0.1738800694069482,0.14781954195210573,0.1938527303084754
BBVI--STL,2.0647832407266837,0.173846590614815,0.1525679759520528,0.18004987271704065
BBVI--STL,2.0685273107374087,0.1933189551524066,0.14754328965411218,0.21117723001089528
BBVI--STL,2.072247180796694,0.1606760370126352,0.12963009948415158,0.19008704789019926
BBVI--STL,2.0758510007872246,0.2198018887392407,0.15545749147233892,0.22779315525397684
BBVI--STL,2.079466000839602,0.1357672612563618,0.1270240029526888,0.1685386212007415
BBVI--STL,2.082943620858714,0.1646504914256183,0.147381355906964,0.21745523439208225
BBVI--STL,2.086447010864504,0.1862156714256144,0.14254921238763807,0.1988110354202035
BBVI--STL,2.0899497309001163,0.1761674576784173,0.15367245407411187,0.22175130141645236
BBVI--STL,2.0934622909408063,0.1675078822879925,0.14106656836064246,0.23043823678707154
BBVI--STL,2.0969987108837813,0.1781420448170365,0.15630338729887394,0.3292806462826888
BBVI--STL,2.100578670972027,0.1698051422299329,0.14483738403158947,0.27581305586674315
BBVI--STL,2.104088170977775,0.1558771304843418,0.1315641545784586,0.20880157184614911
BBVI--STL,2.10767759999726,0.1412338063128118,0.12223360948068772,0.17616967719932858
BBVI--STL,2.1112720600212924,0.1599086528102162,0.13755935989528323,0.23708197291640828
BBVI--STL,2.1148185590282083,0.1456071463587136,0.11435943652801368,0.16003158648925644
BBVI--STL,2.1184503190452237,0.1838348528325752,0.15361559726047458,0.1955888189548659
BBVI--STL,2.121992508065887,0.1528973008514356,0.1356479133235382,0.2006446230961529
BBVI--STL,2.125498248147778,0.1509861898785516,0.13128340666613664,0.20724442436516594
BBVI--STL,2.129021038126666,0.166984926144778,0.12808902306794603,0.310221037100365
BBVI--STL,2.1326012480421923,0.1902196786691803,0.1757314958025318,0.2722545614438161
BBVI--STL,2.13621350802714,0.2073797721128301,0.19940428872716037,0.24437755267304906
BBVI--STL,2.140264648012817,0.1749711992769818,0.1467207315072215,0.19938526967102913
BBVI--STL,2.1439742380171083,0.1983414391188489,0.14437388063266782,0.24157165077464807
BBVI--STL,2.1475413279840723,0.1538796534638606,0.13893853640660148,0.15968099064575939
BBVI--STL,2.1505224478896707,0.1609285204266086,0.15041037734707172,0.20210874580975255
BBVI--STL,2.154096828016918,0.1804979300569016,0.15976944429579584,0.21350957741767612
BBVI--STL,2.157563138054684,0.1516167377213833,0.12436168837743364,0.19297036528868997
BBVI--STL,2.161040448118001,0.1671326340603656,0.12880141508969697,0.25265759008299254
BBVI--STL,2.164543678110931,0.172589549770521,0.14016891392595024,0.18994975962764327
BBVI--STL,2.168010088149458,0.148267416254157,0.11728743944083816,0.1701406316214445
BBVI--STL,2.171463928185404,0.2129420034278979,0.127221132465587,0.2574335256552189
BBVI--STL,2.1780548482202,0.1766493970536515,0.1504967513094783,0.2251995317850145
BBVI--STL,2.18154172814684,0.1712472928706887,0.13430568755569533,0.2446653320701472
BBVI--STL,2.185042258352041,0.1900507030969151,0.13506905114255968,0.2689359569997521
BBVI--STL,2.1886421483941376,0.1702774864711926,0.15166047178590814,0.2063263630257097
BBVI--STL,2.192357058462221,0.1482969688471769,0.13892121653042858,0.1719870189971459
BBVI--STL,2.1958998884656467,0.143364000138007,0.1355853881536859,0.2386640992554419
BBVI--STL,2.1994367984007117,0.1711261955812943,0.1466409533934353,0.22864823414092256
BBVI--STL,2.2031567184021696,0.1308779845886363,0.12759250847684311,0.17099472286250825
BBVI--STL,2.2069852484273724,0.1416469457630853,0.12802747886183846,0.16498270556809866
BBVI--STL,2.2108058784506284,0.1607157798282799,0.10278116594412835,0.33736187936116835
BBVI--STL,2.214503598457668,0.1865221025742158,0.15885374212080017,0.24786039804972404
BBVI--STL,2.2175060684094205,0.1795364113034736,0.1593118576399376,0.29324149502922403
BBVI--STL,2.2207099274382927,0.1826198302880186,0.14404439394712085,0.22405018365471674
BBVI--STL,2.2243080474436283,0.1640266210484071,0.1367972852237414,0.23175796325003828
BBVI--STL,2.227837416343391,0.1462344296872544,0.12269067001516873,0.18873630935123914
BBVI--STL,2.231360176345333,0.1917024620030929,0.1754812659308527,0.2384975358913522
BBVI--STL,2.234830816334579,0.1538376025979033,0.149922314249801,0.254723820734938
BBVI--STL,2.2383162362966686,0.1357017122145549,0.12044607450660574,0.15499460068444643
BBVI--STL,2.241790116298944,0.1512075386726223,0.1373114467618137,0.2545016909990352
BBVI--STL,2.245392616314348,0.1478796569113285,0.13602348430949288,0.22882412738848643
BBVI--STL,2.248917836288456,0.1462757564800938,0.1281460728813471,0.19107174664189866
BBVI--STL,2.252527456264943,0.1867408876593117,0.1553167979283216,0.2977076201572515
BBVI--STL,2.256234896252863,0.196329188823384,0.17546138664639838,0.23657095808138132
BBVI--STL,2.2597345362300985,0.2098805068472415,0.18269521766120245,0.2193118380516523
BBVI--STL,2.2632642362150364,0.1879561754857377,0.1702039726544086,0.3766405097976417
BBVI--STL,2.2667768461978994,0.1787858351369493,0.14360957290931534,0.22616651026074802
BBVI--STL,2.2704963760916144,0.1514635723667368,0.12799276754018643,0.21346076953369672
BBVI--STL,2.2742692962056026,0.1690029723519472,0.1364153656005385,0.26744424875817
BBVI--STL,2.277851766149979,0.2382474882184198,0.13497643330988748,0.3580548182358598
BBVI--STL,2.2815037461696197,0.1532402967021227,0.1378182287900841,0.20792343097630803
BBVI--STL,2.285090066201519,0.1646751080604929,0.1495788414688405,0.216026901642914
BBVI--STL,2.2932873562094755,0.1605650875888074,0.15649132588189044,0.2163311558906428
BBVI--STL,2.302753305179067,0.1459705452234345,0.12536159747593836,0.3275547689580634
BBVI--STL,2.3094952952233143,0.1785732714816532,0.13690314360235045,0.2155282440950145
BBVI--STL,2.3161074751405977,0.1423015118673589,0.13821395045999904,0.18691903971235035
BBVI--STL,2.3195634251460437,0.1585900662933284,0.13244439860051493,0.217449454904019
BBVI--STL,2.3230834351852536,0.1936188167980788,0.14199168837522502,0.30087533477937994
BBVI--STL,2.326727835170459,0.1588238816068212,0.139359182286222,0.18407433537570905
BBVI--STL,2.3302413151832297,0.1723424867836627,0.13315544289093847,0.26776411154247626
BBVI--STL,2.3336802052217536,0.1873986871261479,0.15908619155636639,0.23997905180218876
BBVI--STL,2.337150065228343,0.1715373927770116,0.14486923623315415,0.22634358877492383
BBVI--STL,2.3406272352440283,0.1509946726258846,0.14765381841988862,0.2006083770659586
BBVI--STL,2.34414578526048,0.1674112032573163,0.1318210556182407,0.19348689910135872
BBVI--STL,2.347706785250921,0.1602553751958026,0.15396900447573214,0.1886480762229553
BBVI--STL,2.3512164652347565,0.167022503784608,0.1243213662299581,0.1964315075223794
BBVI--STL,2.354859525279608,0.2017380554636219,0.15113836850188697,0.22302392767323048
BBVI--STL,2.358404274273198,0.1958893896547806,0.1467055396030758,0.2825562139985749
BBVI--STL,2.3618536943686195,0.1812584143911237,0.1592990986543924,0.2534656951850934
BBVI--STL,2.365335523383692,0.1610251734864647,0.13218688868798265,0.1836844665293
BBVI--STL,2.3686591633595526,0.1513167563880131,0.12301286330593937,0.18207133236356862
BBVI--STL,2.371612063376233,0.1572443164456558,0.1228121050451392,0.2122333502465011
BBVI--STL,2.3749716535094194,0.1443510584455225,0.12998945025739198,0.17322670490923708
BBVI--STL,2.377855673490558,0.1474441151914618,0.14233870962527814,0.2690468995362351
BBVI--STL,2.381477272545453,0.1846990219424071,0.14826864079099095,0.2513583026854746
BBVI--STL,2.3850061324774288,0.1936584316802907,0.13110222695540297,0.20500870368404658
BBVI--STL,2.3885035713901743,0.1587314024848893,0.13458001927183147,0.2481690444670505
BBVI--STL,2.3920012813759968,0.1592367528083684,0.13325829175171855,0.248225829397694
BBVI--STL,2.395476231351495,0.1843571367652714,0.15293994275190237,0.26026148916996583
BBVI--STL,2.398996461357456,0.2025175880408056,0.13978076562835892,0.2387793265711991
BBVI--STL,2.402524051372893,0.1489477839215851,0.13385860380767833,0.17263128638933267
BBVI--STL,2.408809971413575,0.1756454916871064,0.15091052571848987,0.21840756202799977
BBVI--STL,2.412329041340854,0.1623760668893084,0.14181951608292137,0.276084990980388
BBVI--STL,2.4158348112832755,0.154355855109884,0.1332109606152471,0.28050354682820566
BBVI--STL,2.419649851333816,0.1464791189333851,0.1243354853539585,0.20176657208139367
BBVI--STL,2.4232953514438123,0.1603876191999802,0.14395915926657776,0.23978792468793414
BBVI--STL,2.426934851508122,0.1508089553719855,0.14141636151052805,0.17394178916434835
BBVI--STL,2.4304860715637915,0.1483323093037114,0.12507696906920954,0.1754906864021677
BBVI--STL,2.434067441558,0.1677423800739745,0.1439556697473307,0.2770569962544783
BBVI--STL,2.437569241563324,0.1384997295670587,0.1289162942725141,0.16252290061581787
BBVI--STL,2.441863301501144,0.1493707901081933,0.11228241143516014,0.16002735098825835
BBVI--STL,2.4458931714762,0.158131252086946,0.1358599501413607,0.1788904798554597
BBVI--STL,2.450267971435096,0.1512127084475309,0.129937264790135,0.25668965002773236
BBVI--STL,2.4542398614576086,0.1727393707785438,0.1091785781428086,0.26846589565439843
BBVI--STL,2.4586330714519136,0.1913617798213351,0.12706112046982976,0.23069311520602012
BBVI--STL,2.4625121114659123,0.1480625130157307,0.12263477451721762,0.20810653559138637
BBVI--STL,2.4668837204226293,0.1561452285950508,0.12689007970959376,0.18402858988850704
BBVI--STL,2.470908720395528,0.1427321134613919,0.1350497554025253,0.22606565071671125
BBVI--STL,2.47487215034198,0.1499607996221925,0.1416867317064259,0.1807834611512646
BBVI--STL,2.4784217003034428,0.1563056358270245,0.15293057035864588,0.1788373562161496
BBVI--STL,2.48253023030702,0.1704600917117034,0.12037023100414217,0.24053566850492417
BBVI--STL,2.487225940276403,0.1493519077706651,0.14555652428041405,0.17500756559033445
BBVI--STL,2.4913249503006227,0.1352449619932088,0.11813677013715274,0.1996607870661904
BBVI--STL,2.495243120356463,0.1651084093187051,0.1440025310793203,0.28810944790167525
BBVI--STL,2.4993004102725536,0.1856104265054909,0.16088174478729797,0.19600259856707963
BBVI--STL,2.5032673902460374,0.1682761665883276,0.14276803473570676,0.25821365564565035
BBVI--STL,2.5075134302605875,0.1737625436487491,0.14788253146236907,0.2086431350780117
BBVI--STL,2.5110658702324145,0.1678997458711535,0.14221915079768896,0.21502621546766243
BBVI--STL,2.5147626702091657,0.1814522670147482,0.1519497796581333,0.19220616504303786
BBVI--STL,2.5183036002563317,0.1731493197360833,0.1303448798459953,0.2854472757449031
BBVI--STL,2.521821120230016,0.183483673991617,0.16381941184047263,0.236584150880347
BBVI--STL,2.525446950166952,0.1448470985102403,0.1311834749213858,0.16953794966792654
BBVI--STL,2.5354594502132386,0.2174077792621744,0.17117326397984695,0.28519545450810707
BBVI--STL,2.5422163102193736,0.1820500881913034,0.13339626483485742,0.21196147817383912
BBVI--STL,2.553227969212457,0.1540336033928042,0.12787840541892304,0.24503712346167955
BBVI--STL,2.556776779238134,0.1306639854071249,0.12414334174352744,0.15280076071893509
BBVI--STL,2.566488209180534,0.1465553353458091,0.13581616711905437,0.1855356578422117
BBVI--STL,2.570043449173681,0.1800320467734195,0.13954604769873236,0.24778239719163936
BBVI--STL,2.573630139348097,0.1956636037463113,0.16303229123687396,0.21698975696804151
BBVI--STL,2.577190949290525,0.1965935648047434,0.17250628372193547,0.24104214930433437
BBVI--STL,2.580152849375736,0.1884685162359005,0.13627784099166712,0.4162078884340218
Laplace,0.0082208790117874,3.531503245215092,3.531503245215092,3.531503245215092
