method,algorithm_seconds,median,lower,upper
FR--R,0.0,545.7152083153993,545.7152083153993,545.7152083153993
FR--R,0.0296641690074466,205.55578584249835,205.55578584249835,205.55578584249835
FR--R,0.0612707980908453,165.15482741687404,165.15482741687404,165.15482741687404
FR--R,0.0917476770700886,144.05777826474755,144.05777826474755,144.05777826474755
FR--R,0.123453325999435,130.09519562704816,130.09519562704816,130.09519562704816
FR--R,0.1522680949419737,118.959420232327,118.959420232327,118.959420232327
FR--R,0.1825033248751424,108.92383952969166,108.92383952969166,108.92383952969166
FR--R,0.2136823538457974,99.2348212587421,99.2348212587421,99.2348212587421
FR--R,0.2480494628543965,89.54703018200362,89.54703018200362,89.54703018200362
FR--R,0.2822526418603956,79.72507320570307,79.72507320570307,79.72507320570307
FR--R,0.3163145408616401,69.77002025233247,69.77002025233247,69.77002025233247
FR--R,0.3512033999431878,59.78831035346212,59.78831035346212,59.78831035346212
FR--R,0.3911372080910951,49.97162107919107,49.97162107919107,49.97162107919107
FR--R,0.4347600170876831,40.57574964715749,40.57574964715749,40.57574964715749
FR--R,0.480753866082523,31.89466948047516,31.89466948047516,31.89466948047516
FR--R,0.5142554850899614,24.224856486799325,24.224856486799325,24.224856486799325
FR--R,0.5476437840843573,17.811045719617553,17.811045719617553,17.811045719617553
FR--R,0.5832454531919211,12.774642527506842,12.774642527506842,12.774642527506842
FR--R,0.6182776421192102,9.059619117719537,9.059619117719537,9.059619117719537
FR--R,0.6522805511485785,6.450401555234038,6.450401555234038,6.450401555234038
FR--R,0.6871025201398879,4.663199813562414,4.663199813562414,4.663199813562414
FR--R,0.7212523291236721,3.4397882596552307,3.4397882596552307,3.4397882596552307
FR--R,0.7549084580969065,2.5889484130890423,2.5889484130890423,2.5889484130890423
FR--R,0.7886806270107627,1.983551683400833,1.983551683400833,1.983551683400833
FR--R,0.8243790859705769,1.542537527014062,1.542537527014062,1.542537527014062
FR--R,0.8589216048712842,1.2143364008055355,1.2143364008055355,1.2143364008055355
FR--R,0.8929987939191051,0.9655606968129292,0.9655606968129292,0.9655606968129292
FR--R,0.9268453829572536,0.7740452472876029,0.7740452472876029,0.7740452472876029
FR--R,0.9620537219452672,0.6246832699043097,0.6246832699043097,0.6246832699043097
FR--R,0.9979000809253192,0.5069210612716972,0.5069210612716972,0.5069210612716972
FR--R,1.031199399905745,0.4132200187630275,0.4132200187630275,0.4132200187630275
FR--R,1.061981388949789,0.338088296750243,0.338088296750243,0.338088296750243
FR--R,1.094386788958218,0.2774551120807587,0.2774551120807587,0.2774551120807587
FR--R,1.1259479080326855,0.2282564288397282,0.2282564288397282,0.2282564288397282
FR--R,1.1568198670283891,0.1881544150087108,0.1881544150087108,0.1881544150087108
FR--R,1.1888672959757969,0.1553436256240701,0.1553436256240701,0.1553436256240701
FR--R,1.2199828150914982,0.1284146676325832,0.1284146676325832,0.1284146676325832
FR--R,1.2510672940989025,0.1062567285379572,0.1062567285379572,0.1062567285379572
FR--R,1.2804197241785005,0.0879868535035512,0.0879868535035512,0.0879868535035512
FR--R,1.311875513230916,0.0728979290739175,0.0728979290739175,0.0728979290739175
FR--R,1.343375422176905,0.0604199397640599,0.0604199397640599,0.0604199397640599
FR--R,1.3771009011543356,0.0500907672159058,0.0500907672159058,0.0500907672159058
FR--R,1.4081179202185012,0.0415339344289691,0.0415339344289691,0.0415339344289691
FR--R,1.4386791491415352,0.0344414631443186,0.0344414631443186,0.0344414631443186
FR--R,1.469445268099662,0.0285605373271948,0.0285605373271948,0.0285605373271948
FR--R,1.501591467182152,0.0236830301467705,0.0236830301467705,0.0236830301467705
FR--R,1.5379041460691951,0.0196372077841004,0.0196372077841004,0.0196372077841004
FR--R,1.572922954976093,0.0162811049438573,0.0162811049438573,0.0162811049438573
FR--R,1.60869811399607,0.013497196905817,0.013497196905817,0.013497196905817
FR--R,1.6437787730246782,0.0111880867712272,0.0111880867712272,0.0111880867712272
FR--R,1.679811890993733,0.009272994848601,0.009272994848601,0.009272994848601
FR--R,1.7136630300665274,0.0076848872293879,0.0076848872293879,0.0076848872293879
FR--R,1.749019389040768,0.0063681176796706,0.0063681176796706,0.0063681176796706
FR--R,1.7850430980324743,0.0052764846469415,0.0052764846469415,0.0052764846469415
FR--R,1.8212788860546425,0.0043716260315278,0.0043716260315278,0.0043716260315278
FR--R,1.857764234940987,0.0036216902336008,0.0036216902336008,0.0036216902336008
FR--R,1.8974373340024613,0.0030002341798933,0.0030002341798933,0.0030002341798933
FR--R,1.942993102071341,0.0024853085049443,0.0024853085049443,0.0024853085049443
FR--R,1.974207521067001,0.002058697493311,0.002058697493311,0.002058697493311
FR--R,2.0063126999884844,0.0017052872815099,0.0017052872815099,0.0017052872815099
FR--R,2.0410803689737804,0.0014125405335079,0.0014125405335079,0.0014125405335079
FR--R,2.085674336994998,0.001170059609393,0.001170059609393,0.001170059609393
FR--R,2.120357926003635,0.0009692233397657,0.0009692233397657,0.0009692233397657
FR--R,2.1615626150160097,0.0008028850539147,0.0008028850539147,0.0008028850539147
FR--R,2.1949472340056677,0.0006651215910977,0.0006651215910977,0.0006651215910977
FR--R,2.228754153009504,0.0005510247489155,0.0005510247489155,0.0005510247489155
FR--R,2.262604151910637,0.000456528049284,0.000456528049284,0.000456528049284
FR--R,2.312627309933305,0.0003782628899955,0.0003782628899955,0.0003782628899955
FR--R,2.3441230588941835,0.0003134391388357,0.0003134391388357,0.0003134391388357
FR--R,2.3746956079266965,0.0002597460501903,0.0002597460501903,0.0002597460501903
FR--R,2.4076892669545487,0.0002152700726014,0.0002152700726014,0.0002152700726014
FR--R,2.442434735945426,0.0001784266889188,0.0001784266889188,0.0001784266889188
FR--R,2.474101684987545,0.0001479039096778,0.0001479039096778,0.0001479039096778
FR--R,2.505980383954011,0.0001226154397073,0.0001226154397073,0.0001226154397073
FR--R,2.5366007529664785,0.0001016618715397,0.0001016618715397,0.0001016618715397
FR--R,2.5678386429790407,8.429853696156897e-05,8.429853696156897e-05,8.429853696156897e-05
FR--R,2.59963206195971,6.990887919755551e-05,6.990887919755551e-05,6.990887919755551e-05
FR--R,2.629733230976853,5.7982401415301865e-05,5.7982401415301865e-05,5.7982401415301865e-05
FR--R,2.6613489000010304,4.809640763880907e-05,4.809640763880907e-05,4.809640763880907e-05
FR--R,2.692846978956368,3.990088607963571e-05,3.990088607963571e-05,3.990088607963571e-05
FR--R,2.7208540479769,3.31059941629519e-05,3.31059941629519e-05,3.31059941629519e-05
FR--R,2.753308526996989,2.747169970973573e-05,2.747169970973573e-05,2.747169970973573e-05
FR--R,2.789179795945529,2.279920590808615e-05,2.279920590808615e-05,2.279920590808615e-05
FR--R,2.824713635025546,1.892385405710684e-05,1.892385405710684e-05,1.892385405710684e-05
FR--R,2.8600917040603235,1.5709249055362307e-05,1.5709249055362307e-05,1.5709249055362307e-05
FR--R,2.893654093029909,1.3042397270623953e-05,1.3042397270623953e-05,1.3042397270623953e-05
FR--R,2.926135822024662,1.082968211107982e-05,1.082968211107982e-05,1.082968211107982e-05
FR--R,2.9576119010453112,8.993532787826553e-06,8.993532787826553e-06,8.993532787826553e-06
FR--R,2.990849550056737,7.469667053783269e-06,7.469667053783269e-06,7.469667053783269e-06
FR--R,3.024090729013551,6.204808727261479e-06,6.204808727261479e-06,6.204808727261479e-06
FR--R,3.0574109380249865,5.154798003559336e-06,5.154798003559336e-06,5.154798003559336e-06
FR--R,3.092279266973492,4.283027124074579e-06,4.283027124074579e-06,4.283027124074579e-06
FR--R,3.127869585005101,3.559145127951524e-06,3.559145127951524e-06,3.559145127951524e-06
FR--R,3.164960953989066,2.95798525939972e-06,2.95798525939972e-06,2.95798525939972e-06
FR--R,3.1999856430338696,2.4586768176959595e-06,2.4586768176959595e-06,2.4586768176959595e-06
FR--R,3.234022762044333,2.043909745452765e-06,2.043909745452765e-06,2.043909745452765e-06
FR--R,3.264991261996329,1.6993249971619662e-06,1.6993249971619662e-06,1.6993249971619662e-06
FR--R,3.319176899967715,1.4130100680631583e-06,1.4130100680631583e-06,1.4130100680631583e-06
FR--R,3.350648278952576,1.1750809107979876e-06,1.1750809107979876e-06,1.1750809107979876e-06
FR--R,3.381178989133332,9.773351763442406e-07,9.773351763442406e-07,9.773351763442406e-07
FR--R,3.411662978120148,8.129656237088057e-07,8.129656237088057e-07,8.129656237088057e-07
FR--R,3.46598561614519,6.763215480987128e-07,6.763215480987128e-07,6.763215480987128e-07
FR--R,3.4962509151664563,5.627120316376022e-07,5.627120316376022e-07,5.627120316376022e-07
FR--R,3.5265447341371328,4.682423195845331e-07,4.682423195845331e-07,4.682423195845331e-07
FR--R,3.5571542730904184,3.8967826299085573e-07,3.8967826299085573e-07,3.8967826299085573e-07
FR--R,3.5876857020775788,3.243337829417215e-07,3.243337829417215e-07,3.243337829417215e-07
FR--R,3.618893231032416,2.699779315662454e-07,2.699779315662454e-07,2.699779315662454e-07
FR--R,3.649400840047747,2.2475731498161627e-07,2.2475731498161627e-07,2.2475731498161627e-07
FR--R,3.679759379010648,1.8713222971200596e-07,1.8713222971200596e-07,1.8713222971200596e-07
FR--R,3.70766729809111,1.5582310197714833e-07,1.5582310197714833e-07,1.5582310197714833e-07
FR--R,3.7376308271777816,1.2976664720554254e-07,1.2976664720554254e-07,1.2976664720554254e-07
FR--R,3.769082396174781,1.0807917760757847e-07,1.0807917760757847e-07,1.0807917760757847e-07
FR--R,3.800345445226412,9.002602041618958e-08,9.002602041618958e-08,9.002602041618958e-08
FR--R,3.8312306542648,7.499643572828063e-08,7.499643572828063e-08,7.499643572828063e-08
FR--R,3.862390993279405,6.248262707231333e-08,6.248262707231333e-08,6.248262707231333e-08
FR--R,3.891776532283984,5.2062304689570744e-08,5.2062304689570744e-08,5.2062304689570744e-08
FR--R,3.926627861394081,4.338433257089491e-08,4.338433257089491e-08,4.338433257089491e-08
FR--R,3.9628394494066015,3.615654975419602e-08,3.615654975419602e-08,3.615654975419602e-08
FR--R,3.998746738419868,3.0135964834698825e-08,3.0135964834698825e-08,3.0135964834698825e-08
FR--R,4.030197897402104,2.5120414193224864e-08,2.5120414193224864e-08,2.5120414193224864e-08
FR--R,4.062020396464504,2.094166973165557e-08,2.094166973165557e-08,2.094166973165557e-08
FR--R,4.094569025503006,1.7459825585319777e-08,1.7459825585319777e-08,1.7459825585319777e-08
FR--R,4.125971124507487,1.4558253269569832e-08,1.4558253269569832e-08,1.4558253269569832e-08
FR--R,4.156696253572591,1.2140063176957485e-08,1.2140063176957485e-08,1.2140063176957485e-08
FR--R,4.1885143425897695,1.0124509230990952e-08,1.0124509230990952e-08,1.0124509230990952e-08
FR--R,4.21972500148695,8.444402510576765e-09,8.444402510576765e-09,8.444402510576765e-09
FR--R,4.250705110491253,7.043752248137025e-09,7.043752248137025e-09,7.043752248137025e-09
FR--R,4.284764219424687,5.8759184184964405e-09,5.8759184184964405e-09,5.8759184184964405e-09
FR--R,4.317527788341977,4.902219075120229e-09,4.902219075120229e-09,4.902219075120229e-09
FR--R,4.350581597303972,4.090210836693586e-09,4.090210836693586e-09,4.090210836693586e-09
FR--R,4.382928146282211,3.4129783443859196e-09,3.4129783443859196e-09,3.4129783443859196e-09
FR--R,4.415414565301035,2.848139502020785e-09,2.848139502020785e-09,2.848139502020785e-09
FR--R,4.446906184311956,2.377035457357124e-09,2.377035457357124e-09,2.377035457357124e-09
FR--R,4.483125973318238,1.9839774267893517e-09,1.9839774267893517e-09,1.9839774267893517e-09
FR--R,4.516429822309874,1.6560619542360655e-09,1.6560619542360655e-09,1.6560619542360655e-09
FR--R,4.553659501310904,1.382503000968427e-09,1.382503000968427e-09,1.382503000968427e-09
FR--R,4.602871210197918,1.1541914091139915e-09,1.1541914091139915e-09,1.1541914091139915e-09
FR--R,4.64898925810121,9.636806908019935e-10,9.636806908019935e-10,9.636806908019935e-10
FR--R,4.679924037016463,8.046470156841679e-10,8.046470156841679e-10,8.046470156841679e-10
FR--R,4.710897556098644,6.719318434988962e-10,6.719318434988962e-10,6.719318434988962e-10
FR--R,4.741903565009125,5.611440201391814e-10,5.611440201391814e-10,5.611440201391814e-10
FR--R,4.771516994107515,4.686739885073621e-10,4.686739885073621e-10,4.686739885073621e-10
FR--R,4.802198763121851,3.9148062569438475e-10,3.9148062569438475e-10,3.9148062569438475e-10
FR--R,4.833085082122125,3.2700597785151326e-10,3.2700597785151326e-10,3.2700597785151326e-10
FR--R,4.86393915116787,2.7316104933561286e-10,2.7316104933561286e-10,2.7316104933561286e-10
FR--R,4.895748680108227,2.2821211587142895e-10,2.2821211587142895e-10,2.2821211587142895e-10
FR--R,4.926268029084895,1.907096702780109e-10,1.907096702780109e-10,1.907096702780109e-10
FR--R,4.957131758041214,1.5934631392156007e-10,1.5934631392156007e-10,1.5934631392156007e-10
FR--R,4.988295198068954,1.3314149782672755e-10,1.3314149782672755e-10,1.3314149782672755e-10
FR--R,5.016458107042126,1.1127099242003168e-10,1.1127099242003168e-10,1.1127099242003168e-10
FR--R,5.047141966002528,9.299583325628191e-11,9.299583325628191e-11,9.299583325628191e-11
FR--R,5.077566165011376,7.773337529215496e-11,7.773337529215496e-11,7.773337529215496e-11
FR--R,5.108102453988977,6.497202775790356e-11,6.497202775790356e-11,6.497202775790356e-11
FR--R,5.138770713005215,5.431388672150206e-11,5.431388672150206e-11,5.431388672150206e-11
FR--R,5.169777631992474,4.5403680815070395e-11,4.5403680815070395e-11,4.5403680815070395e-11
FR--R,5.200879160896875,3.794298208958935e-11,3.794298208958935e-11,3.794298208958935e-11
FR--R,5.238921899814159,3.177547114319168e-11,3.177547114319168e-11,3.177547114319168e-11
FR--R,5.269587168819271,2.6560087462712545e-11,2.6560087462712545e-11,2.6560087462712545e-11
FR--R,5.304983077861834,2.219735506514553e-11,2.219735506514553e-11,2.219735506514553e-11
FR--R,5.340324656746816,1.857358711276902e-11,1.857358711276902e-11,1.857358711276902e-11
FR--R,5.376278785755858,1.553246420371579e-11,1.553246420371579e-11,1.553246420371579e-11
FR--R,5.411889264709316,1.2988721209694631e-11,1.2988721209694631e-11,1.2988721209694631e-11
FR--R,5.448410723765846,1.0885514711844736e-11,1.0885514711844736e-11,1.0885514711844736e-11
FR--R,5.482956562656909,9.094947017729282e-12,9.094947017729282e-12,9.094947017729282e-12
FR--R,5.513896842719987,7.617018127348274e-12,7.617018127348274e-12,7.617018127348274e-12
FR--R,5.545418911729939,6.338041202980094e-12,6.338041202980094e-12,6.338041202980094e-12
FR--R,5.576608270639554,5.3432813729159526e-12,5.3432813729159526e-12,5.3432813729159526e-12
FR--R,5.60741978965234,4.447997525858227e-12,4.447997525858227e-12,4.447997525858227e-12
FR--R,5.656532837660052,3.737454790098127e-12,3.737454790098127e-12,3.737454790098127e-12
FR--R,5.691601546655875,3.140598892059643e-12,3.140598892059643e-12,3.140598892059643e-12
FR--R,5.723679986665957,2.643218977027573e-12,2.643218977027573e-12,2.643218977027573e-12
FR--R,5.758991935639642,2.188471626141109e-12,2.188471626141109e-12,2.188471626141109e-12
FR--R,5.793662904587109,1.8474111129762605e-12,1.8474111129762605e-12,1.8474111129762605e-12
FR--R,5.826201293617487,1.5347723092418164e-12,1.5347723092418164e-12,1.5347723092418164e-12
FR--R,5.857015252637211,1.2789769243681805e-12,1.2789769243681805e-12,1.2789769243681805e-12
FR--R,5.887671582633629,1.0800249583553525e-12,1.0800249583553525e-12,1.0800249583553525e-12
FR--R,5.918437731626909,9.094947017729282e-13,9.094947017729282e-13,9.094947017729282e-13
FR--R,5.948951150639914,7.531752999057062e-13,7.531752999057062e-13,7.531752999057062e-13
FR--R,5.980125389585737,6.536993168992923e-13,6.536993168992923e-13,6.536993168992923e-13
FR--R,6.010044358554296,5.542233338928781e-13,5.542233338928781e-13,5.542233338928781e-13
FR--R,6.0405766575131565,4.547473508864641e-13,4.547473508864641e-13,4.547473508864641e-13
FR--R,6.069189036497846,3.694822225952521e-13,3.694822225952521e-13,3.694822225952521e-13
FR--R,6.099985865410417,3.410605131648481e-13,3.410605131648481e-13,3.410605131648481e-13
FR--R,6.130093604500871,2.842170943040401e-13,2.842170943040401e-13,2.842170943040401e-13
FR--R,6.1615830235532485,1.9895196601282805e-13,1.9895196601282805e-13,1.9895196601282805e-13
FR--R,6.191894722520374,1.9895196601282805e-13,1.9895196601282805e-13,1.9895196601282805e-13
FR--R,6.222634211473633,1.5631940186722204e-13,1.5631940186722204e-13,1.5631940186722204e-13
FR--R,6.255589250591584,1.2789769243681806e-13,1.2789769243681806e-13,1.2789769243681806e-13
FR--R,6.291204589710105,1.4210854715202006e-13,1.4210854715202006e-13,1.4210854715202006e-13
FR--R,6.32534719875548,9.947598300641405e-14,9.947598300641405e-14,9.947598300641405e-14
FR--R,6.358789617777802,7.105427357601003e-14,7.105427357601003e-14,7.105427357601003e-14
FR--R,6.392656126816291,7.105427357601003e-14,7.105427357601003e-14,7.105427357601003e-14
FR--R,6.424364476813935,7.105427357601003e-14,7.105427357601003e-14,7.105427357601003e-14
FR--R,6.454723705828656,5.684341886080803e-14,5.684341886080803e-14,5.684341886080803e-14
FR--R,6.495697014790494,4.263256414560601e-14,4.263256414560601e-14,4.263256414560601e-14
FR--R,6.526894253795035,2.8421709430404014e-14,2.8421709430404014e-14,2.8421709430404014e-14
FR--R,6.558557192794979,4.263256414560601e-14,4.263256414560601e-14,4.263256414560601e-14
FR--R,6.589461721712723,2.8421709430404014e-14,2.8421709430404014e-14,2.8421709430404014e-14
FR--R,6.623400840675458,2.8421709430404014e-14,2.8421709430404014e-14,2.8421709430404014e-14
FR--R,6.657429349725135,2.8421709430404014e-14,2.8421709430404014e-14,2.8421709430404014e-14
FR--R,6.695851728785783,5.684341886080803e-14,5.684341886080803e-14,5.684341886080803e-14
FR--R,6.7293059477815405,0.0,0.0,0.0
FR--R,6.7611730167409405,0.0,0.0,0.0
FR--R,6.791639805713203,0.0,0.0,0.0
FR--R,6.82223697565496,1.4210854715202004e-14,1.4210854715202004e-14,1.4210854715202004e-14
FR--R,6.859619344701059,1.4210854715202004e-14,1.4210854715202004e-14,1.4210854715202004e-14
FR--R,6.891153443662915,1.4210854715202004e-14,1.4210854715202004e-14,1.4210854715202004e-14
FR--R,6.929101152694784,2.8421709430404014e-14,2.8421709430404014e-14,2.8421709430404014e-14
FR--R,6.961414851713926,1.4210854715202004e-14,1.4210854715202004e-14,1.4210854715202004e-14
FR--R,6.995879000634886,2.8421709430404014e-14,2.8421709430404014e-14,2.8421709430404014e-14
FR--R,7.032418079674244,0.0,0.0,0.0
FR--R,7.0724099286599085,1.4210854715202004e-14,1.4210854715202004e-14,1.4210854715202004e-14
FR--R,7.102771227597259,0.0,0.0,0.0
FR--R,7.133254316577222,2.8421709430404014e-14,2.8421709430404014e-14,2.8421709430404014e-14
FR--R,7.16467279556673,2.8421709430404014e-14,2.8421709430404014e-14,2.8421709430404014e-14
FR--R,7.201471704582218,1.4210854715202004e-14,1.4210854715202004e-14,1.4210854715202004e-14
FR--R,7.237971923605073,-1.4210854715202004e-14,-1.4210854715202004e-14,-1.4210854715202004e-14
FR--R,7.268387072545011,0.0,0.0,0.0
FR--R,7.300134802586399,2.8421709430404014e-14,2.8421709430404014e-14,2.8421709430404014e-14
FR--R,7.33169769163942,2.8421709430404014e-14,2.8421709430404014e-14,2.8421709430404014e-14
FR--R,7.361834840674419,2.8421709430404014e-14,2.8421709430404014e-14,2.8421709430404014e-14
FR--R,7.396320339641534,2.8421709430404014e-14,2.8421709430404014e-14,2.8421709430404014e-14
FR--R,7.430423078592867,1.4210854715202004e-14,1.4210854715202004e-14,1.4210854715202004e-14
FR--R,7.4654413376702,1.4210854715202004e-14,1.4210854715202004e-14,1.4210854715202004e-14
FR--R,7.497442156658508,1.4210854715202004e-14,1.4210854715202004e-14,1.4210854715202004e-14
FR--R,7.537369135650806,4.263256414560601e-14,4.263256414560601e-14,4.263256414560601e-14
FR--R,7.570210014644545,1.4210854715202004e-14,1.4210854715202004e-14,1.4210854715202004e-14
FR--R,7.603448303649202,1.4210854715202004e-14,1.4210854715202004e-14,1.4210854715202004e-14
FR--R,7.6376371326623484,2.8421709430404014e-14,2.8421709430404014e-14,2.8421709430404014e-14
FR--R,7.6730689916876145,2.8421709430404014e-14,2.8421709430404014e-14,2.8421709430404014e-14
FR--R,7.715226810774766,1.4210854715202004e-14,1.4210854715202004e-14,1.4210854715202004e-14
FR--R,7.745934429753106,4.263256414560601e-14,4.263256414560601e-14,4.263256414560601e-14
FR--R,7.781079628795851,2.8421709430404014e-14,2.8421709430404014e-14,2.8421709430404014e-14
FR--R,7.811717287753709,2.8421709430404014e-14,2.8421709430404014e-14,2.8421709430404014e-14
FR--R,7.841817026841454,2.8421709430404014e-14,2.8421709430404014e-14,2.8421709430404014e-14
FR--R,7.892795584863052,-1.4210854715202004e-14,-1.4210854715202004e-14,-1.4210854715202004e-14
FR--R,7.924861573905218,2.8421709430404014e-14,2.8421709430404014e-14,2.8421709430404014e-14
FR--R,7.955700293008704,0.0,0.0,0.0
FR--R,7.988611362117808,0.0,0.0,0.0
FR--R,8.024893330119085,1.4210854715202004e-14,1.4210854715202004e-14,1.4210854715202004e-14
FR--R,8.05487699911464,0.0,0.0,0.0
FR--R,8.084639928070828,0.0,0.0,0.0
FR--R,8.114716068143025,0.0,0.0,0.0
FR--R,8.145605947240256,0.0,0.0,0.0
FR--R,8.175551106280182,2.8421709430404014e-14,2.8421709430404014e-14,2.8421709430404014e-14
FR--R,8.205846765311435,-1.4210854715202004e-14,-1.4210854715202004e-14,-1.4210854715202004e-14
FR--R,8.25059473438887,0.0,0.0,0.0
FR--R,8.287187902315054,0.0,0.0,0.0
FR--R,8.325209371279925,0.0,0.0,0.0
FR--R,8.362197369220667,0.0,0.0,0.0
FR--R,8.394130208238494,0.0,0.0,0.0
FR--R,8.424350897257682,4.263256414560601e-14,4.263256414560601e-14,4.263256414560601e-14
FR--R,8.455220746225677,0.0,0.0,0.0
FR--R,8.488547785265837,1.4210854715202004e-14,1.4210854715202004e-14,1.4210854715202004e-14
FR--R,8.518948514247313,-1.4210854715202004e-14,-1.4210854715202004e-14,-1.4210854715202004e-14
FR--R,8.548547873215284,2.8421709430404014e-14,2.8421709430404014e-14,2.8421709430404014e-14
FR--R,8.578604802140035,-1.4210854715202004e-14,-1.4210854715202004e-14,-1.4210854715202004e-14
FR--R,8.609201361134183,0.0,0.0,0.0
FR--R,8.643710310105234,2.8421709430404014e-14,2.8421709430404014e-14,2.8421709430404014e-14
FR--R,8.67855813918868,2.8421709430404014e-14,2.8421709430404014e-14,2.8421709430404014e-14
FR--R,8.712277648213785,0.0,0.0,0.0
FR--R,8.746897977194749,1.4210854715202004e-14,1.4210854715202004e-14,1.4210854715202004e-14
FR--R,8.786718416202348,2.8421709430404014e-14,2.8421709430404014e-14,2.8421709430404014e-14
FR--R,8.827124254195951,2.8421709430404014e-14,2.8421709430404014e-14,2.8421709430404014e-14
FR--R,8.867148333287332,0.0,0.0,0.0
FR--R,8.899680092406925,0.0,0.0,0.0
FR--R,8.929591841530055,0.0,0.0,0.0
FR--R,8.967293460504152,1.4210854715202004e-14,1.4210854715202004e-14,1.4210854715202004e-14
FR--R,8.999259419506416,2.8421709430404014e-14,2.8421709430404014e-14,2.8421709430404014e-14
FR--R,9.038547908421606,1.4210854715202004e-14,1.4210854715202004e-14,1.4210854715202004e-14
FR--R,9.071360518340953,1.4210854715202004e-14,1.4210854715202004e-14,1.4210854715202004e-14
FR--R,9.102071977278683,0.0,0.0,0.0
FR--R,9.12833695637528,1.4210854715202004e-14,1.4210854715202004e-14,1.4210854715202004e-14
FR--R,9.159404685313348,0.0,0.0,0.0
FR--R,9.190691664349288,1.4210854715202004e-14,1.4210854715202004e-14,1.4210854715202004e-14
FR--R,9.2213377233129,-2.8421709430404014e-14,-2.8421709430404014e-14,-2.8421709430404014e-14
FR--R,9.254031092335936,1.4210854715202004e-14,1.4210854715202004e-14,1.4210854715202004e-14
FR--R,9.285403371264692,-2.8421709430404014e-14,-2.8421709430404014e-14,-2.8421709430404014e-14
FR--R,9.315654890262522,0.0,0.0,0.0
FR--R,9.34546112921089,2.8421709430404014e-14,2.8421709430404014e-14,2.8421709430404014e-14
FR--R,9.375295488163829,0.0,0.0,0.0
FR--R,9.405225597147364,0.0,0.0,0.0
FR--R,9.436151606205383,2.8421709430404014e-14,2.8421709430404014e-14,2.8421709430404014e-14
FR--R,9.467053705244323,-1.4210854715202004e-14,-1.4210854715202004e-14,-1.4210854715202004e-14
FR--R,9.497804834274575,0.0,0.0,0.0
FR--R,9.528475603321567,0.0,0.0,0.0
FR--R,9.562000242294744,1.4210854715202004e-14,1.4210854715202004e-14,1.4210854715202004e-14
FR--R,9.59301748132566,1.4210854715202004e-14,1.4210854715202004e-14,1.4210854715202004e-14
FR--R,9.623059740290046,0.0,0.0,0.0
FR--R,9.653018609213175,2.8421709430404014e-14,2.8421709430404014e-14,2.8421709430404014e-14
FR--R,9.682757918257266,2.8421709430404014e-14,2.8421709430404014e-14,2.8421709430404014e-14
FR--R,9.712574917241,1.4210854715202004e-14,1.4210854715202004e-14,1.4210854715202004e-14
FR--R,9.74283189716516,0.0,0.0,0.0
FR--R,9.77330328617245,1.4210854715202004e-14,1.4210854715202004e-14,1.4210854715202004e-14
FR--R,9.803432365239132,2.8421709430404014e-14,2.8421709430404014e-14,2.8421709430404014e-14
FR--R,9.837332284310833,0.0,0.0,0.0
FR--R,9.867362563265488,0.0,0.0,0.0
FR--R,9.89821426232811,0.0,0.0,0.0
FR--R,9.929541011340916,2.8421709430404014e-14,2.8421709430404014e-14,2.8421709430404014e-14
FR--R,9.96733016037615,-1.4210854715202004e-14,-1.4210854715202004e-14,-1.4210854715202004e-14
FR--R,9.997728899354115,1.4210854715202004e-14,1.4210854715202004e-14,1.4210854715202004e-14
FR--R,10.03550328843994,0.0,0.0,0.0
FR--R,10.071718317456543,1.4210854715202004e-14,1.4210854715202004e-14,1.4210854715202004e-14
FR--R,10.103715466277208,4.263256414560601e-14,4.263256414560601e-14,4.263256414560601e-14
FR--R,10.134519765269944,2.8421709430404014e-14,2.8421709430404014e-14,2.8421709430404014e-14
FR--R,10.16516030416824,2.8421709430404014e-14,2.8421709430404014e-14,2.8421709430404014e-14
FR--R,10.195994293200783,1.4210854715202004e-14,1.4210854715202004e-14,1.4210854715202004e-14
FR--R,10.226380782260094,1.4210854715202004e-14,1.4210854715202004e-14,1.4210854715202004e-14
FR--R,10.260162411199415,-1.4210854715202004e-14,-1.4210854715202004e-14,-1.4210854715202004e-14
FR--R,10.291010530199856,1.4210854715202004e-14,1.4210854715202004e-14,1.4210854715202004e-14
FR--R,10.32186190923676,0.0,0.0,0.0
FR--R,10.353043918148614,1.4210854715202004e-14,1.4210854715202004e-14,1.4210854715202004e-14
FR--R,10.383600557106549,1.4210854715202004e-14,1.4210854715202004e-14,1.4210854715202004e-14
FR--R,10.413961516111158,1.4210854715202004e-14,1.4210854715202004e-14,1.4210854715202004e-14
FR--R,10.445029195048846,1.4210854715202004e-14,1.4210854715202004e-14,1.4210854715202004e-14
FR--R,10.479904454143252,1.4210854715202004e-14,1.4210854715202004e-14,1.4210854715202004e-14
FR--R,10.513016843120568,1.4210854715202004e-14,1.4210854715202004e-14,1.4210854715202004e-14
FR--R,10.543110422207974,1.4210854715202004e-14,1.4210854715202004e-14,1.4210854715202004e-14
FR--R,10.572938182274813,0.0,0.0,0.0
FR--R,10.603990741365124,1.4210854715202004e-14,1.4210854715202004e-14,1.4210854715202004e-14
FR--R,10.63429328025086,2.8421709430404014e-14,2.8421709430404014e-14,2.8421709430404014e-14
FR--R,10.6648378391983,0.0,0.0,0.0
FR--R,10.696417638158891,1.4210854715202004e-14,1.4210854715202004e-14,1.4210854715202004e-14
FR--R,10.726144607237076,2.8421709430404014e-14,2.8421709430404014e-14,2.8421709430404014e-14
FR--R,10.758846546232236,0.0,0.0,0.0
FR--R,10.789252095273696,1.4210854715202004e-14,1.4210854715202004e-14,1.4210854715202004e-14
FR--R,10.820008634240368,1.4210854715202004e-14,1.4210854715202004e-14,1.4210854715202004e-14
FR--R,10.85040346335154,4.263256414560601e-14,4.263256414560601e-14,4.263256414560601e-14
FR--R,10.88124179240549,1.4210854715202004e-14,1.4210854715202004e-14,1.4210854715202004e-14
FR--R,10.912186611501966,1.4210854715202004e-14,1.4210854715202004e-14,1.4210854715202004e-14
FR--R,10.94274863152532,2.8421709430404014e-14,2.8421709430404014e-14,2.8421709430404014e-14
FR--R,10.972625610476824,0.0,0.0,0.0
FR--R,11.00292662944412,2.8421709430404014e-14,2.8421709430404014e-14,2.8421709430404014e-14
FR--R,11.032971908396576,0.0,0.0,0.0
FR--R,11.064153517363591,0.0,0.0,0.0
FR--R,11.093898736406118,0.0,0.0,0.0
FR--R,11.127056195342448,1.4210854715202004e-14,1.4210854715202004e-14,1.4210854715202004e-14
FR--R,11.160260804288557,1.4210854715202004e-14,1.4210854715202004e-14,1.4210854715202004e-14
FR--R,11.193859073217029,2.8421709430404014e-14,2.8421709430404014e-14,2.8421709430404014e-14
FR--R,11.227357792202383,0.0,0.0,0.0
FR--R,11.260654301207978,0.0,0.0,0.0
FR--R,11.295643340214156,1.4210854715202004e-14,1.4210854715202004e-14,1.4210854715202004e-14
FR--R,11.329832969233394,1.4210854715202004e-14,1.4210854715202004e-14,1.4210854715202004e-14
FR--R,11.364336008147802,1.4210854715202004e-14,1.4210854715202004e-14,1.4210854715202004e-14
FR--R,11.398746797116472,1.4210854715202004e-14,1.4210854715202004e-14,1.4210854715202004e-14
FR--R,11.433622565178666,0.0,0.0,0.0
FR--R,11.467406734125689,0.0,0.0,0.0
FR--R,11.501091013022233,4.263256414560601e-14,4.263256414560601e-14,4.263256414560601e-14
FR--R,11.535314331995323,1.4210854715202004e-14,1.4210854715202004e-14,1.4210854715202004e-14
FR--R,11.569603420968631,2.8421709430404014e-14,2.8421709430404014e-14,2.8421709430404014e-14
FR--R,11.603269059967715,0.0,0.0,0.0
FR--R,11.636788028874436,1.4210854715202004e-14,1.4210854715202004e-14,1.4210854715202004e-14
FR--R,11.670696337940171,1.4210854715202004e-14,1.4210854715202004e-14,1.4210854715202004e-14
FR--R,11.705514346947894,1.4210854715202004e-14,1.4210854715202004e-14,1.4210854715202004e-14
FR--R,11.740075305860955,0.0,0.0,0.0
FR--R,11.774806744768284,0.0,0.0,0.0
FR--R,11.811381593695842,2.8421709430404014e-14,2.8421709430404014e-14,2.8421709430404014e-14
FR--R,11.861252822796814,0.0,0.0,0.0
FR--R,11.900497270806229,1.4210854715202004e-14,1.4210854715202004e-14,1.4210854715202004e-14
FR--R,11.934598729771096,1.4210854715202004e-14,1.4210854715202004e-14,1.4210854715202004e-14
FR--R,11.968258198758122,1.4210854715202004e-14,1.4210854715202004e-14,1.4210854715202004e-14
FR--R,12.002366617729422,2.8421709430404014e-14,2.8421709430404014e-14,2.8421709430404014e-14
FR--R,12.03562725672964,1.4210854715202004e-14,1.4210854715202004e-14,1.4210854715202004e-14
FR--R,12.07103749574162,1.4210854715202004e-14,1.4210854715202004e-14,1.4210854715202004e-14
FR--R,12.107361824717373,0.0,0.0,0.0
FR--R,12.142649123736192,0.0,0.0,0.0
FR--R,12.176630432659294,2.8421709430404014e-14,2.8421709430404014e-14,2.8421709430404014e-14
FR--R,12.210134441615082,2.8421709430404014e-14,2.8421709430404014e-14,2.8421709430404014e-14
FR--R,12.244253910554107,0.0,0.0,0.0
FR--R,12.29012824955862,0.0,0.0,0.0
FR--R,12.320419378520455,2.8421709430404014e-14,2.8421709430404014e-14,2.8421709430404014e-14
FR--R,12.3502000576118,2.8421709430404014e-14,2.8421709430404014e-14,2.8421709430404014e-14
FR--R,12.380745706614109,1.4210854715202004e-14,1.4210854715202004e-14,1.4210854715202004e-14
FR--R,12.414289025648031,1.4210854715202004e-14,1.4210854715202004e-14,1.4210854715202004e-14
FR--R,12.4417095646495,0.0,0.0,0.0
FR--R,12.472907583694903,1.4210854715202004e-14,1.4210854715202004e-14,1.4210854715202004e-14
FR--R,12.506341582746243,1.4210854715202004e-14,1.4210854715202004e-14,1.4210854715202004e-14
FR--R,12.537712761666626,0.0,0.0,0.0
FR--R,12.567984780704135,0.0,0.0,0.0
FR--R,12.598209969641175,1.4210854715202004e-14,1.4210854715202004e-14,1.4210854715202004e-14
FR--R,12.62934831873281,2.8421709430404014e-14,2.8421709430404014e-14,2.8421709430404014e-14
FR--R,12.66197336773621,2.8421709430404014e-14,2.8421709430404014e-14,2.8421709430404014e-14
FR--R,12.692824946716428,0.0,0.0,0.0
FR--R,12.723081735777669,2.8421709430404014e-14,2.8421709430404014e-14,2.8421709430404014e-14
FR--R,12.75417698471574,0.0,0.0,0.0
FR--R,12.78574928373564,0.0,0.0,0.0
FR--R,12.816758832719644,1.4210854715202004e-14,1.4210854715202004e-14,1.4210854715202004e-14
FR--R,12.84879604174057,2.8421709430404014e-14,2.8421709430404014e-14,2.8421709430404014e-14
FR--R,12.879826650663745,0.0,0.0,0.0
FR--R,12.91254566970747,2.8421709430404014e-14,2.8421709430404014e-14,2.8421709430404014e-14
FR--R,12.945718438597396,2.8421709430404014e-14,2.8421709430404014e-14,2.8421709430404014e-14
FR--R,12.977884897612968,1.4210854715202004e-14,1.4210854715202004e-14,1.4210854715202004e-14
FR--R,13.02584875561297,2.8421709430404014e-14,2.8421709430404014e-14,2.8421709430404014e-14
FR--R,13.056711194629315,2.8421709430404014e-14,2.8421709430404014e-14,2.8421709430404014e-14
FR--R,13.087633993593045,1.4210854715202004e-14,1.4210854715202004e-14,1.4210854715202004e-14
FR--R,13.118590612604748,0.0,0.0,0.0
FR--R,13.149106482567731,0.0,0.0,0.0
FR--R,13.179815221519677,1.4210854715202004e-14,1.4210854715202004e-14,1.4210854715202004e-14
FR--R,13.21171271050116,0.0,0.0,0.0
FR--R,13.243859910522588,0.0,0.0,0.0
FR--R,13.282267109607346,0.0,0.0,0.0
FR--R,13.34237325860886,1.4210854715202004e-14,1.4210854715202004e-14,1.4210854715202004e-14
FR--R,13.395146297523752,1.4210854715202004e-14,1.4210854715202004e-14,1.4210854715202004e-14
FR--R,13.426016906450968,0.0,0.0,0.0
FR--R,13.456756635394411,1.4210854715202004e-14,1.4210854715202004e-14,1.4210854715202004e-14
FR--R,13.488436314393766,0.0,0.0,0.0
FR--R,13.51808831328526,0.0,0.0,0.0
FR--R,13.549594332289416,1.4210854715202004e-14,1.4210854715202004e-14,1.4210854715202004e-14
FR--R,13.580808771192096,0.0,0.0,0.0
FR--R,13.61275106028188,1.4210854715202004e-14,1.4210854715202004e-14,1.4210854715202004e-14
FR--R,13.643531299254391,1.4210854715202004e-14,1.4210854715202004e-14,1.4210854715202004e-14
FR--R,13.676682258199437,1.4210854715202004e-14,1.4210854715202004e-14,1.4210854715202004e-14
FR--R,13.707865517179016,1.4210854715202004e-14,1.4210854715202004e-14,1.4210854715202004e-14
FR--R,13.742260476166848,0.0,0.0,0.0
FR--R,13.778449365170673,1.4210854715202004e-14,1.4210854715202004e-14,1.4210854715202004e-14
FR--R,13.832801433163697,2.8421709430404014e-14,2.8421709430404014e-14,2.8421709430404014e-14
FR--R,13.889268482045736,1.4210854715202004e-14,1.4210854715202004e-14,1.4210854715202004e-14
FR--R,13.9335048510693,1.4210854715202004e-14,1.4210854715202004e-14,1.4210854715202004e-14
FR--R,13.978158199985046,1.4210854715202004e-14,1.4210854715202004e-14,1.4210854715202004e-14
FR--R,14.01687151909573,1.4210854715202004e-14,1.4210854715202004e-14,1.4210854715202004e-14
FR--R,14.058371107152198,2.8421709430404014e-14,2.8421709430404014e-14,2.8421709430404014e-14
FR--R,14.09881035523722,0.0,0.0,0.0
FR--R,14.14905455330154,0.0,0.0,0.0
FR--R,14.183872212248389,0.0,0.0,0.0
FR--R,14.215986721217632,1.4210854715202004e-14,1.4210854715202004e-14,1.4210854715202004e-14
FR--R,14.24787761020707,0.0,0.0,0.0
FR--R,14.279340729292016,2.8421709430404014e-14,2.8421709430404014e-14,2.8421709430404014e-14
FR--R,14.310199968225788,2.8421709430404014e-14,2.8421709430404014e-14,2.8421709430404014e-14
FR--R,14.340519828198012,1.4210854715202004e-14,1.4210854715202004e-14,1.4210854715202004e-14
FR--R,14.371032597264277,0.0,0.0,0.0
FR--R,14.401364246208686,0.0,0.0,0.0
FR--R,14.432476575253531,1.4210854715202004e-14,1.4210854715202004e-14,1.4210854715202004e-14
FR--R,14.462276524223851,0.0,0.0,0.0
FR--R,14.489830753125716,1.4210854715202004e-14,1.4210854715202004e-14,1.4210854715202004e-14
FR--R,14.536930001166184,1.4210854715202004e-14,1.4210854715202004e-14,1.4210854715202004e-14
FR--R,14.571837130235508,2.8421709430404014e-14,2.8421709430404014e-14,2.8421709430404014e-14
FR--R,14.60791739920387,1.4210854715202004e-14,1.4210854715202004e-14,1.4210854715202004e-14
FR--R,14.645404948212672,2.8421709430404014e-14,2.8421709430404014e-14,2.8421709430404014e-14
FR--R,14.683101187169086,1.4210854715202004e-14,1.4210854715202004e-14,1.4210854715202004e-14
FR--R,14.715324946155306,1.4210854715202004e-14,1.4210854715202004e-14,1.4210854715202004e-14
FR--R,14.746423915144987,2.8421709430404014e-14,2.8421709430404014e-14,2.8421709430404014e-14
FR--R,14.778552804142237,1.4210854715202004e-14,1.4210854715202004e-14,1.4210854715202004e-14
FR--R,14.810727183124982,0.0,0.0,0.0
FR--R,14.84388502209913,2.8421709430404014e-14,2.8421709430404014e-14,2.8421709430404014e-14
FR--R,14.880409981124105,1.4210854715202004e-14,1.4210854715202004e-14,1.4210854715202004e-14
FR--R,14.92281324014766,0.0,0.0,0.0
FR--R,14.975394909095485,1.4210854715202004e-14,1.4210854715202004e-14,1.4210854715202004e-14
FR--R,15.006797758047467,0.0,0.0,0.0
FR--R,15.04880576702999,0.0,0.0,0.0
FR--R,15.087769636127632,1.4210854715202004e-14,1.4210854715202004e-14,1.4210854715202004e-14
FR--R,15.12299614510266,0.0,0.0,0.0
FR--R,15.155627344036477,0.0,0.0,0.0
FR--R,15.189282973122316,1.4210854715202004e-14,1.4210854715202004e-14,1.4210854715202004e-14
FR--R,15.2217336720787,1.4210854715202004e-14,1.4210854715202004e-14,1.4210854715202004e-14
FR--R,15.254749351006469,2.8421709430404014e-14,2.8421709430404014e-14,2.8421709430404014e-14
FR--R,15.2874214600306,2.8421709430404014e-14,2.8421709430404014e-14,2.8421709430404014e-14
FR--R,15.319958259060511,2.8421709430404014e-14,2.8421709430404014e-14,2.8421709430404014e-14
FR--R,15.352607428096237,0.0,0.0,0.0
FR--R,15.38599082705332,1.4210854715202004e-14,1.4210854715202004e-14,1.4210854715202004e-14
FR--R,15.411475146072917,1.4210854715202004e-14,1.4210854715202004e-14,1.4210854715202004e-14
FR--R,15.447923575120512,1.4210854715202004e-14,1.4210854715202004e-14,1.4210854715202004e-14
FR--R,15.484358823974617,2.8421709430404014e-14,2.8421709430404014e-14,2.8421709430404014e-14
FR--R,15.520262922917029,0.0,0.0,0.0
FR--R,15.553666372026782,2.8421709430404014e-14,2.8421709430404014e-14,2.8421709430404014e-14
FR--R,15.586811570974533,0.0,0.0,0.0
FR--R,15.618584239913616,1.4210854715202004e-14,1.4210854715202004e-14,1.4210854715202004e-14
FR--R,15.651692078914492,1.4210854715202004e-14,1.4210854715202004e-14,1.4210854715202004e-14
FR--R,15.683362207899336,1.4210854715202004e-14,1.4210854715202004e-14,1.4210854715202004e-14
FR--R,15.715029497863725,1.4210854715202004e-14,1.4210854715202004e-14,1.4210854715202004e-14
FR--R,15.74674063688144,1.4210854715202004e-14,1.4210854715202004e-14,1.4210854715202004e-14
FR--R,15.77855835587252,1.4210854715202004e-14,1.4210854715202004e-14,1.4210854715202004e-14
FR--R,15.81025626481278,-1.4210854715202004e-14,-1.4210854715202004e-14,-1.4210854715202004e-14
FR--R,15.841709123924376,2.8421709430404014e-14,2.8421709430404014e-14,2.8421709430404014e-14
FR--R,15.873368682921864,1.4210854715202004e-14,1.4210854715202004e-14,1.4210854715202004e-14
FR--R,15.90575537190307,2.8421709430404014e-14,2.8421709430404014e-14,2.8421709430404014e-14
FR--R,15.937534470867831,2.8421709430404014e-14,2.8421709430404014e-14,2.8421709430404014e-14
FR--R,15.969366479839664,2.8421709430404014e-14,2.8421709430404014e-14,2.8421709430404014e-14
FR--R,16.001929618883878,2.8421709430404014e-14,2.8421709430404014e-14,2.8421709430404014e-14
FR--R,16.034997057926375,0.0,0.0,0.0
FR--R,16.067191227979492,2.8421709430404014e-14,2.8421709430404014e-14,2.8421709430404014e-14
FR--R,16.099426727043465,1.4210854715202004e-14,1.4210854715202004e-14,1.4210854715202004e-14
FR--R,16.131551876023877,0.0,0.0,0.0
FR--R,16.163309894967824,4.263256414560601e-14,4.263256414560601e-14,4.263256414560601e-14
FR--R,16.19627213390777,1.4210854715202004e-14,1.4210854715202004e-14,1.4210854715202004e-14
FR--R,16.228423872904386,0.0,0.0,0.0
FR--R,16.260554931883235,2.8421709430404014e-14,2.8421709430404014e-14,2.8421709430404014e-14
FR--R,16.29274990077829,2.8421709430404014e-14,2.8421709430404014e-14,2.8421709430404014e-14
FR--R,16.324841989786364,1.4210854715202004e-14,1.4210854715202004e-14,1.4210854715202004e-14
FR--R,16.35737606883049,1.4210854715202004e-14,1.4210854715202004e-14,1.4210854715202004e-14
FR--R,16.38914177787956,0.0,0.0,0.0
FR--R,16.421978586819023,1.4210854715202004e-14,1.4210854715202004e-14,1.4210854715202004e-14
FR--R,16.454756595776416,0.0,0.0,0.0
FR--R,16.48704399476992,0.0,0.0,0.0
FR--R,16.519000663771294,1.4210854715202004e-14,1.4210854715202004e-14,1.4210854715202004e-14
FR--R,16.551460522750858,2.8421709430404014e-14,2.8421709430404014e-14,2.8421709430404014e-14
FR--R,16.58313617273234,2.8421709430404014e-14,2.8421709430404014e-14,2.8421709430404014e-14
FR--R,16.61481304181507,1.4210854715202004e-14,1.4210854715202004e-14,1.4210854715202004e-14
FR--R,16.646968590910546,1.4210854715202004e-14,1.4210854715202004e-14,1.4210854715202004e-14
FR--R,16.68039627984399,1.4210854715202004e-14,1.4210854715202004e-14,1.4210854715202004e-14
FR--R,16.712618478923105,1.4210854715202004e-14,1.4210854715202004e-14,1.4210854715202004e-14
FR--R,16.745505957864225,0.0,0.0,0.0
FR--R,16.783902526891325,1.4210854715202004e-14,1.4210854715202004e-14,1.4210854715202004e-14
FR--R,16.80826979590347,0.0,0.0,0.0
FR--R,16.840190024930052,1.4210854715202004e-14,1.4210854715202004e-14,1.4210854715202004e-14
FR--R,16.87067161401501,0.0,0.0,0.0
FR--R,16.902516733040102,0.0,0.0,0.0
FR--R,16.927288622013293,1.4210854715202004e-14,1.4210854715202004e-14,1.4210854715202004e-14
FR--R,16.952109461009968,0.0,0.0,0.0
FR--R,16.977941529999953,1.4210854715202004e-14,1.4210854715202004e-14,1.4210854715202004e-14
FR--R,17.009493469900917,2.8421709430404014e-14,2.8421709430404014e-14,2.8421709430404014e-14
FR--R,17.039723238849547,1.4210854715202004e-14,1.4210854715202004e-14,1.4210854715202004e-14
FR--R,17.06389316788409,1.4210854715202004e-14,1.4210854715202004e-14,1.4210854715202004e-14
FR--R,17.096019016811624,2.8421709430404014e-14,2.8421709430404014e-14,2.8421709430404014e-14
FR--R,17.126362666778732,0.0,0.0,0.0
FR--R,17.157997465750668,2.8421709430404014e-14,2.8421709430404014e-14,2.8421709430404014e-14
FR--R,17.189665194717236,1.4210854715202004e-14,1.4210854715202004e-14,1.4210854715202004e-14
FR--R,17.21441075473558,2.8421709430404014e-14,2.8421709430404014e-14,2.8421709430404014e-14
FR--R,17.239425284671597,1.4210854715202004e-14,1.4210854715202004e-14,1.4210854715202004e-14
FR--R,17.271049153758213,1.4210854715202004e-14,1.4210854715202004e-14,1.4210854715202004e-14
FR--R,17.300131912808865,2.8421709430404014e-14,2.8421709430404014e-14,2.8421709430404014e-14
FR--R,17.325571071880404,2.8421709430404014e-14,2.8421709430404014e-14,2.8421709430404014e-14
FR--R,17.349363950896077,1.4210854715202004e-14,1.4210854715202004e-14,1.4210854715202004e-14
FR--R,17.37361503991997,0.0,0.0,0.0
FR--R,17.39759214001242,0.0,0.0,0.0
FR--R,17.423151590046473,2.8421709430404014e-14,2.8421709430404014e-14,2.8421709430404014e-14
FR--R,17.456181999121327,1.4210854715202004e-14,1.4210854715202004e-14,1.4210854715202004e-14
FR--R,17.48732906812802,1.4210854715202004e-14,1.4210854715202004e-14,1.4210854715202004e-14
FR--R,17.51164681708906,1.4210854715202004e-14,1.4210854715202004e-14,1.4210854715202004e-14
FR--R,17.546540606126655,0.0,0.0,0.0
FR--R,17.58293424511794,2.8421709430404014e-14,2.8421709430404014e-14,2.8421709430404014e-14
FR--R,17.619835014105774,4.263256414560601e-14,4.263256414560601e-14,4.263256414560601e-14
FR--R,17.657594853139017,1.4210854715202004e-14,1.4210854715202004e-14,1.4210854715202004e-14
FR--R,17.69408953207312,2.8421709430404014e-14,2.8421709430404014e-14,2.8421709430404014e-14
FR--R,17.731394201051444,2.8421709430404014e-14,2.8421709430404014e-14,2.8421709430404014e-14
FR--R,17.768067430122755,1.4210854715202004e-14,1.4210854715202004e-14,1.4210854715202004e-14
FR--R,17.804773338139057,1.4210854715202004e-14,1.4210854715202004e-14,1.4210854715202004e-14
FR--R,17.840953127131797,1.4210854715202004e-14,1.4210854715202004e-14,1.4210854715202004e-14
FR--R,17.87763126619393,1.4210854715202004e-14,1.4210854715202004e-14,1.4210854715202004e-14
FR--R,17.913750605192035,2.8421709430404014e-14,2.8421709430404014e-14,2.8421709430404014e-14
FR--R,17.95022474421421,2.8421709430404014e-14,2.8421709430404014e-14,2.8421709430404014e-14
FR--R,17.987078103236854,1.4210854715202004e-14,1.4210854715202004e-14,1.4210854715202004e-14
FR--R,18.02317073219456,0.0,0.0,0.0
FR--R,18.05960044113453,1.4210854715202004e-14,1.4210854715202004e-14,1.4210854715202004e-14
FR--R,18.095750830078032,2.8421709430404014e-14,2.8421709430404014e-14,2.8421709430404014e-14
FR--R,18.131919659033883,2.8421709430404014e-14,2.8421709430404014e-14,2.8421709430404014e-14
FR--R,18.16853316809284,0.0,0.0,0.0
FR--R,18.20532190607628,1.4210854715202004e-14,1.4210854715202004e-14,1.4210854715202004e-14
FR--R,18.24188176501775,0.0,0.0,0.0
FR--R,18.278485334070865,1.4210854715202004e-14,1.4210854715202004e-14,1.4210854715202004e-14
FR--R,18.315059003070928,1.4210854715202004e-14,1.4210854715202004e-14,1.4210854715202004e-14
FR--R,18.35192733211443,2.8421709430404014e-14,2.8421709430404014e-14,2.8421709430404014e-14
FR--R,18.38822763110511,0.0,0.0,0.0
FR--R,18.425721750187225,2.8421709430404014e-14,2.8421709430404014e-14,2.8421709430404014e-14
FR--R,18.46252527809702,0.0,0.0,0.0
FR--R,18.499347487057094,2.8421709430404014e-14,2.8421709430404014e-14,2.8421709430404014e-14
FR--R,18.53560630610445,1.4210854715202004e-14,1.4210854715202004e-14,1.4210854715202004e-14
FR--R,18.57198550517205,2.8421709430404014e-14,2.8421709430404014e-14,2.8421709430404014e-14
FR--R,18.60916161420755,2.8421709430404014e-14,2.8421709430404014e-14,2.8421709430404014e-14
FR--R,18.64604239311302,2.8421709430404014e-14,2.8421709430404014e-14,2.8421709430404014e-14
FR--R,18.683489652117714,1.4210854715202004e-14,1.4210854715202004e-14,1.4210854715202004e-14
FR--R,18.71966826118296,0.0,0.0,0.0
FR--R,18.756037940154783,1.4210854715202004e-14,1.4210854715202004e-14,1.4210854715202004e-14
FR--R,18.79223421809729,0.0,0.0,0.0
FR--R,18.829064427118283,2.8421709430404014e-14,2.8421709430404014e-14,2.8421709430404014e-14
FR--R,18.865939556097143,0.0,0.0,0.0
FR--R,18.902826105069835,1.4210854715202004e-14,1.4210854715202004e-14,1.4210854715202004e-14
FR--R,18.93861806410132,1.4210854715202004e-14,1.4210854715202004e-14,1.4210854715202004e-14
FR--R,18.97506533312844,1.4210854715202004e-14,1.4210854715202004e-14,1.4210854715202004e-14
FR--R,19.01197188219521,0.0,0.0,0.0
FR--R,19.04819872113876,0.0,0.0,0.0
FR--R,19.084632250131108,0.0,0.0,0.0
FR--R,19.12061836814973,1.4210854715202004e-14,1.4210854715202004e-14,1.4210854715202004e-14
FR--R,19.15640485711629,2.8421709430404014e-14,2.8421709430404014e-14,2.8421709430404014e-14
FR--R,19.19304594612913,1.4210854715202004e-14,1.4210854715202004e-14,1.4210854715202004e-14
FR--R,19.229529085103422,2.8421709430404014e-14,2.8421709430404014e-14,2.8421709430404014e-14
FR--R,19.2660811941023,0.0,0.0,0.0
FR--R,19.302286593068857,2.8421709430404014e-14,2.8421709430404014e-14,2.8421709430404014e-14
FR--R,19.33844098204281,0.0,0.0,0.0
FR--R,19.37488398095593,1.4210854715202004e-14,1.4210854715202004e-14,1.4210854715202004e-14
FR--R,19.41083915991476,2.8421709430404014e-14,2.8421709430404014e-14,2.8421709430404014e-14
FR--R,19.44661824888317,0.0,0.0,0.0
FR--R,19.482919227913957,2.8421709430404014e-14,2.8421709430404014e-14,2.8421709430404014e-14
FR--R,19.514394556870684,1.4210854715202004e-14,1.4210854715202004e-14,1.4210854715202004e-14
FR--R,19.545871195790824,1.4210854715202004e-14,1.4210854715202004e-14,1.4210854715202004e-14
FR--R,19.577627124788705,2.8421709430404014e-14,2.8421709430404014e-14,2.8421709430404014e-14
FR--R,19.60949686373351,1.4210854715202004e-14,1.4210854715202004e-14,1.4210854715202004e-14
FR--R,19.64169114275137,1.4210854715202004e-14,1.4210854715202004e-14,1.4210854715202004e-14
FR--R,19.673366171773523,2.8421709430404014e-14,2.8421709430404014e-14,2.8421709430404014e-14
FR--R,19.70569089084165,2.8421709430404014e-14,2.8421709430404014e-14,2.8421709430404014e-14
FR--R,19.737920609884892,2.8421709430404014e-14,2.8421709430404014e-14,2.8421709430404014e-14
FR--R,19.77065714885248,1.4210854715202004e-14,1.4210854715202004e-14,1.4210854715202004e-14
FR--R,19.8025349478703,0.0,0.0,0.0
FR--R,19.83519054687349,2.8421709430404014e-14,2.8421709430404014e-14,2.8421709430404014e-14
FR--R,19.867083285877012,1.4210854715202004e-14,1.4210854715202004e-14,1.4210854715202004e-14
FR--R,19.91058018495096,-1.4210854715202004e-14,-1.4210854715202004e-14,-1.4210854715202004e-14
FR--R,19.94620334391948,1.4210854715202004e-14,1.4210854715202004e-14,1.4210854715202004e-14
FR--R,19.97808032296598,1.4210854715202004e-14,1.4210854715202004e-14,1.4210854715202004e-14
FR--R,20.009638141898904,1.4210854715202004e-14,1.4210854715202004e-14,1.4210854715202004e-14
FR--R,20.040836390748154,2.8421709430404014e-14,2.8421709430404014e-14,2.8421709430404014e-14
FR--R,20.07244560966501,2.8421709430404014e-14,2.8421709430404014e-14,2.8421709430404014e-14
FR--R,20.103659508633427,1.4210854715202004e-14,1.4210854715202004e-14,1.4210854715202004e-14
FR--KL,0.0,545.7152083153993,545.7152083153993,545.7152083153993
FR--KL,0.0314728189841844,13483.584053651535,13483.584053651535,13483.584053651535
FR--KL,0.0621435779612511,10669.389903945426,10669.389903945426,10669.389903945426
FR--KL,0.0921938169631175,1987.78809100152,1987.78809100152,1987.78809100152
FR--KL,0.1222119859885424,305.5504334868589,305.5504334868589,305.5504334868589
FR--KL,0.1555880050291307,278.47112214714593,278.47112214714593,278.47112214714593
FR--KL,0.1878304440760985,15.253489722815884,15.253489722815884,15.253489722815884
FR--KL,0.2200922230258584,1.072222824401848,1.072222824401848,1.072222824401848
FR--KL,0.2534333819057792,0.0008915829838258,0.0008915829838258,0.0008915829838258
FR--KL,0.2850161509122699,6.631845735682873e-06,6.631845735682873e-06,6.631845735682873e-06
FR--KL,0.3170814698678441,5.6534759096393834e-08,5.6534759096393834e-08,5.6534759096393834e-08
FR--KL,0.3502584089292213,5.022400273446691e-10,5.022400273446691e-10,5.022400273446691e-10
FR--KL,0.3831076580099761,4.533262654149439e-12,4.533262654149439e-12,4.533262654149439e-12
FR--KL,0.4149625269928947,5.684341886080803e-14,5.684341886080803e-14,5.684341886080803e-14
FR--KL,0.449713805981446,1.4210854715202004e-14,1.4210854715202004e-14,1.4210854715202004e-14
FR--KL,0.4866579049848951,0.0,0.0,0.0
FR--KL,0.5210260839667171,2.8421709430404014e-14,2.8421709430404014e-14,2.8421709430404014e-14
FR--KL,0.5523083730367944,0.0,0.0,0.0
FR--KL,0.5832199219730683,-1.4210854715202004e-14,-1.4210854715202004e-14,-1.4210854715202004e-14
FR--KL,0.6139579509617761,1.4210854715202004e-14,1.4210854715202004e-14,1.4210854715202004e-14
FR--KL,0.6451778199989349,1.4210854715202004e-14,1.4210854715202004e-14,1.4210854715202004e-14
FR--KL,0.6863985090749338,1.4210854715202004e-14,1.4210854715202004e-14,1.4210854715202004e-14
FR--KL,0.7218654981115833,1.4210854715202004e-14,1.4210854715202004e-14,1.4210854715202004e-14
FR--KL,0.760964107059408,0.0,0.0,0.0
FR--KL,0.799809715943411,0.0,0.0,0.0
FR--KL,0.8342249148990959,2.8421709430404014e-14,2.8421709430404014e-14,2.8421709430404014e-14
FR--KL,0.869216913881246,2.8421709430404014e-14,2.8421709430404014e-14,2.8421709430404014e-14
FR--KL,0.9049308029352688,0.0,0.0,0.0
FR--KL,0.9424025219050236,0.0,0.0,0.0
FR--KL,0.9774460709886624,2.8421709430404014e-14,2.8421709430404014e-14,2.8421709430404014e-14
FR--KL,1.01251924992539,2.8421709430404014e-14,2.8421709430404014e-14,2.8421709430404014e-14
FR--KL,1.0501215790282004,0.0,0.0,0.0
FR--KL,1.0861941080656834,1.4210854715202004e-14,1.4210854715202004e-14,1.4210854715202004e-14
FR--KL,1.1191287870169615,2.8421709430404014e-14,2.8421709430404014e-14,2.8421709430404014e-14
FR--KL,1.1521719761076383,0.0,0.0,0.0
FR--KL,1.184609835210722,2.8421709430404014e-14,2.8421709430404014e-14,2.8421709430404014e-14
FR--KL,1.2197368742199617,2.8421709430404014e-14,2.8421709430404014e-14,2.8421709430404014e-14
FR--KL,1.257422473106999,0.0,0.0,0.0
FR--KL,1.2946342421346344,0.0,0.0,0.0
FR--KL,1.3315455300617032,2.8421709430404014e-14,2.8421709430404014e-14,2.8421709430404014e-14
FR--KL,1.3627199990442025,0.0,0.0,0.0
FR--KL,1.3939960480784066,0.0,0.0,0.0
FR--KL,1.418948468111921,0.0,0.0,0.0
FR--KL,1.4555293470039032,2.8421709430404014e-14,2.8421709430404014e-14,2.8421709430404014e-14
FR--KL,1.489098505990114,0.0,0.0,0.0
FR--KL,1.5227908850065432,0.0,0.0,0.0
FR--KL,1.5613995840540156,0.0,0.0,0.0
FR--KL,1.6203439520322718,2.8421709430404014e-14,2.8421709430404014e-14,2.8421709430404014e-14
FR--KL,1.653426531003788,2.8421709430404014e-14,2.8421709430404014e-14,2.8421709430404014e-14
FR--KL,1.6877813400351442,2.8421709430404014e-14,2.8421709430404014e-14,2.8421709430404014e-14
FR--KL,1.7196663189679384,2.8421709430404014e-14,2.8421709430404014e-14,2.8421709430404014e-14
FR--KL,1.7507253580261022,2.8421709430404014e-14,2.8421709430404014e-14,2.8421709430404014e-14
FR--KL,1.7820217580301687,0.0,0.0,0.0
FR--KL,1.8161022070562467,0.0,0.0,0.0
FR--KL,1.8473279771278608,2.8421709430404014e-14,2.8421709430404014e-14,2.8421709430404014e-14
FR--KL,1.869835426157806,0.0,0.0,0.0
FR--KL,1.9004496951820329,-1.4210854715202004e-14,-1.4210854715202004e-14,-1.4210854715202004e-14
FR--KL,1.930842304194812,2.8421709430404014e-14,2.8421709430404014e-14,2.8421709430404014e-14
FR--KL,1.96127131418325,2.8421709430404014e-14,2.8421709430404014e-14,2.8421709430404014e-14
FR--KL,1.9914035932160916,0.0,0.0,0.0
FR--KL,2.021483442222234,0.0,0.0,0.0
FR--KL,2.052826931118034,2.8421709430404014e-14,2.8421709430404014e-14,2.8421709430404014e-14
FR--KL,2.084054000210017,0.0,0.0,0.0
FR--KL,2.1163222292088903,1.4210854715202004e-14,1.4210854715202004e-14,1.4210854715202004e-14
FR--KL,2.146917508216575,1.4210854715202004e-14,1.4210854715202004e-14,1.4210854715202004e-14
FR--KL,2.176938607241027,0.0,0.0,0.0
FR--KL,2.215253276284784,0.0,0.0,0.0
FR--KL,2.245173195318785,1.4210854715202004e-14,1.4210854715202004e-14,1.4210854715202004e-14
FR--KL,2.2710164343588986,2.8421709430404014e-14,2.8421709430404014e-14,2.8421709430404014e-14
FR--KL,2.3063449832843617,2.8421709430404014e-14,2.8421709430404014e-14,2.8421709430404014e-14
FR--KL,2.3425746023422107,2.8421709430404014e-14,2.8421709430404014e-14,2.8421709430404014e-14
FR--KL,2.3769630913739093,0.0,0.0,0.0
FR--KL,2.4349723402410746,2.8421709430404014e-14,2.8421709430404014e-14,2.8421709430404014e-14
FR--KL,2.4701600892585702,2.8421709430404014e-14,2.8421709430404014e-14,2.8421709430404014e-14
FR--KL,2.525272647268139,0.0,0.0,0.0
FR--KL,2.5749709563096985,0.0,0.0,0.0
FR--KL,2.609194635297172,0.0,0.0,0.0
FR--KL,2.641211964422837,1.4210854715202004e-14,1.4210854715202004e-14,1.4210854715202004e-14
FR--KL,2.6726734234252945,0.0,0.0,0.0
FR--KL,2.7107317524496466,0.0,0.0,0.0
FR--KL,2.749731161340605,0.0,0.0,0.0
FR--KL,2.785222820297349,0.0,0.0,0.0
FR--KL,2.817024059244432,0.0,0.0,0.0
FR--KL,2.84795213828329,2.8421709430404014e-14,2.8421709430404014e-14,2.8421709430404014e-14
FR--KL,2.879363767337054,0.0,0.0,0.0
FR--KL,2.911050626367796,0.0,0.0,0.0
FR--KL,2.942637485335581,0.0,0.0,0.0
FR--KL,2.9731144452816807,1.4210854715202004e-14,1.4210854715202004e-14,1.4210854715202004e-14
FR--KL,3.004513874358963,1.4210854715202004e-14,1.4210854715202004e-14,1.4210854715202004e-14
FR--KL,3.0350694734370336,0.0,0.0,0.0
FR--KL,3.06555812235456,0.0,0.0,0.0
FR--KL,3.0963451514253397,0.0,0.0,0.0
FR--KL,3.1272695404477417,2.8421709430404014e-14,2.8421709430404014e-14,2.8421709430404014e-14
FR--KL,3.158462329476606,0.0,0.0,0.0
FR--KL,3.1891104884562083,0.0,0.0,0.0
FR--KL,3.220203217410017,0.0,0.0,0.0
FR--KL,3.250658386386931,0.0,0.0,0.0
FR--KL,3.2817713254480623,2.8421709430404014e-14,2.8421709430404014e-14,2.8421709430404014e-14
FR--KL,3.313541344425176,2.8421709430404014e-14,2.8421709430404014e-14,2.8421709430404014e-14
FR--KL,3.344565913430415,0.0,0.0,0.0
FR--KL,3.376154162338935,0.0,0.0,0.0
FR--KL,3.4073481014347635,0.0,0.0,0.0
FR--KL,3.439095580484718,2.8421709430404014e-14,2.8421709430404014e-14,2.8421709430404014e-14
FR--KL,3.469885539554525,2.8421709430404014e-14,2.8421709430404014e-14,2.8421709430404014e-14
FR--KL,3.507708288670983,0.0,0.0,0.0
FR--KL,3.537402577640023,2.8421709430404014e-14,2.8421709430404014e-14,2.8421709430404014e-14
FR--KL,3.5634924475452863,0.0,0.0,0.0
FR--KL,3.5953424065955915,0.0,0.0,0.0
FR--KL,3.627017205522861,0.0,0.0,0.0
FR--KL,3.65885927551426,2.8421709430404014e-14,2.8421709430404014e-14,2.8421709430404014e-14
FR--KL,3.692111124517396,2.8421709430404014e-14,2.8421709430404014e-14,2.8421709430404014e-14
FR--KL,3.7253510435693897,0.0,0.0,0.0
FR--KL,3.753333372587804,0.0,0.0,0.0
FR--KL,3.784662681689952,0.0,0.0,0.0
FR--KL,3.817455740645528,2.8421709430404014e-14,2.8421709430404014e-14,2.8421709430404014e-14
FR--KL,3.849429989582859,0.0,0.0,0.0
FR--KL,3.881358758546412,2.8421709430404014e-14,2.8421709430404014e-14,2.8421709430404014e-14
FR--KL,3.915368857502472,0.0,0.0,0.0
FR--KL,3.9475913764326833,0.0,0.0,0.0
FR--KL,3.983279905398376,2.8421709430404014e-14,2.8421709430404014e-14,2.8421709430404014e-14
FR--KL,4.019381354330108,0.0,0.0,0.0
FR--KL,4.055173043336254,0.0,0.0,0.0
FR--KL,4.089876712358091,0.0,0.0,0.0
FR--KL,4.123394281370565,2.8421709430404014e-14,2.8421709430404014e-14,2.8421709430404014e-14
FR--KL,4.166798040445428,0.0,0.0,0.0
FR--KL,4.206583639490418,2.8421709430404014e-14,2.8421709430404014e-14,2.8421709430404014e-14
FR--KL,4.24375610856805,0.0,0.0,0.0
FR--KL,4.275634777615778,2.8421709430404014e-14,2.8421709430404014e-14,2.8421709430404014e-14
FR--KL,4.307159276679158,1.4210854715202004e-14,1.4210854715202004e-14,1.4210854715202004e-14
FR--KL,4.333183545677457,0.0,0.0,0.0
FR--KL,4.365663494623732,0.0,0.0,0.0
FR--KL,4.397606663638726,2.8421709430404014e-14,2.8421709430404014e-14,2.8421709430404014e-14
FR--KL,4.430532512662467,2.8421709430404014e-14,2.8421709430404014e-14,2.8421709430404014e-14
FR--KL,4.4654927215888165,0.0,0.0,0.0
FR--KL,4.500485460506752,0.0,0.0,0.0
FR--KL,4.538044359534979,0.0,0.0,0.0
FR--KL,4.573448808514513,2.8421709430404014e-14,2.8421709430404014e-14,2.8421709430404014e-14
FR--KL,4.604385877493769,2.8421709430404014e-14,2.8421709430404014e-14,2.8421709430404014e-14
FR--KL,4.634702486509923,2.8421709430404014e-14,2.8421709430404014e-14,2.8421709430404014e-14
FR--KL,4.68325602443656,2.8421709430404014e-14,2.8421709430404014e-14,2.8421709430404014e-14
FR--KL,4.716000343381893,2.8421709430404014e-14,2.8421709430404014e-14,2.8421709430404014e-14
FR--KL,4.745754432340618,2.8421709430404014e-14,2.8421709430404014e-14,2.8421709430404014e-14
FR--KL,4.775658661266789,1.4210854715202004e-14,1.4210854715202004e-14,1.4210854715202004e-14
FR--KL,4.811831880244426,0.0,0.0,0.0
FR--KL,4.845265889249276,0.0,0.0,0.0
FR--KL,4.880204007145949,0.0,0.0,0.0
FR--KL,4.916717876272742,0.0,0.0,0.0
FR--KL,4.950010536180344,2.8421709430404014e-14,2.8421709430404014e-14,2.8421709430404014e-14
FR--KL,4.980846335180104,0.0,0.0,0.0
FR--KL,5.011828154150862,1.4210854715202004e-14,1.4210854715202004e-14,1.4210854715202004e-14
FR--KL,5.043243613210507,2.8421709430404014e-14,2.8421709430404014e-14,2.8421709430404014e-14
FR--KL,5.075988922268152,0.0,0.0,0.0
FR--KL,5.106726211204659,2.8421709430404014e-14,2.8421709430404014e-14,2.8421709430404014e-14
FR--KL,5.1390669802203774,2.8421709430404014e-14,2.8421709430404014e-14,2.8421709430404014e-14
FR--KL,5.1628303292091005,0.0,0.0,0.0
FR--KL,5.193913528230041,0.0,0.0,0.0
FR--KL,5.224358877225313,1.4210854715202004e-14,1.4210854715202004e-14,1.4210854715202004e-14
FR--KL,5.255328016181011,1.4210854715202004e-14,1.4210854715202004e-14,1.4210854715202004e-14
FR--KL,5.286483965173829,0.0,0.0,0.0
FR--KL,5.317815004149452,2.8421709430404014e-14,2.8421709430404014e-14,2.8421709430404014e-14
FR--KL,5.349305243114941,2.8421709430404014e-14,2.8421709430404014e-14,2.8421709430404014e-14
FR--KL,5.380332712084055,0.0,0.0,0.0
FR--KL,5.410726941074245,1.4210854715202004e-14,1.4210854715202004e-14,1.4210854715202004e-14
FR--KL,5.441003890067805,2.8421709430404014e-14,2.8421709430404014e-14,2.8421709430404014e-14
FR--KL,5.471790359064471,1.4210854715202004e-14,1.4210854715202004e-14,1.4210854715202004e-14
FR--KL,5.5021011080243625,1.4210854715202004e-14,1.4210854715202004e-14,1.4210854715202004e-14
FR--KL,5.532539708074182,1.4210854715202004e-14,1.4210854715202004e-14,1.4210854715202004e-14
FR--KL,5.565499697171617,2.8421709430404014e-14,2.8421709430404014e-14,2.8421709430404014e-14
FR--KL,5.597917846229393,0.0,0.0,0.0
FR--KL,5.62484558619326,2.8421709430404014e-14,2.8421709430404014e-14,2.8421709430404014e-14
FR--KL,5.66370786522748,0.0,0.0,0.0
FR--KL,5.70105406420771,1.4210854715202004e-14,1.4210854715202004e-14,1.4210854715202004e-14
FR--KL,5.735955273150466,1.4210854715202004e-14,1.4210854715202004e-14,1.4210854715202004e-14
FR--KL,5.76841616211459,0.0,0.0,0.0
FR--KL,5.804601901152637,1.4210854715202004e-14,1.4210854715202004e-14,1.4210854715202004e-14
FR--KL,5.844394410203677,0.0,0.0,0.0
FR--KL,5.875806459109299,1.4210854715202004e-14,1.4210854715202004e-14,1.4210854715202004e-14
FR--KL,5.907390978129115,2.8421709430404014e-14,2.8421709430404014e-14,2.8421709430404014e-14
FR--KL,5.938301787013188,0.0,0.0,0.0
FR--KL,5.970285466057248,2.8421709430404014e-14,2.8421709430404014e-14,2.8421709430404014e-14
FR--KL,6.002667894994374,-1.4210854715202004e-14,-1.4210854715202004e-14,-1.4210854715202004e-14
FR--KL,6.035342694027349,1.4210854715202004e-14,1.4210854715202004e-14,1.4210854715202004e-14
FR--KL,6.066905463056173,2.8421709430404014e-14,2.8421709430404014e-14,2.8421709430404014e-14
FR--KL,6.098566212051082,0.0,0.0,0.0
FR--KL,6.138422219955828,0.0,0.0,0.0
FR--KL,6.172647158964537,0.0,0.0,0.0
FR--KL,6.205650337971747,0.0,0.0,0.0
FR--KL,6.238347856909968,2.8421709430404014e-14,2.8421709430404014e-14,2.8421709430404014e-14
FR--KL,6.270459015911911,0.0,0.0,0.0
FR--KL,6.301857375947293,1.4210854715202004e-14,1.4210854715202004e-14,1.4210854715202004e-14
FR--KL,6.332584094896447,2.8421709430404014e-14,2.8421709430404014e-14,2.8421709430404014e-14
FR--KL,6.365273013885599,0.0,0.0,0.0
FR--KL,6.396778793889098,0.0,0.0,0.0
FR--KL,6.429277932969853,1.4210854715202004e-14,1.4210854715202004e-14,1.4210854715202004e-14
FR--KL,6.463507372012828,1.4210854715202004e-14,1.4210854715202004e-14,1.4210854715202004e-14
FR--KL,6.494709260936361,1.4210854715202004e-14,1.4210854715202004e-14,1.4210854715202004e-14
FR--KL,6.526259259902872,0.0,0.0,0.0
FR--KL,6.557156538881827,1.4210854715202004e-14,1.4210854715202004e-14,1.4210854715202004e-14
FR--KL,6.588981957931537,2.8421709430404014e-14,2.8421709430404014e-14,2.8421709430404014e-14
FR--KL,6.619431776809506,0.0,0.0,0.0
FR--KL,6.658860205847304,0.0,0.0,0.0
FR--KL,6.691543614782859,2.8421709430404014e-14,2.8421709430404014e-14,2.8421709430404014e-14
FR--KL,6.726798833697103,0.0,0.0,0.0
FR--KL,6.764183122606482,0.0,0.0,0.0
FR--KL,6.804677121632267,2.8421709430404014e-14,2.8421709430404014e-14,2.8421709430404014e-14
FR--KL,6.83942234062124,2.8421709430404014e-14,2.8421709430404014e-14,2.8421709430404014e-14
FR--KL,6.870681129570585,0.0,0.0,0.0
FR--KL,6.90223243861692,2.8421709430404014e-14,2.8421709430404014e-14,2.8421709430404014e-14
FR--KL,6.933282887563109,0.0,0.0,0.0
FR--KL,6.964625776512548,0.0,0.0,0.0
FR--KL,6.99543695547618,0.0,0.0,0.0
FR--KL,7.026511834410485,0.0,0.0,0.0
FR--KL,7.057117683347315,0.0,0.0,0.0
FR--KL,7.089003992383368,0.0,0.0,0.0
FR--KL,7.123008091410156,2.8421709430404014e-14,2.8421709430404014e-14,2.8421709430404014e-14
FR--KL,7.154943970381282,2.8421709430404014e-14,2.8421709430404014e-14,2.8421709430404014e-14
FR--KL,7.186424489424098,2.8421709430404014e-14,2.8421709430404014e-14,2.8421709430404014e-14
FR--KL,7.218650788476225,0.0,0.0,0.0
FR--KL,7.250511137477588,2.8421709430404014e-14,2.8421709430404014e-14,2.8421709430404014e-14
FR--KL,7.282940466480795,0.0,0.0,0.0
FR--KL,7.313634595426265,2.8421709430404014e-14,2.8421709430404014e-14,2.8421709430404014e-14
FR--KL,7.345611054333858,0.0,0.0,0.0
FR--KL,7.380340573377907,2.8421709430404014e-14,2.8421709430404014e-14,2.8421709430404014e-14
FR--KL,7.415884362417273,0.0,0.0,0.0
FR--KL,7.456833291449584,2.8421709430404014e-14,2.8421709430404014e-14,2.8421709430404014e-14
FR--KL,7.500650949368719,2.8421709430404014e-14,2.8421709430404014e-14,2.8421709430404014e-14
FR--KL,7.5325490683317184,0.0,0.0,0.0
FR--KL,7.563598507316783,2.8421709430404014e-14,2.8421709430404014e-14,2.8421709430404014e-14
FR--KL,7.594448856310919,2.8421709430404014e-14,2.8421709430404014e-14,2.8421709430404014e-14
FR--KL,7.626511725306045,1.4210854715202004e-14,1.4210854715202004e-14,1.4210854715202004e-14
FR--KL,7.6689403433701955,1.4210854715202004e-14,1.4210854715202004e-14,1.4210854715202004e-14
FR--KL,7.706030592380557,0.0,0.0,0.0
FR--KL,7.737696921394672,1.4210854715202004e-14,1.4210854715202004e-14,1.4210854715202004e-14
FR--KL,7.769013930403162,4.263256414560601e-14,4.263256414560601e-14,4.263256414560601e-14
FR--KL,7.799444829463027,1.4210854715202004e-14,1.4210854715202004e-14,1.4210854715202004e-14
FR--KL,7.829729289398529,2.8421709430404014e-14,2.8421709430404014e-14,2.8421709430404014e-14
FR--KL,7.860859668289777,2.8421709430404014e-14,2.8421709430404014e-14,2.8421709430404014e-14
FR--KL,7.885268387326505,0.0,0.0,0.0
FR--KL,7.917003236419987,1.4210854715202004e-14,1.4210854715202004e-14,1.4210854715202004e-14
FR--KL,7.947638505487703,2.8421709430404014e-14,2.8421709430404014e-14,2.8421709430404014e-14
FR--KL,7.978029554535169,0.0,0.0,0.0
FR--KL,8.008191173546948,2.8421709430404014e-14,2.8421709430404014e-14,2.8421709430404014e-14
FR--KL,8.038028242590372,2.8421709430404014e-14,2.8421709430404014e-14,2.8421709430404014e-14
FR--KL,8.068199641536921,2.8421709430404014e-14,2.8421709430404014e-14,2.8421709430404014e-14
FR--KL,8.0990282605635,0.0,0.0,0.0
FR--KL,8.123549990472384,0.0,0.0,0.0
FR--KL,8.153730349440593,1.4210854715202004e-14,1.4210854715202004e-14,1.4210854715202004e-14
FR--KL,8.184019208420068,2.8421709430404014e-14,2.8421709430404014e-14,2.8421709430404014e-14
FR--KL,8.21430584747577,1.4210854715202004e-14,1.4210854715202004e-14,1.4210854715202004e-14
FR--KL,8.245071226439904,0.0,0.0,0.0
FR--KL,8.276535185519606,1.4210854715202004e-14,1.4210854715202004e-14,1.4210854715202004e-14
FR--KL,8.30828122451203,0.0,0.0,0.0
FR--KL,8.338770993577782,0.0,0.0,0.0
FR--KL,8.374305742559955,1.4210854715202004e-14,1.4210854715202004e-14,1.4210854715202004e-14
FR--KL,8.410591581545305,2.8421709430404014e-14,2.8421709430404014e-14,2.8421709430404014e-14
FR--KL,8.445442180498503,1.4210854715202004e-14,1.4210854715202004e-14,1.4210854715202004e-14
FR--KL,8.499314228480216,1.4210854715202004e-14,1.4210854715202004e-14,1.4210854715202004e-14
FR--KL,8.535127857583575,0.0,0.0,0.0
FR--KL,8.572267026582267,0.0,0.0,0.0
FR--KL,8.603308515565004,0.0,0.0,0.0
FR--KL,8.640332514536567,2.8421709430404014e-14,2.8421709430404014e-14,2.8421709430404014e-14
FR--KL,8.677500383462757,0.0,0.0,0.0
FR--KL,8.710106662416365,2.8421709430404014e-14,2.8421709430404014e-14,2.8421709430404014e-14
FR--KL,8.742317941447254,1.4210854715202004e-14,1.4210854715202004e-14,1.4210854715202004e-14
FR--KL,8.77271170046879,0.0,0.0,0.0
FR--KL,8.802836569375359,0.0,0.0,0.0
FR--KL,8.841000238491688,2.8421709430404014e-14,2.8421709430404014e-14,2.8421709430404014e-14
FR--KL,8.874966477567796,1.4210854715202004e-14,1.4210854715202004e-14,1.4210854715202004e-14
FR--KL,8.907539416570216,0.0,0.0,0.0
FR--KL,8.942881575552747,2.8421709430404014e-14,2.8421709430404014e-14,2.8421709430404014e-14
FR--KL,8.978066094627138,2.8421709430404014e-14,2.8421709430404014e-14,2.8421709430404014e-14
FR--KL,9.01343809365062,2.8421709430404014e-14,2.8421709430404014e-14,2.8421709430404014e-14
FR--KL,9.048835432622582,1.4210854715202004e-14,1.4210854715202004e-14,1.4210854715202004e-14
FR--KL,9.08441627159482,2.8421709430404014e-14,2.8421709430404014e-14,2.8421709430404014e-14
FR--KL,9.11745610059006,2.8421709430404014e-14,2.8421709430404014e-14,2.8421709430404014e-14
FR--KL,9.15282169956481,2.8421709430404014e-14,2.8421709430404014e-14,2.8421709430404014e-14
FR--KL,9.189658838673497,2.8421709430404014e-14,2.8421709430404014e-14,2.8421709430404014e-14
FR--KL,9.227068837732077,2.8421709430404014e-14,2.8421709430404014e-14,2.8421709430404014e-14
FR--KL,9.259597776806912,1.4210854715202004e-14,1.4210854715202004e-14,1.4210854715202004e-14
FR--KL,9.290522125782443,0.0,0.0,0.0
FR--KL,9.323445924790576,2.8421709430404014e-14,2.8421709430404014e-14,2.8421709430404014e-14
FR--KL,9.357856353744864,1.4210854715202004e-14,1.4210854715202004e-14,1.4210854715202004e-14
FR--KL,9.39435074274661,2.8421709430404014e-14,2.8421709430404014e-14,2.8421709430404014e-14
FR--KL,9.430434331763536,0.0,0.0,0.0
FR--KL,9.466261210676748,2.8421709430404014e-14,2.8421709430404014e-14,2.8421709430404014e-14
FR--KL,9.500576249673031,2.8421709430404014e-14,2.8421709430404014e-14,2.8421709430404014e-14
FR--KL,9.538417698640842,1.4210854715202004e-14,1.4210854715202004e-14,1.4210854715202004e-14
FR--KL,9.570787547563668,1.4210854715202004e-14,1.4210854715202004e-14,1.4210854715202004e-14
FR--KL,9.60129195638001,0.0,0.0,0.0
FR--KL,9.631491215375718,0.0,0.0,0.0
FR--KL,9.661723234399687,0.0,0.0,0.0
FR--KL,9.693278863327578,0.0,0.0,0.0
FR--KL,9.724617482337637,0.0,0.0,0.0
FR--KL,9.75504424131941,2.8421709430404014e-14,2.8421709430404014e-14,2.8421709430404014e-14
FR--KL,9.786440060241148,0.0,0.0,0.0
FR--KL,9.81832319922978,0.0,0.0,0.0
FR--KL,9.84873967821477,2.8421709430404014e-14,2.8421709430404014e-14,2.8421709430404014e-14
FR--KL,9.88020275713643,1.4210854715202004e-14,1.4210854715202004e-14,1.4210854715202004e-14
FR--KL,9.911467916099356,1.4210854715202004e-14,1.4210854715202004e-14,1.4210854715202004e-14
FR--KL,9.942706115019972,0.0,0.0,0.0
FR--KL,9.97453783400124,2.8421709430404014e-14,2.8421709430404014e-14,2.8421709430404014e-14
FR--KL,10.001562183024362,0.0,0.0,0.0
FR--KL,10.033089883101638,2.8421709430404014e-14,2.8421709430404014e-14,2.8421709430404014e-14
FR--KL,10.065223062061705,4.263256414560601e-14,4.263256414560601e-14,4.263256414560601e-14
FR--KL,10.096704701136332,0.0,0.0,0.0
FR--KL,10.127501390175894,0.0,0.0,0.0
FR--KL,10.158219669188838,2.8421709430404014e-14,2.8421709430404014e-14,2.8421709430404014e-14
FR--KL,10.189887538261246,1.4210854715202004e-14,1.4210854715202004e-14,1.4210854715202004e-14
FR--KL,10.224006787175313,1.4210854715202004e-14,1.4210854715202004e-14,1.4210854715202004e-14
FR--KL,10.258373676100746,0.0,0.0,0.0
FR--KL,10.294427005050238,2.8421709430404014e-14,2.8421709430404014e-14,2.8421709430404014e-14
FR--KL,10.325384604104327,0.0,0.0,0.0
FR--KL,10.35637006314937,0.0,0.0,0.0
FR--KL,10.388295882148668,0.0,0.0,0.0
FR--KL,10.43002307106508,0.0,0.0,0.0
FR--KL,10.461262820055708,0.0,0.0,0.0
FR--KL,10.49174445902463,1.4210854715202004e-14,1.4210854715202004e-14,1.4210854715202004e-14
FR--KL,10.522581789002288,1.4210854715202004e-14,1.4210854715202004e-14,1.4210854715202004e-14
FR--KL,10.553371887945104,1.4210854715202004e-14,1.4210854715202004e-14,1.4210854715202004e-14
FR--KL,10.585053946997505,2.8421709430404014e-14,2.8421709430404014e-14,2.8421709430404014e-14
FR--KL,10.612125555926468,0.0,0.0,0.0
FR--KL,10.647337544942276,2.8421709430404014e-14,2.8421709430404014e-14,2.8421709430404014e-14
FR--KL,10.679812863876576,1.4210854715202004e-14,1.4210854715202004e-14,1.4210854715202004e-14
FR--KL,10.713186812819911,0.0,0.0,0.0
FR--KL,10.746257361839524,0.0,0.0,0.0
FR--KL,10.78078530082712,0.0,0.0,0.0
FR--KL,10.813208709820174,2.8421709430404014e-14,2.8421709430404014e-14,2.8421709430404014e-14
FR--KL,10.846619528892916,0.0,0.0,0.0
FR--KL,10.878729487827512,2.8421709430404014e-14,2.8421709430404014e-14,2.8421709430404014e-14
FR--KL,10.91180844680639,2.8421709430404014e-14,2.8421709430404014e-14,2.8421709430404014e-14
FR--KL,10.94801045471104,2.8421709430404014e-14,2.8421709430404014e-14,2.8421709430404014e-14
FR--KL,10.986442083667498,2.8421709430404014e-14,2.8421709430404014e-14,2.8421709430404014e-14
FR--KL,11.023852772719692,1.4210854715202004e-14,1.4210854715202004e-14,1.4210854715202004e-14
FR--KL,11.054928321857004,0.0,0.0,0.0
FR--KL,11.086207770858891,0.0,0.0,0.0
FR--KL,11.111247939872555,2.8421709430404014e-14,2.8421709430404014e-14,2.8421709430404014e-14
FR--KL,11.149441998859402,2.8421709430404014e-14,2.8421709430404014e-14,2.8421709430404014e-14
FR--KL,11.183948227844668,2.8421709430404014e-14,2.8421709430404014e-14,2.8421709430404014e-14
FR--KL,11.216324186883869,2.8421709430404014e-14,2.8421709430404014e-14,2.8421709430404014e-14
FR--KL,11.252503804920709,2.8421709430404014e-14,2.8421709430404014e-14,2.8421709430404014e-14
FR--KL,11.287883643934038,0.0,0.0,0.0
FR--KL,11.323463252920192,0.0,0.0,0.0
FR--KL,11.359951601945795,2.8421709430404014e-14,2.8421709430404014e-14,2.8421709430404014e-14
FR--KL,11.395891481020954,2.8421709430404014e-14,2.8421709430404014e-14,2.8421709430404014e-14
FR--KL,11.442396939033642,0.0,0.0,0.0
FR--KL,11.483980028133374,1.4210854715202004e-14,1.4210854715202004e-14,1.4210854715202004e-14
FR--KL,11.52198715711711,0.0,0.0,0.0
FR--KL,11.564887595188338,0.0,0.0,0.0
FR--KL,11.59633897425374,0.0,0.0,0.0
FR--KL,11.6300458132755,0.0,0.0,0.0
FR--KL,11.66285877226619,2.8421709430404014e-14,2.8421709430404014e-14,2.8421709430404014e-14
FR--KL,11.69593368115602,2.8421709430404014e-14,2.8421709430404014e-14,2.8421709430404014e-14
FR--KL,11.7276601800113,2.8421709430404014e-14,2.8421709430404014e-14,2.8421709430404014e-14
FR--KL,11.758771579072343,1.4210854715202004e-14,1.4210854715202004e-14,1.4210854715202004e-14
FR--KL,11.790237548062578,0.0,0.0,0.0
FR--KL,11.82113823707914,0.0,0.0,0.0
FR--KL,11.851564366137609,0.0,0.0,0.0
FR--KL,11.881802445102949,2.8421709430404014e-14,2.8421709430404014e-14,2.8421709430404014e-14
FR--KL,11.908001234056428,2.8421709430404014e-14,2.8421709430404014e-14,2.8421709430404014e-14
FR--KL,11.940117603051476,0.0,0.0,0.0
FR--KL,11.972524852026254,2.8421709430404014e-14,2.8421709430404014e-14,2.8421709430404014e-14
FR--KL,12.003903431002982,0.0,0.0,0.0
FR--KL,12.034770819998812,1.4210854715202004e-14,1.4210854715202004e-14,1.4210854715202004e-14
FR--KL,12.066282458952628,2.8421709430404014e-14,2.8421709430404014e-14,2.8421709430404014e-14
FR--KL,12.097328938019928,0.0,0.0,0.0
FR--KL,12.127594186924398,0.0,0.0,0.0
FR--KL,12.16050788591383,2.8421709430404014e-14,2.8421709430404014e-14,2.8421709430404014e-14
FR--KL,12.194195214950014,0.0,0.0,0.0
FR--KL,12.226002073963173,1.4210854715202004e-14,1.4210854715202004e-14,1.4210854715202004e-14
FR--KL,12.257139423047192,0.0,0.0,0.0
FR--KL,12.28781254205387,2.8421709430404014e-14,2.8421709430404014e-14,2.8421709430404014e-14
FR--KL,12.361519000085536,2.8421709430404014e-14,2.8421709430404014e-14,2.8421709430404014e-14
FR--KL,12.391672279045451,0.0,0.0,0.0
FR--KL,12.42209264804842,0.0,0.0,0.0
FR--KL,12.453675777069291,2.8421709430404014e-14,2.8421709430404014e-14,2.8421709430404014e-14
FR--KL,12.483811386046,0.0,0.0,0.0
FR--KL,12.512489355169237,0.0,0.0,0.0
FR--KL,12.546257904206868,1.4210854715202004e-14,1.4210854715202004e-14,1.4210854715202004e-14
FR--KL,12.57973069313448,0.0,0.0,0.0
FR--KL,12.613535872136708,0.0,0.0,0.0
FR--KL,12.648613321129233,0.0,0.0,0.0
FR--KL,12.682427370164078,2.8421709430404014e-14,2.8421709430404014e-14,2.8421709430404014e-14
FR--KL,12.715908249141648,0.0,0.0,0.0
FR--KL,12.74695688812062,0.0,0.0,0.0
FR--KL,12.78096227714559,1.4210854715202004e-14,1.4210854715202004e-14,1.4210854715202004e-14
FR--KL,12.816218176099936,2.8421709430404014e-14,2.8421709430404014e-14,2.8421709430404014e-14
FR--KL,12.854385235055815,1.4210854715202004e-14,1.4210854715202004e-14,1.4210854715202004e-14
FR--KL,12.893155354075134,2.8421709430404014e-14,2.8421709430404014e-14,2.8421709430404014e-14
FR--KL,12.928481193026528,2.8421709430404014e-14,2.8421709430404014e-14,2.8421709430404014e-14
FR--KL,12.961857062065974,0.0,0.0,0.0
FR--KL,12.993519231036773,0.0,0.0,0.0
FR--KL,13.027931370015722,1.4210854715202004e-14,1.4210854715202004e-14,1.4210854715202004e-14
FR--KL,13.066796319035348,0.0,0.0,0.0
FR--KL,13.10238002805272,1.4210854715202004e-14,1.4210854715202004e-14,1.4210854715202004e-14
FR--KL,13.15506817708956,0.0,0.0,0.0
FR--KL,13.21939005504828,0.0,0.0,0.0
FR--KL,13.251502514001912,0.0,0.0,0.0
FR--KL,13.287941112939734,1.4210854715202004e-14,1.4210854715202004e-14,1.4210854715202004e-14
FR--KL,13.327694910927676,0.0,0.0,0.0
FR--KL,13.368421229999512,0.0,0.0,0.0
FR--KL,13.399508018919732,2.8421709430404014e-14,2.8421709430404014e-14,2.8421709430404014e-14
FR--KL,13.430342987878248,1.4210854715202004e-14,1.4210854715202004e-14,1.4210854715202004e-14
FR--KL,13.46083039790392,2.8421709430404014e-14,2.8421709430404014e-14,2.8421709430404014e-14
FR--KL,13.491148436965888,2.8421709430404014e-14,2.8421709430404014e-14,2.8421709430404014e-14
FR--KL,13.521226076059977,0.0,0.0,0.0
FR--KL,13.5532135150861,0.0,0.0,0.0
FR--KL,13.583654864050914,2.8421709430404014e-14,2.8421709430404014e-14,2.8421709430404014e-14
FR--KL,13.614919883140828,2.8421709430404014e-14,2.8421709430404014e-14,2.8421709430404014e-14
FR--KL,13.645625792152714,2.8421709430404014e-14,2.8421709430404014e-14,2.8421709430404014e-14
FR--KL,13.676109911117235,0.0,0.0,0.0
FR--KL,13.714637600060088,2.8421709430404014e-14,2.8421709430404014e-14,2.8421709430404014e-14
FR--KL,13.760586869029794,1.4210854715202004e-14,1.4210854715202004e-14,1.4210854715202004e-14
FR--KL,13.79195821803296,2.8421709430404014e-14,2.8421709430404014e-14,2.8421709430404014e-14
FR--KL,13.824971407069825,1.4210854715202004e-14,1.4210854715202004e-14,1.4210854715202004e-14
FR--KL,13.856213796010708,2.8421709430404014e-14,2.8421709430404014e-14,2.8421709430404014e-14
FR--KL,13.884865285013802,0.0,0.0,0.0
FR--KL,13.915132644004188,2.8421709430404014e-14,2.8421709430404014e-14,2.8421709430404014e-14
FR--KL,13.945078422955705,0.0,0.0,0.0
FR--KL,13.969709001947194,2.8421709430404014e-14,2.8421709430404014e-14,2.8421709430404014e-14
FR--KL,14.000920480932107,0.0,0.0,0.0
FR--KL,14.032227689982392,0.0,0.0,0.0
FR--KL,14.063645358895885,0.0,0.0,0.0
FR--KL,14.0937837579404,0.0,0.0,0.0
FR--KL,14.129905246954875,-1.4210854715202004e-14,-1.4210854715202004e-14,-1.4210854715202004e-14
FR--KL,14.16872670588782,-1.4210854715202004e-14,-1.4210854715202004e-14,-1.4210854715202004e-14
FR--KL,14.203198544855695,2.8421709430404014e-14,2.8421709430404014e-14,2.8421709430404014e-14
FR--KL,14.23759618389886,2.8421709430404014e-14,2.8421709430404014e-14,2.8421709430404014e-14
FR--KL,14.26778178283712,1.4210854715202004e-14,1.4210854715202004e-14,1.4210854715202004e-14
FR--KL,14.298293361905962,2.8421709430404014e-14,2.8421709430404014e-14,2.8421709430404014e-14
FR--KL,14.328503140888644,0.0,0.0,0.0
FR--KL,14.358663930906914,-1.4210854715202004e-14,-1.4210854715202004e-14,-1.4210854715202004e-14
FR--KL,14.389996769838037,2.8421709430404014e-14,2.8421709430404014e-14,2.8421709430404014e-14
FR--KL,14.420439318811988,2.8421709430404014e-14,2.8421709430404014e-14,2.8421709430404014e-14
FR--KL,14.45080219884403,1.4210854715202004e-14,1.4210854715202004e-14,1.4210854715202004e-14
FR--KL,14.489022597845178,0.0,0.0,0.0
FR--KL,14.5268895268091,2.8421709430404014e-14,2.8421709430404014e-14,2.8421709430404014e-14
FR--KL,14.55417878588196,-2.8421709430404014e-14,-2.8421709430404014e-14,-2.8421709430404014e-14
FR--KL,14.58547742490191,0.0,0.0,0.0
FR--KL,14.631741522927769,2.8421709430404014e-14,2.8421709430404014e-14,2.8421709430404014e-14
FR--KL,14.668499840947334,2.8421709430404014e-14,2.8421709430404014e-14,2.8421709430404014e-14
FR--KL,14.709088289819192,2.8421709430404014e-14,2.8421709430404014e-14,2.8421709430404014e-14
FR--KL,14.749723468732554,0.0,0.0,0.0
FR--KL,14.785822476726024,2.8421709430404014e-14,2.8421709430404014e-14,2.8421709430404014e-14
FR--KL,14.820196875778493,2.8421709430404014e-14,2.8421709430404014e-14,2.8421709430404014e-14
FR--KL,14.85297845484456,2.8421709430404014e-14,2.8421709430404014e-14,2.8421709430404014e-14
FR--KL,14.884207863826305,2.8421709430404014e-14,2.8421709430404014e-14,2.8421709430404014e-14
FR--KL,14.93167172180256,0.0,0.0,0.0
FR--KL,14.966089780733457,0.0,0.0,0.0
FR--KL,15.004174508736469,0.0,0.0,0.0
FR--KL,15.035621787712444,0.0,0.0,0.0
FR--KL,15.066981776733885,0.0,0.0,0.0
FR--KL,15.097557135741226,0.0,0.0,0.0
FR--KL,15.12654460471822,0.0,0.0,0.0
FR--KL,15.157352803682445,0.0,0.0,0.0
FR--KL,15.189291822782252,0.0,0.0,0.0
FR--KL,15.221551601716785,2.8421709430404014e-14,2.8421709430404014e-14,2.8421709430404014e-14
FR--KL,15.256956810771952,0.0,0.0,0.0
FR--KL,15.288998109754177,1.4210854715202004e-14,1.4210854715202004e-14,1.4210854715202004e-14
FR--KL,15.320499628665855,2.8421709430404014e-14,2.8421709430404014e-14,2.8421709430404014e-14
FR--KL,15.351372157689184,2.8421709430404014e-14,2.8421709430404014e-14,2.8421709430404014e-14
FR--KL,15.3832845367142,0.0,0.0,0.0
FR--KL,15.414618895738386,0.0,0.0,0.0
FR--KL,15.448277714720462,2.8421709430404014e-14,2.8421709430404014e-14,2.8421709430404014e-14
FR--KL,15.480223653721623,2.8421709430404014e-14,2.8421709430404014e-14,2.8421709430404014e-14
FR--KL,15.51078049268108,2.8421709430404014e-14,2.8421709430404014e-14,2.8421709430404014e-14
FR--KL,15.542028711701278,0.0,0.0,0.0
FR--KL,15.57218356069643,1.4210854715202004e-14,1.4210854715202004e-14,1.4210854715202004e-14
FR--KL,15.602399429713842,0.0,0.0,0.0
FR--KL,15.64178304874804,0.0,0.0,0.0
FR--KL,15.674413727712816,2.8421709430404014e-14,2.8421709430404014e-14,2.8421709430404014e-14
FR--KL,15.71069359674584,0.0,0.0,0.0
FR--KL,15.748011605755892,4.263256414560601e-14,4.263256414560601e-14,4.263256414560601e-14
FR--KL,15.783326654753182,0.0,0.0,0.0
FR--KL,15.8173843237455,2.8421709430404014e-14,2.8421709430404014e-14,2.8421709430404014e-14
FR--KL,15.849106212612242,0.0,0.0,0.0
FR--KL,15.882431611593349,1.4210854715202004e-14,1.4210854715202004e-14,1.4210854715202004e-14
FR--KL,15.920872729562689,1.4210854715202004e-14,1.4210854715202004e-14,1.4210854715202004e-14
FR--KL,15.95540274848463,-1.4210854715202004e-14,-1.4210854715202004e-14,-1.4210854715202004e-14
FR--KL,15.988142157439142,2.8421709430404014e-14,2.8421709430404014e-14,2.8421709430404014e-14
FR--KL,16.019482466450427,2.8421709430404014e-14,2.8421709430404014e-14,2.8421709430404014e-14
FR--KL,16.051617135526612,1.4210854715202004e-14,1.4210854715202004e-14,1.4210854715202004e-14
FR--KL,16.083496154518798,0.0,0.0,0.0
FR--KL,16.11959930357989,0.0,0.0,0.0
FR--KL,16.165539522480685,0.0,0.0,0.0
FR--KL,16.213118610496167,2.8421709430404014e-14,2.8421709430404014e-14,2.8421709430404014e-14
FR--KL,16.245063579408452,1.4210854715202004e-14,1.4210854715202004e-14,1.4210854715202004e-14
FR--KL,16.27686734846793,2.8421709430404014e-14,2.8421709430404014e-14,2.8421709430404014e-14
FR--KL,16.308560897479765,-1.4210854715202004e-14,-1.4210854715202004e-14,-1.4210854715202004e-14
FR--KL,16.35170266550267,1.4210854715202004e-14,1.4210854715202004e-14,1.4210854715202004e-14
FR--KL,16.388114334491547,2.8421709430404014e-14,2.8421709430404014e-14,2.8421709430404014e-14
FR--KL,16.41920833347831,2.8421709430404014e-14,2.8421709430404014e-14,2.8421709430404014e-14
FR--KL,16.45191280246945,-1.4210854715202004e-14,-1.4210854715202004e-14,-1.4210854715202004e-14
FR--KL,16.48586325137876,0.0,0.0,0.0
FR--KL,16.5205721904058,2.8421709430404014e-14,2.8421709430404014e-14,2.8421709430404014e-14
FR--KL,16.55147588934051,2.8421709430404014e-14,2.8421709430404014e-14,2.8421709430404014e-14
FR--KL,16.582284939358942,1.4210854715202004e-14,1.4210854715202004e-14,1.4210854715202004e-14
FR--KL,16.61363782832632,2.8421709430404014e-14,2.8421709430404014e-14,2.8421709430404014e-14
FR--KL,16.64647355733905,2.8421709430404014e-14,2.8421709430404014e-14,2.8421709430404014e-14
FR--KL,16.677198777266312,0.0,0.0,0.0
FR--KL,16.708498076186515,0.0,0.0,0.0
FR--KL,16.74024831521092,0.0,0.0,0.0
FR--KL,16.77327716414584,2.8421709430404014e-14,2.8421709430404014e-14,2.8421709430404014e-14
FR--KL,16.807169523090124,2.8421709430404014e-14,2.8421709430404014e-14,2.8421709430404014e-14
FR--KL,16.837483062117826,2.8421709430404014e-14,2.8421709430404014e-14,2.8421709430404014e-14
FR--KL,16.868318381137215,0.0,0.0,0.0
FR--KL,16.899574590206612,2.8421709430404014e-14,2.8421709430404014e-14,2.8421709430404014e-14
FR--KL,16.930135759233963,0.0,0.0,0.0
FR--KL,16.963360628287774,2.8421709430404014e-14,2.8421709430404014e-14,2.8421709430404014e-14
FR--KL,16.996491237194277,0.0,0.0,0.0
FR--KL,17.030817635240965,2.8421709430404014e-14,2.8421709430404014e-14,2.8421709430404014e-14
FR--KL,17.080770293134265,0.0,0.0,0.0
FR--KL,17.113385632110294,1.4210854715202004e-14,1.4210854715202004e-14,1.4210854715202004e-14
FR--KL,17.145704691065475,0.0,0.0,0.0
FR--KL,17.176702330063563,0.0,0.0,0.0
FR--KL,17.207187639083713,2.8421709430404014e-14,2.8421709430404014e-14,2.8421709430404014e-14
FR--KL,17.23908494814532,2.8421709430404014e-14,2.8421709430404014e-14,2.8421709430404014e-14
FR--KL,17.27715947717661,2.8421709430404014e-14,2.8421709430404014e-14,2.8421709430404014e-14
FR--KL,17.314669045095798,0.0,0.0,0.0
FR--KL,17.348646644037217,2.8421709430404014e-14,2.8421709430404014e-14,2.8421709430404014e-14
FR--KL,17.383221313066315,2.8421709430404014e-14,2.8421709430404014e-14,2.8421709430404014e-14
FR--KL,17.417897052073386,1.4210854715202004e-14,1.4210854715202004e-14,1.4210854715202004e-14
FR--KL,17.458289081056137,2.8421709430404014e-14,2.8421709430404014e-14,2.8421709430404014e-14
FR--KL,17.490744729992002,1.4210854715202004e-14,1.4210854715202004e-14,1.4210854715202004e-14
FR--KL,17.524195208912715,1.4210854715202004e-14,1.4210854715202004e-14,1.4210854715202004e-14
FR--KL,17.556609377847053,1.4210854715202004e-14,1.4210854715202004e-14,1.4210854715202004e-14
FR--KL,17.59360923676286,0.0,0.0,0.0
FR--KL,17.630989075812977,0.0,0.0,0.0
FR--KL,17.663830214878544,2.8421709430404014e-14,2.8421709430404014e-14,2.8421709430404014e-14
FR--KL,17.696328313846607,1.4210854715202004e-14,1.4210854715202004e-14,1.4210854715202004e-14
FR--KL,17.74274500273168,0.0,0.0,0.0
FR--KL,17.77330750168767,0.0,0.0,0.0
FR--KL,17.80477196065476,1.4210854715202004e-14,1.4210854715202004e-14,1.4210854715202004e-14
FR--KL,17.83709449961316,2.8421709430404014e-14,2.8421709430404014e-14,2.8421709430404014e-14
FR--KL,17.87181633862201,2.8421709430404014e-14,2.8421709430404014e-14,2.8421709430404014e-14
FR--KL,17.9073547066655,2.8421709430404014e-14,2.8421709430404014e-14,2.8421709430404014e-14
FR--KL,17.93805757566588,0.0,0.0,0.0
FR--KL,17.973862894636113,0.0,0.0,0.0
FR--KL,18.01067547366256,0.0,0.0,0.0
FR--KL,18.041232682589907,2.8421709430404014e-14,2.8421709430404014e-14,2.8421709430404014e-14
FR--KL,18.07181832159404,0.0,0.0,0.0
FR--KL,18.103224880527705,2.8421709430404014e-14,2.8421709430404014e-14,2.8421709430404014e-14
FR--KL,18.134140789567027,2.8421709430404014e-14,2.8421709430404014e-14,2.8421709430404014e-14
FR--KL,18.16460399859352,1.4210854715202004e-14,1.4210854715202004e-14,1.4210854715202004e-14
FR--KL,18.195016597630456,1.4210854715202004e-14,1.4210854715202004e-14,1.4210854715202004e-14
FR--KL,18.225841466570277,2.8421709430404014e-14,2.8421709430404014e-14,2.8421709430404014e-14
FR--KL,18.25621190550737,2.8421709430404014e-14,2.8421709430404014e-14,2.8421709430404014e-14
FR--KL,18.28639609448146,0.0,0.0,0.0
FR--KL,18.31668371346313,1.4210854715202004e-14,1.4210854715202004e-14,1.4210854715202004e-14
FR--KL,18.34786197246285,2.8421709430404014e-14,2.8421709430404014e-14,2.8421709430404014e-14
FR--KL,18.37835022143554,0.0,0.0,0.0
FR--KL,18.409131900349166,2.8421709430404014e-14,2.8421709430404014e-14,2.8421709430404014e-14
FR--KL,18.43959960935172,0.0,0.0,0.0
FR--KL,18.46973735827487,2.8421709430404014e-14,2.8421709430404014e-14,2.8421709430404014e-14
FR--KL,18.499836217262786,0.0,0.0,0.0
FR--KL,18.5308488063165,2.8421709430404014e-14,2.8421709430404014e-14,2.8421709430404014e-14
FR--KL,18.56167617533356,2.8421709430404014e-14,2.8421709430404014e-14,2.8421709430404014e-14
FR--KL,18.59452575445175,2.8421709430404014e-14,2.8421709430404014e-14,2.8421709430404014e-14
FR--KL,18.625590594368987,2.8421709430404014e-14,2.8421709430404014e-14,2.8421709430404014e-14
FR--KL,18.656210123270284,0.0,0.0,0.0
FR--KL,18.686651372292545,1.4210854715202004e-14,1.4210854715202004e-14,1.4210854715202004e-14
FR--KL,18.719149441283665,2.8421709430404014e-14,2.8421709430404014e-14,2.8421709430404014e-14
FR--KL,18.75104697025381,2.8421709430404014e-14,2.8421709430404014e-14,2.8421709430404014e-14
FR--KL,18.78289928927552,2.8421709430404014e-14,2.8421709430404014e-14,2.8421709430404014e-14
FR--KL,18.81570657825796,0.0,0.0,0.0
FR--KL,18.8475838972372,2.8421709430404014e-14,2.8421709430404014e-14,2.8421709430404014e-14
FR--KL,18.879084026208147,0.0,0.0,0.0
FR--KL,18.909849835268687,1.4210854715202004e-14,1.4210854715202004e-14,1.4210854715202004e-14
FR--KL,18.95145388430683,0.0,0.0,0.0
FR--KL,18.983762513380498,0.0,0.0,0.0
FR--KL,19.01581163238734,1.4210854715202004e-14,1.4210854715202004e-14,1.4210854715202004e-14
FR--KL,19.047521531349048,1.4210854715202004e-14,1.4210854715202004e-14,1.4210854715202004e-14
FR--KL,19.078495790425222,2.8421709430404014e-14,2.8421709430404014e-14,2.8421709430404014e-14
FR--KL,19.10885912948288,2.8421709430404014e-14,2.8421709430404014e-14,2.8421709430404014e-14
FR--KL,19.13957197946729,2.8421709430404014e-14,2.8421709430404014e-14,2.8421709430404014e-14
FR--KL,19.176417778478932,0.0,0.0,0.0
FR--KL,19.211648737546057,0.0,0.0,0.0
FR--KL,19.24770145653747,0.0,0.0,0.0
FR--KL,19.284661125508137,1.4210854715202004e-14,1.4210854715202004e-14,1.4210854715202004e-14
FR--KL,19.329684383468702,1.4210854715202004e-14,1.4210854715202004e-14,1.4210854715202004e-14
FR--KL,19.36327881249599,1.4210854715202004e-14,1.4210854715202004e-14,1.4210854715202004e-14
FR--KL,19.397766661539208,2.8421709430404014e-14,2.8421709430404014e-14,2.8421709430404014e-14
FR--KL,19.43250706058461,1.4210854715202004e-14,1.4210854715202004e-14,1.4210854715202004e-14
FR--KL,19.46776203950867,1.4210854715202004e-14,1.4210854715202004e-14,1.4210854715202004e-14
FR--KL,19.50378803856438,1.4210854715202004e-14,1.4210854715202004e-14,1.4210854715202004e-14
FR--KL,19.559749287494924,1.4210854715202004e-14,1.4210854715202004e-14,1.4210854715202004e-14
FR--KL,19.594701156485822,0.0,0.0,0.0
FR--KL,19.63006541552022,0.0,0.0,0.0
FR--KL,19.664109664561693,0.0,0.0,0.0
FR--KL,19.70077812264208,2.8421709430404014e-14,2.8421709430404014e-14,2.8421709430404014e-14
FR--KL,19.735823901603,2.8421709430404014e-14,2.8421709430404014e-14,2.8421709430404014e-14
FR--KL,19.770692790625617,2.8421709430404014e-14,2.8421709430404014e-14,2.8421709430404014e-14
FR--KL,19.80607329966733,0.0,0.0,0.0
FR--KL,19.83844005857827,0.0,0.0,0.0
FR--KL,19.86844517756253,0.0,0.0,0.0
FR--KL,19.89902454667026,2.8421709430404014e-14,2.8421709430404014e-14,2.8421709430404014e-14
FR--KL,19.930026645655744,2.8421709430404014e-14,2.8421709430404014e-14,2.8421709430404014e-14
FR--KL,19.96146656468045,0.0,0.0,0.0
FR--KL,19.988886473700404,2.8421709430404014e-14,2.8421709430404014e-14,2.8421709430404014e-14
FR--KL,20.040920061583165,-1.4210854715202004e-14,-1.4210854715202004e-14,-1.4210854715202004e-14
FR--KL,20.071369270561263,2.8421709430404014e-14,2.8421709430404014e-14,2.8421709430404014e-14
FR--KL,20.101855399552733,1.4210854715202004e-14,1.4210854715202004e-14,1.4210854715202004e-14
FB--GVI,0.0,545.7152083153993,545.7152083153993,545.7152083153993
FB--GVI,0.028608039021492,62.03181982732636,62.03181982732636,62.03181982732636
FB--GVI,0.0568687379709444,28.78000515077335,28.78000515077335,28.78000515077335
FB--GVI,0.0849991270224563,16.771514134820265,16.771514134820265,16.771514134820265
FB--GVI,0.1190796160371974,11.064381019935324,11.064381019935324,11.064381019935324
FB--GVI,0.14832080504857,7.89355151513908,7.89355151513908,7.89355151513908
FB--GVI,0.1785502739949152,5.936654361165367,5.936654361165367,5.936654361165367
FB--GVI,0.2076717540039681,4.6338261264202885,4.6338261264202885,4.6338261264202885
FB--GVI,0.2366146230488084,3.715549059892695,3.715549059892695,3.715549059892695
FB--GVI,0.2657295920653268,3.039397351909926,3.039397351909926,3.039397351909926
FB--GVI,0.2948006310034543,2.5244426357892,2.5244426357892,2.5244426357892
FB--GVI,0.3237128810142167,2.1218074929233666,2.1218074929233666,2.1218074929233666
FB--GVI,0.3532996399444528,1.8003850620029738,1.8003850620029738,1.8003850620029738
FB--GVI,0.3834313389379531,1.5394784137685065,1.5394784137685065,1.5394784137685065
FB--GVI,0.4125349680543877,1.324793119344605,1.324793119344605,1.324793119344605
FB--GVI,0.4420722469803877,1.1461425229062314,1.1461425229062314,1.1461425229062314
FB--GVI,0.4713674759259447,0.9960726412536616,0.9960726412536616,0.9960726412536616
FB--GVI,0.5004103549290448,0.8690045721228046,0.8690045721228046,0.8690045721228046
FB--GVI,0.5297075749258511,0.760680803264151,0.760680803264151,0.760680803264151
FB--GVI,0.5593659538426436,0.6677968469990674,0.6677968469990674,0.6677968469990674
FB--GVI,0.5883721128921025,0.5877496833321487,0.5877496833321487,0.5877496833321487
FB--GVI,0.6177151718875393,0.5184619803259523,0.5184619803259523,0.5184619803259523
FB--GVI,0.646374981966801,0.4582567350232693,0.4582567350232693,0.4582567350232693
FB--GVI,0.6768681909306906,0.4057662251076692,0.4057662251076692,0.4057662251076692
FB--GVI,0.7049204198992811,0.3598647825535863,0.3598647825535863,0.3598647825535863
FB--GVI,0.7333677489077672,0.3196184093833949,0.3196184093833949,0.3196184093833949
FB--GVI,0.7627734479028732,0.2842464983803836,0.2842464983803836,0.2842464983803836
FB--GVI,0.7923487069783732,0.2530923858193432,0.2530923858193432,0.2530923858193432
FB--GVI,0.8151374259614386,0.2256004377569098,0.2256004377569098,0.2256004377569098
FB--GVI,0.8696167339803651,0.2012980314511026,0.2012980314511026,0.2012980314511026
FB--GVI,0.9221497820108198,0.1797812477583846,0.1797812477583846,0.1797812477583846
FB--GVI,0.9511845409870148,0.1607034077094766,0.1607034077094766,0.1607034077094766
FB--GVI,0.9809326499816962,0.1437658112072313,0.1437658112072313,0.1437658112072313
FB--GVI,1.0103203390026465,0.1287101969960815,0.1287101969960815,0.1287101969960815
FB--GVI,1.0409862879896536,0.1153125600496025,0.1153125600496025,0.1153125600496025
FB--GVI,1.071059626992792,0.1033780483849966,0.1033780483849966,0.1033780483849966
FB--GVI,1.0999431860400364,0.0927367249701944,0.0927367249701944,0.0927367249701944
FB--GVI,1.1295625650673171,0.0832400280514207,0.0832400280514207,0.0832400280514207
FB--GVI,1.159145844168961,0.0747577992352432,0.0747577992352432,0.0747577992352432
FB--GVI,1.1881283241673373,0.0671757760999867,0.0671757760999867,0.0671757760999867
FB--GVI,1.2150836631190032,0.0603934671928101,0.0603934671928101,0.0603934671928101
FB--GVI,1.2440999320242554,0.0543223435919344,0.0543223435919344,0.0543223435919344
FB--GVI,1.2735664409701712,0.0488842939462017,0.0488842939462017,0.0488842939462017
FB--GVI,1.3027277609799055,0.0440102999062617,0.0440102999062617,0.0440102999062617
FB--GVI,1.3318561799824238,0.0396392967725347,0.0396392967725347,0.0396392967725347
FB--GVI,1.361802329076454,0.0357171904795734,0.0357171904795734,0.0357171904795734
FB--GVI,1.3905158680281602,0.0321960070823763,0.0321960070823763,0.0321960070823763
FB--GVI,1.419380538049154,0.0290331549706763,0.0290331549706763,0.0290331549706763
FB--GVI,1.4476659670472145,0.026190783331458,0.026190783331458,0.026190783331458
FB--GVI,1.4771117560449056,0.0236352230604097,0.0236352230604097,0.0236352230604097
FB--GVI,1.5044536751229316,0.0213364985215775,0.0213364985215775,0.0213364985215775
FB--GVI,1.533614875166677,0.0192679003601625,0.0192679003601625,0.0192679003601625
FB--GVI,1.5628936041612178,0.0174056110705009,0.0174056110705009,0.0174056110705009
FB--GVI,1.5914913631859235,0.0157283762607107,0.0157283762607107,0.0157283762607107
FB--GVI,1.6195333321811631,0.0142172155944848,0.0142172155944848,0.0142172155944848
FB--GVI,1.6482000722317025,0.0128551682558111,0.0128551682558111,0.0128551682558111
FB--GVI,1.676517851301469,0.0116270685135901,0.0116270685135901,0.0116270685135901
FB--GVI,1.7050518103060313,0.0105193475793754,0.0105193475793754,0.0105193475793754
FB--GVI,1.7273293194011785,0.0095198584723448,0.0095198584723448,0.0095198584723448
FB--GVI,1.748846628353931,0.0086177210506406,0.0086177210506406,0.0086177210506406
FB--GVI,1.777368297392968,0.0078031847441479,0.0078031847441479,0.0078031847441479
FB--GVI,1.8054209174588325,0.0070675068498502,0.0070675068498502,0.0070675068498502
FB--GVI,1.8340090764686463,0.0064028445251409,0.0064028445251409,0.0064028445251409
FB--GVI,1.862823955481872,0.0058021588550474,0.0058021588550474,0.0058021588550474
FB--GVI,1.890827334544156,0.005259129573659,0.005259129573659,0.005259129573659
FB--GVI,1.9175797835341652,0.0047680791971771,0.0047680791971771,0.0047680791971771
FB--GVI,1.9423671335098331,0.004323905480561,0.004323905480561,0.004323905480561
FB--GVI,1.9709603824303483,0.0039220212418058,0.0039220212418058,0.0039220212418058
FB--GVI,1.9996306314133108,0.0035583007145731,0.0035583007145731,0.0035583007145731
FB--GVI,2.027853940322529,0.0032290316900684,0.0032290316900684,0.0032290316900684
FB--GVI,2.056055529275909,0.0029308727973784,0.0029308727973784,0.0029308727973784
FB--GVI,2.0840841393219307,0.0026608153484914,0.0026608153484914,0.0026608153484914
FB--GVI,2.1121416583191603,0.0024161492399485,0.0024161492399485,0.0024161492399485
FB--GVI,2.139020737318788,0.0021944324649325,0.0021944324649325,0.0021944324649325
FB--GVI,2.163835936342366,0.0019934638379623,0.0019934638379623,0.0019934638379623
FB--GVI,2.19197770539904,0.0018112585819238,0.0018112585819238,0.0018112585819238
FB--GVI,2.2173858044552617,0.0016460264663038,0.0016460264663038,0.0016460264663038
FB--GVI,2.245470664347522,0.0014961522211081,0.0014961522211081,0.0014961522211081
FB--GVI,2.273946043336764,0.001360177981013,0.001360177981013,0.001360177981013
FB--GVI,2.3026018022792414,0.0012367875428935,0.0012367875428935,0.0012367875428935
FB--GVI,2.3265045123407617,0.001124792243047,0.001124792243047,0.001124792243047
FB--GVI,2.375423701305408,0.0010231182822622,0.0010231182822622,0.0010231182822622
FB--GVI,2.4045221802662127,0.000930795346008,0.000930795346008,0.000930795346008
FB--GVI,2.43265676923329,0.0008469463822819,0.0008469463822819,0.0008469463822819
FB--GVI,2.463678998174146,0.0007707784176602,0.0007707784176602,0.0007707784176602
FB--GVI,2.4926280381623656,0.0007015743010185,0.0007015743010185,0.0007015743010185
FB--GVI,2.5215574971516617,0.0006386852798812,0.0006386852798812,0.0006386852798812
FB--GVI,2.544706846063491,0.0005815243223992,0.0005815243223992,0.0005815243223992
FB--GVI,2.5736032250570133,0.0005295601081627,0.0005295601081627,0.0005295601081627
FB--GVI,2.602595014148392,0.0004823116188674,0.0004823116188674,0.0004823116188674
FB--GVI,2.6311509931110777,0.0004393432674447,0.0004393432674447,0.0004393432674447
FB--GVI,2.660910102073103,0.000400260510446,0.000400260510446,0.000400260510446
FB--GVI,2.690349941083696,0.0003647058947251,0.0003647058947251,0.0003647058947251
FB--GVI,2.7203710100147878,0.0003323554941232,0.0003323554941232,0.0003323554941232
FB--GVI,2.747548189072404,0.0003029156963663,0.0003029156963663,0.0003029156963663
FB--GVI,2.781031048099976,0.0002761203055285,0.0002761203055285,0.0002761203055285
FB--GVI,2.8133899471140467,0.0002517279278748,0.0002517279278748,0.0002517279278748
FB--GVI,2.8459353861398995,0.0002295196126311,0.0002295196126311,0.0002295196126311
FB--GVI,2.8765537161380053,0.0002092967223177,0.0002092967223177,0.0002092967223177
FB--GVI,2.9067786752129905,0.0001908790097786,0.0001908790097786,0.0001908790097786
FB--GVI,2.934721204219386,0.0001741028812602,0.0001741028812602,0.0001741028812602
FB--GVI,2.968342493171804,0.0001588198274475,0.0001588198274475,0.0001588198274475
FB--GVI,3.002900182211306,0.0001448950049507,0.0001448950049507,0.0001448950049507
FB--GVI,3.039558570249937,0.0001322059548272,0.0001322059548272,0.0001322059548272
FB--GVI,3.070671339228284,0.000120641443118,0.000120641443118,0.000120641443118
FB--GVI,3.1032919082208537,0.0001101004125843,0.0001101004125843,0.0001101004125843
FB--GVI,3.1335264671361074,0.000100491034658,0.000100491034658,0.000100491034658
FB--GVI,3.162791816110257,9.172985079430872e-05,9.172985079430872e-05,9.172985079430872e-05
FB--GVI,3.194795555085875,8.374099611785368e-05,8.374099611785368e-05,8.374099611785368e-05
FB--GVI,3.2283005041535944,7.645549595736156e-05,7.645549595736156e-05,7.645549595736156e-05
FB--GVI,3.262358663138002,6.981062912814195e-05,6.981062912814195e-05,6.981062912814195e-05
FB--GVI,3.296741202182602,6.37493511987941e-05,6.37493511987941e-05,6.37493511987941e-05
FB--GVI,3.337016021250747,5.821977188702476e-05,5.821977188702476e-05,5.821977188702476e-05
FB--GVI,3.3683084502699785,5.317468145449311e-05,5.317468145449311e-05,5.317468145449311e-05
FB--GVI,3.399093129322864,4.857112162426347e-05,4.857112162426347e-05,4.857112162426347e-05
FB--GVI,3.4306352983112447,4.436999643075978e-05,4.436999643075978e-05,4.436999643075978e-05
FB--GVI,3.460460937290918,4.053571936424305e-05,4.053571936424305e-05,4.053571936424305e-05
FB--GVI,3.491414586373139,3.7035893285519705e-05,3.7035893285519705e-05,3.7035893285519705e-05
FB--GVI,3.52162096532993,3.3841020240288344e-05,3.3841020240288344e-05,3.3841020240288344e-05
FB--GVI,3.5519444443052635,3.092423796147159e-05,3.092423796147159e-05,3.092423796147159e-05
FB--GVI,3.5822629932663403,2.826108080000722e-05,2.826108080000722e-05,2.826108080000722e-05
FB--GVI,3.611258012359031,2.582926269667496e-05,2.582926269667496e-05,2.582926269667496e-05
FB--GVI,3.6406494613038376,2.360848021965012e-05,2.360848021965012e-05,2.360848021965012e-05
FB--GVI,3.669413740281016,2.1580233521945047e-05,2.1580233521945047e-05,2.1580233521945047e-05
FB--GVI,3.697743859316688,1.972766406765913e-05,1.972766406765913e-05,1.972766406765913e-05
FB--GVI,3.728614028368611,1.8035406782246355e-05,1.8035406782246355e-05,1.8035406782246355e-05
FB--GVI,3.762030847312417,1.6489455873625047e-05,1.6489455873625047e-05,1.6489455873625047e-05
FB--GVI,3.794044456328266,1.5077043258315824e-05,1.5077043258315824e-05,1.5077043258315824e-05
FB--GVI,3.826354475400876,1.3786527489401124e-05,1.3786527489401124e-05,1.3786527489401124e-05
FB--GVI,3.855525714403484,1.2607293058408686e-05,1.2607293058408686e-05,1.2607293058408686e-05
FB--GVI,3.88549074344337,1.1529658834774636e-05,1.1529658834774636e-05,1.1529658834774636e-05
FB--GVI,3.915653373405803,1.0544794932343391e-05,1.0544794932343391e-05,1.0544794932343391e-05
FB--GVI,3.962487832352053,9.644646723927508e-06,9.644646723927508e-06,9.644646723927508e-06
FB--GVI,3.991277031309437,8.821866032349135e-06,8.821866032349135e-06,8.821866032349135e-06
FB--GVI,4.027307040349115,8.06974847478159e-06,8.06974847478159e-06,8.06974847478159e-06
FB--GVI,4.0597729694563895,7.382176264059126e-06,7.382176264059126e-06,7.382176264059126e-06
FB--GVI,4.089295138488524,6.753566424322344e-06,6.753566424322344e-06,6.753566424322344e-06
FB--GVI,4.118922977533657,6.178823397817723e-06,6.178823397817723e-06,6.178823397817723e-06
FB--GVI,4.149444026465062,5.6532961423272354e-06,5.6532961423272354e-06,5.6532961423272354e-06
FB--GVI,4.1848042255151086,5.172738809733346e-06,5.172738809733346e-06,5.172738809733346e-06
FB--GVI,4.214274334430229,4.733275090984535e-06,4.733275090984535e-06,4.733275090984535e-06
FB--GVI,4.243648923467845,4.331365857979108e-06,4.331365857979108e-06,4.331365857979108e-06
FB--GVI,4.273047012567986,3.9637791360291885e-06,3.9637791360291885e-06,3.9637791360291885e-06
FB--GVI,4.33013477147324,3.627563700092651e-06,3.627563700092651e-06,3.627563700092651e-06
FB--GVI,4.362154110509437,3.3200241347230985e-06,3.3200241347230985e-06,3.3200241347230985e-06
FB--GVI,4.394279989530332,3.03869830986514e-06,3.03869830986514e-06,3.03869830986514e-06
FB--GVI,4.426775168511085,2.781337428814368e-06,2.781337428814368e-06,2.781337428814368e-06
FB--GVI,4.458467757503968,2.545886943039477e-06,2.545886943039477e-06,2.545886943039477e-06
FB--GVI,4.490486786526162,2.330469882849684e-06,2.330469882849684e-06,2.330469882849684e-06
FB--GVI,4.5240503154927865,2.13337116861112e-06,2.13337116861112e-06,2.13337116861112e-06
FB--GVI,4.55617589445319,1.9530237977960496e-06,1.9530237977960496e-06,1.9530237977960496e-06
FB--GVI,4.589291523443535,1.7879956004662745e-06,1.7879956004662745e-06,1.7879956004662745e-06
FB--GVI,4.622221152530983,1.6369778563785076e-06,1.6369778563785076e-06,1.6369778563785076e-06
FB--GVI,4.656381751468871,1.4987743952588062e-06,1.4987743952588062e-06,1.4987743952588062e-06
FB--GVI,4.690017430402804,1.372291762891109e-06,1.372291762891109e-06,1.372291762891109e-06
FB--GVI,4.723813379416242,1.2565306093392792e-06,1.2565306093392792e-06,1.2565306093392792e-06
FB--GVI,4.756670678441878,1.1505771624342742e-06,1.1505771624342742e-06,1.1505771624342742e-06
FB--GVI,4.789462648448534,1.0535962218227723e-06,1.0535962218227723e-06,1.0535962218227723e-06
FB--GVI,4.82206736743683,9.648239540638317e-07,9.648239540638317e-07,9.648239540638317e-07
FB--GVI,4.854692826396786,8.835621798652937e-07,8.835621798652937e-07,8.835621798652937e-07
FB--GVI,4.887625825416762,8.091722349945485e-07,8.091722349945485e-07,8.091722349945485e-07
FB--GVI,4.922033484559506,7.410702096422028e-07,7.410702096422028e-07,7.410702096422028e-07
FB--GVI,4.956829673668835,6.787221025206236e-07,6.787221025206236e-07,6.787221025206236e-07
FB--GVI,4.990329242660664,6.216395291858134e-07,6.216395291858134e-07,6.216395291858134e-07
FB--GVI,5.0236788316397,5.693757145763811e-07,5.693757145763811e-07,5.693757145763811e-07
FB--GVI,5.056748290604446,5.215220966192646e-07,5.215220966192646e-07,5.215220966192646e-07
FB--GVI,5.090471469680779,4.777048019377617e-07,4.777048019377617e-07,4.777048019377617e-07
FB--GVI,5.124010838742834,4.375820452651169e-07,4.375820452651169e-07,4.375820452651169e-07
FB--GVI,5.15809616772458,4.0084083252622804e-07,4.0084083252622804e-07,4.0084083252622804e-07
FB--GVI,5.19113359664334,3.671950992156781e-07,3.671950992156781e-07,3.671950992156781e-07
FB--GVI,5.222508235659916,3.363829392810658e-07,3.363829392810658e-07,3.363829392810658e-07
FB--GVI,5.251079314737581,3.081647861336023e-07,3.081647861336023e-07,3.081647861336023e-07
FB--GVI,5.279819463728927,2.823213947067416e-07,2.823213947067416e-07,2.823213947067416e-07
FB--GVI,5.308873612782918,2.5865213615361426e-07,2.5865213615361426e-07,2.5865213615361426e-07
FB--GVI,5.32992977288086,2.3697344886386418e-07,2.3697344886386418e-07,2.3697344886386418e-07
FB--GVI,5.363385091884993,2.1711723263706522e-07,2.1711723263706522e-07,2.1711723263706522e-07
FB--GVI,5.3971355308895,1.989297686577629e-07,1.989297686577629e-07,1.989297686577629e-07
FB--GVI,5.431411889847368,1.8227032683171276e-07,1.8227032683171276e-07,1.8227032683171276e-07
FB--GVI,5.460813858895563,1.6701007155006664e-07,1.6701007155006664e-07,1.6701007155006664e-07
FB--GVI,5.490441617905162,1.5303103850783373e-07,1.5303103850783373e-07,1.5303103850783373e-07
FB--GVI,5.519137296942063,1.4022533889601618e-07,1.4022533889601618e-07,1.4022533889601618e-07
FB--GVI,5.54786193696782,1.284941504309245e-07,1.284941504309245e-07,1.284941504309245e-07
FB--GVI,5.577002665901091,1.1774704944400582e-07,1.1774704944400582e-07,1.1774704944400582e-07
FB--GVI,5.605926554882899,1.0790112980885169e-07,1.0790112980885169e-07,1.0790112980885169e-07
FB--GVI,5.634166313859168,9.888071872410364e-08,9.888071872410364e-08,9.888071872410364e-08
FB--GVI,5.662862773926463,9.06162824776402e-08,9.06162824776402e-08,9.06162824776402e-08
FB--GVI,5.690903202921618,8.304435539230327e-08,8.304435539230327e-08,8.304435539230327e-08
FB--GVI,5.712135501904413,7.61066587529058e-08,7.61066587529058e-08,7.61066587529058e-08
FB--GVI,5.740152280894108,6.974997290853936e-08,6.974997290853936e-08,6.974997290853936e-08
FB--GVI,5.772868479893077,6.39254551515478e-08,6.39254551515478e-08,6.39254551515478e-08
FB--GVI,5.80392885877518,5.85884833981254e-08,5.85884833981254e-08,5.85884833981254e-08
FB--GVI,5.835937007854227,5.369810196498293e-08,5.369810196498293e-08,5.369810196498293e-08
FB--GVI,5.866917496896349,4.9216822617381695e-08,4.9216822617381695e-08,4.9216822617381695e-08
FB--GVI,5.897433015925344,4.5110354562893924e-08,4.5110354562893924e-08,4.5110354562893924e-08
FB--GVI,5.929208374931477,4.134724918003485e-08,4.134724918003485e-08,4.134724918003485e-08
FB--GVI,5.95926393388072,3.7898743698860926e-08,3.7898743698860926e-08,3.7898743698860926e-08
FB--GVI,5.989924802852329,3.4738476983875444e-08,3.4738476983875444e-08,3.4738476983875444e-08
FB--GVI,6.020247191831004,3.184226216035313e-08,3.184226216035313e-08,3.184226216035313e-08
FB--GVI,6.049570920818951,2.9188043981775994e-08,2.9188043981775994e-08,2.9188043981775994e-08
FB--GVI,6.078406590793748,2.6755429871627712e-08,2.6755429871627712e-08,2.6755429871627712e-08
FB--GVI,6.107336179818958,2.452605940561625e-08,2.452605940561625e-08,2.452605940561625e-08
FB--GVI,6.134834298864007,2.2482737449536216e-08,2.2482737449536216e-08,2.2482737449536216e-08
FB--GVI,6.165540387912188,2.0610002593457466e-08,2.0610002593457466e-08,2.0610002593457466e-08
FB--GVI,6.196260196855292,1.889353029582708e-08,1.889353029582708e-08,1.889353029582708e-08
FB--GVI,6.227115075860638,1.7320317624580642e-08,1.7320317624580642e-08,1.7320317624580642e-08
FB--GVI,6.257440534885973,1.5878299564064946e-08,1.5878299564064946e-08,1.5878299564064946e-08
FB--GVI,6.2877256539068185,1.4556604810422868e-08,1.4556604810422868e-08,1.4556604810422868e-08
FB--GVI,6.317882592906244,1.3345072602533037e-08,1.3345072602533037e-08,1.3345072602533037e-08
FB--GVI,6.348043071862776,1.223449430654e-08,1.223449430654e-08,1.223449430654e-08
FB--GVI,6.378481420804746,1.121657078329008e-08,1.121657078329008e-08,1.121657078329008e-08
FB--GVI,6.408906689903233,1.0283514484399348e-08,1.0283514484399348e-08,1.0283514484399348e-08
FB--GVI,6.439231988915708,9.42816313909134e-09,9.42816313909134e-09,9.42816313909134e-09
FB--GVI,6.469631038955413,8.644093441034784e-09,8.644093441034784e-09,8.644093441034784e-09
FB--GVI,6.501288147992455,7.925294198685151e-09,7.925294198685151e-09,7.925294198685151e-09
FB--GVI,6.531672356999479,7.266365287250664e-09,7.266365287250664e-09,7.266365287250664e-09
FB--GVI,6.561920385982376,6.6623471184357186e-09,6.6623471184357186e-09,6.6623471184357186e-09
FB--GVI,6.592961835034657,6.108564321039012e-09,6.108564321039012e-09,6.108564321039012e-09
FB--GVI,6.622467654000502,5.600938379757281e-09,5.600938379757281e-09,5.600938379757281e-09
FB--GVI,6.653804963047151,5.1355186769797e-09,5.1355186769797e-09,5.1355186769797e-09
FB--GVI,6.686384232074488,4.708851975010475e-09,4.708851975010475e-09,4.708851975010475e-09
FB--GVI,6.717488482012413,4.3176697772651104e-09,4.3176697772651104e-09,4.3176697772651104e-09
FB--GVI,6.749759331112728,3.959044647672272e-09,3.959044647672272e-09,3.959044647672272e-09
FB--GVI,6.781137210084125,3.6302623129813583e-09,3.6302623129813583e-09,3.6302623129813583e-09
FB--GVI,6.812707169097848,3.328807451907778e-09,3.328807451907778e-09,3.328807451907778e-09
FB--GVI,6.845173228066415,3.052392116842384e-09,3.052392116842384e-09,3.052392116842384e-09
FB--GVI,6.877869427029509,2.798998366415617e-09,2.798998366415617e-09,2.798998366415617e-09
FB--GVI,6.910676396044437,2.566636680967349e-09,2.566636680967349e-09,2.566636680967349e-09
FB--GVI,6.9438764049555175,2.353615968786471e-09,2.353615968786471e-09,2.353615968786471e-09
FB--GVI,6.977348723914474,2.1582735598713043e-09,2.1582735598713043e-09,2.1582735598713043e-09
FB--GVI,7.010398842976429,1.9791883687503287e-09,1.9791883687503287e-09,1.9791883687503287e-09
FB--GVI,7.042407251894474,1.814981942516169e-09,1.814981942516169e-09,1.814981942516169e-09
FB--GVI,7.075106800941285,1.664403725953889e-09,1.664403725953889e-09,1.664403725953889e-09
FB--GVI,7.106804989918601,1.526316850686271e-09,1.526316850686271e-09,1.526316850686271e-09
FB--GVI,7.138575528864749,1.399740767737967e-09,1.399740767737967e-09,1.399740767737967e-09
FB--GVI,7.1690869078738615,1.2836522955694816e-09,1.2836522955694816e-09,1.2836522955694816e-09
FB--GVI,7.200633476895746,1.1771845720431884e-09,1.1771845720431884e-09,1.1771845720431884e-09
FB--GVI,7.2376033059554175,1.0795702110044656e-09,1.0795702110044656e-09,1.0795702110044656e-09
FB--GVI,7.265969344996847,9.90098669717554e-10,9.90098669717554e-10,9.90098669717554e-10
FB--GVI,7.2999337739893235,9.080167728825471e-10,9.080167728825471e-10,9.080167728825471e-10
FB--GVI,7.328767462982796,8.327560863108373e-10,8.327560863108373e-10,8.327560863108373e-10
FB--GVI,7.358238641987555,7.63719754104386e-10,7.63719754104386e-10,7.63719754104386e-10
FB--GVI,7.387532320921309,7.004103963481612e-10,7.004103963481612e-10,7.004103963481612e-10
FB--GVI,7.41601176984841,6.424016874007066e-10,6.424016874007066e-10,6.424016874007066e-10
FB--GVI,7.445430848863907,5.891962473469903e-10,5.891962473469903e-10,5.891962473469903e-10
FB--GVI,7.474295547872316,5.40353539690841e-10,5.40353539690841e-10,5.40353539690841e-10
FB--GVI,7.502605866931844,4.955893473379547e-10,4.955893473379547e-10,4.955893473379547e-10
FB--GVI,7.531114536977839,4.5453418806573604e-10,4.5453418806573604e-10,4.5453418806573604e-10
FB--GVI,7.560670375882182,4.169038447798812e-10,4.169038447798812e-10,4.169038447798812e-10
FB--GVI,7.5895804248866625,3.8234304611250986e-10,3.8234304611250986e-10,3.8234304611250986e-10
FB--GVI,7.613591203873511,3.5069547266175505e-10,3.5069547266175505e-10,3.5069547266175505e-10
FB--GVI,7.64664730388904,3.2167690733331256e-10,3.2167690733331256e-10,3.2167690733331256e-10
FB--GVI,7.677831782901194,2.950173438875936e-10,2.950173438875936e-10,2.950173438875936e-10
FB--GVI,7.710427131853066,2.705746737774461e-10,2.705746737774461e-10,2.705746737774461e-10
FB--GVI,7.738590100838337,2.482067884557182e-10,2.482067884557182e-10,2.482067884557182e-10
FB--GVI,7.767245739814825,2.2765789253753607e-10,2.2765789253753607e-10,2.2765789253753607e-10
FB--GVI,7.797308268782217,2.0882851003989342e-10,2.0882851003989342e-10,2.0882851003989342e-10
FB--GVI,7.822928917768877,1.9151968899677738e-10,1.9151968899677738e-10,1.9151968899677738e-10
FB--GVI,7.853223447862547,1.7567458598932714e-10,1.7567458598932714e-10,1.7567458598932714e-10
FB--GVI,7.882319126802031,1.6115109247039072e-10,1.6115109247039072e-10,1.6115109247039072e-10
FB--GVI,7.91157854575431,1.4779288903810084e-10,1.4779288903810084e-10,1.4779288903810084e-10
FB--GVI,7.946009234699886,1.3557155398302712e-10,1.3557155398302712e-10,1.3557155398302712e-10
FB--GVI,7.975102393655106,1.2437340046744794e-10,1.2437340046744794e-10,1.2437340046744794e-10
FB--GVI,8.005722302594222,1.1408474165364167e-10,1.1408474165364167e-10,1.1408474165364167e-10
FB--GVI,8.03311860258691,1.0464873412274756e-10,1.0464873412274756e-10,1.0464873412274756e-10
FB--GVI,8.060671932587866,9.598011274647432e-11,9.598011274647432e-11,9.598011274647432e-11
FB--GVI,8.089660951634869,8.80362449606764e-11,8.80362449606764e-11,8.80362449606764e-11
FB--GVI,8.118244670564309,8.077449820120819e-11,8.077449820120819e-11,8.077449820120819e-11
FB--GVI,8.146573699486908,7.409539648506325e-11,7.409539648506325e-11,7.409539648506325e-11
FB--GVI,8.175333048508037,6.795630724809598e-11,6.795630724809598e-11,6.795630724809598e-11
FB--GVI,8.204377507499885,6.23714413450216e-11,6.23714413450216e-11,6.23714413450216e-11
FB--GVI,8.2343404564308,5.7184479373972856e-11,5.7184479373972856e-11,5.7184479373972856e-11
FB--GVI,8.264223085483536,5.24664756085258e-11,5.24664756085258e-11,5.24664756085258e-11
FB--GVI,8.294091414485592,4.816058662981959e-11,4.816058662981959e-11,4.816058662981959e-11
FB--GVI,8.323126103496179,4.415312560013263e-11,4.415312560013263e-11,4.415312560013263e-11
FB--GVI,8.352285162662156,4.0515146793040906e-11,4.0515146793040906e-11,4.0515146793040906e-11
FB--GVI,8.382387552643195,3.714717422553804e-11,3.714717422553804e-11,3.714717422553804e-11
FB--GVI,8.410846991697326,3.409184046176961e-11,3.409184046176961e-11,3.409184046176961e-11
FB--GVI,8.440277180809062,3.127809122815961e-11,3.127809122815961e-11,3.127809122815961e-11
FB--GVI,8.469112579827197,2.8705926524708048e-11,2.8705926524708048e-11,2.8705926524708048e-11
FB--GVI,8.497709638788365,2.6290081223123707e-11,2.6290081223123707e-11,2.6290081223123707e-11
FB--GVI,8.526099407754373,2.4158453015843406e-11,2.4158453015843406e-11,2.4158453015843406e-11
FB--GVI,8.55557500681607,2.216893335571513e-11,2.216893335571513e-11,2.216893335571513e-11
FB--GVI,8.584076805913355,2.0335733097454067e-11,2.0335733097454067e-11,2.0335733097454067e-11
FB--GVI,8.612731865025125,1.8630430531629827e-11,1.8630430531629827e-11,1.8630430531629827e-11
FB--GVI,8.642201024107635,1.7109869077103212e-11,1.7109869077103212e-11,1.7109869077103212e-11
FB--GVI,8.67200467310613,1.5702994460298214e-11,1.5702994460298214e-11,1.5702994460298214e-11
FB--GVI,8.70093865209492,1.4409806681214832e-11,1.4409806681214832e-11,1.4409806681214832e-11
FB--GVI,8.730262751050759,1.3244516594568267e-11,1.3244516594568267e-11,1.3244516594568267e-11
FB--GVI,8.7598937000148,1.2136069926782511e-11,1.2136069926782511e-11,1.2136069926782511e-11
FB--GVI,8.78964018903207,1.1127099242003167e-11,1.1127099242003167e-11,1.1127099242003167e-11
FB--GVI,8.821925217926037,1.0217604540230239e-11,1.0217604540230239e-11,1.0217604540230239e-11
FB--GVI,8.850822636857629,9.350742402602918e-12,9.350742402602918e-12,9.350742402602918e-12
FB--GVI,8.880555345851462,8.597567102697212e-12,8.597567102697212e-12,8.597567102697212e-12
FB--GVI,8.91081950586522,7.887024366937112e-12,7.887024366937112e-12,7.887024366937112e-12
FB--GVI,8.940748134802561,7.261746759468224e-12,7.261746759468224e-12,7.261746759468224e-12
FB--GVI,8.976279583876021,6.650680006714538e-12,6.650680006714538e-12,6.650680006714538e-12
FB--GVI,9.009163232869469,6.0822458181064576e-12,6.0822458181064576e-12,6.0822458181064576e-12
FB--GVI,9.045752671838272,5.613287612504792e-12,5.613287612504792e-12,5.613287612504792e-12
FB--GVI,9.078138890909033,5.1443294069031245e-12,5.1443294069031245e-12,5.1443294069031245e-12
FB--GVI,9.1120121399872,4.689582056016661e-12,4.689582056016661e-12,4.689582056016661e-12
FB--GVI,9.143524988961872,4.320099833421409e-12,4.320099833421409e-12,4.320099833421409e-12
FB--GVI,9.173831447958946,3.979039320256561e-12,3.979039320256561e-12,3.979039320256561e-12
FB--GVI,9.203956336947158,3.680611371237319e-12,3.680611371237319e-12,3.680611371237319e-12
FB--GVI,9.23395462584449,3.339550858072471e-12,3.339550858072471e-12,3.339550858072471e-12
FB--GVI,9.263046264881268,3.069544618483633e-12,3.069544618483633e-12,3.069544618483633e-12
FB--GVI,9.29283814394148,2.8137492336099967e-12,2.8137492336099967e-12,2.8137492336099967e-12
FB--GVI,9.322643203951884,2.586375558166765e-12,2.586375558166765e-12,2.586375558166765e-12
FB--GVI,9.357703972840682,2.359001882723533e-12,2.359001882723533e-12,2.359001882723533e-12
FB--GVI,9.389178272802384,2.188471626141109e-12,2.188471626141109e-12,2.188471626141109e-12
FB--GVI,9.419759941811208,1.9895196601282805e-12,1.9895196601282805e-12,1.9895196601282805e-12
FB--GVI,9.448587870865596,1.8189894035458565e-12,1.8189894035458565e-12,1.8189894035458565e-12
FB--GVI,9.475643350859173,1.6484591469634324e-12,1.6484591469634324e-12,1.6484591469634324e-12
FB--GVI,9.50542396993842,1.5205614545266144e-12,1.5205614545266144e-12,1.5205614545266144e-12
FB--GVI,9.534272288903594,1.3926637620897964e-12,1.3926637620897964e-12,1.3926637620897964e-12
FB--GVI,9.563118197896983,1.2931877790833825e-12,1.2931877790833825e-12,1.2931877790833825e-12
FB--GVI,9.592169907817151,1.1652900866465645e-12,1.1652900866465645e-12,1.1652900866465645e-12
FB--GVI,9.620894116931597,1.0800249583553525e-12,1.0800249583553525e-12,1.0800249583553525e-12
FB--GVI,9.64935808593873,1.0231815394945445e-12,1.0231815394945445e-12,1.0231815394945445e-12
FB--GVI,9.677966164890677,9.521272659185342e-13,9.521272659185342e-13,9.521272659185342e-13
FB--GVI,9.706366215017624,8.526512829121202e-13,8.526512829121202e-13,8.526512829121202e-13
FB--GVI,9.735218223999254,7.958078640513122e-13,7.958078640513122e-13,7.958078640513122e-13
FB--GVI,9.764133962977212,7.105427357601002e-13,7.105427357601002e-13,7.105427357601002e-13
FB--GVI,9.79277183196973,6.679101716144943e-13,6.679101716144943e-13,6.679101716144943e-13
FB--GVI,9.821083632006776,5.968558980384843e-13,5.968558980384843e-13,5.968558980384843e-13
FB--GVI,9.849932020995766,5.684341886080801e-13,5.684341886080801e-13,5.684341886080801e-13
FB--GVI,9.878484049986582,5.400124791776761e-13,5.400124791776761e-13,5.400124791776761e-13
FB--GVI,9.908092388999648,4.831690603168681e-13,4.831690603168681e-13,4.831690603168681e-13
FB--GVI,9.937065129051916,4.263256414560601e-13,4.263256414560601e-13,4.263256414560601e-13
FB--GVI,9.965946718060875,3.836930773104541e-13,3.836930773104541e-13,3.836930773104541e-13
FB--GVI,10.0071885160869,3.694822225952521e-13,3.694822225952521e-13,3.694822225952521e-13
FB--GVI,10.029168685083278,3.410605131648481e-13,3.410605131648481e-13,3.410605131648481e-13
FB--GVI,10.056484434055164,3.410605131648481e-13,3.410605131648481e-13,3.410605131648481e-13
FB--GVI,10.090573653113095,2.842170943040401e-13,2.842170943040401e-13,2.842170943040401e-13
FB--GVI,10.124349262099711,2.557953848736361e-13,2.557953848736361e-13,2.557953848736361e-13
FB--GVI,10.158831241016742,2.273736754432321e-13,2.273736754432321e-13,2.273736754432321e-13
FB--GVI,10.19439846003661,2.273736754432321e-13,2.273736754432321e-13,2.273736754432321e-13
FB--GVI,10.226901268935762,1.9895196601282805e-13,1.9895196601282805e-13,1.9895196601282805e-13
FB--GVI,10.259195968916174,1.8474111129762605e-13,1.8474111129762605e-13,1.8474111129762605e-13
FB--GVI,10.307775597961154,1.7053025658242404e-13,1.7053025658242404e-13,1.7053025658242404e-13
FB--GVI,10.345311396988109,1.4210854715202006e-13,1.4210854715202006e-13,1.4210854715202006e-13
FB--GVI,10.375076525961047,1.4210854715202006e-13,1.4210854715202006e-13,1.4210854715202006e-13
FB--GVI,10.40525220503332,1.4210854715202006e-13,1.4210854715202006e-13,1.4210854715202006e-13
FB--GVI,10.435224544082304,1.2789769243681806e-13,1.2789769243681806e-13,1.2789769243681806e-13
FB--GVI,10.465518562996294,1.2789769243681806e-13,1.2789769243681806e-13,1.2789769243681806e-13
FB--GVI,10.494633132999295,1.1368683772161605e-13,1.1368683772161605e-13,1.1368683772161605e-13
FB--GVI,10.52393611194566,9.947598300641405e-14,9.947598300641405e-14,9.947598300641405e-14
FB--GVI,10.553925760963466,8.526512829121202e-14,8.526512829121202e-14,8.526512829121202e-14
FB--GVI,10.58472692000214,8.526512829121202e-14,8.526512829121202e-14,8.526512829121202e-14
FB--GVI,10.613903729012236,8.526512829121202e-14,8.526512829121202e-14,8.526512829121202e-14
FB--GVI,10.643208877998404,9.947598300641405e-14,9.947598300641405e-14,9.947598300641405e-14
FB--GVI,10.670008767046966,7.105427357601003e-14,7.105427357601003e-14,7.105427357601003e-14
FB--GVI,10.699643936008217,8.526512829121202e-14,8.526512829121202e-14,8.526512829121202e-14
FB--GVI,10.729077075084206,7.105427357601003e-14,7.105427357601003e-14,7.105427357601003e-14
FB--GVI,10.758290984143969,2.8421709430404014e-14,2.8421709430404014e-14,2.8421709430404014e-14
FB--GVI,10.786773263243958,7.105427357601003e-14,7.105427357601003e-14,7.105427357601003e-14
FB--GVI,10.814883352199104,5.684341886080803e-14,5.684341886080803e-14,5.684341886080803e-14
FB--GVI,10.844586391118357,4.263256414560601e-14,4.263256414560601e-14,4.263256414560601e-14
FB--GVI,10.87590980011737,2.8421709430404014e-14,2.8421709430404014e-14,2.8421709430404014e-14
FB--GVI,10.90554142917972,5.684341886080803e-14,5.684341886080803e-14,5.684341886080803e-14
FB--GVI,10.934794959204735,2.8421709430404014e-14,2.8421709430404014e-14,2.8421709430404014e-14
FB--GVI,10.975082528137136,2.8421709430404014e-14,2.8421709430404014e-14,2.8421709430404014e-14
FB--GVI,11.004360417136922,0.0,0.0,0.0
FB--GVI,11.038828906137496,4.263256414560601e-14,4.263256414560601e-14,4.263256414560601e-14
FB--GVI,11.0675260751741,2.8421709430404014e-14,2.8421709430404014e-14,2.8421709430404014e-14
FB--GVI,11.096176525112242,2.8421709430404014e-14,2.8421709430404014e-14,2.8421709430404014e-14
FB--GVI,11.118403395114,4.263256414560601e-14,4.263256414560601e-14,4.263256414560601e-14
FB--GVI,11.146788574114908,2.8421709430404014e-14,2.8421709430404014e-14,2.8421709430404014e-14
FB--GVI,11.174900543119293,2.8421709430404014e-14,2.8421709430404014e-14,2.8421709430404014e-14
FB--GVI,11.203085492132232,2.8421709430404014e-14,2.8421709430404014e-14,2.8421709430404014e-14
FB--GVI,11.231339111109264,2.8421709430404014e-14,2.8421709430404014e-14,2.8421709430404014e-14
FB--GVI,11.259532900061458,0.0,0.0,0.0
FB--GVI,11.287962729111314,1.4210854715202004e-14,1.4210854715202004e-14,1.4210854715202004e-14
FB--GVI,11.316477098094763,4.263256414560601e-14,4.263256414560601e-14,4.263256414560601e-14
FB--GVI,11.344913157110568,2.8421709430404014e-14,2.8421709430404014e-14,2.8421709430404014e-14
FB--GVI,11.385853926243726,1.4210854715202004e-14,1.4210854715202004e-14,1.4210854715202004e-14
FB--GVI,11.414183215179946,0.0,0.0,0.0
FB--GVI,11.442381554166786,1.4210854715202004e-14,1.4210854715202004e-14,1.4210854715202004e-14
FB--GVI,11.47533164313063,1.4210854715202004e-14,1.4210854715202004e-14,1.4210854715202004e-14
FB--GVI,11.506560552108567,0.0,0.0,0.0
FB--GVI,11.53488238103455,4.263256414560601e-14,4.263256414560601e-14,4.263256414560601e-14
FB--GVI,11.564103730081117,2.8421709430404014e-14,2.8421709430404014e-14,2.8421709430404014e-14
FB--GVI,11.592893339169676,1.4210854715202004e-14,1.4210854715202004e-14,1.4210854715202004e-14
FB--GVI,11.621451198065188,1.4210854715202004e-14,1.4210854715202004e-14,1.4210854715202004e-14
FB--GVI,11.649721147085074,-1.4210854715202004e-14,-1.4210854715202004e-14,-1.4210854715202004e-14
FB--GVI,11.677882027172018,2.8421709430404014e-14,2.8421709430404014e-14,2.8421709430404014e-14
FB--GVI,11.706383126147555,0.0,0.0,0.0
FB--GVI,11.750262095127257,0.0,0.0,0.0
FB--GVI,11.77974671422271,2.8421709430404014e-14,2.8421709430404014e-14,2.8421709430404014e-14
FB--GVI,11.807644773216452,0.0,0.0,0.0
FB--GVI,11.84125855221646,1.4210854715202004e-14,1.4210854715202004e-14,1.4210854715202004e-14
FB--GVI,11.875337771198248,1.4210854715202004e-14,1.4210854715202004e-14,1.4210854715202004e-14
FB--GVI,11.908499950252008,-1.4210854715202004e-14,-1.4210854715202004e-14,-1.4210854715202004e-14
FB--GVI,11.987141208315734,1.4210854715202004e-14,1.4210854715202004e-14,1.4210854715202004e-14
FB--GVI,12.021936907374766,0.0,0.0,0.0
FB--GVI,12.053955976327416,2.8421709430404014e-14,2.8421709430404014e-14,2.8421709430404014e-14
FB--GVI,12.08283213537652,0.0,0.0,0.0
FB--GVI,12.111606734397355,2.8421709430404014e-14,2.8421709430404014e-14,2.8421709430404014e-14
FB--GVI,12.138723813404797,0.0,0.0,0.0
FB--GVI,12.163025262299923,1.4210854715202004e-14,1.4210854715202004e-14,1.4210854715202004e-14
FB--GVI,12.192608031269629,0.0,0.0,0.0
FB--GVI,12.222041460336186,1.4210854715202004e-14,1.4210854715202004e-14,1.4210854715202004e-14
FB--GVI,12.251990739256144,0.0,0.0,0.0
FB--GVI,12.28089733835077,0.0,0.0,0.0
FB--GVI,12.30947321827989,1.4210854715202004e-14,1.4210854715202004e-14,1.4210854715202004e-14
FB--GVI,12.33802612737054,0.0,0.0,0.0
FB--GVI,12.367541496292688,1.4210854715202004e-14,1.4210854715202004e-14,1.4210854715202004e-14
FB--GVI,12.397926625388209,1.4210854715202004e-14,1.4210854715202004e-14,1.4210854715202004e-14
FB--GVI,12.42701503430726,1.4210854715202004e-14,1.4210854715202004e-14,1.4210854715202004e-14
FB--GVI,12.45602411328582,0.0,0.0,0.0
FB--GVI,12.484877592360135,1.4210854715202004e-14,1.4210854715202004e-14,1.4210854715202004e-14
FB--GVI,12.513582851330284,5.684341886080803e-14,5.684341886080803e-14,5.684341886080803e-14
FB--GVI,12.543531770294068,1.4210854715202004e-14,1.4210854715202004e-14,1.4210854715202004e-14
FB--GVI,12.572816629312,0.0,0.0,0.0
FB--GVI,12.60183866834268,0.0,0.0,0.0
FB--GVI,12.631666708446572,-1.4210854715202004e-14,-1.4210854715202004e-14,-1.4210854715202004e-14
FB--GVI,12.662390247453004,1.4210854715202004e-14,1.4210854715202004e-14,1.4210854715202004e-14
FB--GVI,12.69144450640306,1.4210854715202004e-14,1.4210854715202004e-14,1.4210854715202004e-14
FB--GVI,12.721571465430316,2.8421709430404014e-14,2.8421709430404014e-14,2.8421709430404014e-14
FB--GVI,12.754932824405842,-1.4210854715202004e-14,-1.4210854715202004e-14,-1.4210854715202004e-14
FB--GVI,12.788489183352794,2.8421709430404014e-14,2.8421709430404014e-14,2.8421709430404014e-14
FB--GVI,12.82185237237718,0.0,0.0,0.0
FB--GVI,12.851009041420184,1.4210854715202004e-14,1.4210854715202004e-14,1.4210854715202004e-14
FB--GVI,12.88012245047139,2.8421709430404014e-14,2.8421709430404014e-14,2.8421709430404014e-14
FB--GVI,12.91955216950737,2.8421709430404014e-14,2.8421709430404014e-14,2.8421709430404014e-14
FB--GVI,12.959348958567716,1.4210854715202004e-14,1.4210854715202004e-14,1.4210854715202004e-14
FB--GVI,12.989014517632311,0.0,0.0,0.0
FB--GVI,13.01801260659704,-2.8421709430404014e-14,-2.8421709430404014e-14,-2.8421709430404014e-14
FB--GVI,13.047138825582806,0.0,0.0,0.0
FB--GVI,13.075419785629492,2.8421709430404014e-14,2.8421709430404014e-14,2.8421709430404014e-14
FB--GVI,13.122853234643117,2.8421709430404014e-14,2.8421709430404014e-14,2.8421709430404014e-14
FB--GVI,13.15178822359303,1.4210854715202004e-14,1.4210854715202004e-14,1.4210854715202004e-14
FB--GVI,13.180262442620004,1.4210854715202004e-14,1.4210854715202004e-14,1.4210854715202004e-14
FB--GVI,13.209138721693307,1.4210854715202004e-14,1.4210854715202004e-14,1.4210854715202004e-14
FB--GVI,13.23909949074732,1.4210854715202004e-14,1.4210854715202004e-14,1.4210854715202004e-14
FB--GVI,13.26778132969048,1.4210854715202004e-14,1.4210854715202004e-14,1.4210854715202004e-14
FB--GVI,13.296813218737952,2.8421709430404014e-14,2.8421709430404014e-14,2.8421709430404014e-14
FB--GVI,13.325532747781835,1.4210854715202004e-14,1.4210854715202004e-14,1.4210854715202004e-14
FB--GVI,13.354293187789152,2.8421709430404014e-14,2.8421709430404014e-14,2.8421709430404014e-14
FB--GVI,13.38362174690701,2.8421709430404014e-14,2.8421709430404014e-14,2.8421709430404014e-14
FB--GVI,13.412474245938938,1.4210854715202004e-14,1.4210854715202004e-14,1.4210854715202004e-14
FB--GVI,13.440331764926668,0.0,0.0,0.0
FB--GVI,13.46728408394847,0.0,0.0,0.0
FB--GVI,13.49600531393662,2.8421709430404014e-14,2.8421709430404014e-14,2.8421709430404014e-14
FB--GVI,13.524998552980833,0.0,0.0,0.0
FB--GVI,13.553592291951643,-1.4210854715202004e-14,-1.4210854715202004e-14,-1.4210854715202004e-14
FB--GVI,13.581914900918491,1.4210854715202004e-14,1.4210854715202004e-14,1.4210854715202004e-14
FB--GVI,13.610481670999434,0.0,0.0,0.0
FB--GVI,13.639400349988136,0.0,0.0,0.0
FB--GVI,13.6655984990648,1.4210854715202004e-14,1.4210854715202004e-14,1.4210854715202004e-14
FB--GVI,13.690113728109282,2.8421709430404014e-14,2.8421709430404014e-14,2.8421709430404014e-14
FB--GVI,13.719449417083524,2.8421709430404014e-14,2.8421709430404014e-14,2.8421709430404014e-14
FB--GVI,13.74836845608661,0.0,0.0,0.0
FB--GVI,13.777692825125996,0.0,0.0,0.0
FB--GVI,13.806945104210172,2.8421709430404014e-14,2.8421709430404014e-14,2.8421709430404014e-14
FB--GVI,13.836029693251476,1.4210854715202004e-14,1.4210854715202004e-14,1.4210854715202004e-14
FB--GVI,13.86475263221655,0.0,0.0,0.0
FB--GVI,13.893944511248264,0.0,0.0,0.0
FB--GVI,13.92325030034408,0.0,0.0,0.0
FB--GVI,13.952726080198772,0.0,0.0,0.0
FB--GVI,13.98234014917398,1.4210854715202004e-14,1.4210854715202004e-14,1.4210854715202004e-14
FB--GVI,14.01108839828521,1.4210854715202004e-14,1.4210854715202004e-14,1.4210854715202004e-14
FB--GVI,14.040217997331638,1.4210854715202004e-14,1.4210854715202004e-14,1.4210854715202004e-14
FB--GVI,14.070548576302826,0.0,0.0,0.0
FB--GVI,14.100095695292111,-2.8421709430404014e-14,-2.8421709430404014e-14,-2.8421709430404014e-14
FB--GVI,14.129750474297907,1.4210854715202004e-14,1.4210854715202004e-14,1.4210854715202004e-14
FB--GVI,14.15867221337976,0.0,0.0,0.0
FB--GVI,14.187988292425873,0.0,0.0,0.0
FB--GVI,14.216998721414711,1.4210854715202004e-14,1.4210854715202004e-14,1.4210854715202004e-14
FB--GVI,14.247462620434815,2.8421709430404014e-14,2.8421709430404014e-14,2.8421709430404014e-14
FB--GVI,14.277781859447714,2.8421709430404014e-14,2.8421709430404014e-14,2.8421709430404014e-14
FB--GVI,14.307291808479931,2.8421709430404014e-14,2.8421709430404014e-14,2.8421709430404014e-14
FB--GVI,14.347315557533877,2.8421709430404014e-14,2.8421709430404014e-14,2.8421709430404014e-14
FB--GVI,14.376092886552216,0.0,0.0,0.0
FB--GVI,14.41200126556214,1.4210854715202004e-14,1.4210854715202004e-14,1.4210854715202004e-14
FB--GVI,14.44029117556056,2.8421709430404014e-14,2.8421709430404014e-14,2.8421709430404014e-14
FB--GVI,14.468631104566157,0.0,0.0,0.0
FB--GVI,14.496888103487436,2.8421709430404014e-14,2.8421709430404014e-14,2.8421709430404014e-14
FB--GVI,14.525585622526703,0.0,0.0,0.0
FB--GVI,14.553986771497875,1.4210854715202004e-14,1.4210854715202004e-14,1.4210854715202004e-14
FB--GVI,14.581836030469276,0.0,0.0,0.0
FB--GVI,14.609697659441736,0.0,0.0,0.0
FB--GVI,14.63760731840739,-1.4210854715202004e-14,-1.4210854715202004e-14,-1.4210854715202004e-14
FB--GVI,14.666419417480938,-1.4210854715202004e-14,-1.4210854715202004e-14,-1.4210854715202004e-14
FB--GVI,14.69548301748,2.8421709430404014e-14,2.8421709430404014e-14,2.8421709430404014e-14
FB--GVI,14.724552776431665,0.0,0.0,0.0
FB--GVI,14.753579275449738,2.8421709430404014e-14,2.8421709430404014e-14,2.8421709430404014e-14
FB--GVI,14.784440464514772,0.0,0.0,0.0
FB--GVI,14.814316613483244,1.4210854715202004e-14,1.4210854715202004e-14,1.4210854715202004e-14
FB--GVI,14.8427087024902,2.8421709430404014e-14,2.8421709430404014e-14,2.8421709430404014e-14
FB--GVI,14.87195008143317,0.0,0.0,0.0
FB--GVI,14.900895891420078,0.0,0.0,0.0
FB--GVI,14.929847380437424,0.0,0.0,0.0
FB--GVI,14.958244849462062,1.4210854715202004e-14,1.4210854715202004e-14,1.4210854715202004e-14
FB--GVI,14.988666718476452,1.4210854715202004e-14,1.4210854715202004e-14,1.4210854715202004e-14
FB--GVI,15.017358707496896,0.0,0.0,0.0
FB--GVI,15.046409426489843,-1.4210854715202004e-14,-1.4210854715202004e-14,-1.4210854715202004e-14
FB--GVI,15.074893785465974,0.0,0.0,0.0
FB--GVI,15.103360434412023,0.0,0.0,0.0
FB--GVI,15.13213521335274,0.0,0.0,0.0
FB--GVI,15.1612604323891,1.4210854715202004e-14,1.4210854715202004e-14,1.4210854715202004e-14
FB--GVI,15.189833401353098,-1.4210854715202004e-14,-1.4210854715202004e-14,-1.4210854715202004e-14
FB--GVI,15.218186650483403,1.4210854715202004e-14,1.4210854715202004e-14,1.4210854715202004e-14
FB--GVI,15.24692058947403,2.8421709430404014e-14,2.8421709430404014e-14,2.8421709430404014e-14
FB--GVI,15.275293008424342,0.0,0.0,0.0
FB--GVI,15.303686427301727,1.4210854715202004e-14,1.4210854715202004e-14,1.4210854715202004e-14
FB--GVI,15.33221372636035,1.4210854715202004e-14,1.4210854715202004e-14,1.4210854715202004e-14
FB--GVI,15.361024235317018,1.4210854715202004e-14,1.4210854715202004e-14,1.4210854715202004e-14
FB--GVI,15.389199954282958,-2.8421709430404014e-14,-2.8421709430404014e-14,-2.8421709430404014e-14
FB--GVI,15.417213233362418,0.0,0.0,0.0
FB--GVI,15.445329742331523,1.4210854715202004e-14,1.4210854715202004e-14,1.4210854715202004e-14
FB--GVI,15.47449525236152,1.4210854715202004e-14,1.4210854715202004e-14,1.4210854715202004e-14
FB--GVI,15.503601881326176,0.0,0.0,0.0
FB--GVI,15.532328710367436,1.4210854715202004e-14,1.4210854715202004e-14,1.4210854715202004e-14
FB--GVI,15.562320759345312,1.4210854715202004e-14,1.4210854715202004e-14,1.4210854715202004e-14
FB--GVI,15.59291003830731,0.0,0.0,0.0
FB--GVI,15.622971857257651,0.0,0.0,0.0
FB--GVI,15.651109746308066,1.4210854715202004e-14,1.4210854715202004e-14,1.4210854715202004e-14
FB--GVI,15.680372026283294,2.8421709430404014e-14,2.8421709430404014e-14,2.8421709430404014e-14
FB--GVI,15.709043155307882,0.0,0.0,0.0
FB--GVI,15.738081364310348,1.4210854715202004e-14,1.4210854715202004e-14,1.4210854715202004e-14
FB--GVI,15.766921863367315,2.8421709430404014e-14,2.8421709430404014e-14,2.8421709430404014e-14
FB--GVI,15.79649464332033,2.8421709430404014e-14,2.8421709430404014e-14,2.8421709430404014e-14
FB--GVI,15.82555091229733,2.8421709430404014e-14,2.8421709430404014e-14,2.8421709430404014e-14
FB--GVI,15.855086601222864,2.8421709430404014e-14,2.8421709430404014e-14,2.8421709430404014e-14
FB--GVI,15.895752110285684,1.4210854715202004e-14,1.4210854715202004e-14,1.4210854715202004e-14
FB--GVI,15.924885729327798,1.4210854715202004e-14,1.4210854715202004e-14,1.4210854715202004e-14
FB--GVI,15.95446315832669,0.0,0.0,0.0
FB--GVI,15.982940787333064,2.8421709430404014e-14,2.8421709430404014e-14,2.8421709430404014e-14
FB--GVI,16.027859205321874,1.4210854715202004e-14,1.4210854715202004e-14,1.4210854715202004e-14
FB--GVI,16.056190194387455,2.8421709430404014e-14,2.8421709430404014e-14,2.8421709430404014e-14
FB--GVI,16.084423104359303,1.4210854715202004e-14,1.4210854715202004e-14,1.4210854715202004e-14
FB--GVI,16.11262016330147,1.4210854715202004e-14,1.4210854715202004e-14,1.4210854715202004e-14
FB--GVI,16.14023931225529,4.263256414560601e-14,4.263256414560601e-14,4.263256414560601e-14
FB--GVI,16.16898751136614,1.4210854715202004e-14,1.4210854715202004e-14,1.4210854715202004e-14
FB--GVI,16.19749633036554,2.8421709430404014e-14,2.8421709430404014e-14,2.8421709430404014e-14
FB--GVI,16.226980229315814,1.4210854715202004e-14,1.4210854715202004e-14,1.4210854715202004e-14
FB--GVI,16.256756798306014,2.8421709430404014e-14,2.8421709430404014e-14,2.8421709430404014e-14
FB--GVI,16.285152857308276,1.4210854715202004e-14,1.4210854715202004e-14,1.4210854715202004e-14
FB--GVI,16.314488107338548,0.0,0.0,0.0
FB--GVI,16.342402956273872,0.0,0.0,0.0
FB--GVI,16.37193840526743,1.4210854715202004e-14,1.4210854715202004e-14,1.4210854715202004e-14
FB--GVI,16.40135606424883,0.0,0.0,0.0
FB--GVI,16.429923714196775,1.4210854715202004e-14,1.4210854715202004e-14,1.4210854715202004e-14
FB--GVI,16.458392793196253,5.684341886080803e-14,5.684341886080803e-14,5.684341886080803e-14
FB--GVI,16.486759122286458,2.8421709430404014e-14,2.8421709430404014e-14,2.8421709430404014e-14
FB--GVI,16.515017251251265,2.8421709430404014e-14,2.8421709430404014e-14,2.8421709430404014e-14
FB--GVI,16.543338170216884,0.0,0.0,0.0
FB--GVI,16.572121309291106,1.4210854715202004e-14,1.4210854715202004e-14,1.4210854715202004e-14
FB--GVI,16.60145269834902,1.4210854715202004e-14,1.4210854715202004e-14,1.4210854715202004e-14
FB--GVI,16.63042064732872,0.0,0.0,0.0
FB--GVI,16.65922444727039,1.4210854715202004e-14,1.4210854715202004e-14,1.4210854715202004e-14
FB--GVI,16.687731956189964,2.8421709430404014e-14,2.8421709430404014e-14,2.8421709430404014e-14
FB--GVI,16.716320075152908,1.4210854715202004e-14,1.4210854715202004e-14,1.4210854715202004e-14
FB--GVI,16.745896164153237,2.8421709430404014e-14,2.8421709430404014e-14,2.8421709430404014e-14
FB--GVI,16.775399084261153,1.4210854715202004e-14,1.4210854715202004e-14,1.4210854715202004e-14
FB--GVI,16.804520053206943,0.0,0.0,0.0
FB--GVI,16.83368837222224,2.8421709430404014e-14,2.8421709430404014e-14,2.8421709430404014e-14
FB--GVI,16.862651261268184,2.8421709430404014e-14,2.8421709430404014e-14,2.8421709430404014e-14
FB--GVI,16.89353438024409,2.8421709430404014e-14,2.8421709430404014e-14,2.8421709430404014e-14
FB--GVI,16.922199069231283,-1.4210854715202004e-14,-1.4210854715202004e-14,-1.4210854715202004e-14
FB--GVI,16.950739408261143,1.4210854715202004e-14,1.4210854715202004e-14,1.4210854715202004e-14
FB--GVI,16.979051867267117,0.0,0.0,0.0
FB--GVI,17.008667616231833,1.4210854715202004e-14,1.4210854715202004e-14,1.4210854715202004e-14
FB--GVI,17.037124095193576,2.8421709430404014e-14,2.8421709430404014e-14,2.8421709430404014e-14
FB--GVI,17.066829854156822,4.263256414560601e-14,4.263256414560601e-14,4.263256414560601e-14
FB--GVI,17.09646539320238,0.0,0.0,0.0
FB--GVI,17.125657912227325,2.8421709430404014e-14,2.8421709430404014e-14,2.8421709430404014e-14
FB--GVI,17.154849501152057,4.263256414560601e-14,4.263256414560601e-14,4.263256414560601e-14
FB--GVI,17.18649198015919,1.4210854715202004e-14,1.4210854715202004e-14,1.4210854715202004e-14
FB--GVI,17.215421149216127,2.8421709430404014e-14,2.8421709430404014e-14,2.8421709430404014e-14
FB--GVI,17.24485748814186,2.8421709430404014e-14,2.8421709430404014e-14,2.8421709430404014e-14
FB--GVI,17.27690123708453,1.4210854715202004e-14,1.4210854715202004e-14,1.4210854715202004e-14
FB--GVI,17.309145546052605,2.8421709430404014e-14,2.8421709430404014e-14,2.8421709430404014e-14
FB--GVI,17.341697645024396,0.0,0.0,0.0
FB--GVI,17.3744105740916,1.4210854715202004e-14,1.4210854715202004e-14,1.4210854715202004e-14
FB--GVI,17.404921113164164,1.4210854715202004e-14,1.4210854715202004e-14,1.4210854715202004e-14
FB--GVI,17.436824092059396,0.0,0.0,0.0
FB--GVI,17.468414661067072,1.4210854715202004e-14,1.4210854715202004e-14,1.4210854715202004e-14
FB--GVI,17.510396419966128,-1.4210854715202004e-14,-1.4210854715202004e-14,-1.4210854715202004e-14
FB--GVI,17.56044764892431,-1.4210854715202004e-14,-1.4210854715202004e-14,-1.4210854715202004e-14
FB--GVI,17.61639679793734,1.4210854715202004e-14,1.4210854715202004e-14,1.4210854715202004e-14
FB--GVI,17.65320818690816,0.0,0.0,0.0
FB--GVI,17.682541485875845,0.0,0.0,0.0
FB--GVI,17.71126559493132,1.4210854715202004e-14,1.4210854715202004e-14,1.4210854715202004e-14
FB--GVI,17.740543284919113,2.8421709430404014e-14,2.8421709430404014e-14,2.8421709430404014e-14
FB--GVI,17.769965853891335,0.0,0.0,0.0
FB--GVI,17.80056490295101,1.4210854715202004e-14,1.4210854715202004e-14,1.4210854715202004e-14
FB--GVI,17.830079731997102,1.4210854715202004e-14,1.4210854715202004e-14,1.4210854715202004e-14
FB--GVI,17.86486495094141,0.0,0.0,0.0
FB--GVI,17.903683579992503,0.0,0.0,0.0
FB--GVI,17.93635913892649,2.8421709430404014e-14,2.8421709430404014e-14,2.8421709430404014e-14
FB--GVI,17.97074035787955,2.8421709430404014e-14,2.8421709430404014e-14,2.8421709430404014e-14
FB--GVI,17.99997929687379,0.0,0.0,0.0
FB--GVI,18.03607902588556,0.0,0.0,0.0
FB--GVI,18.07027348486008,0.0,0.0,0.0
FB--GVI,18.11018244281877,0.0,0.0,0.0
FB--GVI,18.14699187182123,0.0,0.0,0.0
FB--GVI,18.18042972072726,2.8421709430404014e-14,2.8421709430404014e-14,2.8421709430404014e-14
FB--GVI,18.21458477975102,2.8421709430404014e-14,2.8421709430404014e-14,2.8421709430404014e-14
FB--GVI,18.25073949882062,0.0,0.0,0.0
FB--GVI,18.28779912687605,1.4210854715202004e-14,1.4210854715202004e-14,1.4210854715202004e-14
Sq--NGVI,0.0,545.7152083153993,545.7152083153993,545.7152083153993
Sq--NGVI,0.0314150690101087,60.65050590424883,60.65050590424883,60.65050590424883
Sq--NGVI,0.0631171779823489,35.57334311001756,35.57334311001756,35.57334311001756
Sq--NGVI,0.0950255369534716,24.760369103957714,24.760369103957714,24.760369103957714
Sq--NGVI,0.1272232760093175,18.70927839988229,18.70927839988229,18.70927839988229
Sq--NGVI,0.1605470649665221,14.856981912905098,14.856981912905098,14.856981912905098
Sq--NGVI,0.1924767139134928,12.201766869077858,12.201766869077858,12.201766869077858
Sq--NGVI,0.2256616629310883,10.26843336583174,10.26843336583174,10.26843336583174
Sq--NGVI,0.2579253919539042,8.802020644084891,8.802020644084891,8.802020644084891
Sq--NGVI,0.2910885509918444,7.653474539036651,7.653474539036651,7.653474539036651
Sq--NGVI,0.3216880600666627,6.729961160892515,6.729961160892515,6.729961160892515
Sq--NGVI,0.3520301390672102,5.9707936343399695,5.9707936343399695,5.9707936343399695
Sq--NGVI,0.381047728122212,5.334767188343989,5.334767188343989,5.334767188343989
Sq--NGVI,0.4097879181499593,4.79304895347569,4.79304895347569,4.79304895347569
Sq--NGVI,0.438181237259414,4.324969576840175,4.324969576840175,4.324969576840175
Sq--NGVI,0.4660101563786156,3.9154200935911376,3.9154200935911376,3.9154200935911376
Sq--NGVI,0.4942562453798018,3.553180126166353,3.553180126166353,3.553180126166353
Sq--NGVI,0.5238449044409208,3.229808677650212,3.229808677650212,3.229808677650212
Sq--NGVI,0.5516787533997558,2.9388868299359387,2.9388868299359387,2.9388868299359387
Sq--NGVI,0.5813360023894347,2.675487421223636,2.675487421223636,2.675487421223636
Sq--NGVI,0.6110224914154969,2.435795234755517,2.435795234755517,2.435795234755517
Sq--NGVI,0.6406229314743541,2.2168295856296254,2.2168295856296254,2.2168295856296254
Sq--NGVI,0.6707628305302933,2.0162382956623617,2.0162382956623617,2.0162382956623617
Sq--NGVI,0.7029926795512438,1.8321426337202524,1.8321426337202524,1.8321426337202524
Sq--NGVI,0.7365260185906664,1.66301949620987,1.66301949620987,1.66301949620987
Sq--NGVI,0.7704192575183697,1.5076114129259537,1.5076114129259537,1.5076114129259537
Sq--NGVI,0.8042858764529228,1.364857774936752,1.364857774936752,1.364857774936752
Sq--NGVI,0.8380539455683902,1.2338425336125738,1.2338425336125738,1.2338425336125738
Sq--NGVI,0.8708357145660557,1.1137548512786992,1.1137548512786992,1.1137548512786992
Sq--NGVI,0.9018330335966313,1.003860011499114,1.003860011499114,1.003860011499114
Sq--NGVI,0.9421911026001908,0.9034784632316928,0.9034784632316928,0.9034784632316928
Sq--NGVI,0.9816280515515244,0.8119712726855823,0.8119712726855823,0.8119712726855823
Sq--NGVI,1.0131258806213737,0.7287305523780105,0.7287305523780105,0.7287305523780105
Sq--NGVI,1.0435781396226955,0.653173669344568,0.653173669344568,0.653173669344568
Sq--NGVI,1.073693208687473,0.5847402289446251,0.5847402289446251,0.5847402289446251
Sq--NGVI,1.105510277673602,0.5228910016807617,0.5228910016807617,0.5228910016807617
Sq--NGVI,1.1364664966240523,0.4671081150191014,0.4671081150191014,0.4671081150191014
Sq--NGVI,1.1680303356260993,0.416895972883168,0.416895972883168,0.416895972883168
Sq--NGVI,1.1989020646433346,0.3717824922364627,0.3717824922364627,0.3717824922364627
Sq--NGVI,1.229851043666713,0.3313203579044455,0.3313203579044455,0.3313203579044455
Sq--NGVI,1.2604807926691135,0.2950880924060186,0.2950880924060186,0.2950880924060186
Sq--NGVI,1.2910590316168964,0.2626908165326398,0.2626908165326398,0.2626908165326398
Sq--NGVI,1.321204440726433,0.2337606389634459,0.2337606389634459,0.2337606389634459
Sq--NGVI,1.3522595996619202,0.2079566603788691,0.2079566603788691,0.2079566603788691
Sq--NGVI,1.3839964186772704,0.1849646109729121,0.1849646109729121,0.1849646109729121
Sq--NGVI,1.4142771976185031,0.1644961620172438,0.1644961620172438,0.1644961620172438
Sq--NGVI,1.445176467532292,0.1462879644087849,0.1462879644087849,0.1462879644087849
Sq--NGVI,1.4745432264753615,0.1301004721129288,0.1301004721129288,0.1301004721129288
Sq--NGVI,1.5030335255432874,0.115716608087979,0.115716608087979,0.115716608087979
Sq--NGVI,1.5296087245224044,0.1029403263719359,0.1029403263719359,0.1029403263719359
Sq--NGVI,1.5625332335475832,0.0915951179298844,0.0915951179298844,0.0915951179298844
Sq--NGVI,1.5939549526083283,0.0815225006982416,0.0815225006982416,0.0815225006982416
Sq--NGVI,1.6235960716148838,0.0725805268188679,0.0725805268188679,0.0725805268188679
Sq--NGVI,1.6624175206525251,0.0646423328837073,0.0646423328837073,0.0646423328837073
Sq--NGVI,1.6896290896693245,0.0575947524562536,0.0575947524562536,0.0575947524562536
Sq--NGVI,1.728361407702323,0.0513370043904615,0.0513370043904615,0.0513370043904615
Sq--NGVI,1.7562194967758842,0.0457794656003756,0.0457794656003756,0.0457794656003756
Sq--NGVI,1.7842649657977745,0.0408425329445947,0.0408425329445947,0.0408425329445947
Sq--NGVI,1.811818514834158,0.0364555757146689,0.0364555757146689,0.0364555757146689
Sq--NGVI,1.8410758538520893,0.0325559777781876,0.0325559777781876,0.0325559777781876
Sq--NGVI,1.8618833639193328,0.029088266614508,0.029088266614508,0.029088266614508
Sq--NGVI,1.883268083911389,0.0260033252047833,0.0260033252047833,0.0260033252047833
Sq--NGVI,1.9119015628821217,0.0232576818903567,0.0232576818903567,0.0232576818903567
Sq--NGVI,1.940050801844336,0.0208128728141048,0.0208128728141048,0.0208128728141048
Sq--NGVI,1.9670093808090316,0.0186348713275776,0.0186348713275776,0.0186348713275776
Sq--NGVI,1.995302329887636,0.0166935787168966,0.0166935787168966,0.0166935787168966
Sq--NGVI,2.0237384598585777,0.0149623707203829,0.0149623707203829,0.0149623707203829
Sq--NGVI,2.051765158772469,0.0134176945359456,0.0134176945359456,0.0134176945359456
Sq--NGVI,2.0798320478061214,0.0120387113077242,0.0120387113077242,0.0120387113077242
Sq--NGVI,2.1077440368244424,0.0108069794184473,0.0108069794184473,0.0108069794184473
Sq--NGVI,2.135290636797436,0.0097061742703488,0.0097061742703488,0.0097061742703488
Sq--NGVI,2.16332879581023,0.0087218406000317,0.0087218406000317,0.0087218406000317
Sq--NGVI,2.1913649747730237,0.0078411737279679,0.0078411737279679,0.0078411737279679
Sq--NGVI,2.2194582438096404,0.0070528264908773,0.0070528264908773,0.0070528264908773
Sq--NGVI,2.2479993227752857,0.0063467389249893,0.0063467389249893,0.0063467389249893
Sq--NGVI,2.276020951743704,0.0057139880770193,0.0057139880770193,0.0057139880770193
Sq--NGVI,2.304059660760686,0.005146655596647,0.005146655596647,0.005146655596647
Sq--NGVI,2.329528669710271,0.004637711022184,0.004637711022184,0.004637711022184
Sq--NGVI,2.357332158717327,0.0041809089050559,0.0041809089050559,0.0041809089050559
Sq--NGVI,2.3854664475657046,0.0037706981289176,0.0037706981289176,0.0037706981289176
Sq--NGVI,2.413396426534746,0.0034021419684222,0.0034021419684222,0.0034021419684222
Sq--NGVI,2.441461045469623,0.0030708476037375,0.0030708476037375,0.0030708476037375
Sq--NGVI,2.469624514458701,0.0027729039568384,0.0027729039568384,0.0027729039568384
Sq--NGVI,2.497569563507568,0.0025048268514069,0.0025048268514069,0.0025048268514069
Sq--NGVI,2.525570613448508,0.0022635106163306,0.0022635106163306,0.0022635106163306
Sq--NGVI,2.547217783459928,0.0020461853600295,0.0020461853600295,0.0020461853600295
Sq--NGVI,2.5768297823960893,0.001850379234412,0.001850379234412,0.001850379234412
Sq--NGVI,2.6055788613157347,0.0016738850911934,0.0016738850911934,0.0016738850911934
Sq--NGVI,2.635020690388046,0.0015147310048746,0.0015147310048746,0.0015147310048746
Sq--NGVI,2.6631801503826864,0.0013711542007683,0.0013711542007683,0.0013711542007683
Sq--NGVI,2.691326489322819,0.0012415779823413,0.0012415779823413,0.0012415779823413
Sq--NGVI,2.7201517283683643,0.0011245913022861,0.0011245913022861,0.0011245913022861
Sq--NGVI,2.741468537482433,0.001018930663406,0.001018930663406,0.001018930663406
Sq--NGVI,2.76595563639421,0.0009234640752708,0.0009234640752708,0.0009234640752708
Sq--NGVI,2.7942260453710333,0.000837176823822,0.000837176823822,0.000837176823822
Sq--NGVI,2.822440085466951,0.0007591588430955,0.0007591588430955,0.0007591588430955
Sq--NGVI,2.850599174387753,0.0006885935003992,0.0006885935003992,0.0006885935003992
Sq--NGVI,2.878469103423413,0.0006247476314342,0.0006247476314342,0.0006247476314342
Sq--NGVI,2.9070958424708806,0.0005669626816313,0.0005669626816313,0.0005669626816313
Sq--NGVI,2.936512202490121,0.0005146468240866,0.0005146468240866,0.0005146468240866
Sq--NGVI,2.964860461535864,0.0004672679446144,0.0004672679446144,0.0004672679446144
Sq--NGVI,2.9935892805224285,0.0004243473925384,0.0004243473925384,0.0004243473925384
Sq--NGVI,3.021539189503528,0.000385454412239,0.000385454412239,0.000385454412239
Sq--NGVI,3.0496460395515896,0.0003502011768716,0.0003502011768716,0.0003502011768716
Sq--NGVI,3.077676578599494,0.0003182383574653,0.0003182383574653,0.0003182383574653
Sq--NGVI,3.105555297632236,0.0002892511668903,0.0002892511668903,0.0002892511668903
Sq--NGVI,3.1334687265916727,0.0002629558262725,0.0002629558262725,0.0002629558262725
Sq--NGVI,3.161219415604137,0.0002390964060623,0.0002390964060623,0.0002390964060623
Sq--NGVI,3.189057185605634,0.0002174420017411,0.0002174420017411,0.0002174420017411
Sq--NGVI,3.2168989945785142,0.0001977842058664,0.0001977842058664,0.0001977842058664
Sq--NGVI,3.244539243518375,0.0001799348455904,0.0001799348455904,0.0001799348455904
Sq--NGVI,3.27228519244818,0.0001637239551683,0.0001637239551683,0.0001637239551683
Sq--NGVI,3.3001708314404823,0.0001489979596414,0.0001489979596414,0.0001489979596414
Sq--NGVI,3.3281297115026973,0.0001356180457037,0.0001356180457037,0.0001356180457037
Sq--NGVI,3.3559375104960054,0.0001234587000595,0.0001234587000595,0.0001234587000595
Sq--NGVI,3.383644559537061,0.0001124063977897,0.0001124063977897,0.0001124063977897
Sq--NGVI,3.41125135839684,0.0001023584241011,0.0001023584241011,0.0001023584241011
Sq--NGVI,3.4500322963576764,9.322181588800048e-05,9.322181588800048e-05,9.322181588800048e-05
Sq--NGVI,3.4755886652856134,8.491241027286378e-05,8.491241027286378e-05,8.491241027286378e-05
Sq--NGVI,3.5016129642608576,7.735398909858304e-05,7.735398909858304e-05,7.735398909858304e-05
Sq--NGVI,3.5235725333332084,7.047750879962678e-05,7.047750879962678e-05,7.047750879962678e-05
Sq--NGVI,3.5484397324034944,6.422040769393789e-05,6.422040769393789e-05,6.422040769393789e-05
Sq--NGVI,3.569609001337085,5.8525981927459725e-05,5.8525981927459725e-05,5.8525981927459725e-05
Sq--NGVI,3.5929295704117976,5.334282334956697e-05,5.334282334956697e-05,5.334282334956697e-05
Sq--NGVI,3.622015669418033,4.862431302399273e-05,4.862431302399273e-05,4.862431302399273e-05
Sq--NGVI,3.643976868363097,4.432816425037345e-05,4.432816425037345e-05,4.432816425037345e-05
Sq--NGVI,3.67373906733701,4.0416010818944414e-05,4.0416010818944414e-05,4.0416010818944414e-05
Sq--NGVI,3.701447916275356,3.685303514089355e-05,3.685303514089355e-05,3.685303514089355e-05
Sq--NGVI,3.722781086282339,3.360763292903357e-05,3.360763292903357e-05,3.360763292903357e-05
Sq--NGVI,3.7442729363101535,3.0651109995005754e-05,3.0651109995005754e-05,3.0651109995005754e-05
Sq--NGVI,3.766385586292017,2.7957408661904992e-05,2.7957408661904992e-05,2.7957408661904992e-05
Sq--NGVI,3.790509046288207,2.550286068014884e-05,2.550286068014884e-05,2.550286068014884e-05
Sq--NGVI,3.8199013852281496,2.3265963619678587e-05,2.3265963619678587e-05,2.3265963619678587e-05
Sq--NGVI,3.8490748942131177,2.1227178564231508e-05,2.1227178564231508e-05,2.1227178564231508e-05
Sq--NGVI,3.87057167320745,1.9368747615544635e-05,1.9368747615544635e-05,1.9368747615544635e-05
Sq--NGVI,3.892484392272309,1.7674528464795003e-05,1.7674528464795003e-05,1.7674528464795003e-05
Sq--NGVI,3.922079441137612,1.6129844595980103e-05,1.6129844595980103e-05,1.6129844595980103e-05
Sq--NGVI,3.943707020080183,1.4721349799629024e-05,1.4721349799629024e-05,1.4721349799629024e-05
Sq--NGVI,3.965095488994848,1.3436905661023957e-05,1.3436905661023957e-05,1.3436905661023957e-05
Sq--NGVI,3.9865546679939134,1.226547031762948e-05,1.226547031762948e-05,1.226547031762948e-05
Sq--NGVI,4.010939627070911,1.1196997576234937e-05,1.1196997576234937e-05,1.1196997576234937e-05
Sq--NGVI,4.032465006050188,1.0222345892429985e-05,1.0222345892429985e-05,1.0222345892429985e-05
Sq--NGVI,4.053918055084068,9.333195549743324e-06,9.333195549743324e-06,9.333195549743324e-06
Sq--NGVI,4.079126834112685,8.521973569486363e-06,8.521973569486363e-06,8.521973569486363e-06
Sq--NGVI,4.100668943079654,7.781785740235136e-06,7.781785740235136e-06,7.781785740235136e-06
Sq--NGVI,4.124061062117107,7.1063549285099725e-06,7.1063549285099725e-06,7.1063549285099725e-06
Sq--NGVI,4.145500261103734,6.489964960110228e-06,6.489964960110228e-06,6.489964960110228e-06
Sq--NGVI,4.174740680085961,5.927409802097827e-06,5.927409802097827e-06,5.927409802097827e-06
Sq--NGVI,4.2036274101701565,5.413947377519435e-06,5.413947377519435e-06,5.413947377519435e-06
Sq--NGVI,4.231707989121787,4.945257899180433e-06,4.945257899180433e-06,4.945257899180433e-06
Sq--NGVI,4.252740528085269,4.517405500337191e-06,4.517405500337191e-06,4.517405500337191e-06
Sq--NGVI,4.273584298091009,4.1268036881092485e-06,4.1268036881092485e-06,4.1268036881092485e-06
Sq--NGVI,4.294646998052485,3.770184250129205e-06,3.770184250129205e-06,3.770184250129205e-06
Sq--NGVI,4.315839738119394,3.444568207555676e-06,3.444568207555676e-06,3.444568207555676e-06
Sq--NGVI,4.337032798212022,3.147240306589083e-06,3.147240306589083e-06,3.147240306589083e-06
Sq--NGVI,4.359741528169252,2.8757253147659867e-06,2.8757253147659867e-06,2.8757253147659867e-06
Sq--NGVI,4.38557064824272,2.627766349405647e-06,2.627766349405647e-06,2.627766349405647e-06
Sq--NGVI,4.406703778309748,2.401305664534448e-06,2.401305664534448e-06,2.401305664534448e-06
Sq--NGVI,4.42778955824906,2.194466802052375e-06,2.194466802052375e-06,2.194466802052375e-06
Sq--NGVI,4.450783758191392,2.005538405569496e-06,2.005538405569496e-06,2.005538405569496e-06
Sq--NGVI,4.471941068244632,1.8329595974364563e-06,1.8329595974364563e-06,1.8329595974364563e-06
Sq--NGVI,4.4932060882565565,1.675306592119341e-06,1.675306592119341e-06,1.675306592119341e-06
Sq--NGVI,4.514150917180814,1.5312805459188894e-06,1.5312805459188894e-06,1.5312805459188894e-06
Sq--NGVI,4.53922062611673,1.399696571979803e-06,1.399696571979803e-06,1.399696571979803e-06
Sq--NGVI,4.560573935159482,1.27947342321022e-06,1.27947342321022e-06,1.27947342321022e-06
Sq--NGVI,4.582086514157709,1.1696246247083764e-06,1.1696246247083764e-06,1.1696246247083764e-06
Sq--NGVI,4.6068263331544586,1.0692498335629352e-06,1.0692498335629352e-06,1.0692498335629352e-06
Sq--NGVI,4.639182902174071,9.775275486845203e-07,9.775275486845203e-07,9.775275486845203e-07
Sq--NGVI,4.67106544127455,8.937078064263915e-07,8.937078064263915e-07,8.937078064263915e-07
Sq--NGVI,4.693771530291997,8.171061693929005e-07,8.171061693929005e-07,8.171061693929005e-07
Sq--NGVI,4.730296149267815,7.470978573564935e-07,7.470978573564935e-07,7.470978573564935e-07
Sq--NGVI,4.757423048198689,6.831124750306117e-07,6.831124750306117e-07,6.831124750306117e-07
Sq--NGVI,4.778384557168465,6.246293651201995e-07,6.246293651201995e-07,6.246293651201995e-07
Sq--NGVI,4.799297236138955,5.711729613722127e-07,5.711729613722127e-07,5.711729613722127e-07
Sq--NGVI,4.820019535196479,5.223091932293755e-07,5.223091932293755e-07,5.223091932293755e-07
Sq--NGVI,4.840982814144809,4.776416915319714e-07,4.776416915319714e-07,4.776416915319714e-07
Sq--NGVI,4.8619694341905415,4.36808420545276e-07,4.36808420545276e-07,4.36808420545276e-07
Sq--NGVI,4.883186654071324,3.9947882157775894e-07,3.9947882157775894e-07,3.9947882157775894e-07
Sq--NGVI,4.90811606409261,3.653508997558674e-07,3.653508997558674e-07,3.653508997558674e-07
Sq--NGVI,4.928925224056002,3.341488650221436e-07,3.341488650221436e-07,3.341488650221436e-07
Sq--NGVI,4.949453184090089,3.0562085839846986e-07,3.0562085839846986e-07,3.0562085839846986e-07
Sq--NGVI,4.97117140411865,2.795367350927336e-07,2.795367350927336e-07,2.795367350927336e-07
Sq--NGVI,4.992005164152943,2.556863876179705e-07,2.556863876179705e-07,2.556863876179705e-07
Sq--NGVI,5.012734484160319,2.33877585742448e-07,2.33877585742448e-07,2.33877585742448e-07
Sq--NGVI,5.033454533258919,2.1393503857325413e-07,2.1393503857325413e-07,2.1393503857325413e-07
Sq--NGVI,5.057736582239159,1.956983481932184e-07,1.956983481932184e-07,1.956983481932184e-07
Sq--NGVI,5.07840511132963,1.7902107174450069e-07,1.7902107174450069e-07,1.7902107174450069e-07
Sq--NGVI,5.099028600321617,1.6376941402995726e-07,1.6376941402995726e-07,1.6376941402995726e-07
Sq--NGVI,5.142756059241947,1.4982103380134506e-07,1.4982103380134506e-07,1.4982103380134506e-07
Sq--NGVI,5.1638784992392175,1.3706419110803838e-07,1.3706419110803838e-07,1.3706419110803838e-07
Sq--NGVI,5.186101608211175,1.2539670990463492e-07,1.2539670990463492e-07,1.2539670990463492e-07
Sq--NGVI,5.207370247226208,1.1472531014078413e-07,1.1472531014078413e-07,1.1472531014078413e-07
Sq--NGVI,5.233451526146382,1.0496459879050236e-07,1.0496459879050236e-07,1.0496459879050236e-07
Sq--NGVI,5.254899815190584,9.603661510482199e-08,9.603661510482199e-08,9.603661510482199e-08
Sq--NGVI,5.286969494190998,8.787013427991043e-08,8.787013427991043e-08,8.787013427991043e-08
Sq--NGVI,5.319861753261648,8.039990007091546e-08,8.039990007091546e-08,8.039990007091546e-08
Sq--NGVI,5.352087562379893,7.356646847256344e-08,7.356646847256344e-08,7.356646847256344e-08
Sq--NGVI,5.38463208131725,6.731528401360265e-08,6.731528401360265e-08,6.731528401360265e-08
Sq--NGVI,5.416992430342361,6.159672238936764e-08,6.159672238936764e-08,6.159672238936764e-08
Sq--NGVI,5.449678779288661,5.6365138334513176e-08,5.6365138334513176e-08,5.6365138334513176e-08
Sq--NGVI,5.481896628276445,5.1579021942416154e-08,5.1579021942416154e-08,5.1579021942416154e-08
Sq--NGVI,5.514061417314224,4.7200316544149246e-08,4.7200316544149246e-08,4.7200316544149246e-08
Sq--NGVI,5.546367696428206,4.319420554566023e-08,4.319420554566023e-08,4.319420554566023e-08
Sq--NGVI,5.578904235502705,3.952891347580589e-08,3.952891347580589e-08,3.952891347580589e-08
Sq--NGVI,5.611115194566082,3.6175393347548386e-08,3.6175393347548386e-08,3.6175393347548386e-08
Sq--NGVI,5.643376723572146,3.3107028230006115e-08,3.3107028230006115e-08,3.3107028230006115e-08
Sq--NGVI,5.675348092569038,3.029950335076137e-08,3.029950335076137e-08,3.029950335076137e-08
Sq--NGVI,5.707570881582797,2.7730592933039592e-08,2.7730592933039592e-08,2.7730592933039592e-08
Sq--NGVI,5.734814251540229,2.538001808716217e-08,2.538001808716217e-08,2.538001808716217e-08
Sq--NGVI,5.754937591555063,2.3229063117469195e-08,2.3229063117469195e-08,2.3229063117469195e-08
Sq--NGVI,5.775537981535308,2.1260802895994857e-08,2.1260802895994857e-08,2.1260802895994857e-08
Sq--NGVI,5.795953620632645,1.9459690747680725e-08,1.9459690747680725e-08,1.9459690747680725e-08
Sq--NGVI,5.81847251963336,1.7811458974392735e-08,1.7811458974392735e-08,1.7811458974392735e-08
Sq--NGVI,5.839871978678275,1.6303147276630625e-08,1.6303147276630625e-08,1.6303147276630625e-08
Sq--NGVI,5.860703277634457,1.4922818536433624e-08,1.4922818536433624e-08,1.4922818536433624e-08
Sq--NGVI,5.881308956653811,1.3659587239089888e-08,1.3659587239089888e-08,1.3659587239089888e-08
Sq--NGVI,5.901629155501723,1.2503505786298774e-08,1.2503505786298774e-08,1.2503505786298774e-08
Sq--NGVI,5.921890814555809,1.1445422387623694e-08,1.1445422387623694e-08,1.1445422387623694e-08
Sq--NGVI,5.942606403550599,1.0477108958184544e-08,1.0477108958184544e-08,1.0477108958184544e-08
Sq--NGVI,5.963812033587601,9.590849003870972e-09,9.590849003870972e-09,9.590849003870972e-09
Sq--NGVI,5.98529853351647,8.779693416727241e-09,8.779693416727241e-09,8.779693416727241e-09
Sq--NGVI,6.006631983444095,8.037304155550373e-09,8.037304155550373e-09,8.037304155550373e-09
Sq--NGVI,6.034552943368908,7.3577552939241295e-09,7.3577552939241295e-09,7.3577552939241295e-09
Sq--NGVI,6.055942963343114,6.735774604749167e-09,6.735774604749167e-09,6.735774604749167e-09
Sq--NGVI,6.077712283353321,6.166473554003461e-09,6.166473554003461e-09,6.166473554003461e-09
Sq--NGVI,6.098852683382575,5.645404144161148e-09,5.645404144161148e-09,5.645404144161148e-09
Sq--NGVI,6.120165043335874,5.168374173081247e-09,5.168374173081247e-09,5.168374173081247e-09
Sq--NGVI,6.143519592413213,4.731788294520811e-09,4.731788294520811e-09,4.731788294520811e-09
Sq--NGVI,6.17239450244233,4.332136427365185e-09,4.332136427365185e-09,4.332136427365185e-09
Sq--NGVI,6.199700671422761,3.966263761867594e-09,3.966263761867594e-09,3.966263761867594e-09
Sq--NGVI,6.2209271503961645,3.6313565487944292e-09,3.6313565487944292e-09,3.6313565487944292e-09
Sq--NGVI,6.242248029389884,3.3247715691686604e-09,3.3247715691686604e-09,3.3247715691686604e-09
Sq--NGVI,6.263200269313529,3.044121399398136e-09,3.044121399398136e-09,3.044121399398136e-09
Sq--NGVI,6.284504089388065,2.7872033570019994e-09,2.7872033570019994e-09,2.7872033570019994e-09
Sq--NGVI,6.3082271393504925,2.552027922320121e-09,2.552027922320121e-09,2.552027922320121e-09
Sq--NGVI,6.337102988327388,2.336690840820665e-09,2.336690840820665e-09,2.336690840820665e-09
Sq--NGVI,6.363698807312176,2.139543653356668e-09,2.139543653356668e-09,2.139543653356668e-09
Sq--NGVI,6.384419976326171,1.959080009328318e-09,1.959080009328318e-09,1.959080009328318e-09
Sq--NGVI,6.408485285297502,1.793850401554664e-09,1.793850401554664e-09,1.793850401554664e-09
Sq--NGVI,6.440701614366844,1.6425758531113386e-09,1.6425758531113386e-09,1.6425758531113386e-09
Sq--NGVI,6.4734978133346885,1.50407686305698e-09,1.50407686305698e-09,1.50407686305698e-09
Sq--NGVI,6.50602105242433,1.377316038997378e-09,1.377316038997378e-09,1.377316038997378e-09
Sq--NGVI,6.547643400379457,1.2611849342647472e-09,1.2611849342647472e-09,1.2611849342647472e-09
Sq--NGVI,6.590141969441902,1.1549019518497514e-09,1.1549019518497514e-09,1.1549019518497514e-09
Sq--NGVI,6.622282608412206,1.057557597050618e-09,1.057557597050618e-09,1.057557597050618e-09
Sq--NGVI,6.654672787408344,9.684129054221555e-10,9.684129054221555e-10,9.684129054221555e-10
Sq--NGVI,6.686472336295992,8.868994427757571e-10,8.868994427757571e-10,8.868994427757571e-10
Sq--NGVI,6.718464555277024,8.121645578285096e-10,8.121645578285096e-10,8.121645578285096e-10
Sq--NGVI,6.750540644279681,7.437677140842425e-10,7.437677140842425e-10,7.437677140842425e-10
Sq--NGVI,6.782006693363655,6.810978447902015e-10,6.810978447902015e-10,6.810978447902015e-10
Sq--NGVI,6.813610092387535,6.237712568690768e-10,6.237712568690768e-10,6.237712568690768e-10
Sq--NGVI,6.845492321357597,5.7124793784169e-10,5.7124793784169e-10,5.7124793784169e-10
Sq--NGVI,6.878113070386462,5.231584054854466e-10,5.231584054854466e-10,5.231584054854466e-10
Sq--NGVI,6.91011976939626,4.791331775777508e-10,4.791331775777508e-10,4.791331775777508e-10
Sq--NGVI,6.942434348340612,4.388027718960074e-10,4.388027718960074e-10,4.388027718960074e-10
Sq--NGVI,6.974807617312763,4.018829713459127e-10,4.018829713459127e-10,4.018829713459127e-10
Sq--NGVI,7.0076193463173695,3.6804692626901664e-10,3.6804692626901664e-10,3.6804692626901664e-10
Sq--NGVI,7.039330585335847,3.3710989555402193e-10,3.3710989555402193e-10,3.3710989555402193e-10
Sq--NGVI,7.0710446943412535,3.0875924039719393e-10,3.0875924039719393e-10,3.0875924039719393e-10
Sq--NGVI,7.103247093327809,2.8278179797780467e-10,2.8278179797780467e-10,2.8278179797780467e-10
Sq--NGVI,7.135414032381959,2.5897861632984126e-10,2.5897861632984126e-10,2.5897861632984126e-10
Sq--NGVI,7.167661231418606,2.3720758690615185e-10,2.3720758690615185e-10,2.3720758690615185e-10
Sq--NGVI,7.199641890474595,2.1725554688600823e-10,2.1725554688600823e-10,2.1725554688600823e-10
Sq--NGVI,7.231994859525002,1.9900880943168886e-10,1.9900880943168886e-10,1.9900880943168886e-10
Sq--NGVI,7.2644869585637935,1.8225421172246567e-10,1.8225421172246567e-10,1.8225421172246567e-10
Sq--NGVI,7.296650167612825,1.6697754290362354e-10,1.6697754290362354e-10,1.6697754290362354e-10
Sq--NGVI,7.328619116626214,1.5292300759028876e-10,1.5292300759028876e-10,1.5292300759028876e-10
Sq--NGVI,7.360889005474746,1.4007639492774615e-10,1.4007639492774615e-10,1.4007639492774615e-10
Sq--NGVI,7.393102014495525,1.282955963688437e-10,1.282955963688437e-10,1.282955963688437e-10
Sq--NGVI,7.424858553509694,1.1750955764000534e-10,1.1750955764000534e-10,1.1750955764000534e-10
Sq--NGVI,7.457694372511469,1.0766143532237038e-10,1.0766143532237038e-10,1.0766143532237038e-10
Sq--NGVI,7.489810431550723,9.859491001407149e-11,9.859491001407149e-11,9.859491001407149e-11
Sq--NGVI,7.52180742053315,9.029577086039352e-11,9.029577086039352e-11,9.029577086039352e-11
Sq--NGVI,7.553885189583525,8.276401786133647e-11,8.276401786133647e-11,8.276401786133647e-11
Sq--NGVI,7.5858496286091395,7.578648819617229e-11,7.578648819617229e-11,7.578648819617229e-11
Sq--NGVI,7.618362347595394,6.943423613847699e-11,6.943423613847699e-11,6.943423613847699e-11
Sq--NGVI,7.650683256681077,6.359357485052897e-11,6.359357485052897e-11,6.359357485052897e-11
Sq--NGVI,7.682949335605372,5.826450433232822e-11,5.826450433232822e-11,5.826450433232822e-11
Sq--NGVI,7.714823015558068,5.336175945558352e-11,5.336175945558352e-11,5.336175945558352e-11
Sq--NGVI,7.747057314554695,4.89137619297253e-11,4.89137619297253e-11,4.89137619297253e-11
Sq--NGVI,7.77870533359237,4.4764192352886305e-11,4.4764192352886305e-11,4.4764192352886305e-11
Sq--NGVI,7.810950202692766,4.106937012693379e-11,4.106937012693379e-11,4.106937012693379e-11
Sq--NGVI,7.842870971711818,3.7587710721709293e-11,3.7587710721709293e-11,3.7587710721709293e-11
Sq--NGVI,7.8751765817869455,3.4418690120219247e-11,3.4418690120219247e-11,3.4418690120219247e-11
Sq--NGVI,7.907031140755862,3.1533886613033246e-11,3.1533886613033246e-11,3.1533886613033246e-11
Sq--NGVI,7.938978169753682,2.890487849072088e-11,2.890487849072088e-11,2.890487849072088e-11
Sq--NGVI,7.970770498737693,2.6489033189136532e-11,2.6489033189136532e-11,2.6489033189136532e-11
Sq--NGVI,8.003307577746455,2.4243718144134615e-11,2.4243718144134615e-11,2.4243718144134615e-11
Sq--NGVI,8.035443466855213,2.222577677457593e-11,2.222577677457593e-11,2.222577677457593e-11
Sq--NGVI,8.067378425854258,2.034994395216927e-11,2.034994395216927e-11,2.034994395216927e-11
Sq--NGVI,8.09636221488472,1.8658852241060228e-11,1.8658852241060228e-11,1.8658852241060228e-11
Sq--NGVI,8.128536073840223,1.708144736767281e-11,1.708144736767281e-11,1.708144736767281e-11
Sq--NGVI,8.157161482784431,1.5646151041437406e-11,1.5646151041437406e-11,1.5646151041437406e-11
Sq--NGVI,8.185589921718929,1.4367174117069226e-11,1.4367174117069226e-11,1.4367174117069226e-11
Sq--NGVI,8.213972030789591,1.3159251466277055e-11,1.3159251466277055e-11,1.3159251466277055e-11
Sq--NGVI,8.241796759830322,1.2079226507921703e-11,1.2079226507921703e-11,1.2079226507921703e-11
Sq--NGVI,8.270929588703439,1.105604496842716e-11,1.105604496842716e-11,1.105604496842716e-11
Sq--NGVI,8.298866398690734,1.0118128557223828e-11,1.0118128557223828e-11,1.0118128557223828e-11
Sq--NGVI,8.328148297674488,9.265477274311706e-12,9.265477274311706e-12,9.265477274311706e-12
Sq--NGVI,8.356754946755245,8.483880264975596e-12,8.483880264975596e-12,8.483880264975596e-12
Sq--NGVI,8.385014035739005,7.787548383930698e-12,7.787548383930698e-12,7.787548383930698e-12
Sq--NGVI,8.41301332571311,7.119638212316204e-12,7.119638212316204e-12,7.119638212316204e-12
Sq--NGVI,8.440823514712974,6.536993168992922e-12,6.536993168992922e-12,6.536993168992922e-12
Sq--NGVI,8.469292133697309,5.9685589803848416e-12,5.9685589803848416e-12,5.9685589803848416e-12
Sq--NGVI,8.498060182784684,5.485389920067973e-12,5.485389920067973e-12,5.485389920067973e-12
Sq--NGVI,8.526377202768344,5.016431714466307e-12,5.016431714466307e-12,5.016431714466307e-12
Sq--NGVI,8.554117121733725,4.604316927725449e-12,4.604316927725449e-12,4.604316927725449e-12
Sq--NGVI,8.581728950724937,4.206412995699793e-12,4.206412995699793e-12,4.206412995699793e-12
Sq--NGVI,8.609817849763203,3.865352482534945e-12,3.865352482534945e-12,3.865352482534945e-12
Sq--NGVI,8.638384968740866,3.552713678800501e-12,3.552713678800501e-12,3.552713678800501e-12
Sq--NGVI,8.666139097767882,3.240074875066057e-12,3.240074875066057e-12,3.240074875066057e-12
Sq--NGVI,8.694153386750259,2.9700686354772188e-12,2.9700686354772188e-12,2.9700686354772188e-12
Sq--NGVI,8.717779095750302,2.7426949600339867e-12,2.7426949600339867e-12,2.7426949600339867e-12
Sq--NGVI,8.738342764729168,2.501110429875553e-12,2.501110429875553e-12,2.501110429875553e-12
Sq--NGVI,8.759108313708566,2.3163693185779266e-12,2.3163693185779266e-12,2.3163693185779266e-12
Sq--NGVI,8.783125152694993,2.103206497849897e-12,2.103206497849897e-12,2.103206497849897e-12
Sq--NGVI,8.804734031728003,1.9326762412674725e-12,1.9326762412674725e-12,1.9326762412674725e-12
Sq--NGVI,8.82571319071576,1.7621459846850485e-12,1.7621459846850485e-12,1.7621459846850485e-12
Sq--NGVI,8.84647925075842,1.6200374375330284e-12,1.6200374375330284e-12,1.6200374375330284e-12
Sq--NGVI,8.867377310700249,1.4779288903810084e-12,1.4779288903810084e-12,1.4779288903810084e-12
Sq--NGVI,8.888361510704271,1.3642420526593924e-12,1.3642420526593924e-12,1.3642420526593924e-12
Sq--NGVI,8.90933417074848,1.2505552149377765e-12,1.2505552149377765e-12,1.2505552149377765e-12
Sq--NGVI,8.930450119776651,1.1368683772161605e-12,1.1368683772161605e-12,1.1368683772161605e-12
Sq--NGVI,8.952718808839563,1.0516032489249485e-12,1.0516032489249485e-12,1.0516032489249485e-12
Sq--NGVI,8.975467547774315,9.663381206337365e-13,9.663381206337365e-13,9.663381206337365e-13
Sq--NGVI,9.003329096769448,8.668621376273222e-13,8.668621376273222e-13,8.668621376273222e-13
Sq--NGVI,9.03111376578454,7.815970093361102e-13,7.815970093361102e-13,7.815970093361102e-13
Sq--NGVI,9.058600734861102,7.389644451905042e-13,7.389644451905042e-13,7.389644451905042e-13
Sq--NGVI,9.086555903835688,7.105427357601002e-13,7.105427357601002e-13,7.105427357601002e-13
Sq--NGVI,9.109641942894086,6.536993168992923e-13,6.536993168992923e-13,6.536993168992923e-13
Sq--NGVI,9.130772591859568,5.826450433232823e-13,5.826450433232823e-13,5.826450433232823e-13
Sq--NGVI,9.152369110728614,5.115907697472721e-13,5.115907697472721e-13,5.115907697472721e-13
Sq--NGVI,9.173421359679196,4.831690603168681e-13,4.831690603168681e-13,4.831690603168681e-13
Sq--NGVI,9.194848388666289,4.405364961712621e-13,4.405364961712621e-13,4.405364961712621e-13
Sq--NGVI,9.22264061763417,4.263256414560601e-13,4.263256414560601e-13,4.263256414560601e-13
Sq--NGVI,9.250676676630974,3.410605131648481e-13,3.410605131648481e-13,3.410605131648481e-13
Sq--NGVI,9.272735825565178,3.410605131648481e-13,3.410605131648481e-13,3.410605131648481e-13
Sq--NGVI,9.293653754575644,3.1263880373444413e-13,3.1263880373444413e-13,3.1263880373444413e-13
Sq--NGVI,9.314527173526583,2.9842794901924213e-13,2.9842794901924213e-13,2.9842794901924213e-13
Sq--NGVI,9.335237862542272,2.842170943040401e-13,2.842170943040401e-13,2.842170943040401e-13
Sq--NGVI,9.35629254154628,2.557953848736361e-13,2.557953848736361e-13,2.557953848736361e-13
Sq--NGVI,9.384074040513951,2.415845301584341e-13,2.415845301584341e-13,2.415845301584341e-13
Sq--NGVI,9.412022029457148,1.9895196601282805e-13,1.9895196601282805e-13,1.9895196601282805e-13
Sq--NGVI,9.43376400944544,1.9895196601282805e-13,1.9895196601282805e-13,1.9895196601282805e-13
Sq--NGVI,9.454938518523704,1.7053025658242404e-13,1.7053025658242404e-13,1.7053025658242404e-13
Sq--NGVI,9.475559567508752,1.7053025658242404e-13,1.7053025658242404e-13,1.7053025658242404e-13
Sq--NGVI,9.49598337651696,1.5631940186722204e-13,1.5631940186722204e-13,1.5631940186722204e-13
Sq--NGVI,9.517063475504983,1.1368683772161605e-13,1.1368683772161605e-13,1.1368683772161605e-13
Sq--NGVI,9.551430344523396,1.2789769243681806e-13,1.2789769243681806e-13,1.2789769243681806e-13
Sq--NGVI,9.579291754460428,1.2789769243681806e-13,1.2789769243681806e-13,1.2789769243681806e-13
Sq--NGVI,9.606625063403044,1.4210854715202006e-13,1.4210854715202006e-13,1.4210854715202006e-13
Sq--NGVI,9.634188712341713,1.1368683772161605e-13,1.1368683772161605e-13,1.1368683772161605e-13
Sq--NGVI,9.661794361367356,1.1368683772161605e-13,1.1368683772161605e-13,1.1368683772161605e-13
Sq--NGVI,9.689490721386392,9.947598300641405e-14,9.947598300641405e-14,9.947598300641405e-14
Sq--NGVI,9.71749562030891,7.105427357601003e-14,7.105427357601003e-14,7.105427357601003e-14
Sq--NGVI,9.7453356392798,7.105427357601003e-14,7.105427357601003e-14,7.105427357601003e-14
Sq--NGVI,9.773342718137428,7.105427357601003e-14,7.105427357601003e-14,7.105427357601003e-14
Sq--NGVI,9.800995177065488,4.263256414560601e-14,4.263256414560601e-14,4.263256414560601e-14
Sq--NGVI,9.822060627106111,5.684341886080803e-14,5.684341886080803e-14,5.684341886080803e-14
Sq--NGVI,9.842649406054989,5.684341886080803e-14,5.684341886080803e-14,5.684341886080803e-14
Sq--NGVI,9.870237944996916,4.263256414560601e-14,4.263256414560601e-14,4.263256414560601e-14
Sq--NGVI,9.898038654995617,5.684341886080803e-14,5.684341886080803e-14,5.684341886080803e-14
Sq--NGVI,9.920144994976,5.684341886080803e-14,5.684341886080803e-14,5.684341886080803e-14
Sq--NGVI,9.941347535001114,2.8421709430404014e-14,2.8421709430404014e-14,2.8421709430404014e-14
Sq--NGVI,9.962267294933554,5.684341886080803e-14,5.684341886080803e-14,5.684341886080803e-14
Sq--NGVI,9.984764144814108,7.105427357601003e-14,7.105427357601003e-14,7.105427357601003e-14
Sq--NGVI,10.012738004908895,4.263256414560601e-14,4.263256414560601e-14,4.263256414560601e-14
Sq--NGVI,10.04042126389686,0.0,0.0,0.0
Sq--NGVI,10.062703412899282,4.263256414560601e-14,4.263256414560601e-14,4.263256414560601e-14
Sq--NGVI,10.083814141980838,5.684341886080803e-14,5.684341886080803e-14,5.684341886080803e-14
Sq--NGVI,10.104764942021577,2.8421709430404014e-14,2.8421709430404014e-14,2.8421709430404014e-14
Sq--NGVI,10.125649132125544,1.4210854715202004e-14,1.4210854715202004e-14,1.4210854715202004e-14
Sq--NGVI,10.153592301125173,5.684341886080803e-14,5.684341886080803e-14,5.684341886080803e-14
Sq--NGVI,10.181584450125229,2.8421709430404014e-14,2.8421709430404014e-14,2.8421709430404014e-14
Sq--NGVI,10.202293969108725,4.263256414560601e-14,4.263256414560601e-14,4.263256414560601e-14
Sq--NGVI,10.223104718141258,1.4210854715202004e-14,1.4210854715202004e-14,1.4210854715202004e-14
Sq--NGVI,10.243968447146472,0.0,0.0,0.0
Sq--NGVI,10.265290066134185,1.4210854715202004e-14,1.4210854715202004e-14,1.4210854715202004e-14
Sq--NGVI,10.293854235147592,4.263256414560601e-14,4.263256414560601e-14,4.263256414560601e-14
Sq--NGVI,10.322128864121623,2.8421709430404014e-14,2.8421709430404014e-14,2.8421709430404014e-14
Sq--NGVI,10.343420733115636,2.8421709430404014e-14,2.8421709430404014e-14,2.8421709430404014e-14
Sq--NGVI,10.3646649721195,0.0,0.0,0.0
Sq--NGVI,10.386024701118004,0.0,0.0,0.0
Sq--NGVI,10.414171990181783,2.8421709430404014e-14,2.8421709430404014e-14,2.8421709430404014e-14
Sq--NGVI,10.442646659212189,1.4210854715202004e-14,1.4210854715202004e-14,1.4210854715202004e-14
Sq--NGVI,10.46482145920163,0.0,0.0,0.0
Sq--NGVI,10.486165149137378,1.4210854715202004e-14,1.4210854715202004e-14,1.4210854715202004e-14
Sq--NGVI,10.50797785911709,2.8421709430404014e-14,2.8421709430404014e-14,2.8421709430404014e-14
Sq--NGVI,10.53603099915199,0.0,0.0,0.0
Sq--NGVI,10.564455898187587,1.4210854715202004e-14,1.4210854715202004e-14,1.4210854715202004e-14
Sq--NGVI,10.596769007155672,0.0,0.0,0.0
Sq--NGVI,10.627549546130467,0.0,0.0,0.0
Sq--NGVI,10.65484581614146,-2.8421709430404014e-14,-2.8421709430404014e-14,-2.8421709430404014e-14
Sq--NGVI,10.68317438516533,1.4210854715202004e-14,1.4210854715202004e-14,1.4210854715202004e-14
Sq--NGVI,10.707389614195565,0.0,0.0,0.0
Sq--NGVI,10.735181753174402,1.4210854715202004e-14,1.4210854715202004e-14,1.4210854715202004e-14
Sq--NGVI,10.76396220206516,2.8421709430404014e-14,2.8421709430404014e-14,2.8421709430404014e-14
Sq--NGVI,10.78475399198942,1.4210854715202004e-14,1.4210854715202004e-14,1.4210854715202004e-14
Sq--NGVI,10.80582390195923,2.8421709430404014e-14,2.8421709430404014e-14,2.8421709430404014e-14
Sq--NGVI,10.827149310847744,0.0,0.0,0.0
Sq--NGVI,10.850699779752176,2.8421709430404014e-14,2.8421709430404014e-14,2.8421709430404014e-14
Sq--NGVI,10.878795868717134,1.4210854715202004e-14,1.4210854715202004e-14,1.4210854715202004e-14
Sq--NGVI,10.910238847660366,1.4210854715202004e-14,1.4210854715202004e-14,1.4210854715202004e-14
Sq--NGVI,10.931838716729544,2.8421709430404014e-14,2.8421709430404014e-14,2.8421709430404014e-14
Sq--NGVI,10.95455086568836,2.8421709430404014e-14,2.8421709430404014e-14,2.8421709430404014e-14
Sq--NGVI,10.974910554708911,2.8421709430404014e-14,2.8421709430404014e-14,2.8421709430404014e-14
Sq--NGVI,10.995193153677974,1.4210854715202004e-14,1.4210854715202004e-14,1.4210854715202004e-14
Sq--NGVI,11.01562284375541,1.4210854715202004e-14,1.4210854715202004e-14,1.4210854715202004e-14
Sq--NGVI,11.036464853736106,0.0,0.0,0.0
Sq--NGVI,11.058285223669372,2.8421709430404014e-14,2.8421709430404014e-14,2.8421709430404014e-14
Sq--NGVI,11.086339922680054,2.8421709430404014e-14,2.8421709430404014e-14,2.8421709430404014e-14
Sq--NGVI,11.108590681687929,0.0,0.0,0.0
Sq--NGVI,11.129232341772877,2.8421709430404014e-14,2.8421709430404014e-14,2.8421709430404014e-14
Sq--NGVI,11.15069915173808,2.8421709430404014e-14,2.8421709430404014e-14,2.8421709430404014e-14
Sq--NGVI,11.171971581759864,-1.4210854715202004e-14,-1.4210854715202004e-14,-1.4210854715202004e-14
Sq--NGVI,11.200103740789928,-1.4210854715202004e-14,-1.4210854715202004e-14,-1.4210854715202004e-14
Sq--NGVI,11.227962369681336,0.0,0.0,0.0
Sq--NGVI,11.249350808677264,0.0,0.0,0.0
Sq--NGVI,11.270134867692832,2.8421709430404014e-14,2.8421709430404014e-14,2.8421709430404014e-14
Sq--NGVI,11.290852206759157,2.8421709430404014e-14,2.8421709430404014e-14,2.8421709430404014e-14
Sq--NGVI,11.311853875755332,4.263256414560601e-14,4.263256414560601e-14,4.263256414560601e-14
Sq--NGVI,11.33328343485482,2.8421709430404014e-14,2.8421709430404014e-14,2.8421709430404014e-14
Sq--NGVI,11.358740913856307,1.4210854715202004e-14,1.4210854715202004e-14,1.4210854715202004e-14
Sq--NGVI,11.387875022890512,2.8421709430404014e-14,2.8421709430404014e-14,2.8421709430404014e-14
Sq--NGVI,11.412523801845964,2.8421709430404014e-14,2.8421709430404014e-14,2.8421709430404014e-14
Sq--NGVI,11.433025130885651,1.4210854715202004e-14,1.4210854715202004e-14,1.4210854715202004e-14
Sq--NGVI,11.453958169848192,4.263256414560601e-14,4.263256414560601e-14,4.263256414560601e-14
Sq--NGVI,11.475400258786976,4.263256414560601e-14,4.263256414560601e-14,4.263256414560601e-14
Sq--NGVI,11.496974597743248,2.8421709430404014e-14,2.8421709430404014e-14,2.8421709430404014e-14
Sq--NGVI,11.52585562679451,1.4210854715202004e-14,1.4210854715202004e-14,1.4210854715202004e-14
Sq--NGVI,11.553750375809614,1.4210854715202004e-14,1.4210854715202004e-14,1.4210854715202004e-14
Sq--NGVI,11.581722295784855,2.8421709430404014e-14,2.8421709430404014e-14,2.8421709430404014e-14
Sq--NGVI,11.602417735790368,1.4210854715202004e-14,1.4210854715202004e-14,1.4210854715202004e-14
Sq--NGVI,11.63147604482947,2.8421709430404014e-14,2.8421709430404014e-14,2.8421709430404014e-14
Sq--NGVI,11.659608963760547,2.8421709430404014e-14,2.8421709430404014e-14,2.8421709430404014e-14
Sq--NGVI,11.68576965277316,1.4210854715202004e-14,1.4210854715202004e-14,1.4210854715202004e-14
Sq--NGVI,11.707011821679773,0.0,0.0,0.0
Sq--NGVI,11.735308390751015,-2.8421709430404014e-14,-2.8421709430404014e-14,-2.8421709430404014e-14
Sq--NGVI,11.763218530861195,0.0,0.0,0.0
Sq--NGVI,11.789138709777037,1.4210854715202004e-14,1.4210854715202004e-14,1.4210854715202004e-14
Sq--NGVI,11.81148822978139,2.8421709430404014e-14,2.8421709430404014e-14,2.8421709430404014e-14
Sq--NGVI,11.84037700877525,2.8421709430404014e-14,2.8421709430404014e-14,2.8421709430404014e-14
Sq--NGVI,11.868510907748714,0.0,0.0,0.0
Sq--NGVI,11.896338696707971,0.0,0.0,0.0
Sq--NGVI,11.917083765612915,0.0,0.0,0.0
Sq--NGVI,11.937373994558584,2.8421709430404014e-14,2.8421709430404014e-14,2.8421709430404014e-14
Sq--NGVI,11.96648266358534,0.0,0.0,0.0
Sq--NGVI,11.99456969363382,1.4210854715202004e-14,1.4210854715202004e-14,1.4210854715202004e-14
Sq--NGVI,12.022705872601364,2.8421709430404014e-14,2.8421709430404014e-14,2.8421709430404014e-14
Sq--NGVI,12.043234541662969,0.0,0.0,0.0
Sq--NGVI,12.064509000687394,1.4210854715202004e-14,1.4210854715202004e-14,1.4210854715202004e-14
Sq--NGVI,12.092792819661554,1.4210854715202004e-14,1.4210854715202004e-14,1.4210854715202004e-14
Sq--NGVI,12.121455328539014,-2.8421709430404014e-14,-2.8421709430404014e-14,-2.8421709430404014e-14
Sq--NGVI,12.142778847541194,1.4210854715202004e-14,1.4210854715202004e-14,1.4210854715202004e-14
Sq--NGVI,12.163490386505146,0.0,0.0,0.0
Sq--NGVI,12.18407373543596,1.4210854715202004e-14,1.4210854715202004e-14,1.4210854715202004e-14
Sq--NGVI,12.204805464483798,-1.4210854715202004e-14,-1.4210854715202004e-14,-1.4210854715202004e-14
Sq--NGVI,12.225533323478883,-1.4210854715202004e-14,-1.4210854715202004e-14,-1.4210854715202004e-14
Sq--NGVI,12.246221772453282,1.4210854715202004e-14,1.4210854715202004e-14,1.4210854715202004e-14
Sq--NGVI,12.267101362522226,2.8421709430404014e-14,2.8421709430404014e-14,2.8421709430404014e-14
Sq--NGVI,12.288091352558697,1.4210854715202004e-14,1.4210854715202004e-14,1.4210854715202004e-14
Sq--NGVI,12.309141172561796,0.0,0.0,0.0
Sq--NGVI,12.329815462580882,1.4210854715202004e-14,1.4210854715202004e-14,1.4210854715202004e-14
Sq--NGVI,12.350665391597431,0.0,0.0,0.0
Sq--NGVI,12.371645380568223,-2.8421709430404014e-14,-2.8421709430404014e-14,-2.8421709430404014e-14
Sq--NGVI,12.393547749670688,2.8421709430404014e-14,2.8421709430404014e-14,2.8421709430404014e-14
Sq--NGVI,12.414244638581296,-1.4210854715202004e-14,-1.4210854715202004e-14,-1.4210854715202004e-14
Sq--NGVI,12.43513133766828,0.0,0.0,0.0
Sq--NGVI,12.456323956663256,1.4210854715202004e-14,1.4210854715202004e-14,1.4210854715202004e-14
Sq--NGVI,12.477399025694467,0.0,0.0,0.0
Sq--NGVI,12.50033030466875,0.0,0.0,0.0
Sq--NGVI,12.522561413585208,2.8421709430404014e-14,2.8421709430404014e-14,2.8421709430404014e-14
Sq--NGVI,12.543629372492433,4.263256414560601e-14,4.263256414560601e-14,4.263256414560601e-14
Sq--NGVI,12.566116901580244,2.8421709430404014e-14,2.8421709430404014e-14,2.8421709430404014e-14
Sq--NGVI,12.586747860477772,0.0,0.0,0.0
Sq--NGVI,12.607678900531027,0.0,0.0,0.0
Sq--NGVI,12.629033700504806,2.8421709430404014e-14,2.8421709430404014e-14,2.8421709430404014e-14
Sq--NGVI,12.65004878048785,1.4210854715202004e-14,1.4210854715202004e-14,1.4210854715202004e-14
Sq--NGVI,12.6765735304798,0.0,0.0,0.0
Sq--NGVI,12.704382419469766,-1.4210854715202004e-14,-1.4210854715202004e-14,-1.4210854715202004e-14
Sq--NGVI,12.725994658423588,2.8421709430404014e-14,2.8421709430404014e-14,2.8421709430404014e-14
Sq--NGVI,12.74688351736404,0.0,0.0,0.0
Sq--NGVI,12.772989896358922,4.263256414560601e-14,4.263256414560601e-14,4.263256414560601e-14
Sq--NGVI,12.801494425453711,4.263256414560601e-14,4.263256414560601e-14,4.263256414560601e-14
Sq--NGVI,12.826012464356609,0.0,0.0,0.0
Sq--NGVI,12.846686753444374,0.0,0.0,0.0
Sq--NGVI,12.868108012422454,1.4210854715202004e-14,1.4210854715202004e-14,1.4210854715202004e-14
Sq--NGVI,12.890189371421002,0.0,0.0,0.0
Sq--NGVI,12.91126274043927,0.0,0.0,0.0
Sq--NGVI,12.932436549395788,4.263256414560601e-14,4.263256414560601e-14,4.263256414560601e-14
Sq--NGVI,12.953897538478486,2.8421709430404014e-14,2.8421709430404014e-14,2.8421709430404014e-14
Sq--NGVI,12.975056227471214,0.0,0.0,0.0
Sq--NGVI,12.995983567496296,2.8421709430404014e-14,2.8421709430404014e-14,2.8421709430404014e-14
Sq--NGVI,13.01722959743347,4.263256414560601e-14,4.263256414560601e-14,4.263256414560601e-14
Sq--NGVI,13.038396957388612,0.0,0.0,0.0
Sq--NGVI,13.066740297421347,1.4210854715202004e-14,1.4210854715202004e-14,1.4210854715202004e-14
Sq--NGVI,13.095184766454622,0.0,0.0,0.0
Sq--NGVI,13.116046535375062,2.8421709430404014e-14,2.8421709430404014e-14,2.8421709430404014e-14
Sq--NGVI,13.137161774327978,1.4210854715202004e-14,1.4210854715202004e-14,1.4210854715202004e-14
Sq--NGVI,13.157846963324118,2.8421709430404014e-14,2.8421709430404014e-14,2.8421709430404014e-14
Sq--NGVI,13.179433933342809,4.263256414560601e-14,4.263256414560601e-14,4.263256414560601e-14
Sq--NGVI,13.2038157323841,0.0,0.0,0.0
Sq--NGVI,13.232154051307589,-2.8421709430404014e-14,-2.8421709430404014e-14,-2.8421709430404014e-14
Sq--NGVI,13.254757210204843,1.4210854715202004e-14,1.4210854715202004e-14,1.4210854715202004e-14
Sq--NGVI,13.275528739148283,1.4210854715202004e-14,1.4210854715202004e-14,1.4210854715202004e-14
Sq--NGVI,13.296326688141562,-1.4210854715202004e-14,-1.4210854715202004e-14,-1.4210854715202004e-14
Sq--NGVI,13.317014827218372,2.8421709430404014e-14,2.8421709430404014e-14,2.8421709430404014e-14
Sq--NGVI,13.338093457161447,2.8421709430404014e-14,2.8421709430404014e-14,2.8421709430404014e-14
Sq--NGVI,13.359083257149903,1.4210854715202004e-14,1.4210854715202004e-14,1.4210854715202004e-14
Sq--NGVI,13.380383957119191,1.4210854715202004e-14,1.4210854715202004e-14,1.4210854715202004e-14
Sq--NGVI,13.408662366040517,2.8421709430404014e-14,2.8421709430404014e-14,2.8421709430404014e-14
Sq--NGVI,13.43670007493347,2.8421709430404014e-14,2.8421709430404014e-14,2.8421709430404014e-14
Sq--NGVI,13.46505964390235,2.8421709430404014e-14,2.8421709430404014e-14,2.8421709430404014e-14
Sq--NGVI,13.492996472807135,2.8421709430404014e-14,2.8421709430404014e-14,2.8421709430404014e-14
Sq--NGVI,13.521205622761045,2.8421709430404014e-14,2.8421709430404014e-14,2.8421709430404014e-14
Sq--NGVI,13.5492871417664,1.4210854715202004e-14,1.4210854715202004e-14,1.4210854715202004e-14
Sq--NGVI,13.577987140743062,2.8421709430404014e-14,2.8421709430404014e-14,2.8421709430404014e-14
Sq--NGVI,13.606290109804831,0.0,0.0,0.0
Sq--NGVI,13.634856509801466,0.0,0.0,0.0
Sq--NGVI,13.66325169877382,2.8421709430404014e-14,2.8421709430404014e-14,2.8421709430404014e-14
Sq--NGVI,13.69137125776615,0.0,0.0,0.0
Sq--NGVI,13.719599706761072,2.8421709430404014e-14,2.8421709430404014e-14,2.8421709430404014e-14
Sq--NGVI,13.747807275794912,0.0,0.0,0.0
Sq--NGVI,13.776239924831316,0.0,0.0,0.0
Sq--NGVI,13.804224623832852,1.4210854715202004e-14,1.4210854715202004e-14,1.4210854715202004e-14
Sq--NGVI,13.832399102742784,2.8421709430404014e-14,2.8421709430404014e-14,2.8421709430404014e-14
Sq--NGVI,13.860377461707683,0.0,0.0,0.0
Sq--NGVI,13.888485461648088,1.4210854715202004e-14,1.4210854715202004e-14,1.4210854715202004e-14
Sq--NGVI,13.9180535406922,2.8421709430404014e-14,2.8421709430404014e-14,2.8421709430404014e-14
Sq--NGVI,13.95209984970279,2.8421709430404014e-14,2.8421709430404014e-14,2.8421709430404014e-14
Sq--NGVI,13.980877238791436,0.0,0.0,0.0
Sq--NGVI,14.009256167744752,2.8421709430404014e-14,2.8421709430404014e-14,2.8421709430404014e-14
Sq--NGVI,14.038079547754023,2.8421709430404014e-14,2.8421709430404014e-14,2.8421709430404014e-14
Sq--NGVI,14.06668987678131,2.8421709430404014e-14,2.8421709430404014e-14,2.8421709430404014e-14
Sq--NGVI,14.095860125729814,1.4210854715202004e-14,1.4210854715202004e-14,1.4210854715202004e-14
Sq--NGVI,14.124443644657733,0.0,0.0,0.0
Sq--NGVI,14.153609063650949,2.8421709430404014e-14,2.8421709430404014e-14,2.8421709430404014e-14
Sq--NGVI,14.18239972263109,2.8421709430404014e-14,2.8421709430404014e-14,2.8421709430404014e-14
Sq--NGVI,14.210652201727498,0.0,0.0,0.0
Sq--NGVI,14.238506640656851,0.0,0.0,0.0
Sq--NGVI,14.266410100623034,1.4210854715202004e-14,1.4210854715202004e-14,1.4210854715202004e-14
Sq--NGVI,14.294261989707593,1.4210854715202004e-14,1.4210854715202004e-14,1.4210854715202004e-14
Sq--NGVI,14.322422398719937,0.0,0.0,0.0
Sq--NGVI,14.349761347693857,0.0,0.0,0.0
Sq--NGVI,14.378568006563,1.4210854715202004e-14,1.4210854715202004e-14,1.4210854715202004e-14
Sq--NGVI,14.40643539559096,-1.4210854715202004e-14,-1.4210854715202004e-14,-1.4210854715202004e-14
Sq--NGVI,14.433772214513738,0.0,0.0,0.0
Sq--NGVI,14.461353773542214,-1.4210854715202004e-14,-1.4210854715202004e-14,-1.4210854715202004e-14
Sq--NGVI,14.489006592484657,1.4210854715202004e-14,1.4210854715202004e-14,1.4210854715202004e-14
Sq--NGVI,14.516575282497795,1.4210854715202004e-14,1.4210854715202004e-14,1.4210854715202004e-14
Sq--NGVI,14.544267961522564,4.263256414560601e-14,4.263256414560601e-14,4.263256414560601e-14
Sq--NGVI,14.57196149037918,1.4210854715202004e-14,1.4210854715202004e-14,1.4210854715202004e-14
Sq--NGVI,14.599508719460571,1.4210854715202004e-14,1.4210854715202004e-14,1.4210854715202004e-14
Sq--NGVI,14.627141878416296,2.8421709430404014e-14,2.8421709430404014e-14,2.8421709430404014e-14
Sq--NGVI,14.655487128417008,2.8421709430404014e-14,2.8421709430404014e-14,2.8421709430404014e-14
Sq--NGVI,14.683030387503097,1.4210854715202004e-14,1.4210854715202004e-14,1.4210854715202004e-14
Sq--NGVI,14.710327696579045,0.0,0.0,0.0
Sq--NGVI,14.73779960552929,2.8421709430404014e-14,2.8421709430404014e-14,2.8421709430404014e-14
Sq--NGVI,14.765333504532464,2.8421709430404014e-14,2.8421709430404014e-14,2.8421709430404014e-14
Sq--NGVI,14.79139915452106,0.0,0.0,0.0
Sq--NGVI,14.818794043443631,1.4210854715202004e-14,1.4210854715202004e-14,1.4210854715202004e-14
Sq--NGVI,14.846175242448226,1.4210854715202004e-14,1.4210854715202004e-14,1.4210854715202004e-14
Sq--NGVI,14.866202931501904,0.0,0.0,0.0
Sq--NGVI,14.886347510386258,2.8421709430404014e-14,2.8421709430404014e-14,2.8421709430404014e-14
Sq--NGVI,14.90670153038809,1.4210854715202004e-14,1.4210854715202004e-14,1.4210854715202004e-14
Sq--NGVI,14.926896140386816,2.8421709430404014e-14,2.8421709430404014e-14,2.8421709430404014e-14
Sq--NGVI,14.946825720486231,0.0,0.0,0.0
Sq--NGVI,14.966905770415906,2.8421709430404014e-14,2.8421709430404014e-14,2.8421709430404014e-14
Sq--NGVI,14.987143229343928,1.4210854715202004e-14,1.4210854715202004e-14,1.4210854715202004e-14
Sq--NGVI,15.007649978331756,2.8421709430404014e-14,2.8421709430404014e-14,2.8421709430404014e-14
Sq--NGVI,15.02836279728217,1.4210854715202004e-14,1.4210854715202004e-14,1.4210854715202004e-14
Sq--NGVI,15.048958956205752,2.8421709430404014e-14,2.8421709430404014e-14,2.8421709430404014e-14
Sq--NGVI,15.069437875121366,0.0,0.0,0.0
Sq--NGVI,15.090129234071355,0.0,0.0,0.0
Sq--NGVI,15.110599054081831,2.8421709430404014e-14,2.8421709430404014e-14,2.8421709430404014e-14
Sq--NGVI,15.131378534075338,0.0,0.0,0.0
Sq--NGVI,15.152140634076204,1.4210854715202004e-14,1.4210854715202004e-14,1.4210854715202004e-14
Sq--NGVI,15.176366094092373,1.4210854715202004e-14,1.4210854715202004e-14,1.4210854715202004e-14
Sq--NGVI,15.196980434120633,0.0,0.0,0.0
Sq--NGVI,15.217222843202762,1.4210854715202004e-14,1.4210854715202004e-14,1.4210854715202004e-14
Sq--NGVI,15.239173002250029,0.0,0.0,0.0
Sq--NGVI,15.26673692127224,0.0,0.0,0.0
Sq--NGVI,15.293677191250026,1.4210854715202004e-14,1.4210854715202004e-14,1.4210854715202004e-14
Sq--NGVI,15.31430528126657,2.8421709430404014e-14,2.8421709430404014e-14,2.8421709430404014e-14
Sq--NGVI,15.335214501363224,0.0,0.0,0.0
Sq--NGVI,15.355911740392912,0.0,0.0,0.0
Sq--NGVI,15.3765235193423,1.4210854715202004e-14,1.4210854715202004e-14,1.4210854715202004e-14
Sq--NGVI,15.397166988288518,1.4210854715202004e-14,1.4210854715202004e-14,1.4210854715202004e-14
Sq--NGVI,15.417974387295544,4.263256414560601e-14,4.263256414560601e-14,4.263256414560601e-14
Sq--NGVI,15.43871665635379,0.0,0.0,0.0
Sq--NGVI,15.459293505351525,1.4210854715202004e-14,1.4210854715202004e-14,1.4210854715202004e-14
Sq--NGVI,15.479980214382522,2.8421709430404014e-14,2.8421709430404014e-14,2.8421709430404014e-14
Sq--NGVI,15.500969204469584,0.0,0.0,0.0
Sq--NGVI,15.521679924451746,2.8421709430404014e-14,2.8421709430404014e-14,2.8421709430404014e-14
Sq--NGVI,15.542747574450914,-1.4210854715202004e-14,-1.4210854715202004e-14,-1.4210854715202004e-14
Sq--NGVI,15.563671014504507,0.0,0.0,0.0
Sq--NGVI,15.584251254564151,1.4210854715202004e-14,1.4210854715202004e-14,1.4210854715202004e-14
Sq--NGVI,15.604978763556574,0.0,0.0,0.0
Sq--NGVI,15.625544362468643,1.4210854715202004e-14,1.4210854715202004e-14,1.4210854715202004e-14
Sq--NGVI,15.646322211425286,1.4210854715202004e-14,1.4210854715202004e-14,1.4210854715202004e-14
Sq--NGVI,15.667178110452369,1.4210854715202004e-14,1.4210854715202004e-14,1.4210854715202004e-14
Laplace,0.0082208790117874,3.531503245215092,3.531503245215092,3.531503245215092
