method,algorithm_seconds,median,lower,upper
FR--R,0.0,0.6931471805579523,0.6931471805579523,0.6931471805579523
FR--R,0.0296641690074466,0.6664093083601438,0.6664093083601438,0.6664093083601438
FR--R,0.0612707980908453,0.5846575401452254,0.5846575401452254,0.5846575401452254
FR--R,0.0917476770700886,0.543044490769896,0.543044490769896,0.543044490769896
FR--R,0.123453325999435,0.5133457196491497,0.5133457196491497,0.5133457196491497
FR--R,0.1522680949419737,0.4882654587335467,0.4882654587335467,0.4882654587335467
FR--R,0.1825033248751424,0.4653370542878296,0.4653370542878296,0.4653370542878296
FR--R,0.2136823538457974,0.4434268190863621,0.4434268190863621,0.4434268190863621
FR--R,0.2480494628543965,0.4219773481536475,0.4219773481536475,0.4219773481536475
FR--R,0.2822526418603956,0.4007992603127975,0.4007992603127975,0.4007992603127975
FR--R,0.3163145408616401,0.3799708258534092,0.3799708258534092,0.3799708258534092
FR--R,0.3512033999431878,0.3597627701579587,0.3597627701579587,0.3597627701579587
FR--R,0.3911372080910951,0.3405819948585414,0.3405819948585414,0.3405819948585414
FR--R,0.4347600170876831,0.3229367387598903,0.3229367387598903,0.3229367387598903
FR--R,0.480753866082523,0.3074024022352659,0.3074024022352659,0.3074024022352659
FR--R,0.5142554850899614,0.2945417145173732,0.2945417145173732,0.2945417145173732
FR--R,0.5476437840843573,0.28474590872825,0.28474590872825,0.28474590872825
FR--R,0.5832454531919211,0.2780383539192632,0.2780383539192632,0.2780383539192632
FR--R,0.6182776421192102,0.2739846423506361,0.2739846423506361,0.2739846423506361
FR--R,0.6522805511485785,0.27183997964158,0.27183997964158,0.27183997964158
FR--R,0.6871025201398879,0.2708483246279927,0.2708483246279927,0.2708483246279927
FR--R,0.7212523291236721,0.2704553997922114,0.2704553997922114,0.2704553997922114
FR--R,0.7549084580969065,0.270338773940726,0.270338773940726,0.270338773940726
FR--R,0.7886806270107627,0.2703390677733617,0.2703390677733617,0.2703390677733617
FR--R,0.8243790859705769,0.2703861659740195,0.2703861659740195,0.2703861659740195
FR--R,0.8589216048712842,0.270452006051528,0.270452006051528,0.270452006051528
FR--R,0.8929987939191051,0.2705263693162952,0.2705263693162952,0.2705263693162952
FR--R,0.9268453829572536,0.2706058906904368,0.2706058906904368,0.2706058906904368
FR--R,0.9620537219452672,0.2706894768200742,0.2706894768200742,0.2706894768200742
FR--R,0.9979000809253192,0.2707765610864321,0.2707765610864321,0.2707765610864321
FR--R,1.031199399905745,0.2708665356135108,0.2708665356135108,0.2708665356135108
FR--R,1.061981388949789,0.2709586368276211,0.2709586368276211,0.2709586368276211
FR--R,1.094386788958218,0.2710519838404961,0.2710519838404961,0.2710519838404961
FR--R,1.1259479080326855,0.2711456515538814,0.2711456515538814,0.2711456515538814
FR--R,1.1568198670283891,0.2712387366834386,0.2712387366834386,0.2712387366834386
FR--R,1.1888672959757969,0.271330405451018,0.271330405451018,0.271330405451018
FR--R,1.2199828150914982,0.2714199230100371,0.2714199230100371,0.2714199230100371
FR--R,1.2510672940989025,0.2715066681461439,0.2715066681461439,0.2715066681461439
FR--R,1.2804197241785005,0.2715901372599088,0.2715901372599088,0.2715901372599088
FR--R,1.311875513230916,0.2716699410868545,0.2716699410868545,0.2716699410868545
FR--R,1.343375422176905,0.271745796833363,0.271745796833363,0.271745796833363
FR--R,1.3771009011543356,0.2718175176894887,0.2718175176894887,0.2718175176894887
FR--R,1.4081179202185012,0.271885001100782,0.271885001100782,0.271885001100782
FR--R,1.4386791491415352,0.2719482167425767,0.2719482167425767,0.2719482167425767
FR--R,1.469445268099662,0.2720071948189668,0.2720071948189668,0.2720071948189668
FR--R,1.501591467182152,0.2720620150781617,0.2720620150781617,0.2720620150781617
FR--R,1.5379041460691951,0.2721127967726964,0.2721127967726964,0.2721127967726964
FR--R,1.572922954976093,0.2721596896787623,0.2721596896787623,0.2721596896787623
FR--R,1.60869811399607,0.2722028662100516,0.2722028662100516,0.2722028662100516
FR--R,1.6437787730246782,0.2722425146080967,0.2722425146080967,0.2722425146080967
FR--R,1.679811890993733,0.272278833156025,0.272278833156025,0.272278833156025
FR--R,1.7136630300665274,0.2723120253408599,0.2723120253408599,0.2723120253408599
FR--R,1.749019389040768,0.2723422958772843,0.2723422958772843,0.2723422958772843
FR--R,1.7850430980324743,0.2723698475004716,0.2723698475004716,0.2723698475004716
FR--R,1.8212788860546425,0.2723948784351576,0.2723948784351576,0.2723948784351576
FR--R,1.857764234940987,0.272417580451104,0.272417580451104,0.272417580451104
FR--R,1.8974373340024613,0.2724381374203294,0.2724381374203294,0.2724381374203294
FR--R,1.942993102071341,0.27245672429812,0.27245672429812,0.27245672429812
FR--R,1.974207521067001,0.2724735064572264,0.2724735064572264,0.2724735064572264
FR--R,2.0063126999884844,0.2724886393123171,0.2724886393123171,0.2724886393123171
FR--R,2.0410803689737804,0.2725022681793665,0.2725022681793665,0.2725022681793665
FR--R,2.085674336994998,0.2725145283219419,0.2725145283219419,0.2725145283219419
FR--R,2.120357926003635,0.2725255451431743,0.2725255451431743,0.2725255451431743
FR--R,2.1615626150160097,0.2725354344884474,0.2725354344884474,0.2725354344884474
FR--R,2.1949472340056677,0.2725443030294725,0.2725443030294725,0.2725443030294725
FR--R,2.228754153009504,0.2725522487054217,0.2725522487054217,0.2725522487054217
FR--R,2.262604151910637,0.2725593612011853,0.2725593612011853,0.2725593612011853
FR--R,2.312627309933305,0.2725657224466215,0.2725657224466215,0.2725657224466215
FR--R,2.3441230588941835,0.2725714071239363,0.2725714071239363,0.2725714071239363
FR--R,2.3746956079266965,0.2725764831731029,0.2725764831731029,0.2725764831731029
FR--R,2.4076892669545487,0.2725810122875647,0.2725810122875647,0.2725810122875647
FR--R,2.442434735945426,0.2725850503944096,0.2725850503944096,0.2725850503944096
FR--R,2.474101684987545,0.2725886481148014,0.2725886481148014,0.2725886481148014
FR--R,2.505980383954011,0.2725918512017706,0.2725918512017706,0.2725918512017706
FR--R,2.5366007529664785,0.2725947009535193,0.2725947009535193,0.2725947009535193
FR--R,2.5678386429790407,0.2725972346012342,0.2725972346012342,0.2725972346012342
FR--R,2.59963206195971,0.272599485671074,0.272599485671074,0.272599485671074
FR--R,2.629733230976853,0.2726014843205023,0.2726014843205023,0.2726014843205023
FR--R,2.6613489000010304,0.2726032576495287,0.2726032576495287,0.2726032576495287
FR--R,2.692846978956368,0.2726048299877097,0.2726048299877097,0.2726048299877097
FR--R,2.7208540479769,0.27260622315796,0.27260622315796,0.27260622315796
FR--R,2.753308526996989,0.2726074567183658,0.2726074567183658,0.2726074567183658
FR--R,2.789179795945529,0.2726085481832749,0.2726085481832749,0.2726085481832749
FR--R,2.824713635025546,0.2726095132249771,0.2726095132249771,0.2726095132249771
FR--R,2.8600917040603235,0.2726103658573002,0.2726103658573002,0.2726103658573002
FR--R,2.893654093029909,0.2726111186024315,0.2726111186024315,0.2726111186024315
FR--R,2.926135822024662,0.2726117826422376,0.2726117826422376,0.2726117826422376
FR--R,2.9576119010453112,0.2726123679553103,0.2726123679553103,0.2726123679553103
FR--R,2.990849550056737,0.272612883440906,0.272612883440906,0.272612883440906
FR--R,3.024090729013551,0.2726133370308871,0.2726133370308871,0.2726133370308871
FR--R,3.0574109380249865,0.2726137357907024,0.2726137357907024,0.2726137357907024
FR--R,3.092279266973492,0.2726140860103789,0.2726140860103789,0.2726140860103789
FR--R,3.127869585005101,0.2726143932864281,0.2726143932864281,0.2726143932864281
FR--R,3.164960953989066,0.2726146625955012,0.2726146625955012,0.2726146625955012
FR--R,3.1999856430338696,0.2726148983605658,0.2726148983605658,0.2726148983605658
FR--R,3.234022762044333,0.2726151045103135,0.2726151045103135,0.2726151045103135
FR--R,3.264991261996329,0.2726152845324485,0.2726152845324485,0.2726152845324485
FR--R,3.319176899967715,0.272615441521451,0.272615441521451,0.272615441521451
FR--R,3.350648278952576,0.2726155782213575,0.2726155782213575,0.2726155782213575
FR--R,3.381178989133332,0.2726156970640565,0.2726156970640565,0.2726156970640565
FR--R,3.411662978120148,0.2726158002035421,0.2726158002035421,0.2726158002035421
FR--R,3.46598561614519,0.2726158895465375,0.2726158895465375,0.2726158895465375
FR--R,3.4962509151664563,0.2726159667798577,0.2726159667798577,0.2726159667798577
FR--R,3.5265447341371328,0.2726160333948401,0.2726160333948401,0.2726160333948401
FR--R,3.5571542730904184,0.272616090709153,0.272616090709153,0.272616090709153
FR--R,3.5876857020775788,0.2726161398862466,0.2726161398862466,0.2726161398862466
FR--R,3.618893231032416,0.2726161819526959,0.2726161819526959,0.2726161819526959
FR--R,3.649400840047747,0.2726162178136564,0.2726162178136564,0.2726162178136564
FR--R,3.679759379010648,0.2726162482666299,0.2726162482666299,0.2726162482666299
FR--R,3.70766729809111,0.2726162740137206,0.2726162740137206,0.2726162740137206
FR--R,3.7376308271777816,0.2726162956725418,0.2726162956725418,0.2726162956725418
FR--R,3.769082396174781,0.2726163137859154,0.2726163137859154,0.2726163137859154
FR--R,3.800345445226412,0.2726163288304979,0.2726163288304979,0.2726163288304979
FR--R,3.8312306542648,0.2726163412244435,0.2726163412244435,0.2726163412244435
FR--R,3.862390993279405,0.2726163513342122,0.2726163513342122,0.2726163513342122
FR--R,3.891776532283984,0.2726163594806129,0.2726163594806129,0.2726163594806129
FR--R,3.926627861394081,0.2726163659441683,0.2726163659441683,0.2726163659441683
FR--R,3.9628394494066015,0.2726163709698707,0.2726163709698707,0.2726163709698707
FR--R,3.998746738419868,0.2726163747714001,0.2726163747714001,0.2726163747714001
FR--R,4.030197897402104,0.2726163775348622,0.2726163775348622,0.2726163775348622
FR--R,4.062020396464504,0.2726163794220969,0.2726163794220969,0.2726163794220969
FR--R,4.094569025503006,0.27261638057361,0.27261638057361,0.27261638057361
FR--R,4.125971124507487,0.2726163811111646,0.2726163811111646,0.2726163811111646
FR--R,4.156696253572591,0.2726163811400741,0.2726163811400741,0.2726163811400741
FR--R,4.1885143425897695,0.2726163807512272,0.2726163807512272,0.2726163807512272
FR--R,4.21972500148695,0.2726163800228782,0.2726163800228782,0.2726163800228782
FR--R,4.250705110491253,0.2726163790222262,0.2726163790222262,0.2726163790222262
FR--R,4.284764219424687,0.2726163778068081,0.2726163778068081,0.2726163778068081
FR--R,4.317527788341977,0.2726163764257268,0.2726163764257268,0.2726163764257268
FR--R,4.350581597303972,0.2726163749207336,0.2726163749207336,0.2726163749207336
FR--R,4.382928146282211,0.2726163733271805,0.2726163733271805,0.2726163733271805
FR--R,4.415414565301035,0.2726163716748579,0.2726163716748579,0.2726163716748579
FR--R,4.446906184311956,0.2726163699887307,0.2726163699887307,0.2726163699887307
FR--R,4.483125973318238,0.2726163682895851,0.2726163682895851,0.2726163682895851
FR--R,4.516429822309874,0.2726163665945961,0.2726163665945961,0.2726163665945961
FR--R,4.553659501310904,0.2726163649178241,0.2726163649178241,0.2726163649178241
FR--R,4.602871210197918,0.2726163632706506,0.2726163632706506,0.2726163632706506
FR--R,4.64898925810121,0.2726163616621586,0.2726163616621586,0.2726163616621586
FR--R,4.679924037016463,0.2726163600994655,0.2726163600994655,0.2726163600994655
FR--R,4.710897556098644,0.272616358588013,0.272616358588013,0.272616358588013
FR--R,4.741903565009125,0.27261635713182,0.27261635713182,0.27261635713182
FR--R,4.771516994107515,0.2726163557337023,0.2726163557337023,0.2726163557337023
FR--R,4.802198763121851,0.2726163543954638,0.2726163543954638,0.2726163543954638
FR--R,4.833085082122125,0.2726163531180622,0.2726163531180622,0.2726163531180622
FR--R,4.86393915116787,0.2726163519017521,0.2726163519017521,0.2726163519017521
FR--R,4.895748680108227,0.2726163507462089,0.2726163507462089,0.2726163507462089
FR--R,4.926268029084895,0.2726163496506353,0.2726163496506353,0.2726163496506353
FR--R,4.957131758041214,0.2726163486138532,0.2726163486138532,0.2726163486138532
FR--R,4.988295198068954,0.2726163476343824,0.2726163476343824,0.2726163476343824
FR--R,5.016458107042126,0.272616346710507,0.272616346710507,0.272616346710507
FR--R,5.047141966002528,0.2726163458403333,0.2726163458403333,0.2726163458403333
FR--R,5.077566165011376,0.2726163450218377,0.2726163450218377,0.2726163450218377
FR--R,5.108102453988977,0.2726163442529085,0.2726163442529085,0.2726163442529085
FR--R,5.138770713005215,0.2726163435313789,0.2726163435313789,0.2726163435313789
FR--R,5.169777631992474,0.2726163428550568,0.2726163428550568,0.2726163428550568
FR--R,5.200879160896875,0.2726163422217482,0.2726163422217482,0.2726163422217482
FR--R,5.238921899814159,0.2726163416292764,0.2726163416292764,0.2726163416292764
FR--R,5.269587168819271,0.2726163410754981,0.2726163410754981,0.2726163410754981
FR--R,5.304983077861834,0.2726163405583165,0.2726163405583165,0.2726163405583165
FR--R,5.340324656746816,0.2726163400756905,0.2726163400756905,0.2726163400756905
FR--R,5.376278785755858,0.2726163396256436,0.2726163396256436,0.2726163396256436
FR--R,5.411889264709316,0.2726163392062684,0.2726163392062684,0.2726163392062684
FR--R,5.448410723765846,0.2726163388157315,0.2726163388157315,0.2726163388157315
FR--R,5.482956562656909,0.2726163384522766,0.2726163384522766,0.2726163384522766
FR--R,5.513896842719987,0.2726163381142253,0.2726163381142253,0.2726163381142253
FR--R,5.545418911729939,0.2726163377999784,0.2726163377999784,0.2726163377999784
FR--R,5.576608270639554,0.2726163375080146,0.2726163375080146,0.2726163375080146
FR--R,5.60741978965234,0.2726163372368915,0.2726163372368915,0.2726163372368915
FR--R,5.656532837660052,0.2726163369852429,0.2726163369852429,0.2726163369852429
FR--R,5.691601546655875,0.2726163367517772,0.2726163367517772,0.2726163367517772
FR--R,5.723679986665957,0.2726163365352755,0.2726163365352755,0.2726163365352755
FR--R,5.758991935639642,0.2726163363345892,0.2726163363345892,0.2726163363345892
FR--R,5.793662904587109,0.2726163361486372,0.2726163361486372,0.2726163361486372
FR--R,5.826201293617487,0.2726163359764038,0.2726163359764038,0.2726163359764038
FR--R,5.857015252637211,0.2726163358169352,0.2726163358169352,0.2726163358169352
FR--R,5.887671582633629,0.2726163356693371,0.2726163356693371,0.2726163356693371
FR--R,5.918437731626909,0.2726163355327718,0.2726163355327718,0.2726163355327718
FR--R,5.948951150639914,0.2726163354064554,0.2726163354064554,0.2726163354064554
FR--R,5.980125389585737,0.2726163352896549,0.2726163352896549,0.2726163352896549
FR--R,6.010044358554296,0.2726163351816855,0.2726163351816855,0.2726163351816855
FR--R,6.0405766575131565,0.2726163350819079,0.2726163350819079,0.2726163350819079
FR--R,6.069189036497846,0.2726163349897259,0.2726163349897259,0.2726163349897259
FR--R,6.099985865410417,0.2726163349045841,0.2726163349045841,0.2726163349045841
FR--R,6.130093604500871,0.2726163348259643,0.2726163348259643,0.2726163348259643
FR--R,6.1615830235532485,0.2726163347533849,0.2726163347533849,0.2726163347533849
FR--R,6.191894722520374,0.272616334686398,0.272616334686398,0.272616334686398
FR--R,6.222634211473633,0.2726163346245862,0.2726163346245862,0.2726163346245862
FR--R,6.255589250591584,0.2726163345675625,0.2726163345675625,0.2726163345675625
FR--R,6.291204589710105,0.2726163345149671,0.2726163345149671,0.2726163345149671
FR--R,6.32534719875548,0.2726163344664661,0.2726163344664661,0.2726163344664661
FR--R,6.358789617777802,0.2726163344217496,0.2726163344217496,0.2726163344217496
FR--R,6.392656126816291,0.27261633438053,0.27261633438053,0.27261633438053
FR--R,6.424364476813935,0.272616334342541,0.272616334342541,0.272616334342541
FR--R,6.454723705828656,0.2726163343075357,0.2726163343075357,0.2726163343075357
FR--R,6.495697014790494,0.2726163342752851,0.2726163342752851,0.2726163342752851
FR--R,6.526894253795035,0.2726163342455776,0.2726163342455776,0.2726163342455776
FR--R,6.558557192794979,0.2726163342182171,0.2726163342182171,0.2726163342182171
FR--R,6.589461721712723,0.2726163341930218,0.2726163341930218,0.2726163341930218
FR--R,6.623400840675458,0.2726163341698241,0.2726163341698241,0.2726163341698241
FR--R,6.657429349725135,0.272616334148469,0.272616334148469,0.272616334148469
FR--R,6.695851728785783,0.2726163341288127,0.2726163341288127,0.2726163341288127
FR--R,6.7293059477815405,0.2726163341107224,0.2726163341107224,0.2726163341107224
FR--R,6.7611730167409405,0.2726163340940759,0.2726163340940759,0.2726163340940759
FR--R,6.791639805713203,0.2726163340787599,0.2726163340787599,0.2726163340787599
FR--R,6.82223697565496,0.2726163340646695,0.2726163340646695,0.2726163340646695
FR--R,6.859619344701059,0.2726163340517086,0.2726163340517086,0.2726163340517086
FR--R,6.891153443662915,0.272616334039788,0.272616334039788,0.272616334039788
FR--R,6.929101152694784,0.2726163340288252,0.2726163340288252,0.2726163340288252
FR--R,6.961414851713926,0.2726163340187447,0.2726163340187447,0.2726163340187447
FR--R,6.995879000634886,0.2726163340094764,0.2726163340094764,0.2726163340094764
FR--R,7.032418079674244,0.2726163340009557,0.2726163340009557,0.2726163340009557
FR--R,7.0724099286599085,0.2726163339931232,0.2726163339931232,0.2726163339931232
FR--R,7.102771227597259,0.272616333985924,0.272616333985924,0.272616333985924
FR--R,7.133254316577222,0.2726163339793073,0.2726163339793073,0.2726163339793073
FR--R,7.16467279556673,0.2726163339732269,0.2726163339732269,0.2726163339732269
FR--R,7.201471704582218,0.2726163339676399,0.2726163339676399,0.2726163339676399
FR--R,7.237971923605073,0.2726163339625063,0.2726163339625063,0.2726163339625063
FR--R,7.268387072545011,0.2726163339577899,0.2726163339577899,0.2726163339577899
FR--R,7.300134802586399,0.2726163339534573,0.2726163339534573,0.2726163339534573
FR--R,7.33169769163942,0.2726163339494775,0.2726163339494775,0.2726163339494775
FR--R,7.361834840674419,0.2726163339458219,0.2726163339458219,0.2726163339458219
FR--R,7.396320339641534,0.2726163339424649,0.2726163339424649,0.2726163339424649
FR--R,7.430423078592867,0.2726163339393817,0.2726163339393817,0.2726163339393817
FR--R,7.4654413376702,0.2726163339365505,0.2726163339365505,0.2726163339365505
FR--R,7.497442156658508,0.2726163339339509,0.2726163339339509,0.2726163339339509
FR--R,7.537369135650806,0.2726163339315639,0.2726163339315639,0.2726163339315639
FR--R,7.570210014644545,0.2726163339293727,0.2726163339293727,0.2726163339293727
FR--R,7.603448303649202,0.2726163339273609,0.2726163339273609,0.2726163339273609
FR--R,7.6376371326623484,0.2726163339255141,0.2726163339255141,0.2726163339255141
FR--R,7.6730689916876145,0.272616333923819,0.272616333923819,0.272616333923819
FR--R,7.715226810774766,0.2726163339222633,0.2726163339222633,0.2726163339222633
FR--R,7.745934429753106,0.2726163339208353,0.2726163339208353,0.2726163339208353
FR--R,7.781079628795851,0.2726163339195248,0.2726163339195248,0.2726163339195248
FR--R,7.811717287753709,0.2726163339183221,0.2726163339183221,0.2726163339183221
FR--R,7.841817026841454,0.2726163339172184,0.2726163339172184,0.2726163339172184
FR--R,7.892795584863052,0.2726163339162057,0.2726163339162057,0.2726163339162057
FR--R,7.924861573905218,0.2726163339152767,0.2726163339152767,0.2726163339152767
FR--R,7.955700293008704,0.2726163339144242,0.2726163339144242,0.2726163339144242
FR--R,7.988611362117808,0.2726163339136421,0.2726163339136421,0.2726163339136421
FR--R,8.024893330119085,0.2726163339129244,0.2726163339129244,0.2726163339129244
FR--R,8.05487699911464,0.2726163339122663,0.2726163339122663,0.2726163339122663
FR--R,8.084639928070828,0.2726163339116625,0.2726163339116625,0.2726163339116625
FR--R,8.114716068143025,0.2726163339111087,0.2726163339111087,0.2726163339111087
FR--R,8.145605947240256,0.2726163339106007,0.2726163339106007,0.2726163339106007
FR--R,8.175551106280182,0.2726163339101347,0.2726163339101347,0.2726163339101347
FR--R,8.205846765311435,0.2726163339097073,0.2726163339097073,0.2726163339097073
FR--R,8.25059473438887,0.2726163339093154,0.2726163339093154,0.2726163339093154
FR--R,8.287187902315054,0.272616333908956,0.272616333908956,0.272616333908956
FR--R,8.325209371279925,0.2726163339086265,0.2726163339086265,0.2726163339086265
FR--R,8.362197369220667,0.2726163339083243,0.2726163339083243,0.2726163339083243
FR--R,8.394130208238494,0.2726163339080471,0.2726163339080471,0.2726163339080471
FR--R,8.424350897257682,0.2726163339077931,0.2726163339077931,0.2726163339077931
FR--R,8.455220746225677,0.27261633390756,0.27261633390756,0.27261633390756
FR--R,8.488547785265837,0.2726163339073465,0.2726163339073465,0.2726163339073465
FR--R,8.518948514247313,0.2726163339071505,0.2726163339071505,0.2726163339071505
FR--R,8.548547873215284,0.272616333906971,0.272616333906971,0.272616333906971
FR--R,8.578604802140035,0.2726163339068064,0.2726163339068064,0.2726163339068064
FR--R,8.609201361134183,0.2726163339066554,0.2726163339066554,0.2726163339066554
FR--R,8.643710310105234,0.2726163339065171,0.2726163339065171,0.2726163339065171
FR--R,8.67855813918868,0.2726163339063903,0.2726163339063903,0.2726163339063903
FR--R,8.712277648213785,0.272616333906274,0.272616333906274,0.272616333906274
FR--R,8.746897977194749,0.2726163339061675,0.2726163339061675,0.2726163339061675
FR--R,8.786718416202348,0.2726163339060697,0.2726163339060697,0.2726163339060697
FR--R,8.827124254195951,0.2726163339059803,0.2726163339059803,0.2726163339059803
FR--R,8.867148333287332,0.2726163339058981,0.2726163339058981,0.2726163339058981
FR--R,8.899680092406925,0.272616333905823,0.272616333905823,0.272616333905823
FR--R,8.929591841530055,0.2726163339057542,0.2726163339057542,0.2726163339057542
FR--R,8.967293460504152,0.2726163339056908,0.2726163339056908,0.2726163339056908
FR--R,8.999259419506416,0.2726163339056329,0.2726163339056329,0.2726163339056329
FR--R,9.038547908421606,0.27261633390558,0.27261633390558,0.27261633390558
FR--R,9.071360518340953,0.2726163339055313,0.2726163339055313,0.2726163339055313
FR--R,9.102071977278683,0.2726163339054868,0.2726163339054868,0.2726163339054868
FR--R,9.12833695637528,0.2726163339054459,0.2726163339054459,0.2726163339054459
FR--R,9.159404685313348,0.2726163339054085,0.2726163339054085,0.2726163339054085
FR--R,9.190691664349288,0.2726163339053742,0.2726163339053742,0.2726163339053742
FR--R,9.2213377233129,0.2726163339053427,0.2726163339053427,0.2726163339053427
FR--R,9.254031092335936,0.2726163339053139,0.2726163339053139,0.2726163339053139
FR--R,9.285403371264692,0.2726163339052875,0.2726163339052875,0.2726163339052875
FR--R,9.315654890262522,0.2726163339052634,0.2726163339052634,0.2726163339052634
FR--R,9.34546112921089,0.2726163339052413,0.2726163339052413,0.2726163339052413
FR--R,9.375295488163829,0.272616333905221,0.272616333905221,0.272616333905221
FR--R,9.405225597147364,0.2726163339052025,0.2726163339052025,0.2726163339052025
FR--R,9.436151606205383,0.2726163339051854,0.2726163339051854,0.2726163339051854
FR--R,9.467053705244323,0.2726163339051697,0.2726163339051697,0.2726163339051697
FR--R,9.497804834274575,0.2726163339051554,0.2726163339051554,0.2726163339051554
FR--R,9.528475603321567,0.2726163339051424,0.2726163339051424,0.2726163339051424
FR--R,9.562000242294744,0.2726163339051304,0.2726163339051304,0.2726163339051304
FR--R,9.59301748132566,0.2726163339051193,0.2726163339051193,0.2726163339051193
FR--R,9.623059740290046,0.2726163339051093,0.2726163339051093,0.2726163339051093
FR--R,9.653018609213175,0.2726163339051,0.2726163339051,0.2726163339051
FR--R,9.682757918257266,0.2726163339050916,0.2726163339050916,0.2726163339050916
FR--R,9.712574917241,0.2726163339050839,0.2726163339050839,0.2726163339050839
FR--R,9.74283189716516,0.2726163339050767,0.2726163339050767,0.2726163339050767
FR--R,9.77330328617245,0.2726163339050703,0.2726163339050703,0.2726163339050703
FR--R,9.803432365239132,0.2726163339050643,0.2726163339050643,0.2726163339050643
FR--R,9.837332284310833,0.2726163339050588,0.2726163339050588,0.2726163339050588
FR--R,9.867362563265488,0.2726163339050538,0.2726163339050538,0.2726163339050538
FR--R,9.89821426232811,0.2726163339050493,0.2726163339050493,0.2726163339050493
FR--R,9.929541011340916,0.2726163339050452,0.2726163339050452,0.2726163339050452
FR--R,9.96733016037615,0.2726163339050414,0.2726163339050414,0.2726163339050414
FR--R,9.997728899354115,0.2726163339050378,0.2726163339050378,0.2726163339050378
FR--R,10.03550328843994,0.2726163339050346,0.2726163339050346,0.2726163339050346
FR--R,10.071718317456543,0.2726163339050317,0.2726163339050317,0.2726163339050317
FR--R,10.103715466277208,0.272616333905029,0.272616333905029,0.272616333905029
FR--R,10.134519765269944,0.2726163339050265,0.2726163339050265,0.2726163339050265
FR--R,10.16516030416824,0.2726163339050242,0.2726163339050242,0.2726163339050242
FR--R,10.195994293200783,0.2726163339050222,0.2726163339050222,0.2726163339050222
FR--R,10.226380782260094,0.2726163339050202,0.2726163339050202,0.2726163339050202
FR--R,10.260162411199415,0.2726163339050186,0.2726163339050186,0.2726163339050186
FR--R,10.291010530199856,0.272616333905017,0.272616333905017,0.272616333905017
FR--R,10.32186190923676,0.2726163339050156,0.2726163339050156,0.2726163339050156
FR--R,10.353043918148614,0.2726163339050141,0.2726163339050141,0.2726163339050141
FR--R,10.383600557106549,0.2726163339050129,0.2726163339050129,0.2726163339050129
FR--R,10.413961516111158,0.2726163339050118,0.2726163339050118,0.2726163339050118
FR--R,10.445029195048846,0.2726163339050109,0.2726163339050109,0.2726163339050109
FR--R,10.479904454143252,0.2726163339050099,0.2726163339050099,0.2726163339050099
FR--R,10.513016843120568,0.272616333905009,0.272616333905009,0.272616333905009
FR--R,10.543110422207974,0.2726163339050083,0.2726163339050083,0.2726163339050083
FR--R,10.572938182274813,0.2726163339050075,0.2726163339050075,0.2726163339050075
FR--R,10.603990741365124,0.2726163339050069,0.2726163339050069,0.2726163339050069
FR--R,10.63429328025086,0.2726163339050062,0.2726163339050062,0.2726163339050062
FR--R,10.6648378391983,0.2726163339050056,0.2726163339050056,0.2726163339050056
FR--R,10.696417638158891,0.2726163339050051,0.2726163339050051,0.2726163339050051
FR--R,10.726144607237076,0.2726163339050047,0.2726163339050047,0.2726163339050047
FR--R,10.758846546232236,0.2726163339050043,0.2726163339050043,0.2726163339050043
FR--R,10.789252095273696,0.272616333905004,0.272616333905004,0.272616333905004
FR--R,10.820008634240368,0.2726163339050035,0.2726163339050035,0.2726163339050035
FR--R,10.85040346335154,0.2726163339050031,0.2726163339050031,0.2726163339050031
FR--R,10.88124179240549,0.2726163339050028,0.2726163339050028,0.2726163339050028
FR--R,10.912186611501966,0.2726163339050025,0.2726163339050025,0.2726163339050025
FR--R,10.94274863152532,0.2726163339050023,0.2726163339050023,0.2726163339050023
FR--R,10.972625610476824,0.2726163339050021,0.2726163339050021,0.2726163339050021
FR--R,11.00292662944412,0.2726163339050019,0.2726163339050019,0.2726163339050019
FR--R,11.032971908396576,0.2726163339050016,0.2726163339050016,0.2726163339050016
FR--R,11.064153517363591,0.2726163339050014,0.2726163339050014,0.2726163339050014
FR--R,11.093898736406118,0.2726163339050012,0.2726163339050012,0.2726163339050012
FR--R,11.127056195342448,0.2726163339050011,0.2726163339050011,0.2726163339050011
FR--R,11.160260804288557,0.272616333905001,0.272616333905001,0.272616333905001
FR--R,11.193859073217029,0.2726163339050008,0.2726163339050008,0.2726163339050008
FR--R,11.227357792202383,0.2726163339050008,0.2726163339050008,0.2726163339050008
FR--R,11.260654301207978,0.2726163339050006,0.2726163339050006,0.2726163339050006
FR--R,11.295643340214156,0.2726163339050005,0.2726163339050005,0.2726163339050005
FR--R,11.329832969233394,0.2726163339050004,0.2726163339050004,0.2726163339050004
FR--R,11.364336008147802,0.2726163339050004,0.2726163339050004,0.2726163339050004
FR--R,11.398746797116472,0.2726163339050003,0.2726163339050003,0.2726163339050003
FR--R,11.433622565178666,0.2726163339050003,0.2726163339050003,0.2726163339050003
FR--R,11.467406734125689,0.2726163339050002,0.2726163339050002,0.2726163339050002
FR--R,11.501091013022233,0.2726163339050002,0.2726163339050002,0.2726163339050002
FR--R,11.535314331995323,0.272616333905,0.272616333905,0.272616333905
FR--R,11.569603420968631,0.2726163339049999,0.2726163339049999,0.2726163339049999
FR--R,11.603269059967715,0.272616333905,0.272616333905,0.272616333905
FR--R,11.636788028874436,0.272616333905,0.272616333905,0.272616333905
FR--R,11.670696337940171,0.2726163339049999,0.2726163339049999,0.2726163339049999
FR--R,11.705514346947894,0.2726163339049999,0.2726163339049999,0.2726163339049999
FR--R,11.740075305860955,0.2726163339049999,0.2726163339049999,0.2726163339049999
FR--R,11.774806744768284,0.2726163339049999,0.2726163339049999,0.2726163339049999
FR--R,11.811381593695842,0.2726163339049999,0.2726163339049999,0.2726163339049999
FR--R,11.861252822796814,0.2726163339049998,0.2726163339049998,0.2726163339049998
FR--R,11.900497270806229,0.2726163339049998,0.2726163339049998,0.2726163339049998
FR--R,11.934598729771096,0.2726163339049997,0.2726163339049997,0.2726163339049997
FR--R,11.968258198758122,0.2726163339049997,0.2726163339049997,0.2726163339049997
FR--R,12.002366617729422,0.2726163339049996,0.2726163339049996,0.2726163339049996
FR--R,12.03562725672964,0.2726163339049996,0.2726163339049996,0.2726163339049996
FR--R,12.07103749574162,0.2726163339049996,0.2726163339049996,0.2726163339049996
FR--R,12.107361824717373,0.2726163339049997,0.2726163339049997,0.2726163339049997
FR--R,12.142649123736192,0.2726163339049997,0.2726163339049997,0.2726163339049997
FR--R,12.176630432659294,0.2726163339049997,0.2726163339049997,0.2726163339049997
FR--R,12.210134441615082,0.2726163339049997,0.2726163339049997,0.2726163339049997
FR--R,12.244253910554107,0.2726163339049998,0.2726163339049998,0.2726163339049998
FR--R,12.29012824955862,0.2726163339049998,0.2726163339049998,0.2726163339049998
FR--R,12.320419378520455,0.2726163339049998,0.2726163339049998,0.2726163339049998
FR--R,12.3502000576118,0.2726163339049998,0.2726163339049998,0.2726163339049998
FR--R,12.380745706614109,0.2726163339049998,0.2726163339049998,0.2726163339049998
FR--R,12.414289025648031,0.2726163339049998,0.2726163339049998,0.2726163339049998
FR--R,12.4417095646495,0.2726163339049998,0.2726163339049998,0.2726163339049998
FR--R,12.472907583694903,0.2726163339049998,0.2726163339049998,0.2726163339049998
FR--R,12.506341582746243,0.2726163339049999,0.2726163339049999,0.2726163339049999
FR--R,12.537712761666626,0.2726163339049998,0.2726163339049998,0.2726163339049998
FR--R,12.567984780704135,0.2726163339049998,0.2726163339049998,0.2726163339049998
FR--R,12.598209969641175,0.2726163339049998,0.2726163339049998,0.2726163339049998
FR--R,12.62934831873281,0.2726163339049998,0.2726163339049998,0.2726163339049998
FR--R,12.66197336773621,0.2726163339049998,0.2726163339049998,0.2726163339049998
FR--R,12.692824946716428,0.2726163339049998,0.2726163339049998,0.2726163339049998
FR--R,12.723081735777669,0.2726163339049997,0.2726163339049997,0.2726163339049997
FR--R,12.75417698471574,0.2726163339049997,0.2726163339049997,0.2726163339049997
FR--R,12.78574928373564,0.2726163339049998,0.2726163339049998,0.2726163339049998
FR--R,12.816758832719644,0.2726163339049997,0.2726163339049997,0.2726163339049997
FR--R,12.84879604174057,0.2726163339049998,0.2726163339049998,0.2726163339049998
FR--R,12.879826650663745,0.2726163339049997,0.2726163339049997,0.2726163339049997
FR--R,12.91254566970747,0.2726163339049998,0.2726163339049998,0.2726163339049998
FR--R,12.945718438597396,0.2726163339049997,0.2726163339049997,0.2726163339049997
FR--R,12.977884897612968,0.2726163339049997,0.2726163339049997,0.2726163339049997
FR--R,13.02584875561297,0.2726163339049998,0.2726163339049998,0.2726163339049998
FR--R,13.056711194629315,0.2726163339049997,0.2726163339049997,0.2726163339049997
FR--R,13.087633993593045,0.2726163339049997,0.2726163339049997,0.2726163339049997
FR--R,13.118590612604748,0.2726163339049997,0.2726163339049997,0.2726163339049997
FR--R,13.149106482567731,0.2726163339049998,0.2726163339049998,0.2726163339049998
FR--R,13.179815221519677,0.2726163339049997,0.2726163339049997,0.2726163339049997
FR--R,13.21171271050116,0.2726163339049997,0.2726163339049997,0.2726163339049997
FR--R,13.243859910522588,0.2726163339049997,0.2726163339049997,0.2726163339049997
FR--R,13.282267109607346,0.2726163339049997,0.2726163339049997,0.2726163339049997
FR--R,13.34237325860886,0.2726163339049998,0.2726163339049998,0.2726163339049998
FR--R,13.395146297523752,0.2726163339049997,0.2726163339049997,0.2726163339049997
FR--R,13.426016906450968,0.2726163339049997,0.2726163339049997,0.2726163339049997
FR--R,13.456756635394411,0.2726163339049997,0.2726163339049997,0.2726163339049997
FR--R,13.488436314393766,0.2726163339049997,0.2726163339049997,0.2726163339049997
FR--R,13.51808831328526,0.2726163339049997,0.2726163339049997,0.2726163339049997
FR--R,13.549594332289416,0.2726163339049996,0.2726163339049996,0.2726163339049996
FR--R,13.580808771192096,0.2726163339049995,0.2726163339049995,0.2726163339049995
FR--R,13.61275106028188,0.2726163339049996,0.2726163339049996,0.2726163339049996
FR--R,13.643531299254391,0.2726163339049995,0.2726163339049995,0.2726163339049995
FR--R,13.676682258199437,0.2726163339049995,0.2726163339049995,0.2726163339049995
FR--R,13.707865517179016,0.2726163339049995,0.2726163339049995,0.2726163339049995
FR--R,13.742260476166848,0.2726163339049995,0.2726163339049995,0.2726163339049995
FR--R,13.778449365170673,0.2726163339049997,0.2726163339049997,0.2726163339049997
FR--R,13.832801433163697,0.2726163339049997,0.2726163339049997,0.2726163339049997
FR--R,13.889268482045736,0.2726163339049995,0.2726163339049995,0.2726163339049995
FR--R,13.9335048510693,0.2726163339049997,0.2726163339049997,0.2726163339049997
FR--R,13.978158199985046,0.2726163339049996,0.2726163339049996,0.2726163339049996
FR--R,14.01687151909573,0.2726163339049997,0.2726163339049997,0.2726163339049997
FR--R,14.058371107152198,0.2726163339049997,0.2726163339049997,0.2726163339049997
FR--R,14.09881035523722,0.2726163339049997,0.2726163339049997,0.2726163339049997
FR--R,14.14905455330154,0.2726163339049997,0.2726163339049997,0.2726163339049997
FR--R,14.183872212248389,0.2726163339049997,0.2726163339049997,0.2726163339049997
FR--R,14.215986721217632,0.2726163339049997,0.2726163339049997,0.2726163339049997
FR--R,14.24787761020707,0.2726163339049997,0.2726163339049997,0.2726163339049997
FR--R,14.279340729292016,0.2726163339049997,0.2726163339049997,0.2726163339049997
FR--R,14.310199968225788,0.2726163339049997,0.2726163339049997,0.2726163339049997
FR--R,14.340519828198012,0.2726163339049997,0.2726163339049997,0.2726163339049997
FR--R,14.371032597264277,0.2726163339049997,0.2726163339049997,0.2726163339049997
FR--R,14.401364246208686,0.2726163339049996,0.2726163339049996,0.2726163339049996
FR--R,14.432476575253531,0.2726163339049996,0.2726163339049996,0.2726163339049996
FR--R,14.462276524223851,0.2726163339049996,0.2726163339049996,0.2726163339049996
FR--R,14.489830753125716,0.2726163339049997,0.2726163339049997,0.2726163339049997
FR--R,14.536930001166184,0.2726163339049998,0.2726163339049998,0.2726163339049998
FR--R,14.571837130235508,0.2726163339049998,0.2726163339049998,0.2726163339049998
FR--R,14.60791739920387,0.2726163339049997,0.2726163339049997,0.2726163339049997
FR--R,14.645404948212672,0.2726163339049997,0.2726163339049997,0.2726163339049997
FR--R,14.683101187169086,0.2726163339049997,0.2726163339049997,0.2726163339049997
FR--R,14.715324946155306,0.2726163339049997,0.2726163339049997,0.2726163339049997
FR--R,14.746423915144987,0.2726163339049997,0.2726163339049997,0.2726163339049997
FR--R,14.778552804142237,0.2726163339049997,0.2726163339049997,0.2726163339049997
FR--R,14.810727183124982,0.2726163339049998,0.2726163339049998,0.2726163339049998
FR--R,14.84388502209913,0.2726163339049997,0.2726163339049997,0.2726163339049997
FR--R,14.880409981124105,0.2726163339049998,0.2726163339049998,0.2726163339049998
FR--R,14.92281324014766,0.2726163339049997,0.2726163339049997,0.2726163339049997
FR--R,14.975394909095485,0.2726163339049998,0.2726163339049998,0.2726163339049998
FR--R,15.006797758047467,0.2726163339049998,0.2726163339049998,0.2726163339049998
FR--R,15.04880576702999,0.2726163339049998,0.2726163339049998,0.2726163339049998
FR--R,15.087769636127632,0.2726163339049998,0.2726163339049998,0.2726163339049998
FR--R,15.12299614510266,0.2726163339049998,0.2726163339049998,0.2726163339049998
FR--R,15.155627344036477,0.2726163339049997,0.2726163339049997,0.2726163339049997
FR--R,15.189282973122316,0.2726163339049995,0.2726163339049995,0.2726163339049995
FR--R,15.2217336720787,0.2726163339049998,0.2726163339049998,0.2726163339049998
FR--R,15.254749351006469,0.2726163339049997,0.2726163339049997,0.2726163339049997
FR--R,15.2874214600306,0.2726163339049998,0.2726163339049998,0.2726163339049998
FR--R,15.319958259060511,0.2726163339049997,0.2726163339049997,0.2726163339049997
FR--R,15.352607428096237,0.2726163339049997,0.2726163339049997,0.2726163339049997
FR--R,15.38599082705332,0.2726163339049998,0.2726163339049998,0.2726163339049998
FR--R,15.411475146072917,0.2726163339049998,0.2726163339049998,0.2726163339049998
FR--R,15.447923575120512,0.2726163339049997,0.2726163339049997,0.2726163339049997
FR--R,15.484358823974617,0.2726163339049998,0.2726163339049998,0.2726163339049998
FR--R,15.520262922917029,0.2726163339049997,0.2726163339049997,0.2726163339049997
FR--R,15.553666372026782,0.2726163339049998,0.2726163339049998,0.2726163339049998
FR--R,15.586811570974533,0.2726163339049997,0.2726163339049997,0.2726163339049997
FR--R,15.618584239913616,0.2726163339049997,0.2726163339049997,0.2726163339049997
FR--R,15.651692078914492,0.2726163339049997,0.2726163339049997,0.2726163339049997
FR--R,15.683362207899336,0.2726163339049997,0.2726163339049997,0.2726163339049997
FR--R,15.715029497863725,0.2726163339049997,0.2726163339049997,0.2726163339049997
FR--R,15.74674063688144,0.2726163339049997,0.2726163339049997,0.2726163339049997
FR--R,15.77855835587252,0.2726163339049998,0.2726163339049998,0.2726163339049998
FR--R,15.81025626481278,0.2726163339049998,0.2726163339049998,0.2726163339049998
FR--R,15.841709123924376,0.2726163339049998,0.2726163339049998,0.2726163339049998
FR--R,15.873368682921864,0.2726163339049998,0.2726163339049998,0.2726163339049998
FR--R,15.90575537190307,0.2726163339049998,0.2726163339049998,0.2726163339049998
FR--R,15.937534470867831,0.2726163339049998,0.2726163339049998,0.2726163339049998
FR--R,15.969366479839664,0.2726163339049998,0.2726163339049998,0.2726163339049998
FR--R,16.001929618883878,0.2726163339049998,0.2726163339049998,0.2726163339049998
FR--R,16.034997057926375,0.2726163339049997,0.2726163339049997,0.2726163339049997
FR--R,16.067191227979492,0.2726163339049997,0.2726163339049997,0.2726163339049997
FR--R,16.099426727043465,0.2726163339049998,0.2726163339049998,0.2726163339049998
FR--R,16.131551876023877,0.2726163339049998,0.2726163339049998,0.2726163339049998
FR--R,16.163309894967824,0.2726163339049998,0.2726163339049998,0.2726163339049998
FR--R,16.19627213390777,0.2726163339049998,0.2726163339049998,0.2726163339049998
FR--R,16.228423872904386,0.2726163339049998,0.2726163339049998,0.2726163339049998
FR--R,16.260554931883235,0.2726163339049998,0.2726163339049998,0.2726163339049998
FR--R,16.29274990077829,0.2726163339049998,0.2726163339049998,0.2726163339049998
FR--R,16.324841989786364,0.2726163339049998,0.2726163339049998,0.2726163339049998
FR--R,16.35737606883049,0.2726163339049998,0.2726163339049998,0.2726163339049998
FR--R,16.38914177787956,0.2726163339049998,0.2726163339049998,0.2726163339049998
FR--R,16.421978586819023,0.2726163339049997,0.2726163339049997,0.2726163339049997
FR--R,16.454756595776416,0.2726163339049997,0.2726163339049997,0.2726163339049997
FR--R,16.48704399476992,0.2726163339049997,0.2726163339049997,0.2726163339049997
FR--R,16.519000663771294,0.2726163339049997,0.2726163339049997,0.2726163339049997
FR--R,16.551460522750858,0.2726163339049998,0.2726163339049998,0.2726163339049998
FR--R,16.58313617273234,0.2726163339049998,0.2726163339049998,0.2726163339049998
FR--R,16.61481304181507,0.2726163339049998,0.2726163339049998,0.2726163339049998
FR--R,16.646968590910546,0.2726163339049997,0.2726163339049997,0.2726163339049997
FR--R,16.68039627984399,0.2726163339049997,0.2726163339049997,0.2726163339049997
FR--R,16.712618478923105,0.2726163339049997,0.2726163339049997,0.2726163339049997
FR--R,16.745505957864225,0.2726163339049997,0.2726163339049997,0.2726163339049997
FR--R,16.783902526891325,0.2726163339049997,0.2726163339049997,0.2726163339049997
FR--R,16.80826979590347,0.2726163339049996,0.2726163339049996,0.2726163339049996
FR--R,16.840190024930052,0.2726163339049997,0.2726163339049997,0.2726163339049997
FR--R,16.87067161401501,0.2726163339049996,0.2726163339049996,0.2726163339049996
FR--R,16.902516733040102,0.2726163339049997,0.2726163339049997,0.2726163339049997
FR--R,16.927288622013293,0.2726163339049997,0.2726163339049997,0.2726163339049997
FR--R,16.952109461009968,0.2726163339049996,0.2726163339049996,0.2726163339049996
FR--R,16.977941529999953,0.2726163339049996,0.2726163339049996,0.2726163339049996
FR--R,17.009493469900917,0.2726163339049996,0.2726163339049996,0.2726163339049996
FR--R,17.039723238849547,0.2726163339049997,0.2726163339049997,0.2726163339049997
FR--R,17.06389316788409,0.2726163339049997,0.2726163339049997,0.2726163339049997
FR--R,17.096019016811624,0.2726163339049995,0.2726163339049995,0.2726163339049995
FR--R,17.126362666778732,0.2726163339049996,0.2726163339049996,0.2726163339049996
FR--R,17.157997465750668,0.2726163339049995,0.2726163339049995,0.2726163339049995
FR--R,17.189665194717236,0.2726163339049996,0.2726163339049996,0.2726163339049996
FR--R,17.21441075473558,0.2726163339049996,0.2726163339049996,0.2726163339049996
FR--R,17.239425284671597,0.2726163339049997,0.2726163339049997,0.2726163339049997
FR--R,17.271049153758213,0.2726163339049996,0.2726163339049996,0.2726163339049996
FR--R,17.300131912808865,0.2726163339049997,0.2726163339049997,0.2726163339049997
FR--R,17.325571071880404,0.2726163339049997,0.2726163339049997,0.2726163339049997
FR--R,17.349363950896077,0.2726163339049997,0.2726163339049997,0.2726163339049997
FR--R,17.37361503991997,0.2726163339049997,0.2726163339049997,0.2726163339049997
FR--R,17.39759214001242,0.2726163339049997,0.2726163339049997,0.2726163339049997
FR--R,17.423151590046473,0.2726163339049996,0.2726163339049996,0.2726163339049996
FR--R,17.456181999121327,0.2726163339049997,0.2726163339049997,0.2726163339049997
FR--R,17.48732906812802,0.2726163339049997,0.2726163339049997,0.2726163339049997
FR--R,17.51164681708906,0.2726163339049996,0.2726163339049996,0.2726163339049996
FR--R,17.546540606126655,0.2726163339049996,0.2726163339049996,0.2726163339049996
FR--R,17.58293424511794,0.2726163339049995,0.2726163339049995,0.2726163339049995
FR--R,17.619835014105774,0.2726163339049997,0.2726163339049997,0.2726163339049997
FR--R,17.657594853139017,0.2726163339049997,0.2726163339049997,0.2726163339049997
FR--R,17.69408953207312,0.2726163339049996,0.2726163339049996,0.2726163339049996
FR--R,17.731394201051444,0.2726163339049996,0.2726163339049996,0.2726163339049996
FR--R,17.768067430122755,0.2726163339049996,0.2726163339049996,0.2726163339049996
FR--R,17.804773338139057,0.2726163339049997,0.2726163339049997,0.2726163339049997
FR--R,17.840953127131797,0.2726163339049996,0.2726163339049996,0.2726163339049996
FR--R,17.87763126619393,0.2726163339049997,0.2726163339049997,0.2726163339049997
FR--R,17.913750605192035,0.2726163339049995,0.2726163339049995,0.2726163339049995
FR--R,17.95022474421421,0.2726163339049996,0.2726163339049996,0.2726163339049996
FR--R,17.987078103236854,0.2726163339049997,0.2726163339049997,0.2726163339049997
FR--R,18.02317073219456,0.2726163339049997,0.2726163339049997,0.2726163339049997
FR--R,18.05960044113453,0.2726163339049996,0.2726163339049996,0.2726163339049996
FR--R,18.095750830078032,0.2726163339049996,0.2726163339049996,0.2726163339049996
FR--R,18.131919659033883,0.2726163339049996,0.2726163339049996,0.2726163339049996
FR--R,18.16853316809284,0.2726163339049996,0.2726163339049996,0.2726163339049996
FR--R,18.20532190607628,0.2726163339049996,0.2726163339049996,0.2726163339049996
FR--R,18.24188176501775,0.2726163339049996,0.2726163339049996,0.2726163339049996
FR--R,18.278485334070865,0.2726163339049995,0.2726163339049995,0.2726163339049995
FR--R,18.315059003070928,0.2726163339049996,0.2726163339049996,0.2726163339049996
FR--R,18.35192733211443,0.2726163339049996,0.2726163339049996,0.2726163339049996
FR--R,18.38822763110511,0.2726163339049996,0.2726163339049996,0.2726163339049996
FR--R,18.425721750187225,0.2726163339049996,0.2726163339049996,0.2726163339049996
FR--R,18.46252527809702,0.2726163339049995,0.2726163339049995,0.2726163339049995
FR--R,18.499347487057094,0.2726163339049995,0.2726163339049995,0.2726163339049995
FR--R,18.53560630610445,0.2726163339049995,0.2726163339049995,0.2726163339049995
FR--R,18.57198550517205,0.2726163339049995,0.2726163339049995,0.2726163339049995
FR--R,18.60916161420755,0.2726163339049995,0.2726163339049995,0.2726163339049995
FR--R,18.64604239311302,0.2726163339049995,0.2726163339049995,0.2726163339049995
FR--R,18.683489652117714,0.2726163339049995,0.2726163339049995,0.2726163339049995
FR--R,18.71966826118296,0.2726163339049995,0.2726163339049995,0.2726163339049995
FR--R,18.756037940154783,0.2726163339049995,0.2726163339049995,0.2726163339049995
FR--R,18.79223421809729,0.2726163339049995,0.2726163339049995,0.2726163339049995
FR--R,18.829064427118283,0.2726163339049995,0.2726163339049995,0.2726163339049995
FR--R,18.865939556097143,0.2726163339049997,0.2726163339049997,0.2726163339049997
FR--R,18.902826105069835,0.2726163339049997,0.2726163339049997,0.2726163339049997
FR--R,18.93861806410132,0.2726163339049996,0.2726163339049996,0.2726163339049996
FR--R,18.97506533312844,0.2726163339049995,0.2726163339049995,0.2726163339049995
FR--R,19.01197188219521,0.2726163339049996,0.2726163339049996,0.2726163339049996
FR--R,19.04819872113876,0.2726163339049995,0.2726163339049995,0.2726163339049995
FR--R,19.084632250131108,0.2726163339049996,0.2726163339049996,0.2726163339049996
FR--R,19.12061836814973,0.2726163339049996,0.2726163339049996,0.2726163339049996
FR--R,19.15640485711629,0.2726163339049995,0.2726163339049995,0.2726163339049995
FR--R,19.19304594612913,0.2726163339049995,0.2726163339049995,0.2726163339049995
FR--R,19.229529085103422,0.2726163339049995,0.2726163339049995,0.2726163339049995
FR--R,19.2660811941023,0.2726163339049995,0.2726163339049995,0.2726163339049995
FR--R,19.302286593068857,0.2726163339049997,0.2726163339049997,0.2726163339049997
FR--R,19.33844098204281,0.2726163339049995,0.2726163339049995,0.2726163339049995
FR--R,19.37488398095593,0.2726163339049997,0.2726163339049997,0.2726163339049997
FR--R,19.41083915991476,0.2726163339049997,0.2726163339049997,0.2726163339049997
FR--R,19.44661824888317,0.2726163339049997,0.2726163339049997,0.2726163339049997
FR--R,19.482919227913957,0.2726163339049997,0.2726163339049997,0.2726163339049997
FR--R,19.514394556870684,0.2726163339049997,0.2726163339049997,0.2726163339049997
FR--R,19.545871195790824,0.2726163339049997,0.2726163339049997,0.2726163339049997
FR--R,19.577627124788705,0.2726163339049997,0.2726163339049997,0.2726163339049997
FR--R,19.60949686373351,0.2726163339049996,0.2726163339049996,0.2726163339049996
FR--R,19.64169114275137,0.2726163339049996,0.2726163339049996,0.2726163339049996
FR--R,19.673366171773523,0.2726163339049996,0.2726163339049996,0.2726163339049996
FR--R,19.70569089084165,0.2726163339049997,0.2726163339049997,0.2726163339049997
FR--R,19.737920609884892,0.2726163339049997,0.2726163339049997,0.2726163339049997
FR--R,19.77065714885248,0.2726163339049997,0.2726163339049997,0.2726163339049997
FR--R,19.8025349478703,0.2726163339049997,0.2726163339049997,0.2726163339049997
FR--R,19.83519054687349,0.2726163339049997,0.2726163339049997,0.2726163339049997
FR--R,19.867083285877012,0.2726163339049997,0.2726163339049997,0.2726163339049997
FR--R,19.91058018495096,0.2726163339049997,0.2726163339049997,0.2726163339049997
FR--R,19.94620334391948,0.2726163339049997,0.2726163339049997,0.2726163339049997
FR--R,19.97808032296598,0.2726163339049996,0.2726163339049996,0.2726163339049996
FR--R,20.009638141898904,0.2726163339049997,0.2726163339049997,0.2726163339049997
FR--R,20.040836390748154,0.2726163339049997,0.2726163339049997,0.2726163339049997
FR--R,20.07244560966501,0.2726163339049996,0.2726163339049996,0.2726163339049996
FR--R,20.103659508633427,0.2726163339049997,0.2726163339049997,0.2726163339049997
FR--KL,0.0,0.6931471805579523,0.6931471805579523,0.6931471805579523
FR--KL,0.0314728189841844,5.116508378869751,5.116508378869751,5.116508378869751
FR--KL,0.0621435779612511,3.973907898996577,3.973907898996577,3.973907898996577
FR--KL,0.0921938169631175,3.5792702845362143,3.5792702845362143,3.5792702845362143
FR--KL,0.1222119859885424,0.8152938373503604,0.8152938373503604,0.8152938373503604
FR--KL,0.1555880050291307,1.1236131504089766,1.1236131504089766,1.1236131504089766
FR--KL,0.1878304440760985,0.3437421918211206,0.3437421918211206,0.3437421918211206
FR--KL,0.2200922230258584,0.2684265461815803,0.2684265461815803,0.2684265461815803
FR--KL,0.2534333819057792,0.2725405323816535,0.2725405323816535,0.2725405323816535
FR--KL,0.2850161509122699,0.2726107555667176,0.2726107555667176,0.2726107555667176
FR--KL,0.3170814698678441,0.2726158378269909,0.2726158378269909,0.2726158378269909
FR--KL,0.3502584089292213,0.2726162857817295,0.2726162857817295,0.2726162857817295
FR--KL,0.3831076580099761,0.2726163291218066,0.2726163291218066,0.2726163291218066
FR--KL,0.4149625269928947,0.272616333429064,0.272616333429064,0.272616333429064
FR--KL,0.449713805981446,0.2726163338579044,0.2726163338579044,0.2726163338579044
FR--KL,0.4866579049848951,0.2726163339003691,0.2726163339003691,0.2726163339003691
FR--KL,0.5210260839667171,0.2726163339045468,0.2726163339045468,0.2726163339045468
FR--KL,0.5523083730367944,0.2726163339049555,0.2726163339049555,0.2726163339049555
FR--KL,0.5832199219730683,0.2726163339049953,0.2726163339049953,0.2726163339049953
FR--KL,0.6139579509617761,0.2726163339049992,0.2726163339049992,0.2726163339049992
FR--KL,0.6451778199989349,0.2726163339049994,0.2726163339049994,0.2726163339049994
FR--KL,0.6863985090749338,0.2726163339049995,0.2726163339049995,0.2726163339049995
FR--KL,0.7218654981115833,0.2726163339049997,0.2726163339049997,0.2726163339049997
FR--KL,0.760964107059408,0.2726163339049995,0.2726163339049995,0.2726163339049995
FR--KL,0.799809715943411,0.2726163339049995,0.2726163339049995,0.2726163339049995
FR--KL,0.8342249148990959,0.2726163339049995,0.2726163339049995,0.2726163339049995
FR--KL,0.869216913881246,0.2726163339049996,0.2726163339049996,0.2726163339049996
FR--KL,0.9049308029352688,0.2726163339049995,0.2726163339049995,0.2726163339049995
FR--KL,0.9424025219050236,0.2726163339049995,0.2726163339049995,0.2726163339049995
FR--KL,0.9774460709886624,0.2726163339049996,0.2726163339049996,0.2726163339049996
FR--KL,1.01251924992539,0.2726163339049995,0.2726163339049995,0.2726163339049995
FR--KL,1.0501215790282004,0.2726163339049995,0.2726163339049995,0.2726163339049995
FR--KL,1.0861941080656834,0.2726163339049995,0.2726163339049995,0.2726163339049995
FR--KL,1.1191287870169615,0.2726163339049995,0.2726163339049995,0.2726163339049995
FR--KL,1.1521719761076383,0.2726163339049995,0.2726163339049995,0.2726163339049995
FR--KL,1.184609835210722,0.2726163339049994,0.2726163339049994,0.2726163339049994
FR--KL,1.2197368742199617,0.2726163339049996,0.2726163339049996,0.2726163339049996
FR--KL,1.257422473106999,0.2726163339049996,0.2726163339049996,0.2726163339049996
FR--KL,1.2946342421346344,0.2726163339049995,0.2726163339049995,0.2726163339049995
FR--KL,1.3315455300617032,0.2726163339049995,0.2726163339049995,0.2726163339049995
FR--KL,1.3627199990442025,0.2726163339049995,0.2726163339049995,0.2726163339049995
FR--KL,1.3939960480784066,0.2726163339049995,0.2726163339049995,0.2726163339049995
FR--KL,1.418948468111921,0.2726163339049995,0.2726163339049995,0.2726163339049995
FR--KL,1.4555293470039032,0.2726163339049996,0.2726163339049996,0.2726163339049996
FR--KL,1.489098505990114,0.2726163339049994,0.2726163339049994,0.2726163339049994
FR--KL,1.5227908850065432,0.2726163339049995,0.2726163339049995,0.2726163339049995
FR--KL,1.5613995840540156,0.2726163339049996,0.2726163339049996,0.2726163339049996
FR--KL,1.6203439520322718,0.2726163339049995,0.2726163339049995,0.2726163339049995
FR--KL,1.653426531003788,0.2726163339049996,0.2726163339049996,0.2726163339049996
FR--KL,1.6877813400351442,0.2726163339049997,0.2726163339049997,0.2726163339049997
FR--KL,1.7196663189679384,0.2726163339049995,0.2726163339049995,0.2726163339049995
FR--KL,1.7507253580261022,0.2726163339049995,0.2726163339049995,0.2726163339049995
FR--KL,1.7820217580301687,0.2726163339049995,0.2726163339049995,0.2726163339049995
FR--KL,1.8161022070562467,0.2726163339049995,0.2726163339049995,0.2726163339049995
FR--KL,1.8473279771278608,0.2726163339049996,0.2726163339049996,0.2726163339049996
FR--KL,1.869835426157806,0.2726163339049995,0.2726163339049995,0.2726163339049995
FR--KL,1.9004496951820329,0.2726163339049995,0.2726163339049995,0.2726163339049995
FR--KL,1.930842304194812,0.2726163339049995,0.2726163339049995,0.2726163339049995
FR--KL,1.96127131418325,0.2726163339049995,0.2726163339049995,0.2726163339049995
FR--KL,1.9914035932160916,0.2726163339049995,0.2726163339049995,0.2726163339049995
FR--KL,2.021483442222234,0.2726163339049994,0.2726163339049994,0.2726163339049994
FR--KL,2.052826931118034,0.2726163339049995,0.2726163339049995,0.2726163339049995
FR--KL,2.084054000210017,0.2726163339049995,0.2726163339049995,0.2726163339049995
FR--KL,2.1163222292088903,0.2726163339049994,0.2726163339049994,0.2726163339049994
FR--KL,2.146917508216575,0.2726163339049995,0.2726163339049995,0.2726163339049995
FR--KL,2.176938607241027,0.2726163339049995,0.2726163339049995,0.2726163339049995
FR--KL,2.215253276284784,0.2726163339049995,0.2726163339049995,0.2726163339049995
FR--KL,2.245173195318785,0.2726163339049996,0.2726163339049996,0.2726163339049996
FR--KL,2.2710164343588986,0.2726163339049995,0.2726163339049995,0.2726163339049995
FR--KL,2.3063449832843617,0.2726163339049995,0.2726163339049995,0.2726163339049995
FR--KL,2.3425746023422107,0.2726163339049995,0.2726163339049995,0.2726163339049995
FR--KL,2.3769630913739093,0.2726163339049995,0.2726163339049995,0.2726163339049995
FR--KL,2.4349723402410746,0.2726163339049996,0.2726163339049996,0.2726163339049996
FR--KL,2.4701600892585702,0.2726163339049995,0.2726163339049995,0.2726163339049995
FR--KL,2.525272647268139,0.2726163339049996,0.2726163339049996,0.2726163339049996
FR--KL,2.5749709563096985,0.2726163339049995,0.2726163339049995,0.2726163339049995
FR--KL,2.609194635297172,0.2726163339049995,0.2726163339049995,0.2726163339049995
FR--KL,2.641211964422837,0.2726163339049995,0.2726163339049995,0.2726163339049995
FR--KL,2.6726734234252945,0.2726163339049996,0.2726163339049996,0.2726163339049996
FR--KL,2.7107317524496466,0.2726163339049995,0.2726163339049995,0.2726163339049995
FR--KL,2.749731161340605,0.2726163339049997,0.2726163339049997,0.2726163339049997
FR--KL,2.785222820297349,0.2726163339049996,0.2726163339049996,0.2726163339049996
FR--KL,2.817024059244432,0.2726163339049996,0.2726163339049996,0.2726163339049996
FR--KL,2.84795213828329,0.2726163339049995,0.2726163339049995,0.2726163339049995
FR--KL,2.879363767337054,0.2726163339049995,0.2726163339049995,0.2726163339049995
FR--KL,2.911050626367796,0.2726163339049996,0.2726163339049996,0.2726163339049996
FR--KL,2.942637485335581,0.2726163339049997,0.2726163339049997,0.2726163339049997
FR--KL,2.9731144452816807,0.2726163339049995,0.2726163339049995,0.2726163339049995
FR--KL,3.004513874358963,0.2726163339049995,0.2726163339049995,0.2726163339049995
FR--KL,3.0350694734370336,0.2726163339049995,0.2726163339049995,0.2726163339049995
FR--KL,3.06555812235456,0.2726163339049995,0.2726163339049995,0.2726163339049995
FR--KL,3.0963451514253397,0.2726163339049995,0.2726163339049995,0.2726163339049995
FR--KL,3.1272695404477417,0.2726163339049997,0.2726163339049997,0.2726163339049997
FR--KL,3.158462329476606,0.2726163339049996,0.2726163339049996,0.2726163339049996
FR--KL,3.1891104884562083,0.2726163339049996,0.2726163339049996,0.2726163339049996
FR--KL,3.220203217410017,0.2726163339049995,0.2726163339049995,0.2726163339049995
FR--KL,3.250658386386931,0.2726163339049995,0.2726163339049995,0.2726163339049995
FR--KL,3.2817713254480623,0.2726163339049997,0.2726163339049997,0.2726163339049997
FR--KL,3.313541344425176,0.2726163339049995,0.2726163339049995,0.2726163339049995
FR--KL,3.344565913430415,0.2726163339049995,0.2726163339049995,0.2726163339049995
FR--KL,3.376154162338935,0.2726163339049996,0.2726163339049996,0.2726163339049996
FR--KL,3.4073481014347635,0.2726163339049996,0.2726163339049996,0.2726163339049996
FR--KL,3.439095580484718,0.2726163339049996,0.2726163339049996,0.2726163339049996
FR--KL,3.469885539554525,0.2726163339049995,0.2726163339049995,0.2726163339049995
FR--KL,3.507708288670983,0.2726163339049996,0.2726163339049996,0.2726163339049996
FR--KL,3.537402577640023,0.2726163339049995,0.2726163339049995,0.2726163339049995
FR--KL,3.5634924475452863,0.2726163339049995,0.2726163339049995,0.2726163339049995
FR--KL,3.5953424065955915,0.2726163339049995,0.2726163339049995,0.2726163339049995
FR--KL,3.627017205522861,0.2726163339049996,0.2726163339049996,0.2726163339049996
FR--KL,3.65885927551426,0.2726163339049996,0.2726163339049996,0.2726163339049996
FR--KL,3.692111124517396,0.2726163339049996,0.2726163339049996,0.2726163339049996
FR--KL,3.7253510435693897,0.2726163339049996,0.2726163339049996,0.2726163339049996
FR--KL,3.753333372587804,0.2726163339049995,0.2726163339049995,0.2726163339049995
FR--KL,3.784662681689952,0.2726163339049995,0.2726163339049995,0.2726163339049995
FR--KL,3.817455740645528,0.2726163339049995,0.2726163339049995,0.2726163339049995
FR--KL,3.849429989582859,0.2726163339049995,0.2726163339049995,0.2726163339049995
FR--KL,3.881358758546412,0.2726163339049996,0.2726163339049996,0.2726163339049996
FR--KL,3.915368857502472,0.2726163339049995,0.2726163339049995,0.2726163339049995
FR--KL,3.9475913764326833,0.2726163339049995,0.2726163339049995,0.2726163339049995
FR--KL,3.983279905398376,0.2726163339049995,0.2726163339049995,0.2726163339049995
FR--KL,4.019381354330108,0.2726163339049995,0.2726163339049995,0.2726163339049995
FR--KL,4.055173043336254,0.2726163339049996,0.2726163339049996,0.2726163339049996
FR--KL,4.089876712358091,0.2726163339049995,0.2726163339049995,0.2726163339049995
FR--KL,4.123394281370565,0.2726163339049996,0.2726163339049996,0.2726163339049996
FR--KL,4.166798040445428,0.2726163339049996,0.2726163339049996,0.2726163339049996
FR--KL,4.206583639490418,0.2726163339049996,0.2726163339049996,0.2726163339049996
FR--KL,4.24375610856805,0.2726163339049995,0.2726163339049995,0.2726163339049995
FR--KL,4.275634777615778,0.2726163339049996,0.2726163339049996,0.2726163339049996
FR--KL,4.307159276679158,0.2726163339049995,0.2726163339049995,0.2726163339049995
FR--KL,4.333183545677457,0.2726163339049995,0.2726163339049995,0.2726163339049995
FR--KL,4.365663494623732,0.2726163339049995,0.2726163339049995,0.2726163339049995
FR--KL,4.397606663638726,0.2726163339049995,0.2726163339049995,0.2726163339049995
FR--KL,4.430532512662467,0.2726163339049995,0.2726163339049995,0.2726163339049995
FR--KL,4.4654927215888165,0.2726163339049996,0.2726163339049996,0.2726163339049996
FR--KL,4.500485460506752,0.2726163339049995,0.2726163339049995,0.2726163339049995
FR--KL,4.538044359534979,0.2726163339049996,0.2726163339049996,0.2726163339049996
FR--KL,4.573448808514513,0.2726163339049996,0.2726163339049996,0.2726163339049996
FR--KL,4.604385877493769,0.2726163339049996,0.2726163339049996,0.2726163339049996
FR--KL,4.634702486509923,0.2726163339049996,0.2726163339049996,0.2726163339049996
FR--KL,4.68325602443656,0.2726163339049996,0.2726163339049996,0.2726163339049996
FR--KL,4.716000343381893,0.2726163339049995,0.2726163339049995,0.2726163339049995
FR--KL,4.745754432340618,0.2726163339049997,0.2726163339049997,0.2726163339049997
FR--KL,4.775658661266789,0.2726163339049995,0.2726163339049995,0.2726163339049995
FR--KL,4.811831880244426,0.2726163339049995,0.2726163339049995,0.2726163339049995
FR--KL,4.845265889249276,0.2726163339049995,0.2726163339049995,0.2726163339049995
FR--KL,4.880204007145949,0.2726163339049996,0.2726163339049996,0.2726163339049996
FR--KL,4.916717876272742,0.2726163339049994,0.2726163339049994,0.2726163339049994
FR--KL,4.950010536180344,0.2726163339049995,0.2726163339049995,0.2726163339049995
FR--KL,4.980846335180104,0.2726163339049996,0.2726163339049996,0.2726163339049996
FR--KL,5.011828154150862,0.2726163339049996,0.2726163339049996,0.2726163339049996
FR--KL,5.043243613210507,0.2726163339049996,0.2726163339049996,0.2726163339049996
FR--KL,5.075988922268152,0.2726163339049996,0.2726163339049996,0.2726163339049996
FR--KL,5.106726211204659,0.2726163339049995,0.2726163339049995,0.2726163339049995
FR--KL,5.1390669802203774,0.2726163339049997,0.2726163339049997,0.2726163339049997
FR--KL,5.1628303292091005,0.2726163339049995,0.2726163339049995,0.2726163339049995
FR--KL,5.193913528230041,0.2726163339049996,0.2726163339049996,0.2726163339049996
FR--KL,5.224358877225313,0.2726163339049996,0.2726163339049996,0.2726163339049996
FR--KL,5.255328016181011,0.2726163339049995,0.2726163339049995,0.2726163339049995
FR--KL,5.286483965173829,0.2726163339049996,0.2726163339049996,0.2726163339049996
FR--KL,5.317815004149452,0.2726163339049995,0.2726163339049995,0.2726163339049995
FR--KL,5.349305243114941,0.2726163339049996,0.2726163339049996,0.2726163339049996
FR--KL,5.380332712084055,0.2726163339049995,0.2726163339049995,0.2726163339049995
FR--KL,5.410726941074245,0.2726163339049996,0.2726163339049996,0.2726163339049996
FR--KL,5.441003890067805,0.2726163339049995,0.2726163339049995,0.2726163339049995
FR--KL,5.471790359064471,0.2726163339049995,0.2726163339049995,0.2726163339049995
FR--KL,5.5021011080243625,0.2726163339049996,0.2726163339049996,0.2726163339049996
FR--KL,5.532539708074182,0.2726163339049996,0.2726163339049996,0.2726163339049996
FR--KL,5.565499697171617,0.2726163339049996,0.2726163339049996,0.2726163339049996
FR--KL,5.597917846229393,0.2726163339049995,0.2726163339049995,0.2726163339049995
FR--KL,5.62484558619326,0.2726163339049996,0.2726163339049996,0.2726163339049996
FR--KL,5.66370786522748,0.2726163339049995,0.2726163339049995,0.2726163339049995
FR--KL,5.70105406420771,0.2726163339049995,0.2726163339049995,0.2726163339049995
FR--KL,5.735955273150466,0.2726163339049995,0.2726163339049995,0.2726163339049995
FR--KL,5.76841616211459,0.2726163339049997,0.2726163339049997,0.2726163339049997
FR--KL,5.804601901152637,0.2726163339049996,0.2726163339049996,0.2726163339049996
FR--KL,5.844394410203677,0.2726163339049995,0.2726163339049995,0.2726163339049995
FR--KL,5.875806459109299,0.2726163339049995,0.2726163339049995,0.2726163339049995
FR--KL,5.907390978129115,0.2726163339049995,0.2726163339049995,0.2726163339049995
FR--KL,5.938301787013188,0.2726163339049995,0.2726163339049995,0.2726163339049995
FR--KL,5.970285466057248,0.2726163339049996,0.2726163339049996,0.2726163339049996
FR--KL,6.002667894994374,0.2726163339049995,0.2726163339049995,0.2726163339049995
FR--KL,6.035342694027349,0.2726163339049996,0.2726163339049996,0.2726163339049996
FR--KL,6.066905463056173,0.2726163339049995,0.2726163339049995,0.2726163339049995
FR--KL,6.098566212051082,0.2726163339049995,0.2726163339049995,0.2726163339049995
FR--KL,6.138422219955828,0.2726163339049995,0.2726163339049995,0.2726163339049995
FR--KL,6.172647158964537,0.2726163339049995,0.2726163339049995,0.2726163339049995
FR--KL,6.205650337971747,0.2726163339049995,0.2726163339049995,0.2726163339049995
FR--KL,6.238347856909968,0.2726163339049995,0.2726163339049995,0.2726163339049995
FR--KL,6.270459015911911,0.2726163339049995,0.2726163339049995,0.2726163339049995
FR--KL,6.301857375947293,0.2726163339049995,0.2726163339049995,0.2726163339049995
FR--KL,6.332584094896447,0.2726163339049995,0.2726163339049995,0.2726163339049995
FR--KL,6.365273013885599,0.2726163339049996,0.2726163339049996,0.2726163339049996
FR--KL,6.396778793889098,0.2726163339049995,0.2726163339049995,0.2726163339049995
FR--KL,6.429277932969853,0.2726163339049995,0.2726163339049995,0.2726163339049995
FR--KL,6.463507372012828,0.2726163339049995,0.2726163339049995,0.2726163339049995
FR--KL,6.494709260936361,0.2726163339049996,0.2726163339049996,0.2726163339049996
FR--KL,6.526259259902872,0.2726163339049995,0.2726163339049995,0.2726163339049995
FR--KL,6.557156538881827,0.2726163339049996,0.2726163339049996,0.2726163339049996
FR--KL,6.588981957931537,0.2726163339049996,0.2726163339049996,0.2726163339049996
FR--KL,6.619431776809506,0.2726163339049995,0.2726163339049995,0.2726163339049995
FR--KL,6.658860205847304,0.2726163339049996,0.2726163339049996,0.2726163339049996
FR--KL,6.691543614782859,0.2726163339049995,0.2726163339049995,0.2726163339049995
FR--KL,6.726798833697103,0.2726163339049996,0.2726163339049996,0.2726163339049996
FR--KL,6.764183122606482,0.2726163339049995,0.2726163339049995,0.2726163339049995
FR--KL,6.804677121632267,0.2726163339049995,0.2726163339049995,0.2726163339049995
FR--KL,6.83942234062124,0.2726163339049995,0.2726163339049995,0.2726163339049995
FR--KL,6.870681129570585,0.2726163339049996,0.2726163339049996,0.2726163339049996
FR--KL,6.90223243861692,0.2726163339049995,0.2726163339049995,0.2726163339049995
FR--KL,6.933282887563109,0.2726163339049995,0.2726163339049995,0.2726163339049995
FR--KL,6.964625776512548,0.2726163339049996,0.2726163339049996,0.2726163339049996
FR--KL,6.99543695547618,0.2726163339049996,0.2726163339049996,0.2726163339049996
FR--KL,7.026511834410485,0.2726163339049994,0.2726163339049994,0.2726163339049994
FR--KL,7.057117683347315,0.2726163339049997,0.2726163339049997,0.2726163339049997
FR--KL,7.089003992383368,0.2726163339049995,0.2726163339049995,0.2726163339049995
FR--KL,7.123008091410156,0.2726163339049995,0.2726163339049995,0.2726163339049995
FR--KL,7.154943970381282,0.2726163339049996,0.2726163339049996,0.2726163339049996
FR--KL,7.186424489424098,0.2726163339049995,0.2726163339049995,0.2726163339049995
FR--KL,7.218650788476225,0.2726163339049995,0.2726163339049995,0.2726163339049995
FR--KL,7.250511137477588,0.2726163339049996,0.2726163339049996,0.2726163339049996
FR--KL,7.282940466480795,0.2726163339049995,0.2726163339049995,0.2726163339049995
FR--KL,7.313634595426265,0.2726163339049995,0.2726163339049995,0.2726163339049995
FR--KL,7.345611054333858,0.2726163339049995,0.2726163339049995,0.2726163339049995
FR--KL,7.380340573377907,0.2726163339049995,0.2726163339049995,0.2726163339049995
FR--KL,7.415884362417273,0.2726163339049995,0.2726163339049995,0.2726163339049995
FR--KL,7.456833291449584,0.2726163339049995,0.2726163339049995,0.2726163339049995
FR--KL,7.500650949368719,0.2726163339049995,0.2726163339049995,0.2726163339049995
FR--KL,7.5325490683317184,0.2726163339049995,0.2726163339049995,0.2726163339049995
FR--KL,7.563598507316783,0.2726163339049995,0.2726163339049995,0.2726163339049995
FR--KL,7.594448856310919,0.2726163339049995,0.2726163339049995,0.2726163339049995
FR--KL,7.626511725306045,0.2726163339049996,0.2726163339049996,0.2726163339049996
FR--KL,7.6689403433701955,0.2726163339049997,0.2726163339049997,0.2726163339049997
FR--KL,7.706030592380557,0.2726163339049995,0.2726163339049995,0.2726163339049995
FR--KL,7.737696921394672,0.2726163339049996,0.2726163339049996,0.2726163339049996
FR--KL,7.769013930403162,0.2726163339049995,0.2726163339049995,0.2726163339049995
FR--KL,7.799444829463027,0.2726163339049996,0.2726163339049996,0.2726163339049996
FR--KL,7.829729289398529,0.2726163339049996,0.2726163339049996,0.2726163339049996
FR--KL,7.860859668289777,0.2726163339049996,0.2726163339049996,0.2726163339049996
FR--KL,7.885268387326505,0.2726163339049995,0.2726163339049995,0.2726163339049995
FR--KL,7.917003236419987,0.2726163339049996,0.2726163339049996,0.2726163339049996
FR--KL,7.947638505487703,0.2726163339049995,0.2726163339049995,0.2726163339049995
FR--KL,7.978029554535169,0.2726163339049995,0.2726163339049995,0.2726163339049995
FR--KL,8.008191173546948,0.2726163339049996,0.2726163339049996,0.2726163339049996
FR--KL,8.038028242590372,0.2726163339049995,0.2726163339049995,0.2726163339049995
FR--KL,8.068199641536921,0.2726163339049996,0.2726163339049996,0.2726163339049996
FR--KL,8.0990282605635,0.2726163339049995,0.2726163339049995,0.2726163339049995
FR--KL,8.123549990472384,0.2726163339049997,0.2726163339049997,0.2726163339049997
FR--KL,8.153730349440593,0.2726163339049995,0.2726163339049995,0.2726163339049995
FR--KL,8.184019208420068,0.2726163339049996,0.2726163339049996,0.2726163339049996
FR--KL,8.21430584747577,0.2726163339049996,0.2726163339049996,0.2726163339049996
FR--KL,8.245071226439904,0.2726163339049995,0.2726163339049995,0.2726163339049995
FR--KL,8.276535185519606,0.2726163339049996,0.2726163339049996,0.2726163339049996
FR--KL,8.30828122451203,0.2726163339049995,0.2726163339049995,0.2726163339049995
FR--KL,8.338770993577782,0.2726163339049995,0.2726163339049995,0.2726163339049995
FR--KL,8.374305742559955,0.2726163339049995,0.2726163339049995,0.2726163339049995
FR--KL,8.410591581545305,0.2726163339049997,0.2726163339049997,0.2726163339049997
FR--KL,8.445442180498503,0.2726163339049996,0.2726163339049996,0.2726163339049996
FR--KL,8.499314228480216,0.2726163339049995,0.2726163339049995,0.2726163339049995
FR--KL,8.535127857583575,0.2726163339049995,0.2726163339049995,0.2726163339049995
FR--KL,8.572267026582267,0.2726163339049996,0.2726163339049996,0.2726163339049996
FR--KL,8.603308515565004,0.2726163339049995,0.2726163339049995,0.2726163339049995
FR--KL,8.640332514536567,0.2726163339049996,0.2726163339049996,0.2726163339049996
FR--KL,8.677500383462757,0.2726163339049995,0.2726163339049995,0.2726163339049995
FR--KL,8.710106662416365,0.2726163339049995,0.2726163339049995,0.2726163339049995
FR--KL,8.742317941447254,0.2726163339049996,0.2726163339049996,0.2726163339049996
FR--KL,8.77271170046879,0.2726163339049995,0.2726163339049995,0.2726163339049995
FR--KL,8.802836569375359,0.2726163339049997,0.2726163339049997,0.2726163339049997
FR--KL,8.841000238491688,0.2726163339049995,0.2726163339049995,0.2726163339049995
FR--KL,8.874966477567796,0.2726163339049996,0.2726163339049996,0.2726163339049996
FR--KL,8.907539416570216,0.2726163339049995,0.2726163339049995,0.2726163339049995
FR--KL,8.942881575552747,0.2726163339049995,0.2726163339049995,0.2726163339049995
FR--KL,8.978066094627138,0.2726163339049996,0.2726163339049996,0.2726163339049996
FR--KL,9.01343809365062,0.2726163339049995,0.2726163339049995,0.2726163339049995
FR--KL,9.048835432622582,0.2726163339049996,0.2726163339049996,0.2726163339049996
FR--KL,9.08441627159482,0.2726163339049996,0.2726163339049996,0.2726163339049996
FR--KL,9.11745610059006,0.2726163339049995,0.2726163339049995,0.2726163339049995
FR--KL,9.15282169956481,0.2726163339049997,0.2726163339049997,0.2726163339049997
FR--KL,9.189658838673497,0.2726163339049995,0.2726163339049995,0.2726163339049995
FR--KL,9.227068837732077,0.2726163339049995,0.2726163339049995,0.2726163339049995
FR--KL,9.259597776806912,0.2726163339049995,0.2726163339049995,0.2726163339049995
FR--KL,9.290522125782443,0.2726163339049996,0.2726163339049996,0.2726163339049996
FR--KL,9.323445924790576,0.2726163339049995,0.2726163339049995,0.2726163339049995
FR--KL,9.357856353744864,0.2726163339049996,0.2726163339049996,0.2726163339049996
FR--KL,9.39435074274661,0.2726163339049996,0.2726163339049996,0.2726163339049996
FR--KL,9.430434331763536,0.2726163339049995,0.2726163339049995,0.2726163339049995
FR--KL,9.466261210676748,0.2726163339049995,0.2726163339049995,0.2726163339049995
FR--KL,9.500576249673031,0.2726163339049997,0.2726163339049997,0.2726163339049997
FR--KL,9.538417698640842,0.2726163339049996,0.2726163339049996,0.2726163339049996
FR--KL,9.570787547563668,0.2726163339049995,0.2726163339049995,0.2726163339049995
FR--KL,9.60129195638001,0.2726163339049996,0.2726163339049996,0.2726163339049996
FR--KL,9.631491215375718,0.2726163339049995,0.2726163339049995,0.2726163339049995
FR--KL,9.661723234399687,0.2726163339049995,0.2726163339049995,0.2726163339049995
FR--KL,9.693278863327578,0.2726163339049995,0.2726163339049995,0.2726163339049995
FR--KL,9.724617482337637,0.2726163339049995,0.2726163339049995,0.2726163339049995
FR--KL,9.75504424131941,0.2726163339049996,0.2726163339049996,0.2726163339049996
FR--KL,9.786440060241148,0.2726163339049995,0.2726163339049995,0.2726163339049995
FR--KL,9.81832319922978,0.2726163339049996,0.2726163339049996,0.2726163339049996
FR--KL,9.84873967821477,0.2726163339049995,0.2726163339049995,0.2726163339049995
FR--KL,9.88020275713643,0.2726163339049996,0.2726163339049996,0.2726163339049996
FR--KL,9.911467916099356,0.2726163339049995,0.2726163339049995,0.2726163339049995
FR--KL,9.942706115019972,0.2726163339049995,0.2726163339049995,0.2726163339049995
FR--KL,9.97453783400124,0.2726163339049995,0.2726163339049995,0.2726163339049995
FR--KL,10.001562183024362,0.2726163339049996,0.2726163339049996,0.2726163339049996
FR--KL,10.033089883101638,0.2726163339049996,0.2726163339049996,0.2726163339049996
FR--KL,10.065223062061705,0.2726163339049995,0.2726163339049995,0.2726163339049995
FR--KL,10.096704701136332,0.2726163339049997,0.2726163339049997,0.2726163339049997
FR--KL,10.127501390175894,0.2726163339049996,0.2726163339049996,0.2726163339049996
FR--KL,10.158219669188838,0.2726163339049997,0.2726163339049997,0.2726163339049997
FR--KL,10.189887538261246,0.2726163339049996,0.2726163339049996,0.2726163339049996
FR--KL,10.224006787175313,0.2726163339049995,0.2726163339049995,0.2726163339049995
FR--KL,10.258373676100746,0.2726163339049995,0.2726163339049995,0.2726163339049995
FR--KL,10.294427005050238,0.2726163339049996,0.2726163339049996,0.2726163339049996
FR--KL,10.325384604104327,0.2726163339049995,0.2726163339049995,0.2726163339049995
FR--KL,10.35637006314937,0.2726163339049997,0.2726163339049997,0.2726163339049997
FR--KL,10.388295882148668,0.2726163339049995,0.2726163339049995,0.2726163339049995
FR--KL,10.43002307106508,0.2726163339049996,0.2726163339049996,0.2726163339049996
FR--KL,10.461262820055708,0.2726163339049995,0.2726163339049995,0.2726163339049995
FR--KL,10.49174445902463,0.2726163339049996,0.2726163339049996,0.2726163339049996
FR--KL,10.522581789002288,0.2726163339049995,0.2726163339049995,0.2726163339049995
FR--KL,10.553371887945104,0.2726163339049996,0.2726163339049996,0.2726163339049996
FR--KL,10.585053946997505,0.2726163339049995,0.2726163339049995,0.2726163339049995
FR--KL,10.612125555926468,0.2726163339049995,0.2726163339049995,0.2726163339049995
FR--KL,10.647337544942276,0.2726163339049995,0.2726163339049995,0.2726163339049995
FR--KL,10.679812863876576,0.2726163339049996,0.2726163339049996,0.2726163339049996
FR--KL,10.713186812819911,0.2726163339049996,0.2726163339049996,0.2726163339049996
FR--KL,10.746257361839524,0.2726163339049996,0.2726163339049996,0.2726163339049996
FR--KL,10.78078530082712,0.2726163339049995,0.2726163339049995,0.2726163339049995
FR--KL,10.813208709820174,0.2726163339049996,0.2726163339049996,0.2726163339049996
FR--KL,10.846619528892916,0.2726163339049996,0.2726163339049996,0.2726163339049996
FR--KL,10.878729487827512,0.2726163339049995,0.2726163339049995,0.2726163339049995
FR--KL,10.91180844680639,0.2726163339049995,0.2726163339049995,0.2726163339049995
FR--KL,10.94801045471104,0.2726163339049995,0.2726163339049995,0.2726163339049995
FR--KL,10.986442083667498,0.2726163339049996,0.2726163339049996,0.2726163339049996
FR--KL,11.023852772719692,0.2726163339049995,0.2726163339049995,0.2726163339049995
FR--KL,11.054928321857004,0.2726163339049995,0.2726163339049995,0.2726163339049995
FR--KL,11.086207770858891,0.2726163339049995,0.2726163339049995,0.2726163339049995
FR--KL,11.111247939872555,0.2726163339049996,0.2726163339049996,0.2726163339049996
FR--KL,11.149441998859402,0.2726163339049997,0.2726163339049997,0.2726163339049997
FR--KL,11.183948227844668,0.2726163339049996,0.2726163339049996,0.2726163339049996
FR--KL,11.216324186883869,0.2726163339049996,0.2726163339049996,0.2726163339049996
FR--KL,11.252503804920709,0.2726163339049996,0.2726163339049996,0.2726163339049996
FR--KL,11.287883643934038,0.2726163339049995,0.2726163339049995,0.2726163339049995
FR--KL,11.323463252920192,0.2726163339049995,0.2726163339049995,0.2726163339049995
FR--KL,11.359951601945795,0.2726163339049996,0.2726163339049996,0.2726163339049996
FR--KL,11.395891481020954,0.2726163339049996,0.2726163339049996,0.2726163339049996
FR--KL,11.442396939033642,0.2726163339049997,0.2726163339049997,0.2726163339049997
FR--KL,11.483980028133374,0.2726163339049995,0.2726163339049995,0.2726163339049995
FR--KL,11.52198715711711,0.2726163339049996,0.2726163339049996,0.2726163339049996
FR--KL,11.564887595188338,0.2726163339049995,0.2726163339049995,0.2726163339049995
FR--KL,11.59633897425374,0.2726163339049996,0.2726163339049996,0.2726163339049996
FR--KL,11.6300458132755,0.2726163339049996,0.2726163339049996,0.2726163339049996
FR--KL,11.66285877226619,0.2726163339049996,0.2726163339049996,0.2726163339049996
FR--KL,11.69593368115602,0.2726163339049995,0.2726163339049995,0.2726163339049995
FR--KL,11.7276601800113,0.2726163339049995,0.2726163339049995,0.2726163339049995
FR--KL,11.758771579072343,0.2726163339049995,0.2726163339049995,0.2726163339049995
FR--KL,11.790237548062578,0.2726163339049995,0.2726163339049995,0.2726163339049995
FR--KL,11.82113823707914,0.2726163339049995,0.2726163339049995,0.2726163339049995
FR--KL,11.851564366137609,0.2726163339049996,0.2726163339049996,0.2726163339049996
FR--KL,11.881802445102949,0.2726163339049994,0.2726163339049994,0.2726163339049994
FR--KL,11.908001234056428,0.2726163339049995,0.2726163339049995,0.2726163339049995
FR--KL,11.940117603051476,0.2726163339049995,0.2726163339049995,0.2726163339049995
FR--KL,11.972524852026254,0.2726163339049995,0.2726163339049995,0.2726163339049995
FR--KL,12.003903431002982,0.2726163339049996,0.2726163339049996,0.2726163339049996
FR--KL,12.034770819998812,0.2726163339049995,0.2726163339049995,0.2726163339049995
FR--KL,12.066282458952628,0.2726163339049995,0.2726163339049995,0.2726163339049995
FR--KL,12.097328938019928,0.2726163339049995,0.2726163339049995,0.2726163339049995
FR--KL,12.127594186924398,0.2726163339049996,0.2726163339049996,0.2726163339049996
FR--KL,12.16050788591383,0.2726163339049996,0.2726163339049996,0.2726163339049996
FR--KL,12.194195214950014,0.2726163339049995,0.2726163339049995,0.2726163339049995
FR--KL,12.226002073963173,0.2726163339049996,0.2726163339049996,0.2726163339049996
FR--KL,12.257139423047192,0.2726163339049996,0.2726163339049996,0.2726163339049996
FR--KL,12.28781254205387,0.2726163339049996,0.2726163339049996,0.2726163339049996
FR--KL,12.361519000085536,0.2726163339049995,0.2726163339049995,0.2726163339049995
FR--KL,12.391672279045451,0.2726163339049995,0.2726163339049995,0.2726163339049995
FR--KL,12.42209264804842,0.2726163339049996,0.2726163339049996,0.2726163339049996
FR--KL,12.453675777069291,0.2726163339049995,0.2726163339049995,0.2726163339049995
FR--KL,12.483811386046,0.2726163339049995,0.2726163339049995,0.2726163339049995
FR--KL,12.512489355169237,0.2726163339049996,0.2726163339049996,0.2726163339049996
FR--KL,12.546257904206868,0.2726163339049995,0.2726163339049995,0.2726163339049995
FR--KL,12.57973069313448,0.2726163339049995,0.2726163339049995,0.2726163339049995
FR--KL,12.613535872136708,0.2726163339049995,0.2726163339049995,0.2726163339049995
FR--KL,12.648613321129233,0.2726163339049996,0.2726163339049996,0.2726163339049996
FR--KL,12.682427370164078,0.2726163339049996,0.2726163339049996,0.2726163339049996
FR--KL,12.715908249141648,0.2726163339049996,0.2726163339049996,0.2726163339049996
FR--KL,12.74695688812062,0.2726163339049996,0.2726163339049996,0.2726163339049996
FR--KL,12.78096227714559,0.2726163339049995,0.2726163339049995,0.2726163339049995
FR--KL,12.816218176099936,0.2726163339049997,0.2726163339049997,0.2726163339049997
FR--KL,12.854385235055815,0.2726163339049996,0.2726163339049996,0.2726163339049996
FR--KL,12.893155354075134,0.2726163339049996,0.2726163339049996,0.2726163339049996
FR--KL,12.928481193026528,0.2726163339049995,0.2726163339049995,0.2726163339049995
FR--KL,12.961857062065974,0.2726163339049995,0.2726163339049995,0.2726163339049995
FR--KL,12.993519231036773,0.2726163339049995,0.2726163339049995,0.2726163339049995
FR--KL,13.027931370015722,0.2726163339049997,0.2726163339049997,0.2726163339049997
FR--KL,13.066796319035348,0.2726163339049997,0.2726163339049997,0.2726163339049997
FR--KL,13.10238002805272,0.2726163339049995,0.2726163339049995,0.2726163339049995
FR--KL,13.15506817708956,0.2726163339049995,0.2726163339049995,0.2726163339049995
FR--KL,13.21939005504828,0.2726163339049995,0.2726163339049995,0.2726163339049995
FR--KL,13.251502514001912,0.2726163339049995,0.2726163339049995,0.2726163339049995
FR--KL,13.287941112939734,0.2726163339049995,0.2726163339049995,0.2726163339049995
FR--KL,13.327694910927676,0.2726163339049995,0.2726163339049995,0.2726163339049995
FR--KL,13.368421229999512,0.2726163339049995,0.2726163339049995,0.2726163339049995
FR--KL,13.399508018919732,0.2726163339049995,0.2726163339049995,0.2726163339049995
FR--KL,13.430342987878248,0.2726163339049995,0.2726163339049995,0.2726163339049995
FR--KL,13.46083039790392,0.2726163339049995,0.2726163339049995,0.2726163339049995
FR--KL,13.491148436965888,0.2726163339049995,0.2726163339049995,0.2726163339049995
FR--KL,13.521226076059977,0.2726163339049995,0.2726163339049995,0.2726163339049995
FR--KL,13.5532135150861,0.2726163339049995,0.2726163339049995,0.2726163339049995
FR--KL,13.583654864050914,0.2726163339049996,0.2726163339049996,0.2726163339049996
FR--KL,13.614919883140828,0.2726163339049996,0.2726163339049996,0.2726163339049996
FR--KL,13.645625792152714,0.2726163339049995,0.2726163339049995,0.2726163339049995
FR--KL,13.676109911117235,0.2726163339049995,0.2726163339049995,0.2726163339049995
FR--KL,13.714637600060088,0.2726163339049995,0.2726163339049995,0.2726163339049995
FR--KL,13.760586869029794,0.2726163339049996,0.2726163339049996,0.2726163339049996
FR--KL,13.79195821803296,0.2726163339049996,0.2726163339049996,0.2726163339049996
FR--KL,13.824971407069825,0.2726163339049996,0.2726163339049996,0.2726163339049996
FR--KL,13.856213796010708,0.2726163339049995,0.2726163339049995,0.2726163339049995
FR--KL,13.884865285013802,0.2726163339049995,0.2726163339049995,0.2726163339049995
FR--KL,13.915132644004188,0.2726163339049996,0.2726163339049996,0.2726163339049996
FR--KL,13.945078422955705,0.2726163339049996,0.2726163339049996,0.2726163339049996
FR--KL,13.969709001947194,0.2726163339049996,0.2726163339049996,0.2726163339049996
FR--KL,14.000920480932107,0.2726163339049995,0.2726163339049995,0.2726163339049995
FR--KL,14.032227689982392,0.2726163339049995,0.2726163339049995,0.2726163339049995
FR--KL,14.063645358895885,0.2726163339049995,0.2726163339049995,0.2726163339049995
FR--KL,14.0937837579404,0.2726163339049995,0.2726163339049995,0.2726163339049995
FR--KL,14.129905246954875,0.2726163339049995,0.2726163339049995,0.2726163339049995
FR--KL,14.16872670588782,0.2726163339049996,0.2726163339049996,0.2726163339049996
FR--KL,14.203198544855695,0.2726163339049994,0.2726163339049994,0.2726163339049994
FR--KL,14.23759618389886,0.2726163339049995,0.2726163339049995,0.2726163339049995
FR--KL,14.26778178283712,0.2726163339049995,0.2726163339049995,0.2726163339049995
FR--KL,14.298293361905962,0.2726163339049996,0.2726163339049996,0.2726163339049996
FR--KL,14.328503140888644,0.2726163339049996,0.2726163339049996,0.2726163339049996
FR--KL,14.358663930906914,0.2726163339049995,0.2726163339049995,0.2726163339049995
FR--KL,14.389996769838037,0.2726163339049996,0.2726163339049996,0.2726163339049996
FR--KL,14.420439318811988,0.2726163339049996,0.2726163339049996,0.2726163339049996
FR--KL,14.45080219884403,0.2726163339049996,0.2726163339049996,0.2726163339049996
FR--KL,14.489022597845178,0.2726163339049995,0.2726163339049995,0.2726163339049995
FR--KL,14.5268895268091,0.2726163339049995,0.2726163339049995,0.2726163339049995
FR--KL,14.55417878588196,0.2726163339049995,0.2726163339049995,0.2726163339049995
FR--KL,14.58547742490191,0.2726163339049995,0.2726163339049995,0.2726163339049995
FR--KL,14.631741522927769,0.2726163339049996,0.2726163339049996,0.2726163339049996
FR--KL,14.668499840947334,0.2726163339049997,0.2726163339049997,0.2726163339049997
FR--KL,14.709088289819192,0.2726163339049995,0.2726163339049995,0.2726163339049995
FR--KL,14.749723468732554,0.2726163339049995,0.2726163339049995,0.2726163339049995
FR--KL,14.785822476726024,0.2726163339049994,0.2726163339049994,0.2726163339049994
FR--KL,14.820196875778493,0.2726163339049995,0.2726163339049995,0.2726163339049995
FR--KL,14.85297845484456,0.2726163339049996,0.2726163339049996,0.2726163339049996
FR--KL,14.884207863826305,0.2726163339049995,0.2726163339049995,0.2726163339049995
FR--KL,14.93167172180256,0.2726163339049995,0.2726163339049995,0.2726163339049995
FR--KL,14.966089780733457,0.2726163339049995,0.2726163339049995,0.2726163339049995
FR--KL,15.004174508736469,0.2726163339049996,0.2726163339049996,0.2726163339049996
FR--KL,15.035621787712444,0.2726163339049995,0.2726163339049995,0.2726163339049995
FR--KL,15.066981776733885,0.2726163339049996,0.2726163339049996,0.2726163339049996
FR--KL,15.097557135741226,0.2726163339049995,0.2726163339049995,0.2726163339049995
FR--KL,15.12654460471822,0.2726163339049995,0.2726163339049995,0.2726163339049995
FR--KL,15.157352803682445,0.2726163339049995,0.2726163339049995,0.2726163339049995
FR--KL,15.189291822782252,0.2726163339049995,0.2726163339049995,0.2726163339049995
FR--KL,15.221551601716785,0.2726163339049996,0.2726163339049996,0.2726163339049996
FR--KL,15.256956810771952,0.2726163339049997,0.2726163339049997,0.2726163339049997
FR--KL,15.288998109754177,0.2726163339049995,0.2726163339049995,0.2726163339049995
FR--KL,15.320499628665855,0.2726163339049995,0.2726163339049995,0.2726163339049995
FR--KL,15.351372157689184,0.2726163339049996,0.2726163339049996,0.2726163339049996
FR--KL,15.3832845367142,0.2726163339049996,0.2726163339049996,0.2726163339049996
FR--KL,15.414618895738386,0.2726163339049995,0.2726163339049995,0.2726163339049995
FR--KL,15.448277714720462,0.2726163339049995,0.2726163339049995,0.2726163339049995
FR--KL,15.480223653721623,0.2726163339049996,0.2726163339049996,0.2726163339049996
FR--KL,15.51078049268108,0.2726163339049995,0.2726163339049995,0.2726163339049995
FR--KL,15.542028711701278,0.2726163339049995,0.2726163339049995,0.2726163339049995
FR--KL,15.57218356069643,0.2726163339049996,0.2726163339049996,0.2726163339049996
FR--KL,15.602399429713842,0.2726163339049995,0.2726163339049995,0.2726163339049995
FR--KL,15.64178304874804,0.2726163339049996,0.2726163339049996,0.2726163339049996
FR--KL,15.674413727712816,0.2726163339049995,0.2726163339049995,0.2726163339049995
FR--KL,15.71069359674584,0.2726163339049996,0.2726163339049996,0.2726163339049996
FR--KL,15.748011605755892,0.2726163339049995,0.2726163339049995,0.2726163339049995
FR--KL,15.783326654753182,0.2726163339049995,0.2726163339049995,0.2726163339049995
FR--KL,15.8173843237455,0.2726163339049995,0.2726163339049995,0.2726163339049995
FR--KL,15.849106212612242,0.2726163339049995,0.2726163339049995,0.2726163339049995
FR--KL,15.882431611593349,0.2726163339049995,0.2726163339049995,0.2726163339049995
FR--KL,15.920872729562689,0.2726163339049995,0.2726163339049995,0.2726163339049995
FR--KL,15.95540274848463,0.2726163339049995,0.2726163339049995,0.2726163339049995
FR--KL,15.988142157439142,0.2726163339049996,0.2726163339049996,0.2726163339049996
FR--KL,16.019482466450427,0.2726163339049995,0.2726163339049995,0.2726163339049995
FR--KL,16.051617135526612,0.2726163339049996,0.2726163339049996,0.2726163339049996
FR--KL,16.083496154518798,0.2726163339049996,0.2726163339049996,0.2726163339049996
FR--KL,16.11959930357989,0.2726163339049995,0.2726163339049995,0.2726163339049995
FR--KL,16.165539522480685,0.2726163339049996,0.2726163339049996,0.2726163339049996
FR--KL,16.213118610496167,0.2726163339049995,0.2726163339049995,0.2726163339049995
FR--KL,16.245063579408452,0.2726163339049995,0.2726163339049995,0.2726163339049995
FR--KL,16.27686734846793,0.2726163339049995,0.2726163339049995,0.2726163339049995
FR--KL,16.308560897479765,0.2726163339049995,0.2726163339049995,0.2726163339049995
FR--KL,16.35170266550267,0.2726163339049996,0.2726163339049996,0.2726163339049996
FR--KL,16.388114334491547,0.2726163339049995,0.2726163339049995,0.2726163339049995
FR--KL,16.41920833347831,0.2726163339049995,0.2726163339049995,0.2726163339049995
FR--KL,16.45191280246945,0.2726163339049995,0.2726163339049995,0.2726163339049995
FR--KL,16.48586325137876,0.2726163339049995,0.2726163339049995,0.2726163339049995
FR--KL,16.5205721904058,0.2726163339049995,0.2726163339049995,0.2726163339049995
FR--KL,16.55147588934051,0.2726163339049995,0.2726163339049995,0.2726163339049995
FR--KL,16.582284939358942,0.2726163339049996,0.2726163339049996,0.2726163339049996
FR--KL,16.61363782832632,0.2726163339049995,0.2726163339049995,0.2726163339049995
FR--KL,16.64647355733905,0.2726163339049996,0.2726163339049996,0.2726163339049996
FR--KL,16.677198777266312,0.2726163339049996,0.2726163339049996,0.2726163339049996
FR--KL,16.708498076186515,0.2726163339049994,0.2726163339049994,0.2726163339049994
FR--KL,16.74024831521092,0.2726163339049996,0.2726163339049996,0.2726163339049996
FR--KL,16.77327716414584,0.2726163339049996,0.2726163339049996,0.2726163339049996
FR--KL,16.807169523090124,0.2726163339049995,0.2726163339049995,0.2726163339049995
FR--KL,16.837483062117826,0.2726163339049995,0.2726163339049995,0.2726163339049995
FR--KL,16.868318381137215,0.2726163339049997,0.2726163339049997,0.2726163339049997
FR--KL,16.899574590206612,0.2726163339049997,0.2726163339049997,0.2726163339049997
FR--KL,16.930135759233963,0.2726163339049995,0.2726163339049995,0.2726163339049995
FR--KL,16.963360628287774,0.2726163339049995,0.2726163339049995,0.2726163339049995
FR--KL,16.996491237194277,0.2726163339049995,0.2726163339049995,0.2726163339049995
FR--KL,17.030817635240965,0.2726163339049995,0.2726163339049995,0.2726163339049995
FR--KL,17.080770293134265,0.2726163339049996,0.2726163339049996,0.2726163339049996
FR--KL,17.113385632110294,0.2726163339049994,0.2726163339049994,0.2726163339049994
FR--KL,17.145704691065475,0.2726163339049995,0.2726163339049995,0.2726163339049995
FR--KL,17.176702330063563,0.2726163339049995,0.2726163339049995,0.2726163339049995
FR--KL,17.207187639083713,0.2726163339049995,0.2726163339049995,0.2726163339049995
FR--KL,17.23908494814532,0.2726163339049996,0.2726163339049996,0.2726163339049996
FR--KL,17.27715947717661,0.2726163339049995,0.2726163339049995,0.2726163339049995
FR--KL,17.314669045095798,0.2726163339049995,0.2726163339049995,0.2726163339049995
FR--KL,17.348646644037217,0.2726163339049995,0.2726163339049995,0.2726163339049995
FR--KL,17.383221313066315,0.2726163339049995,0.2726163339049995,0.2726163339049995
FR--KL,17.417897052073386,0.2726163339049995,0.2726163339049995,0.2726163339049995
FR--KL,17.458289081056137,0.2726163339049995,0.2726163339049995,0.2726163339049995
FR--KL,17.490744729992002,0.2726163339049996,0.2726163339049996,0.2726163339049996
FR--KL,17.524195208912715,0.2726163339049995,0.2726163339049995,0.2726163339049995
FR--KL,17.556609377847053,0.2726163339049995,0.2726163339049995,0.2726163339049995
FR--KL,17.59360923676286,0.2726163339049995,0.2726163339049995,0.2726163339049995
FR--KL,17.630989075812977,0.2726163339049995,0.2726163339049995,0.2726163339049995
FR--KL,17.663830214878544,0.2726163339049996,0.2726163339049996,0.2726163339049996
FR--KL,17.696328313846607,0.2726163339049996,0.2726163339049996,0.2726163339049996
FR--KL,17.74274500273168,0.2726163339049995,0.2726163339049995,0.2726163339049995
FR--KL,17.77330750168767,0.2726163339049995,0.2726163339049995,0.2726163339049995
FR--KL,17.80477196065476,0.2726163339049995,0.2726163339049995,0.2726163339049995
FR--KL,17.83709449961316,0.2726163339049996,0.2726163339049996,0.2726163339049996
FR--KL,17.87181633862201,0.2726163339049997,0.2726163339049997,0.2726163339049997
FR--KL,17.9073547066655,0.2726163339049995,0.2726163339049995,0.2726163339049995
FR--KL,17.93805757566588,0.2726163339049995,0.2726163339049995,0.2726163339049995
FR--KL,17.973862894636113,0.2726163339049995,0.2726163339049995,0.2726163339049995
FR--KL,18.01067547366256,0.2726163339049997,0.2726163339049997,0.2726163339049997
FR--KL,18.041232682589907,0.2726163339049996,0.2726163339049996,0.2726163339049996
FR--KL,18.07181832159404,0.2726163339049997,0.2726163339049997,0.2726163339049997
FR--KL,18.103224880527705,0.2726163339049995,0.2726163339049995,0.2726163339049995
FR--KL,18.134140789567027,0.2726163339049996,0.2726163339049996,0.2726163339049996
FR--KL,18.16460399859352,0.2726163339049996,0.2726163339049996,0.2726163339049996
FR--KL,18.195016597630456,0.2726163339049995,0.2726163339049995,0.2726163339049995
FR--KL,18.225841466570277,0.2726163339049995,0.2726163339049995,0.2726163339049995
FR--KL,18.25621190550737,0.2726163339049995,0.2726163339049995,0.2726163339049995
FR--KL,18.28639609448146,0.2726163339049995,0.2726163339049995,0.2726163339049995
FR--KL,18.31668371346313,0.2726163339049996,0.2726163339049996,0.2726163339049996
FR--KL,18.34786197246285,0.2726163339049995,0.2726163339049995,0.2726163339049995
FR--KL,18.37835022143554,0.2726163339049994,0.2726163339049994,0.2726163339049994
FR--KL,18.409131900349166,0.2726163339049995,0.2726163339049995,0.2726163339049995
FR--KL,18.43959960935172,0.2726163339049995,0.2726163339049995,0.2726163339049995
FR--KL,18.46973735827487,0.2726163339049996,0.2726163339049996,0.2726163339049996
FR--KL,18.499836217262786,0.2726163339049995,0.2726163339049995,0.2726163339049995
FR--KL,18.5308488063165,0.2726163339049996,0.2726163339049996,0.2726163339049996
FR--KL,18.56167617533356,0.2726163339049995,0.2726163339049995,0.2726163339049995
FR--KL,18.59452575445175,0.2726163339049995,0.2726163339049995,0.2726163339049995
FR--KL,18.625590594368987,0.2726163339049996,0.2726163339049996,0.2726163339049996
FR--KL,18.656210123270284,0.2726163339049995,0.2726163339049995,0.2726163339049995
FR--KL,18.686651372292545,0.2726163339049995,0.2726163339049995,0.2726163339049995
FR--KL,18.719149441283665,0.2726163339049995,0.2726163339049995,0.2726163339049995
FR--KL,18.75104697025381,0.2726163339049995,0.2726163339049995,0.2726163339049995
FR--KL,18.78289928927552,0.2726163339049996,0.2726163339049996,0.2726163339049996
FR--KL,18.81570657825796,0.2726163339049996,0.2726163339049996,0.2726163339049996
FR--KL,18.8475838972372,0.2726163339049997,0.2726163339049997,0.2726163339049997
FR--KL,18.879084026208147,0.2726163339049995,0.2726163339049995,0.2726163339049995
FR--KL,18.909849835268687,0.2726163339049995,0.2726163339049995,0.2726163339049995
FR--KL,18.95145388430683,0.2726163339049994,0.2726163339049994,0.2726163339049994
FR--KL,18.983762513380498,0.2726163339049996,0.2726163339049996,0.2726163339049996
FR--KL,19.01581163238734,0.2726163339049996,0.2726163339049996,0.2726163339049996
FR--KL,19.047521531349048,0.2726163339049996,0.2726163339049996,0.2726163339049996
FR--KL,19.078495790425222,0.2726163339049995,0.2726163339049995,0.2726163339049995
FR--KL,19.10885912948288,0.2726163339049995,0.2726163339049995,0.2726163339049995
FR--KL,19.13957197946729,0.2726163339049996,0.2726163339049996,0.2726163339049996
FR--KL,19.176417778478932,0.2726163339049995,0.2726163339049995,0.2726163339049995
FR--KL,19.211648737546057,0.2726163339049995,0.2726163339049995,0.2726163339049995
FR--KL,19.24770145653747,0.2726163339049995,0.2726163339049995,0.2726163339049995
FR--KL,19.284661125508137,0.2726163339049995,0.2726163339049995,0.2726163339049995
FR--KL,19.329684383468702,0.2726163339049996,0.2726163339049996,0.2726163339049996
FR--KL,19.36327881249599,0.2726163339049995,0.2726163339049995,0.2726163339049995
FR--KL,19.397766661539208,0.2726163339049995,0.2726163339049995,0.2726163339049995
FR--KL,19.43250706058461,0.2726163339049995,0.2726163339049995,0.2726163339049995
FR--KL,19.46776203950867,0.2726163339049996,0.2726163339049996,0.2726163339049996
FR--KL,19.50378803856438,0.2726163339049995,0.2726163339049995,0.2726163339049995
FR--KL,19.559749287494924,0.2726163339049996,0.2726163339049996,0.2726163339049996
FR--KL,19.594701156485822,0.2726163339049995,0.2726163339049995,0.2726163339049995
FR--KL,19.63006541552022,0.2726163339049995,0.2726163339049995,0.2726163339049995
FR--KL,19.664109664561693,0.2726163339049996,0.2726163339049996,0.2726163339049996
FR--KL,19.70077812264208,0.2726163339049996,0.2726163339049996,0.2726163339049996
FR--KL,19.735823901603,0.2726163339049995,0.2726163339049995,0.2726163339049995
FR--KL,19.770692790625617,0.2726163339049995,0.2726163339049995,0.2726163339049995
FR--KL,19.80607329966733,0.2726163339049995,0.2726163339049995,0.2726163339049995
FR--KL,19.83844005857827,0.2726163339049995,0.2726163339049995,0.2726163339049995
FR--KL,19.86844517756253,0.2726163339049997,0.2726163339049997,0.2726163339049997
FR--KL,19.89902454667026,0.2726163339049995,0.2726163339049995,0.2726163339049995
FR--KL,19.930026645655744,0.2726163339049997,0.2726163339049997,0.2726163339049997
FR--KL,19.96146656468045,0.2726163339049996,0.2726163339049996,0.2726163339049996
FR--KL,19.988886473700404,0.2726163339049995,0.2726163339049995,0.2726163339049995
FR--KL,20.040920061583165,0.2726163339049996,0.2726163339049996,0.2726163339049996
FR--KL,20.071369270561263,0.2726163339049996,0.2726163339049996,0.2726163339049996
FR--KL,20.101855399552733,0.2726163339049995,0.2726163339049995,0.2726163339049995
FB--GVI,0.0,0.6931471805579523,0.6931471805579523,0.6931471805579523
FB--GVI,0.028608039021492,0.3533813005549057,0.3533813005549057,0.3533813005549057
FB--GVI,0.0568687379709444,0.3111225961201018,0.3111225961201018,0.3111225961201018
FB--GVI,0.0849991270224563,0.2916911570994667,0.2916911570994667,0.2916911570994667
FB--GVI,0.1190796160371974,0.2812510152930354,0.2812510152930354,0.2812510152930354
FB--GVI,0.14832080504857,0.275269504894678,0.275269504894678,0.275269504894678
FB--GVI,0.1785502739949152,0.27173148536775,0.27173148536775,0.27173148536775
FB--GVI,0.2076717540039681,0.2696188616915559,0.2696188616915559,0.2696188616915559
FB--GVI,0.2366146230488084,0.2683707868654769,0.2683707868654769,0.2683707868654769
FB--GVI,0.2657295920653268,0.2676616577174048,0.2676616577174048,0.2676616577174048
FB--GVI,0.2948006310034543,0.2672955809845841,0.2672955809845841,0.2672955809845841
FB--GVI,0.3237128810142167,0.2671511434674933,0.2671511434674933,0.2671511434674933
FB--GVI,0.3532996399444528,0.2671510958662628,0.2671510958662628,0.2671510958662628
FB--GVI,0.3834313389379531,0.2672451885195881,0.2672451885195881,0.2672451885195881
FB--GVI,0.4125349680543877,0.267400149111489,0.267400149111489,0.267400149111489
FB--GVI,0.4420722469803877,0.2675936396340453,0.2675936396340453,0.2675936396340453
FB--GVI,0.4713674759259447,0.2678105017845593,0.2678105017845593,0.2678105017845593
FB--GVI,0.5004103549290448,0.2680403645988054,0.2680403645988054,0.2680403645988054
FB--GVI,0.5297075749258511,0.2682760894967708,0.2682760894967708,0.2682760894967708
FB--GVI,0.5593659538426436,0.2685127440579389,0.2685127440579389,0.2685127440579389
FB--GVI,0.5883721128921025,0.2687469165821498,0.2687469165821498,0.2687469165821498
FB--GVI,0.6177151718875393,0.2689762537036964,0.2689762537036964,0.2689762537036964
FB--GVI,0.646374981966801,0.2691991456953126,0.2691991456953126,0.2691991456953126
FB--GVI,0.6768681909306906,0.2694145104508491,0.2694145104508491,0.2694145104508491
FB--GVI,0.7049204198992811,0.2696216439032173,0.2696216439032173,0.2696216439032173
FB--GVI,0.7333677489077672,0.2698201154803057,0.2698201154803057,0.2698201154803057
FB--GVI,0.7627734479028732,0.2700096943003597,0.2700096943003597,0.2700096943003597
FB--GVI,0.7923487069783732,0.2701902964948723,0.2701902964948723,0.2701902964948723
FB--GVI,0.8151374259614386,0.2703619471618798,0.2703619471618798,0.2703619471618798
FB--GVI,0.8696167339803651,0.2705247525343772,0.2705247525343772,0.2705247525343772
FB--GVI,0.9221497820108198,0.2706788793468612,0.2706788793468612,0.2706788793468612
FB--GVI,0.9511845409870148,0.2708245393265422,0.2708245393265422,0.2708245393265422
FB--GVI,0.9809326499816962,0.2709619773753214,0.2709619773753214,0.2709619773753214
FB--GVI,1.0103203390026465,0.2710914624440714,0.2710914624440714,0.2710914624440714
FB--GVI,1.0409862879896536,0.2712132803985973,0.2712132803985973,0.2712132803985973
FB--GVI,1.071059626992792,0.2713277283813299,0.2713277283813299,0.2713277283813299
FB--GVI,1.0999431860400364,0.2714351103141707,0.2714351103141707,0.2714351103141707
FB--GVI,1.1295625650673171,0.2715357332860797,0.2715357332860797,0.2715357332860797
FB--GVI,1.159145844168961,0.2716299046375763,0.2716299046375763,0.2716299046375763
FB--GVI,1.1881283241673373,0.2717179296025701,0.2717179296025701,0.2717179296025701
FB--GVI,1.2150836631190032,0.271800109402134,0.271800109402134,0.271800109402134
FB--GVI,1.2440999320242554,0.2718767397093127,0.2718767397093127,0.2718767397093127
FB--GVI,1.2735664409701712,0.2719481094217369,0.2719481094217369,0.2719481094217369
FB--GVI,1.3027277609799055,0.2720144996917884,0.2720144996917884,0.2720144996917884
FB--GVI,1.3318561799824238,0.2720761831736694,0.2720761831736694,0.2720761831736694
FB--GVI,1.361802329076454,0.2721334234540008,0.2721334234540008,0.2721334234540008
FB--GVI,1.3905158680281602,0.272186474638144,0.272186474638144,0.272186474638144
FB--GVI,1.419380538049154,0.2722355810688067,0.2722355810688067,0.2722355810688067
FB--GVI,1.4476659670472145,0.2722809771569715,0.2722809771569715,0.2722809771569715
FB--GVI,1.4771117560449056,0.2723228873080089,0.2723228873080089,0.2723228873080089
FB--GVI,1.5044536751229316,0.2723615259281686,0.2723615259281686,0.2723615259281686
FB--GVI,1.533614875166677,0.2723970974986047,0.2723970974986047,0.2723970974986047
FB--GVI,1.5628936041612178,0.2724297967057531,0.2724297967057531,0.2724297967057531
FB--GVI,1.5914913631859235,0.272459808618313,0.272459808618313,0.272459808618313
FB--GVI,1.6195333321811631,0.2724873089023358,0.2724873089023358,0.2724873089023358
FB--GVI,1.6482000722317025,0.2725124640670026,0.2725124640670026,0.2725124640670026
FB--GVI,1.676517851301469,0.2725354317346417,0.2725354317346417,0.2725354317346417
FB--GVI,1.7050518103060313,0.2725563609293723,0.2725563609293723,0.2725563609293723
FB--GVI,1.7273293194011785,0.272575392379518,0.272575392379518,0.272575392379518
FB--GVI,1.748846628353931,0.272592658829586,0.272592658829586,0.272592658829586
FB--GVI,1.777368297392968,0.2726082853582054,0.2726082853582054,0.2726082853582054
FB--GVI,1.8054209174588325,0.2726223896989331,0.2726223896989331,0.2726223896989331
FB--GVI,1.8340090764686463,0.2726350825612912,0.2726350825612912,0.2726350825612912
FB--GVI,1.862823955481872,0.2726464679498239,0.2726464679498239,0.2726464679498239
FB--GVI,1.890827334544156,0.2726566434792993,0.2726566434792993,0.2726566434792993
FB--GVI,1.9175797835341652,0.2726657006845168,0.2726657006845168,0.2726657006845168
FB--GVI,1.9423671335098331,0.2726737253234476,0.2726737253234476,0.2726737253234476
FB--GVI,1.9709603824303483,0.272680797672686,0.272680797672686,0.272680797672686
FB--GVI,1.9996306314133108,0.2726869928143947,0.2726869928143947,0.2726869928143947
FB--GVI,2.027853940322529,0.2726923809141257,0.2726923809141257,0.2726923809141257
FB--GVI,2.056055529275909,0.2726970274890409,0.2726970274890409,0.2726970274890409
FB--GVI,2.0840841393219307,0.2727009936662129,0.2727009936662129,0.2727009936662129
FB--GVI,2.1121416583191603,0.272704336430795,0.272704336430795,0.272704336430795
FB--GVI,2.139020737318788,0.272707108863956,0.272707108863956,0.272707108863956
FB--GVI,2.163835936342366,0.272709360370558,0.272709360370558,0.272709360370558
FB--GVI,2.19197770539904,0.2727111368966363,0.2727111368966363,0.2727111368966363
FB--GVI,2.2173858044552617,0.2727124811367934,0.2727124811367934,0.2727124811367934
FB--GVI,2.245470664347522,0.2727134327316747,0.2727134327316747,0.2727134327316747
FB--GVI,2.273946043336764,0.2727140284557343,0.2727140284557343,0.2727140284557343
FB--GVI,2.3026018022792414,0.2727143023955322,0.2727143023955322,0.2727143023955322
FB--GVI,2.3265045123407617,0.2727142861188324,0.2727142861188324,0.2727142861188324
FB--GVI,2.375423701305408,0.2727140088347892,0.2727140088347892,0.2727140088347892
FB--GVI,2.4045221802662127,0.2727134975455276,0.2727134975455276,0.2727134975455276
FB--GVI,2.43265676923329,0.2727127771894314,0.2727127771894314,0.2727127771894314
FB--GVI,2.463678998174146,0.2727118707764631,0.2727118707764631,0.2727118707764631
FB--GVI,2.4926280381623656,0.2727107995158375,0.2727107995158375,0.2727107995158375
FB--GVI,2.5215574971516617,0.2727095829363798,0.2727095829363798,0.2727095829363798
FB--GVI,2.544706846063491,0.2727082389998893,0.2727082389998893,0.2727082389998893
FB--GVI,2.5736032250570133,0.2727067842078305,0.2727067842078305,0.2727067842078305
FB--GVI,2.602595014148392,0.2727052337016706,0.2727052337016706,0.2727052337016706
FB--GVI,2.6311509931110777,0.2727036013571667,0.2727036013571667,0.2727036013571667
FB--GVI,2.660910102073103,0.2727018998729106,0.2727018998729106,0.2727018998729106
FB--GVI,2.690349941083696,0.272700140853421,0.272700140853421,0.272700140853421
FB--GVI,2.7203710100147878,0.2726983348870668,0.2726983348870668,0.2726983348870668
FB--GVI,2.747548189072404,0.2726964916190979,0.2726964916190979,0.2726964916190979
FB--GVI,2.781031048099976,0.2726946198200477,0.2726946198200477,0.2726946198200477
FB--GVI,2.8133899471140467,0.2726927274497588,0.2726927274497588,0.2726927274497588
FB--GVI,2.8459353861398995,0.2726908217172796,0.2726908217172796,0.2726908217172796
FB--GVI,2.8765537161380053,0.2726889091368629,0.2726889091368629,0.2726889091368629
FB--GVI,2.9067786752129905,0.2726869955802903,0.2726869955802903,0.2726869955802903
FB--GVI,2.934721204219386,0.2726850863257365,0.2726850863257365,0.2726850863257365
FB--GVI,2.968342493171804,0.2726831861033749,0.2726831861033749,0.2726831861033749
FB--GVI,3.002900182211306,0.2726812991379183,0.2726812991379183,0.2726812991379183
FB--GVI,3.039558570249937,0.272679429188281,0.272679429188281,0.272679429188281
FB--GVI,3.070671339228284,0.2726775795845316,0.2726775795845316,0.2726775795845316
FB--GVI,3.1032919082208537,0.2726757532623069,0.2726757532623069,0.2726757532623069
FB--GVI,3.1335264671361074,0.2726739527948409,0.2726739527948409,0.2726739527948409
FB--GVI,3.162791816110257,0.2726721804227569,0.2726721804227569,0.2726721804227569
FB--GVI,3.194795555085875,0.2726704380817657,0.2726704380817657,0.2726704380817657
FB--GVI,3.2283005041535944,0.2726687274283995,0.2726687274283995,0.2726687274283995
FB--GVI,3.262358663138002,0.2726670498639079,0.2726670498639079,0.2726670498639079
FB--GVI,3.296741202182602,0.2726654065564341,0.2726654065564341,0.2726654065564341
FB--GVI,3.337016021250747,0.2726637984615818,0.2726637984615818,0.2726637984615818
FB--GVI,3.3683084502699785,0.2726622263414789,0.2726622263414789,0.2726622263414789
FB--GVI,3.399093129322864,0.2726606907824352,0.2726606907824352,0.2726606907824352
FB--GVI,3.4306352983112447,0.2726591922112887,0.2726591922112887,0.2726591922112887
FB--GVI,3.460460937290918,0.2726577309105251,0.2726577309105251,0.2726577309105251
FB--GVI,3.491414586373139,0.2726563070322548,0.2726563070322548,0.2726563070322548
FB--GVI,3.52162096532993,0.2726549206111255,0.2726549206111255,0.2726549206111255
FB--GVI,3.5519444443052635,0.2726535715762375,0.2726535715762375,0.2726535715762375
FB--GVI,3.5822629932663403,0.272652259762136,0.272652259762136,0.272652259762136
FB--GVI,3.611258012359031,0.2726509849189397,0.2726509849189397,0.2726509849189397
FB--GVI,3.6406494613038376,0.2726497467216671,0.2726497467216671,0.2726497467216671
FB--GVI,3.669413740281016,0.2726485447788158,0.2726485447788158,0.2726485447788158
FB--GVI,3.697743859316688,0.2726473786402469,0.2726473786402469,0.2726473786402469
FB--GVI,3.728614028368611,0.2726462478044242,0.2726462478044242,0.2726462478044242
FB--GVI,3.762030847312417,0.2726451517250546,0.2726451517250546,0.2726451517250546
FB--GVI,3.794044456328266,0.2726440898171694,0.2726440898171694,0.2726440898171694
FB--GVI,3.826354475400876,0.2726430614626904,0.2726430614626904,0.2726430614626904
FB--GVI,3.855525714403484,0.2726420660155166,0.2726420660155166,0.2726420660155166
FB--GVI,3.88549074344337,0.2726411028061658,0.2726411028061658,0.2726411028061658
FB--GVI,3.915653373405803,0.2726401711460047,0.2726401711460047,0.2726401711460047
FB--GVI,3.962487832352053,0.2726392703310971,0.2726392703310971,0.2726392703310971
FB--GVI,3.991277031309437,0.2726383996457008,0.2726383996457008,0.2726383996457008
FB--GVI,4.027307040349115,0.2726375583654361,0.2726375583654361,0.2726375583654361
FB--GVI,4.0597729694563895,0.2726367457601543,0.2726367457601543,0.2726367457601543
FB--GVI,4.089295138488524,0.2726359610965258,0.2726359610965258,0.2726359610965258
FB--GVI,4.118922977533657,0.2726352036403729,0.2726352036403729,0.2726352036403729
FB--GVI,4.149444026465062,0.2726344726587635,0.2726344726587635,0.2726344726587635
FB--GVI,4.1848042255151086,0.2726337674218883,0.2726337674218883,0.2726337674218883
FB--GVI,4.214274334430229,0.2726330872047332,0.2726330872047332,0.2726330872047332
FB--GVI,4.243648923467845,0.272632431288571,0.272632431288571,0.272632431288571
FB--GVI,4.273047012567986,0.272631798962278,0.272631798962278,0.272631798962278
FB--GVI,4.33013477147324,0.2726311895234976,0.2726311895234976,0.2726311895234976
FB--GVI,4.362154110509437,0.2726306022796584,0.2726306022796584,0.2726306022796584
FB--GVI,4.394279989530332,0.2726300365488615,0.2726300365488615,0.2726300365488615
FB--GVI,4.426775168511085,0.2726294916606465,0.2726294916606465,0.2726294916606465
FB--GVI,4.458467757503968,0.2726289669566485,0.2726289669566485,0.2726289669566485
FB--GVI,4.490486786526162,0.2726284617911526,0.2726284617911526,0.2726284617911526
FB--GVI,4.5240503154927865,0.272627975531558,0.272627975531558,0.272627975531558
FB--GVI,4.55617589445319,0.2726275075587583,0.2726275075587583,0.2726275075587583
FB--GVI,4.589291523443535,0.2726270572674446,0.2726270572674446,0.2726270572674446
FB--GVI,4.622221152530983,0.27262662406634,0.27262662406634,0.27262662406634
FB--GVI,4.656381751468871,0.2726262073783724,0.2726262073783724,0.2726262073783724
FB--GVI,4.690017430402804,0.2726258066407896,0.2726258066407896,0.2726258066407896
FB--GVI,4.723813379416242,0.2726254213052229,0.2726254213052229,0.2726254213052229
FB--GVI,4.756670678441878,0.272625050837706,0.272625050837706,0.272625050837706
FB--GVI,4.789462648448534,0.2726246947186512,0.2726246947186512,0.2726246947186512
FB--GVI,4.82206736743683,0.2726243524427899,0.2726243524427899,0.2726243524427899
FB--GVI,4.854692826396786,0.2726240235190784,0.2726240235190784,0.2726240235190784
FB--GVI,4.887625825416762,0.2726237074705762,0.2726237074705762,0.2726237074705762
FB--GVI,4.922033484559506,0.2726234038342965,0.2726234038342965,0.2726234038342965
FB--GVI,4.956829673668835,0.2726231121610354,0.2726231121610354,0.2726231121610354
FB--GVI,4.990329242660664,0.2726228320151798,0.2726228320151798,0.2726228320151798
FB--GVI,5.0236788316397,0.2726225629744983,0.2726225629744983,0.2726225629744983
FB--GVI,5.056748290604446,0.2726223046299167,0.2726223046299167,0.2726223046299167
FB--GVI,5.090471469680779,0.2726220565852819,0.2726220565852819,0.2726220565852819
FB--GVI,5.124010838742834,0.2726218184571121,0.2726218184571121,0.2726218184571121
FB--GVI,5.15809616772458,0.2726215898743411,0.2726215898743411,0.2726215898743411
FB--GVI,5.19113359664334,0.2726213704780523,0.2726213704780523,0.2726213704780523
FB--GVI,5.222508235659916,0.2726211599212093,0.2726211599212093,0.2726211599212093
FB--GVI,5.251079314737581,0.2726209578683791,0.2726209578683791,0.2726209578683791
FB--GVI,5.279819463728927,0.2726207639954545,0.2726207639954545,0.2726207639954545
FB--GVI,5.308873612782918,0.2726205779893722,0.2726205779893722,0.2726205779893722
FB--GVI,5.32992977288086,0.2726203995478318,0.2726203995478318,0.2726203995478318
FB--GVI,5.363385091884993,0.2726202283790114,0.2726202283790114,0.2726202283790114
FB--GVI,5.3971355308895,0.2726200642012866,0.2726200642012866,0.2726200642012866
FB--GVI,5.431411889847368,0.2726199067429495,0.2726199067429495,0.2726199067429495
FB--GVI,5.460813858895563,0.2726197557419289,0.2726197557419289,0.2726197557419289
FB--GVI,5.490441617905162,0.2726196109455137,0.2726196109455137,0.2726196109455137
FB--GVI,5.519137296942063,0.2726194721100796,0.2726194721100796,0.2726194721100796
FB--GVI,5.54786193696782,0.2726193390008176,0.2726193390008176,0.2726193390008176
FB--GVI,5.577002665901091,0.2726192113914682,0.2726192113914682,0.2726192113914682
FB--GVI,5.605926554882899,0.2726190890640582,0.2726190890640582,0.2726190890640582
FB--GVI,5.634166313859168,0.2726189718086427,0.2726189718086427,0.2726189718086427
FB--GVI,5.662862773926463,0.2726188594230515,0.2726188594230515,0.2726188594230515
FB--GVI,5.690903202921618,0.2726187517126405,0.2726187517126405,0.2726187517126405
FB--GVI,5.712135501904413,0.2726186484900477,0.2726186484900477,0.2726186484900477
FB--GVI,5.740152280894108,0.2726185495749553,0.2726185495749553,0.2726185495749553
FB--GVI,5.772868479893077,0.2726184547938557,0.2726184547938557,0.2726184547938557
FB--GVI,5.80392885877518,0.2726183639798251,0.2726183639798251,0.2726183639798251
FB--GVI,5.835937007854227,0.2726182769722998,0.2726182769722998,0.2726182769722998
FB--GVI,5.866917496896349,0.2726181936168605,0.2726181936168605,0.2726181936168605
FB--GVI,5.897433015925344,0.2726181137650206,0.2726181137650206,0.2726181137650206
FB--GVI,5.929208374931477,0.2726180372740207,0.2726180372740207,0.2726180372740207
FB--GVI,5.95926393388072,0.2726179640066284,0.2726179640066284,0.2726179640066284
FB--GVI,5.989924802852329,0.272617893830944,0.272617893830944,0.272617893830944
FB--GVI,6.020247191831004,0.2726178266202109,0.2726178266202109,0.2726178266202109
FB--GVI,6.049570920818951,0.272617762252632,0.272617762252632,0.272617762252632
FB--GVI,6.078406590793748,0.2726177006111921,0.2726177006111921,0.2726177006111921
FB--GVI,6.107336179818958,0.2726176415834843,0.2726176415834843,0.2726176415834843
FB--GVI,6.134834298864007,0.2726175850615416,0.2726175850615416,0.2726175850615416
FB--GVI,6.165540387912188,0.2726175309416758,0.2726175309416758,0.2726175309416758
FB--GVI,6.196260196855292,0.2726174791243187,0.2726174791243187,0.2726174791243187
FB--GVI,6.227115075860638,0.2726174295138701,0.2726174295138701,0.2726174295138701
FB--GVI,6.257440534885973,0.2726173820185499,0.2726173820185499,0.2726173820185499
FB--GVI,6.2877256539068185,0.2726173365502555,0.2726173365502555,0.2726173365502555
FB--GVI,6.317882592906244,0.2726172930244235,0.2726172930244235,0.2726172930244235
FB--GVI,6.348043071862776,0.272617251359895,0.272617251359895,0.272617251359895
FB--GVI,6.378481420804746,0.2726172114787886,0.2726172114787886,0.2726172114787886
FB--GVI,6.408906689903233,0.2726171733063735,0.2726171733063735,0.2726171733063735
FB--GVI,6.439231988915708,0.2726171367709497,0.2726171367709497,0.2726171367709497
FB--GVI,6.469631038955413,0.2726171018037322,0.2726171018037322,0.2726171018037322
FB--GVI,6.501288147992455,0.2726170683387374,0.2726170683387374,0.2726170683387374
FB--GVI,6.531672356999479,0.2726170363126759,0.2726170363126759,0.2726170363126759
FB--GVI,6.561920385982376,0.2726170056648466,0.2726170056648466,0.2726170056648466
FB--GVI,6.592961835034657,0.2726169763370367,0.2726169763370367,0.2726169763370367
FB--GVI,6.622467654000502,0.2726169482734243,0.2726169482734243,0.2726169482734243
FB--GVI,6.653804963047151,0.2726169214204839,0.2726169214204839,0.2726169214204839
FB--GVI,6.686384232074488,0.2726168957268966,0.2726168957268966,0.2726168957268966
FB--GVI,6.717488482012413,0.2726168711434628,0.2726168711434628,0.2726168711434628
FB--GVI,6.749759331112728,0.2726168476230182,0.2726168476230182,0.2726168476230182
FB--GVI,6.781137210084125,0.2726168251203528,0.2726168251203528,0.2726168251203528
FB--GVI,6.812707169097848,0.2726168035921334,0.2726168035921334,0.2726168035921334
FB--GVI,6.845173228066415,0.2726167829968284,0.2726167829968284,0.2726167829968284
FB--GVI,6.877869427029509,0.2726167632946352,0.2726167632946352,0.2726167632946352
FB--GVI,6.910676396044437,0.2726167444474118,0.2726167444474118,0.2726167444474118
FB--GVI,6.9438764049555175,0.272616726418609,0.272616726418609,0.272616726418609
FB--GVI,6.977348723914474,0.2726167091732068,0.2726167091732068,0.2726167091732068
FB--GVI,7.010398842976429,0.2726166926776517,0.2726166926776517,0.2726166926776517
FB--GVI,7.042407251894474,0.2726166768997979,0.2726166768997979,0.2726166768997979
FB--GVI,7.075106800941285,0.2726166618088503,0.2726166618088503,0.2726166618088503
FB--GVI,7.106804989918601,0.2726166473753089,0.2726166473753089,0.2726166473753089
FB--GVI,7.138575528864749,0.2726166335709158,0.2726166335709158,0.2726166335709158
FB--GVI,7.1690869078738615,0.2726166203686054,0.2726166203686054,0.2726166203686054
FB--GVI,7.200633476895746,0.2726166077424546,0.2726166077424546,0.2726166077424546
FB--GVI,7.2376033059554175,0.2726165956676364,0.2726165956676364,0.2726165956676364
FB--GVI,7.265969344996847,0.2726165841203744,0.2726165841203744,0.2726165841203744
FB--GVI,7.2999337739893235,0.2726165730778996,0.2726165730778996,0.2726165730778996
FB--GVI,7.328767462982796,0.2726165625184095,0.2726165625184095,0.2726165625184095
FB--GVI,7.358238641987555,0.2726165524210274,0.2726165524210274,0.2726165524210274
FB--GVI,7.387532320921309,0.2726165427657637,0.2726165427657637,0.2726165427657637
FB--GVI,7.41601176984841,0.27261653353348,0.27261653353348,0.27261653353348
FB--GVI,7.445430848863907,0.2726165247058537,0.2726165247058537,0.2726165247058537
FB--GVI,7.474295547872316,0.2726165162653429,0.2726165162653429,0.2726165162653429
FB--GVI,7.502605866931844,0.2726165081951554,0.2726165081951554,0.2726165081951554
FB--GVI,7.531114536977839,0.2726165004792158,0.2726165004792158,0.2726165004792158
FB--GVI,7.560670375882182,0.2726164931021371,0.2726164931021371,0.2726164931021371
FB--GVI,7.5895804248866625,0.2726164860491907,0.2726164860491907,0.2726164860491907
FB--GVI,7.613591203873511,0.2726164793062792,0.2726164793062792,0.2726164793062792
FB--GVI,7.64664730388904,0.2726164728599101,0.2726164728599101,0.2726164728599101
FB--GVI,7.677831782901194,0.2726164666971697,0.2726164666971697,0.2726164666971697
FB--GVI,7.710427131853066,0.2726164608057001,0.2726164608057001,0.2726164608057001
FB--GVI,7.738590100838337,0.2726164551736738,0.2726164551736738,0.2726164551736738
FB--GVI,7.767245739814825,0.272616449789773,0.272616449789773,0.272616449789773
FB--GVI,7.797308268782217,0.2726164446431675,0.2726164446431675,0.2726164446431675
FB--GVI,7.822928917768877,0.2726164397234931,0.2726164397234931,0.2726164397234931
FB--GVI,7.853223447862547,0.2726164350208342,0.2726164350208342,0.2726164350208342
FB--GVI,7.882319126802031,0.2726164305257023,0.2726164305257023,0.2726164305257023
FB--GVI,7.91157854575431,0.2726164262290187,0.2726164262290187,0.2726164262290187
FB--GVI,7.946009234699886,0.2726164221220984,0.2726164221220984,0.2726164221220984
FB--GVI,7.975102393655106,0.2726164181966309,0.2726164181966309,0.2726164181966309
FB--GVI,8.005722302594222,0.2726164144446666,0.2726164144446666,0.2726164144446666
FB--GVI,8.03311860258691,0.2726164108586,0.2726164108586,0.2726164108586
FB--GVI,8.060671932587866,0.2726164074311551,0.2726164074311551,0.2726164074311551
FB--GVI,8.089660951634869,0.2726164041553722,0.2726164041553722,0.2726164041553722
FB--GVI,8.118244670564309,0.2726164010245935,0.2726164010245935,0.2726164010245935
FB--GVI,8.146573699486908,0.2726163980324504,0.2726163980324504,0.2726163980324504
FB--GVI,8.175333048508037,0.2726163951728513,0.2726163951728513,0.2726163951728513
FB--GVI,8.204377507499885,0.2726163924399694,0.2726163924399694,0.2726163924399694
FB--GVI,8.2343404564308,0.2726163898282321,0.2726163898282321,0.2726163898282321
FB--GVI,8.264223085483536,0.2726163873323088,0.2726163873323088,0.2726163873323088
FB--GVI,8.294091414485592,0.2726163849471019,0.2726163849471019,0.2726163849471019
FB--GVI,8.323126103496179,0.2726163826677354,0.2726163826677354,0.2726163826677354
FB--GVI,8.352285162662156,0.2726163804895469,0.2726163804895469,0.2726163804895469
FB--GVI,8.382387552643195,0.2726163784080766,0.2726163784080766,0.2726163784080766
FB--GVI,8.410846991697326,0.2726163764190601,0.2726163764190601,0.2726163764190601
FB--GVI,8.440277180809062,0.2726163745184193,0.2726163745184193,0.2726163745184193
FB--GVI,8.469112579827197,0.2726163727022545,0.2726163727022545,0.2726163727022545
FB--GVI,8.497709638788365,0.2726163709668363,0.2726163709668363,0.2726163709668363
FB--GVI,8.526099407754373,0.2726163693085988,0.2726163693085988,0.2726163693085988
FB--GVI,8.55557500681607,0.272616367724132,0.272616367724132,0.272616367724132
FB--GVI,8.584076805913355,0.2726163662101761,0.2726163662101761,0.2726163662101761
FB--GVI,8.612731865025125,0.2726163647636131,0.2726163647636131,0.2726163647636131
FB--GVI,8.642201024107635,0.2726163633814627,0.2726163633814627,0.2726163633814627
FB--GVI,8.67200467310613,0.2726163620608745,0.2726163620608745,0.2726163620608745
FB--GVI,8.70093865209492,0.2726163607991241,0.2726163607991241,0.2726163607991241
FB--GVI,8.730262751050759,0.2726163595936063,0.2726163595936063,0.2726163595936063
FB--GVI,8.7598937000148,0.2726163584418303,0.2726163584418303,0.2726163584418303
FB--GVI,8.78964018903207,0.2726163573414153,0.2726163573414153,0.2726163573414153
FB--GVI,8.821925217926037,0.2726163562900845,0.2726163562900845,0.2726163562900845
FB--GVI,8.850822636857629,0.2726163552856617,0.2726163552856617,0.2726163552856617
FB--GVI,8.880555345851462,0.2726163543260667,0.2726163543260667,0.2726163543260667
FB--GVI,8.91081950586522,0.2726163534093103,0.2726163534093103,0.2726163534093103
FB--GVI,8.940748134802561,0.2726163525334914,0.2726163525334914,0.2726163525334914
FB--GVI,8.976279583876021,0.2726163516967927,0.2726163516967927,0.2726163516967927
FB--GVI,9.009163232869469,0.2726163508974767,0.2726163508974767,0.2726163508974767
FB--GVI,9.045752671838272,0.272616350133883,0.272616350133883,0.272616350133883
FB--GVI,9.078138890909033,0.2726163494044239,0.2726163494044239,0.2726163494044239
FB--GVI,9.1120121399872,0.2726163487075822,0.2726163487075822,0.2726163487075822
FB--GVI,9.143524988961872,0.2726163480419078,0.2726163480419078,0.2726163480419078
FB--GVI,9.173831447958946,0.2726163474060141,0.2726163474060141,0.2726163474060141
FB--GVI,9.203956336947158,0.2726163467985763,0.2726163467985763,0.2726163467985763
FB--GVI,9.23395462584449,0.2726163462183278,0.2726163462183278,0.2726163462183278
FB--GVI,9.263046264881268,0.2726163456640586,0.2726163456640586,0.2726163456640586
FB--GVI,9.29283814394148,0.2726163451346116,0.2726163451346116,0.2726163451346116
FB--GVI,9.322643203951884,0.272616344628881,0.272616344628881,0.272616344628881
FB--GVI,9.357703972840682,0.2726163441458106,0.2726163441458106,0.2726163441458106
FB--GVI,9.389178272802384,0.2726163436843897,0.2726163436843897,0.2726163436843897
FB--GVI,9.419759941811208,0.2726163432436538,0.2726163432436538,0.2726163432436538
FB--GVI,9.448587870865596,0.2726163428226802,0.2726163428226802,0.2726163428226802
FB--GVI,9.475643350859173,0.2726163424205877,0.2726163424205877,0.2726163424205877
FB--GVI,9.50542396993842,0.2726163420365336,0.2726163420365336,0.2726163420365336
FB--GVI,9.534272288903594,0.272616341669713,0.272616341669713,0.272616341669713
FB--GVI,9.563118197896983,0.2726163413193564,0.2726163413193564,0.2726163413193564
FB--GVI,9.592169907817151,0.2726163409847288,0.2726163409847288,0.2726163409847288
FB--GVI,9.620894116931597,0.2726163406651277,0.2726163406651277,0.2726163406651277
FB--GVI,9.64935808593873,0.2726163403598816,0.2726163403598816,0.2726163403598816
FB--GVI,9.677966164890677,0.2726163400683491,0.2726163400683491,0.2726163400683491
FB--GVI,9.706366215017624,0.2726163397899173,0.2726163397899173,0.2726163397899173
FB--GVI,9.735218223999254,0.2726163395240003,0.2726163395240003,0.2726163395240003
FB--GVI,9.764133962977212,0.2726163392700385,0.2726163392700385,0.2726163392700385
FB--GVI,9.79277183196973,0.2726163390274971,0.2726163390274971,0.2726163390274971
FB--GVI,9.821083632006776,0.2726163387958651,0.2726163387958651,0.2726163387958651
FB--GVI,9.849932020995766,0.2726163385746541,0.2726163385746541,0.2726163385746541
FB--GVI,9.878484049986582,0.2726163383633979,0.2726163383633979,0.2726163383633979
FB--GVI,9.908092388999648,0.2726163381616505,0.2726163381616505,0.2726163381616505
FB--GVI,9.937065129051916,0.2726163379689861,0.2726163379689861,0.2726163379689861
FB--GVI,9.965946718060875,0.2726163377849977,0.2726163377849977,0.2726163377849977
FB--GVI,10.0071885160869,0.2726163376092966,0.2726163376092966,0.2726163376092966
FB--GVI,10.029168685083278,0.2726163374415113,0.2726163374415113,0.2726163374415113
FB--GVI,10.056484434055164,0.2726163372812872,0.2726163372812872,0.2726163372812872
FB--GVI,10.090573653113095,0.272616337128285,0.272616337128285,0.272616337128285
FB--GVI,10.124349262099711,0.2726163369821805,0.2726163369821805,0.2726163369821805
FB--GVI,10.158831241016742,0.2726163368426647,0.2726163368426647,0.2726163368426647
FB--GVI,10.19439846003661,0.2726163367094418,0.2726163367094418,0.2726163367094418
FB--GVI,10.226901268935762,0.2726163365822291,0.2726163365822291,0.2726163365822291
FB--GVI,10.259195968916174,0.2726163364607571,0.2726163364607571,0.2726163364607571
FB--GVI,10.307775597961154,0.2726163363447679,0.2726163363447679,0.2726163363447679
FB--GVI,10.345311396988109,0.2726163362340152,0.2726163362340152,0.2726163362340152
FB--GVI,10.375076525961047,0.2726163361282638,0.2726163361282638,0.2726163361282638
FB--GVI,10.40525220503332,0.272616336027289,0.272616336027289,0.272616336027289
FB--GVI,10.435224544082304,0.2726163359308758,0.2726163359308758,0.2726163359308758
FB--GVI,10.465518562996294,0.2726163358388198,0.2726163358388198,0.2726163358388198
FB--GVI,10.494633132999295,0.2726163357509242,0.2726163357509242,0.2726163357509242
FB--GVI,10.52393611194566,0.2726163356670025,0.2726163356670025,0.2726163356670025
FB--GVI,10.553925760963466,0.2726163355868757,0.2726163355868757,0.2726163355868757
FB--GVI,10.58472692000214,0.272616335510373,0.272616335510373,0.272616335510373
FB--GVI,10.613903729012236,0.2726163354373315,0.2726163354373315,0.2726163354373315
FB--GVI,10.643208877998404,0.2726163353675951,0.2726163353675951,0.2726163353675951
FB--GVI,10.670008767046966,0.2726163353010151,0.2726163353010151,0.2726163353010151
FB--GVI,10.699643936008217,0.2726163352374495,0.2726163352374495,0.2726163352374495
FB--GVI,10.729077075084206,0.2726163351767623,0.2726163351767623,0.2726163351767623
FB--GVI,10.758290984143969,0.2726163351188237,0.2726163351188237,0.2726163351188237
FB--GVI,10.786773263243958,0.2726163350635102,0.2726163350635102,0.2726163350635102
FB--GVI,10.814883352199104,0.2726163350107031,0.2726163350107031,0.2726163350107031
FB--GVI,10.844586391118357,0.2726163349602896,0.2726163349602896,0.2726163349602896
FB--GVI,10.87590980011737,0.2726163349121619,0.2726163349121619,0.2726163349121619
FB--GVI,10.90554142917972,0.2726163348662165,0.2726163348662165,0.2726163348662165
FB--GVI,10.934794959204735,0.272616334822355,0.272616334822355,0.272616334822355
FB--GVI,10.975082528137136,0.2726163347804837,0.2726163347804837,0.2726163347804837
FB--GVI,11.004360417136922,0.2726163347405123,0.2726163347405123,0.2726163347405123
FB--GVI,11.038828906137496,0.2726163347023554,0.2726163347023554,0.2726163347023554
FB--GVI,11.0675260751741,0.2726163346659308,0.2726163346659308,0.2726163346659308
FB--GVI,11.096176525112242,0.2726163346311604,0.2726163346311604,0.2726163346311604
FB--GVI,11.118403395114,0.2726163345979697,0.2726163345979697,0.2726163345979697
FB--GVI,11.146788574114908,0.2726163345662868,0.2726163345662868,0.2726163345662868
FB--GVI,11.174900543119293,0.2726163345360438,0.2726163345360438,0.2726163345360438
FB--GVI,11.203085492132232,0.2726163345071757,0.2726163345071757,0.2726163345071757
FB--GVI,11.231339111109264,0.27261633447962,0.27261633447962,0.27261633447962
FB--GVI,11.259532900061458,0.2726163344533178,0.2726163344533178,0.2726163344533178
FB--GVI,11.287962729111314,0.2726163344282121,0.2726163344282121,0.2726163344282121
FB--GVI,11.316477098094763,0.2726163344042487,0.2726163344042487,0.2726163344042487
FB--GVI,11.344913157110568,0.2726163343813761,0.2726163343813761,0.2726163343813761
FB--GVI,11.385853926243726,0.2726163343595447,0.2726163343595447,0.2726163343595447
FB--GVI,11.414183215179946,0.2726163343387077,0.2726163343387077,0.2726163343387077
FB--GVI,11.442381554166786,0.2726163343188197,0.2726163343188197,0.2726163343188197
FB--GVI,11.47533164313063,0.2726163342998378,0.2726163342998378,0.2726163342998378
FB--GVI,11.506560552108567,0.2726163342817211,0.2726163342817211,0.2726163342817211
FB--GVI,11.53488238103455,0.2726163342644302,0.2726163342644302,0.2726163342644302
FB--GVI,11.564103730081117,0.2726163342479278,0.2726163342479278,0.2726163342479278
FB--GVI,11.592893339169676,0.272616334232178,0.272616334232178,0.272616334232178
FB--GVI,11.621451198065188,0.2726163342171468,0.2726163342171468,0.2726163342171468
FB--GVI,11.649721147085074,0.2726163342028014,0.2726163342028014,0.2726163342028014
FB--GVI,11.677882027172018,0.272616334189111,0.272616334189111,0.272616334189111
FB--GVI,11.706383126147555,0.2726163341760457,0.2726163341760457,0.2726163341760457
FB--GVI,11.750262095127257,0.272616334163577,0.272616334163577,0.272616334163577
FB--GVI,11.77974671422271,0.272616334151678,0.272616334151678,0.272616334151678
FB--GVI,11.807644773216452,0.2726163341403227,0.2726163341403227,0.2726163341403227
FB--GVI,11.84125855221646,0.2726163341294866,0.2726163341294866,0.2726163341294866
FB--GVI,11.875337771198248,0.2726163341191459,0.2726163341191459,0.2726163341191459
FB--GVI,11.908499950252008,0.272616334109278,0.272616334109278,0.272616334109278
FB--GVI,11.987141208315734,0.2726163340998616,0.2726163340998616,0.2726163340998616
FB--GVI,12.021936907374766,0.2726163340908762,0.2726163340908762,0.2726163340908762
FB--GVI,12.053955976327416,0.2726163340823022,0.2726163340823022,0.2726163340823022
FB--GVI,12.08283213537652,0.2726163340741206,0.2726163340741206,0.2726163340741206
FB--GVI,12.111606734397355,0.2726163340663138,0.2726163340663138,0.2726163340663138
FB--GVI,12.138723813404797,0.2726163340588647,0.2726163340588647,0.2726163340588647
FB--GVI,12.163025262299923,0.272616334051757,0.272616334051757,0.272616334051757
FB--GVI,12.192608031269629,0.2726163340449752,0.2726163340449752,0.2726163340449752
FB--GVI,12.222041460336186,0.2726163340385042,0.2726163340385042,0.2726163340385042
FB--GVI,12.251990739256144,0.2726163340323301,0.2726163340323301,0.2726163340323301
FB--GVI,12.28089733835077,0.2726163340264394,0.2726163340264394,0.2726163340264394
FB--GVI,12.30947321827989,0.2726163340208189,0.2726163340208189,0.2726163340208189
FB--GVI,12.33802612737054,0.2726163340154565,0.2726163340154565,0.2726163340154565
FB--GVI,12.367541496292688,0.2726163340103406,0.2726163340103406,0.2726163340103406
FB--GVI,12.397926625388209,0.2726163340054593,0.2726163340054593,0.2726163340054593
FB--GVI,12.42701503430726,0.2726163340008026,0.2726163340008026,0.2726163340008026
FB--GVI,12.45602411328582,0.2726163339963601,0.2726163339963601,0.2726163339963601
FB--GVI,12.484877592360135,0.2726163339921217,0.2726163339921217,0.2726163339921217
FB--GVI,12.513582851330284,0.2726163339880784,0.2726163339880784,0.2726163339880784
FB--GVI,12.543531770294068,0.2726163339842211,0.2726163339842211,0.2726163339842211
FB--GVI,12.572816629312,0.2726163339805413,0.2726163339805413,0.2726163339805413
FB--GVI,12.60183866834268,0.2726163339770311,0.2726163339770311,0.2726163339770311
FB--GVI,12.631666708446572,0.2726163339736825,0.2726163339736825,0.2726163339736825
FB--GVI,12.662390247453004,0.2726163339704882,0.2726163339704882,0.2726163339704882
FB--GVI,12.69144450640306,0.272616333967441,0.272616333967441,0.272616333967441
FB--GVI,12.721571465430316,0.2726163339645345,0.2726163339645345,0.2726163339645345
FB--GVI,12.754932824405842,0.2726163339617621,0.2726163339617621,0.2726163339617621
FB--GVI,12.788489183352794,0.2726163339591174,0.2726163339591174,0.2726163339591174
FB--GVI,12.82185237237718,0.2726163339565949,0.2726163339565949,0.2726163339565949
FB--GVI,12.851009041420184,0.2726163339541889,0.2726163339541889,0.2726163339541889
FB--GVI,12.88012245047139,0.272616333951894,0.272616333951894,0.272616333951894
FB--GVI,12.91955216950737,0.2726163339497052,0.2726163339497052,0.2726163339497052
FB--GVI,12.959348958567716,0.2726163339476176,0.2726163339476176,0.2726163339476176
FB--GVI,12.989014517632311,0.2726163339456265,0.2726163339456265,0.2726163339456265
FB--GVI,13.01801260659704,0.2726163339437275,0.2726163339437275,0.2726163339437275
FB--GVI,13.047138825582806,0.2726163339419163,0.2726163339419163,0.2726163339419163
FB--GVI,13.075419785629492,0.2726163339401891,0.2726163339401891,0.2726163339401891
FB--GVI,13.122853234643117,0.2726163339385418,0.2726163339385418,0.2726163339385418
FB--GVI,13.15178822359303,0.272616333936971,0.272616333936971,0.272616333936971
FB--GVI,13.180262442620004,0.2726163339354728,0.2726163339354728,0.2726163339354728
FB--GVI,13.209138721693307,0.2726163339340441,0.2726163339340441,0.2726163339340441
FB--GVI,13.23909949074732,0.2726163339326818,0.2726163339326818,0.2726163339326818
FB--GVI,13.26778132969048,0.2726163339313827,0.2726163339313827,0.2726163339313827
FB--GVI,13.296813218737952,0.2726163339301438,0.2726163339301438,0.2726163339301438
FB--GVI,13.325532747781835,0.2726163339289624,0.2726163339289624,0.2726163339289624
FB--GVI,13.354293187789152,0.2726163339278361,0.2726163339278361,0.2726163339278361
FB--GVI,13.38362174690701,0.2726163339267621,0.2726163339267621,0.2726163339267621
FB--GVI,13.412474245938938,0.2726163339257378,0.2726163339257378,0.2726163339257378
FB--GVI,13.440331764926668,0.2726163339247615,0.2726163339247615,0.2726163339247615
FB--GVI,13.46728408394847,0.2726163339238305,0.2726163339238305,0.2726163339238305
FB--GVI,13.49600531393662,0.2726163339229428,0.2726163339229428,0.2726163339229428
FB--GVI,13.524998552980833,0.2726163339220964,0.2726163339220964,0.2726163339220964
FB--GVI,13.553592291951643,0.2726163339212896,0.2726163339212896,0.2726163339212896
FB--GVI,13.581914900918491,0.2726163339205203,0.2726163339205203,0.2726163339205203
FB--GVI,13.610481670999434,0.272616333919787,0.272616333919787,0.272616333919787
FB--GVI,13.639400349988136,0.2726163339190879,0.2726163339190879,0.2726163339190879
FB--GVI,13.6655984990648,0.2726163339184215,0.2726163339184215,0.2726163339184215
FB--GVI,13.690113728109282,0.272616333917786,0.272616333917786,0.272616333917786
FB--GVI,13.719449417083524,0.2726163339171804,0.2726163339171804,0.2726163339171804
FB--GVI,13.74836845608661,0.272616333916603,0.272616333916603,0.272616333916603
FB--GVI,13.777692825125996,0.2726163339160528,0.2726163339160528,0.2726163339160528
FB--GVI,13.806945104210172,0.2726163339155282,0.2726163339155282,0.2726163339155282
FB--GVI,13.836029693251476,0.2726163339150281,0.2726163339150281,0.2726163339150281
FB--GVI,13.86475263221655,0.2726163339145517,0.2726163339145517,0.2726163339145517
FB--GVI,13.893944511248264,0.2726163339140973,0.2726163339140973,0.2726163339140973
FB--GVI,13.92325030034408,0.2726163339136644,0.2726163339136644,0.2726163339136644
FB--GVI,13.952726080198772,0.2726163339132519,0.2726163339132519,0.2726163339132519
FB--GVI,13.98234014917398,0.2726163339128586,0.2726163339128586,0.2726163339128586
FB--GVI,14.01108839828521,0.2726163339124838,0.2726163339124838,0.2726163339124838
FB--GVI,14.040217997331638,0.2726163339121267,0.2726163339121267,0.2726163339121267
FB--GVI,14.070548576302826,0.2726163339117862,0.2726163339117862,0.2726163339117862
FB--GVI,14.100095695292111,0.272616333911462,0.272616333911462,0.272616333911462
FB--GVI,14.129750474297907,0.272616333911153,0.272616333911153,0.272616333911153
FB--GVI,14.15867221337976,0.2726163339108583,0.2726163339108583,0.2726163339108583
FB--GVI,14.187988292425873,0.2726163339105777,0.2726163339105777,0.2726163339105777
FB--GVI,14.216998721414711,0.2726163339103104,0.2726163339103104,0.2726163339103104
FB--GVI,14.247462620434815,0.2726163339100556,0.2726163339100556,0.2726163339100556
FB--GVI,14.277781859447714,0.2726163339098129,0.2726163339098129,0.2726163339098129
FB--GVI,14.307291808479931,0.2726163339095816,0.2726163339095816,0.2726163339095816
FB--GVI,14.347315557533877,0.2726163339093613,0.2726163339093613,0.2726163339093613
FB--GVI,14.376092886552216,0.2726163339091513,0.2726163339091513,0.2726163339091513
FB--GVI,14.41200126556214,0.2726163339089513,0.2726163339089513,0.2726163339089513
FB--GVI,14.44029117556056,0.2726163339087608,0.2726163339087608,0.2726163339087608
FB--GVI,14.468631104566157,0.2726163339085791,0.2726163339085791,0.2726163339085791
FB--GVI,14.496888103487436,0.2726163339084064,0.2726163339084064,0.2726163339084064
FB--GVI,14.525585622526703,0.2726163339082416,0.2726163339082416,0.2726163339082416
FB--GVI,14.553986771497875,0.2726163339080847,0.2726163339080847,0.2726163339080847
FB--GVI,14.581836030469276,0.2726163339079354,0.2726163339079354,0.2726163339079354
FB--GVI,14.609697659441736,0.2726163339077931,0.2726163339077931,0.2726163339077931
FB--GVI,14.63760731840739,0.2726163339076575,0.2726163339076575,0.2726163339076575
FB--GVI,14.666419417480938,0.2726163339075285,0.2726163339075285,0.2726163339075285
FB--GVI,14.69548301748,0.2726163339074056,0.2726163339074056,0.2726163339074056
FB--GVI,14.724552776431665,0.2726163339072885,0.2726163339072885,0.2726163339072885
FB--GVI,14.753579275449738,0.272616333907177,0.272616333907177,0.272616333907177
FB--GVI,14.784440464514772,0.2726163339070709,0.2726163339070709,0.2726163339070709
FB--GVI,14.814316613483244,0.2726163339069697,0.2726163339069697,0.2726163339069697
FB--GVI,14.8427087024902,0.2726163339068734,0.2726163339068734,0.2726163339068734
FB--GVI,14.87195008143317,0.2726163339067819,0.2726163339067819,0.2726163339067819
FB--GVI,14.900895891420078,0.2726163339066945,0.2726163339066945,0.2726163339066945
FB--GVI,14.929847380437424,0.2726163339066116,0.2726163339066116,0.2726163339066116
FB--GVI,14.958244849462062,0.2726163339065324,0.2726163339065324,0.2726163339065324
FB--GVI,14.988666718476452,0.2726163339064573,0.2726163339064573,0.2726163339064573
FB--GVI,15.017358707496896,0.2726163339063855,0.2726163339063855,0.2726163339063855
FB--GVI,15.046409426489843,0.2726163339063173,0.2726163339063173,0.2726163339063173
FB--GVI,15.074893785465974,0.2726163339062522,0.2726163339062522,0.2726163339062522
FB--GVI,15.103360434412023,0.2726163339061904,0.2726163339061904,0.2726163339061904
FB--GVI,15.13213521335274,0.2726163339061316,0.2726163339061316,0.2726163339061316
FB--GVI,15.1612604323891,0.2726163339060757,0.2726163339060757,0.2726163339060757
FB--GVI,15.189833401353098,0.2726163339060223,0.2726163339060223,0.2726163339060223
FB--GVI,15.218186650483403,0.2726163339059715,0.2726163339059715,0.2726163339059715
FB--GVI,15.24692058947403,0.2726163339059233,0.2726163339059233,0.2726163339059233
FB--GVI,15.275293008424342,0.2726163339058773,0.2726163339058773,0.2726163339058773
FB--GVI,15.303686427301727,0.2726163339058337,0.2726163339058337,0.2726163339058337
FB--GVI,15.33221372636035,0.2726163339057921,0.2726163339057921,0.2726163339057921
FB--GVI,15.361024235317018,0.2726163339057524,0.2726163339057524,0.2726163339057524
FB--GVI,15.389199954282958,0.2726163339057149,0.2726163339057149,0.2726163339057149
FB--GVI,15.417213233362418,0.272616333905679,0.272616333905679,0.272616333905679
FB--GVI,15.445329742331523,0.272616333905645,0.272616333905645,0.272616333905645
FB--GVI,15.47449525236152,0.2726163339056125,0.2726163339056125,0.2726163339056125
FB--GVI,15.503601881326176,0.2726163339055818,0.2726163339055818,0.2726163339055818
FB--GVI,15.532328710367436,0.2726163339055524,0.2726163339055524,0.2726163339055524
FB--GVI,15.562320759345312,0.2726163339055245,0.2726163339055245,0.2726163339055245
FB--GVI,15.59291003830731,0.2726163339054979,0.2726163339054979,0.2726163339054979
FB--GVI,15.622971857257651,0.2726163339054727,0.2726163339054727,0.2726163339054727
FB--GVI,15.651109746308066,0.2726163339054487,0.2726163339054487,0.2726163339054487
FB--GVI,15.680372026283294,0.2726163339054261,0.2726163339054261,0.2726163339054261
FB--GVI,15.709043155307882,0.2726163339054042,0.2726163339054042,0.2726163339054042
FB--GVI,15.738081364310348,0.2726163339053837,0.2726163339053837,0.2726163339053837
FB--GVI,15.766921863367315,0.2726163339053641,0.2726163339053641,0.2726163339053641
FB--GVI,15.79649464332033,0.2726163339053455,0.2726163339053455,0.2726163339053455
FB--GVI,15.82555091229733,0.2726163339053277,0.2726163339053277,0.2726163339053277
FB--GVI,15.855086601222864,0.2726163339053109,0.2726163339053109,0.2726163339053109
FB--GVI,15.895752110285684,0.2726163339052947,0.2726163339052947,0.2726163339052947
FB--GVI,15.924885729327798,0.2726163339052797,0.2726163339052797,0.2726163339052797
FB--GVI,15.95446315832669,0.2726163339052652,0.2726163339052652,0.2726163339052652
FB--GVI,15.982940787333064,0.2726163339052515,0.2726163339052515,0.2726163339052515
FB--GVI,16.027859205321874,0.2726163339052384,0.2726163339052384,0.2726163339052384
FB--GVI,16.056190194387455,0.272616333905226,0.272616333905226,0.272616333905226
FB--GVI,16.084423104359303,0.2726163339052143,0.2726163339052143,0.2726163339052143
FB--GVI,16.11262016330147,0.2726163339052031,0.2726163339052031,0.2726163339052031
FB--GVI,16.14023931225529,0.2726163339051924,0.2726163339051924,0.2726163339051924
FB--GVI,16.16898751136614,0.2726163339051823,0.2726163339051823,0.2726163339051823
FB--GVI,16.19749633036554,0.2726163339051727,0.2726163339051727,0.2726163339051727
FB--GVI,16.226980229315814,0.2726163339051637,0.2726163339051637,0.2726163339051637
FB--GVI,16.256756798306014,0.2726163339051549,0.2726163339051549,0.2726163339051549
FB--GVI,16.285152857308276,0.2726163339051467,0.2726163339051467,0.2726163339051467
FB--GVI,16.314488107338548,0.272616333905139,0.272616333905139,0.272616333905139
FB--GVI,16.342402956273872,0.2726163339051315,0.2726163339051315,0.2726163339051315
FB--GVI,16.37193840526743,0.2726163339051245,0.2726163339051245,0.2726163339051245
FB--GVI,16.40135606424883,0.2726163339051178,0.2726163339051178,0.2726163339051178
FB--GVI,16.429923714196775,0.2726163339051115,0.2726163339051115,0.2726163339051115
FB--GVI,16.458392793196253,0.2726163339051055,0.2726163339051055,0.2726163339051055
FB--GVI,16.486759122286458,0.2726163339050997,0.2726163339050997,0.2726163339050997
FB--GVI,16.515017251251265,0.2726163339050942,0.2726163339050942,0.2726163339050942
FB--GVI,16.543338170216884,0.2726163339050892,0.2726163339050892,0.2726163339050892
FB--GVI,16.572121309291106,0.2726163339050844,0.2726163339050844,0.2726163339050844
FB--GVI,16.60145269834902,0.2726163339050798,0.2726163339050798,0.2726163339050798
FB--GVI,16.63042064732872,0.2726163339050752,0.2726163339050752,0.2726163339050752
FB--GVI,16.65922444727039,0.2726163339050712,0.2726163339050712,0.2726163339050712
FB--GVI,16.687731956189964,0.2726163339050673,0.2726163339050673,0.2726163339050673
FB--GVI,16.716320075152908,0.2726163339050635,0.2726163339050635,0.2726163339050635
FB--GVI,16.745896164153237,0.2726163339050599,0.2726163339050599,0.2726163339050599
FB--GVI,16.775399084261153,0.2726163339050567,0.2726163339050567,0.2726163339050567
FB--GVI,16.804520053206943,0.2726163339050534,0.2726163339050534,0.2726163339050534
FB--GVI,16.83368837222224,0.2726163339050503,0.2726163339050503,0.2726163339050503
FB--GVI,16.862651261268184,0.2726163339050475,0.2726163339050475,0.2726163339050475
FB--GVI,16.89353438024409,0.2726163339050448,0.2726163339050448,0.2726163339050448
FB--GVI,16.922199069231283,0.2726163339050423,0.2726163339050423,0.2726163339050423
FB--GVI,16.950739408261143,0.2726163339050398,0.2726163339050398,0.2726163339050398
FB--GVI,16.979051867267117,0.2726163339050373,0.2726163339050373,0.2726163339050373
FB--GVI,17.008667616231833,0.2726163339050353,0.2726163339050353,0.2726163339050353
FB--GVI,17.037124095193576,0.2726163339050333,0.2726163339050333,0.2726163339050333
FB--GVI,17.066829854156822,0.2726163339050312,0.2726163339050312,0.2726163339050312
FB--GVI,17.09646539320238,0.2726163339050294,0.2726163339050294,0.2726163339050294
FB--GVI,17.125657912227325,0.2726163339050277,0.2726163339050277,0.2726163339050277
FB--GVI,17.154849501152057,0.272616333905026,0.272616333905026,0.272616333905026
FB--GVI,17.18649198015919,0.2726163339050244,0.2726163339050244,0.2726163339050244
FB--GVI,17.215421149216127,0.2726163339050229,0.2726163339050229,0.2726163339050229
FB--GVI,17.24485748814186,0.2726163339050216,0.2726163339050216,0.2726163339050216
FB--GVI,17.27690123708453,0.2726163339050203,0.2726163339050203,0.2726163339050203
FB--GVI,17.309145546052605,0.272616333905019,0.272616333905019,0.272616333905019
FB--GVI,17.341697645024396,0.2726163339050177,0.2726163339050177,0.2726163339050177
FB--GVI,17.3744105740916,0.2726163339050167,0.2726163339050167,0.2726163339050167
FB--GVI,17.404921113164164,0.2726163339050156,0.2726163339050156,0.2726163339050156
FB--GVI,17.436824092059396,0.2726163339050146,0.2726163339050146,0.2726163339050146
FB--GVI,17.468414661067072,0.2726163339050136,0.2726163339050136,0.2726163339050136
FB--GVI,17.510396419966128,0.2726163339050128,0.2726163339050128,0.2726163339050128
FB--GVI,17.56044764892431,0.2726163339050119,0.2726163339050119,0.2726163339050119
FB--GVI,17.61639679793734,0.2726163339050111,0.2726163339050111,0.2726163339050111
FB--GVI,17.65320818690816,0.2726163339050105,0.2726163339050105,0.2726163339050105
FB--GVI,17.682541485875845,0.2726163339050096,0.2726163339050096,0.2726163339050096
FB--GVI,17.71126559493132,0.272616333905009,0.272616333905009,0.272616333905009
FB--GVI,17.740543284919113,0.2726163339050084,0.2726163339050084,0.2726163339050084
FB--GVI,17.769965853891335,0.2726163339050078,0.2726163339050078,0.2726163339050078
FB--GVI,17.80056490295101,0.2726163339050071,0.2726163339050071,0.2726163339050071
FB--GVI,17.830079731997102,0.2726163339050068,0.2726163339050068,0.2726163339050068
FB--GVI,17.86486495094141,0.2726163339050062,0.2726163339050062,0.2726163339050062
FB--GVI,17.903683579992503,0.2726163339050058,0.2726163339050058,0.2726163339050058
FB--GVI,17.93635913892649,0.2726163339050052,0.2726163339050052,0.2726163339050052
FB--GVI,17.97074035787955,0.2726163339050048,0.2726163339050048,0.2726163339050048
FB--GVI,17.99997929687379,0.2726163339050045,0.2726163339050045,0.2726163339050045
FB--GVI,18.03607902588556,0.272616333905004,0.272616333905004,0.272616333905004
FB--GVI,18.07027348486008,0.2726163339050037,0.2726163339050037,0.2726163339050037
FB--GVI,18.11018244281877,0.2726163339050033,0.2726163339050033,0.2726163339050033
FB--GVI,18.14699187182123,0.2726163339050031,0.2726163339050031,0.2726163339050031
FB--GVI,18.18042972072726,0.2726163339050028,0.2726163339050028,0.2726163339050028
FB--GVI,18.21458477975102,0.2726163339050026,0.2726163339050026,0.2726163339050026
FB--GVI,18.25073949882062,0.2726163339050023,0.2726163339050023,0.2726163339050023
FB--GVI,18.28779912687605,0.272616333905002,0.272616333905002,0.272616333905002
Sq--NGVI,0.0,0.6931471805579523,0.6931471805579523,0.6931471805579523
Sq--NGVI,0.0314150690101087,0.322810887328263,0.322810887328263,0.322810887328263
Sq--NGVI,0.0631171779823489,0.299655479841686,0.299655479841686,0.299655479841686
Sq--NGVI,0.0950255369534716,0.2910275874247078,0.2910275874247078,0.2910275874247078
Sq--NGVI,0.1272232760093175,0.2869386592707473,0.2869386592707473,0.2869386592707473
Sq--NGVI,0.1605470649665221,0.2847767892446641,0.2847767892446641,0.2847767892446641
Sq--NGVI,0.1924767139134928,0.2835570049542827,0.2835570049542827,0.2835570049542827
Sq--NGVI,0.2256616629310883,0.2828337636333725,0.2828337636333725,0.2828337636333725
Sq--NGVI,0.2579253919539042,0.2823811607965646,0.2823811607965646,0.2823811607965646
Sq--NGVI,0.2910885509918444,0.282075465720672,0.282075465720672,0.282075465720672
Sq--NGVI,0.3216880600666627,0.2818452785350838,0.2818452785350838,0.2818452785350838
Sq--NGVI,0.3520301390672102,0.2816480554517795,0.2816480554517795,0.2816480554517795
Sq--NGVI,0.381047728122212,0.2814581274507904,0.2814581274507904,0.2814581274507904
Sq--NGVI,0.4097879181499593,0.2812601754147937,0.2812601754147937,0.2812601754147937
Sq--NGVI,0.438181237259414,0.2810454778165653,0.2810454778165653,0.2810454778165653
Sq--NGVI,0.4660101563786156,0.2808096475923536,0.2808096475923536,0.2808096475923536
Sq--NGVI,0.4942562453798018,0.2805512067913858,0.2805512067913858,0.2805512067913858
Sq--NGVI,0.5238449044409208,0.2802706515659965,0.2802706515659965,0.2802706515659965
Sq--NGVI,0.5516787533997558,0.2799698144037548,0.2799698144037548,0.2799698144037548
Sq--NGVI,0.5813360023894347,0.2796514126000713,0.2796514126000713,0.2796514126000713
Sq--NGVI,0.6110224914154969,0.2793187174429104,0.2793187174429104,0.2793187174429104
Sq--NGVI,0.6406229314743541,0.2789753046591405,0.2789753046591405,0.2789753046591405
Sq--NGVI,0.6707628305302933,0.2786248620565873,0.2786248620565873,0.2786248620565873
Sq--NGVI,0.7029926795512438,0.2782710395537621,0.2782710395537621,0.2782710395537621
Sq--NGVI,0.7365260185906664,0.2779173324047326,0.2779173324047326,0.2779173324047326
Sq--NGVI,0.7704192575183697,0.2775669918019234,0.2775669918019234,0.2775669918019234
Sq--NGVI,0.8042858764529228,0.2772229590001343,0.2772229590001343,0.2772229590001343
Sq--NGVI,0.8380539455683902,0.2768878201613249,0.2768878201613249,0.2768878201613249
Sq--NGVI,0.8708357145660557,0.276563779605422,0.276563779605422,0.276563779605422
Sq--NGVI,0.9018330335966313,0.2762526492972439,0.2762526492972439,0.2762526492972439
Sq--NGVI,0.9421911026001908,0.2759558523669042,0.2759558523669042,0.2759558523669042
Sq--NGVI,0.9816280515515244,0.2756744383671122,0.2756744383671122,0.2756744383671122
Sq--NGVI,1.0131258806213737,0.2754091078950232,0.2754091078950232,0.2754091078950232
Sq--NGVI,1.0435781396226955,0.2751602441971877,0.2751602441971877,0.2751602441971877
Sq--NGVI,1.073693208687473,0.2749279494563874,0.2749279494563874,0.2749279494563874
Sq--NGVI,1.105510277673602,0.2747120836306038,0.2747120836306038,0.2747120836306038
Sq--NGVI,1.1364664966240523,0.2745123039638742,0.2745123039638742,0.2745123039638742
Sq--NGVI,1.1680303356260993,0.2743281035938239,0.2743281035938239,0.2743281035938239
Sq--NGVI,1.1989020646433346,0.2741588480147372,0.2741588480147372,0.2741588480147372
Sq--NGVI,1.229851043666713,0.2740038084922068,0.2740038084922068,0.2740038084922068
Sq--NGVI,1.2604807926691135,0.2738621918434371,0.2738621918434371,0.2738621918434371
Sq--NGVI,1.2910590316168964,0.2737331662795835,0.2737331662795835,0.2737331662795835
Sq--NGVI,1.321204440726433,0.273615883242712,0.273615883242712,0.273615883242712
Sq--NGVI,1.3522595996619202,0.2735094953556191,0.2735094953556191,0.2735094953556191
Sq--NGVI,1.3839964186772704,0.2734131707383236,0.2734131707383236,0.2734131707383236
Sq--NGVI,1.4142771976185031,0.2733261040346517,0.2733261040346517,0.2733261040346517
Sq--NGVI,1.445176467532292,0.2732475245423967,0.2732475245423967,0.2732475245423967
Sq--NGVI,1.4745432264753615,0.2731767018585568,0.2731767018585568,0.2731767018585568
Sq--NGVI,1.5030335255432874,0.2731129494447924,0.2731129494447924,0.2731129494447924
Sq--NGVI,1.5296087245224044,0.2730556264946401,0.2730556264946401,0.2730556264946401
Sq--NGVI,1.5625332335475832,0.2730041384493515,0.2730041384493515,0.2730041384493515
Sq--NGVI,1.5939549526083283,0.2729579364685515,0.2729579364685515,0.2729579364685515
Sq--NGVI,1.6235960716148838,0.2729165161191454,0.2729165161191454,0.2729165161191454
Sq--NGVI,1.6624175206525251,0.2728794155038564,0.2728794155038564,0.2728794155038564
Sq--NGVI,1.6896290896693245,0.272846213011363,0.272846213011363,0.272846213011363
Sq--NGVI,1.728361407702323,0.2728165248343805,0.2728165248343805,0.2728165248343805
Sq--NGVI,1.7562194967758842,0.2727900023707356,0.2727900023707356,0.2727900023707356
Sq--NGVI,1.7842649657977745,0.2727663295957009,0.2727663295957009,0.2727663295957009
Sq--NGVI,1.811818514834158,0.2727452204714041,0.2727452204714041,0.2727452204714041
Sq--NGVI,1.8410758538520893,0.2727264164406976,0.2727264164406976,0.2727264164406976
Sq--NGVI,1.8618833639193328,0.2727096840380311,0.2727096840380311,0.2727096840380311
Sq--NGVI,1.883268083911389,0.2726948126381435,0.2726948126381435,0.2726948126381435
Sq--NGVI,1.9119015628821217,0.2726816123543098,0.2726816123543098,0.2726816123543098
Sq--NGVI,1.940050801844336,0.2726699120909913,0.2726699120909913,0.2726699120909913
Sq--NGVI,1.9670093808090316,0.272659557750665,0.272659557750665,0.272659557750665
Sq--NGVI,1.995302329887636,0.2726504105909594,0.2726504105909594,0.2726504105909594
Sq--NGVI,2.0237384598585777,0.2726423457257309,0.2726423457257309,0.2726423457257309
Sq--NGVI,2.051765158772469,0.2726352507621015,0.2726352507621015,0.2726352507621015
Sq--NGVI,2.0798320478061214,0.2726290245645421,0.2726290245645421,0.2726290245645421
Sq--NGVI,2.1077440368244424,0.2726235761366485,0.2726235761366485,0.2726235761366485
Sq--NGVI,2.135290636797436,0.2726188236112039,0.2726188236112039,0.2726188236112039
Sq--NGVI,2.16332879581023,0.2726146933393054,0.2726146933393054,0.2726146933393054
Sq--NGVI,2.1913649747730237,0.2726111190697196,0.2726111190697196,0.2726111190697196
Sq--NGVI,2.2194582438096404,0.2726080412101113,0.2726080412101113,0.2726080412101113
Sq--NGVI,2.2479993227752857,0.2726054061623529,0.2726054061623529,0.2726054061623529
Sq--NGVI,2.276020951743704,0.2726031657246996,0.2726031657246996,0.2726031657246996
Sq--NGVI,2.304059660760686,0.2726012765542149,0.2726012765542149,0.2726012765542149
Sq--NGVI,2.329528669710271,0.2725996996834,0.2725996996834,0.2725996996834
Sq--NGVI,2.357332158717327,0.2725984000855472,0.2725984000855472,0.2725984000855472
Sq--NGVI,2.3854664475657046,0.2725973462838471,0.2725973462838471,0.2725973462838471
Sq--NGVI,2.413396426534746,0.2725965099997768,0.2725965099997768,0.2725965099997768
Sq--NGVI,2.441461045469623,0.272595865836737,0.272595865836737,0.272595865836737
Sq--NGVI,2.469624514458701,0.2725953909953185,0.2725953909953185,0.2725953909953185
Sq--NGVI,2.497569563507568,0.2725950650169576,0.2725950650169576,0.2725950650169576
Sq--NGVI,2.525570613448508,0.2725948695530638,0.2725948695530638,0.2725948695530638
Sq--NGVI,2.547217783459928,0.2725947881570244,0.2725947881570244,0.2725947881570244
Sq--NGVI,2.5768297823960893,0.2725948060967478,0.2725948060967478,0.2725948060967478
Sq--NGVI,2.6055788613157347,0.272594910185666,0.272594910185666,0.272594910185666
Sq--NGVI,2.635020690388046,0.2725950886303263,0.2725950886303263,0.2725950886303263
Sq--NGVI,2.6631801503826864,0.2725953308929024,0.2725953308929024,0.2725953308929024
Sq--NGVI,2.691326489322819,0.2725956275671327,0.2725956275671327,0.2725956275671327
Sq--NGVI,2.7201517283683643,0.2725959702663407,0.2725959702663407,0.2725959702663407
Sq--NGVI,2.741468537482433,0.2725963515223423,0.2725963515223423,0.2725963515223423
Sq--NGVI,2.76595563639421,0.272596764694163,0.272596764694163,0.272596764694163
Sq--NGVI,2.7942260453710333,0.2725972038855958,0.2725972038855958,0.2725972038855958
Sq--NGVI,2.822440085466951,0.2725976638707399,0.2725976638707399,0.2725976638707399
Sq--NGVI,2.850599174387753,0.2725981400267346,0.2725981400267346,0.2725981400267346
Sq--NGVI,2.878469103423413,0.2725986282729934,0.2725986282729934,0.2725986282729934
Sq--NGVI,2.9070958424708806,0.2725991250163071,0.2725991250163071,0.2725991250163071
Sq--NGVI,2.936512202490121,0.2725996271012493,0.2725996271012493,0.2725996271012493
Sq--NGVI,2.964860461535864,0.2726001317653733,0.2726001317653733,0.2726001317653733
Sq--NGVI,2.9935892805224285,0.2726006365987424,0.2726006365987424,0.2726006365987424
Sq--NGVI,3.021539189503528,0.2726011395073763,0.2726011395073763,0.2726011395073763
Sq--NGVI,3.0496460395515896,0.2726016386802414,0.2726016386802414,0.2726016386802414
Sq--NGVI,3.077676578599494,0.2726021325594456,0.2726021325594456,0.2726021325594456
Sq--NGVI,3.105555297632236,0.2726026198133337,0.2726026198133337,0.2726026198133337
Sq--NGVI,3.1334687265916727,0.2726030993122061,0.2726030993122061,0.2726030993122061
Sq--NGVI,3.161219415604137,0.2726035701064136,0.2726035701064136,0.2726035701064136
Sq--NGVI,3.189057185605634,0.2726040314065995,0.2726040314065995,0.2726040314065995
Sq--NGVI,3.2168989945785142,0.2726044825658898,0.2726044825658898,0.2726044825658898
Sq--NGVI,3.244539243518375,0.2726049230638414,0.2726049230638414,0.2726049230638414
Sq--NGVI,3.27228519244818,0.272605352491985,0.272605352491985,0.272605352491985
Sq--NGVI,3.3001708314404823,0.2726057705408101,0.2726057705408101,0.2726057705408101
Sq--NGVI,3.3281297115026973,0.272606176988055,0.272606176988055,0.272606176988055
Sq--NGVI,3.3559375104960054,0.2726065716881773,0.2726065716881773,0.2726065716881773
Sq--NGVI,3.383644559537061,0.272606954562893,0.272606954562893,0.272606954562893
Sq--NGVI,3.41125135839684,0.2726073255926814,0.2726073255926814,0.2726073255926814
Sq--NGVI,3.4500322963576764,0.2726076848091648,0.2726076848091648,0.2726076848091648
Sq--NGVI,3.4755886652856134,0.2726080322882775,0.2726080322882775,0.2726080322882775
Sq--NGVI,3.5016129642608576,0.2726083681441497,0.2726083681441497,0.2726083681441497
Sq--NGVI,3.5235725333332084,0.2726086925236352,0.2726086925236352,0.2726086925236352
Sq--NGVI,3.5484397324034944,0.2726090056014249,0.2726090056014249,0.2726090056014249
Sq--NGVI,3.569609001337085,0.272609307575684,0.272609307575684,0.272609307575684
Sq--NGVI,3.5929295704117976,0.2726095986641663,0.2726095986641663,0.2726095986641663
Sq--NGVI,3.622015669418033,0.272609879100756,0.272609879100756,0.272609879100756
Sq--NGVI,3.643976868363097,0.2726101491323976,0.2726101491323976,0.2726101491323976
Sq--NGVI,3.67373906733701,0.272610409016373,0.272610409016373,0.272610409016373
Sq--NGVI,3.701447916275356,0.2726106590178932,0.2726106590178932,0.2726106590178932
Sq--NGVI,3.722781086282339,0.2726108994079737,0.2726108994079737,0.2726108994079737
Sq--NGVI,3.7442729363101535,0.2726111304615619,0.2726111304615619,0.2726111304615619
Sq--NGVI,3.766385586292017,0.2726113524558965,0.2726113524558965,0.2726113524558965
Sq--NGVI,3.790509046288207,0.2726115656690692,0.2726115656690692,0.2726115656690692
Sq--NGVI,3.8199013852281496,0.2726117703787736,0.2726117703787736,0.2726117703787736
Sq--NGVI,3.8490748942131177,0.272611966861217,0.272611966861217,0.272611966861217
Sq--NGVI,3.87057167320745,0.2726121553901831,0.2726121553901831,0.2726121553901831
Sq--NGVI,3.892484392272309,0.272612336236225,0.272612336236225,0.272612336236225
Sq--NGVI,3.922079441137612,0.2726125096659788,0.2726125096659788,0.2726125096659788
Sq--NGVI,3.943707020080183,0.2726126759415819,0.2726126759415819,0.2726126759415819
Sq--NGVI,3.965095488994848,0.272612835320186,0.272612835320186,0.272612835320186
Sq--NGVI,3.9865546679939134,0.2726129880535549,0.2726129880535549,0.2726129880535549
Sq--NGVI,4.010939627070911,0.2726131343877356,0.2726131343877356,0.2726131343877356
Sq--NGVI,4.032465006050188,0.2726132745627975,0.2726132745627975,0.2726132745627975
Sq--NGVI,4.053918055084068,0.272613408812629,0.272613408812629,0.272613408812629
Sq--NGVI,4.079126834112685,0.2726135373647864,0.2726135373647864,0.2726135373647864
Sq--NGVI,4.100668943079654,0.2726136604403886,0.2726136604403886,0.2726136604403886
Sq--NGVI,4.124061062117107,0.2726137782540521,0.2726137782540521,0.2726137782540521
Sq--NGVI,4.145500261103734,0.2726138910138606,0.2726138910138606,0.2726138910138606
Sq--NGVI,4.174740680085961,0.272613998921366,0.272613998921366,0.272613998921366
Sq--NGVI,4.2036274101701565,0.272614102171616,0.272614102171616,0.272614102171616
Sq--NGVI,4.231707989121787,0.2726142009532041,0.2726142009532041,0.2726142009532041
Sq--NGVI,4.252740528085269,0.2726142954483401,0.2726142954483401,0.2726142954483401
Sq--NGVI,4.273584298091009,0.2726143858329378,0.2726143858329378,0.2726143858329378
Sq--NGVI,4.294646998052485,0.2726144722767166,0.2726144722767166,0.2726144722767166
Sq--NGVI,4.315839738119394,0.2726145549433152,0.2726145549433152,0.2726145549433152
Sq--NGVI,4.337032798212022,0.272614633990416,0.272614633990416,0.272614633990416
Sq--NGVI,4.359741528169252,0.2726147095698767,0.2726147095698767,0.2726147095698767
Sq--NGVI,4.38557064824272,0.2726147818278698,0.2726147818278698,0.2726147818278698
Sq--NGVI,4.406703778309748,0.2726148509050258,0.2726148509050258,0.2726148509050258
Sq--NGVI,4.42778955824906,0.2726149169365823,0.2726149169365823,0.2726149169365823
Sq--NGVI,4.450783758191392,0.2726149800525333,0.2726149800525333,0.2726149800525333
Sq--NGVI,4.471941068244632,0.272615040377783,0.272615040377783,0.272615040377783
Sq--NGVI,4.4932060882565565,0.2726150980322985,0.2726150980322985,0.2726150980322985
Sq--NGVI,4.514150917180814,0.2726151531312642,0.2726151531312642,0.2726151531312642
Sq--NGVI,4.53922062611673,0.2726152057852345,0.2726152057852345,0.2726152057852345
Sq--NGVI,4.560573935159482,0.272615256100286,0.272615256100286,0.272615256100286
Sq--NGVI,4.582086514157709,0.2726153041781687,0.2726153041781687,0.2726153041781687
Sq--NGVI,4.6068263331544586,0.2726153501164547,0.2726153501164547,0.2726153501164547
Sq--NGVI,4.639182902174071,0.2726153940086843,0.2726153940086843,0.2726153940086843
Sq--NGVI,4.67106544127455,0.27261543594451,0.27261543594451,0.27261543594451
Sq--NGVI,4.693771530291997,0.2726154760098382,0.2726154760098382,0.2726154760098382
Sq--NGVI,4.730296149267815,0.2726155142869664,0.2726155142869664,0.2726155142869664
Sq--NGVI,4.757423048198689,0.2726155508547183,0.2726155508547183,0.2726155508547183
Sq--NGVI,4.778384557168465,0.272615585788575,0.272615585788575,0.272615585788575
Sq--NGVI,4.799297236138955,0.2726156191608039,0.2726156191608039,0.2726156191608039
Sq--NGVI,4.820019535196479,0.2726156510405815,0.2726156510405815,0.2726156510405815
Sq--NGVI,4.840982814144809,0.272615681494116,0.272615681494116,0.272615681494116
Sq--NGVI,4.8619694341905415,0.2726157105847633,0.2726157105847633,0.2726157105847633
Sq--NGVI,4.883186654071324,0.2726157383731412,0.2726157383731412,0.2726157383731412
Sq--NGVI,4.90811606409261,0.2726157649172396,0.2726157649172396,0.2726157649172396
Sq--NGVI,4.928925224056002,0.2726157902725262,0.2726157902725262,0.2726157902725262
Sq--NGVI,4.949453184090089,0.2726158144920503,0.2726158144920503,0.2726158144920503
Sq--NGVI,4.97117140411865,0.2726158376265413,0.2726158376265413,0.2726158376265413
Sq--NGVI,4.992005164152943,0.2726158597245052,0.2726158597245052,0.2726158597245052
Sq--NGVI,5.012734484160319,0.2726158808323168,0.2726158808323168,0.2726158808323168
Sq--NGVI,5.033454533258919,0.272615900994309,0.272615900994309,0.272615900994309
Sq--NGVI,5.057736582239159,0.2726159202528585,0.2726159202528585,0.2726159202528585
Sq--NGVI,5.07840511132963,0.2726159386484684,0.2726159386484684,0.2726159386484684
Sq--NGVI,5.099028600321617,0.272615956219848,0.272615956219848,0.272615956219848
Sq--NGVI,5.142756059241947,0.272615973003989,0.272615973003989,0.272615973003989
Sq--NGVI,5.1638784992392175,0.2726159890362395,0.2726159890362395,0.2726159890362395
Sq--NGVI,5.186101608211175,0.2726160043503742,0.2726160043503742,0.2726160043503742
Sq--NGVI,5.207370247226208,0.2726160189786628,0.2726160189786628,0.2726160189786628
Sq--NGVI,5.233451526146382,0.2726160329519342,0.2726160329519342,0.2726160329519342
Sq--NGVI,5.254899815190584,0.2726160462996405,0.2726160462996405,0.2726160462996405
Sq--NGVI,5.286969494190998,0.272616059049916,0.272616059049916,0.272616059049916
Sq--NGVI,5.319861753261648,0.2726160712296347,0.2726160712296347,0.2726160712296347
Sq--NGVI,5.352087562379893,0.2726160828644666,0.2726160828644666,0.2726160828644666
Sq--NGVI,5.38463208131725,0.2726160939789294,0.2726160939789294,0.2726160939789294
Sq--NGVI,5.416992430342361,0.2726161045964397,0.2726161045964397,0.2726161045964397
Sq--NGVI,5.449678779288661,0.2726161147393622,0.2726161147393622,0.2726161147393622
Sq--NGVI,5.481896628276445,0.2726161244290551,0.2726161244290551,0.2726161244290551
Sq--NGVI,5.514061417314224,0.2726161336859158,0.2726161336859158,0.2726161336859158
Sq--NGVI,5.546367696428206,0.2726161425294231,0.2726161425294231,0.2726161425294231
Sq--NGVI,5.578904235502705,0.2726161509781777,0.2726161509781777,0.2726161509781777
Sq--NGVI,5.611115194566082,0.2726161590499423,0.2726161590499423,0.2726161590499423
Sq--NGVI,5.643376723572146,0.272616166761678,0.272616166761678,0.272616166761678
Sq--NGVI,5.675348092569038,0.2726161741295809,0.2726161741295809,0.2726161741295809
Sq--NGVI,5.707570881582797,0.2726161811691158,0.2726161811691158,0.2726161811691158
Sq--NGVI,5.734814251540229,0.2726161878950496,0.2726161878950496,0.2726161878950496
Sq--NGVI,5.754937591555063,0.2726161943214819,0.2726161943214819,0.2726161943214819
Sq--NGVI,5.775537981535308,0.2726162004618757,0.2726162004618757,0.2726162004618757
Sq--NGVI,5.795953620632645,0.2726162063290854,0.2726162063290854,0.2726162063290854
Sq--NGVI,5.81847251963336,0.2726162119353847,0.2726162119353847,0.2726162119353847
Sq--NGVI,5.839871978678275,0.2726162172924923,0.2726162172924923,0.2726162172924923
Sq--NGVI,5.860703277634457,0.2726162224115978,0.2726162224115978,0.2726162224115978
Sq--NGVI,5.881308956653811,0.2726162273033846,0.2726162273033846,0.2726162273033846
Sq--NGVI,5.901629155501723,0.2726162319780529,0.2726162319780529,0.2726162319780529
Sq--NGVI,5.921890814555809,0.2726162364453426,0.2726162364453426,0.2726162364453426
Sq--NGVI,5.942606403550599,0.2726162407145525,0.2726162407145525,0.2726162407145525
Sq--NGVI,5.963812033587601,0.2726162447945618,0.2726162447945618,0.2726162447945618
Sq--NGVI,5.98529853351647,0.272616248693848,0.272616248693848,0.272616248693848
Sq--NGVI,6.006631983444095,0.2726162524205056,0.2726162524205056,0.2726162524205056
Sq--NGVI,6.034552943368908,0.2726162559822632,0.2726162559822632,0.2726162559822632
Sq--NGVI,6.055942963343114,0.2726162593865008,0.2726162593865008,0.2726162593865008
Sq--NGVI,6.077712283353321,0.2726162626402647,0.2726162626402647,0.2726162626402647
Sq--NGVI,6.098852683382575,0.2726162657502828,0.2726162657502828,0.2726162657502828
Sq--NGVI,6.120165043335874,0.2726162687229795,0.2726162687229795,0.2726162687229795
Sq--NGVI,6.143519592413213,0.2726162715644895,0.2726162715644895,0.2726162715644895
Sq--NGVI,6.17239450244233,0.27261627428067,0.27261627428067,0.27261627428067
Sq--NGVI,6.199700671422761,0.2726162768771146,0.2726162768771146,0.2726162768771146
Sq--NGVI,6.2209271503961645,0.2726162793591645,0.2726162793591645,0.2726162793591645
Sq--NGVI,6.242248029389884,0.2726162817319199,0.2726162817319199,0.2726162817319199
Sq--NGVI,6.263200269313529,0.2726162840002513,0.2726162840002513,0.2726162840002513
Sq--NGVI,6.284504089388065,0.2726162861688097,0.2726162861688097,0.2726162861688097
Sq--NGVI,6.3082271393504925,0.2726162882420368,0.2726162882420368,0.2726162882420368
Sq--NGVI,6.337102988327388,0.2726162902241742,0.2726162902241742,0.2726162902241742
Sq--NGVI,6.363698807312176,0.2726162921192728,0.2726162921192728,0.2726162921192728
Sq--NGVI,6.384419976326171,0.2726162939312008,0.2726162939312008,0.2726162939312008
Sq--NGVI,6.408485285297502,0.2726162956636532,0.2726162956636532,0.2726162956636532
Sq--NGVI,6.440701614366844,0.2726162973201584,0.2726162973201584,0.2726162973201584
Sq--NGVI,6.4734978133346885,0.2726162989040867,0.2726162989040867,0.2726162989040867
Sq--NGVI,6.50602105242433,0.2726163004186566,0.2726163004186566,0.2726163004186566
Sq--NGVI,6.547643400379457,0.2726163018669423,0.2726163018669423,0.2726163018669423
Sq--NGVI,6.590141969441902,0.2726163032518803,0.2726163032518803,0.2726163032518803
Sq--NGVI,6.622282608412206,0.2726163045762756,0.2726163045762756,0.2726163045762756
Sq--NGVI,6.654672787408344,0.2726163058428068,0.2726163058428068,0.2726163058428068
Sq--NGVI,6.686472336295992,0.2726163070540331,0.2726163070540331,0.2726163070540331
Sq--NGVI,6.718464555277024,0.2726163082123988,0.2726163082123988,0.2726163082123988
Sq--NGVI,6.750540644279681,0.2726163093202392,0.2726163093202392,0.2726163093202392
Sq--NGVI,6.782006693363655,0.2726163103797847,0.2726163103797847,0.2726163103797847
Sq--NGVI,6.813610092387535,0.2726163113931664,0.2726163113931664,0.2726163113931664
Sq--NGVI,6.845492321357597,0.27261631236242,0.27261631236242,0.27261631236242
Sq--NGVI,6.878113070386462,0.2726163132894901,0.2726163132894901,0.2726163132894901
Sq--NGVI,6.91011976939626,0.2726163141762351,0.2726163141762351,0.2726163141762351
Sq--NGVI,6.942434348340612,0.2726163150244298,0.2726163150244298,0.2726163150244298
Sq--NGVI,6.974807617312763,0.2726163158357704,0.2726163158357704,0.2726163158357704
Sq--NGVI,7.0076193463173695,0.2726163166118774,0.2726163166118774,0.2726163166118774
Sq--NGVI,7.039330585335847,0.272616317354299,0.272616317354299,0.272616317354299
Sq--NGVI,7.0710446943412535,0.2726163180645146,0.2726163180645146,0.2726163180645146
Sq--NGVI,7.103247093327809,0.2726163187439379,0.2726163187439379,0.2726163187439379
Sq--NGVI,7.135414032381959,0.2726163193939196,0.2726163193939196,0.2726163193939196
Sq--NGVI,7.167661231418606,0.2726163200157507,0.2726163200157507,0.2726163200157507
Sq--NGVI,7.199641890474595,0.2726163206106642,0.2726163206106642,0.2726163206106642
Sq--NGVI,7.231994859525002,0.2726163211798393,0.2726163211798393,0.2726163211798393
Sq--NGVI,7.2644869585637935,0.2726163217244022,0.2726163217244022,0.2726163217244022
Sq--NGVI,7.296650167612825,0.2726163222454296,0.2726163222454296,0.2726163222454296
Sq--NGVI,7.328619116626214,0.2726163227439502,0.2726163227439502,0.2726163227439502
Sq--NGVI,7.360889005474746,0.2726163232209472,0.2726163232209472,0.2726163232209472
Sq--NGVI,7.393102014495525,0.2726163236773609,0.2726163236773609,0.2726163236773609
Sq--NGVI,7.424858553509694,0.2726163241140889,0.2726163241140889,0.2726163241140889
Sq--NGVI,7.457694372511469,0.2726163245319905,0.2726163245319905,0.2726163245319905
Sq--NGVI,7.489810431550723,0.2726163249318857,0.2726163249318857,0.2726163249318857
Sq--NGVI,7.52180742053315,0.2726163253145593,0.2726163253145593,0.2726163253145593
Sq--NGVI,7.553885189583525,0.272616325680761,0.272616325680761,0.272616325680761
Sq--NGVI,7.5858496286091395,0.2726163260312078,0.2726163260312078,0.2726163260312078
Sq--NGVI,7.618362347595394,0.2726163263665845,0.2726163263665845,0.2726163263665845
Sq--NGVI,7.650683256681077,0.2726163266875465,0.2726163266875465,0.2726163266875465
Sq--NGVI,7.682949335605372,0.2726163269947199,0.2726163269947199,0.2726163269947199
Sq--NGVI,7.714823015558068,0.2726163272887035,0.2726163272887035,0.2726163272887035
Sq--NGVI,7.747057314554695,0.2726163275700695,0.2726163275700695,0.2726163275700695
Sq--NGVI,7.77870533359237,0.2726163278393652,0.2726163278393652,0.2726163278393652
Sq--NGVI,7.810950202692766,0.2726163280971139,0.2726163280971139,0.2726163280971139
Sq--NGVI,7.842870971711818,0.2726163283438158,0.2726163283438158,0.2726163283438158
Sq--NGVI,7.8751765817869455,0.2726163285799491,0.2726163285799491,0.2726163285799491
Sq--NGVI,7.907031140755862,0.2726163288059715,0.2726163288059715,0.2726163288059715
Sq--NGVI,7.938978169753682,0.27261632902232,0.27261632902232,0.27261632902232
Sq--NGVI,7.970770498737693,0.272616329229413,0.272616329229413,0.272616329229413
Sq--NGVI,8.003307577746455,0.2726163294276502,0.2726163294276502,0.2726163294276502
Sq--NGVI,8.035443466855213,0.2726163296174145,0.2726163296174145,0.2726163296174145
Sq--NGVI,8.067378425854258,0.2726163297990712,0.2726163297990712,0.2726163297990712
Sq--NGVI,8.09636221488472,0.2726163299729701,0.2726163299729701,0.2726163299729701
Sq--NGVI,8.128536073840223,0.272616330139446,0.272616330139446,0.272616330139446
Sq--NGVI,8.157161482784431,0.2726163302988185,0.2726163302988185,0.2726163302988185
Sq--NGVI,8.185589921718929,0.2726163304513938,0.2726163304513938,0.2726163304513938
Sq--NGVI,8.213972030789591,0.2726163305974643,0.2726163305974643,0.2726163305974643
Sq--NGVI,8.241796759830322,0.2726163307373101,0.2726163307373101,0.2726163307373101
Sq--NGVI,8.270929588703439,0.2726163308711988,0.2726163308711988,0.2726163308711988
Sq--NGVI,8.298866398690734,0.2726163309993866,0.2726163309993866,0.2726163309993866
Sq--NGVI,8.328148297674488,0.2726163311221184,0.2726163311221184,0.2726163311221184
Sq--NGVI,8.356754946755245,0.2726163312396285,0.2726163312396285,0.2726163312396285
Sq--NGVI,8.385014035739005,0.2726163313521412,0.2726163313521412,0.2726163313521412
Sq--NGVI,8.41301332571311,0.2726163314598707,0.2726163314598707,0.2726163314598707
Sq--NGVI,8.440823514712974,0.2726163315630222,0.2726163315630222,0.2726163315630222
Sq--NGVI,8.469292133697309,0.2726163316617919,0.2726163316617919,0.2726163316617919
Sq--NGVI,8.498060182784684,0.2726163317563677,0.2726163317563677,0.2726163317563677
Sq--NGVI,8.526377202768344,0.272616331846929,0.272616331846929,0.272616331846929
Sq--NGVI,8.554117121733725,0.2726163319336477,0.2726163319336477,0.2726163319336477
Sq--NGVI,8.581728950724937,0.2726163320166884,0.2726163320166884,0.2726163320166884
Sq--NGVI,8.609817849763203,0.2726163320962081,0.2726163320962081,0.2726163320962081
Sq--NGVI,8.638384968740866,0.2726163321723573,0.2726163321723573,0.2726163321723573
Sq--NGVI,8.666139097767882,0.2726163322452803,0.2726163322452803,0.2726163322452803
Sq--NGVI,8.694153386750259,0.2726163323151148,0.2726163323151148,0.2726163323151148
Sq--NGVI,8.717779095750302,0.2726163323819926,0.2726163323819926,0.2726163323819926
Sq--NGVI,8.738342764729168,0.2726163324460398,0.2726163324460398,0.2726163324460398
Sq--NGVI,8.759108313708566,0.2726163325073772,0.2726163325073772,0.2726163325073772
Sq--NGVI,8.783125152694993,0.2726163325661204,0.2726163325661204,0.2726163325661204
Sq--NGVI,8.804734031728003,0.2726163326223797,0.2726163326223797,0.2726163326223797
Sq--NGVI,8.82571319071576,0.2726163326762612,0.2726163326762612,0.2726163326762612
Sq--NGVI,8.84647925075842,0.2726163327278662,0.2726163327278662,0.2726163327278662
Sq--NGVI,8.867377310700249,0.2726163327772914,0.2726163327772914,0.2726163327772914
Sq--NGVI,8.888361510704271,0.2726163328246296,0.2726163328246296,0.2726163328246296
Sq--NGVI,8.90933417074848,0.2726163328699694,0.2726163328699694,0.2726163328699694
Sq--NGVI,8.930450119776651,0.2726163329133961,0.2726163329133961,0.2726163329133961
Sq--NGVI,8.952718808839563,0.2726163329549906,0.2726163329549906,0.2726163329549906
Sq--NGVI,8.975467547774315,0.2726163329948312,0.2726163329948312,0.2726163329948312
Sq--NGVI,9.003329096769448,0.2726163330329921,0.2726163330329921,0.2726163330329921
Sq--NGVI,9.03111376578454,0.2726163330695446,0.2726163330695446,0.2726163330695446
Sq--NGVI,9.058600734861102,0.2726163331045568,0.2726163331045568,0.2726163331045568
Sq--NGVI,9.086555903835688,0.2726163331380944,0.2726163331380944,0.2726163331380944
Sq--NGVI,9.109641942894086,0.2726163331702197,0.2726163331702197,0.2726163331702197
Sq--NGVI,9.130772591859568,0.2726163332009927,0.2726163332009927,0.2726163332009927
Sq--NGVI,9.152369110728614,0.2726163332304706,0.2726163332304706,0.2726163332304706
Sq--NGVI,9.173421359679196,0.2726163332587081,0.2726163332587081,0.2726163332587081
Sq--NGVI,9.194848388666289,0.2726163332857579,0.2726163332857579,0.2726163332857579
Sq--NGVI,9.22264061763417,0.2726163333116703,0.2726163333116703,0.2726163333116703
Sq--NGVI,9.250676676630974,0.2726163333364933,0.2726163333364933,0.2726163333364933
Sq--NGVI,9.272735825565178,0.2726163333602729,0.2726163333602729,0.2726163333602729
Sq--NGVI,9.293653754575644,0.2726163333830535,0.2726163333830535,0.2726163333830535
Sq--NGVI,9.314527173526583,0.2726163334048772,0.2726163334048772,0.2726163334048772
Sq--NGVI,9.335237862542272,0.2726163334257842,0.2726163334257842,0.2726163334257842
Sq--NGVI,9.35629254154628,0.2726163334458136,0.2726163334458136,0.2726163334458136
Sq--NGVI,9.384074040513951,0.2726163334650022,0.2726163334650022,0.2726163334650022
Sq--NGVI,9.412022029457148,0.2726163334833857,0.2726163334833857,0.2726163334833857
Sq--NGVI,9.43376400944544,0.2726163335009977,0.2726163335009977,0.2726163335009977
Sq--NGVI,9.454938518523704,0.2726163335178711,0.2726163335178711,0.2726163335178711
Sq--NGVI,9.475559567508752,0.272616333534037,0.272616333534037,0.272616333534037
Sq--NGVI,9.49598337651696,0.2726163335495252,0.2726163335495252,0.2726163335495252
Sq--NGVI,9.517063475504983,0.272616333564364,0.272616333564364,0.272616333564364
Sq--NGVI,9.551430344523396,0.2726163335785811,0.2726163335785811,0.2726163335785811
Sq--NGVI,9.579291754460428,0.2726163335922026,0.2726163335922026,0.2726163335922026
Sq--NGVI,9.606625063403044,0.2726163336052534,0.2726163336052534,0.2726163336052534
Sq--NGVI,9.634188712341713,0.2726163336177579,0.2726163336177579,0.2726163336177579
Sq--NGVI,9.661794361367356,0.2726163336297387,0.2726163336297387,0.2726163336297387
Sq--NGVI,9.689490721386392,0.272616333641218,0.272616333641218,0.272616333641218
Sq--NGVI,9.71749562030891,0.272616333652217,0.272616333652217,0.272616333652217
Sq--NGVI,9.7453356392798,0.2726163336627556,0.2726163336627556,0.2726163336627556
Sq--NGVI,9.773342718137428,0.2726163336728536,0.2726163336728536,0.2726163336728536
Sq--NGVI,9.800995177065488,0.2726163336825289,0.2726163336825289,0.2726163336825289
Sq--NGVI,9.822060627106111,0.2726163336917999,0.2726163336917999,0.2726163336917999
Sq--NGVI,9.842649406054989,0.2726163337006833,0.2726163337006833,0.2726163337006833
Sq--NGVI,9.870237944996916,0.2726163337091953,0.2726163337091953,0.2726163337091953
Sq--NGVI,9.898038654995617,0.2726163337173515,0.2726163337173515,0.2726163337173515
Sq--NGVI,9.920144994976,0.2726163337251669,0.2726163337251669,0.2726163337251669
Sq--NGVI,9.941347535001114,0.2726163337326559,0.2726163337326559,0.2726163337326559
Sq--NGVI,9.962267294933554,0.2726163337398321,0.2726163337398321,0.2726163337398321
Sq--NGVI,9.984764144814108,0.2726163337467086,0.2726163337467086,0.2726163337467086
Sq--NGVI,10.012738004908895,0.2726163337532979,0.2726163337532979,0.2726163337532979
Sq--NGVI,10.04042126389686,0.2726163337596121,0.2726163337596121,0.2726163337596121
Sq--NGVI,10.062703412899282,0.2726163337656628,0.2726163337656628,0.2726163337656628
Sq--NGVI,10.083814141980838,0.272616333771461,0.272616333771461,0.272616333771461
Sq--NGVI,10.104764942021577,0.2726163337770173,0.2726163337770173,0.2726163337770173
Sq--NGVI,10.125649132125544,0.2726163337823418,0.2726163337823418,0.2726163337823418
Sq--NGVI,10.153592301125173,0.2726163337874441,0.2726163337874441,0.2726163337874441
Sq--NGVI,10.181584450125229,0.2726163337923337,0.2726163337923337,0.2726163337923337
Sq--NGVI,10.202293969108725,0.2726163337970193,0.2726163337970193,0.2726163337970193
Sq--NGVI,10.223104718141258,0.2726163338015097,0.2726163338015097,0.2726163338015097
Sq--NGVI,10.243968447146472,0.2726163338058128,0.2726163338058128,0.2726163338058128
Sq--NGVI,10.265290066134185,0.2726163338099366,0.2726163338099366,0.2726163338099366
Sq--NGVI,10.293854235147592,0.2726163338138885,0.2726163338138885,0.2726163338138885
Sq--NGVI,10.322128864121623,0.2726163338176757,0.2726163338176757,0.2726163338176757
Sq--NGVI,10.343420733115636,0.2726163338213054,0.2726163338213054,0.2726163338213054
Sq--NGVI,10.3646649721195,0.2726163338247835,0.2726163338247835,0.2726163338247835
Sq--NGVI,10.386024701118004,0.272616333828117,0.272616333828117,0.272616333828117
Sq--NGVI,10.414171990181783,0.2726163338313117,0.2726163338313117,0.2726163338313117
Sq--NGVI,10.442646659212189,0.2726163338343732,0.2726163338343732,0.2726163338343732
Sq--NGVI,10.46482145920163,0.2726163338373071,0.2726163338373071,0.2726163338373071
Sq--NGVI,10.486165149137378,0.2726163338401192,0.2726163338401192,0.2726163338401192
Sq--NGVI,10.50797785911709,0.2726163338428142,0.2726163338428142,0.2726163338428142
Sq--NGVI,10.53603099915199,0.2726163338453971,0.2726163338453971,0.2726163338453971
Sq--NGVI,10.564455898187587,0.2726163338478722,0.2726163338478722,0.2726163338478722
Sq--NGVI,10.596769007155672,0.2726163338502446,0.2726163338502446,0.2726163338502446
Sq--NGVI,10.627549546130467,0.2726163338525182,0.2726163338525182,0.2726163338525182
Sq--NGVI,10.65484581614146,0.2726163338546972,0.2726163338546972,0.2726163338546972
Sq--NGVI,10.68317438516533,0.2726163338567857,0.2726163338567857,0.2726163338567857
Sq--NGVI,10.707389614195565,0.2726163338587872,0.2726163338587872,0.2726163338587872
Sq--NGVI,10.735181753174402,0.2726163338607056,0.2726163338607056,0.2726163338607056
Sq--NGVI,10.76396220206516,0.272616333862544,0.272616333862544,0.272616333862544
Sq--NGVI,10.78475399198942,0.2726163338643061,0.2726163338643061,0.2726163338643061
Sq--NGVI,10.80582390195923,0.272616333865995,0.272616333865995,0.272616333865995
Sq--NGVI,10.827149310847744,0.2726163338676137,0.2726163338676137,0.2726163338676137
Sq--NGVI,10.850699779752176,0.2726163338691651,0.2726163338691651,0.2726163338691651
Sq--NGVI,10.878795868717134,0.2726163338706521,0.2726163338706521,0.2726163338706521
Sq--NGVI,10.910238847660366,0.2726163338720771,0.2726163338720771,0.2726163338720771
Sq--NGVI,10.931838716729544,0.2726163338734429,0.2726163338734429,0.2726163338734429
Sq--NGVI,10.95455086568836,0.2726163338747521,0.2726163338747521,0.2726163338747521
Sq--NGVI,10.974910554708911,0.2726163338760071,0.2726163338760071,0.2726163338760071
Sq--NGVI,10.995193153677974,0.2726163338772097,0.2726163338772097,0.2726163338772097
Sq--NGVI,11.01562284375541,0.2726163338783623,0.2726163338783623,0.2726163338783623
Sq--NGVI,11.036464853736106,0.2726163338794672,0.2726163338794672,0.2726163338794672
Sq--NGVI,11.058285223669372,0.2726163338805261,0.2726163338805261,0.2726163338805261
Sq--NGVI,11.086339922680054,0.2726163338815411,0.2726163338815411,0.2726163338815411
Sq--NGVI,11.108590681687929,0.2726163338825141,0.2726163338825141,0.2726163338825141
Sq--NGVI,11.129232341772877,0.2726163338834464,0.2726163338834464,0.2726163338834464
Sq--NGVI,11.15069915173808,0.2726163338843402,0.2726163338843402,0.2726163338843402
Sq--NGVI,11.171971581759864,0.272616333885197,0.272616333885197,0.272616333885197
Sq--NGVI,11.200103740789928,0.2726163338860179,0.2726163338860179,0.2726163338860179
Sq--NGVI,11.227962369681336,0.2726163338868049,0.2726163338868049,0.2726163338868049
Sq--NGVI,11.249350808677264,0.2726163338875593,0.2726163338875593,0.2726163338875593
Sq--NGVI,11.270134867692832,0.2726163338882823,0.2726163338882823,0.2726163338882823
Sq--NGVI,11.290852206759157,0.2726163338889753,0.2726163338889753,0.2726163338889753
Sq--NGVI,11.311853875755332,0.2726163338896397,0.2726163338896397,0.2726163338896397
Sq--NGVI,11.33328343485482,0.2726163338902763,0.2726163338902763,0.2726163338902763
Sq--NGVI,11.358740913856307,0.2726163338908867,0.2726163338908867,0.2726163338908867
Sq--NGVI,11.387875022890512,0.2726163338914716,0.2726163338914716,0.2726163338914716
Sq--NGVI,11.412523801845964,0.2726163338920324,0.2726163338920324,0.2726163338920324
Sq--NGVI,11.433025130885651,0.2726163338925698,0.2726163338925698,0.2726163338925698
Sq--NGVI,11.453958169848192,0.2726163338930851,0.2726163338930851,0.2726163338930851
Sq--NGVI,11.475400258786976,0.2726163338935787,0.2726163338935787,0.2726163338935787
Sq--NGVI,11.496974597743248,0.2726163338940521,0.2726163338940521,0.2726163338940521
Sq--NGVI,11.52585562679451,0.2726163338945057,0.2726163338945057,0.2726163338945057
Sq--NGVI,11.553750375809614,0.2726163338949407,0.2726163338949407,0.2726163338949407
Sq--NGVI,11.581722295784855,0.2726163338953574,0.2726163338953574,0.2726163338953574
Sq--NGVI,11.602417735790368,0.272616333895757,0.272616333895757,0.272616333895757
Sq--NGVI,11.63147604482947,0.27261633389614,0.27261633389614,0.27261633389614
Sq--NGVI,11.659608963760547,0.2726163338965071,0.2726163338965071,0.2726163338965071
Sq--NGVI,11.68576965277316,0.2726163338968591,0.2726163338968591,0.2726163338968591
Sq--NGVI,11.707011821679773,0.2726163338971963,0.2726163338971963,0.2726163338971963
Sq--NGVI,11.735308390751015,0.2726163338975196,0.2726163338975196,0.2726163338975196
Sq--NGVI,11.763218530861195,0.2726163338978295,0.2726163338978295,0.2726163338978295
Sq--NGVI,11.789138709777037,0.2726163338981267,0.2726163338981267,0.2726163338981267
Sq--NGVI,11.81148822978139,0.2726163338984115,0.2726163338984115,0.2726163338984115
Sq--NGVI,11.84037700877525,0.2726163338986844,0.2726163338986844,0.2726163338986844
Sq--NGVI,11.868510907748714,0.272616333898946,0.272616333898946,0.272616333898946
Sq--NGVI,11.896338696707971,0.2726163338991968,0.2726163338991968,0.2726163338991968
Sq--NGVI,11.917083765612915,0.2726163338994372,0.2726163338994372,0.2726163338994372
Sq--NGVI,11.937373994558584,0.2726163338996676,0.2726163338996676,0.2726163338996676
Sq--NGVI,11.96648266358534,0.2726163338998885,0.2726163338998885,0.2726163338998885
Sq--NGVI,11.99456969363382,0.2726163339001002,0.2726163339001002,0.2726163339001002
Sq--NGVI,12.022705872601364,0.2726163339003032,0.2726163339003032,0.2726163339003032
Sq--NGVI,12.043234541662969,0.2726163339004978,0.2726163339004978,0.2726163339004978
Sq--NGVI,12.064509000687394,0.2726163339006842,0.2726163339006842,0.2726163339006842
Sq--NGVI,12.092792819661554,0.272616333900863,0.272616333900863,0.272616333900863
Sq--NGVI,12.121455328539014,0.2726163339010343,0.2726163339010343,0.2726163339010343
Sq--NGVI,12.142778847541194,0.2726163339011986,0.2726163339011986,0.2726163339011986
Sq--NGVI,12.163490386505146,0.2726163339013562,0.2726163339013562,0.2726163339013562
Sq--NGVI,12.18407373543596,0.2726163339015071,0.2726163339015071,0.2726163339015071
Sq--NGVI,12.204805464483798,0.2726163339016518,0.2726163339016518,0.2726163339016518
Sq--NGVI,12.225533323478883,0.2726163339017904,0.2726163339017904,0.2726163339017904
Sq--NGVI,12.246221772453282,0.2726163339019233,0.2726163339019233,0.2726163339019233
Sq--NGVI,12.267101362522226,0.2726163339020507,0.2726163339020507,0.2726163339020507
Sq--NGVI,12.288091352558697,0.2726163339021729,0.2726163339021729,0.2726163339021729
Sq--NGVI,12.309141172561796,0.27261633390229,0.27261633390229,0.27261633390229
Sq--NGVI,12.329815462580882,0.2726163339024023,0.2726163339024023,0.2726163339024023
Sq--NGVI,12.350665391597431,0.2726163339025099,0.2726163339025099,0.2726163339025099
Sq--NGVI,12.371645380568223,0.272616333902613,0.272616333902613,0.272616333902613
Sq--NGVI,12.393547749670688,0.2726163339027119,0.2726163339027119,0.2726163339027119
Sq--NGVI,12.414244638581296,0.2726163339028067,0.2726163339028067,0.2726163339028067
Sq--NGVI,12.43513133766828,0.2726163339028974,0.2726163339028974,0.2726163339028974
Sq--NGVI,12.456323956663256,0.2726163339029845,0.2726163339029845,0.2726163339029845
Sq--NGVI,12.477399025694467,0.272616333903068,0.272616333903068,0.272616333903068
Sq--NGVI,12.50033030466875,0.272616333903148,0.272616333903148,0.272616333903148
Sq--NGVI,12.522561413585208,0.2726163339032246,0.2726163339032246,0.2726163339032246
Sq--NGVI,12.543629372492433,0.2726163339032982,0.2726163339032982,0.2726163339032982
Sq--NGVI,12.566116901580244,0.2726163339033687,0.2726163339033687,0.2726163339033687
Sq--NGVI,12.586747860477772,0.2726163339034363,0.2726163339034363,0.2726163339034363
Sq--NGVI,12.607678900531027,0.2726163339035011,0.2726163339035011,0.2726163339035011
Sq--NGVI,12.629033700504806,0.2726163339035631,0.2726163339035631,0.2726163339035631
Sq--NGVI,12.65004878048785,0.2726163339036226,0.2726163339036226,0.2726163339036226
Sq--NGVI,12.6765735304798,0.2726163339036797,0.2726163339036797,0.2726163339036797
Sq--NGVI,12.704382419469766,0.2726163339037344,0.2726163339037344,0.2726163339037344
Sq--NGVI,12.725994658423588,0.2726163339037867,0.2726163339037867,0.2726163339037867
Sq--NGVI,12.74688351736404,0.272616333903837,0.272616333903837,0.272616333903837
Sq--NGVI,12.772989896358922,0.2726163339038852,0.2726163339038852,0.2726163339038852
Sq--NGVI,12.801494425453711,0.2726163339039313,0.2726163339039313,0.2726163339039313
Sq--NGVI,12.826012464356609,0.2726163339039756,0.2726163339039756,0.2726163339039756
Sq--NGVI,12.846686753444374,0.272616333904018,0.272616333904018,0.272616333904018
Sq--NGVI,12.868108012422454,0.2726163339040587,0.2726163339040587,0.2726163339040587
Sq--NGVI,12.890189371421002,0.2726163339040977,0.2726163339040977,0.2726163339040977
Sq--NGVI,12.91126274043927,0.2726163339041351,0.2726163339041351,0.2726163339041351
Sq--NGVI,12.932436549395788,0.2726163339041709,0.2726163339041709,0.2726163339041709
Sq--NGVI,12.953897538478486,0.2726163339042052,0.2726163339042052,0.2726163339042052
Sq--NGVI,12.975056227471214,0.2726163339042381,0.2726163339042381,0.2726163339042381
Sq--NGVI,12.995983567496296,0.2726163339042697,0.2726163339042697,0.2726163339042697
Sq--NGVI,13.01722959743347,0.2726163339042999,0.2726163339042999,0.2726163339042999
Sq--NGVI,13.038396957388612,0.2726163339043289,0.2726163339043289,0.2726163339043289
Sq--NGVI,13.066740297421347,0.2726163339043567,0.2726163339043567,0.2726163339043567
Sq--NGVI,13.095184766454622,0.2726163339043834,0.2726163339043834,0.2726163339043834
Sq--NGVI,13.116046535375062,0.2726163339044089,0.2726163339044089,0.2726163339044089
Sq--NGVI,13.137161774327978,0.2726163339044332,0.2726163339044332,0.2726163339044332
Sq--NGVI,13.157846963324118,0.2726163339044569,0.2726163339044569,0.2726163339044569
Sq--NGVI,13.179433933342809,0.2726163339044794,0.2726163339044794,0.2726163339044794
Sq--NGVI,13.2038157323841,0.2726163339045009,0.2726163339045009,0.2726163339045009
Sq--NGVI,13.232154051307589,0.2726163339045215,0.2726163339045215,0.2726163339045215
Sq--NGVI,13.254757210204843,0.2726163339045415,0.2726163339045415,0.2726163339045415
Sq--NGVI,13.275528739148283,0.2726163339045603,0.2726163339045603,0.2726163339045603
Sq--NGVI,13.296326688141562,0.2726163339045786,0.2726163339045786,0.2726163339045786
Sq--NGVI,13.317014827218372,0.272616333904596,0.272616333904596,0.272616333904596
Sq--NGVI,13.338093457161447,0.2726163339046127,0.2726163339046127,0.2726163339046127
Sq--NGVI,13.359083257149903,0.2726163339046287,0.2726163339046287,0.2726163339046287
Sq--NGVI,13.380383957119191,0.2726163339046441,0.2726163339046441,0.2726163339046441
Sq--NGVI,13.408662366040517,0.2726163339046588,0.2726163339046588,0.2726163339046588
Sq--NGVI,13.43670007493347,0.272616333904673,0.272616333904673,0.272616333904673
Sq--NGVI,13.46505964390235,0.2726163339046865,0.2726163339046865,0.2726163339046865
Sq--NGVI,13.492996472807135,0.2726163339046995,0.2726163339046995,0.2726163339046995
Sq--NGVI,13.521205622761045,0.2726163339047119,0.2726163339047119,0.2726163339047119
Sq--NGVI,13.5492871417664,0.2726163339047238,0.2726163339047238,0.2726163339047238
Sq--NGVI,13.577987140743062,0.2726163339047352,0.2726163339047352,0.2726163339047352
Sq--NGVI,13.606290109804831,0.2726163339047462,0.2726163339047462,0.2726163339047462
Sq--NGVI,13.634856509801466,0.2726163339047566,0.2726163339047566,0.2726163339047566
Sq--NGVI,13.66325169877382,0.2726163339047669,0.2726163339047669,0.2726163339047669
Sq--NGVI,13.69137125776615,0.2726163339047765,0.2726163339047765,0.2726163339047765
Sq--NGVI,13.719599706761072,0.2726163339047857,0.2726163339047857,0.2726163339047857
Sq--NGVI,13.747807275794912,0.2726163339047945,0.2726163339047945,0.2726163339047945
Sq--NGVI,13.776239924831316,0.272616333904803,0.272616333904803,0.272616333904803
Sq--NGVI,13.804224623832852,0.2726163339048111,0.2726163339048111,0.2726163339048111
Sq--NGVI,13.832399102742784,0.272616333904819,0.272616333904819,0.272616333904819
Sq--NGVI,13.860377461707683,0.2726163339048265,0.2726163339048265,0.2726163339048265
Sq--NGVI,13.888485461648088,0.2726163339048336,0.2726163339048336,0.2726163339048336
Sq--NGVI,13.9180535406922,0.2726163339048406,0.2726163339048406,0.2726163339048406
Sq--NGVI,13.95209984970279,0.2726163339048472,0.2726163339048472,0.2726163339048472
Sq--NGVI,13.980877238791436,0.2726163339048535,0.2726163339048535,0.2726163339048535
Sq--NGVI,14.009256167744752,0.2726163339048595,0.2726163339048595,0.2726163339048595
Sq--NGVI,14.038079547754023,0.2726163339048654,0.2726163339048654,0.2726163339048654
Sq--NGVI,14.06668987678131,0.2726163339048709,0.2726163339048709,0.2726163339048709
Sq--NGVI,14.095860125729814,0.2726163339048763,0.2726163339048763,0.2726163339048763
Sq--NGVI,14.124443644657733,0.2726163339048814,0.2726163339048814,0.2726163339048814
Sq--NGVI,14.153609063650949,0.2726163339048862,0.2726163339048862,0.2726163339048862
Sq--NGVI,14.18239972263109,0.2726163339048909,0.2726163339048909,0.2726163339048909
Sq--NGVI,14.210652201727498,0.2726163339048956,0.2726163339048956,0.2726163339048956
Sq--NGVI,14.238506640656851,0.2726163339048998,0.2726163339048998,0.2726163339048998
Sq--NGVI,14.266410100623034,0.272616333904904,0.272616333904904,0.272616333904904
Sq--NGVI,14.294261989707593,0.2726163339049079,0.2726163339049079,0.2726163339049079
Sq--NGVI,14.322422398719937,0.2726163339049117,0.2726163339049117,0.2726163339049117
Sq--NGVI,14.349761347693857,0.2726163339049154,0.2726163339049154,0.2726163339049154
Sq--NGVI,14.378568006563,0.2726163339049189,0.2726163339049189,0.2726163339049189
Sq--NGVI,14.40643539559096,0.2726163339049222,0.2726163339049222,0.2726163339049222
Sq--NGVI,14.433772214513738,0.2726163339049254,0.2726163339049254,0.2726163339049254
Sq--NGVI,14.461353773542214,0.2726163339049285,0.2726163339049285,0.2726163339049285
Sq--NGVI,14.489006592484657,0.2726163339049314,0.2726163339049314,0.2726163339049314
Sq--NGVI,14.516575282497795,0.2726163339049343,0.2726163339049343,0.2726163339049343
Sq--NGVI,14.544267961522564,0.2726163339049369,0.2726163339049369,0.2726163339049369
Sq--NGVI,14.57196149037918,0.2726163339049396,0.2726163339049396,0.2726163339049396
Sq--NGVI,14.599508719460571,0.2726163339049421,0.2726163339049421,0.2726163339049421
Sq--NGVI,14.627141878416296,0.2726163339049444,0.2726163339049444,0.2726163339049444
Sq--NGVI,14.655487128417008,0.2726163339049467,0.2726163339049467,0.2726163339049467
Sq--NGVI,14.683030387503097,0.2726163339049489,0.2726163339049489,0.2726163339049489
Sq--NGVI,14.710327696579045,0.272616333904951,0.272616333904951,0.272616333904951
Sq--NGVI,14.73779960552929,0.272616333904953,0.272616333904953,0.272616333904953
Sq--NGVI,14.765333504532464,0.2726163339049549,0.2726163339049549,0.2726163339049549
Sq--NGVI,14.79139915452106,0.2726163339049568,0.2726163339049568,0.2726163339049568
Sq--NGVI,14.818794043443631,0.2726163339049586,0.2726163339049586,0.2726163339049586
Sq--NGVI,14.846175242448226,0.2726163339049603,0.2726163339049603,0.2726163339049603
Sq--NGVI,14.866202931501904,0.2726163339049619,0.2726163339049619,0.2726163339049619
Sq--NGVI,14.886347510386258,0.2726163339049635,0.2726163339049635,0.2726163339049635
Sq--NGVI,14.90670153038809,0.2726163339049649,0.2726163339049649,0.2726163339049649
Sq--NGVI,14.926896140386816,0.2726163339049664,0.2726163339049664,0.2726163339049664
Sq--NGVI,14.946825720486231,0.2726163339049677,0.2726163339049677,0.2726163339049677
Sq--NGVI,14.966905770415906,0.2726163339049691,0.2726163339049691,0.2726163339049691
Sq--NGVI,14.987143229343928,0.2726163339049703,0.2726163339049703,0.2726163339049703
Sq--NGVI,15.007649978331756,0.2726163339049716,0.2726163339049716,0.2726163339049716
Sq--NGVI,15.02836279728217,0.2726163339049727,0.2726163339049727,0.2726163339049727
Sq--NGVI,15.048958956205752,0.2726163339049738,0.2726163339049738,0.2726163339049738
Sq--NGVI,15.069437875121366,0.2726163339049748,0.2726163339049748,0.2726163339049748
Sq--NGVI,15.090129234071355,0.2726163339049759,0.2726163339049759,0.2726163339049759
Sq--NGVI,15.110599054081831,0.2726163339049768,0.2726163339049768,0.2726163339049768
Sq--NGVI,15.131378534075338,0.2726163339049779,0.2726163339049779,0.2726163339049779
Sq--NGVI,15.152140634076204,0.2726163339049787,0.2726163339049787,0.2726163339049787
Sq--NGVI,15.176366094092373,0.2726163339049796,0.2726163339049796,0.2726163339049796
Sq--NGVI,15.196980434120633,0.2726163339049804,0.2726163339049804,0.2726163339049804
Sq--NGVI,15.217222843202762,0.2726163339049813,0.2726163339049813,0.2726163339049813
Sq--NGVI,15.239173002250029,0.272616333904982,0.272616333904982,0.272616333904982
Sq--NGVI,15.26673692127224,0.2726163339049827,0.2726163339049827,0.2726163339049827
Sq--NGVI,15.293677191250026,0.2726163339049833,0.2726163339049833,0.2726163339049833
Sq--NGVI,15.31430528126657,0.272616333904984,0.272616333904984,0.272616333904984
Sq--NGVI,15.335214501363224,0.2726163339049847,0.2726163339049847,0.2726163339049847
Sq--NGVI,15.355911740392912,0.2726163339049853,0.2726163339049853,0.2726163339049853
Sq--NGVI,15.3765235193423,0.2726163339049859,0.2726163339049859,0.2726163339049859
Sq--NGVI,15.397166988288518,0.2726163339049866,0.2726163339049866,0.2726163339049866
Sq--NGVI,15.417974387295544,0.2726163339049871,0.2726163339049871,0.2726163339049871
Sq--NGVI,15.43871665635379,0.2726163339049876,0.2726163339049876,0.2726163339049876
Sq--NGVI,15.459293505351525,0.272616333904988,0.272616333904988,0.272616333904988
Sq--NGVI,15.479980214382522,0.2726163339049886,0.2726163339049886,0.2726163339049886
Sq--NGVI,15.500969204469584,0.272616333904989,0.272616333904989,0.272616333904989
Sq--NGVI,15.521679924451746,0.2726163339049894,0.2726163339049894,0.2726163339049894
Sq--NGVI,15.542747574450914,0.2726163339049898,0.2726163339049898,0.2726163339049898
Sq--NGVI,15.563671014504507,0.2726163339049903,0.2726163339049903,0.2726163339049903
Sq--NGVI,15.584251254564151,0.2726163339049906,0.2726163339049906,0.2726163339049906
Sq--NGVI,15.604978763556574,0.272616333904991,0.272616333904991,0.272616333904991
Sq--NGVI,15.625544362468643,0.2726163339049914,0.2726163339049914,0.2726163339049914
Sq--NGVI,15.646322211425286,0.2726163339049917,0.2726163339049917,0.2726163339049917
Sq--NGVI,15.667178110452369,0.272616333904992,0.272616333904992,0.272616333904992
FR--R--STL,0.0,0.6931471805579523,0.6931471805579523,0.6931471805579523
FR--R--STL,0.0079452200443483,0.6888205390654931,0.40867424109819794,0.9226429768415032
FR--R--STL,0.0161413100431673,0.6047186623272071,0.3658345099601004,0.7757147660420691
FR--R--STL,0.0247639990993775,0.5696018250413486,0.3479472029026856,0.7078437486327708
FR--R--STL,0.0330200591124594,0.5499020424590652,0.33306097581821403,0.6626059779403359
FR--R--STL,0.0491216490627266,0.5341007312727892,0.32341224846371724,0.623279681426792
FR--R--STL,0.0575375790358521,0.5209390732156954,0.31424288463339933,0.5884123190783119
FR--R--STL,0.065770028042607,0.5097189052030447,0.3056549109998772,0.5557768126053266
FR--R--STL,0.0740080179530195,0.4837811286319974,0.29840370431587276,0.5289109572076525
FR--R--STL,0.0822005780646577,0.4461443596364508,0.2916020207264633,0.5065555409961217
FR--R--STL,0.0903811370953917,0.4106884446567465,0.2859240011030691,0.48341582786155063
FR--R--STL,0.0988230271614156,0.3775024469423214,0.28107120965905896,0.46014638962949145
FR--R--STL,0.106993367196992,0.3466176787660005,0.2763524214031103,0.43742310678153684
FR--R--STL,0.1150426971144042,0.3220167122284211,0.2730670932585125,0.41575076345423734
FR--R--STL,0.1233844871167093,0.3034360990282351,0.27112804676365354,0.3945925844073612
FR--R--STL,0.1315139061771333,0.2896606855905162,0.26990287006505315,0.37378394584506075
FR--R--STL,0.1398334061959758,0.2810355585733741,0.26878054644775773,0.35467184280599234
FR--R--STL,0.1481424562516622,0.2756087350544529,0.2689080977996609,0.33538343666536113
FR--R--STL,0.1570803252980113,0.2741458442487419,0.26868092935676524,0.3176958794023975
FR--R--STL,0.165378195408266,0.2730620342713038,0.2686915074353203,0.3024016605633687
FR--R--STL,0.1734683153335936,0.272273236879379,0.26882358702225406,0.2906356135404352
FR--R--STL,0.1814306342857889,0.2721387791704268,0.26911687334186807,0.28159882303664735
FR--R--STL,0.1894534842576831,0.2698355617630286,0.2694667551391441,0.27729331894434583
FR--R--STL,0.1975062442361377,0.2697433342271303,0.26902360767826966,0.27485788658712634
FR--R--STL,0.2054516542120836,0.2699121019598587,0.2689777637552283,0.27308983423446687
FR--R--STL,0.2135017241816967,0.2700467309417603,0.2689463882927461,0.2723052014857959
FR--R--STL,0.2215951431426219,0.2702333189560421,0.26942556830097636,0.2722823944083074
FR--R--STL,0.2295468732481822,0.270859697382194,0.2696386418327513,0.2719024600016909
FR--R--STL,0.2374546232749708,0.2710274813222878,0.2697836379126636,0.2718988276207099
FR--R--STL,0.2527984223561361,0.2712629603546707,0.26978453500318694,0.2715087893330805
FR--R--STL,0.2609793324372731,0.2715754857079926,0.26999848950792044,0.27175086380007507
FR--R--STL,0.2700568424188532,0.2716326625435548,0.27012839659048177,0.272124619030108
FR--R--STL,0.2784981624572538,0.2712492609991817,0.26996702284295504,0.2718975715274029
FR--R--STL,0.2887952424935065,0.27128956822901,0.2700770825218006,0.27184319867962736
FR--R--STL,0.2976699123973958,0.271529845792282,0.2704111032747607,0.2719295731048874
FR--R--STL,0.308637312380597,0.2717099070617197,0.2706490318116776,0.27197275403674326
FR--R--STL,0.3166978923254646,0.2718287831842596,0.27093118244343506,0.2722158287447847
FR--R--STL,0.3249786723172292,0.2716834314038445,0.27090648527528743,0.2723838831992864
FR--R--STL,0.3331234612851403,0.2721014326214131,0.2712731186458716,0.2724883709205539
FR--R--STL,0.3414380712783895,0.2719722290281445,0.27150834612484515,0.27252446569892796
FR--R--STL,0.353704521257896,0.2717833978376457,0.2714643878213947,0.272369384759134
FR--R--STL,0.3626158112892881,0.2719172052367479,0.27183516930936247,0.2722263018281707
FR--R--STL,0.3709707102971151,0.2720507200270298,0.2715985791201805,0.2721930394388487
FR--R--STL,0.3792956101824529,0.2721638237219832,0.2716175750844256,0.27226655610239114
FR--R--STL,0.3874081302201375,0.2721868242814341,0.2717363408712023,0.27238737253667417
FR--R--STL,0.4012962501728907,0.2721087732762348,0.2717445753474499,0.2723047510179279
FR--R--STL,0.409565219131764,0.2720281202926757,0.2719019832916473,0.27255567828759214
FR--R--STL,0.4177386479568667,0.2724565242366726,0.2721133205738744,0.2726527412920374
FR--R--STL,0.4275254778913222,0.2722343113136185,0.27196335499168267,0.27279446396923535
FR--R--STL,0.4376557079376653,0.2720903247881408,0.2718522141954762,0.27259121642965123
FR--R--STL,0.4476678069331683,0.2720925813876133,0.27184345119169256,0.272623910330876
FR--R--STL,0.4576195159461349,0.2724020340439256,0.27191386104997284,0.2727696088082716
FR--R--STL,0.466691586014349,0.2723370260986958,0.2719777898788375,0.2727422732557563
FR--R--STL,0.474806775979232,0.2723133864605279,0.27176538760040625,0.27293808181480433
FR--R--STL,0.4828537750872783,0.2726568049873083,0.2717084264972051,0.2728948054875251
FR--R--STL,0.4968833851162344,0.2728635678626191,0.27213656479401305,0.27294474017739073
FR--R--STL,0.5048765550600365,0.2726334666726401,0.2722708909565428,0.27313771548758037
FR--R--STL,0.5130300440941937,0.2727288342093259,0.27186131505771327,0.2730067784713942
FR--R--STL,0.5211760932579637,0.2728600814153379,0.27186329821798705,0.2732191527312646
FR--R--STL,0.5292958933277987,0.2724359408879158,0.27186156872009515,0.27295573363115133
FR--R--STL,0.5373301432700828,0.2724793384869971,0.2718804775761543,0.2729945198207111
FR--R--STL,0.5453548723016866,0.2724212514461714,0.27203418142342894,0.2728475232970377
FR--R--STL,0.5531530723674223,0.2726291925021836,0.2724003211683207,0.27281425287933825
FR--R--STL,0.5611178323742934,0.2724959823791084,0.2724724097232712,0.27290165758877044
FR--R--STL,0.5691012513125315,0.2727462936461818,0.2723708001505247,0.2730281024409397
FR--R--STL,0.5774922197451815,0.2725952845239685,0.2723900965907747,0.27277522132575666
FR--R--STL,0.5877003598143347,0.2726053006981685,0.2722386523681159,0.2728540241416463
FR--R--STL,0.6013448319281451,0.2725163854955296,0.27222865950384467,0.27296361014661746
FR--R--STL,0.6129335119039752,0.2725807877079183,0.2721450741355063,0.2727663323917051
FR--R--STL,0.6213016718975268,0.2723504015792216,0.27202959409309146,0.27267416059921007
FR--R--STL,0.6301108018960804,0.2727161632674487,0.2719393426595951,0.2727693994125863
FR--R--STL,0.6397300509852357,0.272640051143746,0.2719211311442989,0.27278633270718344
FR--R--STL,0.6496697110123932,0.2726934100432172,0.27191903041236487,0.2727792721709257
FR--R--STL,0.6608571010292508,0.2726047188572084,0.2720848859459377,0.27294257560586355
FR--R--STL,0.6704886510269716,0.2722557134864006,0.27180482794243294,0.27273716560683964
FR--R--STL,0.6798412800417282,0.2726093873751254,0.2717822401699435,0.2728046892741428
FR--R--STL,0.6882349300431088,0.2725670679188089,0.2720916435485094,0.27276622913428467
FR--R--STL,0.6972760400967672,0.2727029320700526,0.2722426575446368,0.27289812631937393
FR--R--STL,0.7065523091005161,0.2726483365622932,0.2720693232518931,0.27300067331437855
FR--R--STL,0.715891285915859,0.272632740150975,0.27199548805809515,0.27297352025527
FR--R--STL,0.7271839159657247,0.272494349995781,0.27202491746699836,0.2728877268696559
FR--R--STL,0.7370537759852596,0.2726502281747413,0.2721561540967845,0.272778385425955
FR--R--STL,0.7463364063296467,0.2725992749177597,0.272209388902754,0.2730546480461457
FR--R--STL,0.7545183763140813,0.2723054154378421,0.2721705092046727,0.2727697348301985
FR--R--STL,0.7626682852278464,0.2725318336658143,0.27231237361778754,0.2728407355799095
FR--R--STL,0.776285934029147,0.2723668639616459,0.27222185521098957,0.27283000886984754
FR--R--STL,0.7866555929649621,0.2725893320485495,0.27248344832633986,0.2728775649884073
FR--R--STL,0.7990902141318657,0.2726423928357993,0.27245698865347606,0.2728852505521896
FR--R--STL,0.8157062231330201,0.2724479234557953,0.27239948829184174,0.27289990451994517
FR--R--STL,0.8274797453195788,0.2725387731114074,0.2724048085550867,0.27294561925701066
FR--R--STL,0.8358099353499711,0.2728155297786261,0.2723234589548529,0.27292411135552497
FR--R--STL,0.8438454353599809,0.2727193033547527,0.27247042005268207,0.27298972548644745
FR--R--STL,0.8518370653619058,0.2726921500390298,0.27249389443175764,0.2727937863636175
FR--R--STL,0.8599334643222392,0.2726974084479218,0.27237636534759496,0.2727884023901217
FR--R--STL,0.8682210943079554,0.2727822470002587,0.2723534034758352,0.2730265621570253
FR--R--STL,0.8776978643145412,0.2726165802401646,0.2722923040099731,0.2730486228940806
FR--R--STL,0.8872089333017357,0.2725218108212158,0.27232112790813734,0.27329433704203576
FR--R--STL,0.8972183532314375,0.2725988779256078,0.2724552175685102,0.2729759989294068
FR--R--STL,0.9070761632174252,0.2724843821706385,0.272207832359498,0.27297950690958184
FR--R--STL,0.9167811332154088,0.2724706240302805,0.2721015307891129,0.2728199657145137
FR--R--STL,0.92661066231085,0.2725699845642509,0.2721584742073111,0.2727818352506096
FR--R--STL,0.9366537623573096,0.2725272813788838,0.2721979508724139,0.2727504396932809
FR--R--STL,0.946495098003652,0.272458351187249,0.27217187863165654,0.2725788593997176
FR--R--STL,0.9568996524321848,0.2724679565682044,0.2721759004586518,0.2727023278139707
FR--R--STL,0.9660356271197088,0.2727400250077241,0.27229579837859236,0.27300801190278173
FR--R--STL,0.9820469881524332,0.2726688519745051,0.27231278223033334,0.272800485054991
FR--R--STL,0.9914219971979036,0.2726171627007625,0.27236840993880146,0.2727981787199637
FR--R--STL,1.001234307186678,0.2726683419164465,0.2721106998048464,0.2729709834955043
FR--R--STL,1.0110936872079035,0.2727383715069013,0.272255448032644,0.2728488511459049
FR--R--STL,1.020912487176247,0.2723773151864029,0.2722404255920666,0.27290538928233493
FR--R--STL,1.0307470961124636,0.2725456392147847,0.2723930744958598,0.2729442784683531
FR--R--STL,1.040549376164563,0.2723930316252076,0.272250492788454,0.27315220684265507
FR--R--STL,1.049986746162176,0.2725727854483086,0.27237368969636083,0.2732358643254252
FR--R--STL,1.059252015198581,0.2725022563075915,0.27234822649796897,0.27303824025184537
FR--R--STL,1.078205594618339,0.2725086856902425,0.27231509863760006,0.2730503367787307
FR--R--STL,1.086145524575841,0.2724091831141659,0.2723299549102241,0.2729068732830838
FR--R--STL,1.0942953935591504,0.2727198783051751,0.27230365104519133,0.2730467120872311
FR--R--STL,1.102434693602845,0.2725525155527556,0.27224898253578594,0.2730475552571236
FR--R--STL,1.1104818935273215,0.2724837413838243,0.2723765611854068,0.27293318088753354
FR--R--STL,1.118446852604393,0.2728463924490658,0.27254694397669743,0.273019994440882
FR--R--STL,1.126744812587276,0.2729833321557282,0.2726216280687743,0.2730337646428192
FR--R--STL,1.143723865679931,0.2729329005881071,0.2727040288114391,0.27312658319264943
FR--R--STL,1.1650432146852836,0.2728019984996718,0.272573652113246,0.2729388195976906
FR--R--STL,1.1802863926277496,0.2726296893731212,0.27258673411199386,0.27275679166565653
FR--R--STL,1.1897928715334274,0.2726504684119082,0.2724550862407522,0.27278922101557945
FR--R--STL,1.198802854574751,0.2725776465825039,0.27234084365333117,0.27276784071875526
FR--R--STL,1.2070672145928256,0.2727273192722472,0.27235683353005063,0.2728484587096003
FR--R--STL,1.2151803345768712,0.2725764940540812,0.27230392149762184,0.2726845760479784
FR--R--STL,1.2236336135538295,0.272598795398846,0.27201222547999926,0.2727022509166252
FR--R--STL,1.2320343135506846,0.2726269214166134,0.27219817422249487,0.27307638380319404
FR--R--STL,1.2401919036055915,0.2726461169302859,0.2724462189811285,0.27296914696908653
FR--R--STL,1.248461422685068,0.2723459003849952,0.2723075285451261,0.2727101254850849
FR--R--STL,1.256886572635267,0.2725212243015654,0.2724000487607522,0.27276259614162
FR--R--STL,1.2653799026156776,0.2725544843270581,0.2723826215749479,0.27278682603304916
FR--R--STL,1.273883071669843,0.2723469940868108,0.2721835810816126,0.2729839115645293
FR--R--STL,1.2821630917023867,0.2723842140579332,0.2721184736009502,0.2727103445247801
FR--R--STL,1.290490111685358,0.2723537526312928,0.27220695930428507,0.2727908264971114
FR--R--STL,1.2986770405550487,0.2721768349164616,0.2718842210693956,0.27298359290761465
FR--R--STL,1.306944330688566,0.2720385684263547,0.2719741602885273,0.2729577335270717
FR--R--STL,1.31526206061244,0.2723021310364593,0.27206946348391503,0.2725972133875767
FR--R--STL,1.3236095495522022,0.2724613014398154,0.2721223440301239,0.272774533507813
FR--R--STL,1.3318856694968415,0.2724279190634893,0.27233531179678017,0.2729385912584534
FR--R--STL,1.3412832378526218,0.272568478426689,0.27239352590982674,0.2729749317863492
FR--R--STL,1.3506170079344884,0.2726732812575219,0.27251536893773975,0.2729364759884036
FR--R--STL,1.3608417878858745,0.2727663202903942,0.2722176228418454,0.273030294547454
FR--R--STL,1.3708689469494857,0.2726904598868417,0.272376727514615,0.272733268474622
FR--R--STL,1.3807314568548463,0.272671783494825,0.2721691886821316,0.2727704654668142
FR--R--STL,1.3902105867746286,0.2728476271358972,0.27227365481513366,0.2728995625421247
FR--R--STL,1.3995726367575116,0.272602972539298,0.2724454256052877,0.27284274918610973
FR--R--STL,1.4094595558126457,0.2725802900893286,0.27236903314249006,0.2730384878486424
FR--R--STL,1.419247533893213,0.2726396896157733,0.27237131132788023,0.2726873904032452
FR--R--STL,1.4277880838490091,0.2725219046958314,0.272313516163452,0.27282453095437637
FR--R--STL,1.4360486337682232,0.272552848987952,0.27196989843910463,0.2728300090005382
FR--R--STL,1.4443404637859203,0.2726060702747198,0.27222961865973716,0.2729940643394462
FR--R--STL,1.4525725637795404,0.2726558905879269,0.2722485751454148,0.2729718455484959
FR--R--STL,1.4610312128206715,0.2726880171161939,0.272352525047042,0.273058187324444
FR--R--STL,1.4693959327414632,0.2726409588430675,0.2724167145671539,0.27314418185676387
FR--R--STL,1.4777561627561226,0.2728159451082683,0.27231733409827213,0.2730369389490737
FR--R--STL,1.4859047617646866,0.2725875040391289,0.2722419966615003,0.27298694885835895
FR--R--STL,1.4940151617629454,0.2727794323073292,0.2723558151887299,0.27299411496665205
FR--R--STL,1.5021849617478438,0.2725274298605189,0.2723721912618641,0.2730387943116134
FR--R--STL,1.5172027507796884,0.2725167326890451,0.27246277287175114,0.27291071695473706
FR--R--STL,1.530478289758321,0.2725537342193964,0.2721569958556818,0.27296148338248155
FR--R--STL,1.538906229834538,0.2725277258000199,0.2721226742178236,0.2730739981954157
FR--R--STL,1.5472973298747092,0.272265570520168,0.27217093710059365,0.2732719369249247
FR--R--STL,1.5553995298687369,0.2724824090610192,0.27208088647660916,0.2729485940739812
FR--R--STL,1.5636055397917517,0.272548243474039,0.27197041304256336,0.2728520265520772
FR--R--STL,1.571661488735117,0.2727207204336416,0.2717702209433683,0.2728966474314526
FR--R--STL,1.5797231288161129,0.272384707164736,0.27192097886993616,0.2730797360511192
FR--R--STL,1.601715418859385,0.2724082584595123,0.2720172742376031,0.27319702516954597
FR--R--STL,1.6102497388492338,0.2723062498381603,0.2719755494606818,0.2731793976506597
FR--R--STL,1.6185279978672042,0.2722983276090375,0.2721456344432844,0.2730707986126626
FR--R--STL,1.6267246578936465,0.2723845279946043,0.27236351163428185,0.27337925343147523
FR--R--STL,1.6406097278813832,0.2726200958791056,0.272485268862939,0.2734249515663163
FR--R--STL,1.6486483978806064,0.2728029622779853,0.27253340086443995,0.2732833104374242
FR--R--STL,1.6568257578765042,0.272775045268342,0.2725935975491584,0.2733167175448423
FR--R--STL,1.6650406478438526,0.2727499122646425,0.27246140719695344,0.2732049958363876
FR--R--STL,1.673144486907404,0.2725440837460847,0.2722882399118158,0.27307157681556715
FR--R--STL,1.681198826932814,0.2724709372294979,0.27213829516734345,0.2728560033677311
FR--R--STL,1.6896057269186713,0.2724702197652948,0.27229709899566984,0.27273523364978297
FR--R--STL,1.6980279359268025,0.2727883310296576,0.2724352720849333,0.27287806246011076
FR--R--STL,1.7064355358597822,0.2726738171787564,0.2725082100883685,0.272987358014584
FR--R--STL,1.7148442158359103,0.2727936981839904,0.2725815899927376,0.2728703092209493
FR--R--STL,1.7231521648936905,0.2728315211952634,0.27259676129585897,0.2728737647906916
FR--R--STL,1.7312703848583624,0.2727395894214239,0.27258618682876756,0.2731139156011287
FR--R--STL,1.7394302849425003,0.2726143247699328,0.2725088406107294,0.27282436484503797
FR--R--STL,1.747773264942225,0.2726597058893026,0.27227951322007105,0.27283798287998184
FR--R--STL,1.7558936949935742,0.2725206445980166,0.27247457223520843,0.2728272150468357
FR--R--STL,1.7643207140499726,0.2726133818646567,0.2722970564869375,0.273058552751061
FR--R--STL,1.772508644091431,0.2724720806481701,0.27229256992418616,0.2729664828842343
FR--R--STL,1.7811622541048564,0.2724535123134619,0.2722128990719378,0.2730367556582327
FR--R--STL,1.7897127631003968,0.2724112273036552,0.2721144078075824,0.27301832542585547
FR--R--STL,1.797938393021468,0.2724344221694523,0.27198629937907814,0.2729719443836854
FR--R--STL,1.8063393930206075,0.2723530304525743,0.2720927194442079,0.27291075478609167
FR--R--STL,1.8147400719462892,0.2721899769634656,0.2720165780538674,0.2730025762522772
FR--R--STL,1.823101761867292,0.2723243716418959,0.271903496111812,0.2730737814144307
FR--R--STL,1.831312151742168,0.2726622837498059,0.27180024309852885,0.27322672510268486
FR--R--STL,1.8395478707388973,0.2727235802378769,0.2716373573254073,0.27301629766866997
FR--R--STL,1.8478368106880223,0.2725346825843233,0.27156884063510667,0.27297733808422836
FR--R--STL,1.8621578107122327,0.2726363486847305,0.2717809185489289,0.27304442248111865
FR--R--STL,1.870609200675972,0.2726600932398795,0.27194472636356554,0.27301256357345394
FR--R--STL,1.8865292895934545,0.272469350901811,0.2718323980891724,0.27294281182271907
FR--R--STL,1.8948355985921808,0.2725641152586067,0.2720226821162801,0.27301486732388835
FR--R--STL,1.903247248614207,0.2724976564085716,0.27205460670081155,0.2729982228281459
FR--R--STL,1.9135562502779069,0.272616811797171,0.2720060726505715,0.27295704646515345
FR--R--STL,1.9216703292331656,0.2724155924927139,0.27201864157805267,0.27299965990890607
FR--R--STL,1.929786869091913,0.2723319825232302,0.27203548146393325,0.27303334044988886
FR--R--STL,1.938189119100571,0.2722549180389501,0.2721416182531598,0.2728955631246703
FR--R--STL,1.9462985291029329,0.2723295490335419,0.27201243435229466,0.27285239185259647
FR--R--STL,1.9543280691141265,0.2724456833350706,0.27202898122411473,0.2730138007901372
FR--R--STL,1.9623779480461965,0.2725632895568478,0.272173914687511,0.2728901818561849
FR--R--STL,1.9708104680175893,0.2727716064741738,0.27213997149176616,0.2728812286884271
FR--R--STL,1.978910768055357,0.2724637290095972,0.2722503161472076,0.2727708842083477
FR--R--STL,1.9870024970150555,0.2724579490991538,0.2722075741099831,0.27265028175075195
FR--R--STL,1.995004007010721,0.2725371683639692,0.2723346566704091,0.27265415935446746
FR--R--STL,2.0029933270416223,0.2726130252826398,0.2723196900997569,0.27269514136407497
FR--R--STL,2.0114491470740177,0.2726361083979323,0.27213264646236557,0.272770267276332
FR--R--STL,2.019544287060853,0.2728004832466715,0.2719525174918976,0.27285387015230933
FR--R--STL,2.0277046271367,0.2728527077087592,0.2720239715712604,0.27295499941983714
FR--R--STL,2.035853237088304,0.2726437604969987,0.2722748400381511,0.27288565906606427
FR--R--STL,2.044162647041958,0.2727187886669628,0.2722937883277119,0.2728400055327504
FR--R--STL,2.0523316660546698,0.2726107074143269,0.2721605142825876,0.2728150499483609
FR--R--STL,2.060400235990528,0.2725210356891046,0.27211503118733027,0.2727713468577486
FR--R--STL,2.06848182604881,0.2727377799229175,0.27239713249064945,0.27293565864463476
FR--R--STL,2.076611355063505,0.2726166545056688,0.2721099498538576,0.27299977561651195
FR--R--STL,2.084692555072252,0.2724677641325838,0.27212817274828843,0.272904533228873
FR--R--STL,2.092700225126464,0.2724032515851882,0.272064494008873,0.2728009275013444
FR--R--STL,2.1008200151263736,0.2723737040624286,0.27225464305829655,0.2729383914477997
FR--R--STL,2.108905915170908,0.2723154603262557,0.2719786068525501,0.2727076867985469
FR--R--STL,2.116903254238423,0.272684789750141,0.2719525681716473,0.2730220495977472
FR--R--STL,2.126449100614991,0.2727381905533488,0.2719092501717491,0.2729891810430515
FR--R--STL,2.135465310653672,0.2725715905400088,0.2719963276625334,0.27315108243149716
FR--R--STL,2.144137920695357,0.2726633863951165,0.27202773749224124,0.2729406583078122
FR--R--STL,2.1526499807368964,0.272537187340778,0.27200212041596167,0.27282836860850984
FR--R--STL,2.1612590207369067,0.2723497891111935,0.2719174540425803,0.27294324072299325
FR--R--STL,2.16988725081319,0.272408487909454,0.27206289720014065,0.2730282091190816
FR--R--STL,2.18062707077479,0.2725671203153945,0.27243581100917075,0.27278155026411655
FR--R--STL,2.189904000784736,0.2727920495044771,0.2724141589639684,0.27296056269226315
FR--R--STL,2.199254499748349,0.2729625679353996,0.2723190574423974,0.2730643011703876
FR--R--STL,2.2081278897821903,0.2728484773496318,0.27241890199880364,0.2732289562856244
FR--R--STL,2.2163941297330894,0.2726378972484942,0.2724083502668539,0.2732810076079999
FR--R--STL,2.2249290088075213,0.2725757490590816,0.2721940032603462,0.2732185040870238
FR--R--STL,2.23303753772052,0.2728157678466735,0.27234628860690996,0.2732987446964597
FR--R--STL,2.2412450677366,0.2727473639844476,0.2722936788133105,0.27352502178429794
FR--R--STL,2.2494905978091992,0.273026620296439,0.27230207063337825,0.273318602171936
FR--R--STL,2.2576173878624104,0.2727601614871195,0.27237285480993845,0.27308253029623275
FR--R--STL,2.265886957815382,0.2728591783155251,0.27213189610011873,0.2730027521557117
FR--R--STL,2.274059506773483,0.272844523552876,0.27227637164052015,0.2730043742823716
FR--R--STL,2.283647726755589,0.2727970216869128,0.27238525316099194,0.27298098261517856
FR--R--STL,2.2977302568033338,0.2727631926821183,0.27229501755593966,0.27282885035674215
FR--R--STL,2.306215106800664,0.2726494801926252,0.2721740596465344,0.2728327170485016
FR--R--STL,2.3146251658326946,0.2726605843619296,0.27237944094598915,0.27278529939776575
FR--R--STL,2.3236583558027637,0.2727196915405916,0.27262222136741127,0.2728061457031908
FR--R--STL,2.3342260958161205,0.2726556146883196,0.2725269429576291,0.27293746822775056
FR--R--STL,2.3524478548788466,0.2725737217973501,0.2725453178914064,0.2728326620665052
FR--R--STL,2.3709321247879416,0.2724723808264517,0.27226651985464534,0.2726887467416962
FR--R--STL,2.3797435148153454,0.2725977148744756,0.27237248627640503,0.2727546281716137
FR--R--STL,2.38962944369996,0.2725986908585835,0.27219567583319015,0.2727829021359931
FR--R--STL,2.3993911437573843,0.2724858574033223,0.2722560465129645,0.2727848868070494
FR--R--STL,2.4091727437917143,0.2726493833113136,0.272206966312716,0.2729902705112685
FR--R--STL,2.418720333778765,0.2726266562564279,0.2722258544718566,0.27321352576074087
FR--R--STL,2.4304956927662715,0.2726692517264713,0.27250892445412894,0.27336948243760034
FR--R--STL,2.4405053429072723,0.2729511888976788,0.27268165762293084,0.27312841348637684
FR--R--STL,2.450225092819892,0.2728932628633387,0.272755457561468,0.27304686729371924
FR--R--STL,2.460585022927262,0.2727436034992818,0.2725990692840186,0.27303714836764137
FR--R--STL,2.470599221938756,0.2729190199387356,0.27250722274974587,0.27315313987691836
FR--R--STL,2.4802646719035693,0.2730193563847308,0.27260296458061717,0.27322860918046143
FR--R--STL,2.489881791872904,0.2728417576984146,0.2726170751257313,0.27292589616542995
FR--R--STL,2.498512201826088,0.2726742446195145,0.2724808083780788,0.2728600162587394
FR--R--STL,2.507498870778363,0.2728423525605276,0.27254209369419685,0.27291415373948746
FR--R--STL,2.5156291208113544,0.2726807888463405,0.2726327423234969,0.2729364538375692
FR--R--STL,2.5239598808111623,0.2724594155926679,0.2724448996064492,0.2727593999023153
FR--R--STL,2.5324215697473846,0.2723942441298776,0.2721433916043463,0.27281239324298706
FR--R--STL,2.5406286297366023,0.2722592687143397,0.271935725020665,0.27286763629541777
FR--R--STL,2.548790399741847,0.2722410055354541,0.27192817397135133,0.2728788853805198
FR--R--STL,2.557007508701645,0.2727112615992266,0.27216868254639864,0.2730579739269962
FR--R--STL,2.565313028753735,0.2726131018046352,0.27207694087597023,0.27306127320474327
FR--R--STL,2.5735580486943945,0.2726660326051914,0.27204348059534417,0.27296089292030723
FR--R--STL,2.581845977634657,0.2726028751551511,0.272048473751039,0.27285135642840636
FR--R--STL,2.590854137612041,0.2725605256982235,0.2721405482221692,0.27294365086033934
FR--R--STL,2.5989967276109383,0.2725176677137602,0.2721800392527603,0.2728229858768952
FR--R--STL,2.607539626536891,0.2723834487150973,0.27225799098201303,0.27262438264076144
FR--R--STL,2.615748426527716,0.2724302593026673,0.27235882807456674,0.272678398282559
FR--R--STL,2.623672876507044,0.2722781461797231,0.27215817739043474,0.2726627623668379
FR--R--STL,2.631594836420845,0.2723901541354174,0.27211323968479056,0.2729049948199838
FR--R--STL,2.639587006357033,0.272371761971424,0.272208015860231,0.2731038125274123
FR--R--STL,2.647550936380867,0.2723900659113608,0.27222411321995194,0.2730777669277569
FR--R--STL,2.655541206302587,0.2724406511317872,0.2722531531762106,0.2730351185909687
FR--R--STL,2.663645756256301,0.2725712098165982,0.27223144477549693,0.27293141371538165
FR--R--STL,2.6717511753086,0.2725362767095881,0.2717878016105843,0.2728260985013998
FR--R--STL,2.6798023553565145,0.2724251833062239,0.2718047584891737,0.2727980365341766
FR--R--STL,2.6877250153338537,0.2722356784440534,0.27188397304847817,0.27270929026363583
FR--R--STL,2.695745025295764,0.2723164925711565,0.2718304672566651,0.2728317623923191
FR--R--STL,2.7039298453019,0.2723099250415955,0.27185455160092964,0.2726615886085808
FR--R--STL,2.711886284290813,0.2722578789283191,0.27199394159958035,0.27263057079555486
FR--R--STL,2.720004594360944,0.272372401237312,0.2720475925173499,0.27259532462444314
FR--R--STL,2.72818941436708,0.2721727229625564,0.2720189485878372,0.272529407814991
FR--R--STL,2.736586083425209,0.2723744669508628,0.2718813767623533,0.2727029884085758
FR--R--STL,2.7447870333562605,0.2722240568906195,0.2718010127361693,0.2728734098760895
FR--R--STL,2.7528397932765074,0.2723985094955893,0.2717521610095255,0.27306995781199267
FR--R--STL,2.7608411522232927,0.2724388541936204,0.27174813545297016,0.2730549059881993
FR--R--STL,2.768784402229357,0.2726118304625906,0.27198691036752914,0.2729885311734384
FR--R--STL,2.7825535823358223,0.2725220356599065,0.2720153907474156,0.2729079135102089
FR--R--STL,2.798594902385957,0.2727002614484259,0.27203872670229445,0.2730175199364865
FR--R--STL,2.8160182223073207,0.2726965539439678,0.27233554713604285,0.2730553472718526
FR--R--STL,2.831370002299081,0.2727458235970078,0.27230350863292596,0.2728803413977578
FR--R--STL,2.8434314512414858,0.272731623948801,0.27234726125180014,0.27276876048086646
FR--R--STL,2.851606401265599,0.2725690371203165,0.2724315563540385,0.2726645820208788
FR--R--STL,2.859666981326882,0.2726601702526598,0.27225570442935765,0.2727961085665636
FR--R--STL,2.867851910239551,0.2727374211672038,0.2722954934462231,0.27290614743547525
FR--R--STL,2.8760067701805383,0.2727156057181258,0.27225854935153926,0.2731242575878759
FR--R--STL,2.884131420229096,0.2727280163548991,0.2720237208871985,0.2729517359979162
FR--R--STL,2.8937840092694387,0.2728067426475523,0.27205755335498427,0.2729181824701871
FR--R--STL,2.901890179316979,0.2725888776429401,0.2720811148948186,0.2728910015817075
FR--R--STL,2.910026289348025,0.2727818723713004,0.2720609308148974,0.2729113178729785
FR--R--STL,2.918169898330234,0.2723957238525025,0.2721457918409318,0.27287743766742223
FR--R--STL,2.9261484383023344,0.2724845639939245,0.2721459379449198,0.2728263548742851
FR--R--STL,2.934250968275592,0.2724009368582833,0.2721580916494322,0.27263671953638974
FR--R--STL,2.942308977188077,0.2723626904221694,0.2721385107491268,0.27274142730462125
FR--R--STL,2.952108227298595,0.2722904801186678,0.2720773906182881,0.27259962182602127
FR--R--STL,2.960135047382209,0.2725073945012241,0.2723378703677205,0.2728683372296427
FR--R--STL,2.968206656398252,0.2725214507644604,0.2722273892052603,0.27270876909722225
FR--R--STL,2.9762736164266244,0.2724107500734265,0.27208880982915284,0.2726968577695824
FR--R--STL,2.9844895364367403,0.2724524551454738,0.27236195001233465,0.27294665817687186
FR--R--STL,2.992622615478467,0.2725525511928793,0.27243881045569945,0.27299769615612773
FR--R--STL,3.0006783055723645,0.2725070818303285,0.27236529459387104,0.27302997273624063
FR--R--STL,3.008687975583598,0.2727168240225689,0.2724041690952993,0.27307421943539345
FR--R--STL,3.016816485556774,0.2726268405789029,0.2721953719082846,0.2729815633176372
FR--R--STL,3.024886825645808,0.2726918160481182,0.27238547293862625,0.27283513255132386
FR--R--STL,3.032945725659374,0.2725664802511313,0.2723664626157413,0.2729549639382584
FR--R--STL,3.0410080756410025,0.272588819687014,0.27246585624863257,0.2730621458361617
FR--R--STL,3.049164005671628,0.2726057865232116,0.27251105916771085,0.27285636935801416
FR--R--STL,3.0573743447312154,0.272592510025181,0.2724177899737394,0.2729152854923694
FR--R--STL,3.068744173739105,0.2725339575103526,0.2725077876179745,0.2728821786073228
FR--R--STL,3.076939273742028,0.2725859716487961,0.2724096113424729,0.2726533631288874
FR--R--STL,3.0850330237299204,0.2723872850518441,0.27229966135917294,0.27273756359902684
FR--R--STL,3.0933770437259227,0.2727655595657974,0.2723299616630266,0.272883820058471
FR--R--STL,3.1016740337363444,0.2726066955100998,0.2723105229972262,0.27280218897135294
FR--R--STL,3.109966113755945,0.2725617395288552,0.2720716849912916,0.2729350024266678
FR--R--STL,3.117989703838248,0.2726865896528478,0.27184573660662814,0.2728020649653818
FR--R--STL,3.126108403899707,0.2725173222998572,0.2718894667927345,0.2728588636794108
FR--R--STL,3.13416660297662,0.2726678404388761,0.2719038697461418,0.27278567998150977
FR--R--STL,3.153267892019357,0.2722945354972165,0.27179976738911626,0.2728679382031484
FR--R--STL,3.169318702013697,0.2725903671673939,0.2720287950783733,0.272861462574644
FR--R--STL,3.177412652003113,0.2727899505543856,0.27205031981819433,0.2731014776983362
FR--R--STL,3.1934830320533365,0.2725893375624674,0.2720932511780297,0.27310718303520315
FR--R--STL,3.2014678910491057,0.2727456097765853,0.27200077554353785,0.272857616788113
FR--R--STL,3.209507351042703,0.2726713199735734,0.2722543664227306,0.2728817392651826
FR--R--STL,3.21711583097931,0.2726988285308679,0.27251541758195086,0.27306879762683084
FR--R--STL,3.225003500992898,0.2726875793177603,0.2723573349563926,0.2729986149709381
FR--R--STL,3.2330892111058347,0.2726449299907087,0.2723498442643767,0.2728928855085294
FR--R--STL,3.241150250134524,0.2724461357038982,0.2724289651868813,0.2729065971765846
FR--R--STL,3.249046200187877,0.2725846278293256,0.2722805064089392,0.27278795853483745
FR--R--STL,3.257062680204399,0.2726043461085012,0.2721592935196715,0.2727973043236265
FR--R--STL,3.269772268482484,0.2727772199749165,0.2721273068024054,0.2729629568968198
FR--R--STL,3.2780952085158788,0.2725799904489688,0.27201472308776864,0.2729918445221347
FR--R--STL,3.286516007501632,0.2726107963283718,0.27217670970976937,0.27304444965832575
FR--R--STL,3.2946343974908814,0.2725114193621342,0.2721898897034023,0.2730513088015246
FR--R--STL,3.3028409575344995,0.2724573006626698,0.2721780046241186,0.272910242528458
FR--R--STL,3.3108242765883915,0.2724860065854593,0.272392788381585,0.27292560407969274
FR--R--STL,3.3188075566431507,0.272694836248478,0.2723199876391498,0.27318332954889285
FR--R--STL,3.326753956614993,0.2726794819595824,0.2724935821523745,0.2730182915638593
FR--R--STL,3.334816596528981,0.2726122734323923,0.27233662609640447,0.2730117177655578
FR--R--STL,3.342697056592442,0.2725904824638874,0.2724581699683117,0.2727601075895386
FR--R--STL,3.3508520656614564,0.272525444775153,0.27238976703155976,0.27277374680329713
FR--R--STL,3.3588925556396134,0.2726507040686501,0.27235679210500846,0.2727384270231474
FR--R--STL,3.366955775592942,0.2729014001501595,0.2721644837298364,0.2730422014552425
FR--R--STL,3.374995455611497,0.2725683529916201,0.2722204164824316,0.273393267440782
FR--R--STL,3.383015095605515,0.2722669825163756,0.2719549993056434,0.27338816563860197
FR--R--STL,3.3910507645341568,0.2724057438197081,0.27218502336417305,0.2732551000164556
FR--R--STL,3.3990256445249543,0.2725274172608384,0.2723785191692798,0.27306990015203525
FR--R--STL,3.4070858444902115,0.2726064760275108,0.2723392891587979,0.2728142881315856
FR--R--STL,3.4151111335959285,0.2725390944114973,0.27220812372870296,0.2729193734153905
FR--R--STL,3.4232192836352624,0.2722985895032126,0.27207812659158953,0.2730713508084699
FR--R--STL,3.4312199035775848,0.2727189731431889,0.27212303966786133,0.2733117457310078
FR--R--STL,3.439235043595545,0.2725638111310896,0.27206078122635646,0.2734200743637175
FR--R--STL,3.4473214836325496,0.2728508211262856,0.27232993653851406,0.27300664285675924
FR--R--STL,3.455278222623747,0.2724425310004675,0.2723118097398772,0.2731233239353862
FR--R--STL,3.463191782590002,0.2724581929656216,0.2722939809883104,0.2728854614481853
FR--R--STL,3.471168052579742,0.2726116840481621,0.27218489443422206,0.27281249547363035
FR--R--STL,3.4793855525786057,0.2724012250337338,0.2721842956836329,0.27286503478509777
FR--R--STL,3.487486792495474,0.2725869930343157,0.2722888218662873,0.2727163824470672
FR--R--STL,3.495285212586168,0.2726329241533093,0.27244960799861584,0.2726762935005058
FR--R--STL,3.503396871616133,0.2724969400567702,0.2724418650194056,0.2727624977213052
FR--R--STL,3.5115772415301763,0.2724854330385448,0.2723913979188132,0.27275231058622285
FR--R--STL,3.5198931415798143,0.2724165981434311,0.27213378723362047,0.27301621915014196
FR--R--STL,3.5282557706232183,0.2722196579860613,0.27182372273775257,0.2727628622498994
FR--R--STL,3.536283550725784,0.2720791044059763,0.2715922034402517,0.2727109350224438
FR--R--STL,3.544250950741116,0.2721164539609048,0.27171537448494093,0.27281357503519
FR--R--STL,3.5524864807375707,0.2722788824850498,0.27191996470812696,0.27273487095971294
FR--R--STL,3.560567420674488,0.272559452526983,0.2717209631096589,0.27266410425746657
FR--R--STL,3.568727809702977,0.2725857776181266,0.27211888070408696,0.27276006200821784
FR--R--STL,3.577163539710454,0.2724991999875158,0.27220407471941993,0.272786701672956
FR--R--STL,3.585658259748016,0.2726081139951083,0.2721480021111898,0.2727018101806554
FR--R--STL,3.594070168735925,0.2726417411282216,0.27249506108352145,0.2728303951678991
FR--R--STL,3.602311788708903,0.2723493317084013,0.27220062702973474,0.27290210120151337
FR--R--STL,3.610456828668248,0.272409501341708,0.27226584802300363,0.2728742027273404
FR--R--STL,3.6185347775463015,0.2726605995244868,0.27243253400173123,0.2730763284374218
FR--R--STL,3.62991939886706,0.2728187499378141,0.27254546880814023,0.273125157804343
FR--R--STL,3.646083298837766,0.2729287700264056,0.2726061036870005,0.27303599813423457
FR--R--STL,3.664468598784879,0.2727385790405042,0.2725318792935913,0.2728736345088818
FR--R--STL,3.682688858709298,0.2726212656664503,0.27247541805558256,0.27269864769511193
FR--R--STL,3.690802538767457,0.2726045214699426,0.2724388578200599,0.27273930894386084
FR--R--STL,3.698947237804532,0.2726469545602504,0.2724873039400243,0.2727586929126349
FR--R--STL,3.707026667834725,0.2727109358215211,0.2723995584863214,0.2728669452341757
FR--R--STL,3.7151153978775255,0.2728041151103305,0.27258319569499195,0.2729802631710448
FR--R--STL,3.723499317886308,0.2727450425069302,0.2724437461595464,0.2729110724414853
FR--R--STL,3.7318445978453374,0.2726740880643724,0.2724585497818048,0.27279190121950947
FR--R--STL,3.739948906819336,0.2725059828695337,0.27232360611651857,0.27280450998400063
FR--R--STL,3.748501766822301,0.2726357980830168,0.272385986882064,0.2731061094611069
FR--R--STL,3.7567124468041584,0.2725228399063494,0.272410781216942,0.2731968145901609
FR--R--STL,3.765014305827208,0.2727628350946054,0.2724971170915642,0.27318190933820286
FR--R--STL,3.773629825853277,0.2725291248142317,0.27247025696846033,0.2731298616108109
FR--R--STL,3.781598695903085,0.2725696293924283,0.2725282492845821,0.2729572267144774
FR--R--STL,3.789488994923886,0.2726689154265871,0.2726446576146212,0.2730743728684704
FR--R--STL,3.79825757490471,0.2727841292656334,0.27232121431448286,0.27319854870280075
FR--R--STL,3.806058904912789,0.2727338121107939,0.2722245014102923,0.27315555600923047
FR--R--STL,3.818800293840468,0.2725652029292607,0.2721094314105786,0.27292896768252045
FR--R--STL,3.8267417637980543,0.2725949975688737,0.27205096801481143,0.2727514473266756
FR--R--STL,3.83663157367846,0.2726551602310448,0.27207588079883943,0.27271849475377735
FR--R--STL,3.852420222654473,0.272365536642583,0.27184825085354575,0.27272310328002036
FR--R--STL,3.864499111718033,0.2721240868796434,0.2719586430670065,0.2725576487713352
FR--R--STL,3.879285781702493,0.2725017803813735,0.272217377586615,0.27280262058221105
FR--R--STL,3.897068841673899,0.2725632896515861,0.2722582082461176,0.2728027537422522
FR--R--STL,3.9172228517127214,0.2725496975705403,0.2722910130187385,0.272750528365027
FR--R--STL,3.936147581669502,0.2724963025061988,0.27223525922795516,0.2727164742375662
FR--R--STL,3.9443296517129056,0.2725225833211663,0.27210241128408946,0.27270938863701577
FR--R--STL,3.952634301735088,0.2726714197963454,0.27221854414185526,0.2728906329989289
FR--R--STL,3.9608029507799074,0.2723832056625493,0.272324089428664,0.2728411398904374
FR--R--STL,3.968965290754568,0.2724279044141058,0.2721502392321905,0.2730578549929791
FR--R--STL,3.9768431606935337,0.2725007660100211,0.27218905652244624,0.27290219912120545
FR--R--STL,3.984784170694184,0.2725284358819711,0.2718055229731182,0.2728440290017825
FR--R--STL,3.9928130707121454,0.2724167129068797,0.2716974482539953,0.27281016967607796
FR--R--STL,4.000833139696624,0.2724466663657748,0.2717054423726936,0.2726992276556503
FR--R--STL,4.008879019704182,0.2725562490025039,0.27158158387493386,0.2728278308029475
FR--R--STL,4.016950439661741,0.2722460966766212,0.271625765146669,0.2730038640141798
FR--R--STL,4.024876568699256,0.2722646307817063,0.2718977819747983,0.27288764762006884
FR--R--STL,4.033003128715791,0.272210875241961,0.27184938413584137,0.27242055485500694
FR--R--STL,4.041217558726203,0.2723534422098497,0.271842994467911,0.27267858973769393
FR--R--STL,4.049208078824449,0.2724175835049595,0.27209947881466734,0.27258950981433283
FR--R--STL,4.0574296788545325,0.2724462445636799,0.27203817222644716,0.27275038915296695
FR--R--STL,4.06562793784542,0.2726003109011324,0.2720217107490475,0.2728497179576566
FR--R--STL,4.07352525787428,0.272212976951088,0.2716944832982621,0.2728651432124223
FR--R--STL,4.082169007859193,0.2720626907166388,0.2716188156691055,0.2728305673032242
FR--R--STL,4.090212976909243,0.2721902729048977,0.2716331229788797,0.27298367568153303
FR--R--STL,4.098257186997216,0.272249548680012,0.2716651033309709,0.2732142991796057
FR--R--STL,4.109006166981999,0.2723281166285942,0.271767290366268,0.2729467095248018
FR--R--STL,4.117265115957707,0.2724277280146271,0.27169211038304486,0.2728132743140434
FR--R--STL,4.125314486038405,0.2722470507379095,0.2717890424908384,0.27281840940786506
FR--R--STL,4.133424656058196,0.2722830221504699,0.2718675103599695,0.27272700891665075
FR--R--STL,4.141492846189067,0.2724097506624492,0.27191705623480295,0.2728085865017965
FR--R--STL,4.149575266288593,0.2725565714424573,0.27189400060814456,0.27314512621747566
FR--R--STL,4.157596495235339,0.2725407772869322,0.2719309500173678,0.27296965912745597
FR--R--STL,4.165641685249284,0.2723994588340335,0.27194200012246195,0.2730560008599425
FR--R--STL,4.175357035303023,0.2726682132430237,0.2719545846795724,0.2730581613016769
FR--R--STL,4.183395774278324,0.2727541309139891,0.2721734796464039,0.27295148496461247
FR--R--STL,4.191548064292874,0.2727889546263431,0.27222041318875745,0.2728546803348953
FR--R--STL,4.19959400431253,0.2726670761206172,0.27209243146386675,0.2732204865064344
FR--R--STL,4.207754243398085,0.2727192252151317,0.2723633388353046,0.2732498347343216
FR--R--STL,4.223140363348648,0.2727413545361004,0.2724514955653894,0.2732640493968737
FR--R--STL,4.231489533383865,0.2725949660169139,0.272393811015862,0.27318759134871196
FR--R--STL,4.239639622333925,0.2728035766250048,0.27236040569916947,0.2732529671833304
FR--R--STL,4.247738182428293,0.2727619765708931,0.27214793045193936,0.2731128381410647
FR--R--STL,4.25584723247448,0.2725330605401446,0.27210129224659274,0.2729792843238172
FR--R--STL,4.263832421449479,0.2726027418436581,0.2719970253938035,0.27301638797264266
FR--R--STL,4.271866451425012,0.2725846277279319,0.2723039695668121,0.2728959521530505
FR--R--STL,4.279943351401016,0.2725246095594251,0.27225680768645305,0.27278535266107823
FR--R--STL,4.288036811398342,0.2726524339279787,0.27234427518928606,0.2729807266994778
FR--R--STL,4.296150901413057,0.2727892174621606,0.2722643123566566,0.2731134831018949
FR--R--STL,4.304168310482055,0.272692968650933,0.2724379614324801,0.27319501862156403
FR--R--STL,4.312699100584723,0.2726875632846964,0.27238385492547784,0.27317047507712866
FR--R--STL,4.321104320639279,0.2725160420873663,0.27241895349761475,0.2731799392998015
FR--R--STL,4.329530619608704,0.2724751573752336,0.2723080011860132,0.2734863107850273
FR--R--STL,4.337839499581605,0.2724259917840247,0.27220042842826897,0.27336712571897853
FR--R--STL,4.346091409563087,0.2725762692043185,0.2719591584625947,0.2733732108498873
FR--R--STL,4.354340548568871,0.2724456104663876,0.2718413065481786,0.27338915157289506
FR--R--STL,4.362711968598887,0.2725319216951201,0.27167740431282505,0.27317306010397596
FR--R--STL,4.370924738643225,0.2726451260165085,0.27210142805262644,0.27322639999207227
FR--R--STL,4.379000928660389,0.2725391327257845,0.27225460011844627,0.27299719746609485
FR--R--STL,4.387158138561063,0.272330389137901,0.271877641734535,0.2730873249163782
FR--R--STL,4.395391317550093,0.2726032546607045,0.27209922013807164,0.27299566097342676
FR--R--STL,4.403676627553068,0.2728375056341341,0.2721219653092575,0.27296462531369925
FR--R--STL,4.412054117536172,0.2727444444683837,0.2722279580197818,0.2729983487192724
FR--R--STL,4.420162966474891,0.2726504633661083,0.2720040723273643,0.27290616940939216
FR--R--STL,4.428388726548292,0.2726775594692182,0.27185840211079576,0.27304496346809237
FR--R--STL,4.43671568663558,0.2727822479548602,0.27178780291549626,0.27300697144059016
FR--R--STL,4.444994305609725,0.2724863277295629,0.27186258078091313,0.27261805644140374
FR--R--STL,4.453439065604471,0.2724864703659591,0.27232886259709244,0.272676012431352
FR--R--STL,4.46182931563817,0.272534430179363,0.2720721243151352,0.2727503050321524
FR--R--STL,4.470225995581131,0.2724325120643093,0.2722465637693219,0.2726817591911928
FR--R--STL,4.478778255579528,0.2725788297219594,0.27225633899186,0.272968326210165
FR--R--STL,4.4870697855367325,0.2726612116053958,0.27224082511219916,0.2727876017386138
FR--R--STL,4.495163985469844,0.2723759650710663,0.2721844809243178,0.27285806181489286
FR--R--STL,4.5035418654442765,0.2726527261827861,0.2721901333304418,0.2727990073621302
FR--R--STL,4.512023324496113,0.2725548044938591,0.2724463530053971,0.27260856943086875
FR--R--STL,4.520681104564574,0.2725054606867901,0.2722854888301163,0.27271757153990245
FR--R--STL,4.529034724633675,0.2724683055572904,0.27226176222551074,0.2725545381013751
FR--R--STL,4.537154343619477,0.2723270105499533,0.27209115609341167,0.27242760969242674
FR--R--STL,4.5455017037456855,0.2725758025362605,0.2722714174628715,0.2726042286691095
FR--R--STL,4.554375893785618,0.2724087940582986,0.27200351730430644,0.27269318168865064
FR--R--STL,4.562723432783969,0.272353061252155,0.2720350914125946,0.2726202148499891
FR--R--STL,4.571338722715154,0.2723528759728273,0.2721244524265057,0.2725939267145155
FR--R--STL,4.579971072846092,0.2726725912548887,0.2723555761315848,0.2727349021964255
FR--R--STL,4.588348501827568,0.2725155603943961,0.27236161668557907,0.2725968612169095
FR--R--STL,4.596491501899436,0.2726304883588373,0.2723248488741099,0.2726394417021197
FR--R--STL,4.605000671872404,0.272825759365032,0.27207832895525497,0.27290878392305223
FR--R--STL,4.613146430870984,0.2728631434230343,0.2722196691027458,0.2729810409513171
FR--R--STL,4.621287220914383,0.2729542057745631,0.2722882859283369,0.27309235415552874
FR--R--STL,4.629456630907953,0.2728946601752534,0.2724335562180319,0.27305369122092643
FR--R--STL,4.637618710810784,0.2732042681333076,0.2727215421720908,0.27326084700649605
FR--R--STL,4.645924390817527,0.2731800084947456,0.272598109936475,0.27330854280127576
FR--R--STL,4.654113969882019,0.2730107603042842,0.27265522781720164,0.27325773354605726
FR--R--STL,4.662267689884175,0.2728878971138373,0.2726108523870288,0.27319182944623555
FR--R--STL,4.670518459926825,0.2728341456950948,0.2726702055252516,0.2731357053660815
FR--R--STL,4.679051058890764,0.2727894408155246,0.27266324532810915,0.2732528272604276
FR--R--STL,4.68738501885673,0.2729727307211684,0.2725650211171298,0.2734995729696045
FR--R--STL,4.696194089017808,0.2729522866603174,0.2725075460078745,0.2733790513002407
FR--R--STL,4.70475171803264,0.2728667289258474,0.27254562785224895,0.273178374212262
FR--R--STL,4.713305278099142,0.2729905915447219,0.27241804063695374,0.27306021324081886
FR--R--STL,4.721696357999463,0.2726208746480336,0.27236789473225403,0.27310144544671355
FR--R--STL,4.729959006945137,0.2725259834723419,0.2722414063984188,0.27326552134348225
FR--R--STL,4.738195066922344,0.2724410274927882,0.2721439365794669,0.2729430130892003
FR--R--STL,4.746380866912659,0.2725783882174241,0.2723060542586554,0.27284111703554575
FR--R--STL,4.754623235901818,0.2724849490854563,0.2721045042627475,0.2729411599842327
FR--R--STL,4.762691905954853,0.2725059140995862,0.2722344694457026,0.2729799493146323
FR--R--STL,4.770917136047501,0.2725052606468193,0.2722490190906289,0.27336239661374806
FR--R--STL,4.779067836061586,0.2725298822374394,0.27235629349252977,0.27326090621211563
FR--R--STL,4.787319976021536,0.2725336478617017,0.27221097380198267,0.2732126904323175
FR--R--STL,4.795627076004166,0.2727309219833112,0.27231408735055346,0.2731348392725155
FR--R--STL,4.804110805969685,0.2727097812352409,0.27230011520410036,0.2731240976219198
FR--R--STL,4.8126330460072495,0.2729147554334499,0.27261707783354083,0.2733001431892075
FR--R--STL,4.8207088750205,0.2729760728242626,0.27242405172481327,0.273251895548017
FR--R--STL,4.828907874994911,0.2724868288434352,0.2723497937524988,0.2731215044223675
FR--R--STL,4.837134115048684,0.2723651266744885,0.2723312587321413,0.2731020883001391
FR--R--STL,4.845315093989484,0.2724067092709148,0.2721037319441177,0.2729571952815493
FR--R--STL,4.853557393886149,0.2723995243028692,0.27215901387318125,0.2731446203821421
FR--R--STL,4.861779423838016,0.2725678787095144,0.2721704249901621,0.27295471203502775
FR--R--STL,4.870294582855422,0.2725644372425473,0.2721356393206385,0.2729525832403235
FR--R--STL,4.878717572893947,0.2724233420073862,0.2719718035959619,0.2728357641031265
FR--R--STL,4.887333812948782,0.2722730208252079,0.27211732384346315,0.2728388660080907
FR--R--STL,4.895873241941445,0.2724710230124935,0.2720556448811367,0.27274537438332647
FR--R--STL,4.904454181902111,0.2722762332419744,0.2722502831019585,0.2727376583946978
FR--R--STL,4.912633871892467,0.2724059993308894,0.27210140657909687,0.27269326541623845
FR--R--STL,4.920953940891195,0.2724969320819937,0.272230098638154,0.27272545565777695
FR--R--STL,4.929164010914974,0.2725440112970083,0.27234619918611136,0.27272886875723884
FR--R--STL,4.938170640962198,0.2726961459532707,0.2721799585729196,0.2729317563911082
FR--R--STL,4.946894719905686,0.272704618810707,0.2722458137811384,0.2728848497590419
FR--R--STL,4.955444849911146,0.2723332290478626,0.2722204192529708,0.2728786854735954
FR--R--STL,4.965110259945504,0.2724976561766803,0.2722663739679558,0.2729542012180105
FR--R--STL,4.973514928948134,0.2726103018277376,0.2723039540184494,0.2726819046127899
FR--R--STL,4.981739318871405,0.2724935840665312,0.27230273469729693,0.27277143033829226
FR--R--STL,4.990311619010754,0.2726005149571947,0.2721268621039869,0.272684758729601
FR--R--STL,4.9988248778972775,0.2726250317308559,0.2722639860070801,0.2727391965106117
FR--R--STL,5.007381347881164,0.2726583857344071,0.27220421474668094,0.2727820268307619
FR--R--STL,5.016098937834613,0.2723643706361804,0.2722287119083683,0.272646680893449
FR--R--STL,5.024593856884167,0.2723935934690293,0.2722255737459895,0.2724564518887588
FR--R--STL,5.036431716929656,0.2722662912633505,0.27217393975432197,0.2724426712519279
FR--R--STL,5.044500376912765,0.2723037569935619,0.2722548791119504,0.27251776439031117
FR--R--STL,5.052714845980518,0.2722525841687363,0.27216312527065845,0.27264098646473023
FR--R--STL,5.060874125920236,0.2724257191936137,0.27218863557955936,0.27259881029195443
FR--R--STL,5.068602045997977,0.27235396579256,0.27205504125330643,0.27315207432596694
FR--R--STL,5.076647216046695,0.2723623963739797,0.2721376233764729,0.2728368831296724
FR--R--STL,5.084746436041314,0.2723747198229058,0.2720017349273175,0.2729025525344453
FR--R--STL,5.092850265093148,0.2726491025068256,0.27224116203701054,0.2728516354913374
FR--R--STL,5.101062605157495,0.2726086175454996,0.27207066487912596,0.27305416865769333
FR--R--STL,5.109726635098923,0.2728750398549883,0.27214530574622636,0.27323163670689676
FR--R--STL,5.118047605094034,0.272774282070552,0.2720421119690805,0.27320341541106424
FR--R--STL,5.126156964222901,0.2727150998950428,0.27233470634963697,0.2731986185443401
FR--R--STL,5.136126594268717,0.2726150723241351,0.2725365654988269,0.2732009660169901
FR--R--STL,5.144361374259461,0.2726809562953584,0.27257358636486684,0.2729688472273587
FR--R--STL,5.152599453169387,0.2726872761407787,0.2724709130780612,0.2728833037319137
FR--R--STL,5.160672973142937,0.2727749806344899,0.2721673138361845,0.27302470086669256
FR--R--STL,5.168664133176208,0.272784246608412,0.27214880067228686,0.27285334464128175
FR--R--STL,5.176969863241538,0.2728882000302296,0.2721643665979536,0.27315402510113823
FR--R--STL,5.185184503206983,0.2723663885627406,0.2721922254445487,0.27327892666968495
FR--R--STL,5.193317842262331,0.2721506993588732,0.27204450289937393,0.27340201126860497
FR--R--STL,5.201317002240103,0.2726053113055724,0.27225174910089395,0.2733066647759611
FR--R--STL,5.209415632300079,0.2729600740043865,0.272360826722642,0.27313683585565823
FR--R--STL,5.217429061303847,0.2727863231079094,0.2724414322679367,0.2732362157546328
FR--R--STL,5.225710371392779,0.272613226514442,0.2722933110205413,0.27326465768861224
FR--R--STL,5.234107601281721,0.2727319847528441,0.2721091132830724,0.273147918667641
FR--R--STL,5.242446391261183,0.2726769197652258,0.27223752109523386,0.27288162880481326
FR--R--STL,5.250667501299176,0.2727496972045655,0.2723503419067049,0.2730734574385191
FR--R--STL,5.258955761324614,0.2726971334468068,0.27212088422965663,0.272988593363289
FR--R--STL,5.267071481444873,0.272688869036864,0.2724202026930523,0.2730070751737067
FR--R--STL,5.275243391515687,0.272608748015823,0.27252408738278944,0.2729545674879022
FR--R--STL,5.283589110535104,0.2727717943089475,0.27244615696966146,0.2729334900684138
FR--R--STL,5.291997540509328,0.2727962004050935,0.2722390550671839,0.27285268944488855
FR--R--STL,5.300062550522853,0.2729427379858867,0.2722560746160974,0.2730796805088737
FR--R--STL,5.308194040553644,0.2728223835116978,0.27237051104038834,0.27296659875075285
FR--R--STL,5.316585480584763,0.2727537602682659,0.27245502694121826,0.2729122031783189
FR--R--STL,5.324935220589396,0.2727886194457241,0.2726205156009403,0.27298481649186607
FR--R--STL,5.333181190653704,0.2727867419850274,0.27243465714031956,0.2729438869221639
FR--R--STL,5.34132613055408,0.2726817670935557,0.2721817777038908,0.2730603243339007
FR--R--STL,5.349492340639699,0.2726775710744542,0.272138208288918,0.27320090777949
FR--R--STL,5.357848489657044,0.2727516697491886,0.2719719781125138,0.27311986010371103
FR--R--STL,5.365885579725727,0.2727486450300593,0.27227680991312453,0.27287128359384283
FR--R--STL,5.374063129827846,0.27258565818341,0.27243657529930315,0.27318297045806944
FR--R--STL,5.382373648870271,0.2725936303065479,0.27244799807251685,0.2730103524230332
FR--R--STL,5.390926038788166,0.2724475013296941,0.2723856355927916,0.27311691558326234
FR--R--STL,5.399613398767542,0.2724078658256174,0.2722268602932545,0.27321353388332303
FR--KL--STL,0.0,0.6931471805579523,0.6931471805579523,0.6931471805579523
FR--KL--STL,0.0093271899968385,2.1687503444596428,1.2899846084246909,2.60397402583295
FR--KL--STL,0.0187917989096604,0.9418384837900956,0.5131860269325828,1.270152532868246
FR--KL--STL,0.0282463589101098,0.2833255684175489,0.2770347086332287,0.37256691690943766
FR--KL--STL,0.0397757488535717,0.2607093007939183,0.25860393238428375,0.26683211002252283
FR--KL--STL,0.0538132290239445,0.2638940105597115,0.26248043709453145,0.26731811945103
FR--KL--STL,0.0637561267940327,0.2676721725037321,0.2671852663510494,0.2690943139190347
FR--KL--STL,0.0710957868141122,0.2695890007787757,0.2691580315183149,0.27062338745832587
FR--KL--STL,0.0803378157434053,0.2704289105275885,0.2701718178865973,0.2717179568548029
FR--KL--STL,0.0952337779453955,0.2716685401519472,0.27032135893355935,0.27197115603267596
FR--KL--STL,0.1059935269295238,0.2718762414383162,0.27081830849908867,0.2725937324851954
FR--KL--STL,0.1164723359397612,0.2720470681125083,0.2713018912650032,0.2739169553279427
FR--KL--STL,0.1266762960585765,0.2715992029044624,0.27118673619261296,0.2731250494638988
FR--KL--STL,0.1369600060279481,0.2724355746111419,0.2720482442638784,0.272617323570747
FR--KL--STL,0.1464247228577733,0.2724348923648717,0.27210609239277606,0.2727562885101863
FR--KL--STL,0.155650112836156,0.2722164316656901,0.27156376120189024,0.2731332990815115
FR--KL--STL,0.164869601780083,0.2726515631842854,0.2719172986042544,0.27352655955540917
FR--KL--STL,0.1742445716517977,0.2727217983978347,0.27208961650432867,0.2731317459962955
FR--KL--STL,0.1900212344480678,0.2725173975750867,0.27224094355224127,0.2728898217620278
FR--KL--STL,0.1988406544551253,0.2723103687522073,0.2719640125370842,0.2730617603024085
FR--KL--STL,0.2078243744326755,0.2729246996364911,0.2720802571169837,0.2732061186120697
FR--KL--STL,0.2166301134275272,0.2726215477544046,0.27117953548237284,0.27363388763133784
FR--KL--STL,0.2285004334407858,0.2729159883132659,0.2717817239126555,0.27425440717548855
FR--KL--STL,0.239641863387078,0.2732704736660259,0.2718440128925657,0.2738635095903006
FR--KL--STL,0.2485661632963456,0.273047752120464,0.2724444469311933,0.2737454040894534
FR--KL--STL,0.2574263923452236,0.2724955165607842,0.2720065523720236,0.27390836217193737
FR--KL--STL,0.2664495523786172,0.27328144859497,0.2724020017438252,0.274441311819578
FR--KL--STL,0.2754080223385244,0.2731417037929627,0.27305829932582265,0.2742916343257049
FR--KL--STL,0.2951678590034134,0.273264679883951,0.2729548256747316,0.2734517893826502
FR--KL--STL,0.3060631003463641,0.2732859006951357,0.2724113524834567,0.27349392504886133
FR--KL--STL,0.3155255603487603,0.2729456836754012,0.27266429081523064,0.27453034387123765
FR--KL--STL,0.3270330289960839,0.2732360564029871,0.2723654650484076,0.2745854304487706
FR--KL--STL,0.3372102080029435,0.2729959798688536,0.2712273676329428,0.2733048792419281
FR--KL--STL,0.3487840177840553,0.272183268595396,0.271578597630393,0.27307403285223947
FR--KL--STL,0.3666917993105016,0.2727605602233998,0.27222553483153933,0.27296325070759503
FR--KL--STL,0.3757503991946578,0.2729184553032218,0.27185113538711997,0.2734494369938319
FR--KL--STL,0.3886703592725098,0.2730513943957692,0.2723752172763914,0.2737708861822087
FR--KL--STL,0.4081276693032123,0.2726922287935863,0.2717308432987483,0.2742155821510611
FR--KL--STL,0.4240814567310735,0.273850375683024,0.2723102621645105,0.2743470084631421
FR--KL--STL,0.4332405656459741,0.2729117620543018,0.27271007173840844,0.2741440045063046
FR--KL--STL,0.4426679057069123,0.272591150454734,0.27207605726119033,0.27309050771561233
FR--KL--STL,0.452459545689635,0.2726200612543949,0.27211422715594863,0.2737962793566206
FR--KL--STL,0.4621262356522493,0.2723504953324268,0.271396342653026,0.27362097602098306
FR--KL--STL,0.4814759349101223,0.2724639070208184,0.2719102541629892,0.27309736614380126
FR--KL--STL,0.4919465350103564,0.2726724646694048,0.2724973749068319,0.27299354338134724
FR--KL--STL,0.5024739139480516,0.2722323451607856,0.2721270768146202,0.272638408338864
FR--KL--STL,0.5130341339972802,0.2729636407073689,0.2721416352657991,0.27329488100487404
FR--KL--STL,0.5238083340227604,0.2730641208149703,0.27285307959903476,0.27394977334344717
FR--KL--STL,0.5345377640333027,0.2727825129819491,0.2719764047920444,0.27366350611717843
FR--KL--STL,0.5452225430053659,0.2717482017646903,0.2715914993383453,0.27266933820138817
FR--KL--STL,0.5556726920185611,0.272329352865109,0.27142101742890967,0.2728727048877712
FR--KL--STL,0.5661550220102072,0.2731459879301962,0.27159506318551996,0.27362931800628504
FR--KL--STL,0.5768360419897363,0.2721153651152815,0.2717574338433123,0.2737151446435317
FR--KL--STL,0.5872591020306572,0.2722777713413701,0.27091503523581406,0.2737660526468788
FR--KL--STL,0.5977776711224578,0.2732030853705196,0.2710609641548891,0.2734340094927776
FR--KL--STL,0.6084027610486373,0.2730764623488919,0.2727196482229601,0.2737471852902226
FR--KL--STL,0.6190589710604399,0.2729707858580383,0.27276300359647454,0.2738867410976378
FR--KL--STL,0.6297098411014304,0.2729519828716443,0.2713121737050729,0.27317949194473784
FR--KL--STL,0.640338690020144,0.2726602065443899,0.2715387416177295,0.27396055338489533
FR--KL--STL,0.6510071599041112,0.2722270485473971,0.2712346840218229,0.2729145494078285
FR--KL--STL,0.6650791799183935,0.2721194269748808,0.27173122294934016,0.2732169233998037
FR--KL--STL,0.6756477298331447,0.2724649725619201,0.27191158556312384,0.27282829801614594
FR--KL--STL,0.6966706898529083,0.2730129968287175,0.2723358897608063,0.2735957190013703
FR--KL--STL,0.7170556188793853,0.2735332442916398,0.2719835343491956,0.2737559605411032
FR--KL--STL,0.7272804779349826,0.2734905702931759,0.2717809495034949,0.27398483774111254
FR--KL--STL,0.7375305678579025,0.2725952544563541,0.27184544082721324,0.27328591417009335
FR--KL--STL,0.7477706078789197,0.2723371380757055,0.27177605937458615,0.2734777919188781
FR--KL--STL,0.7581881068763323,0.2724462199838794,0.2717194918466246,0.2735978933230355
FR--KL--STL,0.768604866869282,0.2722881755984848,0.27191242704774593,0.2728503413924285
FR--KL--STL,0.779255706933327,0.272174757995903,0.2712493016772058,0.2728049615387119
FR--KL--STL,0.7899048469844274,0.2729369112398764,0.27159141633969325,0.27306442627532085
FR--KL--STL,0.8001949359895661,0.2729011616805789,0.2718502307820471,0.27311864504152245
FR--KL--STL,0.8106981049641035,0.2730670269687875,0.2716181842239499,0.2733609684006446
FR--KL--STL,0.8209307849174365,0.2730603227280945,0.2721976320464513,0.27365889852353154
FR--KL--STL,0.8314667149097659,0.2716125112403036,0.2713259101329017,0.2723903924169159
FR--KL--STL,0.8438955939491279,0.2728254102928712,0.27148290318805235,0.2731616359398499
FR--KL--STL,0.8544560729642399,0.2730150122525601,0.272384212574808,0.27320190205224715
FR--KL--STL,0.8649232930620201,0.2729985823030327,0.27198504655074157,0.27418481841503406
FR--KL--STL,0.8754484230885282,0.2729838037551835,0.2716971738022792,0.2738951098159907
FR--KL--STL,0.8861047931131907,0.2728063226279029,0.271772377617289,0.2732753201780752
FR--KL--STL,0.8987221095012501,0.2722423938444177,0.271549200844652,0.27292957571532933
FR--KL--STL,0.90921543847071,0.2724720285180811,0.2723756370333656,0.27276216694810657
FR--KL--STL,0.91959283844335,0.2726912421060889,0.2722692913597378,0.2736189955758113
FR--KL--STL,0.9300387784605846,0.2721743772146969,0.271349847511147,0.27274211061572845
FR--KL--STL,0.9401890084263868,0.272566539945013,0.27230080885810976,0.2731737489974895
FR--KL--STL,0.9504103874205612,0.2721049535415442,0.27185984083061837,0.27279119407347696
FR--KL--STL,0.9610280073829928,0.2729083750480161,0.27251201896045624,0.2732052887736691
FR--KL--STL,0.9715214874013328,0.2726521268065054,0.2723765390439319,0.27301126458930514
FR--KL--STL,0.9820104174432344,0.2725545252756007,0.2717623100033636,0.2730664922744386
FR--KL--STL,0.9923343464615756,0.2727091280513314,0.2720680296281254,0.2732011463961523
FR--KL--STL,1.0016424963832833,0.2729601297084038,0.27199394949468336,0.27344319945974416
FR--KL--STL,1.0123078964534216,0.2731535378023568,0.2727425866919963,0.2733196417043719
FR--KL--STL,1.0229765065014362,0.2722696900294503,0.2720208265864296,0.2734497621003296
FR--KL--STL,1.033622935472522,0.2723573839229901,0.27191281010813245,0.2729165098371392
FR--KL--STL,1.0441929754451849,0.2729633536055025,0.2720855155094881,0.2737553521062994
FR--KL--STL,1.0547579654376025,0.2725076558865801,0.2721099675691462,0.27344748575345607
FR--KL--STL,1.0647328354534693,0.2727153852049798,0.27167863006861975,0.2741122167059423
FR--KL--STL,1.078361853666138,0.2726550310138743,0.27228825616493013,0.2728288946545257
FR--KL--STL,1.0922855236567557,0.2722419385485113,0.2715304792435482,0.2728495461962531
FR--KL--STL,1.10268483357504,0.2718677797550766,0.27172043112828603,0.27277789708425737
FR--KL--STL,1.113184803572949,0.272617521600688,0.2718230855302444,0.27298099767624406
FR--KL--STL,1.123665902588982,0.2721174624891965,0.2718440936562567,0.27327946136439024
FR--KL--STL,1.1341062326682732,0.2719951908238948,0.271937051307711,0.2728916241713709
FR--KL--STL,1.144388472661376,0.272918423815908,0.27160086098151737,0.27328164573904773
FR--KL--STL,1.1545561025850477,0.2734155516364546,0.27197587740898116,0.27439291595632026
FR--KL--STL,1.1659019115031697,0.2724470596926112,0.2721366269752441,0.2733645480692176
FR--KL--STL,1.1920563816674985,0.272727362104231,0.27225620522144783,0.27336303204683754
FR--KL--STL,1.2024577207048424,0.2727219424603632,0.27135354899608083,0.27376634505666303
FR--KL--STL,1.2126879007555544,0.2728038823710628,0.27166726528969515,0.2738702908272732
FR--KL--STL,1.223354650719557,0.272118780582795,0.27127729350538565,0.2734969667390286
FR--KL--STL,1.2334612906561233,0.272533237955867,0.2719655980432225,0.2736366233819039
FR--KL--STL,1.2438158597797155,0.2722040301090094,0.2716550904422286,0.2738456185596645
FR--KL--STL,1.2545535097597167,0.2729330980919071,0.27204480581757573,0.27404186171826866
FR--KL--STL,1.2659220796776935,0.2724335790502594,0.272138349507931,0.27290754247403526
FR--KL--STL,1.2768401495995931,0.2724254391225829,0.27181304746821006,0.27337017511518136
FR--KL--STL,1.2875326285720805,0.2724129395306557,0.2717868281980015,0.2728918177962122
FR--KL--STL,1.298423567553982,0.273016485460284,0.2722066766555067,0.2736182673384569
FR--KL--STL,1.314012487535365,0.2726767426008795,0.2722031728391688,0.27306275687270465
FR--KL--STL,1.3234490174800158,0.2727536641559547,0.2724090106408575,0.27280845282093913
FR--KL--STL,1.3329468774609268,0.2732495849636354,0.27240456689638076,0.27394655563789005
FR--KL--STL,1.3419482965255156,0.273101407056504,0.2727212250453283,0.2738162545751855
FR--KL--STL,1.3508863765164278,0.2731386664474391,0.2727910801639708,0.2739581731083495
FR--KL--STL,1.3598288365174085,0.2725938488529058,0.27189457988682475,0.2731350773280736
FR--KL--STL,1.368804305442609,0.2722982632937524,0.2719933820948708,0.27283366185005076
FR--KL--STL,1.376176625431981,0.272521989474123,0.271704578736574,0.2731488911198005
FR--KL--STL,1.3853467154549437,0.2722119251147245,0.27182487563059543,0.2728844412358078
FR--KL--STL,1.3947740143048577,0.2730506216380422,0.27220020601000083,0.27313382971162664
FR--KL--STL,1.4041028342908248,0.2720576011941366,0.27171419547595554,0.27284853153651534
FR--KL--STL,1.413207164267078,0.2722945691757295,0.27112485135765146,0.27276061056722534
FR--KL--STL,1.4224960433202796,0.27288038734599,0.2719809250348309,0.274066814036516
FR--KL--STL,1.4321750032831917,0.2730992849644478,0.2724558992486539,0.27347945333695406
FR--KL--STL,1.441166743286885,0.2723627483994002,0.2713371828647372,0.27273315223638334
FR--KL--STL,1.4542734722490422,0.2727797442605761,0.27217413645182437,0.27298342868140263
FR--KL--STL,1.471225732297171,0.2724660714292932,0.27225834224924866,0.27295352181243704
FR--KL--STL,1.4801863113534637,0.272102747469827,0.2714511960996775,0.2736234604884201
FR--KL--STL,1.4890950413537212,0.2723219042107075,0.271591351840845,0.2725623757166212
FR--KL--STL,1.4985018913866952,0.2722763658011759,0.272065786284308,0.27310603094057445
FR--KL--STL,1.525062290369533,0.2718948265526708,0.2712940763126324,0.27363508205137443
FR--KL--STL,1.5338980703381822,0.2720929723386701,0.2715189239471861,0.27311713170305196
FR--KL--STL,1.5427578503149562,0.2721190537754617,0.2718575342836636,0.27252001392815595
FR--KL--STL,1.5528012092690917,0.2728735906444846,0.27228053148516906,0.2730368838848154
FR--KL--STL,1.5616778692929074,0.2731545410387162,0.27229940701977046,0.27359967306977734
FR--KL--STL,1.5703536192304457,0.2729713327763316,0.27292273252968446,0.2733905324648979
FR--KL--STL,1.57901048817439,0.2732925356595467,0.27232474474636553,0.2739419213385483
FR--KL--STL,1.5877757881535215,0.2723814187577554,0.271704283842104,0.27410844353566943
FR--KL--STL,1.5967611781088635,0.27238350608195,0.2722514899137697,0.27287413897319457
FR--KL--STL,1.605480257072486,0.2727005911349088,0.27139739476915486,0.2728185383048415
FR--KL--STL,1.614212647138629,0.2731522461933396,0.2719787431029537,0.273489132358334
FR--KL--STL,1.6289641470648348,0.2723992778942721,0.27195349748364034,0.27330064161926243
FR--KL--STL,1.6379007959621958,0.2729233068790498,0.2719308709004356,0.27378762478164187
FR--KL--STL,1.6468787659541704,0.2725590026128633,0.27181851425870035,0.2726879624450821
FR--KL--STL,1.6559256859472953,0.2724445084734682,0.2717868399185249,0.27314433454926423
FR--KL--STL,1.6653027749271132,0.2724838036073995,0.2708674573724925,0.2730932427369103
FR--KL--STL,1.674307384935673,0.2730917432066537,0.27185650993951327,0.2736237843871788
FR--KL--STL,1.6847604950307868,0.2729229914766296,0.2720376240513776,0.2733624362100956
FR--KL--STL,1.6937487340182995,0.2729040676729803,0.27245400170907386,0.27346400282150546
FR--KL--STL,1.7028480740846137,0.2728928814845566,0.2723520768593867,0.2737425903898569
FR--KL--STL,1.712144484044984,0.272664924739199,0.27202247435654453,0.2735485345095024
FR--KL--STL,1.7213098829961382,0.2728916019139966,0.27134397212206895,0.2730623266402053
FR--KL--STL,1.7305263229063712,0.2724241733025726,0.2722910225743361,0.27344168587823187
FR--KL--STL,1.7395372729515657,0.2727481591314555,0.2718973985353771,0.27345390356984817
FR--KL--STL,1.7487202520715073,0.2725689788236508,0.2721605916171433,0.2733103247838879
FR--KL--STL,1.7578671020455658,0.2720534145019883,0.27144884916094597,0.27366740330320727
FR--KL--STL,1.766987351991702,0.2728367689372653,0.2714118979436878,0.27386753204893755
FR--KL--STL,1.7760142419137992,0.2721439481348982,0.2716409887329236,0.2741778484804809
FR--KL--STL,1.7848998218541965,0.2724014756999461,0.27182334731393853,0.273170568415821
FR--KL--STL,1.7954973417217843,0.272158352538536,0.27146029316337394,0.2728288713792435
FR--KL--STL,1.8059562117559835,0.272829419282948,0.2710879031776839,0.2731664025097868
FR--KL--STL,1.8164265808300115,0.2722740605662033,0.2716847316888008,0.2734849839006718
FR--KL--STL,1.826856860949192,0.2724356616994516,0.2720369501251196,0.27380666331022174
FR--KL--STL,1.8372460610116832,0.2723381630498265,0.2714862858446705,0.2735163885142422
FR--KL--STL,1.8475545810651963,0.2725535950157707,0.2718590013583562,0.27336253938658345
FR--KL--STL,1.8576710410416128,0.2731809637797854,0.27251098980967275,0.27412186678737793
FR--KL--STL,1.87212424131576,0.2731369744653676,0.27310244037247766,0.2741528601131312
FR--KL--STL,1.8804284813813863,0.2730208671472138,0.2726047903276921,0.27385031488855716
FR--KL--STL,1.8877508703735657,0.2733965285979013,0.2727341891960945,0.273731696215911
FR--KL--STL,1.904745080450084,0.2727565518965798,0.2720909828140384,0.27338758278574304
FR--KL--STL,1.917860128276516,0.2721982232732168,0.2717628703825376,0.272941706962754
FR--KL--STL,1.9285993073135612,0.2719772335888382,0.2712129044096733,0.27219929520063724
FR--KL--STL,1.9394211773760617,0.2720553021272035,0.27193847355917355,0.27287250972264876
FR--KL--STL,1.9503571573877707,0.2729300031825764,0.27235356299858104,0.27377360791110533
FR--KL--STL,1.959378099592868,0.2727402104904334,0.27271786829226335,0.27367501629672775
FR--KL--STL,1.9684499995200893,0.2730301612356061,0.2727179211408588,0.27318086652120294
FR--KL--STL,1.977608218672685,0.2727297372091384,0.2725625422178803,0.27331846675631005
FR--KL--STL,1.986693928716704,0.2728449827547426,0.27241852230580443,0.27360353328884496
FR--KL--STL,1.995780018682126,0.2724982468596708,0.27176518141502065,0.27271312054639485
FR--KL--STL,2.00475464767078,0.2724878579261005,0.2714820987790642,0.2730631921183962
FR--KL--STL,2.012406737660058,0.272440618395472,0.2717269125249743,0.2732480569983044
FR--KL--STL,2.020335017761681,0.2723931814991684,0.2716736569212738,0.2734949200864361
FR--KL--STL,2.029374197765719,0.2718347810740229,0.2717618596269081,0.2732062695146724
FR--KL--STL,2.038362487743143,0.2722000905043879,0.27182295045333554,0.27336327763764967
FR--KL--STL,2.0475606077816337,0.2718611091996794,0.2715466041946418,0.2732383184585829
FR--KL--STL,2.056721386790741,0.272153134766418,0.2712742427030658,0.2730719422841085
FR--KL--STL,2.065785236773081,0.27247414226567,0.27175922088614396,0.2726990458308452
FR--KL--STL,2.0745344268507324,0.2718729868097089,0.27166057831044355,0.272923107884093
FR--KL--STL,2.084300875896588,0.2724945220633693,0.2715847200811151,0.273303172328274
FR--KL--STL,2.093074845848605,0.2733069301891143,0.2714256152565447,0.2738839483625978
FR--KL--STL,2.10525620583212,0.2721633803894412,0.2711636081971129,0.27320967337448615
FR--KL--STL,2.1130620848271064,0.2724869728797408,0.27103109597270975,0.2728621743517736
FR--KL--STL,2.120421244937461,0.272700312509115,0.2720952411857855,0.2732225769925061
FR--KL--STL,2.128174345009029,0.2725853899350424,0.2722262175747967,0.27312179947104775
FR--KL--STL,2.137369994947221,0.2723721949087978,0.2717196762392891,0.27282598263749636
FR--KL--STL,2.1468002548790537,0.2730922953298551,0.27192992566867,0.2734041735156148
FR--KL--STL,2.155816134880297,0.2727584016160571,0.2720365964316206,0.27340618920345067
FR--KL--STL,2.176130444917362,0.2725552932413427,0.272079961528728,0.2728048989855535
FR--KL--STL,2.193151904968545,0.272228256255053,0.2720330219934499,0.2732074017206712
FR--KL--STL,2.208748737408314,0.2722583457569548,0.27142649259311924,0.2737795334923538
FR--KL--STL,2.217826867417898,0.2725007414187486,0.2719024708721268,0.27301563092515185
FR--KL--STL,2.226812527398579,0.2726339909499133,0.27157376069402833,0.2731788357631264
FR--KL--STL,2.235711407440249,0.2728828360016099,0.27180663422798695,0.2734960965137079
FR--KL--STL,2.24491197738098,0.2729821071891416,0.27229676114096535,0.27312874512450463
FR--KL--STL,2.2538918273639865,0.2728758380138809,0.27214790039747905,0.27355884483595183
FR--KL--STL,2.26302605640376,0.2726545296299865,0.2718141519640988,0.2730671054076703
FR--KL--STL,2.2721937163732946,0.2719831101338902,0.2718760067600275,0.2728885966178682
FR--KL--STL,2.281047666387167,0.2726004664647765,0.27177468134231475,0.2729465523946064
FR--KL--STL,2.290080856415443,0.2728146575019007,0.27189517181996514,0.27318629805231837
FR--KL--STL,2.2992824763641693,0.2728554112281501,0.2714273099827621,0.2730292294195547
FR--KL--STL,2.308622156386264,0.2728640913625257,0.27105077811832134,0.2734937655115684
FR--KL--STL,2.31776451645419,0.272951139869883,0.27152191560553507,0.2736350046232365
FR--KL--STL,2.3267886754474603,0.2725868438775141,0.27175618592363654,0.27378243798538704
FR--KL--STL,2.335890095448121,0.2730207259182846,0.27194743069878613,0.2734554452413683
FR--KL--STL,2.3448640354909003,0.2724057940102946,0.2717098420107553,0.27328839305753616
FR--KL--STL,2.353543894540053,0.2723408019652629,0.2717439431323002,0.27287915886658737
FR--KL--STL,2.36553020455176,0.2731412318822568,0.27288748167888094,0.27335017940649536
FR--KL--STL,2.3744488745578565,0.2725818876455618,0.27145709881230107,0.2736060208495111
FR--KL--STL,2.3830552545841783,0.2721724868705954,0.27155077330337635,0.27298953018177
FR--KL--STL,2.3918472735676914,0.271981418731455,0.271496747244453,0.2730005919817776
FR--KL--STL,2.4007823735591955,0.2725647805969639,0.271733384134316,0.27368403107576034
FR--KL--STL,2.4095914835925214,0.2717916155748703,0.27119428112951244,0.2725511039072359
FR--KL--STL,2.4184199726441875,0.2729469212865709,0.2714584281339714,0.2738931093184507
FR--KL--STL,2.4273988825734705,0.2729185513331053,0.2715893411521348,0.2733111629150376
FR--KL--STL,2.4363067325321026,0.2725058773386139,0.27200996363546665,0.27376613049518944
FR--KL--STL,2.445314661599696,0.2725578267179955,0.2722326957649852,0.27267799642424656
FR--KL--STL,2.45398669160204,0.2720494773029124,0.27181624338397065,0.27259490868645514
FR--KL--STL,2.462830151605885,0.2723745107366306,0.27138254942532797,0.27315807442425427
FR--KL--STL,2.4717234105919488,0.2723443341767722,0.2719216803933166,0.27366365748174853
FR--KL--STL,2.4807513705454767,0.2731477988786245,0.27233203471991674,0.27352449425678654
FR--KL--STL,2.489451010536868,0.2731301556023254,0.2727180046239244,0.27380433242913516
FR--KL--STL,2.498215229541529,0.273210708616566,0.2722353148911974,0.2739079128077609
FR--KL--STL,2.5070449395570904,0.273039119315319,0.2725843838618259,0.2740212183926816
FR--KL--STL,2.515818049549125,0.2724567417087429,0.2723647813696672,0.273659580827745
FR--KL--STL,2.5246759396395646,0.2724406143628822,0.2718708012916561,0.2733405894936789
FR--KL--STL,2.5336132696829736,0.2731450797742031,0.2726699905019286,0.2736777489031692
FR--KL--STL,2.542465469741728,0.2736291179527076,0.2721051057511662,0.27433092242943163
FR--KL--STL,2.55152634967817,0.2731894064658047,0.2724113296032627,0.27350928104977
FR--KL--STL,2.562075189605821,0.2723451021710496,0.2721735522934251,0.27325682820988295
FR--KL--STL,2.571211629663594,0.2725748909768954,0.2715980295541199,0.2729686416633247
FR--KL--STL,2.580246518540662,0.2723873910129175,0.27220767069112134,0.2730526987775322
FR--KL--STL,2.589646338543389,0.2727189511707821,0.2720022384526937,0.27340921273560936
FR--KL--STL,2.606180168571882,0.2722661707911604,0.2720592503639313,0.2728533055603198
FR--KL--STL,2.618093828554265,0.2720773632369993,0.27171989264621693,0.2726259631733122
FR--KL--STL,2.6275210775784217,0.2727123746422716,0.27196201797371333,0.2730354155331696
FR--KL--STL,2.636831037583761,0.2728112238027605,0.2724509609791946,0.27370057059724834
FR--KL--STL,2.645812007598579,0.2728297872132515,0.2725057747694254,0.27326319057546833
FR--KL--STL,2.6547064765472896,0.2726527419250483,0.27196605582306604,0.27319757781277043
FR--KL--STL,2.6640145164565183,0.2723131529987654,0.27109418242944217,0.2726283535255902
FR--KL--STL,2.6732960864901543,0.272782574780409,0.27190213247925155,0.27314817259426005
FR--KL--STL,2.6895341764902696,0.2725529072437984,0.2716508257977784,0.27291200151979217
FR--KL--STL,2.698433095472865,0.2727171165249379,0.2715126936804018,0.2730954490571112
FR--KL--STL,2.715942024427932,0.2733984569851211,0.2715552350945951,0.2735820941162378
FR--KL--STL,2.729508453514427,0.2727665753454945,0.2718635966517239,0.27410621534084445
FR--KL--STL,2.742057863448281,0.2734215560881223,0.27276313028894805,0.27422884177230245
FR--KL--STL,2.7541727334610187,0.2732328754915498,0.2723911016551175,0.27433489138104844
FR--KL--STL,2.7632793924422003,0.2730633282148593,0.27246811498324325,0.27367461545185934
FR--KL--STL,2.7724998723715544,0.2728329560152529,0.27214312820674236,0.273103213970077
FR--KL--STL,2.7815196123556234,0.2732528472782428,0.27218493932908977,0.27351641383285136
FR--KL--STL,2.7906395524041727,0.273573014438277,0.27245400819085047,0.2737702429958059
FR--KL--STL,2.800535071466584,0.2727002986271206,0.2720862499121959,0.2732774160045635
FR--KL--STL,2.809067631373182,0.2722642731944526,0.2716948376772344,0.27282507604406064
FR--KL--STL,2.8179764614324085,0.2730009477287375,0.27220255643228164,0.2731570036721637
FR--KL--STL,2.827171571436338,0.2726051266004475,0.27195376097208646,0.27354596970153233
FR--KL--STL,2.844200521474704,0.2717166748574747,0.27151786994929883,0.27289434486654945
FR--KL--STL,2.8540097314398736,0.2718155943875158,0.27103027474630775,0.27299937331428725
FR--KL--STL,2.862957951438148,0.2719232335684826,0.2705348302068228,0.2731009163346039
FR--KL--STL,2.871903680381365,0.271863715297175,0.2712064493593189,0.2732594581826342
FR--KL--STL,2.8808455203543417,0.2732389485218069,0.27240477317433265,0.27377126037120586
FR--KL--STL,2.889685180329252,0.2730314025742982,0.2716004737140012,0.2733795046603576
FR--KL--STL,2.9093667792622,0.2725721929569403,0.2717430461130682,0.2727719741661132
FR--KL--STL,2.9252660082420334,0.2719896080408863,0.27187582538290433,0.272848668395165
FR--KL--STL,2.9400806282646954,0.273083536745248,0.2717876835629271,0.27331172927141206
FR--KL--STL,2.949225907213986,0.2725351908798172,0.2716838968199151,0.27325819546739705
FR--KL--STL,2.958489257202018,0.2723141296780483,0.27183519981896254,0.27251999595720117
FR--KL--STL,2.967576297232881,0.2724972133718117,0.2723294880861769,0.2731028624306328
FR--KL--STL,2.976432097144425,0.272099290408864,0.2713013614627684,0.27331364455437585
FR--KL--STL,2.9853546071681194,0.2726350426095412,0.27161750272113133,0.27378770990881257
FR--KL--STL,2.994282867235597,0.272547035867901,0.27200853461940594,0.2741226399557716
FR--KL--STL,3.003279597323853,0.272829697408362,0.2720121771730378,0.2736076586154036
FR--KL--STL,3.012305947369896,0.2725856354571391,0.27224750099898015,0.2731888548811768
FR--KL--STL,3.0297008373308927,0.2728636145194913,0.27177403866835753,0.27322471615713245
FR--KL--STL,3.0403863673564047,0.2725208490732014,0.2701079247054175,0.2733931733328632
FR--KL--STL,3.051342687394936,0.27223551976351,0.2709733809517566,0.2728922570749269
FR--KL--STL,3.0614954006741755,0.2718313879707533,0.27125627664482305,0.2729301197685593
FR--KL--STL,3.0707281306385994,0.2717536742834747,0.27140618141108375,0.2733421190511141
FR--KL--STL,3.079835570591968,0.2715862766146223,0.27131231227357644,0.2731523224513858
FR--KL--STL,3.0889162705279887,0.2722438442007577,0.27195587065168997,0.27254576609020637
FR--KL--STL,3.097855560597964,0.2722871998073785,0.27206675233219285,0.2732060098118629
FR--KL--STL,3.1067676406237297,0.2717811005166776,0.27133399203683634,0.2728328933468148
FR--KL--STL,3.1143421906162985,0.2720897130159244,0.27145426587176835,0.27332937665136153
FR--KL--STL,3.122102320601698,0.2717069374848813,0.2713538811633108,0.2737768539472064
FR--KL--STL,3.13112209062092,0.2725428028429554,0.2714655263014285,0.27376621710875104
FR--KL--STL,3.140218349522911,0.2724745899908602,0.27161621557595356,0.2736975607602802
FR--KL--STL,3.149177039449569,0.2725240930988929,0.27242229792424644,0.2734753269910493
FR--KL--STL,3.1581851795199327,0.2725478456379949,0.27213235124560187,0.27282374630499157
FR--KL--STL,3.1670709185418677,0.2729909716534757,0.2720594359940146,0.27322753255228655
FR--KL--STL,3.1775543885305524,0.2729437544345169,0.2724859739301578,0.2737715011563811
FR--KL--STL,3.188376978505403,0.2726812425312949,0.2722954397450895,0.27307486242569834
FR--KL--STL,3.1987309884862043,0.2726227624272248,0.2719224219666827,0.27329198373033564
FR--KL--STL,3.2098287774715573,0.2725952776825032,0.2720080934049228,0.27287303393169293
FR--KL--STL,3.2201587975141592,0.2727431334993134,0.2716652043470648,0.2733524565342545
FR--KL--STL,3.231022317428142,0.2729857684010477,0.2720425918204313,0.27357232958560773
FR--KL--STL,3.241892987396568,0.2726644402823692,0.2719847777830283,0.27414999414225955
FR--KL--STL,3.2581997230881825,0.2726350507920545,0.2713877926421473,0.27334701991492016
FR--KL--STL,3.2673083731206134,0.2731016369571291,0.27159372075042687,0.27338570723577893
FR--KL--STL,3.276048273139168,0.2723926314867109,0.2718476716662866,0.27304482535250485
FR--KL--STL,3.2901954231783748,0.2723726122421278,0.27189962607348644,0.2732433183546833
FR--KL--STL,3.2993125632056035,0.2723315898530307,0.27158657345990117,0.2729783842227568
FR--KL--STL,3.3236336822155863,0.2723693792416453,0.27208859027282806,0.2729450544610293
FR--KL--STL,3.332832351210527,0.2719935069514952,0.2715026643529852,0.2728522963418499
FR--KL--STL,3.342097151267808,0.2721277697266127,0.27152136629570406,0.2730602636564984
FR--KL--STL,3.35092879133299,0.2721421161611301,0.27165092746614117,0.2725176775161139
FR--KL--STL,3.3624730654410087,0.272801300627157,0.2726468707393872,0.27363993943837406
FR--KL--STL,3.3714264453738,0.272417990751206,0.2721775243199487,0.27277284728197826
FR--KL--STL,3.380212915420998,0.2725284912736942,0.27144338715912,0.2730297847855346
FR--KL--STL,3.3889823944773525,0.2728516492693486,0.2722115613763853,0.2737988802452405
FR--KL--STL,3.397771114425268,0.2731525449517536,0.2726676842206724,0.27350280436026747
FR--KL--STL,3.4067471844609827,0.272330860008057,0.27211200808470787,0.2738778111526483
FR--KL--STL,3.4156043534749188,0.273271528164946,0.27215684780083005,0.2739455383945325
FR--KL--STL,3.424332333554048,0.2724366189561648,0.271731657489553,0.2729364184621964
FR--KL--STL,3.434103813604452,0.2726915115425232,0.272246369806782,0.2729453960604306
FR--KL--STL,3.4428534326143563,0.2721328031708586,0.27185998642406983,0.2736549946347694
FR--KL--STL,3.451714072667528,0.2730344868924761,0.27223202467409535,0.2734736494226545
FR--KL--STL,3.4605451427050866,0.2727222320490645,0.27236813203218596,0.2728162509959649
FR--KL--STL,3.469523531734012,0.2729120099329725,0.27216319225321123,0.27315236283077393
FR--KL--STL,3.4782856318051927,0.2727680162315777,0.27256323390654735,0.27301163392089756
FR--KL--STL,3.4873500218382105,0.2722370700126305,0.27198913561691185,0.27270114208472845
FR--KL--STL,3.496177060820628,0.2722981555170283,0.2717703343820833,0.2731707162636426
FR--KL--STL,3.505200400773901,0.2730050004673168,0.2721627144265365,0.2732664892656045
FR--KL--STL,3.5141595507157035,0.2722142111739348,0.2719004170210673,0.2731506548973399
FR--KL--STL,3.52300445077708,0.2727348949906846,0.2710309632344636,0.27321071048401135
FR--KL--STL,3.5318684407975525,0.2723389763087315,0.2708903682511032,0.272894670487034
FR--KL--STL,3.5407470609643497,0.272479841783976,0.2712884362163245,0.2729643483335287
FR--KL--STL,3.549474321014713,0.2726253247485268,0.27168809237400693,0.27286801827241886
FR--KL--STL,3.561154991039075,0.2717683393568444,0.2714008931288567,0.2730269167820354
FR--KL--STL,3.570091370958835,0.2726259468017033,0.2723460379253881,0.27319548355226075
FR--KL--STL,3.579087360063568,0.2731684427284576,0.271906420538086,0.27421410107827593
FR--KL--STL,3.587914069998078,0.272617898883235,0.2723062421720937,0.27354800175773164
FR--KL--STL,3.5969338400173,0.2719264143635115,0.27175345475017393,0.2733519154213321
FR--KL--STL,3.606007649097592,0.2727164088938045,0.27251747899955686,0.2733074057759569
FR--KL--STL,3.61493544903351,0.2732362867220155,0.27275932689398125,0.2738510419202057
FR--KL--STL,3.6238686790457,0.2727012316342289,0.271861801204562,0.27329103209354355
FR--KL--STL,3.632682788127568,0.2726559623426193,0.27171411177019045,0.2729670215811712
FR--KL--STL,3.642063518171199,0.2723695937074468,0.2716654189441616,0.2733530829078941
FR--KL--STL,3.650936748250388,0.2724608637915784,0.2716503733055661,0.2730191625747535
FR--KL--STL,3.659983437275514,0.2725155495532008,0.2716108881719915,0.27322930721222755
FR--KL--STL,3.668915697315242,0.2728880667195267,0.27181638171596545,0.2736480618941134
FR--KL--STL,3.678630117268767,0.2727010785566124,0.2714996359211302,0.27351098200646656
FR--KL--STL,3.687453547201585,0.2725135529147043,0.27183214418813006,0.2738617189944459
FR--KL--STL,3.696309467253741,0.272217812590561,0.27174667647279677,0.27377698997192973
FR--KL--STL,3.704980667273048,0.2722299979484344,0.2713867747231608,0.2734917997118714
FR--KL--STL,3.713681507273577,0.2727901248261601,0.2720328334350941,0.27351867560517784
FR--KL--STL,3.723074867273681,0.2735680956101234,0.27196076482305365,0.27419164236655275
FR--KL--STL,3.732055017200764,0.2728661628021969,0.27278062623534427,0.2733237649367909
FR--KL--STL,3.740703107207082,0.2727192737525042,0.2720247918101908,0.27316283001873554
FR--KL--STL,3.749533857102506,0.2724829974681183,0.27205369245915706,0.27277722172715546
FR--KL--STL,3.758423586084973,0.2721851294667416,0.27173841122928877,0.27309821943638535
FR--KL--STL,3.768235746189021,0.2725658879978369,0.2722468847494501,0.272836579745728
FR--KL--STL,3.7775776961934753,0.2730293579913507,0.27154397231793204,0.27411438768151286
FR--KL--STL,3.786577815248165,0.2722480352486948,0.2717691734220778,0.2746380391543755
FR--KL--STL,3.795557235251181,0.2718208314660698,0.2712399434535067,0.2739580115425751
FR--KL--STL,3.804366035212297,0.2731132360673386,0.27200659440055724,0.2733741577138013
FR--KL--STL,3.813211834232789,0.2730383372325071,0.27169175295256587,0.27348803705484576
FR--KL--STL,3.822302784246858,0.2723356828259755,0.2718994016037843,0.2728532169797729
FR--KL--STL,3.831912385823671,0.2724971526114468,0.2714546653468575,0.2729729238872173
FR--KL--STL,3.842936694738455,0.2723739105261352,0.2710504427891154,0.27352322028412884
FR--KL--STL,3.853093184705358,0.2734206476278483,0.2716069159892903,0.2741739098923551
FR--KL--STL,3.863889274711255,0.2718008703826795,0.27153362685557836,0.27426627819868327
FR--KL--STL,3.8749560847645625,0.2726860039221641,0.27229036908992915,0.27322757118923535
FR--KL--STL,3.884961013740394,0.2725506128250216,0.2720547304477047,0.27312099085272096
FR--KL--STL,3.894778023823165,0.272297127207998,0.27169508713434043,0.272636349271972
FR--KL--STL,3.905122863827273,0.2722649146303016,0.2716485762746445,0.2729259236025232
FR--KL--STL,3.914359723799862,0.2720876645336163,0.271977373751831,0.2730801469969973
FR--KL--STL,3.924637022719253,0.2724928417432772,0.2723586613452928,0.2730688035021451
FR--KL--STL,3.935111682803836,0.2725069479780664,0.2721623642075026,0.2736112597661131
FR--KL--STL,3.945700872805901,0.272772070706738,0.2719445009209938,0.27354892113587237
FR--KL--STL,3.956017872784287,0.272520992988473,0.27189318325356954,0.2732558796826612
FR--KL--STL,3.966135561815463,0.2721659057505772,0.2714528158912171,0.27393832394593315
FR--KL--STL,3.9841169208521023,0.2720494972817666,0.27056474973063865,0.2727057488229702
FR--KL--STL,4.008532699779607,0.2718809714047305,0.27047848029960114,0.27246711862601414
FR--KL--STL,4.023874459729996,0.2722548894633427,0.2712358636528875,0.27290643782790386
FR--KL--STL,4.032887798792217,0.2725780491689706,0.2722070967357092,0.2727220150787052
FR--KL--STL,4.041807338711806,0.2723199428793614,0.27134617162367686,0.2729918386126058
FR--KL--STL,4.061934858793393,0.272835632579792,0.2726756351795015,0.27310630847883277
FR--KL--STL,4.07101663883077,0.2727630708331708,0.2721429432336802,0.27318903532760735
FR--KL--STL,4.079950357787311,0.2726841816512889,0.2719446821531368,0.2732410494056934
FR--KL--STL,4.088861577853095,0.2731099918619783,0.2723594181812817,0.27381180756485957
FR--KL--STL,4.097776107781101,0.272602441464102,0.27155356728271496,0.2733547770324802
FR--KL--STL,4.10664904670557,0.2728652677657117,0.2719836647811036,0.2728897261022141
FR--KL--STL,4.121292315656319,0.2733303886016933,0.27280874791442705,0.27359932131280984
FR--KL--STL,4.130336055648513,0.2727279779726902,0.2722600831176645,0.2745212075426142
FR--KL--STL,4.139361035660841,0.2731393780309729,0.27281891968268945,0.27343492065803965
FR--KL--STL,4.148363624699414,0.2727076425826366,0.2719845426775379,0.2729758002607518
FR--KL--STL,4.157579904713202,0.2722371528820199,0.27184509120835526,0.2726735206300721
FR--KL--STL,4.166628974664491,0.2725202936172337,0.2717540783856828,0.2728379275800662
FR--KL--STL,4.175639033666812,0.2725636599185221,0.2722348267524598,0.2728654095388658
FR--KL--STL,4.184662833693437,0.2726668444823701,0.2721162371056415,0.2732469669642422
FR--KL--STL,4.193628843815532,0.2729602265177941,0.272738233838458,0.2734941775503571
FR--KL--STL,4.202668382786214,0.2728930767517523,0.2720285811193167,0.2731090479223824
FR--KL--STL,4.213951732730493,0.2724107361902926,0.2720753353571166,0.27291795990621015
FR--KL--STL,4.238903961784672,0.2723006742518281,0.2713534397368538,0.2732551702700672
FR--KL--STL,4.261483870795928,0.2726344247632611,0.2719967080065487,0.27392889804057335
FR--KL--STL,4.279312559810933,0.2728154557862281,0.27215352957736,0.2739519546605486
FR--KL--STL,4.296083748689853,0.2730449853117817,0.2723158117653445,0.2738368487905064
FR--KL--STL,4.305207687721122,0.2724497322534489,0.2720985050727081,0.27351231042278695
FR--KL--STL,4.314138767775148,0.2726995645907066,0.27247077693646377,0.2728882863473811
FR--KL--STL,4.323168187751435,0.2730301154174117,0.2728685100377354,0.27336764791123574
FR--KL--STL,4.337845667672809,0.2727729421250806,0.27164951006762433,0.2739380437082921
FR--KL--STL,4.346774796664249,0.2726612534370437,0.271626039128075,0.27332824730496064
FR--KL--STL,4.355861646705307,0.2721311903025254,0.27086111697939735,0.2731765025930684
FR--KL--STL,4.364905156719033,0.2715134574385039,0.27130869514662037,0.27286025692626287
FR--KL--STL,4.379501235671341,0.272109342079491,0.2717058868916297,0.27271001984123466
FR--KL--STL,4.391556444694288,0.2712938769867359,0.2711163640865542,0.27253852044924554
FR--KL--STL,4.403645493730437,0.2719182694384304,0.2712553505514244,0.2720540286071285
FR--KL--STL,4.415738473762758,0.2728443740818919,0.2721730166484381,0.27359358119312516
FR--KL--STL,4.427783663675655,0.2728525660183917,0.2723776694954272,0.2730911308458778
FR--KL--STL,4.440087853581645,0.2729116719595321,0.27196906498570833,0.2731158088248541
FR--KL--STL,4.452353403554298,0.2723239984602471,0.2720623031840748,0.27277252614459907
FR--KL--STL,4.4644386325380765,0.27222381660913,0.2717735899742781,0.2727562193486046
FR--KL--STL,4.476816451584455,0.2726290377414457,0.27235534113433313,0.2734038784733913
FR--KL--STL,4.489130680507515,0.2727765899760949,0.2720051896939804,0.2729917215345835
FR--KL--STL,4.507123049523216,0.2728046327160228,0.27135719156355587,0.27366902256747033
FR--KL--STL,4.524205828609411,0.2727109801217314,0.27140444281845083,0.27321666790425325
FR--KL--STL,4.539675357635133,0.2717396885448029,0.2708436306469432,0.27302178710254654
FR--KL--STL,4.558096996624954,0.2722142494692872,0.270963118812622,0.272779948462809
FR--KL--STL,4.576281135552563,0.2724110026049778,0.2713153809024642,0.2726694663799199
FR--KL--STL,4.587327024550177,0.2728702320715382,0.27083043037810645,0.27304296304042897
FR--KL--STL,4.598358564544469,0.2720653983238464,0.27132014210847843,0.27344653662853113
FR--KL--STL,4.609612484637182,0.2725815735296103,0.2720737912698423,0.27306991040022316
FR--KL--STL,4.620745764579624,0.2717648533021894,0.2709655083942222,0.27232860465976044
FR--KL--STL,4.6316732335835695,0.2718784665645085,0.27162116200282144,0.27354259336421805
FR--KL--STL,4.642600353632588,0.2723271368245563,0.27202391412043403,0.27338580362502807
FR--KL--STL,4.6799451726838015,0.2721984228285596,0.27194860962592365,0.2736651019562467
FR--KL--STL,4.690869132697117,0.2724125016829066,0.27206755061231247,0.27377608167280615
FR--KL--STL,4.701616221806034,0.2711976225556706,0.27087341283201344,0.27336291089810144
FR--KL--STL,4.712487120879814,0.2716689951193455,0.2708485212102656,0.27309959011233187
FR--KL--STL,4.723336860886775,0.2721991355987967,0.27136539540873184,0.27360422024340264
FR--KL--STL,4.734158760809805,0.2718667542170294,0.2718245605493428,0.27425823284658446
FR--KL--STL,4.745047939766664,0.2723554419807525,0.272006735274024,0.27299527781306504
FR--KL--STL,4.755795728764497,0.2725824451137858,0.2713929325088934,0.2729219235169129
FR--KL--STL,4.766641678870656,0.2727913220962537,0.2714960354944019,0.27295332102275166
FR--KL--STL,4.777536158973817,0.2723800596391418,0.27192488782106566,0.2728138770416238
FR--KL--STL,4.788355297932867,0.2725103804702491,0.2717894637124371,0.27336472396842126
FR--KL--STL,4.799313356983475,0.2729042556990683,0.27181342310692264,0.2741785702399937
FR--KL--STL,4.81014277698705,0.2724814780688352,0.27199507710808235,0.27318102434192904
FR--KL--STL,4.821404346963391,0.2719360734677775,0.27164576619626774,0.27354843518514527
FR--KL--STL,4.8324190970161,0.2732900859793746,0.27179921250339534,0.27348680287585875
FR--KL--STL,4.8435410259407945,0.2730969208079432,0.2722676919189957,0.2736540334243743
FR--KL--STL,4.854647305968683,0.2732987426420476,0.2717511953627727,0.2733821450116621
FR--KL--STL,4.86569144600071,0.2723780514348646,0.27154551717398695,0.27451449124470956
FR--KL--STL,4.876675545994658,0.272912091437276,0.2727245304378695,0.27390892094542285
FR--KL--STL,4.887557994981762,0.2728766264415331,0.272615214482554,0.27371779820466113
FR--KL--STL,4.89865683496464,0.2728276195343592,0.27204196551174176,0.27343432417053654
FR--KL--STL,4.909508645010646,0.2727290877419452,0.27207394643983146,0.2736506750465172
FR--KL--STL,4.925980835047085,0.272443525711841,0.2715723500674562,0.2730274992810674
FR--KL--STL,4.9369900151505135,0.2721451486159639,0.2715768130008521,0.27264638581941414
FR--KL--STL,4.947967854153831,0.2724809171743589,0.27138107005324186,0.272873348309403
FR--KL--STL,4.958801303175278,0.2727704244465637,0.272209113679062,0.27306556612575816
FR--KL--STL,4.970228953228798,0.2722903361905607,0.2720002859605969,0.2728528389913294
FR--KL--STL,4.981171933293808,0.2727858273569356,0.27242446371133844,0.2735421762685318
FR--KL--STL,4.992311933194287,0.2729565130778521,0.27211236773518266,0.2734576657176907
FR--KL--STL,5.003490302246064,0.272914552916851,0.2725633304755221,0.2735461931223711
FR--KL--STL,5.014737622230314,0.2728622728570403,0.2723624658607119,0.2732866223698586
FR--KL--STL,5.025791632244363,0.2720661746409534,0.27188136057652745,0.2738085192468124
FR--KL--STL,5.036662452155724,0.2720962077768176,0.2719635118473428,0.27436315143389456
FR--KL--STL,5.047402481199242,0.2722387004232692,0.2716242964936242,0.27391962212498994
FR--KL--STL,5.058320901182015,0.2728022205999014,0.2711115745637516,0.2736924955369891
FR--KL--STL,5.069463871128392,0.2723455888718367,0.2711679712069667,0.27370258240542333
FR--KL--STL,5.080616331193596,0.2727893999165174,0.27098975253582835,0.2729340016384714
FR--KL--STL,5.0918169802753255,0.2730366876358267,0.2726653149442345,0.27341895619851875
FR--KL--STL,5.102974419132806,0.2726566258266134,0.2724256955030579,0.27307682109586795
FR--KL--STL,5.113957389083225,0.2724172680628403,0.27105765770962553,0.2731119832554381
FR--KL--STL,5.12486302916659,0.2727876461949848,0.2721945540952639,0.27305031611159447
FR--KL--STL,5.1356100691482425,0.2729799620933664,0.272104683766889,0.2734454583609869
FR--KL--STL,5.146704398095608,0.2733302949829009,0.27174751186530527,0.2737011889465359
FR--KL--STL,5.161939417128451,0.2726430469071323,0.27139799645653,0.27285567054410037
FR--KL--STL,5.172894847113639,0.2729892608224954,0.27102547884128636,0.2736792513223147
FR--KL--STL,5.191233097109944,0.2728363353740286,0.2710869561541845,0.2734211124297546
FR--KL--STL,5.2022263270337135,0.2720474329065263,0.27097663352556345,0.2723772460361363
FR--KL--STL,5.213273397122975,0.2725296240662246,0.27208022689606204,0.2734017256669654
FR--KL--STL,5.223748436197639,0.2724711248224609,0.27168863834176327,0.27302521499949944
FR--KL--STL,5.234961696260143,0.2724935949505355,0.27150645994391265,0.2732748403109052
FR--KL--STL,5.245941936271265,0.2734310514162005,0.27167093749764176,0.27381574025780997
FR--KL--STL,5.257013876223937,0.2728518665802828,0.27177384205419786,0.2732279677484208
FR--KL--STL,5.268148895178456,0.2724368010208204,0.2714186620212935,0.2733368419085323
FR--KL--STL,5.279571474180557,0.2726937032016304,0.27202411580844194,0.2735298646868561
FR--KL--STL,5.290653494186699,0.2725540884765946,0.272261512744399,0.27343348343886814
FR--KL--STL,5.301569044124335,0.2725941893034844,0.2714986641325914,0.2736325682666442
FR--KL--STL,5.312566464126576,0.272322286441062,0.2719781602965429,0.2724647163049298
FR--KL--STL,5.323624963115435,0.2721386308006939,0.2714195856050373,0.27227103023102683
FR--KL--STL,5.334852533123922,0.2728812000994234,0.2722411141457768,0.27310322618675664
FR--KL--STL,5.345738103147596,0.272465380947251,0.27140639437066527,0.27318653034817064
FR--KL--STL,5.3567312831874005,0.2720142107977693,0.27184981811196035,0.27294338358200687
FR--KL--STL,5.367725662130397,0.2723441262833518,0.27155311356678724,0.27324503001168854
FR--KL--STL,5.37916531204246,0.2730464026120296,0.2725435581389803,0.2734836786845253
FR--KL--STL,5.390388242085464,0.2724524216223556,0.27204072904225424,0.2728038304400137
FR--KL--STL,5.401919832045678,0.2727841950513504,0.2718826916948919,0.27320752110665186
FR--KL--STL,5.413576421095058,0.2733892662207831,0.27142248599391583,0.27368286650585066
FR--KL--STL,5.424508260097355,0.2729880867523788,0.2722043272248133,0.2735210329041609
FR--KL--STL,5.4353406900772825,0.2732131291056341,0.2722805184472845,0.2736387382568141
FR--KL--STL,5.4464681601384655,0.2731063612993136,0.2723761807004867,0.2734738287892444
FR--KL--STL,5.457386870053597,0.2736993663697499,0.27356188683512167,0.27399793218890145
FR--KL--STL,5.468340699037071,0.273459735512677,0.2727010059461138,0.27385562419445425
FR--KL--STL,5.479181918955874,0.2728602274390927,0.2725150213328834,0.2735763526973741
FR--KL--STL,5.490392338950187,0.2727590734513226,0.2719959299856218,0.27362482963252555
FR--KL--STL,5.501334228902124,0.2727201786669249,0.27236778669753847,0.27353201799135335
FR--KL--STL,5.512028737924993,0.2732034129405095,0.27225894028808795,0.27369096702175083
FR--KL--STL,5.522846008010674,0.2734960437582563,0.2721930944374449,0.2740920930845004
FR--KL--STL,5.5339136880938895,0.2728003538377151,0.2718916453065934,0.27352032779395613
FR--KL--STL,5.544738308119122,0.2727093540189889,0.272254196327422,0.272717243920499
FR--KL--STL,5.555670547124464,0.2727578334118914,0.2715278875168247,0.2734417975749455
FR--KL--STL,5.568514877173584,0.2724153101282764,0.2713435754996863,0.27351616861144934
FR--KL--STL,5.579356907110196,0.2726247495862229,0.2713252220040253,0.2739653607016968
FR--KL--STL,5.591984718514141,0.2723589342842175,0.2713264111713752,0.27265577835187677
FR--KL--STL,5.600844458560459,0.2724244604028218,0.271547436842941,0.27330474878603894
FR--KL--STL,5.609932208550163,0.2720523123939392,0.27174223722259916,0.2731705047204512
FR--KL--STL,5.619030578469392,0.2724969783035892,0.27186179890452683,0.27352796944059404
FR--KL--STL,5.627932898467407,0.2726541484544263,0.27224339908030637,0.27447293716501087
FR--KL--STL,5.636772448546253,0.2732768216007994,0.27206860893204815,0.27409063878220824
FR--KL--STL,5.645798567624297,0.272682520572418,0.27192735700170706,0.27341739184473396
FR--KL--STL,5.654777657589875,0.2729640125278279,0.27237288251037384,0.27305989385023516
FR--KL--STL,5.663845757546369,0.2728458821444572,0.2719314326790942,0.27358745487313924
FR--KL--STL,5.67295891745016,0.2736628788448929,0.2732405613013507,0.2739802682762955
FR--KL--STL,5.681872867397033,0.2732146586262957,0.2722657442243619,0.27371682814692894
FR--KL--STL,5.690891627338715,0.2726020970676469,0.27175981825773254,0.2728819390862793
FR--KL--STL,5.699953257280868,0.2725218029554069,0.2716674567015203,0.2731212883302187
FR--KL--STL,5.7095808062003925,0.271936333795393,0.2716759235571978,0.272590950246977
FR--KL--STL,5.7195177161484025,0.2725861852194072,0.2719261630689142,0.2733777929259972
FR--KL--STL,5.728469226218294,0.2725201608562509,0.2722104919212345,0.27302291712596843
FR--KL--STL,5.737333035271149,0.2726135235929164,0.27210289367673307,0.27298637967346884
FR--KL--STL,5.749675385130104,0.2725157232256933,0.2711276051109308,0.2728239900655005
FR--KL--STL,5.758413245086558,0.2719253957951549,0.27180635322611846,0.27303962927211256
FR--KL--STL,5.767315244127531,0.2722398668745276,0.27176213859709747,0.27291395893122783
FR--KL--STL,5.776368784136139,0.2723501762360176,0.27201321192548633,0.27277737510124556
FR--KL--STL,5.785515564202797,0.2724428918699699,0.27166024592296445,0.2728685802204543
FR--KL--STL,5.79458036320284,0.272630396424238,0.272152784547272,0.27296744939452106
FR--KL--STL,5.803800073219463,0.2727779455220825,0.2721197420699621,0.27352687986596974
FR--KL--STL,5.813146083208267,0.2726368049243979,0.2719037324570627,0.27420959205993406
FR--KL--STL,5.826780513278209,0.2726698907620229,0.2722351462885975,0.2735087386892521
FR--KL--STL,5.835899982310366,0.2721734624396487,0.2716194006278541,0.2731597829121887
FR--KL--STL,5.844710082281381,0.2725828215642967,0.27184148414735915,0.2733258414170603
FR--KL--STL,5.853620512294583,0.2723036476802057,0.2717990736905199,0.27304650953143045
FR--KL--STL,5.862534831278026,0.2722393882947155,0.27177094614933606,0.2728821456621622
FR--KL--STL,5.871587561268825,0.2723070006826044,0.2714080257883086,0.272737444179789
FR--KL--STL,5.880608931242023,0.2723887990925972,0.27217889719171906,0.27296406425932274
FR--KL--STL,5.890049750218168,0.2726004460360481,0.2720595532270391,0.27316971513313165
FR--KL--STL,5.899288500309922,0.2724676199604063,0.2716351605511098,0.27290149803321895
FR--KL--STL,5.908417700382415,0.2719413284483465,0.2714055766673901,0.2727516006442083
FR--KL--STL,5.917652929376345,0.2717811608490785,0.27149115895720954,0.2726155711150107
FR--KL--STL,5.92766049929196,0.2722502894243434,0.2722080155207082,0.2728502776525025
FR--KL--STL,5.937115339329466,0.2719206453961588,0.2716698380192081,0.27305822874305036
FR--KL--STL,5.946304629324004,0.2725330903406111,0.27206383979886267,0.2727075425044239
FR--KL--STL,5.95540970825823,0.2724114109641604,0.27166000146462155,0.2745526218180926
FR--KL--STL,5.964703728386667,0.2725573309712456,0.2719787264378986,0.2731416885594283
FR--KL--STL,5.97383482841542,0.2724822584944376,0.2717487454430622,0.2731872249279236
FR--KL--STL,5.983099257398862,0.2731307857179387,0.2722827971506247,0.2735691330497748
FR--KL--STL,5.992261357489042,0.2730549088377434,0.27159855613976597,0.2738704567663311
FR--KL--STL,6.001575337431859,0.2738297311836136,0.2719068764869708,0.2741079871508841
FR--KL--STL,6.010914896440227,0.2727420528539385,0.2716549169592493,0.27377714680741705
FR--KL--STL,6.020231166447047,0.2726828285803597,0.27245104395056613,0.27376855671133304
FR--KL--STL,6.029508136445656,0.2731056381050177,0.2721505459816329,0.2739734915230286
FR--KL--STL,6.038743925397284,0.2727018507581702,0.2724022002688949,0.27338414948038486
FR--KL--STL,6.0479780655005015,0.2725123215113867,0.2718217447242363,0.273368329965867
FR--KL--STL,6.057359615457244,0.2719250235174991,0.27114864162201274,0.2739576069546972
FR--KL--STL,6.066554605436977,0.2723576761234872,0.27163601304470786,0.2731873882207641
FR--KL--STL,6.07553766440833,0.2728206429833129,0.27206093678999393,0.27406170322594764
FR--KL--STL,6.084638434345834,0.2725166600518544,0.27152606998640066,0.27384325030030227
FR--KL--STL,6.093728324340191,0.2719920697749509,0.27127903698338823,0.274156640427421
FR--KL--STL,6.102807323331945,0.2732257410275645,0.27196540170051764,0.27379990407792876
FR--KL--STL,6.112082513282076,0.272681467599524,0.2724595800343655,0.2737001105475658
FR--KL--STL,6.121312403236516,0.2732710257452261,0.2725524919049307,0.2735319883523475
FR--KL--STL,6.130577162199188,0.2729034019634593,0.27192115442395765,0.27329463647545127
FR--KL--STL,6.139947212242987,0.2727472298180151,0.27163846899677824,0.2731409056127228
FR--KL--STL,6.148887082235888,0.2723182640612422,0.2718658628054626,0.27322304988349777
FR--KL--STL,6.158180681231897,0.2729567586812124,0.2724348639285108,0.2738491969175566
FR--KL--STL,6.1672115011606365,0.2725279944331151,0.2718331369594154,0.2731065295295973
FR--KL--STL,6.1763104211422615,0.2729741364634284,0.2720572780409638,0.27351383098968424
FR--KL--STL,6.186055920145009,0.2729160783048649,0.2724176739476096,0.27309114741571544
FR--KL--STL,6.207673779223114,0.2729243616051829,0.27209253390537647,0.27331115140798595
FR--KL--STL,6.217814018309582,0.2727271918933177,0.27179945742442296,0.2729875959779642
FR--KL--STL,6.227093308232725,0.2732450706787639,0.2719273121529396,0.2737303361580006
FR--KL--STL,6.249130128126126,0.2725528697628445,0.27223071716867137,0.2730403207011184
FR--KL--STL,6.25805502809817,0.2726183702281228,0.27204053443040793,0.2732793585795008
FR--KL--STL,6.267959946999326,0.2730051589992112,0.27271011608431717,0.2733375809786794
FR--KL--STL,6.276883157028351,0.2725887923364755,0.271933306505406,0.27346436090618276
FR--KL--STL,6.286103547026869,0.2725626625768301,0.27106607497507074,0.2736709666337182
FR--KL--STL,6.295272485993337,0.2728516526965815,0.27140545302357844,0.2739047845664762
FR--KL--STL,6.304476375982631,0.2732513702628415,0.2710077949758669,0.2735395516570301
FR--KL--STL,6.3136545260204,0.272547180789975,0.27241192080143345,0.27282723536192816
FR--KL--STL,6.327875666029286,0.2731084690682376,0.27213723188012745,0.2741898860290747
FR--KL--STL,6.3369498060201295,0.2724356853371849,0.2721753306185716,0.27361032919401274
FR--KL--STL,6.346476845094003,0.2724072579429757,0.27201028150062334,0.27380104847240677
FR--KL--STL,6.356525815150235,0.2723269915009632,0.27183888474944523,0.27382626337379823
S--FB--GVI,0.0,0.6931471805579523,0.6931471805579523,0.6931471805579523
S--FB--GVI,0.0055219099158421,0.3577363558018425,0.35313357701783743,0.3633802479874379
S--FB--GVI,0.0113144099013879,0.3110707055027765,0.3090561996529294,0.3119343479674098
S--FB--GVI,0.0171141398022882,0.2923543651288066,0.29074590130710404,0.2935535187143813
S--FB--GVI,0.0226654887665063,0.2823149839606864,0.2786953852243476,0.28414767546159564
S--FB--GVI,0.028081408701837,0.2756357735331688,0.2747952950349471,0.27801211638083756
S--FB--GVI,0.0332093988545239,0.2708759936932927,0.2697836738758844,0.27232106334162504
S--FB--GVI,0.0389141888590529,0.2698638475597918,0.2686626528999771,0.27172669634082613
S--FB--GVI,0.0447918189456686,0.2680531824673792,0.2668916457134366,0.2701220589985871
S--FB--GVI,0.0503171989112161,0.2681456078699639,0.26586198201926686,0.26838837867981186
S--FB--GVI,0.0557835579966194,0.2671920758121831,0.2649648341410132,0.2678285538969752
S--FB--GVI,0.0612984180334024,0.2677691154182015,0.26696500311528415,0.268638618288232
S--FB--GVI,0.0669981771497987,0.266701564295872,0.2657604547270092,0.2682191694420459
S--FB--GVI,0.0725959372357465,0.2675311570561844,0.26614145250999754,0.26887589804850826
S--FB--GVI,0.078417957178317,0.2675367803704174,0.26674537008012894,0.26835570970526296
S--FB--GVI,0.0838879971415735,0.2677864380159156,0.2665395391529731,0.2683054520416121
S--FB--GVI,0.0894518572022207,0.2673889088472383,0.26667302909912,0.2692484801666271
S--FB--GVI,0.0950474772253073,0.2690274447110011,0.2664979034014761,0.2700222237137644
S--FB--GVI,0.1006210672203451,0.268961406688657,0.26747643214972594,0.2696297711496412
S--FB--GVI,0.1063823662698268,0.2680227962971647,0.2678373626523925,0.26867238113601366
S--FB--GVI,0.1119714262313209,0.2692371932908187,0.2672587873043525,0.26991946408733003
S--FB--GVI,0.1173980562016367,0.26794904222643,0.2669364812098498,0.26869643057395654
S--FB--GVI,0.1228801061515696,0.2689802826000159,0.2680183037556487,0.26943555820348986
S--FB--GVI,0.128360026224982,0.2700982006010906,0.26938062577253025,0.27048546603085943
S--FB--GVI,0.1338226962834596,0.2695166120201315,0.26842815559100663,0.2716937460679145
S--FB--GVI,0.1393444063141942,0.2706775609237623,0.2692395510935345,0.2713764998718539
S--FB--GVI,0.1447108653374016,0.2701192849810183,0.2696115609826235,0.2714690641899522
S--FB--GVI,0.1500856453785672,0.2696384045237548,0.26945041511502327,0.2715692642624643
S--FB--GVI,0.1555609052302315,0.2713206527200826,0.26970968578753896,0.2726137791872079
S--FB--GVI,0.1609806052292697,0.2698920410513645,0.2692983831157234,0.2716504851207799
S--FB--GVI,0.1663563352776691,0.2717889838250213,0.2697194690856088,0.27214621453286736
S--FB--GVI,0.1718946252367459,0.2713013371228146,0.27043769961563213,0.27237239034612526
S--FB--GVI,0.1774772152421064,0.2711735024773281,0.2706720051404001,0.27301884520428493
S--FB--GVI,0.1831165442126803,0.2712664531387263,0.27088245791656024,0.27253191731802484
S--FB--GVI,0.1886659241863526,0.2714367497828438,0.27024337104168217,0.2736311303341781
S--FB--GVI,0.1940723932348191,0.2717428404363915,0.27024957500125457,0.2734900990485616
S--FB--GVI,0.1994974332628771,0.2714943915595509,0.27116678410563116,0.2740513612248326
S--FB--GVI,0.2049812833429314,0.2710994109980333,0.27017620871318176,0.27296582908747563
S--FB--GVI,0.2104168534278869,0.272940536382185,0.27169527547007505,0.27345540678588737
S--FB--GVI,0.2158572434564121,0.2718675841600314,0.2712252476639494,0.273251790962797
S--FB--GVI,0.2212941634352319,0.2717020475122214,0.27003259974784255,0.2730708272670801
S--FB--GVI,0.2266309534315951,0.2721971942312622,0.27086691820273007,0.27246626617026304
S--FB--GVI,0.2321314315777272,0.2714884213829406,0.2712214652575228,0.27275819185992267
S--FB--GVI,0.2435501615400426,0.2725129873846589,0.2719638218429215,0.27292243657515175
S--FB--GVI,0.2490306015242822,0.2721177611154465,0.2719009706059707,0.2733479200677533
S--FB--GVI,0.2550985415000468,0.2713332033317114,0.2704630955038261,0.2722607664888885
S--FB--GVI,0.2607701615197584,0.2734682488585264,0.27273341164079795,0.27384902891489593
S--FB--GVI,0.2721290815388784,0.2732247579053253,0.2724448832831595,0.2741967836841509
S--FB--GVI,0.2788675706251524,0.2729524923644538,0.2725472458553144,0.27415046218675226
S--FB--GVI,0.2846983106574043,0.2723613839028513,0.2718600411970246,0.2739580035781613
S--FB--GVI,0.290385560656432,0.2715392286274648,0.2706060377039225,0.274209051937398
S--FB--GVI,0.2961824206868186,0.272963371884156,0.27220556455003025,0.27537500813717464
S--FB--GVI,0.3017949506174773,0.2734379570559404,0.27192414200258475,0.27408114334063466
S--FB--GVI,0.3073474696138873,0.2723489359762406,0.2715932888514738,0.2732912373602183
S--FB--GVI,0.3129733296809718,0.272302401239965,0.27169123591379263,0.27292043963846696
S--FB--GVI,0.3186792897176929,0.2733369387610284,0.271672366018327,0.27373583201176127
S--FB--GVI,0.3243059096857905,0.2727930808799442,0.27240253964726535,0.27477489578689773
S--FB--GVI,0.3299339596414938,0.2730110745082729,0.27136243658539233,0.27445443690750304
S--FB--GVI,0.3355749996844679,0.2735085660751339,0.27212615980481397,0.27477713806257337
S--FB--GVI,0.3411072697490453,0.2721386790315806,0.2714013754038138,0.2749368786287959
S--FB--GVI,0.3468351998017169,0.2729134030211972,0.27151677885256315,0.27478112740742
S--FB--GVI,0.3524779896833934,0.2736705116820082,0.2710242773278197,0.27452579508908154
S--FB--GVI,0.3569816286908462,0.2732978929606119,0.2718791488536894,0.2734894350705912
S--FB--GVI,0.3625642285915091,0.2731606650193707,0.2701429455052618,0.27447651230906694
S--FB--GVI,0.3682052885415032,0.2738831777934907,0.2712816481232119,0.27479455274298303
S--FB--GVI,0.3738382285227999,0.2721690824669703,0.270696469996237,0.2748069632893554
S--FB--GVI,0.3794578485540114,0.2730262901425992,0.2700750952013095,0.27419541707394585
S--FB--GVI,0.3852033185539767,0.2715451788875845,0.2703811078589714,0.27408793507057994
S--FB--GVI,0.3908504086430184,0.2725256870936756,0.26995592766393905,0.27380217067713125
S--FB--GVI,0.3965491775888949,0.2727700255050055,0.2722886768176323,0.27498070922041346
S--FB--GVI,0.4020724075962789,0.2731519526960101,0.27067733287687457,0.27424804040487555
S--FB--GVI,0.4076258076238446,0.2721990759676428,0.27099880723083436,0.27378290162896357
S--FB--GVI,0.4131563776172697,0.2725372429915391,0.27159951579427644,0.2731078425444377
S--FB--GVI,0.4187132676015608,0.2738293589255635,0.2711893296213191,0.2747368384037287
S--FB--GVI,0.4242329375701956,0.2731065307036436,0.2704720875206148,0.2740078067421616
S--FB--GVI,0.4297879374353215,0.2723377809999859,0.27044346891068777,0.27380237077152975
S--FB--GVI,0.4353335664491169,0.2730446122382527,0.2718868661353342,0.2746216461827052
S--FB--GVI,0.4409623463870957,0.2730802560527813,0.2711101776880533,0.27425574162602656
S--FB--GVI,0.4465363554190844,0.2732504492814247,0.2708518164012572,0.27420468344735416
S--FB--GVI,0.4522062154719606,0.2733633246273256,0.27164982031391954,0.2735397814011183
S--FB--GVI,0.4576983054284937,0.2723486222331008,0.2713798504509461,0.2729715951378009
S--FB--GVI,0.4632596754818223,0.2729203297544679,0.2700955586248676,0.27417003990803934
S--FB--GVI,0.4688027253723703,0.2729532361808821,0.27029779180499874,0.27407802730749836
S--FB--GVI,0.4743888154043816,0.2727845486114846,0.2714499279681917,0.27310009442427263
S--FB--GVI,0.4803949354100041,0.2727360329991583,0.27086636047403595,0.2744516606844284
S--FB--GVI,0.4871484344475902,0.272182313409006,0.2700457576501981,0.2755355379996219
S--FB--GVI,0.4931938245426863,0.2727421220604951,0.2713750334736879,0.27573009652363795
S--FB--GVI,0.4998235145467333,0.274094828869585,0.2711625336543642,0.2746239203880182
S--FB--GVI,0.506578613538295,0.2726511875551646,0.2704597084429259,0.27418828849846644
S--FB--GVI,0.5128371135215275,0.2722837508127851,0.2709463014846959,0.27449226163680696
S--FB--GVI,0.5191093135508709,0.274185800488202,0.2726150159388597,0.2753539950553089
S--FB--GVI,0.5260160934994929,0.2734486223926593,0.2718085945930704,0.2762406195807903
S--FB--GVI,0.5325696835643612,0.2749280446740646,0.2712899129256892,0.2756313109439939
S--FB--GVI,0.5394069436006248,0.2733825742142201,0.2699607871771042,0.27412925344289396
S--FB--GVI,0.5458461635862477,0.2733958793174189,0.27093991494509606,0.27447902288397086
S--FB--GVI,0.5526722335489467,0.2731025103838251,0.2701381305753099,0.27372576023950795
S--FB--GVI,0.5599215535330586,0.2722036138270493,0.2710295268682824,0.2738983163739679
S--FB--GVI,0.566833243588917,0.2737122074087166,0.2715189612990352,0.27508947764138847
S--FB--GVI,0.5732853236258961,0.2731610001159362,0.27203991062474764,0.27424583143268255
S--FB--GVI,0.5797352135996334,0.2727364626417143,0.2710031220213795,0.27366819274553716
S--FB--GVI,0.586127083573956,0.2731296544438807,0.27140965140705825,0.2736888928436097
S--FB--GVI,0.5978726436151192,0.2728559866225898,0.27226530093805434,0.2739375330554378
S--FB--GVI,0.6033919836045243,0.271851252167714,0.2711145288835639,0.27313782529890923
S--FB--GVI,0.609031033643987,0.2723294029669459,0.27163693777975817,0.2735720927982515
S--FB--GVI,0.6146417137351818,0.2734908431547045,0.27201428494488133,0.2742923916836209
S--FB--GVI,0.6201143227517605,0.2729522813663187,0.2717400747466803,0.27409343516557677
S--FB--GVI,0.62571982271038,0.2725282290737632,0.2709920752771914,0.27345612910594413
S--FB--GVI,0.631237601628527,0.2730269191529347,0.2711922728089229,0.27353790522692
S--FB--GVI,0.6367712515057065,0.2730440731055062,0.27244229325817176,0.27358535632195297
S--FB--GVI,0.6423358815372922,0.2729488906032813,0.27184803630726667,0.2752808800916568
S--FB--GVI,0.6480518915923312,0.2728152845779952,0.2720086321801338,0.27362167815605143
S--FB--GVI,0.6535994114819914,0.2731575317292532,0.2717551805640185,0.2744147170569851
S--FB--GVI,0.659161111456342,0.273024131762133,0.2718400078369983,0.27425663857569027
S--FB--GVI,0.6646446013473906,0.2735970737646696,0.2719942954696507,0.27435942240645994
S--FB--GVI,0.6701129902503453,0.2736554244252488,0.2718722492450191,0.27421475075924556
S--FB--GVI,0.6757041302626021,0.2728001398933029,0.27238772898093006,0.27512255347983927
S--FB--GVI,0.6814957892638631,0.2732450209072067,0.2722952092226211,0.2742159917544853
S--FB--GVI,0.6871982793090865,0.2733333441632878,0.2714044018861574,0.27481376712611
S--FB--GVI,0.6927411393844523,0.2727166605498103,0.27122651646796403,0.27482727184770256
S--FB--GVI,0.6983070193673484,0.2726850674536305,0.2715456710355117,0.27412854879711085
S--FB--GVI,0.7038527693366632,0.2722198547821263,0.27138440807502395,0.27362896234475326
S--FB--GVI,0.7093601293745451,0.2715340527792305,0.27079025670754975,0.2726727799810304
S--FB--GVI,0.7149276493582875,0.2725632766710357,0.2720215242047726,0.2736387933750932
S--FB--GVI,0.7204857683973387,0.2731644680839169,0.2717676034011772,0.2736632098071312
S--FB--GVI,0.7260185983031988,0.2728335060259281,0.2718709502454723,0.2735112322892948
S--FB--GVI,0.7316407182370313,0.2715878193957581,0.2712133616606151,0.2733814024277635
S--FB--GVI,0.73728001822019,0.2721912948681101,0.2716034742790648,0.27351633563731687
S--FB--GVI,0.7428216182161123,0.271730970395769,0.2703374816012756,0.27305741988579885
S--FB--GVI,0.7483278182335198,0.272695170350047,0.27171534574547934,0.2736022476180788
S--FB--GVI,0.7539015982765704,0.2727384618081762,0.2717483970676911,0.27340904396752624
S--FB--GVI,0.7593947172281332,0.2727104179093749,0.2711937627344957,0.2740026989708242
S--FB--GVI,0.7648990171728656,0.2716371393085943,0.2706909928189104,0.2736106789137042
S--FB--GVI,0.7705175160663202,0.2734150708726862,0.27123265461975316,0.27424079644333677
S--FB--GVI,0.7761740460991859,0.273817398257008,0.2709086408111151,0.2745964043110552
S--FB--GVI,0.7820188260520808,0.2730854905952358,0.2712164347883682,0.2739866093605418
S--FB--GVI,0.7875260160653852,0.2733241037613239,0.27122569116271006,0.2746081238700232
S--FB--GVI,0.7930662960279733,0.2716494280588639,0.26974750966222577,0.2736955824935472
S--FB--GVI,0.7985131359891966,0.2728017859832956,0.27083698319174054,0.27480038887516417
S--FB--GVI,0.8041244160849601,0.2727857373857288,0.2713411526251286,0.2745383173504942
S--FB--GVI,0.8097050351207145,0.2722538975834359,0.27082539066108474,0.27357603601236335
S--FB--GVI,0.8152633551508188,0.2727851625475636,0.2707155931117925,0.2733369610072199
S--FB--GVI,0.820921415288467,0.2730890596608509,0.2702354730527544,0.2735221582648778
S--FB--GVI,0.8264325953787193,0.2725077152195213,0.2706499560391743,0.2727513140804425
S--FB--GVI,0.8320433053886518,0.272558781959952,0.2709128886469871,0.27383871269571947
S--FB--GVI,0.8375916754011996,0.2721256000609452,0.27100983017647995,0.273373799221604
S--FB--GVI,0.8431015354581177,0.2726781807738343,0.27151951701707644,0.27332600838532023
S--FB--GVI,0.8486721753724851,0.2722829588465112,0.27106633659974977,0.27302750387646063
S--FB--GVI,0.8542264553252608,0.2707102871816442,0.27012098052847844,0.271955923622607
S--FB--GVI,0.8599340743967332,0.2721997469303107,0.2716623456345013,0.2727026350980227
S--FB--GVI,0.8656318443827331,0.2728346485960753,0.2716825034975408,0.2744003097213273
S--FB--GVI,0.8713278043433093,0.2731153376195014,0.27189147889944504,0.2739265111610521
S--FB--GVI,0.8769344442989677,0.271850991921803,0.2717634509925735,0.2749313730574649
S--FB--GVI,0.8825129842734896,0.2723925957118577,0.27133657279688217,0.27259291868550095
S--FB--GVI,0.8881183941848576,0.2727731506809172,0.27124808153467606,0.27304897628471897
S--FB--GVI,0.893771454168018,0.2731958689124877,0.27160730889032536,0.2748325407772502
S--FB--GVI,0.8993777632131241,0.2740281242211453,0.27236951900119094,0.27437190558662355
S--FB--GVI,0.9049599432619287,0.2738166428394263,0.2726265935646685,0.2754770345209958
S--FB--GVI,0.9104507631855084,0.2734857393150618,0.27234757145032373,0.274627468047091
S--FB--GVI,0.9160328831057996,0.2741043908274014,0.271503481709076,0.2757633010982047
S--FB--GVI,0.9217568531166762,0.2737351083317207,0.27231344116185585,0.2743157721914582
S--FB--GVI,0.9273420230019838,0.273364366310336,0.2713954223989267,0.2745070412028898
S--FB--GVI,0.9329214330064132,0.273403974172867,0.272279606006767,0.27558442750608425
S--FB--GVI,0.9385061520151794,0.2729497541948259,0.2716608379767474,0.274180887776763
S--FB--GVI,0.9434462619828992,0.2729076769787145,0.2728336953309893,0.2737813745932718
S--FB--GVI,0.948970710975118,0.2732351452252751,0.2727885391209643,0.2745523330838348
S--FB--GVI,0.9544923210050912,0.2719296284324766,0.2713838847879021,0.27480045578467965
S--FB--GVI,0.960000031045638,0.2728771004611076,0.271238361987702,0.27472574751199924
S--FB--GVI,0.96545091108419,0.2718550161373955,0.27089865623623627,0.2738923035264328
S--FB--GVI,0.9709154610754922,0.2715119527029486,0.27087242956944585,0.27466764344024297
S--FB--GVI,0.9766731010749936,0.2729195447492791,0.2715393075169944,0.27453605265852565
S--FB--GVI,0.9822642910876312,0.2728888246242072,0.2713470452558732,0.27374577367335273
S--FB--GVI,0.9877725501428358,0.2736012412340096,0.271691720926878,0.27432759466063616
S--FB--GVI,0.993405980116222,0.2730699233571823,0.2723028542759735,0.2739731138352113
S--FB--GVI,0.9990389200975188,0.2738214766075652,0.2732382447550801,0.27489813621552855
S--FB--GVI,1.0046995300799608,0.27360208826839,0.27284032122301694,0.2743570071184692
S--FB--GVI,1.01016681996407,0.2732134633195263,0.2718624721797558,0.27531916293456976
S--FB--GVI,1.0155664299381897,0.2740299108850886,0.2707664012714232,0.27465896727049693
S--FB--GVI,1.021012949931901,0.2726932697930814,0.27113502822268537,0.27384297124406815
S--FB--GVI,1.0267668689484708,0.2722360768425306,0.27176850647488093,0.273228230915723
S--FB--GVI,1.032333939045202,0.2730592493028562,0.27181787568804566,0.27328555323036524
S--FB--GVI,1.0379437390947714,0.2734032408763145,0.2705289384850731,0.2748515922220154
S--FB--GVI,1.0436845390941016,0.2733404017399531,0.2711779045640786,0.27437734717373397
S--FB--GVI,1.0492927991435863,0.2726751463122329,0.2710927856868024,0.2738638611103978
S--FB--GVI,1.0548907290794889,0.2726181640335773,0.27104404220300915,0.27372856413392965
S--FB--GVI,1.0605044080875814,0.2721716025624452,0.27148031617300117,0.2734663286259628
S--FB--GVI,1.066226828028448,0.2716733284545215,0.27105685549118735,0.2726978186613654
S--FB--GVI,1.0718364079948517,0.2719607273366635,0.27153727156266994,0.27352680649787564
S--FB--GVI,1.0783940778928809,0.2722551031955059,0.27185875475644933,0.2730534160628108
S--FB--GVI,1.0839598378515802,0.272629535515408,0.27170403268883137,0.27301770871538983
S--FB--GVI,1.0896165778394789,0.2731800292785133,0.2715658906905193,0.27443318217121476
S--FB--GVI,1.095205157878809,0.2727228177122155,0.27151645916923034,0.27393070200863623
S--FB--GVI,1.1007447768351994,0.2727315490872947,0.271257324132087,0.27343862061040586
S--FB--GVI,1.1064047467662022,0.273297154497869,0.2720681785746091,0.2736676307943489
S--FB--GVI,1.1120233167894185,0.2723870880227972,0.2710447050247952,0.2733500444160721
S--FB--GVI,1.1176237068139017,0.2721916387256421,0.2706009708607105,0.2734646816247372
S--FB--GVI,1.123203416762408,0.272769082372947,0.27234720191594736,0.273272879803417
S--FB--GVI,1.1297724857577125,0.271925705928554,0.2711518561703336,0.27317118553888053
S--FB--GVI,1.1347496057278477,0.2730349948413277,0.27166564517552105,0.2751269491194071
S--FB--GVI,1.1417515957145952,0.2720756120323417,0.27150637364889574,0.2743170297325943
S--FB--GVI,1.1486914056586102,0.2717524633319807,0.27161098914333065,0.2740305860293722
S--FB--GVI,1.155714755586814,0.2716355914242809,0.27122265476611623,0.27400483722584823
S--FB--GVI,1.1625700156437233,0.2718695515144292,0.2715054027589296,0.27253251396158434
S--FB--GVI,1.1692687656613998,0.2725202676891486,0.27159006498024096,0.2733983423578768
S--FB--GVI,1.1762122956570238,0.2731724957140904,0.2721979431933601,0.2736085178717091
S--FB--GVI,1.1830734555842355,0.2729366729763306,0.27209256921427455,0.2755998904757112
S--FB--GVI,1.1899495956022292,0.2727776930106945,0.2722952394436489,0.27426159384117427
S--FB--GVI,1.1967002656310797,0.2725653688162234,0.27154160381705017,0.27397318441205604
S--FB--GVI,1.2034058755380102,0.2734699543533522,0.2725149079298872,0.27387630537317165
S--FB--GVI,1.21041906561004,0.2727910051162257,0.27132653378742805,0.2734964580405308
S--FB--GVI,1.217466575675644,0.2727253952383924,0.27156853193918273,0.2736888978977296
S--FB--GVI,1.2243391546071507,0.2721325971960249,0.27075426736515834,0.27413637509430294
S--FB--GVI,1.2310584046063011,0.2723928269747004,0.27086360560043443,0.27291524940398226
S--FB--GVI,1.2378659046371467,0.2720895948152242,0.2709874739744673,0.272540021065494
S--FB--GVI,1.2446656437241472,0.2722250196342669,0.2716738761680658,0.2740420122998442
S--FB--GVI,1.2515055237454362,0.2725633864384526,0.27138111898253886,0.2744548903062824
S--FB--GVI,1.2585492238285951,0.2726231374557064,0.2712976318549137,0.27402214098843464
S--FB--GVI,1.265272382821422,0.2722732745206362,0.27179094700194745,0.2742654580397489
S--FB--GVI,1.2719708029180763,0.2725972888923161,0.27151575468755673,0.2747605543232425
S--FB--GVI,1.2787757329060696,0.2731740020460594,0.27140363904950576,0.2743950320452055
S--FB--GVI,1.2856069118715825,0.2737040091952396,0.27263820768383873,0.27445979827516176
S--FB--GVI,1.292506831989158,0.2728913788433065,0.27192061835121406,0.27410238430285633
S--FB--GVI,1.2995443619438447,0.2716478985051545,0.2707797270488904,0.27466207472267506
S--FB--GVI,1.3063510308857076,0.2727680297827034,0.2715535774834488,0.27369846460871167
S--FB--GVI,1.3130607909406535,0.2728840850258606,0.27172625748324847,0.27354585731294795
S--FB--GVI,1.3198558509466238,0.2719696846689998,0.2711373333236268,0.2736509573146955
S--FB--GVI,1.3264534799964167,0.2735994533960268,0.27114469779186,0.27419658174728584
S--FB--GVI,1.3332943800487556,0.2727987909108776,0.2702879959170205,0.2745058965576297
S--FB--GVI,1.3407588800182566,0.2733569500799981,0.2705227246030127,0.2738361874757821
S--FB--GVI,1.3475322190788577,0.2730890235235804,0.27146991872619514,0.27422041927752566
S--FB--GVI,1.3575842591235414,0.2719510896544175,0.27148064949935313,0.2742791835441061
S--FB--GVI,1.364449089160189,0.2723861605743559,0.2716796904707004,0.2745668828329024
S--FB--GVI,1.3715801281505264,0.2723497029257771,0.27167084375618944,0.2748811809743952
S--FB--GVI,1.3783363280817866,0.2740603345192655,0.27140222791669216,0.27499074726219674
S--FB--GVI,1.3853054580977189,0.2725141871826217,0.27020699841022555,0.27453623028710955
S--FB--GVI,1.392060047131963,0.272815701636649,0.2710386729401671,0.2744201552316651
S--FB--GVI,1.3988158071879295,0.2721674629290538,0.27157545407747513,0.2741606974799642
S--FB--GVI,1.405532437202055,0.2730891508650017,0.2709486051949717,0.27505198135302333
S--FB--GVI,1.4122300462331625,0.273061912208817,0.2719944578710555,0.27516655550346814
S--FB--GVI,1.418948986218311,0.2730461855074119,0.27154541176186714,0.27405414752145973
S--FB--GVI,1.4257626162143424,0.2728876521228411,0.27092396920537776,0.2739005153831111
S--FB--GVI,1.4325800262158737,0.2724165308893419,0.27189135920876806,0.2744962801217164
S--FB--GVI,1.43923055625055,0.2721207049453227,0.2714931475987039,0.27362876572781386
S--FB--GVI,1.445884266286157,0.2717771381307205,0.27073945926212617,0.2728694892376492
S--FB--GVI,1.4526361461612396,0.2720135596389822,0.2709317533527616,0.2733630147940595
S--FB--GVI,1.4594039662042633,0.2734325467216961,0.27110013727176085,0.2739485370498811
S--FB--GVI,1.4662972852238454,0.273183314537509,0.2705435722946916,0.27346371684973697
S--FB--GVI,1.473012975184247,0.27239508145922,0.27078735977662705,0.2735855557521244
S--FB--GVI,1.4796670151990838,0.2725691092675609,0.27048375448141876,0.27333887532814294
S--FB--GVI,1.4862935341661796,0.2726099704519901,0.27036832534849253,0.2732021560259905
S--FB--GVI,1.4931387040996924,0.2718961970687327,0.2698254379767063,0.27316491018180983
S--FB--GVI,1.5000242241076194,0.2722266857928537,0.2711731362987399,0.2724496857424859
S--FB--GVI,1.5067475331015885,0.2719534545656826,0.2715021672795477,0.27316328732194756
S--FB--GVI,1.5135681131505407,0.27230535577333,0.27148337084527413,0.2731228188777995
S--FB--GVI,1.5203146431595087,0.2716962632403318,0.2712195258857263,0.27352680013521025
S--FB--GVI,1.5272267121472396,0.2732358274657908,0.27083775893355755,0.27464112000577084
S--FB--GVI,1.5340951921534725,0.2733077301804246,0.2712674969658264,0.274076999642997
S--FB--GVI,1.5409566621528938,0.2732214495540688,0.27209724910884714,0.27436090082391196
S--FB--GVI,1.5477526221657172,0.2725408032265434,0.2710352798198321,0.27405194632340013
S--FB--GVI,1.5545663621742278,0.2727119735415146,0.2723476382205802,0.27306503346619737
S--FB--GVI,1.5612680522026494,0.2731463023274603,0.272125302191191,0.27456311477271417
S--FB--GVI,1.567989282135386,0.2737313866576889,0.27283428395200043,0.2742496715476978
S--FB--GVI,1.5748537420877255,0.2730746961605452,0.2711375539498868,0.2739242633173904
S--FB--GVI,1.5819068610435352,0.2730983254470986,0.27190131667647494,0.274042085201652
S--FB--GVI,1.5886594509938732,0.2730293136135853,0.27183326194934143,0.27327982501831827
S--FB--GVI,1.595286200987175,0.2730645497761725,0.2722044699851111,0.2739072463299483
S--FB--GVI,1.6019139099516906,0.2730763013748359,0.2722002739718552,0.27400911303026176
S--FB--GVI,1.6085321300197393,0.2735057220319222,0.27139632869283675,0.2741210829931474
S--FB--GVI,1.6152556800516322,0.272669213508069,0.2696556745422618,0.2734153810399905
S--FB--GVI,1.6219822990242392,0.2732610198547233,0.2696535078573442,0.2741903608665724
S--FB--GVI,1.628736449056305,0.2723334256202847,0.2704125120897049,0.27413577566669617
S--FB--GVI,1.6355194190400653,0.2733316835041615,0.2702699602977392,0.273878634287826
S--FB--GVI,1.6422964980592951,0.2720646510967039,0.27095447943774115,0.27350302340614163
S--FB--GVI,1.648947058070917,0.2724115916834814,0.2707924941562565,0.27361213057299943
S--FB--GVI,1.65559376811143,0.2714319211638781,0.2705830435786732,0.2731328127817606
S--FB--GVI,1.6623869280447252,0.2717730194696403,0.27154071670996116,0.2740981499955173
S--FB--GVI,1.6691423880402,0.273378680212852,0.2719780965682847,0.2741316154071497
S--FB--GVI,1.6759535180754028,0.2729729674775356,0.2723324622419644,0.2738948427350201
S--FB--GVI,1.6827780682360751,0.2734109154806786,0.27233191967702414,0.2735445162173015
S--FB--GVI,1.6893706382252276,0.2729221794423238,0.2726754622887583,0.27416017378729546
S--FB--GVI,1.696059528272599,0.2737473374629377,0.27233606257419524,0.27503516628775715
S--FB--GVI,1.7027939082472583,0.2727912419089853,0.2716172558781994,0.27465049078263604
S--FB--GVI,1.709561548195779,0.2732153577436114,0.27194061064431685,0.2741000163874468
S--FB--GVI,1.716384907194879,0.2725328134758767,0.2714976348222884,0.27336247315588513
S--FB--GVI,1.7230517771677114,0.2722303436381084,0.2713740230523709,0.2738392210082647
S--FB--GVI,1.729734877240844,0.2732763028420564,0.27205586544130156,0.27396170434845596
S--FB--GVI,1.736380576272495,0.2730662857665586,0.2711823820114549,0.2753506331403214
S--FB--GVI,1.7430320362909697,0.272867817752109,0.27016665393383316,0.27400517527385077
S--FB--GVI,1.7497993063298054,0.2728914767228931,0.2717005646322311,0.2740160702968435
S--FB--GVI,1.7567206663661636,0.272744143326618,0.2714503496214414,0.2744840562136929
S--FB--GVI,1.7636680363793855,0.2726538378274528,0.2715173118509967,0.27408231159870694
S--FB--GVI,1.7703588563599624,0.2730807753291371,0.2724043594916959,0.27490457406487007
S--FB--GVI,1.777032346406486,0.2732272350361859,0.2725125840546344,0.27386914158211756
S--FB--GVI,1.7837163663934916,0.2733636638782045,0.272592846699879,0.2739347012637048
S--FB--GVI,1.79053081641905,0.272925654777338,0.2720758324857853,0.2739835700364745
S--FB--GVI,1.797205166425556,0.2723249288073351,0.27148564817646265,0.2733593687037074
S--FB--GVI,1.8039471264346505,0.2722193487689229,0.27128189341335496,0.2741453372978013
S--FB--GVI,1.810635675501544,0.2731336245824116,0.2703714048588338,0.27362208773904667
S--FB--GVI,1.826197454473004,0.2725780799337799,0.27160851707345857,0.27302786116416783
S--FB--GVI,1.8331601945101283,0.2722946056652877,0.2711975313057232,0.2738407264903798
S--FB--GVI,1.839946394553408,0.2719860058706684,0.27033038416128435,0.27410396215525396
S--FB--GVI,1.845469743537251,0.2721300534023549,0.270754424657359,0.27305282951186954
S--FB--GVI,1.8524858736200256,0.2733800907153182,0.27230462392338584,0.27459850186567397
S--FB--GVI,1.8594390137004664,0.2729367320758862,0.2716931260928962,0.2732558458953767
S--FB--GVI,1.8661235127365217,0.2728690240146768,0.27169579204691063,0.2745717059183148
S--FB--GVI,1.8727763628121463,0.272799397503503,0.2714293144199868,0.2736949263420967
S--FB--GVI,1.8795504628214983,0.2717582595250354,0.27130708113641366,0.27329274181473107
S--FB--GVI,1.886310442816466,0.2711478683922615,0.27076818402300473,0.27184004983272547
S--FB--GVI,1.8931613327586088,0.2716890821106579,0.2706987790818252,0.2719605161858913
S--FB--GVI,1.8998405327438377,0.2719727223499827,0.27042104029219866,0.27332585772328016
S--FB--GVI,1.9065965426852929,0.2708636040801624,0.2704966095279877,0.2737289916621351
S--FB--GVI,1.913418072683271,0.2731049838081201,0.27164099765860317,0.27426014220359907
S--FB--GVI,1.9203041227301585,0.2723771482887385,0.2710777635242512,0.27403506266220545
S--FB--GVI,1.9271944627398625,0.2726311981653457,0.27108715068828865,0.2740575657472903
S--FB--GVI,1.934051172749605,0.2731161427437595,0.2718848114817458,0.27430736858352106
S--FB--GVI,1.940694621705916,0.2723124653126375,0.271582048975302,0.2738927683818777
S--FB--GVI,1.9473993616411465,0.272987766283098,0.27267688784997446,0.27373769596271696
S--FB--GVI,1.9541929716942832,0.2733552455956093,0.2720060790363511,0.27409724491812504
S--FB--GVI,1.9609443607041608,0.2728555894962517,0.2715124308976382,0.27290241630671946
S--FB--GVI,1.9677316606394013,0.2731349528284654,0.2710535369265575,0.27426426005029486
S--FB--GVI,1.9745137806748967,0.2721812192214267,0.2715225427356936,0.2743908199077048
S--FB--GVI,1.9812869696179405,0.2724609162594276,0.271804334882303,0.27367152687304436
S--FB--GVI,1.9879874796024524,0.2721004959182677,0.27161196782975133,0.27359957198433943
S--FB--GVI,1.9948075995780528,0.2730650879148494,0.27122548251408346,0.2738527034875098
S--FB--GVI,2.001627918565646,0.272808007057401,0.2718723080439748,0.27430758710056613
S--FB--GVI,2.008461608551442,0.2730139602171206,0.2712268857684162,0.2732188312617044
S--FB--GVI,2.015136448550038,0.2727343994756177,0.271737054634756,0.2736907793678792
S--FB--GVI,2.02226157754194,0.2730150730752314,0.2713844623611733,0.27318601063744447
S--FB--GVI,2.029070107499137,0.2726957103342303,0.2722703685120716,0.2739114320792832
S--FB--GVI,2.035620697424747,0.2732791650001404,0.2725922561922149,0.2735497507291627
S--FB--GVI,2.0425050974008627,0.2727841098950321,0.2725042936255598,0.27323242766807493
S--FB--GVI,2.0493889474892057,0.2726933857991844,0.2717076937949384,0.27417619218063893
S--FB--GVI,2.057190937513951,0.2731738599958703,0.2718507020847866,0.2740355157394306
S--FB--GVI,2.063897897489369,0.2716519086018524,0.26991242669052545,0.2732425614751428
S--FB--GVI,2.0706685475306585,0.2724784763777717,0.2712820110498929,0.2733611871469911
S--FB--GVI,2.0775012475205585,0.272483480415448,0.2712596617844906,0.2727964323550207
S--FB--GVI,2.084308367513586,0.2720386261547849,0.2706840938012403,0.27324327328876635
S--FB--GVI,2.090998437488452,0.2734297915482619,0.27178520231271663,0.27448188619125075
S--FB--GVI,2.097635616606567,0.2723283973923672,0.2706532803316637,0.27294161645003184
S--FB--GVI,2.104273206728976,0.273132687846475,0.2716059266135698,0.273426010057166
S--FB--GVI,2.110920136852656,0.2722307304924441,0.27077539307948933,0.2729784604884309
S--FB--GVI,2.1176192558486946,0.2727389000898251,0.27065948583671756,0.2728248709138713
S--FB--GVI,2.124291215790436,0.2724321019551541,0.270016551021175,0.274132613978311
S--FB--GVI,2.1310595457907766,0.273462025838002,0.27068063687632243,0.27442834771602564
S--FB--GVI,2.1377992058405653,0.2727936701640496,0.2714518539687548,0.2745447707868854
S--FB--GVI,2.144536565814633,0.2724344588082801,0.2703865635461422,0.27340517721757
S--FB--GVI,2.151232305914164,0.2735194657562501,0.2718682700118444,0.27425787945112223
S--FB--GVI,2.158009465958457,0.2719953179241701,0.2710811280775931,0.2731941660815556
S--FB--GVI,2.164610905922018,0.2725473670523674,0.27162516824109006,0.2729873671816953
S--FB--GVI,2.171249274921138,0.2728012963108594,0.2724824894347008,0.2738591556018422
S--FB--GVI,2.177918044966645,0.2725562472755107,0.27234644793819923,0.27331554601870334
S--FB--GVI,2.184647004934959,0.2722904396953032,0.27187747787276223,0.27404616288939004
S--FB--GVI,2.1912482149200514,0.2727101734707986,0.2719177015642116,0.27346443907736745
S--FB--GVI,2.1977711049257778,0.2720703552863967,0.2712995779655188,0.2729792618677039
S--FB--GVI,2.2044156339252368,0.2720083158137883,0.2715755165307457,0.27208726107111936
S--FB--GVI,2.211113483994268,0.2710328567452221,0.27046791875465526,0.2715836664063701
S--FB--GVI,2.2177686240756884,0.2705309761023349,0.2699623807396496,0.27221282161005084
S--FB--GVI,2.224415023054462,0.2713873910512361,0.2706194794751321,0.2732476539083061
S--FB--GVI,2.2310235030017798,0.2721088325458767,0.27046136533459847,0.2724546463290973
S--FB--GVI,2.2394575929502025,0.2712954838397755,0.2700803684422204,0.271716730679472
S--FB--GVI,2.244923972815741,0.270960150224419,0.2703092918639776,0.27140470801259864
S--FB--GVI,2.250375252857338,0.2718295876842847,0.2701327813305485,0.27332500575172186
S--FB--GVI,2.255897131864913,0.2725799902110914,0.27132081786168544,0.27312967793290494
S--FB--GVI,2.261347941821441,0.2725126157926983,0.271696887759911,0.27358969778393966
S--FB--GVI,2.2668198507162742,0.2719261503821224,0.27067393051090577,0.27274299783162587
S--FB--GVI,2.2722986007574946,0.2716788480587261,0.2714575534741283,0.2726168516559833
S--FB--GVI,2.2777783107594587,0.2711115598848345,0.2708062120661748,0.27260223299965614
S--FB--GVI,2.2833568806527182,0.2718955316857077,0.27002347353170897,0.2731042546489811
S--FB--GVI,2.2888920006225817,0.2718091799035349,0.27088888083896323,0.27306169286664095
S--FB--GVI,2.2943859405932017,0.2706218341815402,0.2705155699316462,0.27315606090356975
S--FB--GVI,2.2999422606662847,0.271922270283142,0.2711279142816923,0.2724817439893693
S--FB--GVI,2.3054280306678265,0.2723972165431601,0.2716463583755157,0.27366518396358397
S--FB--GVI,2.310918770672288,0.2722457244463525,0.270369256001307,0.273555786067388
S--FB--GVI,2.3164986096671782,0.2730939825350343,0.2719873764483977,0.2735621661635582
S--FB--GVI,2.322030409704894,0.2715486642472437,0.2709928307894185,0.2739398536572384
S--FB--GVI,2.3274368097190745,0.2733841479847622,0.2719340907851064,0.2741503303465996
S--FB--GVI,2.333062569668982,0.2741079757910051,0.2718260865416452,0.27461180086690323
S--FB--GVI,2.338627759658266,0.2739816524943926,0.27324921301844185,0.2744645458408049
S--FB--GVI,2.3442660496220924,0.2735249866266581,0.27226422990039656,0.27498397944388697
S--FB--GVI,2.3497986596194096,0.2735721533167639,0.2729325624632787,0.27415076395197907
S--FB--GVI,2.355328759585973,0.2733338111739323,0.2729189141599018,0.27365571646181935
S--FB--GVI,2.3608908395981416,0.27242199225068,0.2716446034513515,0.27359498106756486
S--FB--GVI,2.3665056386380456,0.2728288870137618,0.27224614927703344,0.2741064947169872
S--FB--GVI,2.371958638599608,0.2728818291979087,0.27244153561735884,0.2738436263520673
S--FB--GVI,2.377377317578066,0.2742322148242007,0.2729751705974166,0.2743744383515175
S--FB--GVI,2.382949037651997,0.2731112174636883,0.27180394665982555,0.273884343755599
S--FB--GVI,2.3885801675496623,0.2722871763181345,0.27201211501268185,0.2735703870952368
S--FB--GVI,2.4014254265930504,0.2724125819496174,0.2721516954720055,0.27358510703093947
S--FB--GVI,2.4058441766537726,0.2730607171394596,0.2709747559158177,0.27392317064929667
S--FB--GVI,2.410514856572263,0.2719852220190912,0.2713340415079682,0.27379366252624626
S--FB--GVI,2.415423786616884,0.2722107680299777,0.27162268430752773,0.27289517642986816
S--FB--GVI,2.4199417466297746,0.2720583294458006,0.27161669654691756,0.27304528320572496
S--FB--GVI,2.424601176637225,0.2723352702664281,0.27170647781286017,0.2729784738992451
S--FB--GVI,2.4297082666307688,0.2730630329384784,0.27229528638668826,0.2736022566961712
S--FB--GVI,2.4343504265416414,0.2726474309068581,0.27159016088309584,0.2732925347271299
S--FB--GVI,2.4389613565290347,0.2726551316060785,0.2708103603409149,0.27393948250698236
S--FB--GVI,2.443627255444881,0.2735317327929541,0.2699088847619155,0.2747571540167988
S--FB--GVI,2.4491894854581915,0.2724183670644222,0.2705974652192074,0.273716374623927
S--FB--GVI,2.45488440443296,0.2723770201991794,0.27202651454142185,0.2732867290033614
S--FB--GVI,2.460472674458288,0.2722780991795901,0.27203916658677124,0.27364404670660597
S--FB--GVI,2.466140744450968,0.2732874303249583,0.2726354837861652,0.27350309334417056
S--FB--GVI,2.4717904044664465,0.2723645536948813,0.27095562046568444,0.2736856415144644
S--FB--GVI,2.477450684411451,0.2734381410192905,0.2711329086830537,0.27487457267137716
S--FB--GVI,2.483260464388877,0.2731265698396548,0.2719488766776716,0.2746588124444502
S--FB--GVI,2.488898524432443,0.2737999469992421,0.2712434277349225,0.27536197777235283
S--FB--GVI,2.4945226344279945,0.2720973226314075,0.27203072746685,0.27431798920644546
S--FB--GVI,2.5000492844264954,0.2729526250901359,0.2721457628305422,0.2735364446916448
S--FB--GVI,2.5055969734676182,0.2726974570990972,0.271385152113255,0.2730667743050093
S--FB--GVI,2.5101277134381235,0.2713429382970522,0.27124857654227263,0.2737895113478905
S--FB--GVI,2.5150159335462376,0.2718607549884109,0.27140369872994713,0.27396621059909965
S--FB--GVI,2.5205718335928395,0.2725057139760727,0.2714729026531643,0.27378939620835213
S--FB--GVI,2.5260132026160136,0.2711110131585467,0.2704288102319409,0.2746415821278401
S--FB--GVI,2.53148097259691,0.2725199594462663,0.2711189822655255,0.2746039086990097
S--FB--GVI,2.536962121492252,0.272137656872814,0.2705856360341243,0.27476044926093063
S--FB--GVI,2.542689341469668,0.2731196558404795,0.27168224527210655,0.27328583784325755
S--FB--GVI,2.5486720814951696,0.272480235503607,0.27066705754223863,0.27368657298700205
S--FB--GVI,2.554170881398022,0.2714599511235816,0.27068915711014385,0.2737632055782069
S--FB--GVI,2.559693261457141,0.2731349102344255,0.2717650402908687,0.2735589219417049
S--FB--GVI,2.5651972114574164,0.2717588569928758,0.27134629099815744,0.2731421292705423
S--FB--GVI,2.5708619514480238,0.2729197873405662,0.2716892111647635,0.2737092007485967
S--FB--GVI,2.5764116813079454,0.2727195976502629,0.2717079894123969,0.2746565685665707
S--FB--GVI,2.580993431329261,0.273008445915079,0.2713347411423393,0.2751617942073786
S--FB--GVI,2.5864642313681543,0.2728859780183871,0.2711086780936313,0.2743012124856686
S--FB--GVI,2.5919814913650043,0.2737322281339755,0.27333988472058296,0.27452762529451796
S--FB--GVI,2.59786936128512,0.2737593508599704,0.2726222507996607,0.275034599187775
S--FB--GVI,2.603282241267152,0.2749016338459057,0.27279372006685065,0.2755522150492503
S--FB--GVI,2.608554781298153,0.2734944836842053,0.27324152799097556,0.27513264781002933
S--FB--GVI,2.6139458212419413,0.2737329052687828,0.27288733674870747,0.2750590092835314
S--FB--GVI,2.619378141243942,0.2743501831288102,0.27281649850513245,0.27482759165293835
S--FB--GVI,2.62496820121305,0.2741817997836052,0.27187008893693093,0.27546987465812295
S--FB--GVI,2.630490541283507,0.273549062585206,0.2730070830848875,0.2742814670835678
S--FB--GVI,2.6360013012308627,0.2722827617036903,0.27151992472516145,0.2736670656952531
S--FB--GVI,2.6414495412027463,0.2725178102610768,0.27196320387854656,0.27422653337228686
S--FB--GVI,2.646962111175526,0.2724558878066579,0.2717181461589096,0.27359223060180743
S--FB--GVI,2.652591010089964,0.2729983384678265,0.27125272814120804,0.27343837715054176
S--FB--GVI,2.6581940100877546,0.2730797864769902,0.2720376977222166,0.2738239817176181
S--FB--GVI,2.6636795500526205,0.2723103600627686,0.27122492246985785,0.2742535199931287
S--FB--GVI,2.6699216500273906,0.2725891266596122,0.27119593596804165,0.2745746066731937
S--FB--GVI,2.675495900097303,0.2724572059074716,0.27173217544288353,0.27361514142110527
S--FB--GVI,2.680923270061612,0.2721216137887833,0.2712245579186838,0.27448443108475407
S--FB--GVI,2.686475539987441,0.2722829616772844,0.2705353974053181,0.27377873671268793
S--FB--GVI,2.692076848936267,0.2717432535073087,0.2710187555740219,0.2747197429040316
S--FB--GVI,2.6982474388787523,0.2733692579326,0.2726059341526418,0.2745593808790008
S--FB--GVI,2.7039674888947047,0.2733095229978174,0.27265466984590614,0.2740989054881341
S--FB--GVI,2.709418898797594,0.2722738054630479,0.27116189180968187,0.2745948846026136
S--FB--GVI,2.714933648880105,0.2728833008127114,0.27195408534086846,0.2745291220262442
S--FB--GVI,2.7205581788439304,0.273518932643318,0.27279077418906417,0.2742010568499219
S--FB--GVI,2.726263558783103,0.2726306426535667,0.27121572324914345,0.273017415266862
S--FB--GVI,2.731846357753966,0.2728568158328981,0.2724806539685805,0.27378382514956595
S--FB--GVI,2.737331307667773,0.2730182214457617,0.27162731711647115,0.2738590242705764
S--FB--GVI,2.742807707749307,0.2731673127290556,0.27140932606317897,0.2739302350019006
S--FB--GVI,2.748368017724715,0.2728193334421592,0.27187271042919237,0.2736909153144
S--FB--GVI,2.753941527742427,0.2733068963639725,0.27191200104756846,0.27438264594180134
S--FB--GVI,2.759405307646375,0.2723309389417839,0.2707962857199608,0.2737418382124618
S--FB--GVI,2.7649250176618807,0.2713892280425669,0.27105220078105313,0.27439861927273457
S--FB--GVI,2.770491117669735,0.271324009260741,0.2709140831378859,0.27434810789305725
S--FB--GVI,2.7760619376203977,0.2725033606820122,0.2711494503263146,0.2748370707809623
S--FB--GVI,2.781596156593878,0.2724235725257429,0.2708718880980163,0.2751098620447653
S--FB--GVI,2.78720011661062,0.2723805147958978,0.27039060575680135,0.2744403068376543
S--FB--GVI,2.792689826572314,0.2741086299704282,0.27058380356986206,0.2745362828620498
S--FB--GVI,2.798286556440871,0.2727502326301241,0.27094119884244183,0.2736970180403741
S--FB--GVI,2.803722956508864,0.27341703982742,0.2716916827408814,0.27451680611714335
S--FB--GVI,2.8091965665807948,0.2733074145867786,0.27207655824443727,0.2738391770959428
S--FB--GVI,2.814676836482249,0.2727815476925797,0.27167355705113894,0.2740061899228351
S--FB--GVI,2.820044586493168,0.2734957958361517,0.2722019269448356,0.2739919848789549
S--FB--GVI,2.825475026445929,0.2732978777560378,0.27167666413239916,0.27395874539993176
S--FB--GVI,2.830998005345464,0.2730409595306335,0.2723941288800283,0.27355041796378815
S--FB--GVI,2.836450935399625,0.2730358311397858,0.2727254400098417,0.27462630237171126
S--FB--GVI,2.8419410554342903,0.2738520826347136,0.27173937834752915,0.2740422328005934
S--FB--GVI,2.84737188537838,0.2725260003878764,0.27193405132780135,0.2741819282028017
S--FB--GVI,2.8527454353752546,0.2731281939213538,0.2715102904311548,0.2747663241130937
S--FB--GVI,2.8581325653358363,0.2743287298247082,0.2721699991322843,0.2752934478725318
S--FB--GVI,2.8636692253057845,0.2733432366526225,0.2718564866749811,0.27428718835920834
S--FB--GVI,2.869126495264936,0.2746932612961093,0.272464109257527,0.2751239705098658
S--FB--GVI,2.874524735263549,0.2741849793671052,0.2729477847640697,0.2745014900646738
S--FB--GVI,2.879915684228763,0.2737742475222524,0.2723367537330552,0.2751576365812338
S--FB--GVI,2.8852921642828733,0.2718314371880778,0.27139249567750834,0.27453650840395666
S--FB--GVI,2.89068711316213,0.2726186306811602,0.2718825760836571,0.27302684296233887
S--FB--GVI,2.8961318931542337,0.2734558223494412,0.27123698013342973,0.2745484325400349
S--FB--GVI,2.901492593169678,0.2727549281232979,0.2717006448444998,0.27386944524103024
S--FB--GVI,2.906981453183107,0.2727495134825931,0.2703771344924259,0.27456073867267
S--FB--GVI,2.9122752532712184,0.2721328202321844,0.2703350615433805,0.27423955640397424
S--FB--GVI,2.917559423309285,0.2724114418047388,0.27057334366210406,0.27330822277770983
S--FB--GVI,2.922883453196846,0.272855121375815,0.27131457186823377,0.27353265742656424
S--FB--GVI,2.928229733253829,0.2734548746337972,0.27240993883545195,0.2746381543250637
S--FB--GVI,2.9336136332713068,0.2722897275267744,0.2711621690613394,0.2745925275876363
S--FB--GVI,2.9389378632768057,0.2710810320998881,0.2704449410996593,0.27290669532077516
S--FB--GVI,2.9443491033744067,0.2713517114438169,0.2706260204073475,0.27349292296219185
S--FB--GVI,2.949744232406374,0.2722216021323151,0.2713803040729796,0.2741150338223182
S--FB--GVI,2.955222222371958,0.2730735756629108,0.2713688525894524,0.2746391969253059
S--FB--GVI,2.960649882326834,0.2736359445366974,0.2706261659068748,0.27394831477402015
S--FB--GVI,2.9660899923183024,0.2728148645025045,0.27231500592740293,0.27358838913084055
S--FB--GVI,2.971521102299448,0.2725313231175336,0.27199587755207305,0.2728161939953254
S--FB--GVI,2.97696060227463,0.272600326806373,0.2707617120568847,0.2739989502132081
S--FB--GVI,2.9824705522623844,0.271997741081061,0.27162582762827675,0.2732214207685441
S--FB--GVI,2.987970472313464,0.2718000279594072,0.271150924986089,0.2730996360255137
S--FB--GVI,2.9939580023055896,0.2726161045801681,0.2709509275516577,0.2732743496061676
S--FB--GVI,2.999597041285597,0.2724004341071276,0.2710046587018043,0.2731590143365562
S--FB--GVI,3.0050187312299386,0.2720794438163524,0.270200402830589,0.2724762657646661
S--FB--GVI,3.0105007511447184,0.2717860215950619,0.2708121388202392,0.2730981433736667
S--FB--GVI,3.015878411126323,0.2719524121688086,0.27153444693284295,0.2735584433326172
S--FB--GVI,3.0215429611271247,0.271556586562758,0.27103234293140355,0.2735720194714889
S--FB--GVI,3.0270429411320947,0.2725703755843344,0.2718706687633673,0.2727685358270602
S--FB--GVI,3.0324991411180235,0.2735152197394428,0.2708668774713696,0.2744340835623959
S--FB--GVI,3.0379247400560416,0.2729941840863101,0.27080841213683066,0.27470816869814063
S--FB--GVI,3.0434103700099517,0.2719817252652141,0.2714737536279108,0.2744229699386622
S--FB--GVI,3.048808408959303,0.272788253443767,0.2724482401021976,0.27404994324227305
S--FB--GVI,3.054290709027555,0.2732778171934653,0.27173284730620995,0.27453772468157683
S--FB--GVI,3.0597718790522777,0.272330980173529,0.27153656680506866,0.2744386198544504
S--FB--GVI,3.065220918972045,0.2737828884755584,0.27080113761043745,0.2742432147616584
S--FB--GVI,3.070708078914322,0.2728578305059781,0.27187040608465707,0.27434878286174136
S--FB--GVI,3.076092299015727,0.2732415146632346,0.2729171076226792,0.2743520450787627
S--FB--GVI,3.0814332591253333,0.2740901104566832,0.27269357133266225,0.27483081454015107
S--FB--GVI,3.0868484681122936,0.2739781531899929,0.27195712486613755,0.2746658871122058
S--FB--GVI,3.092219418147579,0.2741887114147419,0.2721951978575193,0.2744228630267488
S--FB--GVI,3.0976141371647827,0.2731184239051524,0.2717711175363344,0.2743356578929666
S--FB--GVI,3.103080697183032,0.2731183512100389,0.2710658380347212,0.2755938837540503
S--FB--GVI,3.1086631070938893,0.2743152863028415,0.2723531173689593,0.274506910978514
S--FB--GVI,3.1140870870440267,0.2735553471155557,0.2715698152761349,0.2750994515179936
S--FB--GVI,3.119510957156308,0.2709456187837482,0.2706468685106089,0.2744200446983797
S--FB--GVI,3.1249008572194725,0.2706783639503244,0.26921833768922526,0.27270652896386377
S--FB--GVI,3.130284177197609,0.2720071119538612,0.27120845193925686,0.2738429643622326
S--FB--GVI,3.136691706138663,0.2721643851870648,0.27015655546594897,0.2732789459161785
S--FB--GVI,3.1424751061131246,0.2727742117904543,0.2713078156510134,0.2742325725102083
S--FB--GVI,3.1480121960048564,0.2715885373001598,0.2714286554991975,0.27195854972135275
S--FB--GVI,3.1537419860833324,0.2735366010184165,0.2712186717846381,0.2737848345722806
S--FB--GVI,3.15927342599025,0.2729035823148871,0.27055819454245067,0.2740026538257091
S--FB--GVI,3.165014795027673,0.2729632619872656,0.27101590559911304,0.2733288802978544
S--FB--GVI,3.170820775034372,0.2731955563739466,0.2709895309918522,0.2734225138230924
S--FB--GVI,3.1767797140055336,0.2726181325628756,0.27069699985503465,0.274473397046538
S--FB--GVI,3.182278674095869,0.2736844169114408,0.2706670601881526,0.2742845354592226
S--FB--GVI,3.1932441241224296,0.2732624513044235,0.27201246101533394,0.27538159902519294
S--FB--GVI,3.1986450541880918,0.2726933422797385,0.2714834741541615,0.2738311661086087
S--FB--GVI,3.20405115414178,0.2727650020049204,0.2718332116623213,0.27391023560425637
S--FB--GVI,3.2094420941430144,0.2739454806371175,0.27215456871250754,0.2747428552855812
S--FB--GVI,3.2150678941397928,0.2735194189757172,0.2711002918976732,0.2749550687696008
S--FB--GVI,3.220528414123692,0.2725217839143712,0.27107309192240714,0.27476179773077924
S--FB--GVI,3.226003053074237,0.2739941086486789,0.27013922150485437,0.27508872811549945
S--FB--GVI,3.2315282431663945,0.2738771665815652,0.2706114163692878,0.2743715346764054
S--FB--GVI,3.2370106431772,0.2732288221530215,0.2713938329298365,0.27469672330158357
S--FB--GVI,3.2424844832275994,0.2725794367358346,0.2707202141661107,0.27412305327440095
S--FB--GVI,3.248017343285028,0.2740047484444132,0.2703203329999142,0.2742213104159649
S--FB--GVI,3.253468163311481,0.2729785886598821,0.2708811294459009,0.2740041820142303
S--FB--GVI,3.258915393205825,0.2717857679383586,0.2703089351121965,0.2749272451972713
S--FB--GVI,3.2642696022521704,0.2728353767428325,0.27128255631727255,0.27494572349225976
S--FB--GVI,3.2697534921462648,0.2718053835785511,0.26982095970428466,0.2745779993894818
S--FB--GVI,3.2751604811637662,0.2725005799501093,0.2704532322138804,0.2736367894175882
S--FB--GVI,3.2806303211255,0.2729952188998298,0.2696969128716609,0.2747629213575447
S--FB--GVI,3.286240761110093,0.2715675818456255,0.27041528539376675,0.27425702622560244
S--FB--GVI,3.2916716810432263,0.2723435175074564,0.27113649069017187,0.27406424895616904
S--FB--GVI,3.297065081133041,0.2727160656064606,0.27204086574248426,0.2739955352558139
S--FB--GVI,3.3024682011455297,0.27272654950593,0.27120804331510956,0.2739795793565185
S--FB--GVI,3.306747231108602,0.2724217978993661,0.27100056738994416,0.2740367800157136
S--FB--GVI,3.311132591101341,0.2727178321538505,0.27093610604708057,0.2740103941681233
S--FB--GVI,3.3156210511224344,0.2719622555856814,0.2713528202441451,0.27328349953790293
S--FB--GVI,3.3212353811832145,0.2715687526206813,0.2714512291733349,0.2747047273600295
S--FB--GVI,3.326719921315089,0.2724993475931451,0.27106368314804447,0.2746120449390672
S--FB--GVI,3.332145461346954,0.273324743556216,0.2702560072268133,0.27523732519059374
S--FB--GVI,3.3375764514203183,0.2729054772902076,0.27121236641212737,0.2736088213929357
S--FB--GVI,3.3429945114185102,0.2721124731592788,0.27139753169612757,0.27328967483475225
S--FB--GVI,3.347465811355505,0.2714221679355141,0.27094223592110556,0.2750012744376624
S--FB--GVI,3.351926591421943,0.2732763506372157,0.2722641389400121,0.27430652378341724
S--FB--GVI,3.3563486714847386,0.272981859956397,0.27095780495479965,0.27317730232762216
S--FB--GVI,3.360793901490979,0.2727435763046046,0.27174448675580115,0.2741816775908344
S--FB--GVI,3.36518686148338,0.27278101602138,0.27201414865948076,0.2735568681089433
S--FB--GVI,3.3698005915503018,0.2726471915978915,0.27123374426412133,0.2753823968243991
S--FB--GVI,3.375442370539531,0.2730747018314923,0.27198507632534846,0.2742218656058372
S--FB--GVI,3.381011420628056,0.2728249760074606,0.2710389830121899,0.2751018246909947
S--FB--GVI,3.3866567806107923,0.2730756831661317,0.27204942779830626,0.2745989400074446
S--FB--GVI,3.392295070574619,0.2720480736006769,0.2717238269996606,0.27415656325949095
S--FB--GVI,3.397761460626498,0.2739503968145568,0.2708428965957727,0.27507382902930355
S--FB--GVI,3.4022071405197494,0.273302201027095,0.27177243635490833,0.2752508297949757
S--FB--GVI,3.4067041305825114,0.2739646117422553,0.2715017067019362,0.2751648795898055
S--FB--GVI,3.41113474057056,0.2737777394345639,0.2719177399232322,0.2738765559387454
S--FB--GVI,3.4155767205520533,0.2739254366901871,0.2716414539514201,0.27457092922319787
S--FB--GVI,3.420829150651116,0.272338917019968,0.2717896691211457,0.27435920555955656
S--FB--GVI,3.4253051397390664,0.2722235502317648,0.27058663053122134,0.27363900282118686
S--FB--GVI,3.42974075966049,0.2735015417982495,0.2715674685851275,0.274248357757753
S--FB--GVI,3.435486108646728,0.2722952688941213,0.2718015301930727,0.2739153776028213
S--FB--GVI,3.441045368614141,0.2728371421743752,0.2713765287619497,0.27449914701293243
S--FB--GVI,3.44677364861127,0.2726694539244032,0.2710984550595451,0.273299709352691
S--FB--GVI,3.4522338286042213,0.2726326479242014,0.27106629719627434,0.27318785284985986
S--FB--GVI,3.457666528585833,0.2726101498379115,0.27064574036849204,0.27299076635749914
S--FB--GVI,3.462043088511564,0.2715166851239431,0.2709659140715373,0.27318643976688883
S--FB--GVI,3.4665642684558406,0.2718106578823602,0.2708324619761222,0.27407924822327256
S--FB--GVI,3.47103654849343,0.2729799844990321,0.27150262898362487,0.27372191444143684
S--FB--GVI,3.4754533785162494,0.2719880321217826,0.27104781931855093,0.27373955597937505
S--FB--GVI,3.479884678556118,0.27203676994435,0.27175935872869755,0.2723544327013308
S--FB--GVI,3.48440414754441,0.2714703000940294,0.27013154511086496,0.27351160009160785
S--FB--GVI,3.4889127275673677,0.2711503364091145,0.2709466954353343,0.27361176597933845
S--FB--GVI,3.494571936491411,0.2728084018078249,0.27175309266064945,0.27511143644826497
S--FB--GVI,3.500259176478721,0.2734856185418173,0.27170347028319985,0.27360540295518415
S--FB--GVI,3.505707615462597,0.2725309671698423,0.2713455079883407,0.2732118127731719
S--FB--GVI,3.511176815372892,0.2719647426161303,0.27161998597023196,0.27234179227230615
S--FB--GVI,3.516669745382387,0.2729052052089168,0.271463694193903,0.2732635521469135
S--FB--GVI,3.522101665381342,0.2721352595933721,0.2718291656231007,0.2729878277181342
S--FB--GVI,3.5264853053959087,0.2718912880400314,0.27179440427023305,0.2744240728651008
S--FB--GVI,3.5319817454437725,0.2728519348070058,0.27115065520873227,0.2737670881601379
S--FB--GVI,3.536613685428165,0.2729412578108351,0.2702023275945967,0.2741608570576388
S--FB--GVI,3.541048675426282,0.2725557948438275,0.2706682785868656,0.2735112522558018
S--FB--GVI,3.545630065491423,0.2727375077001796,0.2710654649540533,0.2738716973742344
S--FB--GVI,3.5502189155085944,0.2710075460566366,0.2702255300796867,0.2726377754058203
Price--BBVI,0.0,0.6931471805579523,0.6931471805579523,0.6931471805579523
Price--BBVI,0.0040574399754405,0.357407634619715,0.3552980970251647,0.36595711669960695
Price--BBVI,0.008439038938377,0.3057614349210552,0.3041935849911452,0.3078885220522125
Price--BBVI,0.0130456389160826,0.2889304587970307,0.28607904923522853,0.2893632452988419
Price--BBVI,0.0173451488371938,0.2779356327852861,0.2745785309736248,0.28015192390258714
Price--BBVI,0.0217290188884362,0.272668002897059,0.27147168163428087,0.2748020340247192
Price--BBVI,0.0257334889029152,0.2685599731588405,0.2679052569789711,0.2697950725749117
Price--BBVI,0.0321678901091218,0.2682424759357812,0.2670294425205959,0.2692817791582425
Price--BBVI,0.0367173900012858,0.2671614076143577,0.2660265028297172,0.2680995005626939
Price--BBVI,0.0410766000277362,0.266403173021123,0.26496761985261774,0.2671355570407543
Price--BBVI,0.0460259299725294,0.2664666911497853,0.2643790353713105,0.2673645016094357
Price--BBVI,0.0499754499760456,0.2669924547757952,0.265806713685518,0.26810887006836653
Price--BBVI,0.0537956999614834,0.266715811138906,0.26580503927986615,0.26774059793298927
Price--BBVI,0.0596030291635543,0.2669123898004904,0.26597495548303407,0.26845990912068013
Price--BBVI,0.0639408291899599,0.2677171633994121,0.26635688590722556,0.26843773865021103
Price--BBVI,0.0688796792528592,0.2686569553148615,0.2660653838470955,0.2688394325660452
Price--BBVI,0.0734699782915413,0.2676662995080375,0.26680816893033593,0.2694341419762969
Price--BBVI,0.0777035182691179,0.2695993863981982,0.2663773237563883,0.2705277001843043
Price--BBVI,0.0823533582151867,0.2684992504976408,0.2679192533665841,0.26924256924718715
Price--BBVI,0.0874162182444706,0.2685552191715343,0.2679995845568874,0.26902579067114185
Price--BBVI,0.0919166581588797,0.2690196229399751,0.26770335934535616,0.26928167226715943
Price--BBVI,0.0964992981753312,0.2683071037316124,0.2677567021474307,0.2686318074485096
Price--BBVI,0.1008476081187836,0.2685774657906593,0.2684825232383275,0.2691180650984674
Price--BBVI,0.1058222181745804,0.269875452610228,0.2697374625030626,0.27010448590493735
Price--BBVI,0.1105686181690543,0.2697071379634191,0.26842571843299534,0.2712297384788169
Price--BBVI,0.114856528234668,0.2699797693555673,0.26866987683556226,0.2719501845726019
Price--BBVI,0.1195487072109244,0.2705758541457568,0.26973252393132646,0.2712982777204188
Price--BBVI,0.1241957572638057,0.2700568654213856,0.2693093245260625,0.27085715684222544
Price--BBVI,0.1287640072405338,0.270894057006854,0.269371583217132,0.2720660620123931
Price--BBVI,0.1333210172597319,0.2703320887362764,0.26886124035042386,0.2709246518123998
Price--BBVI,0.137611917220056,0.2714211848505812,0.2689571436680216,0.27214796432801486
Price--BBVI,0.1425393963581882,0.271871317489044,0.26977770465007694,0.27207438782289234
Price--BBVI,0.1471928064129315,0.270861184229945,0.2701365683864572,0.27335221035261037
Price--BBVI,0.1515636364929378,0.2713204467602359,0.2707020126341973,0.27210683831394294
Price--BBVI,0.1561695365235209,0.2710207777997495,0.26993297348490825,0.27291666730786707
Price--BBVI,0.1607615265529602,0.2700202552208152,0.2694495761027723,0.2727470937691665
Price--BBVI,0.1651475666440092,0.2706254704306113,0.2701533119725741,0.27300124554510974
Price--BBVI,0.1696292666019871,0.2713699321257311,0.269772270433313,0.2723210286008142
Price--BBVI,0.1740144365467131,0.2720863986988129,0.2714172513783225,0.27391178402605404
Price--BBVI,0.1793006566003896,0.2719233879363089,0.27136577190693706,0.2729154404594258
Price--BBVI,0.1838808065513149,0.2713337961721971,0.27015840769297206,0.2729188167025818
Price--BBVI,0.1882380865281447,0.2716451926220405,0.27077994429387997,0.27216881022111206
Price--BBVI,0.1927517465665005,0.2722632091992773,0.2717973325638958,0.2726175687450741
Price--BBVI,0.1973585756495595,0.2723521603100431,0.27219241275543193,0.27235949611364746
Price--BBVI,0.2020419857581146,0.2719586242917213,0.2712330570111681,0.27315861875605957
Price--BBVI,0.2065524157369509,0.2712394852623711,0.26953424603394516,0.272337556469303
Price--BBVI,0.2108037457219325,0.2725540626499106,0.2718450915025569,0.2736878407879101
Price--BBVI,0.2157761257258243,0.2730510263951815,0.27185369738854887,0.2737698637988707
Price--BBVI,0.2203408948262222,0.2720775114666638,0.27143138728290345,0.27476693726538376
Price--BBVI,0.2248260747874155,0.2718526285931975,0.2712519439944685,0.2741346176132399
Price--BBVI,0.2294583648326806,0.2718665499976143,0.2701717717644627,0.2737565169226217
Price--BBVI,0.2341172248707153,0.2726660980900659,0.2712998780750718,0.2754797737690296
Price--BBVI,0.2386282748775556,0.2729920700803796,0.27171420084131853,0.2733836895394239
Price--BBVI,0.2432368339505046,0.2714871825074478,0.2708193002090594,0.27327542492698115
Price--BBVI,0.2475539840525016,0.272285817333905,0.2712451503924274,0.2725934994991892
Price--BBVI,0.2521651260904036,0.272512752050713,0.2712489169993297,0.2732872736850127
Price--BBVI,0.2558609360130504,0.2726569338669246,0.271822567483437,0.27412813509454403
Price--BBVI,0.2614077550242655,0.2721826444469226,0.2712315608862168,0.2742727906130066
Price--BBVI,0.2651512849261053,0.2730930583269801,0.2718885143808951,0.2742145535501184
Price--BBVI,0.2689118239795789,0.2721575271241196,0.2709376494451439,0.27449642196831453
Price--BBVI,0.2726065039169043,0.2726953772175866,0.27084554946975165,0.2742023416839412
Price--BBVI,0.2762481229729019,0.2725085594710201,0.2705152924680514,0.2738510825142867
Price--BBVI,0.2799522430286743,0.2727596351582764,0.2708927486967172,0.2731515012460914
Price--BBVI,0.2836173719842918,0.2725833965274017,0.2702226103866028,0.27448184545432625
Price--BBVI,0.2873181630857289,0.2731107078151444,0.2717348450559331,0.27447829476723173
Price--BBVI,0.2904669030103832,0.2715195313901811,0.27067152632864655,0.274502507062103
Price--BBVI,0.2936700930586085,0.2726166140979199,0.27058797001912005,0.27300729970751236
Price--BBVI,0.2969163830857724,0.2705098004021615,0.27019134605712314,0.27361618711062624
Price--BBVI,0.3001216830452904,0.27239326004456,0.26974693713016723,0.27331936409752305
Price--BBVI,0.303433743014466,0.2723406591472175,0.27184010005243103,0.2737925612865425
Price--BBVI,0.3065954429912381,0.2730892905971395,0.27053190188276194,0.27373612719589063
Price--BBVI,0.3103884429438039,0.2717224218866771,0.2711432314005385,0.27337959293224234
Price--BBVI,0.3135048630065284,0.2728009030651402,0.27143144996617713,0.2734485531293563
Price--BBVI,0.31674253300298,0.2742437290906743,0.271736515036699,0.2748757835204769
Price--BBVI,0.3199669930036179,0.2732291344826614,0.27109602016731243,0.27463925976139214
Price--BBVI,0.3230819929158315,0.2732497335233974,0.27095276099750076,0.2740128152704422
Price--BBVI,0.3262342128437012,0.2728361809704181,0.2723985217728419,0.27513669762389836
Price--BBVI,0.3301397128379904,0.2728278073935531,0.27204542128814,0.27419008106776827
Price--BBVI,0.3333946128841489,0.2726566826560412,0.2713864189758265,0.27414756933803985
Price--BBVI,0.3371233728830702,0.2729650668617129,0.2718500318246899,0.27370729740131083
Price--BBVI,0.3402360728359781,0.2720548042241209,0.2713334618278312,0.2730524215859835
Price--BBVI,0.3433369228732772,0.272848283346854,0.2707868918421665,0.27294746426620253
Price--BBVI,0.3465537019073963,0.2728638293450859,0.27134731839602105,0.2733151363319412
Price--BBVI,0.3496387919294648,0.2720322387514017,0.271917640465069,0.2729991690226608
Price--BBVI,0.3527570418664254,0.27217939763386,0.2709200557748468,0.27446949055606445
Price--BBVI,0.3559119918500073,0.2734676330708751,0.27015606530489844,0.27507076679058906
Price--BBVI,0.3590603119228035,0.2725674700742313,0.2718684152593782,0.27509215825418437
Price--BBVI,0.3623604619060643,0.2739025507362771,0.27155799507260026,0.274580420873508
Price--BBVI,0.366354051802773,0.2721725417190385,0.2709715742355754,0.2738363042511997
Price--BBVI,0.3703045017900876,0.272469903987418,0.2717155343965562,0.2740398282653949
Price--BBVI,0.3756784317665733,0.2736301531743325,0.2728034563990929,0.27522104308917883
Price--BBVI,0.3798230207175948,0.2736039496304066,0.2719003976374372,0.2754336619844398
Price--BBVI,0.3838002407574095,0.2743938448855079,0.27147357153318225,0.2757120450745279
Price--BBVI,0.3878895507659763,0.2731339997785814,0.26984772234862286,0.2738052803409028
Price--BBVI,0.3912380108376965,0.2728387604635557,0.27078371164810583,0.2748754758286118
Price--BBVI,0.3944813898415304,0.2727962219841935,0.26974034384249956,0.2732187445383175
Price--BBVI,0.3987053497694433,0.2728048831164621,0.2710088694012726,0.2728735150043573
Price--BBVI,0.4027435887837782,0.2732273245409039,0.27198969650337157,0.2745781862510207
Price--BBVI,0.4062714387546293,0.2730911709081202,0.2721080991448224,0.2742849123462541
Price--BBVI,0.4103879677713848,0.2728957657920171,0.271197699631478,0.2739319955247106
Price--BBVI,0.4143797277938574,0.2725828463213409,0.2712626358900338,0.2731254859693084
Price--BBVI,0.4184092978248372,0.2727733915898925,0.27184142575592446,0.27433849851319086
Price--BBVI,0.4224819077644497,0.2730454249233529,0.2709341892268526,0.2739262793524979
Price--BBVI,0.426467727869749,0.2726812443412456,0.2718044150563738,0.27324530778930006
Price--BBVI,0.4298415477969683,0.2726762150716042,0.27215666872247407,0.2742289051849156
Price--BBVI,0.4330691668437794,0.2725344329275918,0.27115508250219206,0.2746103283585605
Price--BBVI,0.4363558168988675,0.2715713999412685,0.27046992507624784,0.27359787898508625
Price--BBVI,0.439579076890368,0.2724755670421616,0.2709908860533642,0.2739743164101725
Price--BBVI,0.4427656768239103,0.2730789746944718,0.2721755930253229,0.27404412098983405
Price--BBVI,0.446144146786537,0.2739782063931899,0.2720681223146318,0.2755859410895555
Price--BBVI,0.4499122168635949,0.2725309910224904,0.2719742101025468,0.2737551288034084
Price--BBVI,0.4539337368332781,0.2739059750787576,0.2722271087518427,0.27449071822226756
Price--BBVI,0.4579385268734768,0.2735713277697629,0.27309759255897775,0.2745303466921294
Price--BBVI,0.4621263768640347,0.2738327870930797,0.2730160106591255,0.2747454963829925
Price--BBVI,0.4654119269689545,0.2733020079886931,0.27256996766125074,0.27410414810580724
Price--BBVI,0.4688421269529499,0.2731057222322548,0.27237762156749235,0.2754296462513325
Price--BBVI,0.4722056759055704,0.2736060876836163,0.2728252568260832,0.2748787536306931
Price--BBVI,0.4755202058586292,0.2736685428115168,0.2710167899623601,0.2749110419596796
Price--BBVI,0.478822395845782,0.2735199921229756,0.27182460243446693,0.2743945593310277
Price--BBVI,0.4822897158446722,0.2735514650570795,0.2722318383024488,0.2745452449011309
Price--BBVI,0.4855147758498788,0.2724911945053437,0.2720109264548332,0.2736117377781018
Price--BBVI,0.4889772158931009,0.2712791793266632,0.271083808976457,0.27301961774055405
Price--BBVI,0.4937650558422319,0.2726642552338937,0.2720695696252588,0.2732122149492746
Price--BBVI,0.4970516748144291,0.2725691716197162,0.2719231800495113,0.2734829327131395
Price--BBVI,0.5007814647979103,0.2734573577859475,0.27201363753830515,0.2736574958772114
Price--BBVI,0.5040782348369248,0.2721970771131237,0.2719968344815176,0.2738484258532925
Price--BBVI,0.5074850648525171,0.2725037060720219,0.2710999728690705,0.2732660302041955
Price--BBVI,0.5108081549406052,0.2722495992484768,0.27110372569188196,0.2732007473655916
Price--BBVI,0.5142508348799311,0.2731369746862731,0.2717701875654524,0.2733743642290919
Price--BBVI,0.5177316949120723,0.2731237366906213,0.27190206842560316,0.27376244493922375
Price--BBVI,0.52115118392976,0.2724123031482452,0.27108155735087697,0.2737166727221784
Price--BBVI,0.5244834738550708,0.2716776444205701,0.2715626880607584,0.27334695599056263
Price--BBVI,0.5278702639043331,0.2734868352212189,0.2715424152495114,0.27415759008339996
Price--BBVI,0.5313029438257217,0.2736065465180805,0.2723371450853501,0.2737967338857964
Price--BBVI,0.5345783038064837,0.2731612122594939,0.2718254808172677,0.27355870328662113
Price--BBVI,0.5380912237451412,0.2733970676078735,0.27154528982769693,0.2739256466979838
Price--BBVI,0.5416043237783015,0.2720257145838041,0.270771083904188,0.2734214667348916
Price--BBVI,0.5449897437356412,0.2731236773344218,0.27167196473126515,0.2744709691880644
Price--BBVI,0.5483585736947134,0.2726699888141608,0.27172220452465473,0.2745998611163816
Price--BBVI,0.5515377037227154,0.2721453227143435,0.27134138646306794,0.2730166329800315
Price--BBVI,0.5549100537318736,0.2726601031552651,0.27121852477424696,0.27384582557603465
Price--BBVI,0.5582515937276185,0.2729630066521953,0.2711581920512949,0.2735621324018373
Price--BBVI,0.5615355927729979,0.2726079904356418,0.27135586720918153,0.2729550782465836
Price--BBVI,0.5648540728143416,0.2730870897738487,0.27154735393973534,0.27365868923313297
Price--BBVI,0.568673052766826,0.2720691205208798,0.2710303058062551,0.27358068843054073
Price--BBVI,0.572452352847904,0.2727894672782288,0.2718024827360148,0.27359688522649506
Price--BBVI,0.5762360128574073,0.2728045430745143,0.2709889525180096,0.2738999089952053
Price--BBVI,0.580017072847113,0.2712271355345161,0.2701196224714804,0.2724398911388661
Price--BBVI,0.5833322628750466,0.2726316697018884,0.27191497674431325,0.2736039336319521
Price--BBVI,0.5864773928187788,0.2728711508462265,0.27233981112886824,0.27430079261220647
Price--BBVI,0.5896276728017256,0.2728857449471625,0.2719648425070451,0.2740477539836284
Price--BBVI,0.5927816718467511,0.2723984868460227,0.27193227225863736,0.2745120998964542
Price--BBVI,0.5959751417976804,0.2726714708193034,0.27119994981267,0.2736630037042361
Price--BBVI,0.5992140918388031,0.2726186611594428,0.2717240047559615,0.27314427506537936
Price--BBVI,0.602307251712773,0.2726009871893097,0.2720964389204482,0.27444148723665784
Price--BBVI,0.6055239018169232,0.2739675634531426,0.2722198056731721,0.2742417740312325
Price--BBVI,0.6086898307548836,0.2737641508527944,0.2724118283743638,0.2752732287412415
Price--BBVI,0.6120016208151355,0.2735861246412979,0.27266364924537334,0.27473412366240085
Price--BBVI,0.6152584907831624,0.2747730921264109,0.2717938758902823,0.27489875584477913
Price--BBVI,0.6184096407960169,0.273552772844699,0.2720566926045549,0.27484159574669426
Price--BBVI,0.6216819207184017,0.2726624922881299,0.2711328176173268,0.27399337101021115
Price--BBVI,0.6252985395840369,0.2727918280619373,0.271939575703109,0.2752530323553845
Price--BBVI,0.6288811595877632,0.2719853826428641,0.2712929413127429,0.2734642539104104
Price--BBVI,0.6328187895123847,0.2730966303480206,0.27238626974409497,0.27322131118031456
Price--BBVI,0.6367705695447512,0.272999319694201,0.27232821592872114,0.27445293257056974
Price--BBVI,0.6406280295923352,0.2723599627370865,0.27155543444053215,0.2744369715845101
Price--BBVI,0.6444538296782412,0.2728840478700335,0.27208995746012704,0.27469318896304507
Price--BBVI,0.647686789627187,0.2717752275152573,0.2714028139128551,0.27397258511454836
Price--BBVI,0.6510697096819058,0.2722973334036825,0.2706846561104666,0.27405358182511386
Price--BBVI,0.654204499674961,0.273214491541171,0.27201018402586097,0.27333692735503
Price--BBVI,0.6573351296246983,0.2731733533941235,0.27136726282785206,0.2739736545830154
Price--BBVI,0.6611247095861472,0.2731996035100575,0.2718293693168628,0.2737264343333469
Price--BBVI,0.6648970685782842,0.2733342758862521,0.2723871558792727,0.27359625965785217
Price--BBVI,0.6688741385587491,0.2732913172894195,0.27243760495099395,0.27482892656352964
Price--BBVI,0.6726678775739856,0.2734413975786278,0.2725560866978379,0.2738637878261594
Price--BBVI,0.6764460876001976,0.272669526508104,0.2722387498609276,0.27497175787851624
Price--BBVI,0.680257196596358,0.2734612140342589,0.27032027056618785,0.27453294395407685
Price--BBVI,0.6841408666805364,0.2725305753091992,0.2705876052971757,0.2729587734425189
Price--BBVI,0.6879624266293831,0.2726333144295167,0.27127036429581647,0.27299612714181104
Price--BBVI,0.6911996766575612,0.2726391006913444,0.27169866197721043,0.27306155793365433
Price--BBVI,0.6944712557597086,0.2735391839634499,0.27067271133620924,0.27503974663352565
Price--BBVI,0.6977343957405537,0.2730364674396627,0.2710671121516657,0.2743835421636798
Price--BBVI,0.7009527157060802,0.2721195980737059,0.270347826491196,0.27369374996706475
Price--BBVI,0.7042578157852404,0.2727131903130306,0.27038903811967635,0.27347989098942016
Price--BBVI,0.7074453157256357,0.2716819822809428,0.2711732916486068,0.2730648471213668
Price--BBVI,0.7106200447306037,0.2712585230408202,0.27075653836307145,0.2720870464943853
Price--BBVI,0.7143854547175579,0.2712042049890829,0.27110903159320093,0.27320892472227526
Price--BBVI,0.7182636146899313,0.2718962419443836,0.27164116953832024,0.27238913339190973
Price--BBVI,0.7220024747075513,0.2723378740850529,0.2720243074675309,0.27312623306245476
Price--BBVI,0.7258673547185026,0.2734239584132594,0.2713488218922075,0.2740753141197561
Price--BBVI,0.7298160246573389,0.2728245695551967,0.27116467322479837,0.2741502416947409
Price--BBVI,0.7337814747006632,0.272307548273435,0.27153673789049126,0.27331590103445463
Price--BBVI,0.7370778146432713,0.2732662354306913,0.2720792980438744,0.27357131925735845
Price--BBVI,0.7403044546372257,0.2722973198643647,0.2711908967504999,0.27319848811717407
Price--BBVI,0.7435773246106692,0.2723552159853339,0.271111378628236,0.27396233534572445
Price--BBVI,0.746772744692862,0.2730052048105069,0.27188670751335536,0.2736512835286563
Price--BBVI,0.7498542437679134,0.2723644410097934,0.2711904038792708,0.27344553159861335
Price--BBVI,0.7530333737959154,0.2741032017294038,0.27174328905898026,0.27548027569996325
Price--BBVI,0.7569693137775175,0.273464664102665,0.2715567341067048,0.2749399284538456
Price--BBVI,0.7608692337526008,0.2731482559128206,0.2718813939095198,0.2748786780979112
Price--BBVI,0.7647729138261639,0.2723872287000089,0.2707723532188634,0.2745607708244033
Price--BBVI,0.7686118037672713,0.2719276677348696,0.2709917587114036,0.27264556586221206
Price--BBVI,0.7724668038426898,0.2729270454397262,0.27204003676065314,0.2735321104100467
Price--BBVI,0.7756327738752589,0.273321581769856,0.2724716954532826,0.2746896477525723
Price--BBVI,0.7788154138834216,0.2739267205699777,0.2729737087600648,0.2756718976877596
Price--BBVI,0.7820041938684881,0.2735736556533984,0.2725836783642766,0.2744323896630122
Price--BBVI,0.7853147438727319,0.2725610242347196,0.2715329441088842,0.2743812625137773
Price--BBVI,0.7886298028752208,0.2727337475161016,0.2725928418844433,0.27371409219648524
Price--BBVI,0.7924370428663678,0.273317638527184,0.27172991470657426,0.27412359368903844
Price--BBVI,0.7969889328232966,0.2735401504550735,0.2720944900887671,0.2740889847752507
Price--BBVI,0.8002764328266494,0.2724763090658916,0.2706936817508101,0.2748474505569256
Price--BBVI,0.8038743028300814,0.2723254699992672,0.2709586503080503,0.2739786716324799
Price--BBVI,0.8077338128932752,0.2724973352521905,0.27120079556372767,0.27279535808012095
Price--BBVI,0.8109254429582506,0.2724126672092216,0.27223455070163227,0.2737092240263779
Price--BBVI,0.8141337328706868,0.2721764939105874,0.2706353027639961,0.2749966603940571
Price--BBVI,0.8175443727523088,0.2734882983355935,0.27118288701513393,0.27380805239718176
Price--BBVI,0.821695172751788,0.2730104374286799,0.2716672333211595,0.27374006281577135
Price--BBVI,0.826190682768356,0.2731379620891423,0.27071768707985516,0.27494903693215683
Price--BBVI,0.830292442755308,0.2721479760765261,0.27105818584797736,0.2746394432243656
Price--BBVI,0.8342881027492695,0.2733197349569753,0.2721001452628703,0.2746144470351491
Price--BBVI,0.8382496327976696,0.2735729442145224,0.2724225948704639,0.27433222098641136
Price--BBVI,0.8418759027845226,0.2722294704103793,0.27104058721966684,0.2748656895935388
Price--BBVI,0.845191492815502,0.2737094104129499,0.2716024586932564,0.27379175907303044
Price--BBVI,0.8483841227716766,0.2724868647652942,0.2707311535349782,0.2736423455219951
Price--BBVI,0.851520262658596,0.2718050257863868,0.2713954042573059,0.273606797490062
Price--BBVI,0.8549143426353112,0.2735272092084947,0.2711113946085888,0.2740755728495429
Price--BBVI,0.858101412653923,0.272439918207069,0.2703475065892635,0.27409477366151896
Price--BBVI,0.8612841826397926,0.2733547097464864,0.27100814368997683,0.27396093187279974
Price--BBVI,0.864541292656213,0.2721103894035778,0.27178444447960315,0.2740555836661762
Price--BBVI,0.8677558326744474,0.2727575457278596,0.2716917420294633,0.2741898156609766
Price--BBVI,0.8709414026816376,0.2729563554023201,0.2716885631592562,0.27482366202043507
Price--BBVI,0.8747345427400433,0.2728772682535771,0.27226173253571295,0.2743659205376215
Price--BBVI,0.8788056527264416,0.2723498029778326,0.27097834353610784,0.2750403089832805
Price--BBVI,0.8829045528545976,0.270856639037079,0.2702087480828796,0.27427391098879017
Price--BBVI,0.8869895819225349,0.2720355956528441,0.2712233074611408,0.2740820820614282
Price--BBVI,0.8910308319027536,0.2731285209048787,0.2715130945680717,0.27387950699217833
Price--BBVI,0.894774891959969,0.2734688079292448,0.27118995036156945,0.27401077046868816
Price--BBVI,0.8988435020437464,0.2732759030072689,0.27266093281886367,0.2749578535883826
Price--BBVI,0.902242352021858,0.2733219092234514,0.2725251016432934,0.27384563458128225
Price--BBVI,0.9056043020100332,0.2729322591132546,0.27170612876947947,0.27397428817523434
Price--BBVI,0.9095196311245672,0.2728722846418965,0.27229120537837,0.27407577145703754
Price--BBVI,0.9132939211558552,0.2727171608269639,0.2716926152890551,0.27281156915840993
Price--BBVI,0.9171168201137334,0.272198456241993,0.2710659717403346,0.27233374384375836
Price--BBVI,0.9214058201177976,0.2717969736927886,0.2710846572875976,0.2737528040051137
Price--BBVI,0.9253406701027416,0.2717599230209663,0.27094833991311024,0.27462210502907003
Price--BBVI,0.9292904500034638,0.2726458297220149,0.2703972464368593,0.27395538957472554
Price--BBVI,0.9333654699730688,0.2734213601996133,0.27111572903503844,0.2745676491846005
Price--BBVI,0.9376066798577084,0.2730775036181472,0.2705344517931414,0.27423292461850424
Price--BBVI,0.9418211698066444,0.272706067163539,0.27060449649623963,0.2737003412285655
Price--BBVI,0.9460150097147562,0.2724650593428378,0.26995152187553517,0.2737554360965276
Price--BBVI,0.9499186296598054,0.2727264540731486,0.2713715696954762,0.27339478665682787
Price--BBVI,0.9536742196651176,0.27261411867947,0.27161318453755906,0.27347822329731797
Price--BBVI,0.9575386397191324,0.2727041363810801,0.27135574035255605,0.27380830556284136
Price--BBVI,0.9613367796991952,0.2730975270584341,0.271084524740988,0.27413004877237296
Price--BBVI,0.965856819821056,0.2725820529436621,0.2709553759637372,0.27518816744764657
Price--BBVI,0.9696559398435056,0.2733729296591124,0.27210667485163803,0.27442452807742207
Price--BBVI,0.9734703897847794,0.2736378478312705,0.27253623693211,0.27484345788746734
Price--BBVI,0.9773024197784252,0.2737416713221413,0.2722402337810124,0.27413395230829324
Price--BBVI,0.9814025498344564,0.2732012107652783,0.2723129627223236,0.27439949873890546
Price--BBVI,0.9853413297678344,0.2730948591746929,0.2724462341009021,0.2750328178014195
Price--BBVI,0.9892843997804448,0.2740770257048846,0.2726842013434574,0.27459186708073774
Price--BBVI,0.9930828086799012,0.2732762895802998,0.2716158233421485,0.273688036379986
Price--BBVI,0.9968972686328924,0.2730326222173834,0.2725073915487338,0.27341947276147033
Price--BBVI,1.0007529376307502,0.2725855987317361,0.27207549940732956,0.27305903272239546
Price--BBVI,1.0045121676521376,0.2726778999310983,0.2712954776978061,0.2742314667033348
Price--BBVI,1.0083424766198732,0.2731733377205402,0.2717263158583453,0.2739198142959601
Price--BBVI,1.0119996567373164,0.2729367111367397,0.27117663823406324,0.27358662689559826
Price--BBVI,1.015687435748987,0.2723276093683269,0.269915485962903,0.27297818665277357
Price--BBVI,1.0193080457975157,0.272590244452087,0.26998818904645394,0.2741463312180212
Price--BBVI,1.0230162447551263,0.2727452571201725,0.27108565158505665,0.27375449886433817
Price--BBVI,1.0269103148020804,0.2727227462828763,0.27047489691084664,0.27354599352672565
Price--BBVI,1.0308470738236792,0.2717433451685562,0.2707791746165861,0.2738731358078927
Price--BBVI,1.0348510938347315,0.2724828727160827,0.27121805410031574,0.2737315167433396
Price--BBVI,1.038876813778188,0.2713018248475067,0.2707068765032364,0.27319354093411485
Price--BBVI,1.0427332838298753,0.2720969087613115,0.2716606327556571,0.27402586446019495
Price--BBVI,1.0464758838061243,0.2724717750916608,0.27207586950046486,0.2746347825381993
Price--BBVI,1.050199863850139,0.2734655795155352,0.272110746202134,0.2739653656946774
Price--BBVI,1.0539162838831544,0.2730928201733552,0.27266390649599903,0.27351737802845616
Price--BBVI,1.0579109739046544,0.2733943899848846,0.2728846253416186,0.27351951611765324
Price--BBVI,1.0616749239270575,0.2739672471567811,0.27263807533317425,0.2748300535378587
Price--BBVI,1.065332593920175,0.2724257338074977,0.2719340760946542,0.27408479119883655
Price--BBVI,1.068980493932031,0.2731370973690077,0.2716213499043762,0.2737611225647978
Price--BBVI,1.0726916038547645,0.2721713264059995,0.27115999077110053,0.27376685105959014
Price--BBVI,1.0764715338591486,0.2715490527898748,0.2710162937356498,0.27336729010775507
Price--BBVI,1.0801661838777363,0.2727420531043718,0.27220845043442593,0.27412618180692033
Price--BBVI,1.0839778138324618,0.2729759469075609,0.2719764989906886,0.27454152295745626
Price--BBVI,1.0879259937792083,0.2734669356699021,0.2709445688361498,0.27375323995550166
Price--BBVI,1.092025713645853,0.2735089285293198,0.2713412275522461,0.2737903685035603
Price--BBVI,1.095848423661664,0.2724790008184605,0.27133919171784543,0.2740392061964364
Price--BBVI,1.0996308736503124,0.2723264687394748,0.271605809672418,0.2734667119260092
Price--BBVI,1.1033206435968168,0.2731438684467172,0.27174931380475265,0.27430922431234006
Price--BBVI,1.1069873735541478,0.2731893759887406,0.27251137820850285,0.27393661442301104
Price--BBVI,1.110855883453041,0.2733895569214147,0.272088547668512,0.27415504112165817
Price--BBVI,1.114611113385763,0.2733473415723966,0.27236748935550104,0.27390251543864086
Price--BBVI,1.11832316336222,0.2719327555701541,0.27154185646187545,0.27367653310340256
Price--BBVI,1.122062133392319,0.2724602520617443,0.27186721332591474,0.27398677870740523
Price--BBVI,1.125930653361138,0.2733737564094875,0.2710374829136599,0.2739088424408645
Price--BBVI,1.129702853388153,0.2725974538582578,0.27176679541142595,0.27349017717284924
Price--BBVI,1.133542293391656,0.2729177299435307,0.2719601545057771,0.27332086271164735
Price--BBVI,1.1387257633614354,0.2723980659218305,0.2713179615247995,0.27393947264073754
Price--BBVI,1.1426982333650813,0.2722218578556001,0.27155537158027465,0.2725675434084966
Price--BBVI,1.1469588533509525,0.273133619386201,0.272671844020047,0.2747828042345689
Price--BBVI,1.1508797033457083,0.2728509352034645,0.2723830117067646,0.2731674207803927
Price--BBVI,1.154795583395753,0.2739050901005714,0.2728321726658816,0.27446025271970015
Price--BBVI,1.1585201834095642,0.2729914482701057,0.27209013541142657,0.27386889640801354
Price--BBVI,1.1625203134026378,0.2723504897146297,0.2711853054037574,0.2735202482565306
Price--BBVI,1.1662383524235338,0.2714529954858779,0.2713275715186167,0.27219957798515243
Price--BBVI,1.1702330424450338,0.2716698207271261,0.27072096288541553,0.2725371990457775
Price--BBVI,1.173955341510009,0.2727852534543689,0.2708271374771267,0.27375425971853856
Price--BBVI,1.177790131419897,0.2711859189120931,0.2698065457921952,0.27384199125139697
Price--BBVI,1.1815303403418511,0.2735495354147292,0.271472471743247,0.27431494453892197
Price--BBVI,1.1852433604071848,0.2733496515377195,0.27176135426017856,0.27519132230408455
Price--BBVI,1.189079679432325,0.2729925165887508,0.27108683295889596,0.2743469439228432
Price--BBVI,1.1930414894595742,0.2732088410299454,0.2725133551299145,0.27463898312745205
Price--BBVI,1.196865109493956,0.2724437779509528,0.271542358944484,0.2743130255722625
Price--BBVI,1.2007186795235611,0.2737827472674662,0.2723042224380443,0.27426603275413464
Price--BBVI,1.2045554195065051,0.2738573332805411,0.27138448246445745,0.27472781954872777
Price--BBVI,1.208299659541808,0.2733892172604393,0.2709563283173976,0.2737318399658657
Price--BBVI,1.2119842694955878,0.2729170927570506,0.27046430287255474,0.27469621620433315
Price--BBVI,1.2158255995018408,0.2719818964908964,0.27106487023693643,0.27456236433604964
Price--BBVI,1.21955332957441,0.2728707902781921,0.2713092518943814,0.27367117917880823
Price--BBVI,1.2231989295687526,0.2721469879603022,0.2717039287799557,0.2741363129788135
Price--BBVI,1.2268829595996067,0.2738825583253545,0.2707364806992123,0.2741762152637461
Price--BBVI,1.2306121495785192,0.2735566294435309,0.27176283351682545,0.2745670465172375
Price--BBVI,1.2343863096321002,0.2733082197799841,0.2710769355340939,0.273480124828458
Price--BBVI,1.2381265496951528,0.2729695834924228,0.27180761349366184,0.27313483455531357
Price--BBVI,1.2419659397564828,0.2728583165363307,0.27156434580016614,0.27322780554664955
Price--BBVI,1.2457438697456382,0.2730922525475347,0.2723904416701238,0.2740720689080149
Price--BBVI,1.2495696397381837,0.2737007485108886,0.2720878897811047,0.27382476519063204
Price--BBVI,1.2533366598072462,0.272365567673823,0.2719763129569004,0.27318144261240745
Price--BBVI,1.2571016698493622,0.2730572628915765,0.2720237037020132,0.273907398329919
Price--BBVI,1.2608439298928715,0.2735240914996926,0.2717714332928986,0.2746982228288121
Price--BBVI,1.264603899908252,0.2722712494818916,0.2704506874886719,0.27352160207518683
Price--BBVI,1.2683768399292603,0.2727743105472511,0.2713275647433057,0.27333150202501577
Price--BBVI,1.272101619921159,0.2728322721315312,0.2718608176508501,0.273517308304472
Price--BBVI,1.2758910399861634,0.2720074428116068,0.2709505188648769,0.2737207298947249
Price--BBVI,1.2796031700563617,0.2736362142786767,0.2718119182510927,0.2741930740433324
Price--BBVI,1.28333173901774,0.2727616065110111,0.2708776929009209,0.27287280095847016
Price--BBVI,1.2872353190905417,0.2727116195261205,0.2714014800597478,0.27301087157867077
Price--BBVI,1.2910749991424382,0.2729245048709398,0.27038141019386003,0.27309568335337836
Price--BBVI,1.2953625481459312,0.2718408898278092,0.27077778385420537,0.27317714288818623
Price--BBVI,1.3000991481821984,0.2729026336556568,0.2701945625451257,0.2742752039337302
Price--BBVI,1.3046118681668304,0.2733004960250215,0.2709645359083389,0.27537733252506463
Price--BBVI,1.3088550781249069,0.2730246518163712,0.2708991201645204,0.2753884241257931
Price--BBVI,1.3136376081965864,0.2727121356776142,0.27007964372003107,0.2735878843665029
Price--BBVI,1.3182307170936838,0.2736216982378323,0.27143358158226033,0.2742142391287333
Price--BBVI,1.3225056169903835,0.2727290315627305,0.27047202718864205,0.27333871838722545
Price--BBVI,1.3272370169870555,0.2722766866810349,0.2716362603710576,0.2735653781700358
Price--BBVI,1.3318734770873562,0.2732477467268965,0.2724365072376295,0.2739969485365875
Price--BBVI,1.3362217370886356,0.2725535808240861,0.2721855088464288,0.27336399584168886
Price--BBVI,1.34093981719343,0.2719508890827314,0.2716690090208719,0.27424263955182526
Price--BBVI,1.3454969172016715,0.2723132524470952,0.27169097752062016,0.27380372236618067
Price--BBVI,1.349724606203381,0.2723922278055071,0.27152816065058094,0.27297807415852865
Price--BBVI,1.3544156563002616,0.2719452389861662,0.2709713201414636,0.2730229250091512
Price--BBVI,1.358971756300889,0.2715233353299131,0.2710072992345966,0.27184512509300907
Price--BBVI,1.3632354662404396,0.2709930970044902,0.27035647896799303,0.272007596603575
Price--BBVI,1.367857756151352,0.2717123595405468,0.27055176405053866,0.2731042714988747
Price--BBVI,1.372459935257211,0.2722623538408864,0.2706458065702987,0.2728989392972913
Price--BBVI,1.376621515257284,0.2714101072536699,0.27075245751674376,0.27258326228706564
Price--BBVI,1.3812234352808446,0.2712102713300436,0.270930995904417,0.27167341223294916
Price--BBVI,1.385828985250555,0.2722442616389483,0.2711143820491471,0.27246691957990143
Price--BBVI,1.3902835051412694,0.2726578581578123,0.27157951313288003,0.2733302066702876
Price--BBVI,1.3948924150899984,0.2725063670579715,0.27211878961961417,0.27360836052484405
Price--BBVI,1.3994549050694332,0.2715220778649736,0.27097635337649817,0.27289955761966095
Price--BBVI,1.4037675151485018,0.2713957560868305,0.2705180747689855,0.27265675453090515
Price--BBVI,1.408164735068567,0.2718084964187426,0.27028738324040275,0.27268540481435477
Price--BBVI,1.4129145051701926,0.2713679183876237,0.27036948041572895,0.27325534619140085
Price--BBVI,1.4171355151338505,0.2721890686814173,0.27084272503034557,0.2732001086572526
Price--BBVI,1.421384785149712,0.2719955831729257,0.27053206341373215,0.2724307848780406
Price--BBVI,1.425984634202905,0.2718060941722616,0.27078691403952054,0.27237065771257374
Price--BBVI,1.4301749941660091,0.2724238417571446,0.2715369953479748,0.2730956873359278
Price--BBVI,1.4349420142243616,0.2726261319276078,0.27022838867235643,0.2735624131039778
Price--BBVI,1.4395112442434763,0.2729638693371285,0.2709729183302457,0.27395347766270867
Price--BBVI,1.443749444326386,0.2724995766156408,0.27005683448327544,0.2741251474841229
Price--BBVI,1.4479819033876993,0.2724864277037468,0.2718931734270936,0.27482652193799484
Price--BBVI,1.452490313386079,0.2735728478582845,0.2724859378079896,0.27455020170798455
Price--BBVI,1.4567948034382423,0.2733644305708313,0.27321975625786704,0.27483534425914613
Price--BBVI,1.4611516834120266,0.2731676354776732,0.2725466865790501,0.2751312044653362
Price--BBVI,1.4657221634406596,0.2742529752543738,0.2732194842713709,0.27437900634932916
Price--BBVI,1.4699243325158022,0.2735212940321014,0.2728640063168483,0.27406613336287455
Price--BBVI,1.4742615724680943,0.2728747719097329,0.2715411497063489,0.2740074444258644
Price--BBVI,1.4788442724384367,0.2733194178696416,0.2723361907728276,0.27474823512791174
Price--BBVI,1.483057792414911,0.273597946058836,0.27289922179494336,0.27421110121316317
Price--BBVI,1.4874517423450015,0.2740184352179918,0.2728804423319411,0.2743057598244652
Price--BBVI,1.4919462924008258,0.2726596858563755,0.2724447110615124,0.27460866066558043
Price--BBVI,1.496164892392699,0.2729541249005857,0.2721198839186151,0.27332584232541485
Price--BBVI,1.500746381469071,0.2724494290841628,0.27206166238165963,0.2737680651537654
Price--BBVI,1.505316371389199,0.2727984721544881,0.271107288337688,0.27397144154452263
Price--BBVI,1.509484151378274,0.2721743846077801,0.27101123320241005,0.2731646024077643
Price--BBVI,1.5141410112846645,0.2723212538790783,0.2711869892982818,0.27250319003141893
Price--BBVI,1.5187480913591571,0.2719488459829771,0.2711811517305083,0.2730607286483904
Price--BBVI,1.5230326303862969,0.2728236379506437,0.27142707039590847,0.27321970933136525
Price--BBVI,1.527749520377256,0.2731264769413897,0.2719807781518868,0.2737932968702153
Price--BBVI,1.532413580280263,0.2718572077636724,0.27125036087355847,0.2722278016799249
Price--BBVI,1.5366343902423978,0.272426608161889,0.2704573186640481,0.2738055727082982
Price--BBVI,1.54146153019974,0.2731526196277245,0.2696414751815197,0.2750524748089999
Price--BBVI,1.54601816018112,0.2719647347777661,0.2705033932013057,0.27269735858006783
Price--BBVI,1.5502810001489706,0.2718741379996423,0.27092141322873703,0.2728780623156664
Price--BBVI,1.5551189401303418,0.2711632368542663,0.2698915961509773,0.27358994905821526
Price--BBVI,1.5596846101107076,0.2720986259095785,0.2710638984382069,0.2739179942254692
Price--BBVI,1.5638888601097278,0.2726080239110527,0.26938826544518446,0.2732773366629986
Price--BBVI,1.5688843301613815,0.2731251510716986,0.27047002796759667,0.27431786249790974
Price--BBVI,1.573488150141202,0.2724863254375195,0.27172765977270985,0.2741566430085581
Price--BBVI,1.5777645892230794,0.2722129664207491,0.27123191514265377,0.27479064393647223
Price--BBVI,1.582784499216359,0.272832716656107,0.27179002135455255,0.2733145723750278
Price--BBVI,1.5874526991392486,0.2727382938416696,0.27197004318635465,0.27362766211621414
Price--BBVI,1.5916724491398782,0.2719605788415737,0.2716317540108363,0.27317258221913016
Price--BBVI,1.5966506891418248,0.271884934714822,0.27164859555511234,0.2735941823343634
Price--BBVI,1.6011641481309198,0.2716530177914884,0.27095139321030437,0.27323769784385576
Price--BBVI,1.6055055182077922,0.2729910771484012,0.2713303335974139,0.27386843534028055
Price--BBVI,1.6105243081692606,0.2714467558276379,0.2701717834792454,0.27454033649927967
Price--BBVI,1.6150854282313958,0.2731481953774004,0.2711625336022844,0.2743741271007654
Price--BBVI,1.619382418226451,0.2725595461406936,0.27072977395394393,0.2741004678232847
Price--BBVI,1.6246071971254423,0.2723957209542732,0.2714411158289394,0.2729703021746851
Price--BBVI,1.6291290961089544,0.2716614640540457,0.2708538425845207,0.2729195030020209
Price--BBVI,1.6336692260811103,0.2708353081090907,0.27045980635190797,0.2736084086004163
Price--BBVI,1.6379017661092805,0.2728073513315767,0.2719934004232295,0.2733780400347282
Price--BBVI,1.6421201960765757,0.2720635685042454,0.27134471966618023,0.2730866222200027
Price--BBVI,1.6466388160479255,0.2726742370018954,0.27153463562541147,0.27424283267913785
Price--BBVI,1.6508717151591554,0.2724926625314251,0.27196246625922693,0.2742571519305397
Price--BBVI,1.6552532051573507,0.272273899861631,0.2716388412768165,0.2750950322852631
Price--BBVI,1.6598433451727033,0.2731051328217412,0.27124804814049447,0.2732574749941707
Price--BBVI,1.6641143351444043,0.27389210399606,0.27349399706458816,0.2748963354324536
Price--BBVI,1.6688754051574506,0.2738167385447439,0.2722644867599641,0.27457002756790316
Price--BBVI,1.6733742650831118,0.2745217413138683,0.27230920573359435,0.27495884669284215
Price--BBVI,1.6778151451726444,0.2734583725224183,0.27282645071981176,0.2751185517273485
Price--BBVI,1.68290627427632,0.2737556436253798,0.27280627151850867,0.27527654511932576
Price--BBVI,1.6872083141934129,0.2744453327763883,0.27314484271816475,0.274638578785392
Price--BBVI,1.691658364259638,0.2742863349029835,0.2718878721051977,0.27566694274155107
Price--BBVI,1.6965511842281558,0.2738022110752169,0.27219104758876955,0.27393856719654963
Price--BBVI,1.700798304285854,0.2721557013327888,0.2718864726827362,0.2729445473509767
Price--BBVI,1.705275873246137,0.272829607062687,0.27210206200716747,0.27343781222428243
Price--BBVI,1.709944693313446,0.2725481707824497,0.27230992732079234,0.27371074860712286
Price--BBVI,1.7140846032416448,0.2718968531169224,0.2712479410288656,0.2737252173243091
Price--BBVI,1.718239343201276,0.2737666041284354,0.2717391868864422,0.2740281899840133
Price--BBVI,1.7226843331591226,0.2717300713709976,0.27160287584497295,0.2741115786094197
Price--BBVI,1.727012763207313,0.2720385095509325,0.27149127051950384,0.273932680900916
Price--BBVI,1.7305012232391164,0.2722227261430266,0.2702717507636679,0.27371599954314696
Price--BBVI,1.7335607732529752,0.2721332115798551,0.2707312686419647,0.2740234740031593
Price--BBVI,1.7366300033172593,0.2725517931724289,0.27020058250293505,0.27383557432267763
Price--BBVI,1.7398346332483925,0.2719807143130178,0.27124091659934546,0.2744991656874178
Price--BBVI,1.7435035832459107,0.2728428224865742,0.27228374310331493,0.27419021022454326
Price--BBVI,1.7470547732082196,0.2732889257518465,0.27158573412916376,0.2736983571960887
Price--BBVI,1.7501640531118028,0.2727297154255091,0.2704982936385963,0.2746242465095569
Price--BBVI,1.7533433031640016,0.2723144430720286,0.27105792730475264,0.27391892756186903
Price--BBVI,1.7564469732460566,0.2729531248347165,0.2725029043206411,0.27374079562162656
Price--BBVI,1.7595767931779849,0.2719700226457475,0.27163678429993027,0.2728086295474639
Price--BBVI,1.76263420318719,0.2725054268094184,0.27240997075936657,0.2739096815885053
Price--BBVI,1.7658161732251756,0.2724678441897795,0.2718384860622189,0.27340129889474446
Price--BBVI,1.7689366831909863,0.2729389439647787,0.2719854135661109,0.2735131765031041
Price--BBVI,1.772020323202014,0.2724463241656982,0.2716185831138252,0.27419412853774106
Price--BBVI,1.775232333166059,0.2723272604043906,0.27186778741148593,0.2742926395135354
Price--BBVI,1.778324913175311,0.2716669010422921,0.2709065316401986,0.2743742868557113
Price--BBVI,1.7814218330895528,0.2721040878392542,0.2707498146332693,0.2744729038377693
Price--BBVI,1.7845433921320364,0.2720487499553426,0.27080592985087354,0.2744316595049524
Price--BBVI,1.78769362217281,0.2718377746876817,0.27143161629439655,0.2750388311163571
Price--BBVI,1.7908066920936108,0.2720483522712483,0.2707026721124245,0.27448974293467004
Price--BBVI,1.793911082088016,0.2717098944168755,0.2707631238412377,0.2742532881419629
Price--BBVI,1.7971317221526988,0.2727694532803069,0.2703719841722059,0.27364494623323615
Price--BBVI,1.8002342421677895,0.2720123793655311,0.2709424253282153,0.27289995740828027
Price--BBVI,1.803473692154512,0.272927752417622,0.27173864564566247,0.2737491352555351
Price--BBVI,1.8066020922269672,0.2725178792093492,0.27168364467791495,0.2736497530168459
Price--BBVI,1.8097099722363053,0.2727654766566627,0.27129706023087774,0.273840956978895
Price--BBVI,1.812879002187401,0.2735515474630184,0.27222279107019187,0.2738373254037462
Price--BBVI,1.8160036021727135,0.2732497182772142,0.2715046477200755,0.2747063630294202
Price--BBVI,1.8191338820615783,0.2732809123218728,0.272537320628168,0.2740990790886076
Price--BBVI,1.822349632100668,0.2737892820496928,0.2729293412975738,0.27447910703336925
Price--BBVI,1.825484021101147,0.2730214349354671,0.27180260596653993,0.27470861417471637
Price--BBVI,1.8286202711169608,0.2732306474360388,0.2721120369384519,0.27403685050323806
Price--BBVI,1.831805541063659,0.2731612492951379,0.2720966786370508,0.2746693419355419
Price--BBVI,1.8349879709421657,0.2745934509993069,0.2731308107569747,0.2749927074020482
Price--BBVI,1.83808109088568,0.2731486492509546,0.2717392607903656,0.27412360780263245
Price--BBVI,1.841354009869974,0.2743532180189355,0.27240412041824646,0.2749400888205775
Price--BBVI,1.8451207699254155,0.274492638322259,0.2728748715312745,0.274754071965424
Price--BBVI,1.8488790498813612,0.2732387307773981,0.27225969358525337,0.27509917624591407
Price--BBVI,1.852623039856553,0.2724967462041728,0.2711479456797654,0.2739968368042466
Price--BBVI,1.856331639864948,0.2726020137336257,0.271730149378649,0.273576291260662
Price--BBVI,1.8601598099339756,0.2738162411646432,0.2719300642119943,0.27420207298486265
Price--BBVI,1.863326339866035,0.2733278222627748,0.271471718455173,0.2735810275720958
Price--BBVI,1.8664799299440349,0.2734857847620463,0.27063051288068823,0.27385847791167456
Price--BBVI,1.8696103098918684,0.2730209195319764,0.27077835512842563,0.2748675829366161
Price--BBVI,1.8726749399211255,0.2720666282012869,0.27043207658003676,0.27345036025593933
Price--BBVI,1.8762726798886435,0.2721617431576308,0.27160268906138435,0.27383792750173175
Price--BBVI,1.8794981598621237,0.2729945888311532,0.2727678714012796,0.27462648332473444
Price--BBVI,1.8825585498125288,0.2719043707075501,0.2712013113437907,0.27382761440532866
Price--BBVI,1.8856413498870097,0.2712108306719444,0.26955927109863714,0.2722431171603268
Price--BBVI,1.888644118967932,0.2711255888490956,0.2705850502844125,0.2730798329711906
Price--BBVI,1.892350468900986,0.2724181329732238,0.27076984705595164,0.27375588407620693
Price--BBVI,1.8961190588888712,0.2726209641684138,0.27099760805664713,0.27409785022247174
Price--BBVI,1.8993839289760217,0.2735691613383195,0.27009158442916315,0.27410542784220576
Price--BBVI,1.902423079009168,0.2726245417628714,0.27185901196921597,0.2735419825152492
Price--BBVI,1.9054728389019149,0.272664100518531,0.27108959514179165,0.2731224919416171
Price--BBVI,1.908625313313678,0.2726763109031687,0.27096109644889915,0.2736547607178786
Price--BBVI,1.91277097328566,0.2720834423810176,0.2716220267334419,0.27297857917694357
Price--BBVI,1.9169678233447485,0.2717861687579211,0.2709130295561904,0.2735057250978279
Price--BBVI,1.921212533256039,0.2716607715058713,0.2706706350334356,0.2735297902369167
Price--BBVI,1.925425892288331,0.2713043296039715,0.27056738264278507,0.2736299472495243
Price--BBVI,1.9287392423138956,0.2718797392400627,0.26963540755849946,0.27231536055124106
Price--BBVI,1.9318770023528489,0.2716303448256825,0.27031257922756957,0.2727411408398777
Price--BBVI,1.9349181522848085,0.2717825957006263,0.27145562561149195,0.2718882981012727
Price--BBVI,1.937918502255343,0.2714938763781586,0.2705699302328318,0.2726956304799423
Price--BBVI,1.9409722613054328,0.2713718808270931,0.27030251763068036,0.2726874424076616
Price--BBVI,1.9439800212858245,0.272780738167645,0.2708648817787588,0.27353083736784944
Price--BBVI,1.9471399512840435,0.2727792689058476,0.27028335780941753,0.2742601961485867
Price--BBVI,1.950134491256904,0.2716803594633653,0.2706789242983182,0.27307230177118036
Price--BBVI,1.9533892812905835,0.272801841578764,0.2712241945278763,0.2734674450022892
Price--BBVI,1.9565470503875984,0.2732505802089908,0.27062908362530824,0.27440641175782726
Price--BBVI,1.95972942042863,0.2721605485176683,0.2703927644372941,0.2739786911075859
Price--BBVI,1.9628234604606405,0.2726145326804679,0.2708153323008519,0.27392885696533475
Price--BBVI,1.965950670535676,0.2715412140746833,0.2709771215887146,0.27404106174747894
Price--BBVI,1.9689983104472049,0.2726165882255928,0.2717766689493341,0.27377600447426287
Price--BBVI,1.9722662905114705,0.2737432378498626,0.27178270875420857,0.2745333628350164
Price--BBVI,1.97539603052428,0.2723513984294312,0.2720209196699223,0.2740929252784579
Price--BBVI,1.9785263004596343,0.2728987699802394,0.2719657136101997,0.27365280224400484
Price--BBVI,1.981527809461113,0.2713577053137694,0.2712163883011191,0.2738836701437529
Price--BBVI,1.984619369439315,0.2725551221938261,0.27062167463292525,0.2748290209400003
Price--BBVI,1.9876370494021105,0.2736396559463247,0.27105694172448463,0.2742101637679133
Price--BBVI,1.990800439438317,0.2718158252131959,0.2706123310669963,0.2746282554737406
Price--BBVI,1.9940135393990204,0.2707835095682463,0.2697993768810307,0.274039593993596
Price--BBVI,1.9971999683766624,0.2710844302448893,0.2682291885902451,0.2734759927662855
Price--BBVI,2.000370248395484,0.2719146642408584,0.2704185289451389,0.27370323937997093
Price--BBVI,2.0034364484017715,0.2718813860934317,0.2698772911933718,0.272943749564471
Price--BBVI,2.006494788336568,0.2730465329718101,0.2706408540861756,0.2741198325161786
Price--BBVI,2.0096308383508585,0.2717939137824841,0.2709730856716844,0.27217011901552174
Price--BBVI,2.0126818583812565,0.2730184327149563,0.27011183050485965,0.2734566638663804
Price--BBVI,2.015901918464806,0.2715842196053263,0.2689280585618896,0.2734545590801695
Price--BBVI,2.0190006885677576,0.2730285649277741,0.2702255181798434,0.27324903735720113
Price--BBVI,2.0220057175611146,0.2723995582837865,0.2699546525242766,0.27378878047738753
Price--BBVI,2.025108617497608,0.2730697738287209,0.26953391928307363,0.27464339092057605
Price--BBVI,2.0281143574393354,0.2726607455134086,0.2706410642767717,0.27436175441883504
Price--BBVI,2.031060857407283,0.2743036463194472,0.27093830351599785,0.27510426769289187
Price--BBVI,2.034272717370186,0.2722478999209447,0.27112167511284224,0.273684302476513
Price--BBVI,2.037378757377155,0.2728938327583508,0.2716609415087554,0.27344801745858216
Price--BBVI,2.04097819555318,0.2738516211264068,0.27199684841068833,0.2746626041161121
Price--BBVI,2.0446860655210912,0.2733463839780639,0.27130582833340705,0.2746033100583072
Price--BBVI,2.047774965525605,0.2722420708677222,0.27137093753099556,0.27489114186373326
Price--BBVI,2.0508979454170917,0.2735306090502035,0.27094523273669086,0.27472331755542495
Price--BBVI,2.0540393354021944,0.2738572229074074,0.2714499903581763,0.27398246734399495
Price--BBVI,2.057170855347067,0.2727899628151525,0.2713259229233649,0.2740496736048985
Price--BBVI,2.060238435282372,0.2716253686374832,0.27028908749504854,0.27318541605070257
Price--BBVI,2.0633131952490658,0.2729344053648186,0.2700496395479707,0.2734727287797959
Price--BBVI,2.0664271852583624,0.272198851345619,0.2711888041631456,0.27381196178625966
Price--BBVI,2.069585665129125,0.2715718005828716,0.2703941516619803,0.2747623717515922
Price--BBVI,2.072720314085018,0.2722018900550014,0.2717349377273325,0.2746365763104621
Price--BBVI,2.0759056941024028,0.2721250867102205,0.27007894573718344,0.2742620725757803
Price--BBVI,2.0796348141739145,0.2728257616965737,0.27147785673911307,0.2739706802237195
Price--BBVI,2.0834810641244985,0.2729394537866985,0.27058164704837945,0.27407398636969027
Price--BBVI,2.0872147941263397,0.2708132740878783,0.270403121958426,0.2740692972030493
Price--BBVI,2.090909384016413,0.2730302961082939,0.2710056101035424,0.2746041736649422
Price--BBVI,2.0946787939756177,0.2725308775969184,0.2716300704489497,0.2741562654701031
Price--BBVI,2.097708983987104,0.272524012736991,0.2712013007938283,0.2740314235531044
Price--BBVI,2.100864293868653,0.2729410699251457,0.27078656938482676,0.2732988768979124
Price--BBVI,2.104212103877217,0.2725929843777118,0.2710906294556166,0.2733709446820326
Price--BBVI,2.107230183959473,0.2723884767529472,0.2715204718160024,0.27341349557684974
Price--BBVI,2.110327353933826,0.2718387268538108,0.27115042984486487,0.27436754810938824
Price--BBVI,2.11349399399478,0.2734036311366197,0.2707289531269609,0.274275104207916
Price--BBVI,2.116623974055983,0.2731269526735849,0.2695389379209035,0.27510937538358987
Price--BBVI,2.1197873631608672,0.2732757125247849,0.27054974267532594,0.2736413246408487
Price--BBVI,2.122956943232566,0.2725845162348977,0.2702526273608736,0.27355889875203643
Price--BBVI,2.1261286732624285,0.2722519537139499,0.27044721271936095,0.27521100393511977
Price--BBVI,2.1298531133215874,0.273655866025301,0.27180313531197065,0.27413023372695794
Price--BBVI,2.1336840233416297,0.2723739995578887,0.2706296526532092,0.27311073044669426
Price--BBVI,2.137499283242505,0.2725998551079284,0.2715490283351302,0.2741454860235184
Price--BBVI,2.141226183273829,0.2729969394222267,0.2720567550330615,0.27357577054485976
Price--BBVI,2.145006583305076,0.2725559443934975,0.27123330564926545,0.27527481427622824
Price--BBVI,2.148489813262131,0.2724552159809664,0.271833834778783,0.27410081335910613
Price--BBVI,2.1516961822053418,0.2720358670344213,0.27083701352281914,0.2756757425259064
Price--BBVI,2.1548154123011045,0.2725417232002693,0.2715109864835544,0.2744920437266771
Price--BBVI,2.1579859922640026,0.2720319031427148,0.27077688830996705,0.2743604161472733
Price--BBVI,2.161221582267899,0.2724346045888552,0.27070343076996645,0.275209353548854
Price--BBVI,2.1644164822646417,0.2725765877573595,0.2710178831725749,0.27558951094248824
Price--BBVI,2.1675130923395045,0.2722638249977078,0.2710312134162333,0.27493584649972447
Price--BBVI,2.170672432228457,0.2724623425072975,0.27170295516298193,0.2740727975637796
Price--BBVI,2.173845202254597,0.2740035278055041,0.2714412589998739,0.27466787546565474
Price--BBVI,2.1769386722007766,0.2720311932226821,0.2710338677837391,0.27398654655666904
Price--BBVI,2.180103332153521,0.2720427089311429,0.27064316250291465,0.2741089174754382
Price--BBVI,2.18375694216229,0.2724174977070426,0.27155962487926477,0.2740544373856091
Price--BBVI,2.1874434821656905,0.273040325316321,0.2711813497323911,0.27407032944227205
Price--BBVI,2.1911543821333908,0.2726200889132766,0.2714597672603431,0.2740519138993635
Price--BBVI,2.1948398120584898,0.2730104344833413,0.27169104230635016,0.27341432774325064
Price--BBVI,2.198539262113627,0.2723543612476944,0.27096084080293736,0.2732582180701286
Price--BBVI,2.202236732002348,0.2721745530967914,0.2709916786333854,0.2731570434843978
Price--BBVI,2.205929402029142,0.2721831468247989,0.27126161748277844,0.27339127816637415
Price--BBVI,2.209634431928862,0.271650680531993,0.270395444589854,0.2742618498530076
Price--BBVI,2.213311981933657,0.2728628368443285,0.2705064117886377,0.27455101062070575
Price--BBVI,2.217016161826905,0.2721865476623573,0.2702303903386804,0.27388767847137785
Price--BBVI,2.2206739318789914,0.2724069837514191,0.27045760081244513,0.2728241251254465
Price--BBVI,2.2243587719858624,0.2712775465369172,0.2699159129673833,0.2736510197396776
Price--BBVI,2.2279950020019896,0.2713901171277332,0.27038392104803616,0.2738200814869393
Price--BBVI,2.2316924919723533,0.2727234619412332,0.27122362469781797,0.2738297540654463
Price--BBVI,2.235440702002961,0.2722084634388927,0.27053116510648284,0.27386797500478155
Price--BBVI,2.239146941981744,0.2718721525067347,0.27082790584773214,0.27261544308589325
Price--BBVI,2.2428522419650108,0.2719894556413058,0.2711068574329347,0.27252886768509993
Price--BBVI,2.2465528019238263,0.2722251454884304,0.2710688065756828,0.2730777659557269
Price--BBVI,2.250243231945205,0.272503873720447,0.27175403926844605,0.2730236359956085
Price--BBVI,2.253902631928213,0.2723781429327119,0.27132536460122236,0.27445943609354523
Price--BBVI,2.2568649019813165,0.2719425904160745,0.27092514694735176,0.27364175713505773
Price--BBVI,2.259876311931293,0.2729476231028688,0.2699669448147478,0.27359373347640087
Price--BBVI,2.2628653919673525,0.2718836519472015,0.2707578567504212,0.27392701946522485
Price--BBVI,2.2658451819443144,0.2727837785651251,0.27095168523870883,0.27345534475394057
Price--BBVI,2.268857581948396,0.2712935076097232,0.2707136725894493,0.2722825876785657
BBVI--STL,0.0,0.6931471805579523,0.6931471805579523,0.6931471805579523
BBVI--STL,0.0040623800014145,0.392297252167555,0.38807382460858575,0.39546708812451803
BBVI--STL,0.0081659199204295,0.3127365958578018,0.3048425037572357,0.3147296953780705
BBVI--STL,0.0122494698734954,0.2834620469996229,0.2820658058026205,0.2874805002708311
BBVI--STL,0.0162291198503226,0.2750121714124936,0.271414132400096,0.27513236975434024
BBVI--STL,0.0202187398681417,0.2697433273646336,0.2663857512202546,0.27042018655306105
BBVI--STL,0.02423785981955,0.2671957675614373,0.26467412225743303,0.2680775218498206
BBVI--STL,0.028297189855948,0.2658692802069113,0.26433537404947677,0.26643761498233687
BBVI--STL,0.0323606898309662,0.2650426824151924,0.2640255362902579,0.266393633546857
BBVI--STL,0.0364479298586957,0.2652637929968843,0.2644514600518933,0.2659157408233429
BBVI--STL,0.0404901198344305,0.2659514079053495,0.26461466501894815,0.2661393214997566
BBVI--STL,0.0445275798556394,0.2661269097238943,0.26482486583607,0.2665771358018556
BBVI--STL,0.0486542398575693,0.2659662900570564,0.2649156667692075,0.2665948196466728
BBVI--STL,0.0535127489711158,0.2667376968422839,0.2658365145259425,0.26712547082328875
BBVI--STL,0.0575100989663042,0.2670964387052388,0.26605061402828367,0.26721024931227494
BBVI--STL,0.0614761388860642,0.2667437367100563,0.26605539161031955,0.2676122172578008
BBVI--STL,0.0706648002960719,0.2673334630230343,0.2668191876184859,0.2686389922814227
BBVI--STL,0.0747171103139408,0.2682934674511117,0.26731034593001446,0.2686932793173514
BBVI--STL,0.0789053503540344,0.2686228823615941,0.26787118827189954,0.2689646593887669
BBVI--STL,0.0830256892950274,0.2683134912108787,0.26807408487397216,0.26886157480104955
BBVI--STL,0.0870534793357364,0.2688190064617698,0.26849438890605154,0.2696814819691479
BBVI--STL,0.092014777532313,0.2689285400885894,0.26822331184504405,0.2691216048014723
BBVI--STL,0.0986871075001545,0.2690859114740532,0.26867487459514583,0.2696137726765654
BBVI--STL,0.1023527475772425,0.2698071154832823,0.2695531269106664,0.269921476011434
BBVI--STL,0.1059744075755588,0.2704449234814262,0.26893406515127943,0.2706634557859573
BBVI--STL,0.1096346476697363,0.2697561984660913,0.26915400925994454,0.2704259196023277
BBVI--STL,0.1131108577828854,0.2701222366135563,0.26930001530235553,0.27067453403658226
BBVI--STL,0.1166291378322057,0.2698407031308855,0.2697089428827484,0.27123549781847567
BBVI--STL,0.1202138378284871,0.2706970337285037,0.27038128796769006,0.2710644728266711
BBVI--STL,0.1237851977930404,0.270714262385086,0.2701641142206672,0.2715817200283435
BBVI--STL,0.127670828544069,0.270994453184809,0.27029047669675693,0.27168897179028406
BBVI--STL,0.1316409084829501,0.2712759765810998,0.2707652747623661,0.2719122948397888
BBVI--STL,0.1358173385378904,0.2711624754972629,0.27049681644323603,0.27170314260397005
BBVI--STL,0.1396078985999338,0.2706924023220808,0.27065842810017166,0.27202870435447235
BBVI--STL,0.1432860386557877,0.2708125204678663,0.27050011583266104,0.2723796450680645
BBVI--STL,0.1473322787205688,0.2708451491862186,0.27027318857301097,0.2715782018846196
BBVI--STL,0.1508555587497539,0.2712359952109413,0.27078124770207246,0.2718417123257562
BBVI--STL,0.1586588087957352,0.2713310866146923,0.2708148448465993,0.2726189084414719
BBVI--STL,0.1622755187563598,0.2717840186894691,0.27149384186303877,0.2724308118370712
BBVI--STL,0.1659339586040005,0.2722570041096818,0.27175203756551863,0.272697322796105
BBVI--STL,0.1695741086150519,0.2720852681996208,0.2714277569786383,0.27217448779663933
BBVI--STL,0.1732700284919701,0.2716092650003491,0.27130757535147065,0.2723110106190478
BBVI--STL,0.1767984785255976,0.2719930701993842,0.2718322986861471,0.27223505785451796
BBVI--STL,0.180407328531146,0.271964527967488,0.2717344513397314,0.272560025653525
BBVI--STL,0.1840312685235403,0.2719395959551265,0.2719206142710909,0.27224280103757065
BBVI--STL,0.1876408285461366,0.2718446224954483,0.271819406919493,0.27227615676153494
BBVI--STL,0.1913408786058426,0.2722073755985719,0.27181048337598707,0.2725869752614571
BBVI--STL,0.1949100185302086,0.2724010669460327,0.271931709668183,0.27284170654147
BBVI--STL,0.1984397585620172,0.2726148882678357,0.2724309676862184,0.2729918674646647
BBVI--STL,0.2083706659614108,0.2725614292734591,0.27205115079116904,0.2726920328336726
BBVI--STL,0.2124297060072422,0.2722088023789724,0.2719211231007501,0.27260423384714166
BBVI--STL,0.2164206259767525,0.2726472407055612,0.2720540166694446,0.2729948659597117
BBVI--STL,0.2252602552180178,0.2725860013834733,0.27233403688305097,0.27298095926114563
BBVI--STL,0.2288837752421386,0.2724106230142507,0.27180868423421356,0.27277335041601025
BBVI--STL,0.2326801351737231,0.272412913941495,0.2718763602379104,0.27286956398918166
BBVI--STL,0.2365529152448289,0.2726905094018125,0.27222654064118457,0.27320611612088785
BBVI--STL,0.240489465300925,0.272973524984521,0.2721610041788424,0.27323299792787087
BBVI--STL,0.2442680454114452,0.2725177092836549,0.2724220601029732,0.27272414762239255
BBVI--STL,0.2481027944595553,0.2729723675084294,0.27237603270145017,0.2732277505573759
BBVI--STL,0.2520128546166233,0.272476787208316,0.2719789846405155,0.2730384075447383
BBVI--STL,0.2556311936932616,0.2724823152511387,0.27237852851873223,0.2728574898930753
BBVI--STL,0.2592726936563849,0.2725608289788198,0.27222144619524347,0.27293196361787747
BBVI--STL,0.2629218726069666,0.27278195326233,0.27240391491670335,0.27310766971284545
BBVI--STL,0.266439042519778,0.27306201910225,0.2723571139951854,0.27320964527801916
BBVI--STL,0.2701222615432925,0.2731664825855338,0.27220768779211707,0.2733068217312186
BBVI--STL,0.2738491716445423,0.2727740788097386,0.2722130799065032,0.27302174599689366
BBVI--STL,0.2774589806213043,0.272400414838844,0.2719489401859649,0.2731040476067649
BBVI--STL,0.2810851106187328,0.2729571375815572,0.272219288046745,0.2731838828773761
BBVI--STL,0.2848200896405615,0.2723824926135356,0.27189280111934666,0.27289401525623375
BBVI--STL,0.2884652796201408,0.2723464553179222,0.2717560033375713,0.27298686875899114
BBVI--STL,0.2924210786004551,0.2727646225127655,0.2721953492258174,0.27300183636584346
BBVI--STL,0.296364658686798,0.2722666339008992,0.27198359743870953,0.2730088475857941
BBVI--STL,0.3002091686357744,0.2726842187217428,0.2723519658971555,0.2730056156910597
BBVI--STL,0.3039046686608344,0.2728884322355313,0.27198743742954495,0.27314254966584556
BBVI--STL,0.3076778586837463,0.2725113167137311,0.2724528551711967,0.2727753492944422
BBVI--STL,0.3117487987619824,0.2726756987255159,0.27246478639733346,0.27287393229268875
BBVI--STL,0.3156507586827501,0.2725820279137462,0.2723473222924279,0.2731004710880061
BBVI--STL,0.3195359986275434,0.2728336710286703,0.2722482508716709,0.2731594696890423
BBVI--STL,0.3274770886055194,0.2726022692606813,0.27190280592136146,0.273338115400686
BBVI--STL,0.3312618385534733,0.2725244545877587,0.27249788567576405,0.27289749471384744
BBVI--STL,0.3353701984742656,0.272618305467821,0.2722438039501339,0.273293045612471
BBVI--STL,0.3409517291584052,0.2729822067620308,0.2721594528648855,0.27328711874384437
BBVI--STL,0.3445248291827738,0.2722034066545573,0.27211070636529905,0.27323340333897017
BBVI--STL,0.3480947891948744,0.2728977267075076,0.2724817870942998,0.27335504795838134
BBVI--STL,0.3517138791503384,0.2729418094410212,0.2724421962970973,0.2731187001844098
BBVI--STL,0.3552895491011441,0.2728721857317636,0.2727662194739267,0.27308980585240583
BBVI--STL,0.3588613090687431,0.273167855579035,0.27293332665089276,0.27330261866002437
BBVI--STL,0.3663954190560616,0.2729209017563012,0.27255414039670983,0.2736275188935032
BBVI--STL,0.3738888090010732,0.2725241704788285,0.2724197413543915,0.27312548066432085
BBVI--STL,0.3801519679254852,0.2727077021178539,0.27227789592526974,0.2732860567982424
BBVI--STL,0.3837018178892322,0.2726241993037846,0.2723297939435939,0.2728488754510377
BBVI--STL,0.3879600877990015,0.2729320890766296,0.271935685543896,0.27335684196594545
BBVI--STL,0.3916792177478783,0.2729094203413818,0.2724381296021291,0.2734423888796049
BBVI--STL,0.3951170776854269,0.2728229879652754,0.2720007961273513,0.2731349126003576
BBVI--STL,0.3986657676286995,0.2728896400241074,0.27213102893183666,0.2731874524416951
BBVI--STL,0.4030072172754444,0.2724710754862092,0.2720153938471839,0.27298019224075337
BBVI--STL,0.4091777073335834,0.2725274236039862,0.27207772276646675,0.2728383191840662
BBVI--STL,0.4164702173438854,0.2725714937899349,0.27225911247514484,0.27306676117142814
BBVI--STL,0.4221347363200038,0.2725642291292416,0.27238755397413283,0.27294827105478425
BBVI--STL,0.4289724463014863,0.2722546494091504,0.2721752690669841,0.27281804538269644
BBVI--STL,0.4396244461531751,0.2720101771357816,0.2718073868448881,0.273267562403692
BBVI--STL,0.443380476150196,0.2725202464684272,0.2722614849849785,0.27269773680420595
BBVI--STL,0.4470803661388345,0.2723637206446927,0.2718203290675202,0.2726856806670196
BBVI--STL,0.4506496461690403,0.2726540331970919,0.27220629415880465,0.27291025308124783
BBVI--STL,0.458304418658372,0.2729558859199681,0.2724657288110035,0.27308720744537374
BBVI--STL,0.4623650887515396,0.2726283763518151,0.27205639591502684,0.27333309039182924
BBVI--STL,0.4664129087468609,0.2726624535063111,0.27194927237461786,0.2730094491007257
BBVI--STL,0.4745349077275023,0.2731306189829359,0.27187767249983735,0.2735671659977222
BBVI--STL,0.4786504477960989,0.272985944422708,0.272758551692393,0.2733625968629056
BBVI--STL,0.4826292577781714,0.272486794276893,0.2719178933496802,0.2735984989701234
BBVI--STL,0.4866026377421804,0.2725477910250502,0.27224899110934225,0.272880138808906
BBVI--STL,0.4908449373906478,0.2724849472877422,0.2722038032741099,0.2730059197988514
BBVI--STL,0.4943484274554066,0.2726426089559811,0.2723599036876704,0.2731486980676358
BBVI--STL,0.5049687350401655,0.2727457737549884,0.2720194558298484,0.27332257637116975
BBVI--STL,0.5104340277612209,0.2725921457243528,0.27237177394506124,0.2732680881657
BBVI--STL,0.514412367658224,0.272590574207553,0.27189216466421795,0.27287494521867633
BBVI--STL,0.5184831377118826,0.2729331691917731,0.2720752062744099,0.2731110265758763
BBVI--STL,0.5225183076690882,0.272673225808745,0.2718564009086801,0.2735693902651492
BBVI--STL,0.5264879376627505,0.2729685085955514,0.2726715142878826,0.273152155027443
BBVI--STL,0.5304931476712227,0.2730327027822196,0.27217531943924594,0.2731973178612893
BBVI--STL,0.5344648176105693,0.2725919745931089,0.2724725389120711,0.27296597825809843
BBVI--STL,0.5384175876388326,0.2724488150058587,0.27222343547727906,0.2730803743074392
BBVI--STL,0.5423446176573634,0.2726195209912155,0.27204244543980405,0.2737005843396345
BBVI--STL,0.5463437666767277,0.2726202681281862,0.2722997292504069,0.2729407764307973
BBVI--STL,0.5502940266742371,0.272761872770816,0.2720875646136524,0.27286861964246795
BBVI--STL,0.5543184857815504,0.272437302577964,0.2721624870514392,0.2725323894443297
BBVI--STL,0.5582748959423043,0.2725067654949347,0.271469293394618,0.2729368866200984
BBVI--STL,0.5622635649051517,0.2718768583857176,0.27162295806793935,0.27245733534441485
BBVI--STL,0.5676068749744445,0.2721924545282214,0.2721193569189304,0.27230255023639743
BBVI--STL,0.571610314946156,0.2730252644697727,0.27248503082672304,0.27307772178492
BBVI--STL,0.5757303548743948,0.2724711622753918,0.2723284558267411,0.27286981050502745
BBVI--STL,0.5797201048117131,0.2721332303212233,0.2720784216744224,0.2729211842321582
BBVI--STL,0.5836293848697096,0.2728057098860747,0.2724575887728827,0.27315010187310346
BBVI--STL,0.5877079748315737,0.2728117631232013,0.2724789798056269,0.2731353371541975
BBVI--STL,0.5916945548378862,0.272559887857361,0.2722893738789813,0.27322365489931094
BBVI--STL,0.5957274448592216,0.2726529882324404,0.27201914755885304,0.2727043388308235
BBVI--STL,0.5998262749053538,0.2723426048609035,0.27204652259967854,0.27278276284181924
BBVI--STL,0.6038235349114984,0.2726473489101761,0.2722744126542116,0.27315482977506933
BBVI--STL,0.6079386239871383,0.272835286153003,0.2726168542509233,0.2731014728755543
BBVI--STL,0.6120815940084867,0.2724905511073667,0.2721478821023664,0.27292685974542363
BBVI--STL,0.6159901839564554,0.2723426606706066,0.272028373089192,0.27281816584203245
BBVI--STL,0.6199364339699969,0.2724152519917279,0.27213355733492456,0.2731274846695577
BBVI--STL,0.6238195640034974,0.2727096888125506,0.27235307642621454,0.27298541503329726
BBVI--STL,0.627714864036534,0.2727253769488954,0.27217001738450797,0.27314866621470807
BBVI--STL,0.6316489640739746,0.2721245992953984,0.27185443563897205,0.27284370710795325
BBVI--STL,0.6355415140860714,0.2724196098162755,0.271918923400944,0.2727665477441171
BBVI--STL,0.6394744139979593,0.2724677175473117,0.2720336313125886,0.27303137592393484
BBVI--STL,0.643456784018781,0.2723516961001359,0.2719157209293735,0.27276258871491765
BBVI--STL,0.6474555840250105,0.2728013736385846,0.27236695516652143,0.27298949496728503
BBVI--STL,0.6513975540292449,0.2725690999821694,0.2725589645049702,0.27295761056816154
BBVI--STL,0.6553404440637678,0.2724373543638967,0.2722097613756426,0.272672519796587
BBVI--STL,0.6593101440812461,0.2727892493606894,0.27202555293429476,0.2729093003901665
BBVI--STL,0.6633002142189071,0.2726853055182982,0.27193026645256313,0.2734836332221618
BBVI--STL,0.6673410342191346,0.2727571173382038,0.2718819738120938,0.2730555132012151
BBVI--STL,0.671372544253245,0.272881471960147,0.2718487839722138,0.27336012550192007
BBVI--STL,0.6753448143135756,0.2723441260625532,0.2722246473733195,0.2729166654400024
BBVI--STL,0.6795514343539253,0.2728642564125174,0.27273624084154896,0.27321933569540563
BBVI--STL,0.6836498432676308,0.2727481478944576,0.2725023957720084,0.27331536182525473
BBVI--STL,0.687780843290966,0.27234353309595,0.2718816733958052,0.2729018083939779
BBVI--STL,0.6920644833007827,0.2723930517914222,0.27215487848349973,0.2728259146734936
BBVI--STL,0.6962558532250114,0.2721948600006734,0.2719945167507639,0.27283024894429625
BBVI--STL,0.7033381832297891,0.2721824316222437,0.2718849443833688,0.27278987317201703
BBVI--STL,0.707392362121027,0.2719487804787125,0.2716041127477089,0.2730279728776507
BBVI--STL,0.7114801921416074,0.2721364166191867,0.2718441288076736,0.2728682949490948
BBVI--STL,0.7155349712120369,0.2726285444632899,0.2720537315121454,0.2731800042403205
BBVI--STL,0.7196186112705618,0.2720353692364191,0.2712648759759065,0.27298123520511347
BBVI--STL,0.7236909412895329,0.2721928011424818,0.2716159684668853,0.27277899175889375
BBVI--STL,0.7276797613012604,0.2724380453418256,0.2716287487401285,0.2730180754658252
BBVI--STL,0.7316120813484304,0.2725594855430667,0.2715854776180694,0.2732940864676453
BBVI--STL,0.7362021913286299,0.2728090225384908,0.2721229361852168,0.2731016644114329
BBVI--STL,0.7403497312916443,0.272652783888422,0.2721998559929484,0.2732226670972295
BBVI--STL,0.744551150884945,0.2726123138305907,0.2721721844099686,0.27317684354876326
BBVI--STL,0.7525351508520544,0.2724170769851535,0.2721270383405293,0.2734361669537847
BBVI--STL,0.7589836909319274,0.2731096866572403,0.27233920955723157,0.273350342593553
BBVI--STL,0.7655252701952122,0.2730246501631049,0.27276516678012624,0.27322978469906034
BBVI--STL,0.7698226901120506,0.2725648069001772,0.2724505230965306,0.2728891268306856
BBVI--STL,0.7739655991317704,0.2726577954110316,0.27231711426980026,0.27327414545819334
BBVI--STL,0.7853216390940361,0.2727584474034938,0.272430529302376,0.2729275216357951
BBVI--STL,0.7893306190962903,0.2727785569300634,0.2720185038290299,0.2732415171466602
BBVI--STL,0.7933561190147884,0.2727051202859114,0.27214325194714806,0.27338738647292776
BBVI--STL,0.7973782190820202,0.272559499043818,0.27225293448704047,0.27333011311872146
BBVI--STL,0.8015365380560979,0.273225838443319,0.27145661313250635,0.27340901810867935
BBVI--STL,0.805659108038526,0.2726820534899783,0.27215837120275077,0.2729460957136614
BBVI--STL,0.8097517180722207,0.2726039476644702,0.27201984579058486,0.2731464296475753
BBVI--STL,0.814009708003141,0.2726188058238303,0.2721249981721514,0.2738775392226453
BBVI--STL,0.8180771579500288,0.272403850288365,0.27186420150589385,0.2728194588590896
BBVI--STL,0.822343097999692,0.2726526157077656,0.27225413646984176,0.2729847239679556
BBVI--STL,0.82657671807101,0.2726243283121228,0.27237086197860333,0.27324365979090837
BBVI--STL,0.8308196070720442,0.2731569427942622,0.2723969652930017,0.27353062434889297
BBVI--STL,0.8348054570960812,0.2725238463241058,0.2721593714193005,0.27311765605718197
BBVI--STL,0.8390819061314687,0.2727193604089468,0.2719946668793378,0.2729912275366056
BBVI--STL,0.843198016169481,0.2722081661471943,0.27196264511666446,0.27325815972163914
BBVI--STL,0.8476325962110423,0.2728150884231065,0.27246388453621256,0.2732455921745327
BBVI--STL,0.8517141762422398,0.2727970885339864,0.27235105839187984,0.2730418023572879
BBVI--STL,0.8557601762004197,0.2725679298265792,0.2722637961697074,0.27347186783817884
BBVI--STL,0.8599335361504927,0.272875332023718,0.2723203431102527,0.2735364528144007
BBVI--STL,0.8640602161176503,0.2731476410249719,0.2718824527864994,0.27337408935907315
BBVI--STL,0.868237346119713,0.27266228580111,0.2718451934778432,0.27302158240336744
BBVI--STL,0.8724354061996564,0.2730533359499354,0.2716663629735158,0.27364758602217876
BBVI--STL,0.8766829152591527,0.2727981097151331,0.2724002861144179,0.2732154332644735
BBVI--STL,0.8807217352441512,0.273170170235218,0.2722438905745418,0.27342845869738963
BBVI--STL,0.8849202942801639,0.2729636842456236,0.27231220054881383,0.2730560538015316
BBVI--STL,0.8890603843028657,0.2731666983557728,0.27255131378488356,0.27377863068441793
BBVI--STL,0.8932025243411772,0.2726203801120571,0.2725410695385061,0.27314366324382744
BBVI--STL,0.8974280843394808,0.273017088173009,0.27254643841973025,0.27341313748297125
BBVI--STL,0.9016048543271608,0.272153917662039,0.27161864471350405,0.2730968156949554
BBVI--STL,0.9058685642667116,0.2721527056597196,0.27185460323963506,0.2733705871028506
BBVI--STL,0.9099649742711337,0.2725147704381334,0.2719315904058945,0.27344473354727455
BBVI--STL,0.9140677942195908,0.2725706450017447,0.27194920122125565,0.27294653294192844
BBVI--STL,0.9181651442195288,0.2725249982014288,0.2719197483753752,0.2733335845315642
BBVI--STL,0.9222275931970216,0.2727367317286083,0.27189520428176334,0.27279299649168476
BBVI--STL,0.9262845632620156,0.272483119559899,0.27219853486211687,0.2729003396107405
BBVI--STL,0.9303469633450732,0.2726664811268581,0.2722633621482746,0.27276771560227664
BBVI--STL,0.9344413633225486,0.2723925174407963,0.2719463287375868,0.2725747954224354
BBVI--STL,0.9385424632928334,0.27260269692579,0.27209177908840104,0.27307031833563433
BBVI--STL,0.9426081533310936,0.2725968829033147,0.27211028035071316,0.273241715325992
BBVI--STL,0.9466942733270116,0.2727061359934143,0.27254718147383067,0.2737672499357078
BBVI--STL,0.9507537934696302,0.2724735276659022,0.27213285563468587,0.2728126083219994
BBVI--STL,0.954902283498086,0.2721939279002315,0.2719055921869824,0.2734028396475322
BBVI--STL,0.958997773588635,0.2726483271256654,0.2723996386717118,0.27312652833413864
BBVI--STL,0.9630287436884828,0.2728723326369136,0.2725899403903654,0.2734887223806634
BBVI--STL,0.967036982649006,0.2731126124372596,0.272733083445374,0.27314934535125596
BBVI--STL,0.9737759425770492,0.2725877853642964,0.2722576804559647,0.27294221635230304
BBVI--STL,0.9803058524848892,0.272877209387556,0.27259079370159073,0.2733427456459149
BBVI--STL,0.9843092724331656,0.2727234981075174,0.2722520829566945,0.2732151538052711
BBVI--STL,0.9882629323983564,0.2726632672649522,0.2721104879196456,0.2733147178449049
BBVI--STL,0.9922558623948134,0.2726249959507607,0.2723262479644762,0.27318308561689536
BBVI--STL,0.9985608333372512,0.2725172430688174,0.2721294996947009,0.27280452268957767
BBVI--STL,1.0023236133274622,0.2724215043528745,0.2723538563715259,0.27269253809354504
BBVI--STL,1.0059938632766716,0.2731891565867311,0.27226344501399913,0.2735194213800434
BBVI--STL,1.0095446222112514,0.2723995361328971,0.2722237430467525,0.2732109814591033
BBVI--STL,1.0133099821978249,0.2723809307979054,0.27187857627851997,0.2732431206194127
BBVI--STL,1.0170262121828273,0.2724907166879102,0.2721707255138015,0.27326627279643134
BBVI--STL,1.0210303004132584,0.2723146940794302,0.2720304595570402,0.2733863513476024
BBVI--STL,1.024949570535682,0.2729127851515202,0.2719925099087335,0.27312959561601396
BBVI--STL,1.028870930429548,0.2730896342101207,0.27199704420610543,0.2735375415631737
BBVI--STL,1.032845240493771,0.2729349094831982,0.27180193794493146,0.2732442760067193
BBVI--STL,1.0367675505112857,0.2731181304546739,0.27243004983280955,0.2734348840727637
BBVI--STL,1.040680640435312,0.2730927415095606,0.2724161767139202,0.2734864664435321
BBVI--STL,1.044642180437222,0.2734162807527084,0.27236422119662174,0.2739310464855626
BBVI--STL,1.0485820204485208,0.2728110384343614,0.2718562958777864,0.273629406052968
BBVI--STL,1.052530450397171,0.2721328433229286,0.27169394017691845,0.2736393035639923
BBVI--STL,1.0564851703238674,0.2727552569212084,0.2722391353137601,0.273495510871788
BBVI--STL,1.0604197104112243,0.2727840066535137,0.2722538053588455,0.2740694629341725
BBVI--STL,1.0644081603968516,0.2725815100891803,0.2722130836139442,0.2733045060039221
BBVI--STL,1.0684969404246658,0.2721595279024049,0.27187531370894447,0.272754389577416
BBVI--STL,1.0724903904483654,0.2730065315313594,0.2721288950108816,0.27337508577490893
BBVI--STL,1.076585579488892,0.2731800825321916,0.27272227609855904,0.27346519637809713
BBVI--STL,1.0807324295165015,0.2727658514525035,0.27258770389870973,0.273025499701278
BBVI--STL,1.084765388572123,0.2726768129945024,0.2725104905473271,0.2733032859401883
BBVI--STL,1.0888825287111104,0.2727811425807275,0.27260449542531856,0.2729971938324249
BBVI--STL,1.0975566049455665,0.2725376542045633,0.2721327570684572,0.2733546478133693
BBVI--STL,1.1013490049517711,0.2726788140009214,0.27194282540500564,0.27310102417033294
BBVI--STL,1.1050035449443385,0.2723118299414951,0.2715416066567907,0.27313028118288185
BBVI--STL,1.108752574888058,0.2727942723294541,0.2713207180406408,0.2729736215396388
BBVI--STL,1.1123880048980936,0.2727170656336038,0.27184625262596845,0.272984006207289
BBVI--STL,1.1159215949010104,0.2724681591102146,0.27221115331447443,0.2735119851495309
BBVI--STL,1.1195123248617165,0.2727195106021378,0.27206939885212417,0.2729465444910539
BBVI--STL,1.1231516047846526,0.2730118012276934,0.2727398205681836,0.2733769381745364
BBVI--STL,1.1286161127500236,0.2729478334722179,0.2723703400201965,0.2731576478518946
BBVI--STL,1.132330892782193,0.2728452863350001,0.27256506818097614,0.2730177308947658
BBVI--STL,1.1360204227385111,0.2724901390039431,0.2720987014229703,0.273301246894555
BBVI--STL,1.139737412740942,0.2727829043079698,0.27252498933897956,0.273372736900734
BBVI--STL,1.143357312772423,0.2728740016828972,0.27274150034695105,0.2730627752512228
BBVI--STL,1.1473943337914534,0.2728684084762032,0.2725681004150979,0.27333185703157137
BBVI--STL,1.1515873937751169,0.2728054303891226,0.27251053802367414,0.2733949370611264
BBVI--STL,1.156125123728998,0.2730116256003659,0.27252254779202845,0.27319243912991575
BBVI--STL,1.160313923668582,0.2728511880073944,0.2725000118313306,0.27294402897681846
BBVI--STL,1.1648544527124614,0.2726388382383869,0.27237504292881226,0.2730557284909443
BBVI--STL,1.1690333627047949,0.27291486545581,0.27234996930072713,0.273197269888752
BBVI--STL,1.1731425226898864,0.2730063889171378,0.2720934612493013,0.2730876441556167
BBVI--STL,1.1772882526856847,0.2726305098496949,0.27179955503346637,0.27307010719654773
BBVI--STL,1.1816850226023234,0.2723725627148864,0.2720776382175856,0.2730471151780072
BBVI--STL,1.186114752665162,0.2722513994270172,0.2721683062964693,0.2728661417270714
BBVI--STL,1.1903830926748924,0.2724635580691673,0.27193156159860876,0.27334492930947185
BBVI--STL,1.194684741727542,0.2727347871277957,0.27203951525158726,0.27291181400002906
BBVI--STL,1.1986444316571578,0.2725597552373532,0.2723219430033931,0.2730173329853637
BBVI--STL,1.2025082316831686,0.272599258720821,0.27255471501307227,0.2731454537022308
BBVI--STL,1.206637901661452,0.2723835699658046,0.27212174081120666,0.2729996898971941
BBVI--STL,1.2102520317421297,0.2726583821438824,0.27211975331621663,0.27281384672845227
BBVI--STL,1.2140733717242256,0.2723309253250183,0.2718634075839314,0.2732285227763663
BBVI--STL,1.2178216117317788,0.2722306650647169,0.2720258985817798,0.2724170808648617
BBVI--STL,1.221433971717488,0.2722819561048029,0.27218918890004534,0.2727585302423861
BBVI--STL,1.2288140017190017,0.2721513778169551,0.27181908449648345,0.2730815744829456
BBVI--STL,1.2334523716126569,0.2725756318331461,0.27188973061061544,0.27310644393098393
BBVI--STL,1.2403020116034895,0.2723241379706461,0.2720895474176411,0.2725299530148176
BBVI--STL,1.24394935159944,0.2725579691591885,0.2720181586513017,0.27286315441098424
BBVI--STL,1.247594281565398,0.2721355742170554,0.27181699032503787,0.27252532375531535
BBVI--STL,1.2510926715913229,0.2723892569772694,0.27185264860044267,0.27294837799616184
BBVI--STL,1.254711671557743,0.2721938057317115,0.2717587327142006,0.2723615282766253
BBVI--STL,1.258454711525701,0.2721488222957344,0.27175677311105334,0.27264966392628637
BBVI--STL,1.2621219514985569,0.2726362260485456,0.27208134801802414,0.27282734715092066
BBVI--STL,1.2657691515050828,0.2724538651882495,0.2723897098635033,0.2731947732154857
BBVI--STL,1.2694009514525533,0.2729003867175407,0.27274864171176844,0.2731983532451217
BBVI--STL,1.2731864214874804,0.2723215231805984,0.27205642602721425,0.2724289860453392
BBVI--STL,1.2769773015752437,0.2724928061565211,0.27196381855750273,0.2725648500229522
BBVI--STL,1.2808794315787964,0.2725386222805606,0.27237203136448757,0.2729136982397258
BBVI--STL,1.2839962616562843,0.2726336178181721,0.27223108966569476,0.27284115404645787
BBVI--STL,1.2877377617405728,0.2723300901175359,0.27185308123690316,0.27276539100673014
BBVI--STL,1.29130025167251,0.2725234371035481,0.27199541487244233,0.27298709790752473
BBVI--STL,1.2948383316397667,0.2723811960712849,0.2721415088188052,0.2729722033848552
BBVI--STL,1.2989744715741836,0.2730670346123142,0.27259654259263144,0.27318289609449886
BBVI--STL,1.3030783516005613,0.272648541914846,0.2723786820748125,0.2729486232377715
BBVI--STL,1.3131231116130948,0.2729437248458015,0.2719724039999303,0.2732112290738164
BBVI--STL,1.3198765715351328,0.2726257043499142,0.2716664415677653,0.273075302703654
BBVI--STL,1.325719551590737,0.2725312298642634,0.2719552307728138,0.2728254278873661
BBVI--STL,1.332370171614457,0.2727941521833398,0.27222772554439223,0.27293530714072683
BBVI--STL,1.3412746717222035,0.2724034679775575,0.27193959575636445,0.2729214978475654
BBVI--STL,1.3450761417043395,0.2727622136023278,0.2720696427313116,0.2729715595918102
BBVI--STL,1.3487487616948783,0.2721257599350325,0.2718974458890071,0.27323952497530374
BBVI--STL,1.3527354416437447,0.2727224003523148,0.27252083105850256,0.2732080431850985
BBVI--STL,1.3588833716930822,0.2730408314078578,0.27225779791497806,0.2732695694836023
BBVI--STL,1.3652396216639318,0.2720466494223377,0.27168823553910537,0.2728209847458195
BBVI--STL,1.3688556015840732,0.2723170602396557,0.2715688644866599,0.2730072847581999
BBVI--STL,1.372529971646145,0.2734052756804668,0.27118011560720157,0.27374614593528535
BBVI--STL,1.3761690716492012,0.2729277774955191,0.2721428065693076,0.2735193137154029
BBVI--STL,1.3798073516227305,0.2727151794993241,0.2721871482992305,0.2736445971124665
BBVI--STL,1.3834022216615267,0.2726460748307072,0.272031943316184,0.27357659220493336
BBVI--STL,1.3871574216755107,0.2726925905720517,0.272104936051082,0.2731504276904151
BBVI--STL,1.390763271716423,0.2723768717542117,0.2717862965774558,0.273012036582174
BBVI--STL,1.3944664116716012,0.2731172703703975,0.2722571063337473,0.27338220851962913
BBVI--STL,1.4010763806873,0.2731310391235049,0.2730748028740143,0.2733756390249607
BBVI--STL,1.4190017997170798,0.2725930968895119,0.27244182734753797,0.27314190406354066
BBVI--STL,1.4228191097499805,0.2722791255851813,0.27210899774189273,0.27347359085951733
BBVI--STL,1.4315490397857502,0.2730960214284469,0.272582838313214,0.2734858008390591
BBVI--STL,1.442707409383729,0.2725886836125957,0.2724075115181287,0.2731017053258057
BBVI--STL,1.446765249420423,0.2727202114573848,0.27249351365775043,0.2733137529160666
BBVI--STL,1.450894539419096,0.2725492534250025,0.27219009794397303,0.27324893421162433
BBVI--STL,1.4550118294428105,0.2730650494499628,0.2717345428037426,0.27314452174307646
BBVI--STL,1.4591479394584894,0.2727960648427131,0.27182097128040333,0.2730457353829619
BBVI--STL,1.463313469372224,0.2724881176842761,0.2720845135296674,0.27285233487425553
BBVI--STL,1.467361229355447,0.2724372916529823,0.27225021144817574,0.2732562010911518
BBVI--STL,1.4714254884165712,0.2727874825172979,0.27233886656585865,0.27306512614613576
BBVI--STL,1.4754812885075808,0.2727251517089087,0.27236666229164697,0.2730048822115269
BBVI--STL,1.4797141985036433,0.2720611076091758,0.2718197800219458,0.27316472175060136
BBVI--STL,1.4838771784561686,0.2724972766236702,0.27198028149700015,0.2728190629465769
BBVI--STL,1.4883868083707057,0.272682163826095,0.2724408497830162,0.27305968098050937
BBVI--STL,1.4925133984652348,0.2725206502810871,0.2719577940936748,0.2726716784130772
BBVI--STL,1.4967731884098612,0.2723469594026653,0.2721354604513345,0.27241045063638014
BBVI--STL,1.5010141484090127,0.2724992358282228,0.2719773766507722,0.27308902738232754
BBVI--STL,1.5052044783951717,0.2720553690768109,0.27193972381400267,0.27262212914937145
BBVI--STL,1.509396267356351,0.2723445085543305,0.27147912851864087,0.27285302591497407
BBVI--STL,1.513465627329424,0.2720475429544183,0.2719854983990567,0.2730037809160014
BBVI--STL,1.5182282863534056,0.2723067483258113,0.2721281167839323,0.272974495727742
BBVI--STL,1.5222680362639949,0.2721752094532468,0.2719214106087729,0.27270584616497345
BBVI--STL,1.5263247363036498,0.2724073780872758,0.27195592007173586,0.27337447327927544
BBVI--STL,1.530383276345674,0.2726260727524958,0.27177147307349925,0.273103978676934
BBVI--STL,1.534400766249746,0.2726700810400611,0.27209837076008403,0.2730146397041948
BBVI--STL,1.538435026188381,0.2727201590361792,0.27246675650612345,0.2733108571733674
BBVI--STL,1.5426153762382455,0.2723745104233169,0.27221191724128413,0.2731710515732888
BBVI--STL,1.5474061262211762,0.2725240531388879,0.2717832744817917,0.2728562193244174
BBVI--STL,1.5516809562104754,0.2724224023946058,0.2719196651997572,0.27277023640605397
BBVI--STL,1.5558407852076923,0.2726621043794704,0.2717628891035838,0.2730168830279904
BBVI--STL,1.5600526552298106,0.2726510432141434,0.27187412191286214,0.27289769913273215
BBVI--STL,1.564839625323657,0.2723299361890118,0.2720955767500707,0.27284799091651973
BBVI--STL,1.5689172553829849,0.2725132879744417,0.27222738709819455,0.272912337617314
BBVI--STL,1.5767592253978364,0.2728925584607343,0.27213500550262637,0.27336542716233303
BBVI--STL,1.5807673943927512,0.2728717551691018,0.2728216418525181,0.2732875721035012
BBVI--STL,1.5847722543403506,0.2725423042500187,0.27203386379425115,0.2731570767468237
BBVI--STL,1.588921903341543,0.2720886601759876,0.27185207377225856,0.27234619872489974
BBVI--STL,1.5929700633278117,0.2724504080091937,0.2723071600953706,0.2729164863006346
BBVI--STL,1.5970711332629437,0.2727727588054007,0.2723124063562184,0.27312336344045873
BBVI--STL,1.6010976533289067,0.2726610305685242,0.272326240319883,0.27321765458833785
BBVI--STL,1.6051291633048097,0.2723134220621764,0.27209185518752776,0.2733504005547918
BBVI--STL,1.6095803832286038,0.2727233027255073,0.27176960534456857,0.27327734231416917
BBVI--STL,1.6138643032172697,0.2727163203112914,0.27203201836923635,0.2729236809612205
BBVI--STL,1.6179259032360278,0.2723072112997345,0.27210594402993293,0.2726741003304902
BBVI--STL,1.6221567132743075,0.2726903383316628,0.27183874954867765,0.2733540069972686
BBVI--STL,1.626211092225276,0.2727413465344845,0.27162568500762874,0.27315505590892075
BBVI--STL,1.6302923321491107,0.2724024050741795,0.27188874884768294,0.27298213687441264
BBVI--STL,1.634309742192272,0.272486707887707,0.2717277688836381,0.27302708945211457
BBVI--STL,1.6382892921101302,0.2725621808268139,0.27251524733805105,0.2729042027328668
BBVI--STL,1.6422602620441469,0.2724292993278296,0.2718972364305749,0.2733746866275411
BBVI--STL,1.646227962046396,0.2723909431089527,0.2720873412101076,0.27317020841611644
BBVI--STL,1.6502984420512803,0.2722826394571528,0.2720390281478199,0.273775373660668
BBVI--STL,1.654462052101735,0.2725478021179205,0.27161069195479176,0.2736702387606605
BBVI--STL,1.6584391220239922,0.2729905461749189,0.27217010196753477,0.2738952193066069
BBVI--STL,1.6623753620660864,0.2727226981646508,0.27193772940955535,0.27298032027852714
BBVI--STL,1.6663034520461224,0.27284139567043,0.27193538162686737,0.27341606504356164
BBVI--STL,1.6702081821276806,0.2721712412866561,0.2719280221253835,0.27275829044040256
BBVI--STL,1.6742250621318815,0.2722815150859236,0.2715489713424247,0.2727799553680887
BBVI--STL,1.6782947422470895,0.2728018658928683,0.271647728678843,0.2729724857175754
BBVI--STL,1.682217572175432,0.2726913078336344,0.27186747592393373,0.2727971082608926
BBVI--STL,1.6861282421741637,0.2727119857610964,0.2723836308834739,0.2731002459325831
BBVI--STL,1.6900217621587217,0.272764488323777,0.2724492260566126,0.27331210422077795
BBVI--STL,1.6940016119624488,0.2730433479602903,0.27246909599124003,0.2732400186921418
BBVI--STL,1.6980210220790468,0.2723342383006863,0.27168582655899737,0.27282526734338075
BBVI--STL,1.701927762129344,0.2726812955874016,0.2720678398258305,0.2727302846130981
BBVI--STL,1.7058684421353971,0.2726104274120795,0.2721334879280217,0.2729444622981432
BBVI--STL,1.7098016020609066,0.2723704561389271,0.27194960262826706,0.2728645925546437
BBVI--STL,1.7137333721038883,0.2724245087307194,0.27226891073460047,0.2726490157321908
BBVI--STL,1.717623362201266,0.2724608419974582,0.2723428734851527,0.2729884687413405
BBVI--STL,1.721531852206681,0.272669984955418,0.27248992304047354,0.2729203074268319
BBVI--STL,1.7254585421760569,0.2723429367507173,0.2721699348597551,0.27270915034948023
BBVI--STL,1.7293517022044398,0.2722842373926901,0.2721816540164943,0.27298790226419745
BBVI--STL,1.7335755222593434,0.2729056727293385,0.27213919671008285,0.27344803677504265
BBVI--STL,1.7375444723293183,0.2726115941833137,0.2723973460173068,0.2727375810073156
BBVI--STL,1.7414551113615744,0.2726087238088278,0.27247191365390516,0.2729185079761876
BBVI--STL,1.7453970413771458,0.2728559677241817,0.27250817732136584,0.27342745017707576
BBVI--STL,1.7493374904152006,0.273099704078317,0.27284961646832134,0.2734393903159301
BBVI--STL,1.7532506404677406,0.2720972202315914,0.27201713226767626,0.2732149046993277
BBVI--STL,1.7572082194965333,0.2724784439247181,0.27217077599510214,0.27303786847646366
BBVI--STL,1.7611318994313478,0.2725853260500057,0.272211684237463,0.2727565406686624
BBVI--STL,1.765086498344317,0.272613312906943,0.27222249188225983,0.2734806979509411
BBVI--STL,1.76913322834298,0.2730650532656082,0.2720689744935624,0.2734642064708534
BBVI--STL,1.7731117184157483,0.2728152797489855,0.27248639850458173,0.27334694397481474
BBVI--STL,1.777025378367398,0.272849645206966,0.27224920609515973,0.2736041237147889
BBVI--STL,1.7809503183234483,0.2728828674728956,0.27226856664491966,0.27329025686660025
BBVI--STL,1.7848560183192603,0.272534918283534,0.27210576195513836,0.27321652134233465
BBVI--STL,1.788748438237235,0.2729278415497255,0.2724700391086099,0.27330226026205556
BBVI--STL,1.792758698225953,0.2727366187726445,0.2722214257302743,0.2728727269412734
BBVI--STL,1.7966253482736647,0.2727163500913783,0.27248325779476573,0.2731325816526793
BBVI--STL,1.800527378276456,0.2728420549985073,0.2726105522066788,0.2732756946220676
BBVI--STL,1.8044134682277215,0.2726669013585783,0.27252492552163954,0.27295716549778515
BBVI--STL,1.8211346381576727,0.2729349816940999,0.27251454879200543,0.2734597392685278
BBVI--STL,1.8290338881779464,0.2722832164582049,0.27222365572860796,0.27291838333931634
BBVI--STL,1.845327956718393,0.2727784146801405,0.2721126893982221,0.2732256416510592
BBVI--STL,1.848905886639841,0.2724633859183438,0.27230094867307103,0.2731579075124321
BBVI--STL,1.8524983566603623,0.2724587348171676,0.27211990510002104,0.273115305042911
BBVI--STL,1.8560480267042292,0.2726501240428813,0.271994199573538,0.2728280932737742
BBVI--STL,1.8597374166711236,0.2727546275821864,0.2717759635903232,0.27316115896186793
BBVI--STL,1.8634801065782085,0.2724518391341133,0.2711509113669713,0.2728710124481454
BBVI--STL,1.867334806593135,0.2728594374836826,0.2721505591823219,0.2732495544078252
BBVI--STL,1.870289566577412,0.2729530030942614,0.2724932697192078,0.2731448967251207
BBVI--STL,1.8743647966184651,0.2729269523028094,0.27239343975090197,0.27317797213109196
BBVI--STL,1.878273156704381,0.2730500485364853,0.2724313796930404,0.2734622530521088
BBVI--STL,1.8829735367326064,0.2728505736673811,0.27224113375841963,0.2731618973538343
BBVI--STL,1.8865071656764485,0.2727995227571849,0.2723856510472161,0.2732566941383712
BBVI--STL,1.8900003957096487,0.2728670034702435,0.2723503024785677,0.2728726481729698
BBVI--STL,1.8935207556933165,0.272555323669552,0.2721471430174375,0.27260393133682875
BBVI--STL,1.8970845356816424,0.2723826156161822,0.27165193486917855,0.2728962133489758
BBVI--STL,1.9005714256782085,0.2727638350955984,0.2716572490369065,0.27344424664560746
BBVI--STL,1.9041571557172572,0.2725541626046534,0.2713113475054265,0.27293247224525186
BBVI--STL,1.9121545057278129,0.2723530409737487,0.27163736974364605,0.27304855344321993
BBVI--STL,1.91574029577896,0.2723681128641991,0.27130515760066004,0.27348745020344106
BBVI--STL,1.9194677757914176,0.272459577065983,0.2713834431350292,0.2733245285648834
BBVI--STL,1.9232757357531227,0.2721987695073605,0.2717938017924567,0.27365741030652957
BBVI--STL,1.927212164737284,0.272273056324745,0.2719487553038961,0.2729720103024565
BBVI--STL,1.9308059246977791,0.2722991167216574,0.27205220732348834,0.2724376065916023
BBVI--STL,1.9343761247582731,0.2722050605924028,0.2717059709090329,0.2726995188079573
BBVI--STL,1.937948184844572,0.2725284100482102,0.27214506217546974,0.2725996658087606
BBVI--STL,1.941698064794764,0.272599546698241,0.2720593564316997,0.2731623162227287
BBVI--STL,1.945291614800226,0.2723094063331336,0.2718654708268396,0.27267819593694287
BBVI--STL,1.9487597548868507,0.2723473399380828,0.2720915130584345,0.273085585691986
BBVI--STL,1.952317994844634,0.2725129466722688,0.27177304159804744,0.2730137333351148
BBVI--STL,1.958615073817782,0.2721649482350097,0.2714678954460916,0.27307843719359826
BBVI--STL,1.9658855637535453,0.2721579843574385,0.27204208205834063,0.2734202851580183
BBVI--STL,1.969468523806427,0.2730755962934558,0.2725115989842597,0.2736489332591642
BBVI--STL,1.9724239838542417,0.2725305776218633,0.27252720673545866,0.2735025613242674
BBVI--STL,1.975422802963294,0.2727237090806118,0.2722347804522822,0.2730181163969316
BBVI--STL,1.9790196529356765,0.272915625802255,0.2728021822506157,0.2732823624322237
BBVI--STL,1.982547292020172,0.2728790541982078,0.2724736093617586,0.2731488995456528
BBVI--STL,1.986207631940488,0.2730989076558288,0.2722667481588246,0.27381019989530636
BBVI--STL,1.9899395619286224,0.2730075786766778,0.2718372585858271,0.2733166337373739
BBVI--STL,1.993654091958888,0.2725738906418887,0.27199119881646405,0.2736175005390616
BBVI--STL,1.9975657719769515,0.2726840832691714,0.27168996310455584,0.27297955815578906
BBVI--STL,2.004985211999156,0.272409171986765,0.27190618622420226,0.2726706862845256
BBVI--STL,2.0085498619591817,0.2725781715240167,0.27224170276476145,0.2729856106955578
BBVI--STL,2.012229541898705,0.2727168548593161,0.2721954154385204,0.2730100385580229
BBVI--STL,2.0157779819564894,0.2722647243752603,0.2720134051078802,0.27335790645142827
BBVI--STL,2.0193628119886853,0.2726098993874355,0.272483842040897,0.27281087277636606
BBVI--STL,2.023005481925793,0.2728388722481737,0.2724950510631546,0.27347837496983846
BBVI--STL,2.02666261192644,0.2728859276496715,0.272509587652962,0.2731152981489117
BBVI--STL,2.030158881796524,0.2723001056848727,0.27202338569819007,0.2735127169403599
BBVI--STL,2.033681961824186,0.2728622275729536,0.2724392808926711,0.27315934675953324
BBVI--STL,2.0372402119101025,0.2726227280775513,0.27225620104828807,0.27385658639845745
BBVI--STL,2.0463035707944077,0.2726209050322888,0.2723175587616034,0.2735993488707491
BBVI--STL,2.049776690837461,0.2727848439371742,0.2726073949002989,0.27364730088330314
BBVI--STL,2.057395470736082,0.2729482180137479,0.27279504194101634,0.2730247643684793
BBVI--STL,2.0609273707377724,0.2726157662232312,0.27220244199714,0.2730549651753502
BBVI--STL,2.0647832407266837,0.2725062520199283,0.27207404090495446,0.2731688209996914
BBVI--STL,2.0685273107374087,0.2726721494119538,0.27232105987492083,0.27294978139983317
BBVI--STL,2.072247180796694,0.2723958658546884,0.27200108877644097,0.2728899879237011
BBVI--STL,2.0758510007872246,0.2723910968834371,0.27172987852873254,0.273048387056942
BBVI--STL,2.079466000839602,0.2725709782889777,0.27191374737313284,0.2732688481188027
BBVI--STL,2.082943620858714,0.2723044289065346,0.2714457779769519,0.27289352533584915
BBVI--STL,2.086447010864504,0.2730079880207964,0.2713651126704187,0.2732492579551932
BBVI--STL,2.0899497309001163,0.272909366799482,0.27199349608844275,0.2730817843566117
BBVI--STL,2.0934622909408063,0.2726282756317835,0.27241831195400434,0.2733681250690228
BBVI--STL,2.0969987108837813,0.2725400230583572,0.2721890674904411,0.2728275009841372
BBVI--STL,2.100578670972027,0.2728088879916908,0.2724526092356446,0.2733356287555181
BBVI--STL,2.104088170977775,0.2729899993202795,0.27241776030471054,0.2734279508011249
BBVI--STL,2.10767759999726,0.2729938000666495,0.2724006572359207,0.27307610110914254
BBVI--STL,2.1112720600212924,0.2723534883487443,0.27163020749153827,0.2731172351420507
BBVI--STL,2.1148185590282083,0.2724620297260375,0.27204061460906986,0.2732243560269563
BBVI--STL,2.1184503190452237,0.272249141289338,0.2716604322853359,0.27247490189136786
BBVI--STL,2.121992508065887,0.2722654153926313,0.27173414063136386,0.27277444461766553
BBVI--STL,2.125498248147778,0.2728128577012751,0.27213714532318145,0.2733255603019755
BBVI--STL,2.129021038126666,0.2725486347118684,0.2722751551759829,0.2729115301099328
BBVI--STL,2.1326012480421923,0.272323906501179,0.2722410488019523,0.2729140738264877
BBVI--STL,2.13621350802714,0.2724882041078375,0.2717510074175915,0.2727817261464364
BBVI--STL,2.140264648012817,0.2723912226180796,0.27221165944763664,0.27314214373490003
BBVI--STL,2.1439742380171083,0.2725355693514724,0.2720907101485408,0.27304568805825963
BBVI--STL,2.1475413279840723,0.272892624252815,0.27255913352563177,0.2733824944701288
BBVI--STL,2.1505224478896707,0.2726159276767946,0.27241308024303373,0.2728692885504908
BBVI--STL,2.154096828016918,0.2719894109489622,0.2717907556868685,0.2735346679858436
BBVI--STL,2.157563138054684,0.2724661564560028,0.2718737423945803,0.2733210813024802
BBVI--STL,2.161040448118001,0.272296497913365,0.2719698398377387,0.2732051219688648
BBVI--STL,2.164543678110931,0.2727859759814202,0.27242051230844366,0.27286932708747147
BBVI--STL,2.168010088149458,0.2727842014570916,0.2721241646699777,0.27326524017980114
BBVI--STL,2.171463928185404,0.272761660033737,0.27201545045865805,0.27312629727163285
BBVI--STL,2.1780548482202,0.2726387607907796,0.2720971276217197,0.27302911009557485
BBVI--STL,2.18154172814684,0.2721289466177417,0.271993935914976,0.2731850784684312
BBVI--STL,2.185042258352041,0.2726105771150129,0.27158111659454115,0.2730511091681052
BBVI--STL,2.1886421483941376,0.272438450350056,0.27204439026341815,0.27289695105233863
BBVI--STL,2.192357058462221,0.2726882633239562,0.2719911050794507,0.27296022725352154
BBVI--STL,2.1958998884656467,0.2728825725453698,0.27252497536958203,0.2731377009162002
BBVI--STL,2.1994367984007117,0.2729008362334917,0.27209045224339123,0.2731522582826374
BBVI--STL,2.2031567184021696,0.272366294215301,0.2723147306690893,0.27305255877573054
BBVI--STL,2.2069852484273724,0.2726565402319584,0.27246763847471805,0.27327791203044327
BBVI--STL,2.2108058784506284,0.2723961551670842,0.27197315097906316,0.2737235915194497
BBVI--STL,2.214503598457668,0.2727563889323924,0.2724288509946664,0.27304477025604384
BBVI--STL,2.2175060684094205,0.2726852512077694,0.27220884493895425,0.2730688930837174
BBVI--STL,2.2207099274382927,0.2728266665471274,0.27220993541334687,0.2730327569958186
BBVI--STL,2.2243080474436283,0.2725080300569286,0.2718938265669117,0.27282950171732634
BBVI--STL,2.227837416343391,0.2731594530910231,0.27232666722749627,0.2734204743201564
BBVI--STL,2.231360176345333,0.2730459249034784,0.2726543553725656,0.27350680200275074
BBVI--STL,2.234830816334579,0.2729259469369865,0.2724334569725932,0.2731178486548081
BBVI--STL,2.2383162362966686,0.2726841511926304,0.272390309498785,0.2730544870646408
BBVI--STL,2.241790116298944,0.2727526243567828,0.2723329733558778,0.27293376005478603
BBVI--STL,2.245392616314348,0.2727958989023082,0.2725117198317867,0.27301375632163616
BBVI--STL,2.248917836288456,0.2726690841874444,0.272241068340521,0.2729154717203717
BBVI--STL,2.252527456264943,0.2733074641282828,0.2718254295355301,0.2736739011278887
BBVI--STL,2.256234896252863,0.2723712453705622,0.2723479221645327,0.2736150179579871
BBVI--STL,2.2597345362300985,0.2730031108299469,0.27228153646281794,0.2732877548971026
BBVI--STL,2.2632642362150364,0.2726672403021082,0.2718551461908345,0.27347338078823913
BBVI--STL,2.2667768461978994,0.272484412465349,0.2717618424747252,0.2734734067579118
BBVI--STL,2.2704963760916144,0.2726224351940219,0.27163291975001247,0.2733727388174473
BBVI--STL,2.2742692962056026,0.27247485935812,0.27166201230888126,0.2733912852535998
BBVI--STL,2.277851766149979,0.2728249578590557,0.27246024952851283,0.27328595370625747
BBVI--STL,2.2815037461696197,0.2729900814749615,0.27223433249323925,0.2735630217879886
BBVI--STL,2.285090066201519,0.2728348160011993,0.27229571321570406,0.2735092746196822
BBVI--STL,2.2932873562094755,0.2727823498548934,0.27262665579860373,0.2732867701250291
BBVI--STL,2.302753305179067,0.2727178754707705,0.27253993272767213,0.2737556626123462
BBVI--STL,2.3094952952233143,0.2729628344631447,0.2724500670111333,0.273298570889671
BBVI--STL,2.3161074751405977,0.2728689681469318,0.272031799231016,0.27351249898454366
BBVI--STL,2.3195634251460437,0.2727183060325614,0.2721767354827652,0.27341595607944286
BBVI--STL,2.3230834351852536,0.2730090377785159,0.2725924215066687,0.2742640704043729
BBVI--STL,2.326727835170459,0.2726716613982463,0.27224658823572717,0.2732380733369583
BBVI--STL,2.3302413151832297,0.2723613333313019,0.2718890380528826,0.2727646626925343
BBVI--STL,2.3336802052217536,0.2726146005810512,0.27224313632646935,0.2727607732818469
BBVI--STL,2.337150065228343,0.2725363741640998,0.272399365236581,0.2729982651313124
BBVI--STL,2.3406272352440283,0.2726923594351753,0.2724348916634218,0.273333331380469
BBVI--STL,2.34414578526048,0.2729985284435333,0.27235937353979606,0.27324936353705814
BBVI--STL,2.347706785250921,0.2729445860495444,0.2722288761393757,0.2731167352105984
BBVI--STL,2.3512164652347565,0.2727030662840186,0.2725901276961979,0.27339869265604083
BBVI--STL,2.354859525279608,0.2731313405071956,0.2719486883217761,0.27317046012344826
BBVI--STL,2.358404274273198,0.2723097536323902,0.2719626251276931,0.2725443446448877
BBVI--STL,2.3618536943686195,0.272698191368231,0.27227744927833436,0.27307969555687595
BBVI--STL,2.365335523383692,0.272301787513806,0.27175274833515545,0.27272463650710377
BBVI--STL,2.3686591633595526,0.2723675627784714,0.27191595127632134,0.27285687812571685
BBVI--STL,2.371612063376233,0.2723461477381208,0.27207235861378837,0.27273495890567184
BBVI--STL,2.3749716535094194,0.2721727506824945,0.27190754552344854,0.27335249485348284
BBVI--STL,2.377855673490558,0.2728122743103159,0.2721796175567966,0.2732569954145847
BBVI--STL,2.381477272545453,0.2726720820480708,0.27220661856155354,0.2729462568753661
BBVI--STL,2.3850061324774288,0.272667569886911,0.27257816997529777,0.2728905940966912
BBVI--STL,2.3885035713901743,0.2727622717468925,0.27233074688148307,0.2731542742766034
BBVI--STL,2.3920012813759968,0.2728082103234177,0.272749968845203,0.27311648800228777
BBVI--STL,2.395476231351495,0.2728300553938838,0.27262241895512673,0.2728990923884636
BBVI--STL,2.398996461357456,0.272867753844487,0.2722579479585211,0.2731232481244133
BBVI--STL,2.402524051372893,0.272665179044833,0.2721977296778127,0.2738838931914892
BBVI--STL,2.408809971413575,0.27246772008378,0.27227233162362563,0.2727438589765127
BBVI--STL,2.412329041340854,0.2726094850464242,0.27252655222335387,0.2729116104953097
BBVI--STL,2.4158348112832755,0.2723650024182052,0.27191039998410393,0.27278152764909674
BBVI--STL,2.419649851333816,0.2729368407354892,0.2726471479957595,0.2730299579714221
BBVI--STL,2.4232953514438123,0.2725693118631756,0.27239726810103,0.2732405974813123
BBVI--STL,2.426934851508122,0.2727169583811994,0.27251142045552257,0.2732658120075069
BBVI--STL,2.4304860715637915,0.2723489297867651,0.272030801306336,0.27312002283332504
BBVI--STL,2.434067441558,0.2726983271930151,0.2725769304097674,0.27333428953410166
BBVI--STL,2.437569241563324,0.2726681302477469,0.2720458152274459,0.2732551566001559
BBVI--STL,2.441863301501144,0.2724653234680904,0.27167971231817495,0.27257784892631753
BBVI--STL,2.4458931714762,0.2723082361970897,0.27218705130711857,0.27292514760796305
BBVI--STL,2.450267971435096,0.2723041355227558,0.27205173066072674,0.27277115875814373
BBVI--STL,2.4542398614576086,0.2723593613752157,0.2719271728253947,0.2729255726256079
BBVI--STL,2.4586330714519136,0.2725555104651138,0.27217430065304316,0.27286223933987286
BBVI--STL,2.4625121114659123,0.2724717329941404,0.2722091047189479,0.27327283736692837
BBVI--STL,2.4668837204226293,0.2725911054315222,0.27212274511939655,0.2732334864593066
BBVI--STL,2.470908720395528,0.2727549885729522,0.27226441804972584,0.2735183886047191
BBVI--STL,2.47487215034198,0.2731544479042372,0.27248353836590333,0.2734483692762183
BBVI--STL,2.4784217003034428,0.2729120836318465,0.27251786808528294,0.2733902546021235
BBVI--STL,2.48253023030702,0.2732578175902731,0.27239021977547506,0.2733518226458675
BBVI--STL,2.487225940276403,0.2730833436273912,0.2723797218812906,0.27354074242424975
BBVI--STL,2.4913249503006227,0.2726576449208113,0.27221703803077374,0.2733904901094229
BBVI--STL,2.495243120356463,0.2725961265415796,0.2718978363229541,0.27349888718869714
BBVI--STL,2.4993004102725536,0.272183699596663,0.27206059355433815,0.27355788031784123
BBVI--STL,2.5032673902460374,0.2727587009332763,0.2724421864255209,0.2734125692954636
BBVI--STL,2.5075134302605875,0.2728254610481088,0.27219743937312346,0.27324675169761165
BBVI--STL,2.5110658702324145,0.2724841474874951,0.2720110948420444,0.2726509477694504
BBVI--STL,2.5147626702091657,0.2725449021709298,0.2723112379166536,0.2731749588378259
BBVI--STL,2.5183036002563317,0.2724973254372063,0.2718764280613466,0.2732968081257937
BBVI--STL,2.521821120230016,0.2729677703265369,0.2722463800851655,0.27332175037351486
BBVI--STL,2.525446950166952,0.2727242089353746,0.2722670389101537,0.2738460142678931
BBVI--STL,2.5354594502132386,0.273220598630396,0.27272965336977883,0.27351336026655754
BBVI--STL,2.5422163102193736,0.2724489465508231,0.27228054092051274,0.2728273457991838
BBVI--STL,2.553227969212457,0.2728919174283848,0.2724940816954955,0.2733637985752827
BBVI--STL,2.556776779238134,0.2728482936436072,0.2721532943548967,0.2729623631890079
BBVI--STL,2.566488209180534,0.2727588578414187,0.2720026929579861,0.27299842571899735
BBVI--STL,2.570043449173681,0.272689388364531,0.2722942018016735,0.27303098863949166
BBVI--STL,2.573630139348097,0.2724099038327112,0.27176963242579416,0.272974417856227
BBVI--STL,2.577190949290525,0.2724180548668541,0.27196245156485427,0.27320177795519157
BBVI--STL,2.580152849375736,0.2723354884870863,0.27178602672383667,0.27316966529628217
Laplace,0.0082208790117874,0.2828311982119235,0.2828311982119235,0.2828311982119235
