job_id,method,iteration,flow_time,step_size,normalized_gap,resolution_floor
F2global_d50_k100_rho1,FR--R,0.0,0.0,0.9592639054196634,1.0,5.4195571679274444e-14
F2global_d50_k100_rho1,FR--R,1.0,0.9592639054196634,0.9592639054196634,0.013058193271658497,5.4195571679274444e-14
F2global_d50_k100_rho1,FR--R,2.0,1.9185278108393269,0.9592639054196634,0.0008169345685437676,5.4195571679274444e-14
F2global_d50_k100_rho1,FR--R,3.0,2.87779171625899,0.9592639054196634,9.845087404381245e-05,5.4195571679274444e-14
F2global_d50_k100_rho1,FR--R,4.0,3.8370556216786538,0.9592639054196634,1.315069913304616e-05,5.4195571679274444e-14
F2global_d50_k100_rho1,FR--R,5.0,4.796319527098317,0.9592639054196634,1.828006097861823e-06,5.4195571679274444e-14
F2global_d50_k100_rho1,FR--R,6.0,5.75558343251798,0.9592639054196634,2.5925566293981217e-07,5.4195571679274444e-14
F2global_d50_k100_rho1,FR--R,7.0,6.714847337937644,0.9592639054196634,3.719809505690241e-08,5.4195571679274444e-14
F2global_d50_k100_rho1,FR--R,8.0,7.6741112433573075,0.9592639054196634,5.377181157744405e-09,5.4195571679274444e-14
F2global_d50_k100_rho1,FR--R,9.0,8.63337514877697,0.9592639054196634,7.813634229684011e-10,5.4195571679274444e-14
F2global_d50_k100_rho1,FR--R,10.0,9.592639054196635,0.9592639054196634,1.1397575067659049e-10,5.4195571679274444e-14
F2global_d50_k100_rho1,FR--R,11.0,10.551902959616298,0.9592639054196634,1.6677455466758544e-11,5.4195571679274444e-14
F2global_d50_k100_rho1,FR--R,12.0,11.51116686503596,0.9592639054196634,2.4449593132581766e-12,5.4195571679274444e-14
F2global_d50_k100_rho1,FR--R,13.0,12.470430770455625,0.9592639054196634,3.596615211442759e-13,5.4195571679274444e-14
F2global_d50_k100_rho1,FR--R,14.0,13.429694675875288,0.9592639054196634,5.4195571679274444e-14,5.4195571679274444e-14
F2global_d50_k100_rho1,FR--R,15.0,14.388958581294952,0.9592639054196634,2.4634350763306566e-15,5.4195571679274444e-14
F2global_d50_k100_rho1,FR--R,16.0,15.348222486714615,0.9592639054196634,0.0,5.4195571679274444e-14
F2global_d50_k100_rho1,FR--R,17.0,16.30748639213428,0.9592639054196634,-2.4634350763306566e-15,5.4195571679274444e-14
F2global_d50_k100_rho1,FR--R,18.0,17.26675029755394,0.9592639054196634,-2.4634350763306566e-15,5.4195571679274444e-14
F2global_d50_k100_rho1,FR--R,19.0,18.226014202973605,0.9592639054196634,2.4634350763306566e-15,5.4195571679274444e-14
F2global_d50_k100_rho1,FR--R,20.0,19.18527810839327,0.9592639054196634,1.2317175381653283e-15,5.4195571679274444e-14
F2global_d50_k100_rho1,FR--R,21.0,20.14454201381293,0.9592639054196634,-1.2317175381653283e-15,5.4195571679274444e-14
F2global_d50_k100_rho1,FR--R,22.0,21.103805919232595,0.9592639054196634,-1.2317175381653283e-15,5.4195571679274444e-14
F2global_d50_k100_rho1,FR--R,23.0,22.06306982465226,0.9592639054196634,-3.695152614495985e-15,5.4195571679274444e-14
F2global_d50_k100_rho1,FR--R,24.0,23.02233373007192,0.9592639054196634,1.2317175381653283e-15,5.4195571679274444e-14
F2global_d50_k100_rho1,FR--R,25.0,23.981597635491585,0.9592639054196634,0.0,5.4195571679274444e-14
F2global_d50_k100_rho1,FR--R,26.0,24.94086154091125,0.9592639054196634,0.0,5.4195571679274444e-14
F2global_d50_k100_rho1,FR--R,27.0,25.900125446330915,0.9592639054196634,1.2317175381653283e-15,5.4195571679274444e-14
F2global_d50_k100_rho1,FR--R,28.0,26.859389351750576,0.9592639054196634,1.2317175381653283e-15,5.4195571679274444e-14
F2global_d50_k100_rho1,FR--R,29.0,27.81865325717024,0.9592639054196634,2.4634350763306566e-15,5.4195571679274444e-14
F2global_d50_k100_rho1,FR--R,30.0,28.777917162589905,0.9592639054196634,0.0,5.4195571679274444e-14
F2global_d50_k100_rho1,FR--R,31.0,29.737181068009566,0.9592639054196634,2.4634350763306566e-15,5.4195571679274444e-14
F2global_d50_k100_rho1,FR--R,32.0,30.69644497342923,0.9592639054196634,0.0,5.4195571679274444e-14
F2global_d50_k100_rho1,FR--R,33.0,31.655708878848895,0.9592639054196634,1.2317175381653283e-15,5.4195571679274444e-14
F2global_d50_k100_rho1,FR--R,34.0,32.61497278426856,0.9592639054196634,0.0,5.4195571679274444e-14
F2global_d50_k100_rho1,FR--R,35.0,33.57423668968822,0.9592639054196634,-1.2317175381653283e-15,5.4195571679274444e-14
F2global_d50_k100_rho1,FR--R,36.0,34.53350059510788,0.9592639054196634,0.0,5.4195571679274444e-14
F2global_d50_k100_rho1,FR--R,37.0,35.49276450052755,0.9592639054196634,1.2317175381653283e-15,5.4195571679274444e-14
F2global_d50_k100_rho1,FR--R,38.0,36.45202840594721,0.9592639054196634,0.0,5.4195571679274444e-14
F2global_d50_k100_rho1,FR--R,39.0,37.41129231136687,0.9592639054196634,1.2317175381653283e-15,5.4195571679274444e-14
F2global_d50_k100_rho1,FR--R,40.0,38.37055621678654,0.9592639054196634,1.2317175381653283e-15,5.4195571679274444e-14
F2global_d50_k100_rho1,FR--R,41.0,39.3298201222062,0.9592639054196634,0.0,5.4195571679274444e-14
F2global_d50_k100_rho1,FR--R,42.0,40.28908402762586,0.9592639054196634,0.0,5.4195571679274444e-14
F2global_d50_k100_rho1,FR--R,43.0,41.24834793304553,0.9592639054196634,-1.2317175381653283e-15,5.4195571679274444e-14
F2global_d50_k100_rho1,FR--R,44.0,42.20761183846519,0.9592639054196634,-1.2317175381653283e-15,5.4195571679274444e-14
F2global_d50_k100_rho1,FR--R,45.0,43.16687574388485,0.9592639054196634,0.0,5.4195571679274444e-14
F2global_d50_k100_rho1,FR--R,46.0,44.12613964930452,0.9592639054196634,1.2317175381653283e-15,5.4195571679274444e-14
F2global_d50_k100_rho1,FR--R,47.0,45.08540355472418,0.9592639054196634,0.0,5.4195571679274444e-14
F2global_d50_k100_rho1,FR--R,48.0,46.04466746014384,0.9592639054196634,2.4634350763306566e-15,5.4195571679274444e-14
F2global_d50_k100_rho1,FR--R,49.0,47.00393136556351,0.9592639054196634,0.0,5.4195571679274444e-14
F2global_d50_k100_rho1,FR--R,50.0,47.96319527098317,0.9592639054196634,0.0,5.4195571679274444e-14
F2global_d50_k100_rho1,FR--R,51.0,48.92245917640284,0.9592639054196634,-2.4634350763306566e-15,5.4195571679274444e-14
F2global_d50_k100_rho1,FR--R,52.0,49.8817230818225,0.9592639054196634,0.0,5.4195571679274444e-14
F2global_d50_k100_rho1,FR--R,53.0,50.84098698724216,0.9592639054196634,2.4634350763306566e-15,5.4195571679274444e-14
F2global_d50_k100_rho1,FR--R,54.0,51.80025089266183,0.9592639054196634,0.0,5.4195571679274444e-14
F2global_d50_k100_rho1,FR--R,55.0,52.75951479808149,0.9592639054196634,0.0,5.4195571679274444e-14
F2global_d50_k100_rho1,FR--R,56.0,53.71877870350115,0.9592639054196634,0.0,5.4195571679274444e-14
F2global_d50_k100_rho1,FR--R,57.0,54.67804260892082,0.9592639054196634,1.2317175381653283e-15,5.4195571679274444e-14
F2global_d50_k100_rho1,FR--R,58.0,55.63730651434048,0.9592639054196634,0.0,5.4195571679274444e-14
F2global_d50_k100_rho1,FR--R,59.0,56.59657041976014,0.9592639054196634,0.0,5.4195571679274444e-14
F2global_d50_k100_rho1,FR--R,60.0,57.55583432517981,0.9592639054196634,0.0,5.4195571679274444e-14
F2global_d50_k100_rho1,FR--R,61.0,58.51509823059947,0.9592639054196634,1.2317175381653283e-15,5.4195571679274444e-14
F2global_d50_k100_rho1,FR--R,62.0,59.47436213601913,0.9592639054196634,-1.2317175381653283e-15,5.4195571679274444e-14
F2global_d50_k100_rho1,FR--R,63.0,60.4336260414388,0.9592639054196634,2.4634350763306566e-15,5.4195571679274444e-14
F2global_d50_k100_rho1,FR--R,64.0,61.39288994685846,0.9592639054196634,1.2317175381653283e-15,5.4195571679274444e-14
F2global_d50_k100_rho1,FR--R,65.0,62.35215385227812,0.9592639054196634,0.0,5.4195571679274444e-14
F2global_d50_k100_rho1,FR--R,66.0,63.31141775769779,0.9592639054196634,0.0,5.4195571679274444e-14
F2global_d50_k100_rho1,FR--R,67.0,64.27068166311746,0.9592639054196634,-1.2317175381653283e-15,5.4195571679274444e-14
F2global_d50_k100_rho1,FR--R,68.0,65.22994556853712,0.9592639054196634,2.4634350763306566e-15,5.4195571679274444e-14
F2global_d50_k100_rho1,FR--R,69.0,66.18920947395678,0.9592639054196634,0.0,5.4195571679274444e-14
F2global_d50_k100_rho1,FR--R,70.0,67.14847337937644,0.9592639054196634,-1.2317175381653283e-15,5.4195571679274444e-14
F2global_d50_k100_rho1,FR--R,71.0,68.1077372847961,0.9592639054196634,1.2317175381653283e-15,5.4195571679274444e-14
F2global_d50_k100_rho1,FR--R,72.0,69.06700119021576,0.9592639054196634,-1.2317175381653283e-15,5.4195571679274444e-14
F2global_d50_k100_rho1,FR--R,73.0,70.02626509563544,0.9592639054196634,-1.2317175381653283e-15,5.4195571679274444e-14
F2global_d50_k100_rho1,FR--R,74.0,70.9855290010551,0.9592639054196634,-1.2317175381653283e-15,5.4195571679274444e-14
F2global_d50_k100_rho1,FR--R,75.0,71.94479290647476,0.9592639054196634,0.0,5.4195571679274444e-14
F2global_d50_k100_rho1,FR--R,76.0,72.90405681189442,0.9592639054196634,1.2317175381653283e-15,5.4195571679274444e-14
F2global_d50_k100_rho1,FR--R,77.0,73.86332071731408,0.9592639054196634,0.0,5.4195571679274444e-14
F2global_d50_k100_rho1,FR--R,78.0,74.82258462273374,0.9592639054196634,2.4634350763306566e-15,5.4195571679274444e-14
F2global_d50_k100_rho1,FR--R,79.0,75.78184852815342,0.9592639054196634,0.0,5.4195571679274444e-14
F2global_d50_k100_rho1,FR--R,80.0,76.74111243357308,0.9592639054196634,-1.2317175381653283e-15,5.4195571679274444e-14
F2global_d50_k100_rho1,FR--R,81.0,77.70037633899274,0.9592639054196634,1.2317175381653283e-15,5.4195571679274444e-14
F2global_d50_k100_rho1,FR--R,82.0,78.6596402444124,0.9592639054196634,2.4634350763306566e-15,5.4195571679274444e-14
F2global_d50_k100_rho1,FR--R,83.0,79.61890414983206,0.9592639054196634,1.2317175381653283e-15,5.4195571679274444e-14
F2global_d50_k100_rho1,FR--R,84.0,80.57816805525172,0.9592639054196634,3.695152614495985e-15,5.4195571679274444e-14
F2global_d50_k100_rho1,FR--R,85.0,81.5374319606714,0.9592639054196634,0.0,5.4195571679274444e-14
F2global_d50_k100_rho1,FR--R,86.0,82.49669586609106,0.9592639054196634,1.2317175381653283e-15,5.4195571679274444e-14
F2global_d50_k100_rho1,FR--R,87.0,83.45595977151072,0.9592639054196634,0.0,5.4195571679274444e-14
F2global_d50_k100_rho1,FR--R,88.0,84.41522367693038,0.9592639054196634,0.0,5.4195571679274444e-14
F2global_d50_k100_rho1,FR--R,89.0,85.37448758235004,0.9592639054196634,0.0,5.4195571679274444e-14
F2global_d50_k100_rho1,FR--R,90.0,86.3337514877697,0.9592639054196634,-2.4634350763306566e-15,5.4195571679274444e-14
F2global_d50_k100_rho1,FR--R,91.0,87.29301539318938,0.9592639054196634,-2.4634350763306566e-15,5.4195571679274444e-14
F2global_d50_k100_rho1,FR--R,92.0,88.25227929860904,0.9592639054196634,0.0,5.4195571679274444e-14
F2global_d50_k100_rho1,FR--R,93.0,89.2115432040287,0.9592639054196634,-1.2317175381653283e-15,5.4195571679274444e-14
F2global_d50_k100_rho1,FR--R,94.0,90.17080710944836,0.9592639054196634,-1.2317175381653283e-15,5.4195571679274444e-14
F2global_d50_k100_rho1,FR--R,95.0,91.13007101486802,0.9592639054196634,0.0,5.4195571679274444e-14
F2global_d50_k100_rho1,FR--R,96.0,92.08933492028768,0.9592639054196634,2.4634350763306566e-15,5.4195571679274444e-14
F2global_d50_k100_rho1,FR--R,97.0,93.04859882570736,0.9592639054196634,2.4634350763306566e-15,5.4195571679274444e-14
F2global_d50_k100_rho1,FR--R,98.0,94.00786273112702,0.9592639054196634,1.2317175381653283e-15,5.4195571679274444e-14
F2global_d50_k100_rho1,FR--R,99.0,94.96712663654668,0.9592639054196634,1.2317175381653283e-15,5.4195571679274444e-14
F2global_d50_k100_rho1,FR--R,100.0,95.92639054196634,0.9592639054196634,-1.2317175381653283e-15,5.4195571679274444e-14
F2global_d50_k100_rho1,FR--R,101.0,96.885654447386,0.9592639054196634,1.2317175381653283e-15,5.4195571679274444e-14
F2global_d50_k100_rho1,FR--R,102.0,97.84491835280568,0.9592639054196634,-1.2317175381653283e-15,5.4195571679274444e-14
F2global_d50_k100_rho1,FR--R,103.0,98.80418225822534,0.9592639054196634,-2.4634350763306566e-15,5.4195571679274444e-14
F2global_d50_k100_rho1,FR--R,104.0,99.763446163645,0.9592639054196634,0.0,5.4195571679274444e-14
F2global_d50_k100_rho1,FR--R,105.0,100.72271006906466,0.9592639054196634,2.4634350763306566e-15,5.4195571679274444e-14
F2global_d50_k100_rho1,FR--R,106.0,101.68197397448432,0.9592639054196634,0.0,5.4195571679274444e-14
F2global_d50_k100_rho1,FR--R,107.0,102.64123787990398,0.9592639054196634,0.0,5.4195571679274444e-14
F2global_d50_k100_rho1,FR--R,108.0,103.60050178532366,0.9592639054196634,0.0,5.4195571679274444e-14
F2global_d50_k100_rho1,FR--R,109.0,104.55976569074332,0.9592639054196634,2.4634350763306566e-15,5.4195571679274444e-14
F2global_d50_k100_rho1,FR--R,110.0,105.51902959616298,0.9592639054196634,2.4634350763306566e-15,5.4195571679274444e-14
F2global_d50_k100_rho1,FR--R,111.0,106.47829350158264,0.9592639054196634,1.2317175381653283e-15,5.4195571679274444e-14
F2global_d50_k100_rho1,FR--R,112.0,107.4375574070023,0.9592639054196634,0.0,5.4195571679274444e-14
F2global_d50_k100_rho1,FR--R,113.0,108.39682131242196,0.9592639054196634,-2.4634350763306566e-15,5.4195571679274444e-14
F2global_d50_k100_rho1,FR--R,114.0,109.35608521784164,0.9592639054196634,1.2317175381653283e-15,5.4195571679274444e-14
F2global_d50_k100_rho1,FR--R,115.0,110.3153491232613,0.9592639054196634,0.0,5.4195571679274444e-14
F2global_d50_k100_rho1,FR--R,116.0,111.27461302868096,0.9592639054196634,0.0,5.4195571679274444e-14
F2global_d50_k100_rho1,FR--R,117.0,112.23387693410062,0.9592639054196634,-1.2317175381653283e-15,5.4195571679274444e-14
F2global_d50_k100_rho1,FR--R,118.0,113.19314083952028,0.9592639054196634,-2.4634350763306566e-15,5.4195571679274444e-14
F2global_d50_k100_rho1,FR--R,119.0,114.15240474493994,0.9592639054196634,0.0,5.4195571679274444e-14
F2global_d50_k100_rho1,FR--R,120.0,115.11166865035962,0.9592639054196634,0.0,5.4195571679274444e-14
F2global_d50_k100_rho1,FR--R,121.0,116.07093255577928,0.9592639054196634,-2.4634350763306566e-15,5.4195571679274444e-14
F2global_d50_k100_rho1,FR--R,122.0,117.03019646119894,0.9592639054196634,1.2317175381653283e-15,5.4195571679274444e-14
F2global_d50_k100_rho1,FR--R,123.0,117.9894603666186,0.9592639054196634,1.2317175381653283e-15,5.4195571679274444e-14
F2global_d50_k100_rho1,FR--R,124.0,118.94872427203826,0.9592639054196634,-1.2317175381653283e-15,5.4195571679274444e-14
F2global_d50_k100_rho1,FR--R,125.0,119.90798817745792,0.9592639054196634,-1.2317175381653283e-15,5.4195571679274444e-14
F2global_d50_k100_rho1,FR--R,126.0,120.8672520828776,0.9592639054196634,1.2317175381653283e-15,5.4195571679274444e-14
F2global_d50_k100_rho1,FR--R,127.0,121.82651598829726,0.9592639054196634,0.0,5.4195571679274444e-14
F2global_d50_k100_rho1,FR--R,128.0,122.78577989371692,0.9592639054196634,1.2317175381653283e-15,5.4195571679274444e-14
F2global_d50_k100_rho1,FR--R,129.0,123.74504379913658,0.9592639054196634,0.0,5.4195571679274444e-14
F2global_d50_k100_rho1,FR--R,130.0,124.70430770455624,0.9592639054196634,0.0,5.4195571679274444e-14
F2global_d50_k100_rho1,FR--R,131.0,125.66357160997592,0.9592639054196634,-1.2317175381653283e-15,5.4195571679274444e-14
F2global_d50_k100_rho1,FR--R,132.0,126.62283551539558,0.9592639054196634,0.0,5.4195571679274444e-14
F2global_d50_k100_rho1,FR--R,133.0,127.58209942081524,0.9592639054196634,1.2317175381653283e-15,5.4195571679274444e-14
F2global_d50_k100_rho1,FR--R,134.0,128.54136332623492,0.9592639054196634,1.2317175381653283e-15,5.4195571679274444e-14
F2global_d50_k100_rho1,FR--R,135.0,129.50062723165456,0.9592639054196634,0.0,5.4195571679274444e-14
F2global_d50_k100_rho1,FR--R,136.0,130.45989113707424,0.9592639054196634,1.2317175381653283e-15,5.4195571679274444e-14
F2global_d50_k100_rho1,FR--R,137.0,131.41915504249388,0.9592639054196634,-1.2317175381653283e-15,5.4195571679274444e-14
F2global_d50_k100_rho1,FR--R,138.0,132.37841894791356,0.9592639054196634,2.4634350763306566e-15,5.4195571679274444e-14
F2global_d50_k100_rho1,FR--R,139.0,133.3376828533332,0.9592639054196634,0.0,5.4195571679274444e-14
F2global_d50_k100_rho1,FR--R,140.0,134.29694675875288,0.9592639054196634,0.0,5.4195571679274444e-14
F2global_d50_k100_rho1,FR--R,141.0,135.25621066417256,0.9592639054196634,1.2317175381653283e-15,5.4195571679274444e-14
F2global_d50_k100_rho1,FR--R,142.0,136.2154745695922,0.9592639054196634,2.4634350763306566e-15,5.4195571679274444e-14
F2global_d50_k100_rho1,FR--R,143.0,137.17473847501188,0.9592639054196634,0.0,5.4195571679274444e-14
F2global_d50_k100_rho1,FR--R,144.0,138.13400238043153,0.9592639054196634,0.0,5.4195571679274444e-14
F2global_d50_k100_rho1,FR--R,145.0,139.0932662858512,0.9592639054196634,2.4634350763306566e-15,5.4195571679274444e-14
F2global_d50_k100_rho1,FR--R,146.0,140.05253019127088,0.9592639054196634,-1.2317175381653283e-15,5.4195571679274444e-14
F2global_d50_k100_rho1,FR--R,147.0,141.01179409669052,0.9592639054196634,-2.4634350763306566e-15,5.4195571679274444e-14
F2global_d50_k100_rho1,FR--R,148.0,141.9710580021102,0.9592639054196634,-1.2317175381653283e-15,5.4195571679274444e-14
F2global_d50_k100_rho1,FR--R,149.0,142.93032190752984,0.9592639054196634,0.0,5.4195571679274444e-14
F2global_d50_k100_rho1,FR--R,150.0,143.88958581294952,0.9592639054196634,0.0,5.4195571679274444e-14
F2global_d50_k100_rho1,FR--R,151.0,144.84884971836917,0.9592639054196634,0.0,5.4195571679274444e-14
F2global_d50_k100_rho1,FR--R,152.0,145.80811362378884,0.9592639054196634,0.0,5.4195571679274444e-14
F2global_d50_k100_rho1,FR--R,153.0,146.76737752920852,0.9592639054196634,1.2317175381653283e-15,5.4195571679274444e-14
F2global_d50_k100_rho1,FR--R,154.0,147.72664143462816,0.9592639054196634,0.0,5.4195571679274444e-14
F2global_d50_k100_rho1,FR--R,155.0,148.68590534004784,0.9592639054196634,0.0,5.4195571679274444e-14
F2global_d50_k100_rho1,FR--R,156.0,149.64516924546749,0.9592639054196634,0.0,5.4195571679274444e-14
F2global_d50_k100_rho1,FR--R,157.0,150.60443315088716,0.9592639054196634,-2.4634350763306566e-15,5.4195571679274444e-14
F2global_d50_k100_rho1,FR--R,158.0,151.56369705630684,0.9592639054196634,0.0,5.4195571679274444e-14
F2global_d50_k100_rho1,FR--R,159.0,152.52296096172648,0.9592639054196634,0.0,5.4195571679274444e-14
F2global_d50_k100_rho1,FR--R,160.0,153.48222486714616,0.9592639054196634,-1.2317175381653283e-15,5.4195571679274444e-14
F2global_d50_k100_rho1,FR--R,161.0,154.4414887725658,0.9592639054196634,0.0,5.4195571679274444e-14
F2global_d50_k100_rho1,FR--R,162.0,155.40075267798548,0.9592639054196634,0.0,5.4195571679274444e-14
F2global_d50_k100_rho1,FR--R,163.0,156.36001658340516,0.9592639054196634,1.2317175381653283e-15,5.4195571679274444e-14
F2global_d50_k100_rho1,FR--R,164.0,157.3192804888248,0.9592639054196634,1.2317175381653283e-15,5.4195571679274444e-14
F2global_d50_k100_rho1,FR--R,165.0,158.27854439424448,0.9592639054196634,0.0,5.4195571679274444e-14
F2global_d50_k100_rho1,FR--R,166.0,159.23780829966412,0.9592639054196634,-1.2317175381653283e-15,5.4195571679274444e-14
F2global_d50_k100_rho1,FR--R,167.0,160.1970722050838,0.9592639054196634,-1.2317175381653283e-15,5.4195571679274444e-14
F2global_d50_k100_rho1,FR--R,168.0,161.15633611050345,0.9592639054196634,0.0,5.4195571679274444e-14
F2global_d50_k100_rho1,FR--R,169.0,162.11560001592312,0.9592639054196634,1.2317175381653283e-15,5.4195571679274444e-14
F2global_d50_k100_rho1,FR--R,170.0,163.0748639213428,0.9592639054196634,0.0,5.4195571679274444e-14
F2global_d50_k100_rho1,FR--R,171.0,164.03412782676244,0.9592639054196634,1.2317175381653283e-15,5.4195571679274444e-14
F2global_d50_k100_rho1,FR--R,172.0,164.99339173218212,0.9592639054196634,-1.2317175381653283e-15,5.4195571679274444e-14
F2global_d50_k100_rho1,FR--R,173.0,165.95265563760177,0.9592639054196634,-1.2317175381653283e-15,5.4195571679274444e-14
F2global_d50_k100_rho1,FR--R,174.0,166.91191954302144,0.9592639054196634,-1.2317175381653283e-15,5.4195571679274444e-14
F2global_d50_k100_rho1,FR--R,175.0,167.87118344844112,0.9592639054196634,0.0,5.4195571679274444e-14
F2global_d50_k100_rho1,FR--R,176.0,168.83044735386076,0.9592639054196634,-1.2317175381653283e-15,5.4195571679274444e-14
F2global_d50_k100_rho1,FR--R,177.0,169.78971125928044,0.9592639054196634,-1.2317175381653283e-15,5.4195571679274444e-14
F2global_d50_k100_rho1,FR--R,178.0,170.74897516470008,0.9592639054196634,1.2317175381653283e-15,5.4195571679274444e-14
F2global_d50_k100_rho1,FR--R,179.0,171.70823907011976,0.9592639054196634,1.2317175381653283e-15,5.4195571679274444e-14
F2global_d50_k100_rho1,FR--R,180.0,172.6675029755394,0.9592639054196634,1.2317175381653283e-15,5.4195571679274444e-14
F2global_d50_k100_rho1,FR--R,181.0,173.62676688095908,0.9592639054196634,-1.2317175381653283e-15,5.4195571679274444e-14
F2global_d50_k100_rho1,FR--R,182.0,174.58603078637876,0.9592639054196634,0.0,5.4195571679274444e-14
F2global_d50_k100_rho1,FR--R,183.0,175.5452946917984,0.9592639054196634,0.0,5.4195571679274444e-14
F2global_d50_k100_rho1,FR--R,184.0,176.50455859721808,0.9592639054196634,0.0,5.4195571679274444e-14
F2global_d50_k100_rho1,FR--R,185.0,177.46382250263773,0.9592639054196634,0.0,5.4195571679274444e-14
F2global_d50_k100_rho1,FR--R,186.0,178.4230864080574,0.9592639054196634,-1.2317175381653283e-15,5.4195571679274444e-14
F2global_d50_k100_rho1,FR--R,187.0,179.38235031347708,0.9592639054196634,0.0,5.4195571679274444e-14
F2global_d50_k100_rho1,FR--R,188.0,180.34161421889672,0.9592639054196634,1.2317175381653283e-15,5.4195571679274444e-14
F2global_d50_k100_rho1,FR--R,189.0,181.3008781243164,0.9592639054196634,0.0,5.4195571679274444e-14
F2global_d50_k100_rho1,FR--R,190.0,182.26014202973604,0.9592639054196634,1.2317175381653283e-15,5.4195571679274444e-14
F2global_d50_k100_rho1,FR--R,191.0,183.21940593515572,0.9592639054196634,0.0,5.4195571679274444e-14
F2global_d50_k100_rho1,FR--R,192.0,184.17866984057537,0.9592639054196634,1.2317175381653283e-15,5.4195571679274444e-14
F2global_d50_k100_rho1,FR--R,193.0,185.13793374599504,0.9592639054196634,-1.2317175381653283e-15,5.4195571679274444e-14
F2global_d50_k100_rho1,FR--R,194.0,186.09719765141472,0.9592639054196634,0.0,5.4195571679274444e-14
F2global_d50_k100_rho1,FR--R,195.0,187.05646155683436,0.9592639054196634,-1.2317175381653283e-15,5.4195571679274444e-14
F2global_d50_k100_rho1,FR--R,196.0,188.01572546225404,0.9592639054196634,-1.2317175381653283e-15,5.4195571679274444e-14
F2global_d50_k100_rho1,FR--R,197.0,188.9749893676737,0.9592639054196634,-1.2317175381653283e-15,5.4195571679274444e-14
F2global_d50_k100_rho1,FR--R,198.0,189.93425327309336,0.9592639054196634,-2.4634350763306566e-15,5.4195571679274444e-14
F2global_d50_k100_rho1,FR--R,199.0,190.89351717851304,0.9592639054196634,0.0,5.4195571679274444e-14
F2global_d50_k100_rho1,FR--R,200.0,191.85278108393268,0.9592639054196634,-2.4634350763306566e-15,5.4195571679274444e-14
F2global_d50_k100_rho1,FR--R,201.0,192.81204498935236,0.9592639054196634,0.0,5.4195571679274444e-14
F2global_d50_k100_rho1,FR--R,202.0,193.771308894772,0.9592639054196634,-1.2317175381653283e-15,5.4195571679274444e-14
F2global_d50_k100_rho1,FR--R,203.0,194.73057280019168,0.9592639054196634,0.0,5.4195571679274444e-14
F2global_d50_k100_rho1,FR--R,204.0,195.68983670561136,0.9592639054196634,1.2317175381653283e-15,5.4195571679274444e-14
F2global_d50_k100_rho1,FR--R,205.0,196.649100611031,0.9592639054196634,0.0,5.4195571679274444e-14
F2global_d50_k100_rho1,FR--R,206.0,197.60836451645068,0.9592639054196634,1.2317175381653283e-15,5.4195571679274444e-14
F2global_d50_k100_rho1,FR--R,207.0,198.56762842187032,0.9592639054196634,-1.2317175381653283e-15,5.4195571679274444e-14
F2global_d50_k100_rho1,FR--R,208.0,199.52689232729,0.9592639054196634,1.2317175381653283e-15,5.4195571679274444e-14
F2global_d50_k100_rho1,FR--R,209.0,200.48615623270965,0.9592639054196634,0.0,5.4195571679274444e-14
F2global_d50_k100_rho1,FR--R,210.0,201.44542013812932,0.9592639054196634,0.0,5.4195571679274444e-14
F2global_d50_k100_rho1,FR--R,211.0,202.404684043549,0.9592639054196634,-1.2317175381653283e-15,5.4195571679274444e-14
F2global_d50_k100_rho1,FR--R,212.0,203.36394794896864,0.9592639054196634,1.2317175381653283e-15,5.4195571679274444e-14
F2global_d50_k100_rho1,FR--R,213.0,204.32321185438832,0.9592639054196634,1.2317175381653283e-15,5.4195571679274444e-14
F2global_d50_k100_rho1,FR--R,214.0,205.28247575980797,0.9592639054196634,1.2317175381653283e-15,5.4195571679274444e-14
F2global_d50_k100_rho1,FR--R,215.0,206.24173966522764,0.9592639054196634,-2.4634350763306566e-15,5.4195571679274444e-14
F2global_d50_k100_rho1,FR--R,216.0,207.20100357064732,0.9592639054196634,-1.2317175381653283e-15,5.4195571679274444e-14
F2global_d50_k100_rho1,FR--R,217.0,208.16026747606696,0.9592639054196634,-1.2317175381653283e-15,5.4195571679274444e-14
F2global_d50_k100_rho1,FR--R,218.0,209.11953138148664,0.9592639054196634,1.2317175381653283e-15,5.4195571679274444e-14
F2global_d50_k100_rho1,FR--R,219.0,210.07879528690628,0.9592639054196634,0.0,5.4195571679274444e-14
F2global_d50_k100_rho1,FR--R,220.0,211.03805919232596,0.9592639054196634,0.0,5.4195571679274444e-14
F2global_d50_k100_rho1,FR--R,221.0,211.9973230977456,0.9592639054196634,0.0,5.4195571679274444e-14
F2global_d50_k100_rho1,FR--R,222.0,212.95658700316528,0.9592639054196634,-1.2317175381653283e-15,5.4195571679274444e-14
F2global_d50_k100_rho1,FR--R,223.0,213.91585090858496,0.9592639054196634,0.0,5.4195571679274444e-14
F2global_d50_k100_rho1,FR--R,224.0,214.8751148140046,0.9592639054196634,-1.2317175381653283e-15,5.4195571679274444e-14
F2global_d50_k100_rho1,FR--R,225.0,215.83437871942428,0.9592639054196634,1.2317175381653283e-15,5.4195571679274444e-14
F2global_d50_k100_rho1,FR--R,226.0,216.79364262484393,0.9592639054196634,1.2317175381653283e-15,5.4195571679274444e-14
F2global_d50_k100_rho1,FR--R,227.0,217.7529065302636,0.9592639054196634,-1.2317175381653283e-15,5.4195571679274444e-14
F2global_d50_k100_rho1,FR--R,228.0,218.71217043568328,0.9592639054196634,-1.2317175381653283e-15,5.4195571679274444e-14
F2global_d50_k100_rho1,FR--R,229.0,219.67143434110292,0.9592639054196634,0.0,5.4195571679274444e-14
F2global_d50_k100_rho1,FR--R,230.0,220.6306982465226,0.9592639054196634,1.2317175381653283e-15,5.4195571679274444e-14
F2global_d50_k100_rho1,FR--R,231.0,221.58996215194225,0.9592639054196634,0.0,5.4195571679274444e-14
F2global_d50_k100_rho1,FR--R,232.0,222.54922605736192,0.9592639054196634,0.0,5.4195571679274444e-14
F2global_d50_k100_rho1,FR--R,233.0,223.5084899627816,0.9592639054196634,-1.2317175381653283e-15,5.4195571679274444e-14
F2global_d50_k100_rho1,FR--R,234.0,224.46775386820124,0.9592639054196634,0.0,5.4195571679274444e-14
F2global_d50_k100_rho1,FR--R,235.0,225.42701777362092,0.9592639054196634,1.2317175381653283e-15,5.4195571679274444e-14
F2global_d50_k100_rho1,FR--R,236.0,226.38628167904056,0.9592639054196634,-1.2317175381653283e-15,5.4195571679274444e-14
F2global_d50_k100_rho1,FR--R,237.0,227.34554558446024,0.9592639054196634,1.2317175381653283e-15,5.4195571679274444e-14
F2global_d50_k100_rho1,FR--R,238.0,228.3048094898799,0.9592639054196634,1.2317175381653283e-15,5.4195571679274444e-14
F2global_d50_k100_rho1,FR--R,239.0,229.26407339529956,0.9592639054196634,0.0,5.4195571679274444e-14
F2global_d50_k100_rho1,FR--R,240.0,230.22333730071924,0.9592639054196634,1.2317175381653283e-15,5.4195571679274444e-14
F2global_d50_k100_rho1,FR--R,241.0,231.18260120613888,0.9592639054196634,1.2317175381653283e-15,5.4195571679274444e-14
F2global_d50_k100_rho1,FR--R,242.0,232.14186511155856,0.9592639054196634,-1.2317175381653283e-15,5.4195571679274444e-14
F2global_d50_k100_rho1,FR--R,243.0,233.1011290169782,0.9592639054196634,0.0,5.4195571679274444e-14
F2global_d50_k100_rho1,FR--R,244.0,234.06039292239788,0.9592639054196634,-1.2317175381653283e-15,5.4195571679274444e-14
F2global_d50_k100_rho1,FR--R,245.0,235.01965682781756,0.9592639054196634,0.0,5.4195571679274444e-14
F2global_d50_k100_rho1,FR--R,246.0,235.9789207332372,0.9592639054196634,0.0,5.4195571679274444e-14
F2global_d50_k100_rho1,FR--R,247.0,236.93818463865688,0.9592639054196634,1.2317175381653283e-15,5.4195571679274444e-14
F2global_d50_k100_rho1,FR--R,248.0,237.89744854407652,0.9592639054196634,0.0,5.4195571679274444e-14
F2global_d50_k100_rho1,FR--R,249.0,238.8567124494962,0.9592639054196634,-1.2317175381653283e-15,5.4195571679274444e-14
F2global_d50_k100_rho1,FR--R,250.0,239.81597635491585,0.9592639054196634,1.2317175381653283e-15,5.4195571679274444e-14
F2global_d50_k100_rho1,FR--R,251.0,240.77524026033552,0.9592639054196634,-2.4634350763306566e-15,5.4195571679274444e-14
F2global_d50_k100_rho1,FR--R,252.0,241.7345041657552,0.9592639054196634,0.0,5.4195571679274444e-14
F2global_d50_k100_rho1,FR--R,253.0,242.69376807117484,0.9592639054196634,2.4634350763306566e-15,5.4195571679274444e-14
F2global_d50_k100_rho1,FR--R,254.0,243.65303197659452,0.9592639054196634,0.0,5.4195571679274444e-14
F2global_d50_k100_rho1,FR--R,255.0,244.61229588201417,0.9592639054196634,-1.2317175381653283e-15,5.4195571679274444e-14
F2global_d50_k100_rho1,FR--R,256.0,245.57155978743384,0.9592639054196634,0.0,5.4195571679274444e-14
F2global_d50_k100_rho1,FR--R,257.0,246.53082369285352,0.9592639054196634,1.2317175381653283e-15,5.4195571679274444e-14
F2global_d50_k100_rho1,FR--R,258.0,247.49008759827316,0.9592639054196634,-1.2317175381653283e-15,5.4195571679274444e-14
F2global_d50_k100_rho1,FR--R,259.0,248.44935150369284,0.9592639054196634,1.2317175381653283e-15,5.4195571679274444e-14
F2global_d50_k100_rho1,FR--R,260.0,249.40861540911249,0.9592639054196634,0.0,5.4195571679274444e-14
F2global_d50_k100_rho1,FR--R,261.0,250.36787931453216,0.9592639054196634,2.4634350763306566e-15,5.4195571679274444e-14
F2global_d50_k100_rho1,FR--R,262.0,251.32714321995184,0.9592639054196634,1.2317175381653283e-15,5.4195571679274444e-14
F2global_d50_k100_rho1,FR--R,263.0,252.28640712537148,0.9592639054196634,1.2317175381653283e-15,5.4195571679274444e-14
F2global_d50_k100_rho1,FR--R,264.0,253.24567103079116,0.9592639054196634,0.0,5.4195571679274444e-14
F2global_d50_k100_rho1,FR--R,265.0,254.2049349362108,0.9592639054196634,1.2317175381653283e-15,5.4195571679274444e-14
F2global_d50_k100_rho1,FR--R,266.0,255.16419884163048,0.9592639054196634,0.0,5.4195571679274444e-14
F2global_d50_k100_rho1,FR--R,267.0,256.12346274705016,0.9592639054196634,0.0,5.4195571679274444e-14
F2global_d50_k100_rho1,FR--R,268.0,257.08272665246983,0.9592639054196634,0.0,5.4195571679274444e-14
F2global_d50_k100_rho1,FR--R,269.0,258.04199055788945,0.9592639054196634,1.2317175381653283e-15,5.4195571679274444e-14
F2global_d50_k100_rho1,FR--R,270.0,259.0012544633091,0.9592639054196634,2.4634350763306566e-15,5.4195571679274444e-14
F2global_d50_k100_rho1,FR--R,271.0,259.9605183687288,0.9592639054196634,1.2317175381653283e-15,5.4195571679274444e-14
F2global_d50_k100_rho1,FR--R,272.0,260.9197822741485,0.9592639054196634,1.2317175381653283e-15,5.4195571679274444e-14
F2global_d50_k100_rho1,FR--R,273.0,261.8790461795681,0.9592639054196634,-1.2317175381653283e-15,5.4195571679274444e-14
F2global_d50_k100_rho1,FR--R,274.0,262.83831008498777,0.9592639054196634,0.0,5.4195571679274444e-14
F2global_d50_k100_rho1,FR--R,275.0,263.79757399040744,0.9592639054196634,-1.2317175381653283e-15,5.4195571679274444e-14
F2global_d50_k100_rho1,FR--R,276.0,264.7568378958271,0.9592639054196634,2.4634350763306566e-15,5.4195571679274444e-14
F2global_d50_k100_rho1,FR--R,277.0,265.7161018012468,0.9592639054196634,2.4634350763306566e-15,5.4195571679274444e-14
F2global_d50_k100_rho1,FR--R,278.0,266.6753657066664,0.9592639054196634,1.2317175381653283e-15,5.4195571679274444e-14
F2global_d50_k100_rho1,FR--R,279.0,267.6346296120861,0.9592639054196634,1.2317175381653283e-15,5.4195571679274444e-14
F2global_d50_k100_rho1,FR--R,280.0,268.59389351750576,0.9592639054196634,0.0,5.4195571679274444e-14
F2global_d50_k100_rho1,FR--R,281.0,269.55315742292544,0.9592639054196634,0.0,5.4195571679274444e-14
F2global_d50_k100_rho1,FR--R,282.0,270.5124213283451,0.9592639054196634,2.4634350763306566e-15,5.4195571679274444e-14
F2global_d50_k100_rho1,FR--R,283.0,271.47168523376473,0.9592639054196634,2.4634350763306566e-15,5.4195571679274444e-14
F2global_d50_k100_rho1,FR--R,284.0,272.4309491391844,0.9592639054196634,0.0,5.4195571679274444e-14
F2global_d50_k100_rho1,FR--R,285.0,273.3902130446041,0.9592639054196634,1.2317175381653283e-15,5.4195571679274444e-14
F2global_d50_k100_rho1,FR--R,286.0,274.34947695002376,0.9592639054196634,0.0,5.4195571679274444e-14
F2global_d50_k100_rho1,FR--R,287.0,275.30874085544343,0.9592639054196634,1.2317175381653283e-15,5.4195571679274444e-14
F2global_d50_k100_rho1,FR--R,288.0,276.26800476086305,0.9592639054196634,2.4634350763306566e-15,5.4195571679274444e-14
F2global_d50_k100_rho1,FR--R,289.0,277.2272686662827,0.9592639054196634,-1.2317175381653283e-15,5.4195571679274444e-14
F2global_d50_k100_rho1,FR--R,290.0,278.1865325717024,0.9592639054196634,1.2317175381653283e-15,5.4195571679274444e-14
F2global_d50_k100_rho1,FR--R,291.0,279.1457964771221,0.9592639054196634,0.0,5.4195571679274444e-14
F2global_d50_k100_rho1,FR--R,292.0,280.10506038254175,0.9592639054196634,2.4634350763306566e-15,5.4195571679274444e-14
F2global_d50_k100_rho1,FR--R,293.0,281.06432428796137,0.9592639054196634,0.0,5.4195571679274444e-14
F2global_d50_k100_rho1,FR--R,294.0,282.02358819338104,0.9592639054196634,-1.2317175381653283e-15,5.4195571679274444e-14
F2global_d50_k100_rho1,FR--R,295.0,282.9828520988007,0.9592639054196634,1.2317175381653283e-15,5.4195571679274444e-14
F2global_d50_k100_rho1,FR--R,296.0,283.9421160042204,0.9592639054196634,1.2317175381653283e-15,5.4195571679274444e-14
F2global_d50_k100_rho1,FR--R,297.0,284.90137990964007,0.9592639054196634,-1.2317175381653283e-15,5.4195571679274444e-14
F2global_d50_k100_rho1,FR--R,298.0,285.8606438150597,0.9592639054196634,0.0,5.4195571679274444e-14
F2global_d50_k100_rho1,FR--R,299.0,286.81990772047936,0.9592639054196634,-1.2317175381653283e-15,5.4195571679274444e-14
F2global_d50_k100_rho1,FR--R,300.0,287.77917162589904,0.9592639054196634,1.2317175381653283e-15,5.4195571679274444e-14
F2global_d50_k100_rho1,FR--R,301.0,288.7384355313187,0.9592639054196634,0.0,5.4195571679274444e-14
F2global_d50_k100_rho1,FR--R,302.0,289.69769943673833,0.9592639054196634,-2.4634350763306566e-15,5.4195571679274444e-14
F2global_d50_k100_rho1,FR--R,303.0,290.656963342158,0.9592639054196634,0.0,5.4195571679274444e-14
F2global_d50_k100_rho1,FR--R,304.0,291.6162272475777,0.9592639054196634,-2.4634350763306566e-15,5.4195571679274444e-14
F2global_d50_k100_rho1,FR--R,305.0,292.57549115299736,0.9592639054196634,0.0,5.4195571679274444e-14
F2global_d50_k100_rho1,FR--R,306.0,293.53475505841703,0.9592639054196634,-1.2317175381653283e-15,5.4195571679274444e-14
F2global_d50_k100_rho1,FR--R,307.0,294.49401896383665,0.9592639054196634,0.0,5.4195571679274444e-14
F2global_d50_k100_rho1,FR--R,308.0,295.4532828692563,0.9592639054196634,0.0,5.4195571679274444e-14
F2global_d50_k100_rho1,FR--R,309.0,296.412546774676,0.9592639054196634,1.2317175381653283e-15,5.4195571679274444e-14
F2global_d50_k100_rho1,FR--R,310.0,297.3718106800957,0.9592639054196634,-1.2317175381653283e-15,5.4195571679274444e-14
F2global_d50_k100_rho1,FR--R,311.0,298.33107458551535,0.9592639054196634,0.0,5.4195571679274444e-14
F2global_d50_k100_rho1,FR--R,312.0,299.29033849093497,0.9592639054196634,1.2317175381653283e-15,5.4195571679274444e-14
F2global_d50_k100_rho1,FR--R,313.0,300.24960239635465,0.9592639054196634,-1.2317175381653283e-15,5.4195571679274444e-14
F2global_d50_k100_rho1,FR--R,314.0,301.2088663017743,0.9592639054196634,0.0,5.4195571679274444e-14
F2global_d50_k100_rho1,FR--R,315.0,302.168130207194,0.9592639054196634,1.2317175381653283e-15,5.4195571679274444e-14
F2global_d50_k100_rho1,FR--R,316.0,303.1273941126137,0.9592639054196634,2.4634350763306566e-15,5.4195571679274444e-14
F2global_d50_k100_rho1,FR--R,317.0,304.0866580180333,0.9592639054196634,-1.2317175381653283e-15,5.4195571679274444e-14
F2global_d50_k100_rho1,FR--R,318.0,305.04592192345297,0.9592639054196634,2.4634350763306566e-15,5.4195571679274444e-14
F2global_d50_k100_rho1,FR--R,319.0,306.00518582887264,0.9592639054196634,0.0,5.4195571679274444e-14
F2global_d50_k100_rho1,FR--R,320.0,306.9644497342923,0.9592639054196634,-1.2317175381653283e-15,5.4195571679274444e-14
F2global_d50_k100_rho1,FR--R,321.0,307.923713639712,0.9592639054196634,1.2317175381653283e-15,5.4195571679274444e-14
F2global_d50_k100_rho1,FR--R,322.0,308.8829775451316,0.9592639054196634,-1.2317175381653283e-15,5.4195571679274444e-14
F2global_d50_k100_rho1,FR--R,323.0,309.8422414505513,0.9592639054196634,1.2317175381653283e-15,5.4195571679274444e-14
F2global_d50_k100_rho1,FR--R,324.0,310.80150535597096,0.9592639054196634,-1.2317175381653283e-15,5.4195571679274444e-14
F2global_d50_k100_rho1,FR--R,325.0,311.76076926139064,0.9592639054196634,1.2317175381653283e-15,5.4195571679274444e-14
F2global_d50_k100_rho1,FR--R,326.0,312.7200331668103,0.9592639054196634,-1.2317175381653283e-15,5.4195571679274444e-14
F2global_d50_k100_rho1,FR--R,327.0,313.67929707222993,0.9592639054196634,0.0,5.4195571679274444e-14
F2global_d50_k100_rho1,FR--R,328.0,314.6385609776496,0.9592639054196634,-1.2317175381653283e-15,5.4195571679274444e-14
F2global_d50_k100_rho1,FR--R,329.0,315.5978248830693,0.9592639054196634,1.2317175381653283e-15,5.4195571679274444e-14
F2global_d50_k100_rho1,FR--R,330.0,316.55708878848895,0.9592639054196634,0.0,5.4195571679274444e-14
F2global_d50_k100_rho1,FR--R,331.0,317.5163526939086,0.9592639054196634,2.4634350763306566e-15,5.4195571679274444e-14
F2global_d50_k100_rho1,FR--R,332.0,318.47561659932825,0.9592639054196634,1.2317175381653283e-15,5.4195571679274444e-14
F2global_d50_k100_rho1,FR--R,333.0,319.4348805047479,0.9592639054196634,-1.2317175381653283e-15,5.4195571679274444e-14
F2global_d50_k100_rho1,FR--R,334.0,320.3941444101676,0.9592639054196634,2.4634350763306566e-15,5.4195571679274444e-14
F2global_d50_k100_rho1,FR--R,335.0,321.3534083155873,0.9592639054196634,0.0,5.4195571679274444e-14
F2global_d50_k100_rho1,FR--R,336.0,322.3126722210069,0.9592639054196634,0.0,5.4195571679274444e-14
F2global_d50_k100_rho1,FR--R,337.0,323.27193612642657,0.9592639054196634,0.0,5.4195571679274444e-14
F2global_d50_k100_rho1,FR--R,338.0,324.23120003184624,0.9592639054196634,0.0,5.4195571679274444e-14
F2global_d50_k100_rho1,FR--R,339.0,325.1904639372659,0.9592639054196634,-1.2317175381653283e-15,5.4195571679274444e-14
F2global_d50_k100_rho1,FR--R,340.0,326.1497278426856,0.9592639054196634,0.0,5.4195571679274444e-14
F2global_d50_k100_rho1,FR--R,341.0,327.1089917481052,0.9592639054196634,0.0,5.4195571679274444e-14
F2global_d50_k100_rho1,FR--R,342.0,328.0682556535249,0.9592639054196634,0.0,5.4195571679274444e-14
F2global_d50_k100_rho1,FR--R,343.0,329.02751955894456,0.9592639054196634,-1.2317175381653283e-15,5.4195571679274444e-14
F2global_d50_k100_rho1,FR--R,344.0,329.98678346436424,0.9592639054196634,1.2317175381653283e-15,5.4195571679274444e-14
F2global_d50_k100_rho1,FR--R,345.0,330.9460473697839,0.9592639054196634,0.0,5.4195571679274444e-14
F2global_d50_k100_rho1,FR--R,346.0,331.90531127520353,0.9592639054196634,-1.2317175381653283e-15,5.4195571679274444e-14
F2global_d50_k100_rho1,FR--R,347.0,332.8645751806232,0.9592639054196634,-2.4634350763306566e-15,5.4195571679274444e-14
F2global_d50_k100_rho1,FR--R,348.0,333.8238390860429,0.9592639054196634,1.2317175381653283e-15,5.4195571679274444e-14
F2global_d50_k100_rho1,FR--R,349.0,334.78310299146256,0.9592639054196634,0.0,5.4195571679274444e-14
F2global_d50_k100_rho1,FR--R,350.0,335.74236689688223,0.9592639054196634,0.0,5.4195571679274444e-14
F2global_d50_k100_rho1,FR--R,351.0,336.70163080230185,0.9592639054196634,0.0,5.4195571679274444e-14
F2global_d50_k100_rho1,FR--R,352.0,337.6608947077215,0.9592639054196634,0.0,5.4195571679274444e-14
F2global_d50_k100_rho1,FR--R,353.0,338.6201586131412,0.9592639054196634,2.4634350763306566e-15,5.4195571679274444e-14
F2global_d50_k100_rho1,FR--R,354.0,339.5794225185609,0.9592639054196634,0.0,5.4195571679274444e-14
F2global_d50_k100_rho1,FR--R,355.0,340.53868642398055,0.9592639054196634,1.2317175381653283e-15,5.4195571679274444e-14
F2global_d50_k100_rho1,FR--R,356.0,341.49795032940017,0.9592639054196634,0.0,5.4195571679274444e-14
F2global_d50_k100_rho1,FR--R,357.0,342.45721423481984,0.9592639054196634,1.2317175381653283e-15,5.4195571679274444e-14
F2global_d50_k100_rho1,FR--R,358.0,343.4164781402395,0.9592639054196634,-2.4634350763306566e-15,5.4195571679274444e-14
F2global_d50_k100_rho1,FR--R,359.0,344.3757420456592,0.9592639054196634,-1.2317175381653283e-15,5.4195571679274444e-14
F2global_d50_k100_rho1,FR--R,360.0,345.3350059510788,0.9592639054196634,0.0,5.4195571679274444e-14
F2global_d50_k100_rho1,FR--R,361.0,346.2942698564985,0.9592639054196634,-1.2317175381653283e-15,5.4195571679274444e-14
F2global_d50_k100_rho1,FR--R,362.0,347.25353376191816,0.9592639054196634,0.0,5.4195571679274444e-14
F2global_d50_k100_rho1,FR--R,363.0,348.21279766733784,0.9592639054196634,0.0,5.4195571679274444e-14
F2global_d50_k100_rho1,FR--R,364.0,349.1720615727575,0.9592639054196634,0.0,5.4195571679274444e-14
F2global_d50_k100_rho1,FR--R,365.0,350.13132547817713,0.9592639054196634,1.2317175381653283e-15,5.4195571679274444e-14
F2global_d50_k100_rho1,FR--R,366.0,351.0905893835968,0.9592639054196634,0.0,5.4195571679274444e-14
F2global_d50_k100_rho1,FR--R,367.0,352.0498532890165,0.9592639054196634,0.0,5.4195571679274444e-14
F2global_d50_k100_rho1,FR--R,368.0,353.00911719443616,0.9592639054196634,1.2317175381653283e-15,5.4195571679274444e-14
F2global_d50_k100_rho1,FR--R,369.0,353.96838109985583,0.9592639054196634,1.2317175381653283e-15,5.4195571679274444e-14
F2global_d50_k100_rho1,FR--R,370.0,354.92764500527545,0.9592639054196634,0.0,5.4195571679274444e-14
F2global_d50_k100_rho1,FR--R,371.0,355.8869089106951,0.9592639054196634,1.2317175381653283e-15,5.4195571679274444e-14
F2global_d50_k100_rho1,FR--R,372.0,356.8461728161148,0.9592639054196634,1.2317175381653283e-15,5.4195571679274444e-14
F2global_d50_k100_rho1,FR--R,373.0,357.8054367215345,0.9592639054196634,0.0,5.4195571679274444e-14
F2global_d50_k100_rho1,FR--R,374.0,358.76470062695415,0.9592639054196634,2.4634350763306566e-15,5.4195571679274444e-14
F2global_d50_k100_rho1,FR--R,375.0,359.72396453237377,0.9592639054196634,-1.2317175381653283e-15,5.4195571679274444e-14
F2global_d50_k100_rho1,FR--R,376.0,360.68322843779345,0.9592639054196634,-1.2317175381653283e-15,5.4195571679274444e-14
F2global_d50_k100_rho1,FR--R,377.0,361.6424923432131,0.9592639054196634,1.2317175381653283e-15,5.4195571679274444e-14
F2global_d50_k100_rho1,FR--R,378.0,362.6017562486328,0.9592639054196634,1.2317175381653283e-15,5.4195571679274444e-14
F2global_d50_k100_rho1,FR--R,379.0,363.56102015405247,0.9592639054196634,0.0,5.4195571679274444e-14
F2global_d50_k100_rho1,FR--R,380.0,364.5202840594721,0.9592639054196634,0.0,5.4195571679274444e-14
F2global_d50_k100_rho1,FR--R,381.0,365.47954796489176,0.9592639054196634,-1.2317175381653283e-15,5.4195571679274444e-14
F2global_d50_k100_rho1,FR--R,382.0,366.43881187031144,0.9592639054196634,-1.2317175381653283e-15,5.4195571679274444e-14
F2global_d50_k100_rho1,FR--R,383.0,367.3980757757311,0.9592639054196634,0.0,5.4195571679274444e-14
F2global_d50_k100_rho1,FR--R,384.0,368.35733968115073,0.9592639054196634,-1.2317175381653283e-15,5.4195571679274444e-14
F2global_d50_k100_rho1,FR--R,385.0,369.3166035865704,0.9592639054196634,0.0,5.4195571679274444e-14
F2global_d50_k100_rho1,FR--R,386.0,370.2758674919901,0.9592639054196634,1.2317175381653283e-15,5.4195571679274444e-14
F2global_d50_k100_rho1,FR--R,387.0,371.23513139740976,0.9592639054196634,0.0,5.4195571679274444e-14
F2global_d50_k100_rho1,FR--R,388.0,372.19439530282943,0.9592639054196634,0.0,5.4195571679274444e-14
F2global_d50_k100_rho1,FR--R,389.0,373.15365920824905,0.9592639054196634,-1.2317175381653283e-15,5.4195571679274444e-14
F2global_d50_k100_rho1,FR--R,390.0,374.1129231136687,0.9592639054196634,1.2317175381653283e-15,5.4195571679274444e-14
F2global_d50_k100_rho1,FR--R,391.0,375.0721870190884,0.9592639054196634,1.2317175381653283e-15,5.4195571679274444e-14
F2global_d50_k100_rho1,FR--R,392.0,376.0314509245081,0.9592639054196634,0.0,5.4195571679274444e-14
F2global_d50_k100_rho1,FR--R,393.0,376.99071482992775,0.9592639054196634,0.0,5.4195571679274444e-14
F2global_d50_k100_rho1,FR--R,394.0,377.9499787353474,0.9592639054196634,0.0,5.4195571679274444e-14
F2global_d50_k100_rho1,FR--R,395.0,378.90924264076705,0.9592639054196634,0.0,5.4195571679274444e-14
F2global_d50_k100_rho1,FR--R,396.0,379.8685065461867,0.9592639054196634,1.2317175381653283e-15,5.4195571679274444e-14
F2global_d50_k100_rho1,FR--R,397.0,380.8277704516064,0.9592639054196634,0.0,5.4195571679274444e-14
F2global_d50_k100_rho1,FR--R,398.0,381.7870343570261,0.9592639054196634,0.0,5.4195571679274444e-14
F2global_d50_k100_rho1,FR--R,399.0,382.7462982624457,0.9592639054196634,0.0,5.4195571679274444e-14
F2global_d50_k100_rho1,FR--R,400.0,383.70556216786537,0.9592639054196634,1.2317175381653283e-15,5.4195571679274444e-14
F2global_d50_k100_rho1,FR--KL,0.0,0.0,0.9592639054196634,1.0,7.39030522899197e-15
F2global_d50_k100_rho1,FR--KL,1.0,0.9592639054196634,0.9592639054196634,0.0072642503863292185,7.39030522899197e-15
F2global_d50_k100_rho1,FR--KL,2.0,1.9185278108393269,0.9592639054196634,0.0009739743879798845,7.39030522899197e-15
F2global_d50_k100_rho1,FR--KL,3.0,2.87779171625899,0.9592639054196634,0.0004165729905592734,7.39030522899197e-15
F2global_d50_k100_rho1,FR--KL,4.0,3.8370556216786538,0.9592639054196634,0.00018142930419608663,7.39030522899197e-15
F2global_d50_k100_rho1,FR--KL,5.0,4.796319527098317,0.9592639054196634,8.009576093991438e-05,7.39030522899197e-15
F2global_d50_k100_rho1,FR--KL,6.0,5.75558343251798,0.9592639054196634,3.5741109114475067e-05,7.39030522899197e-15
F2global_d50_k100_rho1,FR--KL,7.0,6.714847337937644,0.9592639054196634,1.6085016339688506e-05,7.39030522899197e-15
F2global_d50_k100_rho1,FR--KL,8.0,7.6741112433573075,0.9592639054196634,7.288169254759849e-06,7.39030522899197e-15
F2global_d50_k100_rho1,FR--KL,9.0,8.63337514877697,0.9592639054196634,3.320267648414099e-06,7.39030522899197e-15
F2global_d50_k100_rho1,FR--KL,10.0,9.592639054196635,0.9592639054196634,1.5192516965962524e-06,7.39030522899197e-15
F2global_d50_k100_rho1,FR--KL,11.0,10.551902959616298,0.9592639054196634,6.97643813462201e-07,7.39030522899197e-15
F2global_d50_k100_rho1,FR--KL,12.0,11.51116686503596,0.9592639054196634,3.2129835185832813e-07,7.39030522899197e-15
F2global_d50_k100_rho1,FR--KL,13.0,12.470430770455625,0.9592639054196634,1.4833277960885366e-07,7.39030522899197e-15
F2global_d50_k100_rho1,FR--KL,14.0,13.429694675875288,0.9592639054196634,6.86196725812943e-08,7.39030522899197e-15
F2global_d50_k100_rho1,FR--KL,15.0,14.388958581294952,0.9592639054196634,3.179852620118431e-08,7.39030522899197e-15
F2global_d50_k100_rho1,FR--KL,16.0,15.348222486714615,0.9592639054196634,1.4757180726972961e-08,7.39030522899197e-15
F2global_d50_k100_rho1,FR--KL,17.0,16.30748639213428,0.9592639054196634,6.857240049389703e-09,7.39030522899197e-15
F2global_d50_k100_rho1,FR--KL,18.0,17.26675029755394,0.9592639054196634,3.1898712874021136e-09,7.39030522899197e-15
F2global_d50_k100_rho1,FR--KL,19.0,18.226014202973605,0.9592639054196634,1.4852998497701916e-09,7.39030522899197e-15
F2global_d50_k100_rho1,FR--KL,20.0,19.18527810839327,0.9592639054196634,6.921907683578459e-10,7.39030522899197e-15
F2global_d50_k100_rho1,FR--KL,21.0,20.14454201381293,0.9592639054196634,3.22822081295289e-10,7.39030522899197e-15
F2global_d50_k100_rho1,FR--KL,22.0,21.103805919232595,0.9592639054196634,1.5066122583330664e-10,7.39030522899197e-15
F2global_d50_k100_rho1,FR--KL,23.0,22.06306982465226,0.9592639054196634,7.035570578000354e-11,7.39030522899197e-15
F2global_d50_k100_rho1,FR--KL,24.0,23.02233373007192,0.9592639054196634,3.2875772811170773e-11,7.39030522899197e-15
F2global_d50_k100_rho1,FR--KL,25.0,23.981597635491585,0.9592639054196634,1.5369371441226966e-11,7.39030522899197e-15
F2global_d50_k100_rho1,FR--KL,26.0,24.94086154091125,0.9592639054196634,7.184608400118359e-12,7.39030522899197e-15
F2global_d50_k100_rho1,FR--KL,27.0,25.900125446330915,0.9592639054196634,3.3588937265768504e-12,7.39030522899197e-15
F2global_d50_k100_rho1,FR--KL,28.0,26.859389351750576,0.9592639054196634,1.575366731313455e-12,7.39030522899197e-15
F2global_d50_k100_rho1,FR--KL,29.0,27.81865325717024,0.9592639054196634,7.328719352083703e-13,7.39030522899197e-15
F2global_d50_k100_rho1,FR--KL,30.0,28.777917162589905,0.9592639054196634,3.44880910686292e-13,7.39030522899197e-15
F2global_d50_k100_rho1,FR--KL,31.0,29.737181068009566,0.9592639054196634,1.5765984488516202e-13,7.39030522899197e-15
F2global_d50_k100_rho1,FR--KL,32.0,30.69644497342923,0.9592639054196634,7.513476982808504e-14,7.39030522899197e-15
F2global_d50_k100_rho1,FR--KL,33.0,31.655708878848895,0.9592639054196634,3.5719808606794523e-14,7.39030522899197e-15
F2global_d50_k100_rho1,FR--KL,34.0,32.61497278426856,0.9592639054196634,1.3548892919818611e-14,7.39030522899197e-15
F2global_d50_k100_rho1,FR--KL,35.0,33.57423668968822,0.9592639054196634,7.39030522899197e-15,7.39030522899197e-15
F2global_d50_k100_rho1,FR--KL,36.0,34.53350059510788,0.9592639054196634,1.2317175381653283e-15,7.39030522899197e-15
F2global_d50_k100_rho1,FR--KL,37.0,35.49276450052755,0.9592639054196634,1.2317175381653283e-15,7.39030522899197e-15
F2global_d50_k100_rho1,FR--KL,38.0,36.45202840594721,0.9592639054196634,2.4634350763306566e-15,7.39030522899197e-15
F2global_d50_k100_rho1,FR--KL,39.0,37.41129231136687,0.9592639054196634,0.0,7.39030522899197e-15
F2global_d50_k100_rho1,FR--KL,40.0,38.37055621678654,0.9592639054196634,-2.4634350763306566e-15,7.39030522899197e-15
F2global_d50_k100_rho1,FR--KL,41.0,39.3298201222062,0.9592639054196634,0.0,7.39030522899197e-15
F2global_d50_k100_rho1,FR--KL,42.0,40.28908402762586,0.9592639054196634,1.2317175381653283e-15,7.39030522899197e-15
F2global_d50_k100_rho1,FR--KL,43.0,41.24834793304553,0.9592639054196634,0.0,7.39030522899197e-15
F2global_d50_k100_rho1,FR--KL,44.0,42.20761183846519,0.9592639054196634,-1.2317175381653283e-15,7.39030522899197e-15
F2global_d50_k100_rho1,FR--KL,45.0,43.16687574388485,0.9592639054196634,-1.2317175381653283e-15,7.39030522899197e-15
F2global_d50_k100_rho1,FR--KL,46.0,44.12613964930452,0.9592639054196634,-1.2317175381653283e-15,7.39030522899197e-15
F2global_d50_k100_rho1,FR--KL,47.0,45.08540355472418,0.9592639054196634,1.2317175381653283e-15,7.39030522899197e-15
F2global_d50_k100_rho1,FR--KL,48.0,46.04466746014384,0.9592639054196634,2.4634350763306566e-15,7.39030522899197e-15
F2global_d50_k100_rho1,FR--KL,49.0,47.00393136556351,0.9592639054196634,2.4634350763306566e-15,7.39030522899197e-15
F2global_d50_k100_rho1,FR--KL,50.0,47.96319527098317,0.9592639054196634,-1.2317175381653283e-15,7.39030522899197e-15
F2global_d50_k100_rho1,FR--KL,51.0,48.92245917640284,0.9592639054196634,1.2317175381653283e-15,7.39030522899197e-15
F2global_d50_k100_rho1,FR--KL,52.0,49.8817230818225,0.9592639054196634,0.0,7.39030522899197e-15
F2global_d50_k100_rho1,FR--KL,53.0,50.84098698724216,0.9592639054196634,1.2317175381653283e-15,7.39030522899197e-15
F2global_d50_k100_rho1,FR--KL,54.0,51.80025089266183,0.9592639054196634,2.4634350763306566e-15,7.39030522899197e-15
F2global_d50_k100_rho1,FR--KL,55.0,52.75951479808149,0.9592639054196634,2.4634350763306566e-15,7.39030522899197e-15
F2global_d50_k100_rho1,FR--KL,56.0,53.71877870350115,0.9592639054196634,0.0,7.39030522899197e-15
F2global_d50_k100_rho1,FR--KL,57.0,54.67804260892082,0.9592639054196634,-1.2317175381653283e-15,7.39030522899197e-15
F2global_d50_k100_rho1,FR--KL,58.0,55.63730651434048,0.9592639054196634,1.2317175381653283e-15,7.39030522899197e-15
F2global_d50_k100_rho1,FR--KL,59.0,56.59657041976014,0.9592639054196634,-1.2317175381653283e-15,7.39030522899197e-15
F2global_d50_k100_rho1,FR--KL,60.0,57.55583432517981,0.9592639054196634,0.0,7.39030522899197e-15
F2global_d50_k100_rho1,FR--KL,61.0,58.51509823059947,0.9592639054196634,3.695152614495985e-15,7.39030522899197e-15
F2global_d50_k100_rho1,FR--KL,62.0,59.47436213601913,0.9592639054196634,0.0,7.39030522899197e-15
F2global_d50_k100_rho1,FR--KL,63.0,60.4336260414388,0.9592639054196634,0.0,7.39030522899197e-15
F2global_d50_k100_rho1,FR--KL,64.0,61.39288994685846,0.9592639054196634,1.2317175381653283e-15,7.39030522899197e-15
F2global_d50_k100_rho1,FR--KL,65.0,62.35215385227812,0.9592639054196634,0.0,7.39030522899197e-15
F2global_d50_k100_rho1,FR--KL,66.0,63.31141775769779,0.9592639054196634,0.0,7.39030522899197e-15
F2global_d50_k100_rho1,FR--KL,67.0,64.27068166311746,0.9592639054196634,0.0,7.39030522899197e-15
F2global_d50_k100_rho1,FR--KL,68.0,65.22994556853712,0.9592639054196634,0.0,7.39030522899197e-15
F2global_d50_k100_rho1,FR--KL,69.0,66.18920947395678,0.9592639054196634,-1.2317175381653283e-15,7.39030522899197e-15
F2global_d50_k100_rho1,FR--KL,70.0,67.14847337937644,0.9592639054196634,0.0,7.39030522899197e-15
F2global_d50_k100_rho1,FR--KL,71.0,68.1077372847961,0.9592639054196634,0.0,7.39030522899197e-15
F2global_d50_k100_rho1,FR--KL,72.0,69.06700119021576,0.9592639054196634,1.2317175381653283e-15,7.39030522899197e-15
F2global_d50_k100_rho1,FR--KL,73.0,70.02626509563544,0.9592639054196634,2.4634350763306566e-15,7.39030522899197e-15
F2global_d50_k100_rho1,FR--KL,74.0,70.9855290010551,0.9592639054196634,1.2317175381653283e-15,7.39030522899197e-15
F2global_d50_k100_rho1,FR--KL,75.0,71.94479290647476,0.9592639054196634,1.2317175381653283e-15,7.39030522899197e-15
F2global_d50_k100_rho1,FR--KL,76.0,72.90405681189442,0.9592639054196634,0.0,7.39030522899197e-15
F2global_d50_k100_rho1,FR--KL,77.0,73.86332071731408,0.9592639054196634,1.2317175381653283e-15,7.39030522899197e-15
F2global_d50_k100_rho1,FR--KL,78.0,74.82258462273374,0.9592639054196634,1.2317175381653283e-15,7.39030522899197e-15
F2global_d50_k100_rho1,FR--KL,79.0,75.78184852815342,0.9592639054196634,1.2317175381653283e-15,7.39030522899197e-15
F2global_d50_k100_rho1,FR--KL,80.0,76.74111243357308,0.9592639054196634,0.0,7.39030522899197e-15
F2global_d50_k100_rho1,FR--KL,81.0,77.70037633899274,0.9592639054196634,1.2317175381653283e-15,7.39030522899197e-15
F2global_d50_k100_rho1,FR--KL,82.0,78.6596402444124,0.9592639054196634,0.0,7.39030522899197e-15
F2global_d50_k100_rho1,FR--KL,83.0,79.61890414983206,0.9592639054196634,0.0,7.39030522899197e-15
F2global_d50_k100_rho1,FR--KL,84.0,80.57816805525172,0.9592639054196634,0.0,7.39030522899197e-15
F2global_d50_k100_rho1,FR--KL,85.0,81.5374319606714,0.9592639054196634,1.2317175381653283e-15,7.39030522899197e-15
F2global_d50_k100_rho1,FR--KL,86.0,82.49669586609106,0.9592639054196634,1.2317175381653283e-15,7.39030522899197e-15
F2global_d50_k100_rho1,FR--KL,87.0,83.45595977151072,0.9592639054196634,0.0,7.39030522899197e-15
F2global_d50_k100_rho1,FR--KL,88.0,84.41522367693038,0.9592639054196634,0.0,7.39030522899197e-15
F2global_d50_k100_rho1,FR--KL,89.0,85.37448758235004,0.9592639054196634,0.0,7.39030522899197e-15
F2global_d50_k100_rho1,FR--KL,90.0,86.3337514877697,0.9592639054196634,0.0,7.39030522899197e-15
F2global_d50_k100_rho1,FR--KL,91.0,87.29301539318938,0.9592639054196634,0.0,7.39030522899197e-15
F2global_d50_k100_rho1,FR--KL,92.0,88.25227929860904,0.9592639054196634,0.0,7.39030522899197e-15
F2global_d50_k100_rho1,FR--KL,93.0,89.2115432040287,0.9592639054196634,0.0,7.39030522899197e-15
F2global_d50_k100_rho1,FR--KL,94.0,90.17080710944836,0.9592639054196634,0.0,7.39030522899197e-15
F2global_d50_k100_rho1,FR--KL,95.0,91.13007101486802,0.9592639054196634,0.0,7.39030522899197e-15
F2global_d50_k100_rho1,FR--KL,96.0,92.08933492028768,0.9592639054196634,0.0,7.39030522899197e-15
F2global_d50_k100_rho1,FR--KL,97.0,93.04859882570736,0.9592639054196634,0.0,7.39030522899197e-15
F2global_d50_k100_rho1,FR--KL,98.0,94.00786273112702,0.9592639054196634,0.0,7.39030522899197e-15
F2global_d50_k100_rho1,FR--KL,99.0,94.96712663654668,0.9592639054196634,0.0,7.39030522899197e-15
F2global_d50_k100_rho1,FR--KL,100.0,95.92639054196634,0.9592639054196634,-1.2317175381653283e-15,7.39030522899197e-15
F2global_d50_k100_rho1,FR--KL,101.0,96.885654447386,0.9592639054196634,0.0,7.39030522899197e-15
F2global_d50_k100_rho1,FR--KL,102.0,97.84491835280568,0.9592639054196634,0.0,7.39030522899197e-15
F2global_d50_k100_rho1,FR--KL,103.0,98.80418225822534,0.9592639054196634,0.0,7.39030522899197e-15
F2global_d50_k100_rho1,FR--KL,104.0,99.763446163645,0.9592639054196634,0.0,7.39030522899197e-15
F2global_d50_k100_rho1,FR--KL,105.0,100.72271006906466,0.9592639054196634,0.0,7.39030522899197e-15
F2global_d50_k100_rho1,FR--KL,106.0,101.68197397448432,0.9592639054196634,0.0,7.39030522899197e-15
F2global_d50_k100_rho1,FR--KL,107.0,102.64123787990398,0.9592639054196634,0.0,7.39030522899197e-15
F2global_d50_k100_rho1,FR--KL,108.0,103.60050178532366,0.9592639054196634,0.0,7.39030522899197e-15
F2global_d50_k100_rho1,FR--KL,109.0,104.55976569074332,0.9592639054196634,0.0,7.39030522899197e-15
F2global_d50_k100_rho1,FR--KL,110.0,105.51902959616298,0.9592639054196634,0.0,7.39030522899197e-15
F2global_d50_k100_rho1,FR--KL,111.0,106.47829350158264,0.9592639054196634,0.0,7.39030522899197e-15
F2global_d50_k100_rho1,FR--KL,112.0,107.4375574070023,0.9592639054196634,0.0,7.39030522899197e-15
F2global_d50_k100_rho1,FR--KL,113.0,108.39682131242196,0.9592639054196634,0.0,7.39030522899197e-15
F2global_d50_k100_rho1,FR--KL,114.0,109.35608521784164,0.9592639054196634,0.0,7.39030522899197e-15
F2global_d50_k100_rho1,FR--KL,115.0,110.3153491232613,0.9592639054196634,-1.2317175381653283e-15,7.39030522899197e-15
F2global_d50_k100_rho1,FR--KL,116.0,111.27461302868096,0.9592639054196634,0.0,7.39030522899197e-15
F2global_d50_k100_rho1,FR--KL,117.0,112.23387693410062,0.9592639054196634,0.0,7.39030522899197e-15
F2global_d50_k100_rho1,FR--KL,118.0,113.19314083952028,0.9592639054196634,0.0,7.39030522899197e-15
F2global_d50_k100_rho1,FR--KL,119.0,114.15240474493994,0.9592639054196634,-1.2317175381653283e-15,7.39030522899197e-15
F2global_d50_k100_rho1,FR--KL,120.0,115.11166865035962,0.9592639054196634,0.0,7.39030522899197e-15
F2global_d50_k100_rho1,FR--KL,121.0,116.07093255577928,0.9592639054196634,0.0,7.39030522899197e-15
F2global_d50_k100_rho1,FR--KL,122.0,117.03019646119894,0.9592639054196634,0.0,7.39030522899197e-15
F2global_d50_k100_rho1,FR--KL,123.0,117.9894603666186,0.9592639054196634,1.2317175381653283e-15,7.39030522899197e-15
F2global_d50_k100_rho1,FR--KL,124.0,118.94872427203826,0.9592639054196634,1.2317175381653283e-15,7.39030522899197e-15
F2global_d50_k100_rho1,FR--KL,125.0,119.90798817745792,0.9592639054196634,1.2317175381653283e-15,7.39030522899197e-15
F2global_d50_k100_rho1,FR--KL,126.0,120.8672520828776,0.9592639054196634,0.0,7.39030522899197e-15
F2global_d50_k100_rho1,FR--KL,127.0,121.82651598829726,0.9592639054196634,1.2317175381653283e-15,7.39030522899197e-15
F2global_d50_k100_rho1,FR--KL,128.0,122.78577989371692,0.9592639054196634,1.2317175381653283e-15,7.39030522899197e-15
F2global_d50_k100_rho1,FR--KL,129.0,123.74504379913658,0.9592639054196634,0.0,7.39030522899197e-15
F2global_d50_k100_rho1,FR--KL,130.0,124.70430770455624,0.9592639054196634,1.2317175381653283e-15,7.39030522899197e-15
F2global_d50_k100_rho1,FR--KL,131.0,125.66357160997592,0.9592639054196634,0.0,7.39030522899197e-15
F2global_d50_k100_rho1,FR--KL,132.0,126.62283551539558,0.9592639054196634,0.0,7.39030522899197e-15
F2global_d50_k100_rho1,FR--KL,133.0,127.58209942081524,0.9592639054196634,0.0,7.39030522899197e-15
F2global_d50_k100_rho1,FR--KL,134.0,128.54136332623492,0.9592639054196634,1.2317175381653283e-15,7.39030522899197e-15
F2global_d50_k100_rho1,FR--KL,135.0,129.50062723165456,0.9592639054196634,1.2317175381653283e-15,7.39030522899197e-15
F2global_d50_k100_rho1,FR--KL,136.0,130.45989113707424,0.9592639054196634,0.0,7.39030522899197e-15
F2global_d50_k100_rho1,FR--KL,137.0,131.41915504249388,0.9592639054196634,1.2317175381653283e-15,7.39030522899197e-15
F2global_d50_k100_rho1,FR--KL,138.0,132.37841894791356,0.9592639054196634,1.2317175381653283e-15,7.39030522899197e-15
F2global_d50_k100_rho1,FR--KL,139.0,133.3376828533332,0.9592639054196634,1.2317175381653283e-15,7.39030522899197e-15
F2global_d50_k100_rho1,FR--KL,140.0,134.29694675875288,0.9592639054196634,1.2317175381653283e-15,7.39030522899197e-15
F2global_d50_k100_rho1,FR--KL,141.0,135.25621066417256,0.9592639054196634,1.2317175381653283e-15,7.39030522899197e-15
F2global_d50_k100_rho1,FR--KL,142.0,136.2154745695922,0.9592639054196634,1.2317175381653283e-15,7.39030522899197e-15
F2global_d50_k100_rho1,FR--KL,143.0,137.17473847501188,0.9592639054196634,1.2317175381653283e-15,7.39030522899197e-15
F2global_d50_k100_rho1,FR--KL,144.0,138.13400238043153,0.9592639054196634,0.0,7.39030522899197e-15
F2global_d50_k100_rho1,FR--KL,145.0,139.0932662858512,0.9592639054196634,1.2317175381653283e-15,7.39030522899197e-15
F2global_d50_k100_rho1,FR--KL,146.0,140.05253019127088,0.9592639054196634,1.2317175381653283e-15,7.39030522899197e-15
F2global_d50_k100_rho1,FR--KL,147.0,141.01179409669052,0.9592639054196634,1.2317175381653283e-15,7.39030522899197e-15
F2global_d50_k100_rho1,FR--KL,148.0,141.9710580021102,0.9592639054196634,1.2317175381653283e-15,7.39030522899197e-15
F2global_d50_k100_rho1,FR--KL,149.0,142.93032190752984,0.9592639054196634,1.2317175381653283e-15,7.39030522899197e-15
F2global_d50_k100_rho1,FR--KL,150.0,143.88958581294952,0.9592639054196634,1.2317175381653283e-15,7.39030522899197e-15
F2global_d50_k100_rho1,FR--KL,151.0,144.84884971836917,0.9592639054196634,1.2317175381653283e-15,7.39030522899197e-15
F2global_d50_k100_rho1,FR--KL,152.0,145.80811362378884,0.9592639054196634,0.0,7.39030522899197e-15
F2global_d50_k100_rho1,FR--KL,153.0,146.76737752920852,0.9592639054196634,1.2317175381653283e-15,7.39030522899197e-15
F2global_d50_k100_rho1,FR--KL,154.0,147.72664143462816,0.9592639054196634,1.2317175381653283e-15,7.39030522899197e-15
F2global_d50_k100_rho1,FR--KL,155.0,148.68590534004784,0.9592639054196634,1.2317175381653283e-15,7.39030522899197e-15
F2global_d50_k100_rho1,FR--KL,156.0,149.64516924546749,0.9592639054196634,1.2317175381653283e-15,7.39030522899197e-15
F2global_d50_k100_rho1,FR--KL,157.0,150.60443315088716,0.9592639054196634,1.2317175381653283e-15,7.39030522899197e-15
F2global_d50_k100_rho1,FR--KL,158.0,151.56369705630684,0.9592639054196634,1.2317175381653283e-15,7.39030522899197e-15
F2global_d50_k100_rho1,FR--KL,159.0,152.52296096172648,0.9592639054196634,1.2317175381653283e-15,7.39030522899197e-15
F2global_d50_k100_rho1,FR--KL,160.0,153.48222486714616,0.9592639054196634,0.0,7.39030522899197e-15
F2global_d50_k100_rho1,FR--KL,161.0,154.4414887725658,0.9592639054196634,0.0,7.39030522899197e-15
F2global_d50_k100_rho1,FR--KL,162.0,155.40075267798548,0.9592639054196634,1.2317175381653283e-15,7.39030522899197e-15
F2global_d50_k100_rho1,FR--KL,163.0,156.36001658340516,0.9592639054196634,1.2317175381653283e-15,7.39030522899197e-15
F2global_d50_k100_rho1,FR--KL,164.0,157.3192804888248,0.9592639054196634,1.2317175381653283e-15,7.39030522899197e-15
F2global_d50_k100_rho1,FR--KL,165.0,158.27854439424448,0.9592639054196634,1.2317175381653283e-15,7.39030522899197e-15
F2global_d50_k100_rho1,FR--KL,166.0,159.23780829966412,0.9592639054196634,1.2317175381653283e-15,7.39030522899197e-15
F2global_d50_k100_rho1,FR--KL,167.0,160.1970722050838,0.9592639054196634,0.0,7.39030522899197e-15
F2global_d50_k100_rho1,FR--KL,168.0,161.15633611050345,0.9592639054196634,1.2317175381653283e-15,7.39030522899197e-15
F2global_d50_k100_rho1,FR--KL,169.0,162.11560001592312,0.9592639054196634,1.2317175381653283e-15,7.39030522899197e-15
F2global_d50_k100_rho1,FR--KL,170.0,163.0748639213428,0.9592639054196634,1.2317175381653283e-15,7.39030522899197e-15
F2global_d50_k100_rho1,FR--KL,171.0,164.03412782676244,0.9592639054196634,1.2317175381653283e-15,7.39030522899197e-15
F2global_d50_k100_rho1,FR--KL,172.0,164.99339173218212,0.9592639054196634,0.0,7.39030522899197e-15
F2global_d50_k100_rho1,FR--KL,173.0,165.95265563760177,0.9592639054196634,1.2317175381653283e-15,7.39030522899197e-15
F2global_d50_k100_rho1,FR--KL,174.0,166.91191954302144,0.9592639054196634,1.2317175381653283e-15,7.39030522899197e-15
F2global_d50_k100_rho1,FR--KL,175.0,167.87118344844112,0.9592639054196634,0.0,7.39030522899197e-15
F2global_d50_k100_rho1,FR--KL,176.0,168.83044735386076,0.9592639054196634,1.2317175381653283e-15,7.39030522899197e-15
F2global_d50_k100_rho1,FR--KL,177.0,169.78971125928044,0.9592639054196634,1.2317175381653283e-15,7.39030522899197e-15
F2global_d50_k100_rho1,FR--KL,178.0,170.74897516470008,0.9592639054196634,1.2317175381653283e-15,7.39030522899197e-15
F2global_d50_k100_rho1,FR--KL,179.0,171.70823907011976,0.9592639054196634,0.0,7.39030522899197e-15
F2global_d50_k100_rho1,FR--KL,180.0,172.6675029755394,0.9592639054196634,1.2317175381653283e-15,7.39030522899197e-15
F2global_d50_k100_rho1,FR--KL,181.0,173.62676688095908,0.9592639054196634,1.2317175381653283e-15,7.39030522899197e-15
F2global_d50_k100_rho1,FR--KL,182.0,174.58603078637876,0.9592639054196634,1.2317175381653283e-15,7.39030522899197e-15
F2global_d50_k100_rho1,FR--KL,183.0,175.5452946917984,0.9592639054196634,1.2317175381653283e-15,7.39030522899197e-15
F2global_d50_k100_rho1,FR--KL,184.0,176.50455859721808,0.9592639054196634,1.2317175381653283e-15,7.39030522899197e-15
F2global_d50_k100_rho1,FR--KL,185.0,177.46382250263773,0.9592639054196634,1.2317175381653283e-15,7.39030522899197e-15
F2global_d50_k100_rho1,FR--KL,186.0,178.4230864080574,0.9592639054196634,1.2317175381653283e-15,7.39030522899197e-15
F2global_d50_k100_rho1,FR--KL,187.0,179.38235031347708,0.9592639054196634,1.2317175381653283e-15,7.39030522899197e-15
F2global_d50_k100_rho1,FR--KL,188.0,180.34161421889672,0.9592639054196634,0.0,7.39030522899197e-15
F2global_d50_k100_rho1,FR--KL,189.0,181.3008781243164,0.9592639054196634,0.0,7.39030522899197e-15
F2global_d50_k100_rho1,FR--KL,190.0,182.26014202973604,0.9592639054196634,1.2317175381653283e-15,7.39030522899197e-15
F2global_d50_k100_rho1,FR--KL,191.0,183.21940593515572,0.9592639054196634,1.2317175381653283e-15,7.39030522899197e-15
F2global_d50_k100_rho1,FR--KL,192.0,184.17866984057537,0.9592639054196634,1.2317175381653283e-15,7.39030522899197e-15
F2global_d50_k100_rho1,FR--KL,193.0,185.13793374599504,0.9592639054196634,1.2317175381653283e-15,7.39030522899197e-15
F2global_d50_k100_rho1,FR--KL,194.0,186.09719765141472,0.9592639054196634,1.2317175381653283e-15,7.39030522899197e-15
F2global_d50_k100_rho1,FR--KL,195.0,187.05646155683436,0.9592639054196634,1.2317175381653283e-15,7.39030522899197e-15
F2global_d50_k100_rho1,FR--KL,196.0,188.01572546225404,0.9592639054196634,1.2317175381653283e-15,7.39030522899197e-15
F2global_d50_k100_rho1,FR--KL,197.0,188.9749893676737,0.9592639054196634,1.2317175381653283e-15,7.39030522899197e-15
F2global_d50_k100_rho1,FR--KL,198.0,189.93425327309336,0.9592639054196634,0.0,7.39030522899197e-15
F2global_d50_k100_rho1,FR--KL,199.0,190.89351717851304,0.9592639054196634,1.2317175381653283e-15,7.39030522899197e-15
F2global_d50_k100_rho1,FR--KL,200.0,191.85278108393268,0.9592639054196634,0.0,7.39030522899197e-15
F2global_d50_k100_rho1,FR--KL,201.0,192.81204498935236,0.9592639054196634,1.2317175381653283e-15,7.39030522899197e-15
F2global_d50_k100_rho1,FR--KL,202.0,193.771308894772,0.9592639054196634,1.2317175381653283e-15,7.39030522899197e-15
F2global_d50_k100_rho1,FR--KL,203.0,194.73057280019168,0.9592639054196634,1.2317175381653283e-15,7.39030522899197e-15
F2global_d50_k100_rho1,FR--KL,204.0,195.68983670561136,0.9592639054196634,0.0,7.39030522899197e-15
F2global_d50_k100_rho1,FR--KL,205.0,196.649100611031,0.9592639054196634,1.2317175381653283e-15,7.39030522899197e-15
F2global_d50_k100_rho1,FR--KL,206.0,197.60836451645068,0.9592639054196634,1.2317175381653283e-15,7.39030522899197e-15
F2global_d50_k100_rho1,FR--KL,207.0,198.56762842187032,0.9592639054196634,1.2317175381653283e-15,7.39030522899197e-15
F2global_d50_k100_rho1,FR--KL,208.0,199.52689232729,0.9592639054196634,1.2317175381653283e-15,7.39030522899197e-15
F2global_d50_k100_rho1,FR--KL,209.0,200.48615623270965,0.9592639054196634,1.2317175381653283e-15,7.39030522899197e-15
F2global_d50_k100_rho1,FR--KL,210.0,201.44542013812932,0.9592639054196634,1.2317175381653283e-15,7.39030522899197e-15
F2global_d50_k100_rho1,FR--KL,211.0,202.404684043549,0.9592639054196634,1.2317175381653283e-15,7.39030522899197e-15
F2global_d50_k100_rho1,FR--KL,212.0,203.36394794896864,0.9592639054196634,1.2317175381653283e-15,7.39030522899197e-15
F2global_d50_k100_rho1,FR--KL,213.0,204.32321185438832,0.9592639054196634,1.2317175381653283e-15,7.39030522899197e-15
F2global_d50_k100_rho1,FR--KL,214.0,205.28247575980797,0.9592639054196634,1.2317175381653283e-15,7.39030522899197e-15
F2global_d50_k100_rho1,FR--KL,215.0,206.24173966522764,0.9592639054196634,1.2317175381653283e-15,7.39030522899197e-15
F2global_d50_k100_rho1,FR--KL,216.0,207.20100357064732,0.9592639054196634,0.0,7.39030522899197e-15
F2global_d50_k100_rho1,FR--KL,217.0,208.16026747606696,0.9592639054196634,1.2317175381653283e-15,7.39030522899197e-15
F2global_d50_k100_rho1,FR--KL,218.0,209.11953138148664,0.9592639054196634,1.2317175381653283e-15,7.39030522899197e-15
F2global_d50_k100_rho1,FR--KL,219.0,210.07879528690628,0.9592639054196634,0.0,7.39030522899197e-15
F2global_d50_k100_rho1,FR--KL,220.0,211.03805919232596,0.9592639054196634,1.2317175381653283e-15,7.39030522899197e-15
F2global_d50_k100_rho1,FR--KL,221.0,211.9973230977456,0.9592639054196634,1.2317175381653283e-15,7.39030522899197e-15
F2global_d50_k100_rho1,FR--KL,222.0,212.95658700316528,0.9592639054196634,0.0,7.39030522899197e-15
F2global_d50_k100_rho1,FR--KL,223.0,213.91585090858496,0.9592639054196634,0.0,7.39030522899197e-15
F2global_d50_k100_rho1,FR--KL,224.0,214.8751148140046,0.9592639054196634,1.2317175381653283e-15,7.39030522899197e-15
F2global_d50_k100_rho1,FR--KL,225.0,215.83437871942428,0.9592639054196634,1.2317175381653283e-15,7.39030522899197e-15
F2global_d50_k100_rho1,FR--KL,226.0,216.79364262484393,0.9592639054196634,1.2317175381653283e-15,7.39030522899197e-15
F2global_d50_k100_rho1,FR--KL,227.0,217.7529065302636,0.9592639054196634,1.2317175381653283e-15,7.39030522899197e-15
F2global_d50_k100_rho1,FR--KL,228.0,218.71217043568328,0.9592639054196634,0.0,7.39030522899197e-15
F2global_d50_k100_rho1,FR--KL,229.0,219.67143434110292,0.9592639054196634,1.2317175381653283e-15,7.39030522899197e-15
F2global_d50_k100_rho1,FR--KL,230.0,220.6306982465226,0.9592639054196634,1.2317175381653283e-15,7.39030522899197e-15
F2global_d50_k100_rho1,FR--KL,231.0,221.58996215194225,0.9592639054196634,1.2317175381653283e-15,7.39030522899197e-15
F2global_d50_k100_rho1,FR--KL,232.0,222.54922605736192,0.9592639054196634,1.2317175381653283e-15,7.39030522899197e-15
F2global_d50_k100_rho1,FR--KL,233.0,223.5084899627816,0.9592639054196634,1.2317175381653283e-15,7.39030522899197e-15
F2global_d50_k100_rho1,FR--KL,234.0,224.46775386820124,0.9592639054196634,0.0,7.39030522899197e-15
F2global_d50_k100_rho1,FR--KL,235.0,225.42701777362092,0.9592639054196634,0.0,7.39030522899197e-15
F2global_d50_k100_rho1,FR--KL,236.0,226.38628167904056,0.9592639054196634,0.0,7.39030522899197e-15
F2global_d50_k100_rho1,FR--KL,237.0,227.34554558446024,0.9592639054196634,1.2317175381653283e-15,7.39030522899197e-15
F2global_d50_k100_rho1,FR--KL,238.0,228.3048094898799,0.9592639054196634,1.2317175381653283e-15,7.39030522899197e-15
F2global_d50_k100_rho1,FR--KL,239.0,229.26407339529956,0.9592639054196634,0.0,7.39030522899197e-15
F2global_d50_k100_rho1,FR--KL,240.0,230.22333730071924,0.9592639054196634,1.2317175381653283e-15,7.39030522899197e-15
F2global_d50_k100_rho1,FR--KL,241.0,231.18260120613888,0.9592639054196634,1.2317175381653283e-15,7.39030522899197e-15
F2global_d50_k100_rho1,FR--KL,242.0,232.14186511155856,0.9592639054196634,1.2317175381653283e-15,7.39030522899197e-15
F2global_d50_k100_rho1,FR--KL,243.0,233.1011290169782,0.9592639054196634,1.2317175381653283e-15,7.39030522899197e-15
F2global_d50_k100_rho1,FR--KL,244.0,234.06039292239788,0.9592639054196634,1.2317175381653283e-15,7.39030522899197e-15
F2global_d50_k100_rho1,FR--KL,245.0,235.01965682781756,0.9592639054196634,0.0,7.39030522899197e-15
F2global_d50_k100_rho1,FR--KL,246.0,235.9789207332372,0.9592639054196634,1.2317175381653283e-15,7.39030522899197e-15
F2global_d50_k100_rho1,FR--KL,247.0,236.93818463865688,0.9592639054196634,0.0,7.39030522899197e-15
F2global_d50_k100_rho1,FR--KL,248.0,237.89744854407652,0.9592639054196634,1.2317175381653283e-15,7.39030522899197e-15
F2global_d50_k100_rho1,FR--KL,249.0,238.8567124494962,0.9592639054196634,0.0,7.39030522899197e-15
F2global_d50_k100_rho1,FR--KL,250.0,239.81597635491585,0.9592639054196634,1.2317175381653283e-15,7.39030522899197e-15
F2global_d50_k100_rho1,FR--KL,251.0,240.77524026033552,0.9592639054196634,0.0,7.39030522899197e-15
F2global_d50_k100_rho1,FR--KL,252.0,241.7345041657552,0.9592639054196634,1.2317175381653283e-15,7.39030522899197e-15
F2global_d50_k100_rho1,FR--KL,253.0,242.69376807117484,0.9592639054196634,1.2317175381653283e-15,7.39030522899197e-15
F2global_d50_k100_rho1,FR--KL,254.0,243.65303197659452,0.9592639054196634,1.2317175381653283e-15,7.39030522899197e-15
F2global_d50_k100_rho1,FR--KL,255.0,244.61229588201417,0.9592639054196634,0.0,7.39030522899197e-15
F2global_d50_k100_rho1,FR--KL,256.0,245.57155978743384,0.9592639054196634,1.2317175381653283e-15,7.39030522899197e-15
F2global_d50_k100_rho1,FR--KL,257.0,246.53082369285352,0.9592639054196634,0.0,7.39030522899197e-15
F2global_d50_k100_rho1,FR--KL,258.0,247.49008759827316,0.9592639054196634,1.2317175381653283e-15,7.39030522899197e-15
F2global_d50_k100_rho1,FR--KL,259.0,248.44935150369284,0.9592639054196634,1.2317175381653283e-15,7.39030522899197e-15
F2global_d50_k100_rho1,FR--KL,260.0,249.40861540911249,0.9592639054196634,1.2317175381653283e-15,7.39030522899197e-15
F2global_d50_k100_rho1,FR--KL,261.0,250.36787931453216,0.9592639054196634,1.2317175381653283e-15,7.39030522899197e-15
F2global_d50_k100_rho1,FR--KL,262.0,251.32714321995184,0.9592639054196634,1.2317175381653283e-15,7.39030522899197e-15
F2global_d50_k100_rho1,FR--KL,263.0,252.28640712537148,0.9592639054196634,0.0,7.39030522899197e-15
F2global_d50_k100_rho1,FR--KL,264.0,253.24567103079116,0.9592639054196634,1.2317175381653283e-15,7.39030522899197e-15
F2global_d50_k100_rho1,FR--KL,265.0,254.2049349362108,0.9592639054196634,1.2317175381653283e-15,7.39030522899197e-15
F2global_d50_k100_rho1,FR--KL,266.0,255.16419884163048,0.9592639054196634,1.2317175381653283e-15,7.39030522899197e-15
F2global_d50_k100_rho1,FR--KL,267.0,256.12346274705016,0.9592639054196634,0.0,7.39030522899197e-15
F2global_d50_k100_rho1,FR--KL,268.0,257.08272665246983,0.9592639054196634,1.2317175381653283e-15,7.39030522899197e-15
F2global_d50_k100_rho1,FR--KL,269.0,258.04199055788945,0.9592639054196634,1.2317175381653283e-15,7.39030522899197e-15
F2global_d50_k100_rho1,FR--KL,270.0,259.0012544633091,0.9592639054196634,1.2317175381653283e-15,7.39030522899197e-15
F2global_d50_k100_rho1,FR--KL,271.0,259.9605183687288,0.9592639054196634,1.2317175381653283e-15,7.39030522899197e-15
F2global_d50_k100_rho1,FR--KL,272.0,260.9197822741485,0.9592639054196634,1.2317175381653283e-15,7.39030522899197e-15
F2global_d50_k100_rho1,FR--KL,273.0,261.8790461795681,0.9592639054196634,1.2317175381653283e-15,7.39030522899197e-15
F2global_d50_k100_rho1,FR--KL,274.0,262.83831008498777,0.9592639054196634,1.2317175381653283e-15,7.39030522899197e-15
F2global_d50_k100_rho1,FR--KL,275.0,263.79757399040744,0.9592639054196634,0.0,7.39030522899197e-15
F2global_d50_k100_rho1,FR--KL,276.0,264.7568378958271,0.9592639054196634,1.2317175381653283e-15,7.39030522899197e-15
F2global_d50_k100_rho1,FR--KL,277.0,265.7161018012468,0.9592639054196634,1.2317175381653283e-15,7.39030522899197e-15
F2global_d50_k100_rho1,FR--KL,278.0,266.6753657066664,0.9592639054196634,0.0,7.39030522899197e-15
F2global_d50_k100_rho1,FR--KL,279.0,267.6346296120861,0.9592639054196634,1.2317175381653283e-15,7.39030522899197e-15
F2global_d50_k100_rho1,FR--KL,280.0,268.59389351750576,0.9592639054196634,1.2317175381653283e-15,7.39030522899197e-15
F2global_d50_k100_rho1,FR--KL,281.0,269.55315742292544,0.9592639054196634,1.2317175381653283e-15,7.39030522899197e-15
F2global_d50_k100_rho1,FR--KL,282.0,270.5124213283451,0.9592639054196634,1.2317175381653283e-15,7.39030522899197e-15
F2global_d50_k100_rho1,FR--KL,283.0,271.47168523376473,0.9592639054196634,1.2317175381653283e-15,7.39030522899197e-15
F2global_d50_k100_rho1,FR--KL,284.0,272.4309491391844,0.9592639054196634,1.2317175381653283e-15,7.39030522899197e-15
F2global_d50_k100_rho1,FR--KL,285.0,273.3902130446041,0.9592639054196634,0.0,7.39030522899197e-15
F2global_d50_k100_rho1,FR--KL,286.0,274.34947695002376,0.9592639054196634,1.2317175381653283e-15,7.39030522899197e-15
F2global_d50_k100_rho1,FR--KL,287.0,275.30874085544343,0.9592639054196634,1.2317175381653283e-15,7.39030522899197e-15
F2global_d50_k100_rho1,FR--KL,288.0,276.26800476086305,0.9592639054196634,1.2317175381653283e-15,7.39030522899197e-15
F2global_d50_k100_rho1,FR--KL,289.0,277.2272686662827,0.9592639054196634,1.2317175381653283e-15,7.39030522899197e-15
F2global_d50_k100_rho1,FR--KL,290.0,278.1865325717024,0.9592639054196634,1.2317175381653283e-15,7.39030522899197e-15
F2global_d50_k100_rho1,FR--KL,291.0,279.1457964771221,0.9592639054196634,1.2317175381653283e-15,7.39030522899197e-15
F2global_d50_k100_rho1,FR--KL,292.0,280.10506038254175,0.9592639054196634,0.0,7.39030522899197e-15
F2global_d50_k100_rho1,FR--KL,293.0,281.06432428796137,0.9592639054196634,1.2317175381653283e-15,7.39030522899197e-15
F2global_d50_k100_rho1,FR--KL,294.0,282.02358819338104,0.9592639054196634,0.0,7.39030522899197e-15
F2global_d50_k100_rho1,FR--KL,295.0,282.9828520988007,0.9592639054196634,1.2317175381653283e-15,7.39030522899197e-15
F2global_d50_k100_rho1,FR--KL,296.0,283.9421160042204,0.9592639054196634,1.2317175381653283e-15,7.39030522899197e-15
F2global_d50_k100_rho1,FR--KL,297.0,284.90137990964007,0.9592639054196634,1.2317175381653283e-15,7.39030522899197e-15
F2global_d50_k100_rho1,FR--KL,298.0,285.8606438150597,0.9592639054196634,1.2317175381653283e-15,7.39030522899197e-15
F2global_d50_k100_rho1,FR--KL,299.0,286.81990772047936,0.9592639054196634,0.0,7.39030522899197e-15
F2global_d50_k100_rho1,FR--KL,300.0,287.77917162589904,0.9592639054196634,1.2317175381653283e-15,7.39030522899197e-15
F2global_d50_k100_rho1,FR--KL,301.0,288.7384355313187,0.9592639054196634,1.2317175381653283e-15,7.39030522899197e-15
F2global_d50_k100_rho1,FR--KL,302.0,289.69769943673833,0.9592639054196634,1.2317175381653283e-15,7.39030522899197e-15
F2global_d50_k100_rho1,FR--KL,303.0,290.656963342158,0.9592639054196634,1.2317175381653283e-15,7.39030522899197e-15
F2global_d50_k100_rho1,FR--KL,304.0,291.6162272475777,0.9592639054196634,0.0,7.39030522899197e-15
F2global_d50_k100_rho1,FR--KL,305.0,292.57549115299736,0.9592639054196634,1.2317175381653283e-15,7.39030522899197e-15
F2global_d50_k100_rho1,FR--KL,306.0,293.53475505841703,0.9592639054196634,1.2317175381653283e-15,7.39030522899197e-15
F2global_d50_k100_rho1,FR--KL,307.0,294.49401896383665,0.9592639054196634,1.2317175381653283e-15,7.39030522899197e-15
F2global_d50_k100_rho1,FR--KL,308.0,295.4532828692563,0.9592639054196634,1.2317175381653283e-15,7.39030522899197e-15
F2global_d50_k100_rho1,FR--KL,309.0,296.412546774676,0.9592639054196634,0.0,7.39030522899197e-15
F2global_d50_k100_rho1,FR--KL,310.0,297.3718106800957,0.9592639054196634,1.2317175381653283e-15,7.39030522899197e-15
F2global_d50_k100_rho1,FR--KL,311.0,298.33107458551535,0.9592639054196634,1.2317175381653283e-15,7.39030522899197e-15
F2global_d50_k100_rho1,FR--KL,312.0,299.29033849093497,0.9592639054196634,1.2317175381653283e-15,7.39030522899197e-15
F2global_d50_k100_rho1,FR--KL,313.0,300.24960239635465,0.9592639054196634,1.2317175381653283e-15,7.39030522899197e-15
F2global_d50_k100_rho1,FR--KL,314.0,301.2088663017743,0.9592639054196634,0.0,7.39030522899197e-15
F2global_d50_k100_rho1,FR--KL,315.0,302.168130207194,0.9592639054196634,1.2317175381653283e-15,7.39030522899197e-15
F2global_d50_k100_rho1,FR--KL,316.0,303.1273941126137,0.9592639054196634,0.0,7.39030522899197e-15
F2global_d50_k100_rho1,FR--KL,317.0,304.0866580180333,0.9592639054196634,1.2317175381653283e-15,7.39030522899197e-15
F2global_d50_k100_rho1,FR--KL,318.0,305.04592192345297,0.9592639054196634,1.2317175381653283e-15,7.39030522899197e-15
F2global_d50_k100_rho1,FR--KL,319.0,306.00518582887264,0.9592639054196634,0.0,7.39030522899197e-15
F2global_d50_k100_rho1,FR--KL,320.0,306.9644497342923,0.9592639054196634,1.2317175381653283e-15,7.39030522899197e-15
F2global_d50_k100_rho1,FR--KL,321.0,307.923713639712,0.9592639054196634,1.2317175381653283e-15,7.39030522899197e-15
F2global_d50_k100_rho1,FR--KL,322.0,308.8829775451316,0.9592639054196634,1.2317175381653283e-15,7.39030522899197e-15
F2global_d50_k100_rho1,FR--KL,323.0,309.8422414505513,0.9592639054196634,1.2317175381653283e-15,7.39030522899197e-15
F2global_d50_k100_rho1,FR--KL,324.0,310.80150535597096,0.9592639054196634,1.2317175381653283e-15,7.39030522899197e-15
F2global_d50_k100_rho1,FR--KL,325.0,311.76076926139064,0.9592639054196634,1.2317175381653283e-15,7.39030522899197e-15
F2global_d50_k100_rho1,FR--KL,326.0,312.7200331668103,0.9592639054196634,1.2317175381653283e-15,7.39030522899197e-15
F2global_d50_k100_rho1,FR--KL,327.0,313.67929707222993,0.9592639054196634,0.0,7.39030522899197e-15
F2global_d50_k100_rho1,FR--KL,328.0,314.6385609776496,0.9592639054196634,1.2317175381653283e-15,7.39030522899197e-15
F2global_d50_k100_rho1,FR--KL,329.0,315.5978248830693,0.9592639054196634,1.2317175381653283e-15,7.39030522899197e-15
F2global_d50_k100_rho1,FR--KL,330.0,316.55708878848895,0.9592639054196634,1.2317175381653283e-15,7.39030522899197e-15
F2global_d50_k100_rho1,FR--KL,331.0,317.5163526939086,0.9592639054196634,1.2317175381653283e-15,7.39030522899197e-15
F2global_d50_k100_rho1,FR--KL,332.0,318.47561659932825,0.9592639054196634,1.2317175381653283e-15,7.39030522899197e-15
F2global_d50_k100_rho1,FR--KL,333.0,319.4348805047479,0.9592639054196634,1.2317175381653283e-15,7.39030522899197e-15
F2global_d50_k100_rho1,FR--KL,334.0,320.3941444101676,0.9592639054196634,1.2317175381653283e-15,7.39030522899197e-15
F2global_d50_k100_rho1,FR--KL,335.0,321.3534083155873,0.9592639054196634,1.2317175381653283e-15,7.39030522899197e-15
F2global_d50_k100_rho1,FR--KL,336.0,322.3126722210069,0.9592639054196634,0.0,7.39030522899197e-15
F2global_d50_k100_rho1,FR--KL,337.0,323.27193612642657,0.9592639054196634,1.2317175381653283e-15,7.39030522899197e-15
F2global_d50_k100_rho1,FR--KL,338.0,324.23120003184624,0.9592639054196634,1.2317175381653283e-15,7.39030522899197e-15
F2global_d50_k100_rho1,FR--KL,339.0,325.1904639372659,0.9592639054196634,0.0,7.39030522899197e-15
F2global_d50_k100_rho1,FR--KL,340.0,326.1497278426856,0.9592639054196634,1.2317175381653283e-15,7.39030522899197e-15
F2global_d50_k100_rho1,FR--KL,341.0,327.1089917481052,0.9592639054196634,1.2317175381653283e-15,7.39030522899197e-15
F2global_d50_k100_rho1,FR--KL,342.0,328.0682556535249,0.9592639054196634,1.2317175381653283e-15,7.39030522899197e-15
F2global_d50_k100_rho1,FR--KL,343.0,329.02751955894456,0.9592639054196634,1.2317175381653283e-15,7.39030522899197e-15
F2global_d50_k100_rho1,FR--KL,344.0,329.98678346436424,0.9592639054196634,1.2317175381653283e-15,7.39030522899197e-15
F2global_d50_k100_rho1,FR--KL,345.0,330.9460473697839,0.9592639054196634,1.2317175381653283e-15,7.39030522899197e-15
F2global_d50_k100_rho1,FR--KL,346.0,331.90531127520353,0.9592639054196634,0.0,7.39030522899197e-15
F2global_d50_k100_rho1,FR--KL,347.0,332.8645751806232,0.9592639054196634,1.2317175381653283e-15,7.39030522899197e-15
F2global_d50_k100_rho1,FR--KL,348.0,333.8238390860429,0.9592639054196634,1.2317175381653283e-15,7.39030522899197e-15
F2global_d50_k100_rho1,FR--KL,349.0,334.78310299146256,0.9592639054196634,0.0,7.39030522899197e-15
F2global_d50_k100_rho1,FR--KL,350.0,335.74236689688223,0.9592639054196634,0.0,7.39030522899197e-15
F2global_d50_k100_rho1,FR--KL,351.0,336.70163080230185,0.9592639054196634,1.2317175381653283e-15,7.39030522899197e-15
F2global_d50_k100_rho1,FR--KL,352.0,337.6608947077215,0.9592639054196634,0.0,7.39030522899197e-15
F2global_d50_k100_rho1,FR--KL,353.0,338.6201586131412,0.9592639054196634,1.2317175381653283e-15,7.39030522899197e-15
F2global_d50_k100_rho1,FR--KL,354.0,339.5794225185609,0.9592639054196634,-1.2317175381653283e-15,7.39030522899197e-15
F2global_d50_k100_rho1,FR--KL,355.0,340.53868642398055,0.9592639054196634,1.2317175381653283e-15,7.39030522899197e-15
F2global_d50_k100_rho1,FR--KL,356.0,341.49795032940017,0.9592639054196634,0.0,7.39030522899197e-15
F2global_d50_k100_rho1,FR--KL,357.0,342.45721423481984,0.9592639054196634,1.2317175381653283e-15,7.39030522899197e-15
F2global_d50_k100_rho1,FR--KL,358.0,343.4164781402395,0.9592639054196634,1.2317175381653283e-15,7.39030522899197e-15
F2global_d50_k100_rho1,FR--KL,359.0,344.3757420456592,0.9592639054196634,0.0,7.39030522899197e-15
F2global_d50_k100_rho1,FR--KL,360.0,345.3350059510788,0.9592639054196634,1.2317175381653283e-15,7.39030522899197e-15
F2global_d50_k100_rho1,FR--KL,361.0,346.2942698564985,0.9592639054196634,0.0,7.39030522899197e-15
F2global_d50_k100_rho1,FR--KL,362.0,347.25353376191816,0.9592639054196634,1.2317175381653283e-15,7.39030522899197e-15
F2global_d50_k100_rho1,FR--KL,363.0,348.21279766733784,0.9592639054196634,1.2317175381653283e-15,7.39030522899197e-15
F2global_d50_k100_rho1,FR--KL,364.0,349.1720615727575,0.9592639054196634,1.2317175381653283e-15,7.39030522899197e-15
F2global_d50_k100_rho1,FR--KL,365.0,350.13132547817713,0.9592639054196634,1.2317175381653283e-15,7.39030522899197e-15
F2global_d50_k100_rho1,FR--KL,366.0,351.0905893835968,0.9592639054196634,1.2317175381653283e-15,7.39030522899197e-15
F2global_d50_k100_rho1,FR--KL,367.0,352.0498532890165,0.9592639054196634,1.2317175381653283e-15,7.39030522899197e-15
F2global_d50_k100_rho1,FR--KL,368.0,353.00911719443616,0.9592639054196634,1.2317175381653283e-15,7.39030522899197e-15
F2global_d50_k100_rho1,FR--KL,369.0,353.96838109985583,0.9592639054196634,1.2317175381653283e-15,7.39030522899197e-15
F2global_d50_k100_rho1,FR--KL,370.0,354.92764500527545,0.9592639054196634,1.2317175381653283e-15,7.39030522899197e-15
F2global_d50_k100_rho1,FR--KL,371.0,355.8869089106951,0.9592639054196634,0.0,7.39030522899197e-15
F2global_d50_k100_rho1,FR--KL,372.0,356.8461728161148,0.9592639054196634,1.2317175381653283e-15,7.39030522899197e-15
F2global_d50_k100_rho1,FR--KL,373.0,357.8054367215345,0.9592639054196634,1.2317175381653283e-15,7.39030522899197e-15
F2global_d50_k100_rho1,FR--KL,374.0,358.76470062695415,0.9592639054196634,1.2317175381653283e-15,7.39030522899197e-15
F2global_d50_k100_rho1,FR--KL,375.0,359.72396453237377,0.9592639054196634,1.2317175381653283e-15,7.39030522899197e-15
F2global_d50_k100_rho1,FR--KL,376.0,360.68322843779345,0.9592639054196634,1.2317175381653283e-15,7.39030522899197e-15
F2global_d50_k100_rho1,FR--KL,377.0,361.6424923432131,0.9592639054196634,1.2317175381653283e-15,7.39030522899197e-15
F2global_d50_k100_rho1,FR--KL,378.0,362.6017562486328,0.9592639054196634,0.0,7.39030522899197e-15
F2global_d50_k100_rho1,FR--KL,379.0,363.56102015405247,0.9592639054196634,1.2317175381653283e-15,7.39030522899197e-15
F2global_d50_k100_rho1,FR--KL,380.0,364.5202840594721,0.9592639054196634,1.2317175381653283e-15,7.39030522899197e-15
F2global_d50_k100_rho1,FR--KL,381.0,365.47954796489176,0.9592639054196634,1.2317175381653283e-15,7.39030522899197e-15
F2global_d50_k100_rho1,FR--KL,382.0,366.43881187031144,0.9592639054196634,1.2317175381653283e-15,7.39030522899197e-15
F2global_d50_k100_rho1,FR--KL,383.0,367.3980757757311,0.9592639054196634,1.2317175381653283e-15,7.39030522899197e-15
F2global_d50_k100_rho1,FR--KL,384.0,368.35733968115073,0.9592639054196634,1.2317175381653283e-15,7.39030522899197e-15
F2global_d50_k100_rho1,FR--KL,385.0,369.3166035865704,0.9592639054196634,1.2317175381653283e-15,7.39030522899197e-15
F2global_d50_k100_rho1,FR--KL,386.0,370.2758674919901,0.9592639054196634,1.2317175381653283e-15,7.39030522899197e-15
F2global_d50_k100_rho1,FR--KL,387.0,371.23513139740976,0.9592639054196634,1.2317175381653283e-15,7.39030522899197e-15
F2global_d50_k100_rho1,FR--KL,388.0,372.19439530282943,0.9592639054196634,1.2317175381653283e-15,7.39030522899197e-15
F2global_d50_k100_rho1,FR--KL,389.0,373.15365920824905,0.9592639054196634,1.2317175381653283e-15,7.39030522899197e-15
F2global_d50_k100_rho1,FR--KL,390.0,374.1129231136687,0.9592639054196634,1.2317175381653283e-15,7.39030522899197e-15
F2global_d50_k100_rho1,FR--KL,391.0,375.0721870190884,0.9592639054196634,1.2317175381653283e-15,7.39030522899197e-15
F2global_d50_k100_rho1,FR--KL,392.0,376.0314509245081,0.9592639054196634,1.2317175381653283e-15,7.39030522899197e-15
F2global_d50_k100_rho1,FR--KL,393.0,376.99071482992775,0.9592639054196634,1.2317175381653283e-15,7.39030522899197e-15
F2global_d50_k100_rho1,FR--KL,394.0,377.9499787353474,0.9592639054196634,1.2317175381653283e-15,7.39030522899197e-15
F2global_d50_k100_rho1,FR--KL,395.0,378.90924264076705,0.9592639054196634,1.2317175381653283e-15,7.39030522899197e-15
F2global_d50_k100_rho1,FR--KL,396.0,379.8685065461867,0.9592639054196634,1.2317175381653283e-15,7.39030522899197e-15
F2global_d50_k100_rho1,FR--KL,397.0,380.8277704516064,0.9592639054196634,1.2317175381653283e-15,7.39030522899197e-15
F2global_d50_k100_rho1,FR--KL,398.0,381.7870343570261,0.9592639054196634,1.2317175381653283e-15,7.39030522899197e-15
F2global_d50_k100_rho1,FR--KL,399.0,382.7462982624457,0.9592639054196634,1.2317175381653283e-15,7.39030522899197e-15
F2global_d50_k100_rho1,FR--KL,400.0,383.70556216786537,0.9592639054196634,1.2317175381653283e-15,7.39030522899197e-15
F2global_d50_k100_rho1,FB--GVI,0.0,0.0,0.4796319527098317,1.0,8.622022767157298e-15
F2global_d50_k100_rho1,FB--GVI,1.0,0.4796319527098317,0.4796319527098317,0.28788675707799305,8.622022767157298e-15
F2global_d50_k100_rho1,FB--GVI,2.0,0.9592639054196634,0.4796319527098317,0.08381436684517515,8.622022767157298e-15
F2global_d50_k100_rho1,FB--GVI,3.0,1.438895858129495,0.4796319527098317,0.024093981316611994,8.622022767157298e-15
F2global_d50_k100_rho1,FB--GVI,4.0,1.9185278108393269,0.4796319527098317,0.006837896663628518,8.622022767157298e-15
F2global_d50_k100_rho1,FB--GVI,5.0,2.3981597635491587,0.4796319527098317,0.0019249425318667913,8.622022767157298e-15
F2global_d50_k100_rho1,FB--GVI,6.0,2.87779171625899,0.4796319527098317,0.0005399907915864234,8.622022767157298e-15
F2global_d50_k100_rho1,FB--GVI,7.0,3.357423668968822,0.4796319527098317,0.00015147184197873755,8.622022767157298e-15
F2global_d50_k100_rho1,FB--GVI,8.0,3.8370556216786538,0.4796319527098317,4.2592835329797833e-05,8.622022767157298e-15
F2global_d50_k100_rho1,FB--GVI,9.0,4.316687574388485,0.4796319527098317,1.2028351460995207e-05,8.622022767157298e-15
F2global_d50_k100_rho1,FB--GVI,10.0,4.796319527098317,0.4796319527098317,3.4165253972697113e-06,8.622022767157298e-15
F2global_d50_k100_rho1,FB--GVI,11.0,5.275951479808149,0.4796319527098317,9.772924176763876e-07,8.622022767157298e-15
F2global_d50_k100_rho1,FB--GVI,12.0,5.75558343251798,0.4796319527098317,2.818517724478329e-07,8.622022767157298e-15
F2global_d50_k100_rho1,FB--GVI,13.0,6.2352153852278125,0.4796319527098317,8.203907996319573e-08,8.622022767157298e-15
F2global_d50_k100_rho1,FB--GVI,14.0,6.714847337937644,0.4796319527098317,2.4122265428531872e-08,8.622022767157298e-15
F2global_d50_k100_rho1,FB--GVI,15.0,7.194479290647476,0.4796319527098317,7.170295842324879e-09,8.622022767157298e-15
F2global_d50_k100_rho1,FB--GVI,16.0,7.6741112433573075,0.4796319527098317,2.1558308652194006e-09,8.622022767157298e-15
F2global_d50_k100_rho1,FB--GVI,17.0,8.15374319606714,0.4796319527098317,6.558144543032093e-10,8.622022767157298e-15
F2global_d50_k100_rho1,FB--GVI,18.0,8.63337514877697,0.4796319527098317,2.01868650764992e-10,8.622022767157298e-15
F2global_d50_k100_rho1,FB--GVI,19.0,9.113007101486803,0.4796319527098317,6.285700940765304e-11,8.622022767157298e-15
F2global_d50_k100_rho1,FB--GVI,20.0,9.592639054196635,0.4796319527098317,1.9791237403240497e-11,8.622022767157298e-15
F2global_d50_k100_rho1,FB--GVI,21.0,10.072271006906465,0.4796319527098317,6.2928449024866625e-12,8.622022767157298e-15
F2global_d50_k100_rho1,FB--GVI,22.0,10.551902959616298,0.4796319527098317,2.018785045052973e-12,8.622022767157298e-15
F2global_d50_k100_rho1,FB--GVI,23.0,11.03153491232613,0.4796319527098317,6.577371653802854e-13,8.622022767157298e-15
F2global_d50_k100_rho1,FB--GVI,24.0,11.51116686503596,0.4796319527098317,2.1308713410260183e-13,8.622022767157298e-15
F2global_d50_k100_rho1,FB--GVI,25.0,11.990798817745793,0.4796319527098317,7.267133475175438e-14,8.622022767157298e-15
F2global_d50_k100_rho1,FB--GVI,26.0,12.470430770455625,0.4796319527098317,2.2170915686975914e-14,8.622022767157298e-15
F2global_d50_k100_rho1,FB--GVI,27.0,12.950062723165457,0.4796319527098317,8.622022767157298e-15,8.622022767157298e-15
F2global_d50_k100_rho1,FB--GVI,28.0,13.429694675875288,0.4796319527098317,-1.2317175381653283e-15,8.622022767157298e-15
F2global_d50_k100_rho1,FB--GVI,29.0,13.90932662858512,0.4796319527098317,1.2317175381653283e-15,8.622022767157298e-15
F2global_d50_k100_rho1,FB--GVI,30.0,14.388958581294952,0.4796319527098317,1.2317175381653283e-15,8.622022767157298e-15
F2global_d50_k100_rho1,FB--GVI,31.0,14.868590534004783,0.4796319527098317,-1.2317175381653283e-15,8.622022767157298e-15
F2global_d50_k100_rho1,FB--GVI,32.0,15.348222486714615,0.4796319527098317,-3.695152614495985e-15,8.622022767157298e-15
F2global_d50_k100_rho1,FB--GVI,33.0,15.827854439424447,0.4796319527098317,-1.2317175381653283e-15,8.622022767157298e-15
F2global_d50_k100_rho1,FB--GVI,34.0,16.30748639213428,0.4796319527098317,0.0,8.622022767157298e-15
F2global_d50_k100_rho1,FB--GVI,35.0,16.78711834484411,0.4796319527098317,1.2317175381653283e-15,8.622022767157298e-15
F2global_d50_k100_rho1,FB--GVI,36.0,17.26675029755394,0.4796319527098317,-3.695152614495985e-15,8.622022767157298e-15
F2global_d50_k100_rho1,FB--GVI,37.0,17.746382250263775,0.4796319527098317,0.0,8.622022767157298e-15
F2global_d50_k100_rho1,FB--GVI,38.0,18.226014202973605,0.4796319527098317,1.2317175381653283e-15,8.622022767157298e-15
F2global_d50_k100_rho1,FB--GVI,39.0,18.705646155683436,0.4796319527098317,0.0,8.622022767157298e-15
F2global_d50_k100_rho1,FB--GVI,40.0,19.18527810839327,0.4796319527098317,1.2317175381653283e-15,8.622022767157298e-15
F2global_d50_k100_rho1,FB--GVI,41.0,19.6649100611031,0.4796319527098317,4.926870152661313e-15,8.622022767157298e-15
F2global_d50_k100_rho1,FB--GVI,42.0,20.14454201381293,0.4796319527098317,1.2317175381653283e-15,8.622022767157298e-15
F2global_d50_k100_rho1,FB--GVI,43.0,20.624173966522765,0.4796319527098317,1.2317175381653283e-15,8.622022767157298e-15
F2global_d50_k100_rho1,FB--GVI,44.0,21.103805919232595,0.4796319527098317,0.0,8.622022767157298e-15
F2global_d50_k100_rho1,FB--GVI,45.0,21.583437871942426,0.4796319527098317,-2.4634350763306566e-15,8.622022767157298e-15
F2global_d50_k100_rho1,FB--GVI,46.0,22.06306982465226,0.4796319527098317,2.4634350763306566e-15,8.622022767157298e-15
F2global_d50_k100_rho1,FB--GVI,47.0,22.54270177736209,0.4796319527098317,-1.2317175381653283e-15,8.622022767157298e-15
F2global_d50_k100_rho1,FB--GVI,48.0,23.02233373007192,0.4796319527098317,3.695152614495985e-15,8.622022767157298e-15
F2global_d50_k100_rho1,FB--GVI,49.0,23.501965682781755,0.4796319527098317,2.4634350763306566e-15,8.622022767157298e-15
F2global_d50_k100_rho1,FB--GVI,50.0,23.981597635491585,0.4796319527098317,0.0,8.622022767157298e-15
F2global_d50_k100_rho1,FB--GVI,51.0,24.46122958820142,0.4796319527098317,-1.2317175381653283e-15,8.622022767157298e-15
F2global_d50_k100_rho1,FB--GVI,52.0,24.94086154091125,0.4796319527098317,0.0,8.622022767157298e-15
F2global_d50_k100_rho1,FB--GVI,53.0,25.42049349362108,0.4796319527098317,3.695152614495985e-15,8.622022767157298e-15
F2global_d50_k100_rho1,FB--GVI,54.0,25.900125446330915,0.4796319527098317,0.0,8.622022767157298e-15
F2global_d50_k100_rho1,FB--GVI,55.0,26.379757399040745,0.4796319527098317,0.0,8.622022767157298e-15
F2global_d50_k100_rho1,FB--GVI,56.0,26.859389351750576,0.4796319527098317,-1.2317175381653283e-15,8.622022767157298e-15
F2global_d50_k100_rho1,FB--GVI,57.0,27.33902130446041,0.4796319527098317,0.0,8.622022767157298e-15
F2global_d50_k100_rho1,FB--GVI,58.0,27.81865325717024,0.4796319527098317,0.0,8.622022767157298e-15
F2global_d50_k100_rho1,FB--GVI,59.0,28.29828520988007,0.4796319527098317,0.0,8.622022767157298e-15
F2global_d50_k100_rho1,FB--GVI,60.0,28.777917162589905,0.4796319527098317,1.2317175381653283e-15,8.622022767157298e-15
F2global_d50_k100_rho1,FB--GVI,61.0,29.257549115299735,0.4796319527098317,-1.2317175381653283e-15,8.622022767157298e-15
F2global_d50_k100_rho1,FB--GVI,62.0,29.737181068009566,0.4796319527098317,1.2317175381653283e-15,8.622022767157298e-15
F2global_d50_k100_rho1,FB--GVI,63.0,30.2168130207194,0.4796319527098317,1.2317175381653283e-15,8.622022767157298e-15
F2global_d50_k100_rho1,FB--GVI,64.0,30.69644497342923,0.4796319527098317,-2.4634350763306566e-15,8.622022767157298e-15
F2global_d50_k100_rho1,FB--GVI,65.0,31.17607692613906,0.4796319527098317,1.2317175381653283e-15,8.622022767157298e-15
F2global_d50_k100_rho1,FB--GVI,66.0,31.655708878848895,0.4796319527098317,0.0,8.622022767157298e-15
F2global_d50_k100_rho1,FB--GVI,67.0,32.13534083155873,0.4796319527098317,-1.2317175381653283e-15,8.622022767157298e-15
F2global_d50_k100_rho1,FB--GVI,68.0,32.61497278426856,0.4796319527098317,0.0,8.622022767157298e-15
F2global_d50_k100_rho1,FB--GVI,69.0,33.09460473697839,0.4796319527098317,1.2317175381653283e-15,8.622022767157298e-15
F2global_d50_k100_rho1,FB--GVI,70.0,33.57423668968822,0.4796319527098317,1.2317175381653283e-15,8.622022767157298e-15
F2global_d50_k100_rho1,FB--GVI,71.0,34.05386864239805,0.4796319527098317,-1.2317175381653283e-15,8.622022767157298e-15
F2global_d50_k100_rho1,FB--GVI,72.0,34.53350059510788,0.4796319527098317,0.0,8.622022767157298e-15
F2global_d50_k100_rho1,FB--GVI,73.0,35.01313254781772,0.4796319527098317,0.0,8.622022767157298e-15
F2global_d50_k100_rho1,FB--GVI,74.0,35.49276450052755,0.4796319527098317,0.0,8.622022767157298e-15
F2global_d50_k100_rho1,FB--GVI,75.0,35.97239645323738,0.4796319527098317,0.0,8.622022767157298e-15
F2global_d50_k100_rho1,FB--GVI,76.0,36.45202840594721,0.4796319527098317,1.2317175381653283e-15,8.622022767157298e-15
F2global_d50_k100_rho1,FB--GVI,77.0,36.93166035865704,0.4796319527098317,0.0,8.622022767157298e-15
F2global_d50_k100_rho1,FB--GVI,78.0,37.41129231136687,0.4796319527098317,-1.2317175381653283e-15,8.622022767157298e-15
F2global_d50_k100_rho1,FB--GVI,79.0,37.89092426407671,0.4796319527098317,1.2317175381653283e-15,8.622022767157298e-15
F2global_d50_k100_rho1,FB--GVI,80.0,38.37055621678654,0.4796319527098317,0.0,8.622022767157298e-15
F2global_d50_k100_rho1,FB--GVI,81.0,38.85018816949637,0.4796319527098317,1.2317175381653283e-15,8.622022767157298e-15
F2global_d50_k100_rho1,FB--GVI,82.0,39.3298201222062,0.4796319527098317,0.0,8.622022767157298e-15
F2global_d50_k100_rho1,FB--GVI,83.0,39.80945207491603,0.4796319527098317,0.0,8.622022767157298e-15
F2global_d50_k100_rho1,FB--GVI,84.0,40.28908402762586,0.4796319527098317,0.0,8.622022767157298e-15
F2global_d50_k100_rho1,FB--GVI,85.0,40.7687159803357,0.4796319527098317,1.2317175381653283e-15,8.622022767157298e-15
F2global_d50_k100_rho1,FB--GVI,86.0,41.24834793304553,0.4796319527098317,1.2317175381653283e-15,8.622022767157298e-15
F2global_d50_k100_rho1,FB--GVI,87.0,41.72797988575536,0.4796319527098317,1.2317175381653283e-15,8.622022767157298e-15
F2global_d50_k100_rho1,FB--GVI,88.0,42.20761183846519,0.4796319527098317,-1.2317175381653283e-15,8.622022767157298e-15
F2global_d50_k100_rho1,FB--GVI,89.0,42.68724379117502,0.4796319527098317,1.2317175381653283e-15,8.622022767157298e-15
F2global_d50_k100_rho1,FB--GVI,90.0,43.16687574388485,0.4796319527098317,0.0,8.622022767157298e-15
F2global_d50_k100_rho1,FB--GVI,91.0,43.64650769659469,0.4796319527098317,0.0,8.622022767157298e-15
F2global_d50_k100_rho1,FB--GVI,92.0,44.12613964930452,0.4796319527098317,0.0,8.622022767157298e-15
F2global_d50_k100_rho1,FB--GVI,93.0,44.60577160201435,0.4796319527098317,0.0,8.622022767157298e-15
F2global_d50_k100_rho1,FB--GVI,94.0,45.08540355472418,0.4796319527098317,0.0,8.622022767157298e-15
F2global_d50_k100_rho1,FB--GVI,95.0,45.56503550743401,0.4796319527098317,0.0,8.622022767157298e-15
F2global_d50_k100_rho1,FB--GVI,96.0,46.04466746014384,0.4796319527098317,0.0,8.622022767157298e-15
F2global_d50_k100_rho1,FB--GVI,97.0,46.52429941285368,0.4796319527098317,2.4634350763306566e-15,8.622022767157298e-15
F2global_d50_k100_rho1,FB--GVI,98.0,47.00393136556351,0.4796319527098317,1.2317175381653283e-15,8.622022767157298e-15
F2global_d50_k100_rho1,FB--GVI,99.0,47.48356331827334,0.4796319527098317,0.0,8.622022767157298e-15
F2global_d50_k100_rho1,FB--GVI,100.0,47.96319527098317,0.4796319527098317,0.0,8.622022767157298e-15
F2global_d50_k100_rho1,FB--GVI,101.0,48.442827223693,0.4796319527098317,0.0,8.622022767157298e-15
F2global_d50_k100_rho1,FB--GVI,102.0,48.92245917640284,0.4796319527098317,0.0,8.622022767157298e-15
F2global_d50_k100_rho1,FB--GVI,103.0,49.40209112911267,0.4796319527098317,1.2317175381653283e-15,8.622022767157298e-15
F2global_d50_k100_rho1,FB--GVI,104.0,49.8817230818225,0.4796319527098317,1.2317175381653283e-15,8.622022767157298e-15
F2global_d50_k100_rho1,FB--GVI,105.0,50.36135503453233,0.4796319527098317,1.2317175381653283e-15,8.622022767157298e-15
F2global_d50_k100_rho1,FB--GVI,106.0,50.84098698724216,0.4796319527098317,0.0,8.622022767157298e-15
F2global_d50_k100_rho1,FB--GVI,107.0,51.32061893995199,0.4796319527098317,1.2317175381653283e-15,8.622022767157298e-15
F2global_d50_k100_rho1,FB--GVI,108.0,51.80025089266183,0.4796319527098317,1.2317175381653283e-15,8.622022767157298e-15
F2global_d50_k100_rho1,FB--GVI,109.0,52.27988284537166,0.4796319527098317,1.2317175381653283e-15,8.622022767157298e-15
F2global_d50_k100_rho1,FB--GVI,110.0,52.75951479808149,0.4796319527098317,-1.2317175381653283e-15,8.622022767157298e-15
F2global_d50_k100_rho1,FB--GVI,111.0,53.23914675079132,0.4796319527098317,0.0,8.622022767157298e-15
F2global_d50_k100_rho1,FB--GVI,112.0,53.71877870350115,0.4796319527098317,-1.2317175381653283e-15,8.622022767157298e-15
F2global_d50_k100_rho1,FB--GVI,113.0,54.19841065621098,0.4796319527098317,0.0,8.622022767157298e-15
F2global_d50_k100_rho1,FB--GVI,114.0,54.67804260892082,0.4796319527098317,0.0,8.622022767157298e-15
F2global_d50_k100_rho1,FB--GVI,115.0,55.15767456163065,0.4796319527098317,0.0,8.622022767157298e-15
F2global_d50_k100_rho1,FB--GVI,116.0,55.63730651434048,0.4796319527098317,1.2317175381653283e-15,8.622022767157298e-15
F2global_d50_k100_rho1,FB--GVI,117.0,56.11693846705031,0.4796319527098317,-1.2317175381653283e-15,8.622022767157298e-15
F2global_d50_k100_rho1,FB--GVI,118.0,56.59657041976014,0.4796319527098317,0.0,8.622022767157298e-15
F2global_d50_k100_rho1,FB--GVI,119.0,57.07620237246997,0.4796319527098317,1.2317175381653283e-15,8.622022767157298e-15
F2global_d50_k100_rho1,FB--GVI,120.0,57.55583432517981,0.4796319527098317,0.0,8.622022767157298e-15
F2global_d50_k100_rho1,FB--GVI,121.0,58.03546627788964,0.4796319527098317,0.0,8.622022767157298e-15
F2global_d50_k100_rho1,FB--GVI,122.0,58.51509823059947,0.4796319527098317,1.2317175381653283e-15,8.622022767157298e-15
F2global_d50_k100_rho1,FB--GVI,123.0,58.9947301833093,0.4796319527098317,-1.2317175381653283e-15,8.622022767157298e-15
F2global_d50_k100_rho1,FB--GVI,124.0,59.47436213601913,0.4796319527098317,0.0,8.622022767157298e-15
F2global_d50_k100_rho1,FB--GVI,125.0,59.95399408872896,0.4796319527098317,0.0,8.622022767157298e-15
F2global_d50_k100_rho1,FB--GVI,126.0,60.4336260414388,0.4796319527098317,-1.2317175381653283e-15,8.622022767157298e-15
F2global_d50_k100_rho1,FB--GVI,127.0,60.91325799414863,0.4796319527098317,-2.4634350763306566e-15,8.622022767157298e-15
F2global_d50_k100_rho1,FB--GVI,128.0,61.39288994685846,0.4796319527098317,-1.2317175381653283e-15,8.622022767157298e-15
F2global_d50_k100_rho1,FB--GVI,129.0,61.87252189956829,0.4796319527098317,-1.2317175381653283e-15,8.622022767157298e-15
F2global_d50_k100_rho1,FB--GVI,130.0,62.35215385227812,0.4796319527098317,1.2317175381653283e-15,8.622022767157298e-15
F2global_d50_k100_rho1,FB--GVI,131.0,62.83178580498796,0.4796319527098317,-1.2317175381653283e-15,8.622022767157298e-15
F2global_d50_k100_rho1,FB--GVI,132.0,63.31141775769779,0.4796319527098317,0.0,8.622022767157298e-15
F2global_d50_k100_rho1,FB--GVI,133.0,63.79104971040762,0.4796319527098317,0.0,8.622022767157298e-15
F2global_d50_k100_rho1,FB--GVI,134.0,64.27068166311746,0.4796319527098317,0.0,8.622022767157298e-15
F2global_d50_k100_rho1,FB--GVI,135.0,64.75031361582728,0.4796319527098317,-1.2317175381653283e-15,8.622022767157298e-15
F2global_d50_k100_rho1,FB--GVI,136.0,65.22994556853712,0.4796319527098317,0.0,8.622022767157298e-15
F2global_d50_k100_rho1,FB--GVI,137.0,65.70957752124694,0.4796319527098317,0.0,8.622022767157298e-15
F2global_d50_k100_rho1,FB--GVI,138.0,66.18920947395678,0.4796319527098317,0.0,8.622022767157298e-15
F2global_d50_k100_rho1,FB--GVI,139.0,66.6688414266666,0.4796319527098317,0.0,8.622022767157298e-15
F2global_d50_k100_rho1,FB--GVI,140.0,67.14847337937644,0.4796319527098317,0.0,8.622022767157298e-15
F2global_d50_k100_rho1,FB--GVI,141.0,67.62810533208628,0.4796319527098317,1.2317175381653283e-15,8.622022767157298e-15
F2global_d50_k100_rho1,FB--GVI,142.0,68.1077372847961,0.4796319527098317,0.0,8.622022767157298e-15
F2global_d50_k100_rho1,FB--GVI,143.0,68.58736923750594,0.4796319527098317,-1.2317175381653283e-15,8.622022767157298e-15
F2global_d50_k100_rho1,FB--GVI,144.0,69.06700119021576,0.4796319527098317,0.0,8.622022767157298e-15
F2global_d50_k100_rho1,FB--GVI,145.0,69.5466331429256,0.4796319527098317,-1.2317175381653283e-15,8.622022767157298e-15
F2global_d50_k100_rho1,FB--GVI,146.0,70.02626509563544,0.4796319527098317,2.4634350763306566e-15,8.622022767157298e-15
F2global_d50_k100_rho1,FB--GVI,147.0,70.50589704834526,0.4796319527098317,0.0,8.622022767157298e-15
F2global_d50_k100_rho1,FB--GVI,148.0,70.9855290010551,0.4796319527098317,1.2317175381653283e-15,8.622022767157298e-15
F2global_d50_k100_rho1,FB--GVI,149.0,71.46516095376492,0.4796319527098317,-1.2317175381653283e-15,8.622022767157298e-15
F2global_d50_k100_rho1,FB--GVI,150.0,71.94479290647476,0.4796319527098317,-1.2317175381653283e-15,8.622022767157298e-15
F2global_d50_k100_rho1,FB--GVI,151.0,72.42442485918458,0.4796319527098317,-1.2317175381653283e-15,8.622022767157298e-15
F2global_d50_k100_rho1,FB--GVI,152.0,72.90405681189442,0.4796319527098317,0.0,8.622022767157298e-15
F2global_d50_k100_rho1,FB--GVI,153.0,73.38368876460426,0.4796319527098317,1.2317175381653283e-15,8.622022767157298e-15
F2global_d50_k100_rho1,FB--GVI,154.0,73.86332071731408,0.4796319527098317,1.2317175381653283e-15,8.622022767157298e-15
F2global_d50_k100_rho1,FB--GVI,155.0,74.34295267002392,0.4796319527098317,1.2317175381653283e-15,8.622022767157298e-15
F2global_d50_k100_rho1,FB--GVI,156.0,74.82258462273374,0.4796319527098317,0.0,8.622022767157298e-15
F2global_d50_k100_rho1,FB--GVI,157.0,75.30221657544358,0.4796319527098317,0.0,8.622022767157298e-15
F2global_d50_k100_rho1,FB--GVI,158.0,75.78184852815342,0.4796319527098317,0.0,8.622022767157298e-15
F2global_d50_k100_rho1,FB--GVI,159.0,76.26148048086324,0.4796319527098317,0.0,8.622022767157298e-15
F2global_d50_k100_rho1,FB--GVI,160.0,76.74111243357308,0.4796319527098317,-1.2317175381653283e-15,8.622022767157298e-15
F2global_d50_k100_rho1,FB--GVI,161.0,77.2207443862829,0.4796319527098317,0.0,8.622022767157298e-15
F2global_d50_k100_rho1,FB--GVI,162.0,77.70037633899274,0.4796319527098317,-2.4634350763306566e-15,8.622022767157298e-15
F2global_d50_k100_rho1,FB--GVI,163.0,78.18000829170258,0.4796319527098317,-3.695152614495985e-15,8.622022767157298e-15
F2global_d50_k100_rho1,FB--GVI,164.0,78.6596402444124,0.4796319527098317,-3.695152614495985e-15,8.622022767157298e-15
F2global_d50_k100_rho1,FB--GVI,165.0,79.13927219712224,0.4796319527098317,-2.4634350763306566e-15,8.622022767157298e-15
F2global_d50_k100_rho1,FB--GVI,166.0,79.61890414983206,0.4796319527098317,0.0,8.622022767157298e-15
F2global_d50_k100_rho1,FB--GVI,167.0,80.0985361025419,0.4796319527098317,-1.2317175381653283e-15,8.622022767157298e-15
F2global_d50_k100_rho1,FB--GVI,168.0,80.57816805525172,0.4796319527098317,0.0,8.622022767157298e-15
F2global_d50_k100_rho1,FB--GVI,169.0,81.05780000796156,0.4796319527098317,0.0,8.622022767157298e-15
F2global_d50_k100_rho1,FB--GVI,170.0,81.5374319606714,0.4796319527098317,0.0,8.622022767157298e-15
F2global_d50_k100_rho1,FB--GVI,171.0,82.01706391338122,0.4796319527098317,1.2317175381653283e-15,8.622022767157298e-15
F2global_d50_k100_rho1,FB--GVI,172.0,82.49669586609106,0.4796319527098317,0.0,8.622022767157298e-15
F2global_d50_k100_rho1,FB--GVI,173.0,82.97632781880088,0.4796319527098317,1.2317175381653283e-15,8.622022767157298e-15
F2global_d50_k100_rho1,FB--GVI,174.0,83.45595977151072,0.4796319527098317,0.0,8.622022767157298e-15
F2global_d50_k100_rho1,FB--GVI,175.0,83.93559172422056,0.4796319527098317,-1.2317175381653283e-15,8.622022767157298e-15
F2global_d50_k100_rho1,FB--GVI,176.0,84.41522367693038,0.4796319527098317,-1.2317175381653283e-15,8.622022767157298e-15
F2global_d50_k100_rho1,FB--GVI,177.0,84.89485562964022,0.4796319527098317,-2.4634350763306566e-15,8.622022767157298e-15
F2global_d50_k100_rho1,FB--GVI,178.0,85.37448758235004,0.4796319527098317,1.2317175381653283e-15,8.622022767157298e-15
F2global_d50_k100_rho1,FB--GVI,179.0,85.85411953505988,0.4796319527098317,1.2317175381653283e-15,8.622022767157298e-15
F2global_d50_k100_rho1,FB--GVI,180.0,86.3337514877697,0.4796319527098317,3.695152614495985e-15,8.622022767157298e-15
F2global_d50_k100_rho1,FB--GVI,181.0,86.81338344047954,0.4796319527098317,1.2317175381653283e-15,8.622022767157298e-15
F2global_d50_k100_rho1,FB--GVI,182.0,87.29301539318938,0.4796319527098317,1.2317175381653283e-15,8.622022767157298e-15
F2global_d50_k100_rho1,FB--GVI,183.0,87.7726473458992,0.4796319527098317,1.2317175381653283e-15,8.622022767157298e-15
F2global_d50_k100_rho1,FB--GVI,184.0,88.25227929860904,0.4796319527098317,-1.2317175381653283e-15,8.622022767157298e-15
F2global_d50_k100_rho1,FB--GVI,185.0,88.73191125131886,0.4796319527098317,1.2317175381653283e-15,8.622022767157298e-15
F2global_d50_k100_rho1,FB--GVI,186.0,89.2115432040287,0.4796319527098317,2.4634350763306566e-15,8.622022767157298e-15
F2global_d50_k100_rho1,FB--GVI,187.0,89.69117515673854,0.4796319527098317,1.2317175381653283e-15,8.622022767157298e-15
F2global_d50_k100_rho1,FB--GVI,188.0,90.17080710944836,0.4796319527098317,-1.2317175381653283e-15,8.622022767157298e-15
F2global_d50_k100_rho1,FB--GVI,189.0,90.6504390621582,0.4796319527098317,0.0,8.622022767157298e-15
F2global_d50_k100_rho1,FB--GVI,190.0,91.13007101486802,0.4796319527098317,-1.2317175381653283e-15,8.622022767157298e-15
F2global_d50_k100_rho1,FB--GVI,191.0,91.60970296757786,0.4796319527098317,0.0,8.622022767157298e-15
F2global_d50_k100_rho1,FB--GVI,192.0,92.08933492028768,0.4796319527098317,-2.4634350763306566e-15,8.622022767157298e-15
F2global_d50_k100_rho1,FB--GVI,193.0,92.56896687299752,0.4796319527098317,-1.2317175381653283e-15,8.622022767157298e-15
F2global_d50_k100_rho1,FB--GVI,194.0,93.04859882570736,0.4796319527098317,-1.2317175381653283e-15,8.622022767157298e-15
F2global_d50_k100_rho1,FB--GVI,195.0,93.52823077841718,0.4796319527098317,-2.4634350763306566e-15,8.622022767157298e-15
F2global_d50_k100_rho1,FB--GVI,196.0,94.00786273112702,0.4796319527098317,-1.2317175381653283e-15,8.622022767157298e-15
F2global_d50_k100_rho1,FB--GVI,197.0,94.48749468383684,0.4796319527098317,0.0,8.622022767157298e-15
F2global_d50_k100_rho1,FB--GVI,198.0,94.96712663654668,0.4796319527098317,-1.2317175381653283e-15,8.622022767157298e-15
F2global_d50_k100_rho1,FB--GVI,199.0,95.44675858925652,0.4796319527098317,1.2317175381653283e-15,8.622022767157298e-15
F2global_d50_k100_rho1,FB--GVI,200.0,95.92639054196634,0.4796319527098317,2.4634350763306566e-15,8.622022767157298e-15
F2global_d50_k100_rho1,FB--GVI,201.0,96.40602249467618,0.4796319527098317,1.2317175381653283e-15,8.622022767157298e-15
F2global_d50_k100_rho1,FB--GVI,202.0,96.885654447386,0.4796319527098317,-2.4634350763306566e-15,8.622022767157298e-15
F2global_d50_k100_rho1,FB--GVI,203.0,97.36528640009584,0.4796319527098317,-1.2317175381653283e-15,8.622022767157298e-15
F2global_d50_k100_rho1,FB--GVI,204.0,97.84491835280568,0.4796319527098317,0.0,8.622022767157298e-15
F2global_d50_k100_rho1,FB--GVI,205.0,98.3245503055155,0.4796319527098317,0.0,8.622022767157298e-15
F2global_d50_k100_rho1,FB--GVI,206.0,98.80418225822534,0.4796319527098317,1.2317175381653283e-15,8.622022767157298e-15
F2global_d50_k100_rho1,FB--GVI,207.0,99.28381421093516,0.4796319527098317,1.2317175381653283e-15,8.622022767157298e-15
F2global_d50_k100_rho1,FB--GVI,208.0,99.763446163645,0.4796319527098317,-1.2317175381653283e-15,8.622022767157298e-15
F2global_d50_k100_rho1,FB--GVI,209.0,100.24307811635482,0.4796319527098317,-1.2317175381653283e-15,8.622022767157298e-15
F2global_d50_k100_rho1,FB--GVI,210.0,100.72271006906466,0.4796319527098317,1.2317175381653283e-15,8.622022767157298e-15
F2global_d50_k100_rho1,FB--GVI,211.0,101.2023420217745,0.4796319527098317,0.0,8.622022767157298e-15
F2global_d50_k100_rho1,FB--GVI,212.0,101.68197397448432,0.4796319527098317,1.2317175381653283e-15,8.622022767157298e-15
F2global_d50_k100_rho1,FB--GVI,213.0,102.16160592719416,0.4796319527098317,0.0,8.622022767157298e-15
F2global_d50_k100_rho1,FB--GVI,214.0,102.64123787990398,0.4796319527098317,-2.4634350763306566e-15,8.622022767157298e-15
F2global_d50_k100_rho1,FB--GVI,215.0,103.12086983261382,0.4796319527098317,0.0,8.622022767157298e-15
F2global_d50_k100_rho1,FB--GVI,216.0,103.60050178532366,0.4796319527098317,1.2317175381653283e-15,8.622022767157298e-15
F2global_d50_k100_rho1,FB--GVI,217.0,104.08013373803348,0.4796319527098317,-2.4634350763306566e-15,8.622022767157298e-15
F2global_d50_k100_rho1,FB--GVI,218.0,104.55976569074332,0.4796319527098317,-1.2317175381653283e-15,8.622022767157298e-15
F2global_d50_k100_rho1,FB--GVI,219.0,105.03939764345314,0.4796319527098317,-1.2317175381653283e-15,8.622022767157298e-15
F2global_d50_k100_rho1,FB--GVI,220.0,105.51902959616298,0.4796319527098317,1.2317175381653283e-15,8.622022767157298e-15
F2global_d50_k100_rho1,FB--GVI,221.0,105.9986615488728,0.4796319527098317,0.0,8.622022767157298e-15
F2global_d50_k100_rho1,FB--GVI,222.0,106.47829350158264,0.4796319527098317,1.2317175381653283e-15,8.622022767157298e-15
F2global_d50_k100_rho1,FB--GVI,223.0,106.95792545429248,0.4796319527098317,-1.2317175381653283e-15,8.622022767157298e-15
F2global_d50_k100_rho1,FB--GVI,224.0,107.4375574070023,0.4796319527098317,0.0,8.622022767157298e-15
F2global_d50_k100_rho1,FB--GVI,225.0,107.91718935971214,0.4796319527098317,-1.2317175381653283e-15,8.622022767157298e-15
F2global_d50_k100_rho1,FB--GVI,226.0,108.39682131242196,0.4796319527098317,1.2317175381653283e-15,8.622022767157298e-15
F2global_d50_k100_rho1,FB--GVI,227.0,108.8764532651318,0.4796319527098317,1.2317175381653283e-15,8.622022767157298e-15
F2global_d50_k100_rho1,FB--GVI,228.0,109.35608521784164,0.4796319527098317,0.0,8.622022767157298e-15
F2global_d50_k100_rho1,FB--GVI,229.0,109.83571717055146,0.4796319527098317,1.2317175381653283e-15,8.622022767157298e-15
F2global_d50_k100_rho1,FB--GVI,230.0,110.3153491232613,0.4796319527098317,-1.2317175381653283e-15,8.622022767157298e-15
F2global_d50_k100_rho1,FB--GVI,231.0,110.79498107597112,0.4796319527098317,0.0,8.622022767157298e-15
F2global_d50_k100_rho1,FB--GVI,232.0,111.27461302868096,0.4796319527098317,-1.2317175381653283e-15,8.622022767157298e-15
F2global_d50_k100_rho1,FB--GVI,233.0,111.7542449813908,0.4796319527098317,1.2317175381653283e-15,8.622022767157298e-15
F2global_d50_k100_rho1,FB--GVI,234.0,112.23387693410062,0.4796319527098317,1.2317175381653283e-15,8.622022767157298e-15
F2global_d50_k100_rho1,FB--GVI,235.0,112.71350888681046,0.4796319527098317,0.0,8.622022767157298e-15
F2global_d50_k100_rho1,FB--GVI,236.0,113.19314083952028,0.4796319527098317,-1.2317175381653283e-15,8.622022767157298e-15
F2global_d50_k100_rho1,FB--GVI,237.0,113.67277279223012,0.4796319527098317,0.0,8.622022767157298e-15
F2global_d50_k100_rho1,FB--GVI,238.0,114.15240474493994,0.4796319527098317,0.0,8.622022767157298e-15
F2global_d50_k100_rho1,FB--GVI,239.0,114.63203669764978,0.4796319527098317,1.2317175381653283e-15,8.622022767157298e-15
F2global_d50_k100_rho1,FB--GVI,240.0,115.11166865035962,0.4796319527098317,0.0,8.622022767157298e-15
F2global_d50_k100_rho1,FB--GVI,241.0,115.59130060306944,0.4796319527098317,0.0,8.622022767157298e-15
F2global_d50_k100_rho1,FB--GVI,242.0,116.07093255577928,0.4796319527098317,-1.2317175381653283e-15,8.622022767157298e-15
F2global_d50_k100_rho1,FB--GVI,243.0,116.5505645084891,0.4796319527098317,1.2317175381653283e-15,8.622022767157298e-15
F2global_d50_k100_rho1,FB--GVI,244.0,117.03019646119894,0.4796319527098317,2.4634350763306566e-15,8.622022767157298e-15
F2global_d50_k100_rho1,FB--GVI,245.0,117.50982841390878,0.4796319527098317,1.2317175381653283e-15,8.622022767157298e-15
F2global_d50_k100_rho1,FB--GVI,246.0,117.9894603666186,0.4796319527098317,0.0,8.622022767157298e-15
F2global_d50_k100_rho1,FB--GVI,247.0,118.46909231932844,0.4796319527098317,0.0,8.622022767157298e-15
F2global_d50_k100_rho1,FB--GVI,248.0,118.94872427203826,0.4796319527098317,-1.2317175381653283e-15,8.622022767157298e-15
F2global_d50_k100_rho1,FB--GVI,249.0,119.4283562247481,0.4796319527098317,1.2317175381653283e-15,8.622022767157298e-15
F2global_d50_k100_rho1,FB--GVI,250.0,119.90798817745792,0.4796319527098317,0.0,8.622022767157298e-15
F2global_d50_k100_rho1,FB--GVI,251.0,120.38762013016776,0.4796319527098317,1.2317175381653283e-15,8.622022767157298e-15
F2global_d50_k100_rho1,FB--GVI,252.0,120.8672520828776,0.4796319527098317,0.0,8.622022767157298e-15
F2global_d50_k100_rho1,FB--GVI,253.0,121.34688403558742,0.4796319527098317,1.2317175381653283e-15,8.622022767157298e-15
F2global_d50_k100_rho1,FB--GVI,254.0,121.82651598829726,0.4796319527098317,-1.2317175381653283e-15,8.622022767157298e-15
F2global_d50_k100_rho1,FB--GVI,255.0,122.30614794100708,0.4796319527098317,0.0,8.622022767157298e-15
F2global_d50_k100_rho1,FB--GVI,256.0,122.78577989371692,0.4796319527098317,0.0,8.622022767157298e-15
F2global_d50_k100_rho1,FB--GVI,257.0,123.26541184642676,0.4796319527098317,0.0,8.622022767157298e-15
F2global_d50_k100_rho1,FB--GVI,258.0,123.74504379913658,0.4796319527098317,-1.2317175381653283e-15,8.622022767157298e-15
F2global_d50_k100_rho1,FB--GVI,259.0,124.22467575184642,0.4796319527098317,0.0,8.622022767157298e-15
F2global_d50_k100_rho1,FB--GVI,260.0,124.70430770455624,0.4796319527098317,0.0,8.622022767157298e-15
F2global_d50_k100_rho1,FB--GVI,261.0,125.18393965726608,0.4796319527098317,0.0,8.622022767157298e-15
F2global_d50_k100_rho1,FB--GVI,262.0,125.66357160997592,0.4796319527098317,1.2317175381653283e-15,8.622022767157298e-15
F2global_d50_k100_rho1,FB--GVI,263.0,126.14320356268574,0.4796319527098317,0.0,8.622022767157298e-15
F2global_d50_k100_rho1,FB--GVI,264.0,126.62283551539558,0.4796319527098317,0.0,8.622022767157298e-15
F2global_d50_k100_rho1,FB--GVI,265.0,127.1024674681054,0.4796319527098317,-1.2317175381653283e-15,8.622022767157298e-15
F2global_d50_k100_rho1,FB--GVI,266.0,127.58209942081524,0.4796319527098317,-2.4634350763306566e-15,8.622022767157298e-15
F2global_d50_k100_rho1,FB--GVI,267.0,128.06173137352508,0.4796319527098317,0.0,8.622022767157298e-15
F2global_d50_k100_rho1,FB--GVI,268.0,128.54136332623492,0.4796319527098317,0.0,8.622022767157298e-15
F2global_d50_k100_rho1,FB--GVI,269.0,129.02099527894472,0.4796319527098317,0.0,8.622022767157298e-15
F2global_d50_k100_rho1,FB--GVI,270.0,129.50062723165456,0.4796319527098317,1.2317175381653283e-15,8.622022767157298e-15
F2global_d50_k100_rho1,FB--GVI,271.0,129.9802591843644,0.4796319527098317,0.0,8.622022767157298e-15
F2global_d50_k100_rho1,FB--GVI,272.0,130.45989113707424,0.4796319527098317,0.0,8.622022767157298e-15
F2global_d50_k100_rho1,FB--GVI,273.0,130.93952308978405,0.4796319527098317,1.2317175381653283e-15,8.622022767157298e-15
F2global_d50_k100_rho1,FB--GVI,274.0,131.41915504249388,0.4796319527098317,1.2317175381653283e-15,8.622022767157298e-15
F2global_d50_k100_rho1,FB--GVI,275.0,131.89878699520372,0.4796319527098317,0.0,8.622022767157298e-15
F2global_d50_k100_rho1,FB--GVI,276.0,132.37841894791356,0.4796319527098317,0.0,8.622022767157298e-15
F2global_d50_k100_rho1,FB--GVI,277.0,132.8580509006234,0.4796319527098317,0.0,8.622022767157298e-15
F2global_d50_k100_rho1,FB--GVI,278.0,133.3376828533332,0.4796319527098317,-1.2317175381653283e-15,8.622022767157298e-15
F2global_d50_k100_rho1,FB--GVI,279.0,133.81731480604304,0.4796319527098317,0.0,8.622022767157298e-15
F2global_d50_k100_rho1,FB--GVI,280.0,134.29694675875288,0.4796319527098317,0.0,8.622022767157298e-15
F2global_d50_k100_rho1,FB--GVI,281.0,134.77657871146272,0.4796319527098317,0.0,8.622022767157298e-15
F2global_d50_k100_rho1,FB--GVI,282.0,135.25621066417256,0.4796319527098317,0.0,8.622022767157298e-15
F2global_d50_k100_rho1,FB--GVI,283.0,135.73584261688237,0.4796319527098317,-1.2317175381653283e-15,8.622022767157298e-15
F2global_d50_k100_rho1,FB--GVI,284.0,136.2154745695922,0.4796319527098317,-1.2317175381653283e-15,8.622022767157298e-15
F2global_d50_k100_rho1,FB--GVI,285.0,136.69510652230204,0.4796319527098317,-1.2317175381653283e-15,8.622022767157298e-15
F2global_d50_k100_rho1,FB--GVI,286.0,137.17473847501188,0.4796319527098317,0.0,8.622022767157298e-15
F2global_d50_k100_rho1,FB--GVI,287.0,137.65437042772172,0.4796319527098317,-1.2317175381653283e-15,8.622022767157298e-15
F2global_d50_k100_rho1,FB--GVI,288.0,138.13400238043153,0.4796319527098317,0.0,8.622022767157298e-15
F2global_d50_k100_rho1,FB--GVI,289.0,138.61363433314136,0.4796319527098317,2.4634350763306566e-15,8.622022767157298e-15
F2global_d50_k100_rho1,FB--GVI,290.0,139.0932662858512,0.4796319527098317,0.0,8.622022767157298e-15
F2global_d50_k100_rho1,FB--GVI,291.0,139.57289823856104,0.4796319527098317,0.0,8.622022767157298e-15
F2global_d50_k100_rho1,FB--GVI,292.0,140.05253019127088,0.4796319527098317,0.0,8.622022767157298e-15
F2global_d50_k100_rho1,FB--GVI,293.0,140.53216214398068,0.4796319527098317,0.0,8.622022767157298e-15
F2global_d50_k100_rho1,FB--GVI,294.0,141.01179409669052,0.4796319527098317,-1.2317175381653283e-15,8.622022767157298e-15
F2global_d50_k100_rho1,FB--GVI,295.0,141.49142604940036,0.4796319527098317,0.0,8.622022767157298e-15
F2global_d50_k100_rho1,FB--GVI,296.0,141.9710580021102,0.4796319527098317,-1.2317175381653283e-15,8.622022767157298e-15
F2global_d50_k100_rho1,FB--GVI,297.0,142.45068995482004,0.4796319527098317,-2.4634350763306566e-15,8.622022767157298e-15
F2global_d50_k100_rho1,FB--GVI,298.0,142.93032190752984,0.4796319527098317,1.2317175381653283e-15,8.622022767157298e-15
F2global_d50_k100_rho1,FB--GVI,299.0,143.40995386023968,0.4796319527098317,2.4634350763306566e-15,8.622022767157298e-15
F2global_d50_k100_rho1,FB--GVI,300.0,143.88958581294952,0.4796319527098317,0.0,8.622022767157298e-15
F2global_d50_k100_rho1,FB--GVI,301.0,144.36921776565936,0.4796319527098317,-1.2317175381653283e-15,8.622022767157298e-15
F2global_d50_k100_rho1,FB--GVI,302.0,144.84884971836917,0.4796319527098317,-1.2317175381653283e-15,8.622022767157298e-15
F2global_d50_k100_rho1,FB--GVI,303.0,145.328481671079,0.4796319527098317,0.0,8.622022767157298e-15
F2global_d50_k100_rho1,FB--GVI,304.0,145.80811362378884,0.4796319527098317,0.0,8.622022767157298e-15
F2global_d50_k100_rho1,FB--GVI,305.0,146.28774557649868,0.4796319527098317,-2.4634350763306566e-15,8.622022767157298e-15
F2global_d50_k100_rho1,FB--GVI,306.0,146.76737752920852,0.4796319527098317,-1.2317175381653283e-15,8.622022767157298e-15
F2global_d50_k100_rho1,FB--GVI,307.0,147.24700948191833,0.4796319527098317,-1.2317175381653283e-15,8.622022767157298e-15
F2global_d50_k100_rho1,FB--GVI,308.0,147.72664143462816,0.4796319527098317,-1.2317175381653283e-15,8.622022767157298e-15
F2global_d50_k100_rho1,FB--GVI,309.0,148.206273387338,0.4796319527098317,0.0,8.622022767157298e-15
F2global_d50_k100_rho1,FB--GVI,310.0,148.68590534004784,0.4796319527098317,-1.2317175381653283e-15,8.622022767157298e-15
F2global_d50_k100_rho1,FB--GVI,311.0,149.16553729275768,0.4796319527098317,-1.2317175381653283e-15,8.622022767157298e-15
F2global_d50_k100_rho1,FB--GVI,312.0,149.64516924546749,0.4796319527098317,0.0,8.622022767157298e-15
F2global_d50_k100_rho1,FB--GVI,313.0,150.12480119817732,0.4796319527098317,-2.4634350763306566e-15,8.622022767157298e-15
F2global_d50_k100_rho1,FB--GVI,314.0,150.60443315088716,0.4796319527098317,0.0,8.622022767157298e-15
F2global_d50_k100_rho1,FB--GVI,315.0,151.084065103597,0.4796319527098317,0.0,8.622022767157298e-15
F2global_d50_k100_rho1,FB--GVI,316.0,151.56369705630684,0.4796319527098317,-1.2317175381653283e-15,8.622022767157298e-15
F2global_d50_k100_rho1,FB--GVI,317.0,152.04332900901665,0.4796319527098317,1.2317175381653283e-15,8.622022767157298e-15
F2global_d50_k100_rho1,FB--GVI,318.0,152.52296096172648,0.4796319527098317,-1.2317175381653283e-15,8.622022767157298e-15
F2global_d50_k100_rho1,FB--GVI,319.0,153.00259291443632,0.4796319527098317,-1.2317175381653283e-15,8.622022767157298e-15
F2global_d50_k100_rho1,FB--GVI,320.0,153.48222486714616,0.4796319527098317,-1.2317175381653283e-15,8.622022767157298e-15
F2global_d50_k100_rho1,FB--GVI,321.0,153.961856819856,0.4796319527098317,0.0,8.622022767157298e-15
F2global_d50_k100_rho1,FB--GVI,322.0,154.4414887725658,0.4796319527098317,0.0,8.622022767157298e-15
F2global_d50_k100_rho1,FB--GVI,323.0,154.92112072527564,0.4796319527098317,1.2317175381653283e-15,8.622022767157298e-15
F2global_d50_k100_rho1,FB--GVI,324.0,155.40075267798548,0.4796319527098317,0.0,8.622022767157298e-15
F2global_d50_k100_rho1,FB--GVI,325.0,155.88038463069532,0.4796319527098317,1.2317175381653283e-15,8.622022767157298e-15
F2global_d50_k100_rho1,FB--GVI,326.0,156.36001658340516,0.4796319527098317,0.0,8.622022767157298e-15
F2global_d50_k100_rho1,FB--GVI,327.0,156.83964853611496,0.4796319527098317,-1.2317175381653283e-15,8.622022767157298e-15
F2global_d50_k100_rho1,FB--GVI,328.0,157.3192804888248,0.4796319527098317,-1.2317175381653283e-15,8.622022767157298e-15
F2global_d50_k100_rho1,FB--GVI,329.0,157.79891244153464,0.4796319527098317,-1.2317175381653283e-15,8.622022767157298e-15
F2global_d50_k100_rho1,FB--GVI,330.0,158.27854439424448,0.4796319527098317,1.2317175381653283e-15,8.622022767157298e-15
F2global_d50_k100_rho1,FB--GVI,331.0,158.7581763469543,0.4796319527098317,0.0,8.622022767157298e-15
F2global_d50_k100_rho1,FB--GVI,332.0,159.23780829966412,0.4796319527098317,0.0,8.622022767157298e-15
F2global_d50_k100_rho1,FB--GVI,333.0,159.71744025237396,0.4796319527098317,1.2317175381653283e-15,8.622022767157298e-15
F2global_d50_k100_rho1,FB--GVI,334.0,160.1970722050838,0.4796319527098317,-1.2317175381653283e-15,8.622022767157298e-15
F2global_d50_k100_rho1,FB--GVI,335.0,160.67670415779364,0.4796319527098317,0.0,8.622022767157298e-15
F2global_d50_k100_rho1,FB--GVI,336.0,161.15633611050345,0.4796319527098317,0.0,8.622022767157298e-15
F2global_d50_k100_rho1,FB--GVI,337.0,161.63596806321328,0.4796319527098317,1.2317175381653283e-15,8.622022767157298e-15
F2global_d50_k100_rho1,FB--GVI,338.0,162.11560001592312,0.4796319527098317,-1.2317175381653283e-15,8.622022767157298e-15
F2global_d50_k100_rho1,FB--GVI,339.0,162.59523196863296,0.4796319527098317,0.0,8.622022767157298e-15
F2global_d50_k100_rho1,FB--GVI,340.0,163.0748639213428,0.4796319527098317,0.0,8.622022767157298e-15
F2global_d50_k100_rho1,FB--GVI,341.0,163.5544958740526,0.4796319527098317,-1.2317175381653283e-15,8.622022767157298e-15
F2global_d50_k100_rho1,FB--GVI,342.0,164.03412782676244,0.4796319527098317,1.2317175381653283e-15,8.622022767157298e-15
F2global_d50_k100_rho1,FB--GVI,343.0,164.51375977947228,0.4796319527098317,0.0,8.622022767157298e-15
F2global_d50_k100_rho1,FB--GVI,344.0,164.99339173218212,0.4796319527098317,0.0,8.622022767157298e-15
F2global_d50_k100_rho1,FB--GVI,345.0,165.47302368489196,0.4796319527098317,1.2317175381653283e-15,8.622022767157298e-15
F2global_d50_k100_rho1,FB--GVI,346.0,165.95265563760177,0.4796319527098317,0.0,8.622022767157298e-15
F2global_d50_k100_rho1,FB--GVI,347.0,166.4322875903116,0.4796319527098317,-2.4634350763306566e-15,8.622022767157298e-15
F2global_d50_k100_rho1,FB--GVI,348.0,166.91191954302144,0.4796319527098317,1.2317175381653283e-15,8.622022767157298e-15
F2global_d50_k100_rho1,FB--GVI,349.0,167.39155149573128,0.4796319527098317,-2.4634350763306566e-15,8.622022767157298e-15
F2global_d50_k100_rho1,FB--GVI,350.0,167.87118344844112,0.4796319527098317,0.0,8.622022767157298e-15
F2global_d50_k100_rho1,FB--GVI,351.0,168.35081540115092,0.4796319527098317,0.0,8.622022767157298e-15
F2global_d50_k100_rho1,FB--GVI,352.0,168.83044735386076,0.4796319527098317,-1.2317175381653283e-15,8.622022767157298e-15
F2global_d50_k100_rho1,FB--GVI,353.0,169.3100793065706,0.4796319527098317,-1.2317175381653283e-15,8.622022767157298e-15
F2global_d50_k100_rho1,FB--GVI,354.0,169.78971125928044,0.4796319527098317,-1.2317175381653283e-15,8.622022767157298e-15
F2global_d50_k100_rho1,FB--GVI,355.0,170.26934321199028,0.4796319527098317,-2.4634350763306566e-15,8.622022767157298e-15
F2global_d50_k100_rho1,FB--GVI,356.0,170.74897516470008,0.4796319527098317,-2.4634350763306566e-15,8.622022767157298e-15
F2global_d50_k100_rho1,FB--GVI,357.0,171.22860711740992,0.4796319527098317,0.0,8.622022767157298e-15
F2global_d50_k100_rho1,FB--GVI,358.0,171.70823907011976,0.4796319527098317,-1.2317175381653283e-15,8.622022767157298e-15
F2global_d50_k100_rho1,FB--GVI,359.0,172.1878710228296,0.4796319527098317,0.0,8.622022767157298e-15
F2global_d50_k100_rho1,FB--GVI,360.0,172.6675029755394,0.4796319527098317,-1.2317175381653283e-15,8.622022767157298e-15
F2global_d50_k100_rho1,FB--GVI,361.0,173.14713492824924,0.4796319527098317,-1.2317175381653283e-15,8.622022767157298e-15
F2global_d50_k100_rho1,FB--GVI,362.0,173.62676688095908,0.4796319527098317,-1.2317175381653283e-15,8.622022767157298e-15
F2global_d50_k100_rho1,FB--GVI,363.0,174.10639883366892,0.4796319527098317,0.0,8.622022767157298e-15
F2global_d50_k100_rho1,FB--GVI,364.0,174.58603078637876,0.4796319527098317,0.0,8.622022767157298e-15
F2global_d50_k100_rho1,FB--GVI,365.0,175.06566273908857,0.4796319527098317,0.0,8.622022767157298e-15
F2global_d50_k100_rho1,FB--GVI,366.0,175.5452946917984,0.4796319527098317,0.0,8.622022767157298e-15
F2global_d50_k100_rho1,FB--GVI,367.0,176.02492664450824,0.4796319527098317,2.4634350763306566e-15,8.622022767157298e-15
F2global_d50_k100_rho1,FB--GVI,368.0,176.50455859721808,0.4796319527098317,-1.2317175381653283e-15,8.622022767157298e-15
F2global_d50_k100_rho1,FB--GVI,369.0,176.98419054992792,0.4796319527098317,1.2317175381653283e-15,8.622022767157298e-15
F2global_d50_k100_rho1,FB--GVI,370.0,177.46382250263773,0.4796319527098317,0.0,8.622022767157298e-15
F2global_d50_k100_rho1,FB--GVI,371.0,177.94345445534756,0.4796319527098317,2.4634350763306566e-15,8.622022767157298e-15
F2global_d50_k100_rho1,FB--GVI,372.0,178.4230864080574,0.4796319527098317,0.0,8.622022767157298e-15
F2global_d50_k100_rho1,FB--GVI,373.0,178.90271836076724,0.4796319527098317,0.0,8.622022767157298e-15
F2global_d50_k100_rho1,FB--GVI,374.0,179.38235031347708,0.4796319527098317,1.2317175381653283e-15,8.622022767157298e-15
F2global_d50_k100_rho1,FB--GVI,375.0,179.86198226618689,0.4796319527098317,0.0,8.622022767157298e-15
F2global_d50_k100_rho1,FB--GVI,376.0,180.34161421889672,0.4796319527098317,2.4634350763306566e-15,8.622022767157298e-15
F2global_d50_k100_rho1,FB--GVI,377.0,180.82124617160656,0.4796319527098317,0.0,8.622022767157298e-15
F2global_d50_k100_rho1,FB--GVI,378.0,181.3008781243164,0.4796319527098317,0.0,8.622022767157298e-15
F2global_d50_k100_rho1,FB--GVI,379.0,181.78051007702624,0.4796319527098317,1.2317175381653283e-15,8.622022767157298e-15
F2global_d50_k100_rho1,FB--GVI,380.0,182.26014202973604,0.4796319527098317,-1.2317175381653283e-15,8.622022767157298e-15
F2global_d50_k100_rho1,FB--GVI,381.0,182.73977398244588,0.4796319527098317,-1.2317175381653283e-15,8.622022767157298e-15
F2global_d50_k100_rho1,FB--GVI,382.0,183.21940593515572,0.4796319527098317,0.0,8.622022767157298e-15
F2global_d50_k100_rho1,FB--GVI,383.0,183.69903788786556,0.4796319527098317,1.2317175381653283e-15,8.622022767157298e-15
F2global_d50_k100_rho1,FB--GVI,384.0,184.17866984057537,0.4796319527098317,0.0,8.622022767157298e-15
F2global_d50_k100_rho1,FB--GVI,385.0,184.6583017932852,0.4796319527098317,0.0,8.622022767157298e-15
F2global_d50_k100_rho1,FB--GVI,386.0,185.13793374599504,0.4796319527098317,1.2317175381653283e-15,8.622022767157298e-15
F2global_d50_k100_rho1,FB--GVI,387.0,185.61756569870488,0.4796319527098317,0.0,8.622022767157298e-15
F2global_d50_k100_rho1,FB--GVI,388.0,186.09719765141472,0.4796319527098317,-1.2317175381653283e-15,8.622022767157298e-15
F2global_d50_k100_rho1,FB--GVI,389.0,186.57682960412453,0.4796319527098317,0.0,8.622022767157298e-15
F2global_d50_k100_rho1,FB--GVI,390.0,187.05646155683436,0.4796319527098317,0.0,8.622022767157298e-15
F2global_d50_k100_rho1,FB--GVI,391.0,187.5360935095442,0.4796319527098317,0.0,8.622022767157298e-15
F2global_d50_k100_rho1,FB--GVI,392.0,188.01572546225404,0.4796319527098317,1.2317175381653283e-15,8.622022767157298e-15
F2global_d50_k100_rho1,FB--GVI,393.0,188.49535741496388,0.4796319527098317,1.2317175381653283e-15,8.622022767157298e-15
F2global_d50_k100_rho1,FB--GVI,394.0,188.9749893676737,0.4796319527098317,1.2317175381653283e-15,8.622022767157298e-15
F2global_d50_k100_rho1,FB--GVI,395.0,189.45462132038352,0.4796319527098317,-1.2317175381653283e-15,8.622022767157298e-15
F2global_d50_k100_rho1,FB--GVI,396.0,189.93425327309336,0.4796319527098317,0.0,8.622022767157298e-15
F2global_d50_k100_rho1,FB--GVI,397.0,190.4138852258032,0.4796319527098317,0.0,8.622022767157298e-15
F2global_d50_k100_rho1,FB--GVI,398.0,190.89351717851304,0.4796319527098317,0.0,8.622022767157298e-15
F2global_d50_k100_rho1,FB--GVI,399.0,191.37314913122285,0.4796319527098317,-1.2317175381653283e-15,8.622022767157298e-15
F2global_d50_k100_rho1,FB--GVI,400.0,191.85278108393268,0.4796319527098317,-1.2317175381653283e-15,8.622022767157298e-15
