tier,experiment,job_id,method,seed,iteration,step_size,objective,objective_gap,exact_gaussian_kl,w2_squared,mean_error,covariance_error,covariance_min_eigenvalue,covariance_max_eigenvalue,relative_covariance_min_eigenvalue,relative_covariance_max_eigenvalue,fisher_rao_residual_squared,bures_wasserstein_residual_squared,wall_time_seconds,repair,equivariance_error_mean,equivariance_error_covariance,local_gamma,local_lambda,predictive_nll,classification_error,brier,iterations,gradient_evaluations,hessian_evaluations,oracle_pairs,expectation_evaluations,matrix_exponentials,matrix_square_roots,eigendecompositions,cholesky_factorizations,cholesky_solves,roundoff_repairs,batch_size,quadratic_rescue,raw_mean_ablation,normalized_step_size,source_file
core,C,C_diao_gaussian_core,FB--GVI,1849483736,0,0.0,0.7423770594884641,47.55054165029347,47.55054165029347,1111018632.3057785,0.611263454994497,2.9644356609358593,1.0,1.0,1.0000000053696962e-09,1.000000008773219,4.759422267475159,9.153361661525665,0.0006358099635690451,,nan,nan,nan,nan,nan,nan,nan,0,0,0,0,0,0,0,0,0,0,0,1,False,False,0.0,results/raw/core/C/C_diao_gaussian_core/fb-gvi_seed0.csv
core,C,C_diao_gaussian_core,FB--GVI,1849483736,1,1.0,-3.6427108508095283,43.1654537363642,43.1654537363642,1110961483.6149504,0.08985254435619332,2.9192123590005594,1.0000000152434714,2.6180339864082547,2.6180339547255504e-09,1.0000000240166917,4.261107941297332,3.2796576960495614,0.0012438599951565266,,nan,nan,nan,nan,nan,nan,nan,1,1,1,1,1,0,1,1,0,0,0,1,False,False,1.0,results/raw/core/C/C_diao_gaussian_core/fb-gvi_seed0.csv
core,C,C_diao_gaussian_core,FB--GVI,1849483736,2,1.0,-5.845624024157718,40.962540571992065,40.962540571992065,1110917357.2286947,0.08895040408470989,2.882237248123792,1.000000000000001,4.3902568765231385,4.390256896825538e-09,1.00000000877322,4.153953645144621,1.9146770539862175,0.0017183299642056227,,nan,nan,nan,nan,nan,nan,nan,2,2,2,2,2,0,2,2,0,0,0,1,False,False,1.0,results/raw/core/C/C_diao_gaussian_core/fb-gvi_seed0.csv
core,C,C_diao_gaussian_core,FB--GVI,1849483736,3,1.0,-7.3063996668292015,39.501764930950486,39.501764930950486,1110880317.238593,0.08811690322861211,2.853676083018096,0.9999999999999982,6.229736433091786,6.229736465750405e-09,1.000000008773219,4.072126460041482,1.325351576162562,0.002174209977965802,,nan,nan,nan,nan,nan,nan,nan,3,3,3,3,3,0,3,3,0,0,0,1,False,False,1.0,results/raw/core/C/C_diao_gaussian_core/fb-gvi_seed0.csv
core,C,C_diao_gaussian_core,FB--GVI,1849483736,4,1.0,-8.387062463188858,38.421102130182106,38.421102130182106,1110847848.8559747,0.08734089548509345,2.831745003132008,1.0000000393788777,8.106376745728602,8.106376669266165e-09,1.0000000481520999,4.009856412044584,1.0035715064041935,0.0026312299887649715,,nan,nan,nan,nan,nan,nan,nan,4,4,4,4,4,0,4,4,0,0,0,1,False,False,1.0,results/raw/core/C/C_diao_gaussian_core/fb-gvi_seed0.csv
core,C,C_diao_gaussian_core,FB--GVI,1849483736,5,1.0,-9.23938499939963,37.56877959338198,37.56877959338198,1110818627.0824711,0.08661318052753138,2.8146941706387363,0.9999999999999962,10.00644109904524,1.0006441044122215e-08,1.00000000877322,3.96178384507195,0.8031914809668154,0.0030667599639855325,,nan,nan,nan,nan,nan,nan,nan,5,5,5,5,5,0,5,5,0,0,0,1,False,False,1.0,results/raw/core/C/C_diao_gaussian_core/fb-gvi_seed0.csv
core,C,C_diao_gaussian_core,FB--GVI,1849483736,6,1.0,-9.940533524175159,36.867631071638996,36.867631071638996,1110791857.7994955,0.08592617604935193,2.8011418837985262,1.0000000000000042,11.92256652079392,1.1922566480373728e-08,1.0000000087732195,3.9237901522843774,0.6673914823228517,0.003508689987938851,,nan,nan,nan,nan,nan,nan,nan,6,6,6,6,6,0,6,6,0,0,0,1,False,False,1.0,results/raw/core/C/C_diao_gaussian_core/fb-gvi_seed0.csv
core,C,C_diao_gaussian_core,FB--GVI,1849483736,7,1.0,-10.534753042583734,36.27341155052333,36.27341155052333,1110767022.5577338,0.08527364060588397,2.790072390678513,1.0000001010958144,13.850366240098907,1.3850366151498458e-08,1.0000001098690363,3.8929000571476546,0.5697340970194734,0.003938440000638366,,nan,nan,nan,nan,nan,nan,nan,7,7,7,7,7,0,7,7,0,0,0,1,False,False,1.0,results/raw/core/C/C_diao_gaussian_core/fb-gvi_seed0.csv
core,C,C_diao_gaussian_core,FB--GVI,1849483736,8,1.0,-11.049605909919341,35.75855868465119,35.75855868465119,1110743761.5771115,0.08465044086141395,2.780763168842821,0.9999999999999991,15.787023047763867,1.5787023023034547e-08,1.0000000087732186,3.8670226060300177,0.4963458993975581,0.004375649965368211,,nan,nan,nan,nan,nan,nan,nan,8,8,8,8,8,0,8,8,0,0,0,1,False,False,1.0,results/raw/core/C/C_diao_gaussian_core/fb-gvi_seed0.csv
core,C,C_diao_gaussian_core,FB--GVI,1849483736,9,1.0,-11.503343734163767,35.30482085842453,35.30482085842453,1110721813.4914322,0.08405235714047422,2.772709267682879,0.9999999999999931,17.73062342006119,1.7730623393164058e-08,1.0000000087732188,3.8447089701437602,0.4392881301994047,0.004808039986528456,,nan,nan,nan,nan,nan,nan,nan,9,9,9,9,9,0,9,9,0,0,0,1,False,False,1.0,results/raw/core/C/C_diao_gaussian_core/fb-gvi_seed0.csv
core,C,C_diao_gaussian_core,FB--GVI,1849483736,10,1.0,-11.90863601341881,34.899528581723985,34.899528581723985,1110700981.5444994,0.08347592167300727,2.7655612987771097,1.0000000000000082,19.679809885597006,1.967980983781741e-08,1.0000000087732195,3.824962804008781,0.3937103868896458,0.005241859995294362,,nan,nan,nan,nan,nan,nan,nan,10,10,10,10,10,0,10,10,0,0,0,1,False,False,1.0,results/raw/core/C/C_diao_gaussian_core/fb-gvi_seed0.csv
core,C,C_diao_gaussian_core,FB--GVI,1849483736,11,1.0,-12.274614725962113,34.533549868657246,34.533549868657246,1110681113.3367736,0.08291828450926159,2.759078812163634,1.0000000191846958,21.633585423404636,2.163358535263218e-08,1.0000000279579198,3.8071013897521753,0.35649261393305004,0.005667040008120239,,nan,nan,nan,nan,nan,nan,nan,11,11,11,11,11,0,11,11,0,0,0,1,False,False,1.0,results/raw/core/C/C_diao_gaussian_core/fb-gvi_seed0.csv
core,C,C_diao_gaussian_core,FB--GVI,1849483736,12,1.0,-12.608068216714729,34.20009637746067,34.20009637746067,1110662088.0405269,0.08237710269292768,2.7530966808594544,1.0000000896254457,23.591196686877307,2.3591196682913818e-08,1.0000000983986577,3.790657238410543,0.3255424278610176,0.006088180001825094,,nan,nan,nan,nan,nan,nan,nan,12,12,12,12,12,0,12,12,0,0,0,1,False,False,1.0,results/raw/core/C/C_diao_gaussian_core/fb-gvi_seed0.csv
core,C,C_diao_gaussian_core,FB--GVI,1849483736,13,1.0,-12.914174403872384,33.89399019401542,33.89399019401542,1110643807.9792464,0.08185044887656703,2.7475014307697414,0.9999999999999973,25.552060853123777,2.5552060841592394e-08,1.000000008773219,3.775309629050568,0.29940733928645974,0.006521439994685352,,nan,nan,nan,nan,nan,nan,nan,13,13,13,13,13,0,13,13,0,0,0,1,False,False,1.0,results/raw/core/C/C_diao_gaussian_core/fb-gvi_seed0.csv
core,C,C_diao_gaussian_core,FB--GVI,1849483736,14,1.0,-13.196970141376767,33.61119445414997,33.61119445414997,1110626192.882467,0.08133673611664637,2.7422148150235786,1.000000057183513,27.51571793783353,2.7515717990276564e-08,1.0000000659567296,3.760837512083701,0.2770492308516332,0.006936429999768734,,nan,nan,nan,nan,nan,nan,nan,14,14,14,14,14,0,14,14,0,0,0,1,False,False,1.0,results/raw/core/C/C_diao_gaussian_core/fb-gvi_seed0.csv
core,C,C_diao_gaussian_core,FB--GVI,1849483736,15,1.0,-13.459662332121427,33.348502263855174,33.348502263855174,1110609175.8476083,0.08083465608385902,2.737182524094341,1.0000000171221504,29.481798649722677,2.9481798565369813e-08,1.000000025895376,3.747087349175606,0.2577073575428503,0.0073648300021886826,,nan,nan,nan,nan,nan,nan,nan,15,15,15,15,15,0,15,15,0,0,0,1,False,False,1.0,results/raw/core/C/C_diao_gaussian_core/fb-gvi_seed0.csv
core,C,C_diao_gaussian_core,FB--GVI,1849483736,16,1.0,-13.704840375241595,33.10332421644376,33.10332421644376,1110592700.4284625,0.08034312836354734,2.7323664767065003,1.0000000956965212,31.450002090487867,3.145000212715213e-08,1.0000001044697506,3.733951264559973,0.240811999751271,0.007783899956848472,,nan,nan,nan,nan,nan,nan,nan,16,16,16,16,16,0,16,16,0,0,0,1,False,False,1.0,results/raw/core/C/C_diao_gaussian_core/fb-gvi_seed0.csv
core,C,C_diao_gaussian_core,FB--GVI,1849483736,17,1.0,-13.934625028425788,32.873539564787485,32.873539564787485,1110576718.4893064,0.07986125890168966,2.727739580352605,1.000000063831695,33.420079896848314,3.3420079942423925e-08,1.000000072604917,3.721352255661913,0.22592829387884683,0.00821321998955682,,nan,nan,nan,nan,nan,nan,nan,17,17,17,17,17,0,17,17,0,0,0,1,False,False,1.0,results/raw/core/C/C_diao_gaussian_core/fb-gvi_seed0.csv
core,C,C_diao_gaussian_core,FB--GVI,1849483736,18,1.0,-14.15077510339229,32.657389489780094,32.657389489780094,1110561188.592551,0.07938830597779511,2.7232821824487656,1.000000029500106,35.3918247171964,3.539182465690482e-08,1.0000000382733278,3.7092342088173518,0.21271867587448517,0.00864054000703618,,nan,nan,nan,nan,nan,nan,nan,18,18,18,18,18,0,18,18,0,0,0,1,False,False,1.0,results/raw/core/C/C_diao_gaussian_core/fb-gvi_seed0.csv
core,C,C_diao_gaussian_core,FB--GVI,1849483736,19,1.0,-14.354765488018359,32.45339910582573,32.45339910582573,1110546074.766586,0.07892365236236872,2.718979672775801,1.0000000000000022,37.36506167707411,3.7365061640324304e-08,1.0000000087732202,3.6975551721673257,0.200917155747108,0.009058189985807985,,nan,nan,nan,nan,nan,nan,nan,19,19,19,19,19,0,19,19,0,0,0,1,False,False,1.0,results/raw/core/C/C_diao_gaussian_core/fb-gvi_seed0.csv
core,C,C_diao_gaussian_core,FB--GVI,1849483736,20,1.0,-14.547845232680322,32.26031936019036,32.26031936019036,1110531345.5498672,0.07846678254914446,2.714820866894503,0.9999999999999922,39.33964195055204,3.9339641883124057e-08,1.0000000087732184,3.6862828296649015,0.1903113137056635,0.009486809954978526,,nan,nan,nan,nan,nan,nan,nan,20,20,20,20,20,0,20,20,0,0,0,1,False,False,1.0,results/raw/core/C/C_diao_gaussian_core/fb-gvi_seed0.csv
core,C,C_diao_gaussian_core,FB--GVI,1849483736,21,1.0,-14.731081497685416,32.07708309518465,32.07708309518465,1110516973.239274,0.0780172641468085,2.710796917787375,0.9999999999999922,41.3154378442217,4.131543778320692e-08,1.0000000087732204,3.675391459035732,0.18072945547267408,0.00990502000786364,,nan,nan,nan,nan,nan,nan,nan,21,21,21,21,21,0,21,21,0,0,0,1,False,False,1.0,results/raw/core/C/C_diao_gaussian_core/fb-gvi_seed0.csv
core,C,C_diao_gaussian_core,FB--GVI,1849483736,22,1.0,-14.90539329188015,31.90277130220516,31.90277130220516,1110502933.2918844,0.07757473267688879,2.70690058396102,1.0000000905477329,43.292338986532506,4.329233900764352e-08,1.0000000993209452,3.6648598883458336,0.17203128776616064,0.010332520003430545,,nan,nan,nan,nan,nan,nan,nan,22,22,22,22,22,0,22,22,0,0,0,1,False,False,1.0,results/raw/core/C/C_diao_gaussian_core/fb-gvi_seed0.csv
core,C,C_diao_gaussian_core,FB--GVI,1849483736,23,1.0,-15.071577719326568,31.73658687290003,31.73658687290003,1110489203.843609,0.07713887915880895,2.703125737653148,1.000000074461433,45.27024933749489,4.5270249253523106e-08,1.000000083234645,3.6546701235670724,0.1641010415266803,0.010754439979791641,,nan,nan,nan,nan,nan,nan,nan,23,23,23,23,23,0,23,23,0,0,0,1,False,False,1.0,results/raw/core/C/C_diao_gaussian_core/fb-gvi_seed0.csv
core,C,C_diao_gaussian_core,FB--GVI,1849483736,24,1.0,-15.230330645736917,31.577833951248614,31.577833951248614,1110475765.3179963,0.07670943997416428,2.6994670345182694,1.000000124323789,47.249084815857046,4.7249084927492285e-08,1.0000001330970114,3.6448064264528335,0.15684232670052642,0.011174049985129386,,nan,nan,nan,nan,nan,nan,nan,24,24,24,24,24,0,24,24,0,0,0,1,False,False,1.0,results/raw/core/C/C_diao_gaussian_core/fb-gvi_seed0.csv
core,C,C_diao_gaussian_core,FB--GVI,1849483736,25,1.0,-15.382263151672275,31.425901441351648,31.425901441351648,1110462600.1054053,0.07628618859387723,2.695919691765582,1.0000000000000053,49.228771397023905,4.922877123969051e-08,1.0000000087732255,3.635254694303777,0.15017423134747743,0.011622439953498542,,nan,nan,nan,nan,nan,nan,nan,25,25,25,25,25,0,25,25,0,0,0,1,False,False,1.0,results/raw/core/C/C_diao_gaussian_core/fb-gvi_seed0.csv
core,C,C_diao_gaussian_core,FB--GVI,1849483736,26,1.0,-15.527914764608663,31.280249825557867,31.280249825557867,1110449692.2977133,0.07586892882728088,2.6924793390447936,1.0000000292840543,51.20924357407343,5.1209243467850417e-08,1.0000000380572707,3.6260020419402283,0.1440283279528811,0.012035280000418425,,nan,nan,nan,nan,nan,nan,nan,26,26,26,26,26,0,26,26,0,0,0,1,False,False,1.0,results/raw/core/C/C_diao_gaussian_core/fb-gvi_seed0.csv
core,C,C_diao_gaussian_core,FB--GVI,1849483736,27,1.0,-15.667764199798665,31.140400395399062,31.140400395399062,1110437027.4672146,0.07545748931413249,2.6891419180717477,1.0000000449772724,53.190443101857596,5.319044305361551e-08,1.0000000537505003,3.6170365190067737,0.1383463500371348,0.012463049963116646,,nan,nan,nan,nan,nan,nan,nan,27,27,27,27,27,0,27,27,0,0,0,1,False,False,1.0,results/raw/core/C/C_diao_gaussian_core/fb-gvi_seed0.csv
core,C,C_diao_gaussian_core,FB--GVI,1849483736,28,1.0,-15.802238153804453,31.005926439736708,31.005926439736708,1110424592.4811063,0.07505171903139575,2.6859036148702606,0.9999999999999885,55.17231796399524,5.517231790685186e-08,1.0000000087732235,3.6083469177909495,0.13307837017811092,0.012881409958936274,,nan,nan,nan,nan,nan,nan,nan,28,28,28,28,28,0,28,28,0,0,0,1,False,False,1.0,results/raw/core/C/C_diao_gaussian_core/fb-gvi_seed0.csv
core,C,C_diao_gaussian_core,FB--GVI,1849483736,29,1.0,-15.931718560742617,30.876446030719848,30.876446030719848,1110412375.3447683,0.07465148362830236,2.682760813813787,1.000000043698935,57.15482151697318,5.715482135786917e-08,1.0000000524721642,3.599922641547075,0.1281813574418638,0.01330580998910591,,nan,nan,nan,nan,nan,nan,nan,29,29,29,29,29,0,29,29,0,0,0,1,False,False,1.0,results/raw/core/C/C_diao_gaussian_core/fb-gvi_seed0.csv
core,C,C_diao_gaussian_core,FB--GVI,1849483736,30,1.0,-16.05654862378158,30.751615967896942,30.751615967896942,1110400365.0685863,0.07425666243732927,2.6797100662190734,1.0000000245192064,59.13791177616573,5.9137911630000724e-08,1.0000000332924324,3.5917536132502836,0.12361802498735022,0.01372484996682033,,nan,nan,nan,nan,nan,nan,nan,30,30,30,30,30,0,30,30,0,0,0,1,False,False,1.0,results/raw/core/C/C_diao_gaussian_core/fb-gvi_seed0.csv
core,C,C_diao_gaussian_core,FB--GVI,1849483736,31,1.0,-16.1770378625614,30.631126730213794,30.631126730213794,1110388551.5541067,0.07386714603665426,2.6767480686407197,1.0000000410117376,61.12155081647416,6.11215506955645e-08,1.0000000497849795,3.583830211363312,0.11935590182072628,0.01415284996619448,,nan,nan,nan,nan,nan,nan,nan,31,31,31,31,31,0,31,31,0,0,0,1,False,False,1.0,results/raw/core/C/C_diao_gaussian_core/fb-gvi_seed0.csv
core,C,C_diao_gaussian_core,FB--GVI,1849483736,32,1.0,-16.293466363637457,30.514698233897544,30.514698233897544,1110376925.4962494,0.07348283426249146,2.6738716476237974,1.0000000000000207,63.1057042662159,6.310570418842284e-08,1.0000000087732304,3.5761432236564517,0.11536657931634135,0.01458264997927472,,nan,nan,nan,nan,nan,nan,nan,32,32,32,32,32,0,32,32,0,0,0,1,False,False,1.0,results/raw/core/C/C_diao_gaussian_core/fb-gvi_seed0.csv
core,C,C_diao_gaussian_core,FB--GVI,1849483736,33,1.0,-16.406088380706947,30.402076214020013,30.402076214020013,1110365478.2988913,0.07310363458837585,2.6710777487498567,1.0000001117189752,65.09034087739866,6.509034073250686e-08,1.0000001204921931,3.568683813104056,0.11162509519225955,0.015002749976702034,,nan,nan,nan,nan,nan,nan,nan,33,33,33,33,33,0,33,33,0,0,0,1,False,False,1.0,results/raw/core/C/C_diao_gaussian_core/fb-gvi_seed0.csv
core,C,C_diao_gaussian_core,FB--GVI,1849483736,34,1.0,-16.515135400697712,30.29302919547472,30.29302919547472,1110354202.0015953,0.07272946080371782,2.6683634285336617,1.0000000649470364,67.0754321589643,6.707543201510777e-08,1.0000000737202874,3.561443491875016,0.10810942647802811,0.015432788990437984,,nan,nan,nan,nan,nan,nan,nan,34,34,34,34,34,0,34,34,0,0,0,1,False,False,1.0,results/raw/core/C/C_diao_gaussian_core/fb-gvi_seed0.csv
core,C,C_diao_gaussian_core,FB--GVI,1849483736,35,1.0,-16.62081876825308,30.18734582577698,30.18734582577698,1110343089.2158306,0.07236023193640709,2.665725848211195,1.000000073170876,69.06095206225646,6.906095199416483e-08,1.000000081944116,3.5544141007669694,0.10480006956837915,0.015853128978051245,,nan,nan,nan,nan,nan,nan,nan,35,35,35,35,35,0,35,35,0,0,0,1,False,False,1.0,results/raw/core/C/C_diao_gaussian_core/fb-gvi_seed0.csv
core,C,C_diao_gaussian_core,FB--GVI,1849483736,36,1.0,-16.7233319429193,30.08483265127983,30.08483265127983,1110332133.0691416,0.07199587137441597,2.663162268782175,0.9999999999999982,71.04687671004629,7.104687675728684e-08,1.000000008773246,3.547587792322594,0.10167969035859122,0.016278458992019296,,nan,nan,nan,nan,nan,nan,nan,36,36,36,36,36,0,36,36,0,0,0,1,False,False,1.0,results/raw/core/C/C_diao_gaussian_core/fb-gvi_seed0.csv
core,C,C_diao_gaussian_core,FB--GVI,1849483736,37,1.0,-16.82285244911624,29.985312146282865,29.985312146282865,1110321327.1561604,0.07163630614965467,2.6606700468859694,1.000000000000004,73.03318416207607,7.303318424264309e-08,1.0000000087732537,3.5409570164594233,0.09873283115828838,0.016696818987838924,,nan,nan,nan,nan,nan,nan,nan,37,37,37,37,37,0,37,37,0,0,0,1,False,False,1.0,results/raw/core/C/C_diao_gaussian_core/fb-gvi_seed0.csv
core,C,C_diao_gaussian_core,FB--GVI,1849483736,38,1.0,-16.91954356778524,29.88862102440821,29.88862102440821,1110310665.4954085,0.07128146635410772,2.658246631233229,1.0000000761530174,75.01985421137995,7.501985414927964e-08,1.0000000849262867,3.5345145078388187,0.09594566389649604,0.0171094189863652,,nan,nan,nan,nan,nan,nan,nan,38,38,38,38,38,0,38,38,0,0,0,1,False,False,1.0,results/raw/core/C/C_diao_gaussian_core/fb-gvi_seed0.csv
core,C,C_diao_gaussian_core,FB--GVI,1849483736,39,1.0,-17.013555809745586,29.794608784171615,29.794608784171615,1110300142.491087,0.07093128466380987,2.6558895594111314,1.0000000000000004,77.00686820665882,7.700686803291802e-08,1.0000000087732654,3.528253274462315,0.09330578129300303,0.017535288992803544,,nan,nan,nan,nan,nan,nan,nan,39,39,39,39,39,0,39,39,0,0,0,1,False,False,1.0,results/raw/core/C/C_diao_gaussian_core/fb-gvi_seed0.csv
core,C,C_diao_gaussian_core,FB--GVI,1849483736,40,1.0,-17.10502820372333,29.703136389277375,29.703136389277375,1110289752.8992195,0.07058569595072957,2.653596454943491,1.0000000886137332,78.99420889681623,7.899420889438845e-08,1.0000000973870116,3.5221665871575776,0.09080201934291957,0.01794810895808041,,nan,nan,nan,nan,nan,nan,nan,40,40,40,40,40,0,40,40,0,0,0,1,False,False,1.0,results/raw/core/C/C_diao_gaussian_core/fb-gvi_seed0.csv
core,C,C_diao_gaussian_core,FB--GVI,1849483736,41,1.0,-17.194089426342817,29.61407516806799,29.61407516806799,1110279491.7974758,0.07024463696630898,2.6513650245287987,0.9999999999999954,80.98186029441852,8.098186019644911e-08,1.000000008773291,3.516247969731313,0.08842430576365842,0.018374859006144106,,nan,nan,nan,nan,nan,nan,nan,41,41,41,41,41,0,41,41,0,0,0,1,False,False,1.0,results/raw/core/C/C_diao_gaussian_core/fb-gvi_seed0.csv
core,C,C_diao_gaussian_core,FB--GVI,1849483736,42,1.0,-17.280858796789477,29.527305796979924,29.527305796979924,1110269354.5582702,0.0699080460834097,2.649193055407029,1.0000000000000009,82.96980755538519,8.296980760837178e-08,1.0000000087733112,3.5104911896428628,0.08616353007605526,0.018792758986819535,,nan,nan,nan,nan,nan,nan,nan,42,42,42,42,42,0,42,42,0,0,0,1,False,False,1.0,results/raw/core/C/C_diao_gaussian_core/fb-gvi_seed0.csv
core,C,C_diao_gaussian_core,FB--GVI,1849483736,43,1.0,-17.365447155131022,29.442717437310435,29.442717437310435,1110259336.8246448,0.06957586308586172,2.6470784128239817,1.0000000000000164,84.95803687264913,8.495803687200397e-08,1.000000008773327,3.504890249102036,0.08401143179754905,0.019216138985939324,,nan,nan,nan,nan,nan,nan,nan,43,43,43,43,43,0,43,43,0,0,0,1,False,False,1.0,results/raw/core/C/C_diao_gaussian_core/fb-gvi_seed0.csv
core,C,C_diao_gaussian_core,FB--GVI,1849483736,44,1.0,-17.447957640244777,29.360206954346005,29.360206954346005,1110249434.488681,0.06924802899680826,2.645019037573858,0.9999999999999902,86.94653538188567,8.694653530614861e-08,1.0000000087733454,3.4994393765276803,0.08196050386727659,0.01963267900282517,,nan,nan,nan,nan,nan,nan,nan,44,44,44,44,44,0,44,44,0,0,0,1,False,False,1.0,results/raw/core/C/C_diao_gaussian_core/fb-gvi_seed0.csv
core,C,C_diao_gaussian_core,FB--GVI,1849483736,45,1.0,-17.528486380804438,29.279678210027498,29.279678210027498,1110239643.672034,0.0689244859386676,2.643012943608283,0.99999999999999,88.93529107770544,8.893529109446019e-08,1.0000000087733831,3.494133018324857,0.08000390893499036,0.020048288977704942,,nan,nan,nan,nan,nan,nan,nan,45,45,45,45,45,0,45,45,0,0,0,1,False,False,1.0,results/raw/core/C/C_diao_gaussian_core/fb-gvi_seed0.csv
core,C,C_diao_gaussian_core,FB--GVI,1849483736,46,1.0,-17.607123110721226,29.201041480977864,29.201041480977864,1110229960.708375,0.06860517701885904,2.641058215704884,1.0000000000000355,90.92429273894882,9.092429253326091e-08,1.0000000087734104,3.4889658309522695,0.07813540655792388,0.020472139003686607,,nan,nan,nan,nan,nan,nan,nan,46,46,46,46,46,0,46,46,0,0,0,1,False,False,1.0,results/raw/core/C/C_diao_gaussian_core/fb-gvi_seed0.csv
core,C,C_diao_gaussian_core,FB--GVI,1849483736,47,1.0,-17.683951718729084,29.12421287529652,29.12421287529652,1110220382.1275556,0.068290046236523,2.639153007191549,0.9999999999999789,92.91352986192003,9.291352969291512e-08,1.0000000087734562,3.4839326732605023,0.0763492896826049,0.020881998992990702,,nan,nan,nan,nan,nan,nan,nan,47,47,47,47,47,0,47,47,0,0,0,1,False,False,1.0,results/raw/core/C/C_diao_gaussian_core/fb-gvi_seed0.csv
core,C,C_diao_gaussian_core,FB--GVI,1849483736,48,1.0,-17.759050740384023,29.04911385607149,29.04911385607149,1110210904.6412401,0.06797903840634618,2.63729553772437,1.0000000000000107,94.90299260057411,9.490299240540164e-08,1.0000000087735188,3.4790285990872283,0.07464032905903321,0.021321378997527063,,nan,nan,nan,nan,nan,nan,nan,48,48,48,48,48,0,48,48,0,0,0,1,False,False,1.0,results/raw/core/C/C_diao_gaussian_core/fb-gvi_seed0.csv
core,C,C_diao_gaussian_core,FB--GVI,1849483736,49,1.0,-17.832493799560872,28.97567079326072,28.97567079326072,1110201525.1298375,0.06767209909632288,2.6354840911183413,1.0000000796458621,96.89267171280069,9.689267147814236e-08,1.0000000884194364,3.474248850099079,0.07300372445535497,0.0217383389826864,,nan,nan,nan,nan,nan,nan,nan,49,49,49,49,49,0,49,49,0,0,0,1,False,False,1.0,results/raw/core/C/C_diao_gaussian_core/fb-gvi_seed0.csv
core,C,C_diao_gaussian_core,FB--GVI,1849483736,50,1.0,-17.904350005535136,28.903814589603897,28.903814589603897,1110192240.6306748,0.06736917457686831,2.633717013230483,0.9999999999999823,98.88255851208046,9.888255830799443e-08,1.000000008773655,3.4695888488719464,0.07143506172206505,0.022149728960357606,,nan,nan,nan,nan,nan,nan,nan,50,50,50,50,50,0,50,50,0,0,0,1,False,False,1.0,results/raw/core/C/C_diao_gaussian_core/fb-gvi_seed0.csv
core,C,C_diao_gaussian_core,FB--GVI,1849483736,51,1.0,-17.974684310898315,28.833480285136954,28.833480285136954,1110183048.3271415,0.06707021177917895,2.6319927098954095,1.0000001106451515,100.87264482387651,1.0087264475596081e-07,1.0000001194188795,3.4650441922029405,0.06993027490398168,0.022580118966288865,,nan,nan,nan,nan,nan,nan,nan,51,51,51,51,51,0,51,51,0,0,0,1,False,False,1.0,results/raw/core/C/C_diao_gaussian_core/fb-gvi_seed0.csv
core,C,C_diao_gaussian_core,FB--GVI,1849483736,52,1.0,-18.043557834846297,28.76460675603789,28.76460675603789,1110173945.5388446,0.06677515826112324,2.630309644913327,1.0000000972174823,102.86292294622157,1.0286292300866091e-07,1.0000001059913777,3.460610644647585,0.06848561272102009,0.022998058993835002,,nan,nan,nan,nan,nan,nan,nan,52,52,52,52,52,0,52,52,0,0,0,1,False,False,1.0,results/raw/core/C/C_diao_gaussian_core/fb-gvi_seed0.csv
core,C,C_diao_gaussian_core,FB--GVI,1849483736,53,1.0,-18.11102815577786,28.697136436210744,28.697136436210744,1110164929.712564,0.06648396217926339,2.628666338090632,1.0000001191355392,104.85338561401991,1.0485338560864892e-07,1.0000001279095425,3.4562841322767914,0.06709760884184417,0.023425988969393075,,nan,nan,nan,nan,nan,nan,nan,53,53,53,53,53,0,53,53,0,0,0,1,False,False,1.0,results/raw/core/C/C_diao_gaussian_core/fb-gvi_seed0.csv
core,C,C_diao_gaussian_core,FB--GVI,1849483736,54,1.0,-18.17714957662871,28.63101502010936,28.63101502010936,1110155998.4139595,0.0661965722658689,2.627061363332975,0.9999999999999999,106.84402596665682,1.0684402606689153e-07,1.0000000087741967,3.4520607366477045,0.0657630554588537,0.023840468958951533,,nan,nan,nan,nan,nan,nan,nan,54,54,54,54,54,0,54,54,0,0,0,1,False,False,1.0,results/raw/core/C/C_diao_gaussian_core/fb-gvi_seed0.csv
core,C,C_diao_gaussian_core,FB--GVI,1849483736,55,1.0,-18.241973365928448,28.566191227129956,28.566191227129956,1110147149.3200011,0.06591293780999147,2.625493346790773,1.0000000000000044,108.83483751855059,1.0883483720694198e-07,1.0000000087744112,3.447936688983174,0.06447897974521177,0.024263489001896232,,nan,nan,nan,nan,nan,nan,nan,55,55,55,55,55,0,55,55,0,0,0,1,False,False,1.0,results/raw/core/C/C_diao_gaussian_core/fb-gvi_seed0.csv
core,C,C_diao_gaussian_core,FB--GVI,1849483736,56,1.0,-18.305547977193108,28.50261661852656,28.50261661852656,1110138380.211941,0.06563300864184402,2.623960965056815,1.0000000558086983,110.82581413233613,1.108258141051028e-07,1.0000000645833775,3.4439083645541544,0.06324262283362932,0.024679038964677602,,nan,nan,nan,nan,nan,nan,nan,56,56,56,56,56,0,56,56,0,0,0,1,False,False,1.0,results/raw/core/C/C_diao_gaussian_core/fb-gvi_seed0.csv
core,C,C_diao_gaussian_core,FB--GVI,1849483736,57,1.0,-18.367919248944304,28.440245345208098,28.440245345208098,1110129688.968941,0.06535673511986623,2.622462943415671,1.0000000729755643,112.81694999440194,1.1281695000021569e-07,1.0000000817505674,3.439972277259691,0.0620514210078568,0.02509003900922835,,nan,nan,nan,nan,nan,nan,nan,57,57,57,57,57,0,57,57,0,0,0,1,False,False,1.0,results/raw/core/C/C_diao_gaussian_core/fb-gvi_seed0.csv
core,C,C_diao_gaussian_core,FB--GVI,1849483736,58,1.0,-18.42913058736775,28.379034003520903,28.379034003520903,1110121073.5620658,0.0650840681199729,2.6209980541443727,1.0000001167032417,114.8082395925339,1.1480823945266972e-07,1.0000001254786177,3.4361250743989435,0.060902988839893195,0.025519388960674405,,nan,nan,nan,nan,nan,nan,nan,58,58,58,58,58,0,58,58,0,0,0,1,False,False,1.0,results/raw/core/C/C_diao_gaussian_core/fb-gvi_seed0.csv
core,C,C_diao_gaussian_core,FB--GVI,1849483736,59,1.0,-18.489223133384986,28.318941462487015,28.318941462487015,1110112532.0488636,0.06481495902657479,2.61956511486377,1.0000001609046096,116.79967769545637,1.1679967779537525e-07,1.0000001696804703,3.432363531629728,0.059795104042267753,0.02593651897041127,,nan,nan,nan,nan,nan,nan,nan,59,59,59,59,59,0,59,59,0,0,0,1,False,False,1.0,results/raw/core/C/C_diao_gaussian_core/fb-gvi_seed0.csv
core,C,C_diao_gaussian_core,FB--GVI,1849483736,60,1.0,-18.54823591570413,28.259928677360907,28.259928677360907,1110104062.5682688,0.06454935972503685,2.618162986939876,1.000000075499685,118.79125933407903,1.18791259178091e-07,1.0000000842761094,3.4286845481081163,0.05872569383547103,0.026369078957941383,,nan,nan,nan,nan,nan,nan,nan,60,60,60,60,60,0,60,60,0,0,0,1,False,False,1.0,results/raw/core/C/C_diao_gaussian_core/fb-gvi_seed0.csv
core,C,C_diao_gaussian_core,FB--GVI,1849483736,61,1.0,-18.60620599123489,28.201958602904092,28.201958602904092,1110095663.335933,0.06428722259530124,2.6167905739344546,0.9999999999999937,120.7829797842808,1.207829797373133e-07,1.000000008777213,3.425085141803672,0.05769282265692829,0.026789978961460292,,nan,nan,nan,nan,nan,nan,nan,61,61,61,61,61,0,61,61,0,0,0,1,False,False,1.0,results/raw/core/C/C_diao_gaussian_core/fb-gvi_seed0.csv
core,C,C_diao_gaussian_core,FB--GVI,1849483736,62,1.0,-18.66316857409674,28.14499601909555,28.14499601909555,1110087332.6398447,0.06402850050645215,2.615446820103928,0.9999999999999805,122.77483455108323,1.2277483434338212e-07,1.0000000087780956,3.421562444984783,0.05669468105975792,0.027216248970944434,,nan,nan,nan,nan,nan,nan,nan,62,62,62,62,62,0,62,62,0,0,0,1,False,False,1.0,results/raw/core/C/C_diao_gaussian_core/fb-gvi_seed0.csv
core,C,C_diao_gaussian_core,FB--GVI,1849483736,63,1.0,-18.71915715431145,28.08900743915872,28.08900743915872,1110079068.8363247,0.0637731468120408,2.6141307089457837,1.0000001768410967,124.76681935408116,1.2476681937974824e-07,1.0000001856199825,3.41811369986893,0.05572957566964183,0.02763321896782145,,nan,nan,nan,nan,nan,nan,nan,63,63,63,63,63,0,63,63,0,0,0,1,False,False,1.0,results/raw/core/C/C_diao_gaussian_core/fb-gvi_seed0.csv
core,C,C_diao_gaussian_core,FB--GVI,1849483736,64,1.0,-18.774203607151886,28.033960986886107,28.033960986886107,1110070870.3462663,0.06352111534602276,2.612841261791448,1.000000109824866,126.75893011401183,1.2675892975584597e-07,1.0000001186051142,3.4147362544323046,0.05479592008368874,0.02804397896397859,,nan,nan,nan,nan,nan,nan,nan,64,64,64,64,64,0,64,64,0,0,0,1,False,False,1.0,results/raw/core/C/C_diao_gaussian_core/fb-gvi_seed0.csv
core,C,C_diao_gaussian_core,FB--GVI,1849483736,65,1.0,-18.828338294013452,27.979826300098594,27.979826300098594,1110062735.651617,0.06327236041918606,2.6115775364447575,1.0000002123730467,128.7511629403577,1.287511628959181e-07,1.0000002211543808,3.411427558374094,0.053892226610526624,0.02846679900540039,,nan,nan,nan,nan,nan,nan,nan,65,65,65,65,65,0,65,65,0,0,0,1,False,False,1.0,results/raw/core/C/C_diao_gaussian_core/fb-gvi_seed0.csv
core,C,C_diao_gaussian_core,FB--GVI,1849483736,66,1.0,-18.881590155583105,27.926574438597875,27.926574438597875,1110054663.2921448,0.06302683681597185,2.610338625864767,1.0000000000000198,130.74351411989073,1.3074351404063906e-07,1.0000000087840908,3.4081851592295895,0.05301709876132337,0.02887709898641333,,nan,nan,nan,nan,nan,nan,nan,66,66,66,66,66,0,66,66,0,0,0,1,False,False,1.0,results/raw/core/C/C_diao_gaussian_core/fb-gvi_seed0.csv
core,C,C_diao_gaussian_core,FB--GVI,1849483736,67,1.0,-18.933986797998415,27.874177796548736,27.874177796548736,1110046651.8624368,0.06278449979160672,2.6091236568921845,1.0000000836794232,132.73598010606946,1.3273598011446442e-07,1.000000092465187,3.4050066986279104,0.05216922441485141,0.02929707895964384,,nan,nan,nan,nan,nan,nan,nan,67,67,67,67,67,0,67,67,0,0,0,1,False,False,1.0,results/raw/core/C/C_diao_gaussian_core/fb-gvi_seed0.csv
core,C,C_diao_gaussian_core,FB--GVI,1849483736,68,1.0,-18.98555457261905,27.822610020499724,27.822610020499724,1110038700.0089912,0.06254530506948092,2.607931789017977,1.0000000805261864,134.72855750921875,1.347285572501568e-07,1.000000089314583,3.401889908688699,0.05134736958544942,0.02970904897665605,,nan,nan,nan,nan,nan,nan,nan,68,68,68,68,68,0,68,68,0,0,0,1,False,False,1.0,results/raw/core/C/C_diao_gaussian_core/fb-gvi_seed0.csv
core,C,C_diao_gaussian_core,FB--GVI,1849483736,69,1.0,-19.036318649968297,27.771845943051606,27.771845943051606,1110030806.4276466,0.06230920883871868,2.6067622131934143,1.0000000744863642,136.7212430874216,1.3672124297291411e-07,1.000000083277938,3.39883260855364,0.050550372734279765,0.030118788999971002,,nan,nan,nan,nan,nan,nan,nan,69,69,69,69,69,0,69,69,0,0,0,1,False,False,1.0,results/raw/core/C/C_diao_gaussian_core/fb-gvi_seed0.csv
core,C,C_diao_gaussian_core,FB--GVI,1849483736,70,1.0,-19.086303088347247,27.721861505434727,27.721861505434727,1110022969.8610368,0.06207616775189676,2.6056141506802577,1.0000001258221427,138.71403373806197,1.3871403395928585e-07,1.000000134616168,3.395832701047732,0.04977713956859488,0.03053848899435252,,nan,nan,nan,nan,nan,nan,nan,70,70,70,70,70,0,70,70,0,0,0,1,False,False,1.0,results/raw/core/C/C_diao_gaussian_core/fb-gvi_seed0.csv
core,C,C_diao_gaussian_core,FB--GVI,1849483736,71,1.0,-19.13553089757415,27.672633695601487,27.672633695601487,1110015189.0963576,0.0618461389228751,2.604486851940074,1.0000001789741964,140.7069264899615,1.4070692636476551e-07,1.0000001877704738,3.3928881694658988,0.049026638281221634,0.030950138985645026,,nan,nan,nan,nan,nan,nan,nan,71,71,71,71,71,0,71,71,0,0,0,1,False,False,1.0,results/raw/core/C/C_diao_gaussian_core/fb-gvi_seed0.csv
core,C,C_diao_gaussian_core,FB--GVI,1849483736,72,1.0,-19.184024098257144,27.62414049572415,27.62414049572415,1110007462.9631038,0.06161907992471031,2.603379595561597,1.0000000000000162,142.6999184960658,1.4269991834665244e-07,1.0000000088090764,3.389997074480526,0.048297895187411594,0.03137356898514554,,nan,nan,nan,nan,nan,nan,nan,72,72,72,72,72,0,72,72,0,0,0,1,False,False,1.0,results/raw/core/C/C_diao_gaussian_core/fb-gvi_seed0.csv
core,C,C_diao_gaussian_core,FB--GVI,1849483736,73,1.0,-19.231803776969635,27.57636081618994,27.57636081618994,1109999790.3310843,0.061394948787628204,2.60229168722509,0.9999999999999719,144.69300702663227,1.4469300712542552e-07,1.0000000088169048,3.387157551165739,0.0475899907211655,0.03178631898481399,,nan,nan,nan,nan,nan,nan,nan,73,73,73,73,73,0,73,73,0,0,0,1,False,False,1.0,results/raw/core/C/C_diao_gaussian_core/fb-gvi_seed0.csv
core,C,C_diao_gaussian_core,FB--GVI,1849483736,74,1.0,-19.278890137662206,27.529274453869075,27.529274453869075,1109992170.1084976,0.06117370399703531,2.601222458702527,1.0000001386208566,146.68618946287506,1.4668618939874615e-07,1.0000001474324876,3.384367806133891,0.0469020557564168,0.032209408993367106,,nan,nan,nan,nan,nan,nan,nan,74,74,74,74,74,0,74,74,0,0,0,1,False,False,1.0,results/raw/core/C/C_diao_gaussian_core/fb-gvi_seed0.csv
core,C,C_diao_gaussian_core,FB--GVI,1849483736,75,1.0,-19.325302549613966,27.482862043282147,27.482862043282147,1109984601.2401237,0.0609553044915536,2.600171266892674,1.0000000011394838,148.67946329104,1.486794630314695e-07,1.0000000099771793,3.3816261147807016,0.046233268223383424,0.03262920898851007,,nan,nan,nan,nan,nan,nan,nan,75,75,75,75,75,0,75,75,0,0,0,1,False,False,1.0,results/raw/core/C/C_diao_gaussian_core/fb-gvi_seed0.csv
core,C,C_diao_gaussian_core,FB--GVI,1849483736,76,1.0,-19.371059592197827,27.43710500028077,27.43710500028077,1109977082.705642,0.0607397096610653,2.5991374928899904,0.9999999999999807,150.67282609686387,1.5067282602399779e-07,1.0000000088518843,3.378930818634799,0.04558284999275584,0.033044359006453305,,nan,nan,nan,nan,nan,nan,nan,76,76,76,76,76,0,76,76,0,0,0,1,False,False,1.0,results/raw/core/C/C_diao_gaussian_core/fb-gvi_seed0.csv
core,C,C_diao_gaussian_core,FB--GVI,1849483736,77,1.0,-19.416179096709534,27.39198549713518,27.39198549713518,1109969613.5180328,0.06052687934475703,2.5981205410862334,1.0000000000000038,152.66627556039694,1.5266627537382303e-07,1.0000000088687135,3.3762803228078906,0.0449500640029022,0.0334697489743121,,nan,nan,nan,nan,nan,nan,nan,77,77,77,77,77,0,77,77,0,0,0,1,False,False,1.0,results/raw/core/C/C_diao_gaussian_core/fb-gvi_seed0.csv
core,C,C_diao_gaussian_core,FB--GVI,1849483736,78,1.0,-19.460678185487705,27.347486408184075,27.347486408184075,1109962192.7220685,0.06031677382915441,2.597119838303896,1.000000188486138,154.6598094511587,1.5465980913600046e-07,1.0000001973133965,3.3736730935420516,0.04433421160891414,0.033885209006257355,,nan,nan,nan,nan,nan,nan,nan,78,78,78,78,78,0,78,78,0,0,0,1,False,False,1.0,results/raw/core/C/C_diao_gaussian_core/fb-gvi_seed0.csv
core,C,C_diao_gaussian_core,FB--GVI,1849483736,79,1.0,-19.50457330853169,27.303591285355466,27.303591285355466,1109954819.3929183,0.06010935384614033,2.596134832960344,1.000000000000003,156.65342562359828,1.566534255455003e-07,1.0000000089132752,3.3711076558503272,0.043734630133197894,0.034307889000047,,nan,nan,nan,nan,nan,nan,nan,79,79,79,79,79,0,79,79,0,0,0,1,False,False,1.0,results/raw/core/C/C_diao_gaussian_core/fb-gvi_seed0.csv
core,C,C_diao_gaussian_core,FB--GVI,1849483736,80,1.0,-19.547880277805884,27.260284318007795,27.260284318007795,1109947492.6348066,0.059904580570950806,2.59516499426188,1.0000000713909394,158.64712201283865,1.586471217705028e-07,1.0000000802678248,3.3685825912476215,0.04315069060082063,0.034720778989139944,,nan,nan,nan,nan,nan,nan,nan,80,80,80,80,80,0,80,80,0,0,0,1,False,False,1.0,results/raw/core/C/C_diao_gaussian_core/fb-gvi_seed0.csv
core,C,C_diao_gaussian_core,FR--KL,1849483736,0,0.0,0.7423770594884641,47.55054165029347,47.55054165029347,1111018632.3057785,0.611263454994497,2.9644356609358593,1.0,1.0,1.0000000053696962e-09,1.000000008773219,4.759422267475159,9.153361661525665,0.0006125600193627179,,nan,nan,nan,nan,nan,nan,nan,0,0,0,0,0,0,0,0,0,0,0,1,False,False,0.0,results/raw/core/C/C_diao_gaussian_core/fr-kl_seed0.csv
core,C,C_diao_gaussian_core,FR--KL,1849483736,1,0.5,-1.1679476117607543,45.64021698247178,45.64021698247178,1110997849.5869725,0.3154507728882533,2.9498705648809764,1.0,1.4999999992500002,1.5000000189455667e-09,1.0000000087732184,4.442343263342161,5.920685975719359,0.0013075800379738212,,nan,nan,nan,nan,nan,nan,nan,1,1,1,1,1,0,0,0,2,2,0,1,False,False,0.5,results/raw/core/C/C_diao_gaussian_core/fr-kl_seed0.csv
core,C,C_diao_gaussian_core,FR--KL,1849483736,2,0.5,-2.955592846321406,43.8525717467702,43.8525717467702,1110972397.6598277,0.17570774902521455,2.931051033077957,1.0000000000000007,2.249999997187501,2.250000075737716e-09,1.000000008773219,4.318540142620029,3.8826486549220536,0.0018608900136314332,,nan,nan,nan,nan,nan,nan,nan,2,2,2,2,2,0,0,0,4,4,0,1,False,False,0.5,results/raw/core/C/C_diao_gaussian_core/fr-kl_seed0.csv
core,C,C_diao_gaussian_core,FR--KL,1849483736,3,0.5,-4.692671973684571,42.11549262141663,42.11549262141663,1110941227.5862184,0.11651664240335313,2.9080244129266726,0.9999999999999993,3.374999991984374,3.375000100897019e-09,1.00000000877322,4.234241783764858,2.5560227688082806,0.0024012899957597256,,nan,nan,nan,nan,nan,nan,nan,3,3,3,3,3,0,0,0,6,6,0,1,False,False,0.5,results/raw/core/C/C_diao_gaussian_core/fr-kl_seed0.csv
core,C,C_diao_gaussian_core,FR--KL,1849483736,4,0.5,-6.394083316855146,40.41408127666823,40.41408127666823,1110903055.1287975,0.09523993061061768,2.8815770779960075,0.999999999999998,5.062499979433596,5.062499935294908e-09,1.0000000087732188,4.153467984078812,1.682703672827702,0.0029168000328354537,,nan,nan,nan,nan,nan,nan,nan,4,4,4,4,4,0,0,0,8,8,0,1,False,False,0.5,results/raw/core/C/C_diao_gaussian_core/fr-kl_seed0.csv
core,C,C_diao_gaussian_core,FR--KL,1849483736,5,0.5,-8.061681817625185,38.74648277553878,38.74648277553878,1110856307.8921251,0.08781520911984349,2.8530766334097475,1.0000000000000007,7.5937499499287116,7.59375001595739e-09,1.000000008773219,4.070759035184792,1.1063393372201464,0.0034328800393268466,,nan,nan,nan,nan,nan,nan,nan,5,5,5,5,5,0,0,0,10,10,0,1,False,False,0.5,results/raw/core/C/C_diao_gaussian_core/fr-kl_seed0.csv
core,C,C_diao_gaussian_core,FR--KL,1849483736,6,0.5,-9.695429745608308,37.11273484601047,37.11273484601047,1110799060.7416685,0.08412417728682098,2.8238530274655456,0.9999999999999991,11.39062488164428,1.1390624921882891e-08,1.0000000087732202,3.987639457611573,0.7263017220375728,0.003943010000512004,,nan,nan,nan,nan,nan,nan,nan,6,6,6,6,6,0,0,0,12,12,0,1,False,False,0.5,results/raw/core/C/C_diao_gaussian_core/fr-kl_seed0.csv
core,C,C_diao_gaussian_core,FR--KL,1849483736,7,0.5,-11.2955778919388,35.51258669742756,35.51258669742756,1110728956.8359725,0.08092630304324223,2.794493463716989,1.000000000000005,17.085937225156684,1.7085937281529725e-08,1.000000008773219,3.905209317843698,0.4761864351051144,0.0044569000019691885,,nan,nan,nan,nan,nan,nan,nan,7,7,7,7,7,0,0,0,14,14,0,1,False,False,0.5,results/raw/core/C/C_diao_gaussian_core/fr-kl_seed0.csv
core,C,C_diao_gaussian_core,FR--KL,1849483736,8,0.5,-12.862293366462564,33.94587122481074,33.94587122481074,1110643111.0571923,0.07723706545047795,2.7646837387371557,1.0000000000000002,25.628905618788085,2.5628905650438993e-08,1.0000000087732195,3.8224466368981567,0.3118516026352757,0.004954039992298931,,nan,nan,nan,nan,nan,nan,nan,8,8,8,8,8,0,0,0,16,16,0,1,False,False,0.5,results/raw/core/C/C_diao_gaussian_core/fr-kl_seed0.csv
core,C,C_diao_gaussian_core,FR--KL,1849483736,9,0.5,-14.395079305064106,32.41308528790254,32.41308528790254,1110537991.925344,0.07275314790953336,2.733784125077672,0.9999999999999923,38.44335793555155,3.844335783340259e-08,1.000000008773219,3.7375756607927593,0.20400286500509096,0.005490010022185743,,nan,nan,nan,nan,nan,nan,nan,9,9,9,9,9,0,0,0,18,18,0,1,False,False,0.5,results/raw/core/C/C_diao_gaussian_core/fr-kl_seed0.csv
core,C,C_diao_gaussian_core,FR--KL,1849483736,10,0.5,-15.89292470743621,30.915239886949806,30.915239886949806,1110409277.2480602,0.06748986214318631,2.7016046826325586,0.99999999999999,57.665035794908455,5.7665035880575665e-08,1.000000008773221,3.65014353707714,0.1332926314218267,0.005986960022710264,,nan,nan,nan,nan,nan,nan,nan,10,10,10,10,10,0,0,0,20,20,0,1,False,False,0.5,results/raw/core/C/C_diao_gaussian_core/fr-kl_seed0.csv
core,C,C_diao_gaussian_core,FR--KL,1849483736,11,0.5,-17.35503513765505,29.453129458819024,29.453129458819024,1110251677.7746987,0.06171190507708816,2.668651014176997,0.999999999999984,86.49755119842052,8.649755107363147e-08,1.0000000087732221,3.5616112913854874,0.08698739411395474,0.006498560018371791,,nan,nan,nan,nan,nan,nan,nan,11,11,11,11,11,0,0,0,22,22,0,1,False,False,0.5,results/raw/core/C/C_diao_gaussian_core/fr-kl_seed0.csv
core,C,C_diao_gaussian_core,FR--KL,1849483736,12,0.5,-18.78137226461093,28.026792330098065,28.026792330098065,1110058721.9282355,0.05581328351434926,2.6356219293040883,1.0000000000000149,129.74632118626147,1.2974632112848429e-07,1.0000000087732228,3.4739235419579035,0.05670971431122986,0.00700347003294155,,nan,nan,nan,nan,nan,nan,nan,12,12,12,12,12,0,0,0,24,24,0,1,False,False,0.5,results/raw/core/C/C_diao_gaussian_core/fr-kl_seed0.csv
core,C,C_diao_gaussian_core,FR--KL,1849483736,13,0.5,-20.172440809104973,26.635723784502947,26.635723784502947,1109822493.1758032,0.05007248042086508,2.602688995032401,0.9999999999999976,194.61946915381222,1.946194692786392e-07,1.0000000087732202,3.3875798149754712,0.03694104140434129,0.007515070028603077,,nan,nan,nan,nan,nan,nan,nan,13,13,13,13,13,0,0,0,26,26,0,1,False,False,0.5,results/raw/core/C/C_diao_gaussian_core/fr-kl_seed0.csv
core,C,C_diao_gaussian_core,FR--KL,1849483736,14,0.5,-21.528560646273302,25.2796039482911,25.2796039482911,1109533309.7063437,0.044452171406222166,2.569337520969773,1.0000000000000402,291.92917532316756,2.9192917503687216e-07,1.000000008773225,3.301273442886325,0.024046909271046555,0.008026349998544902,,nan,nan,nan,nan,nan,nan,nan,14,14,14,14,14,0,0,0,28,28,0,1,False,False,0.5,results/raw/core/C/C_diao_gaussian_core/fr-kl_seed0.csv
core,C,C_diao_gaussian_core,FR--KL,1849483736,15,0.5,-22.849408715739095,23.95875587856015,23.95875587856015,1109179333.8918097,0.03867156463280736,2.534946404992813,1.000000000000053,437.89369906777915,4.3789369823386816e-07,1.000000008773215,3.213458640169704,0.015641265801976115,0.008525310026016086,,nan,nan,nan,nan,nan,nan,nan,15,15,15,15,15,0,0,0,30,30,0,1,False,False,0.5,results/raw/core/C/C_diao_gaussian_core/fr-kl_seed0.csv
core,C,C_diao_gaussian_core,FR--KL,1849483736,16,0.5,-24.134307229963646,22.673857364920497,22.673857364920497,1108746096.6771579,0.03250713569647892,2.4994763737378514,0.9999999999998528,656.8404047885297,6.568404038223268e-07,1.0000000087732277,3.124113408616191,0.01016435220140031,0.009015769988764077,,nan,nan,nan,nan,nan,nan,nan,16,16,16,16,16,0,0,0,32,32,0,1,False,False,0.5,results/raw/core/C/C_diao_gaussian_core/fr-kl_seed0.csv
core,C,C_diao_gaussian_core,FR--KL,1849483736,17,0.5,-25.382922094623122,21.425242498849066,21.425242498849066,1108215919.53468,0.026046549986774803,2.4635216634350483,1.0000000000000124,985.2602836034125,9.8526028227342e-07,1.0000000087732552,3.034800911563372,0.006598820109670104,0.009528119990136474,,nan,nan,nan,nan,nan,nan,nan,17,17,17,17,17,0,0,0,34,34,0,1,False,False,0.5,results/raw/core/C/C_diao_gaussian_core/fr-kl_seed0.csv
core,C,C_diao_gaussian_core,FR--KL,1849483736,18,0.5,-26.595596134029183,20.212568460372516,20.212568460372516,1107567213.434144,0.019713784899749835,2.4276529199417776,0.9999999999995579,1477.88969735211,1.4778896959156753e-06,1.0000000087732361,2.9469730877887406,0.004280442316722726,0.010049069998785853,,nan,nan,nan,nan,nan,nan,nan,18,18,18,18,18,0,0,0,36,36,0,1,False,False,0.5,results/raw/core/C/C_diao_gaussian_core/fr-kl_seed0.csv
core,C,C_diao_gaussian_core,FR--KL,1849483736,19,0.5,-27.772943769897903,19.035220826570768,19.035220826570768,1106773629.7313333,0.014077533219597926,2.391760523034681,1.000000000000003,2216.832907910901,2.2168329051318465e-06,1.0000000087734042,2.86038739386148,0.0027746762279157893,0.01055127999279648,,nan,nan,nan,nan,nan,nan,nan,19,19,19,19,19,0,0,0,38,38,0,1,False,False,0.5,results/raw/core/C/C_diao_gaussian_core/fr-kl_seed0.csv
core,C,C_diao_gaussian_core,FR--KL,1849483736,20,0.5,-28.91515502995628,17.893009563760856,17.893009563760856,1105803032.1576593,0.009579322798334443,2.355139774806943,1.0000000000000855,3325.2456761093695,3.3252456724130184e-06,1.0000000087733076,2.7734047936752324,0.0017973334721644865,0.011059530021157116,,nan,nan,nan,nan,nan,nan,nan,20,20,20,20,20,0,0,0,40,40,0,1,False,False,0.5,results/raw/core/C/C_diao_gaussian_core/fr-kl_seed0.csv
core,C,C_diao_gaussian_core,FR--KL,1849483736,21,0.5,-30.02177970095715,16.786384894181992,16.786384894181992,1104616253.9871256,0.006354627861156777,2.317237410344098,1.000000000000589,4987.8602212337,4.98786021554748e-06,1.0000000087732437,2.684822423212915,0.0011631823405742437,0.011554569995496422,,nan,nan,nan,nan,nan,nan,nan,21,21,21,21,21,0,0,0,42,42,0,1,False,False,0.5,results/raw/core/C/C_diao_gaussian_core/fr-kl_seed0.csv
core,C,C_diao_gaussian_core,FR--KL,1849483736,22,0.5,-31.092225190554135,15.715939404003674,15.715939404003674,1103165601.9168801,0.004237271210492406,2.2782442500050024,1.0000000000014124,7481.7716728349205,7.481771659859551e-06,1.000000008773804,2.5952101974356685,0.0007519328117720299,0.012050100020132959,,nan,nan,nan,nan,nan,nan,nan,22,22,22,22,22,0,0,0,44,44,0,1,False,False,0.5,results/raw/core/C/C_diao_gaussian_core/fr-kl_seed0.csv
core,C,C_diao_gaussian_core,FR--KL,1849483736,23,0.5,-32.126416724643484,14.681747871139745,14.681747871139745,1101393067.2215946,0.002906334296892001,2.2388769243619735,1.0000000000001135,11222.615526729085,1.1222615523389049e-05,1.0000000087733605,2.5062900854342125,0.0004855266141998477,0.012539710034616292,,nan,nan,nan,nan,nan,nan,nan,23,23,23,23,23,0,0,0,46,46,0,1,False,False,0.5,results/raw/core/C/C_diao_gaussian_core/fr-kl_seed0.csv
core,C,C_diao_gaussian_core,FR--KL,1849483736,24,0.5,-33.12488749133704,13.683277103590989,13.683277103590989,1099228199.7973425,0.002061956253472901,2.199557377817417,0.9999999999972577,16833.828830297523,1.683382881657418e-05,1.000000008774035,2.419028717896786,0.00031319343842443296,0.013031929032877088,,nan,nan,nan,nan,nan,nan,nan,24,24,24,24,24,0,0,0,48,48,0,1,False,False,0.5,results/raw/core/C/C_diao_gaussian_core/fr-kl_seed0.csv
core,C,C_diao_gaussian_core,FR--KL,1849483736,25,0.5,-34.08819300658084,12.719971585335534,12.719971585335534,1096585587.2939942,0.0015130584298571992,2.1598889875190443,0.9999999999950266,25250.530713883374,2.5250530700298482e-05,1.0000000087733443,2.332561377179559,0.00020184429552874472,0.013521069020498544,,nan,nan,nan,nan,nan,nan,nan,25,25,25,25,25,0,0,0,50,50,0,1,False,False,0.5,results/raw/core/C/C_diao_gaussian_core/fr-kl_seed0.csv
core,C,C_diao_gaussian_core,FR--KL,1849483736,26,0.5,-35.016299506000685,11.791865087633255,11.791865087633255,1093361867.9177883,0.00115417617433169,2.119032884798411,0.9999999999982156,37875.317884888726,3.7875317864209955e-05,1.0000000087735235,2.2451507752543116,0.00012994497574475258,0.014015018998179585,,nan,nan,nan,nan,nan,nan,nan,26,26,26,26,26,0,0,0,52,52,0,1,False,False,0.5,results/raw/core/C/C_diao_gaussian_core/fr-kl_seed0.csv
core,C,C_diao_gaussian_core,FR--KL,1849483736,27,0.5,-35.908622817037504,10.899541778445503,10.899541778445503,1089432213.8175137,0.0009143499368081022,2.0765839556232355,1.0000000000056621,56811.90094292561,5.681190091307904e-05,1.0000000087714338,2.1561007985392324,8.354142981507214e-05,0.014520029013510793,,nan,nan,nan,nan,nan,nan,nan,27,27,27,27,27,0,0,0,54,54,0,1,False,False,0.5,results/raw/core/C/C_diao_gaussian_core/fr-kl_seed0.csv
core,C,C_diao_gaussian_core,FR--KL,1849483736,28,0.5,-36.76467251676699,10.043492077463341,10.043492077463341,1084646266.726121,0.0007406774736174039,2.0329894704283054,0.9999999999940499,85215.43078902707,8.521543075015755e-05,1.000000008771861,2.0665233070540143,5.3621649081700586e-05,0.015003988984972239,,nan,nan,nan,nan,nan,nan,nan,28,28,28,28,28,0,0,0,56,56,0,1,False,False,0.5,results/raw/core/C/C_diao_gaussian_core/fr-kl_seed0.csv
core,C,C_diao_gaussian_core,FR--KL,1849483736,29,0.5,-37.584594118015275,9.22357047522069,9.22357047522069,1078823564.102037,0.0006033106642707341,1.9890283261084745,0.9999999999865105,127817.70016312099,0.00012781770016588367,1.0000000087755994,1.978116982266727,3.436213335846377e-05,0.015513919002842158,,nan,nan,nan,nan,nan,nan,nan,29,29,29,29,29,0,0,0,58,58,0,1,False,False,0.5,results/raw/core/C/C_diao_gaussian_core/fr-kl_seed0.csv
core,C,C_diao_gaussian_core,FR--KL,1849483736,30,0.5,-38.36900952310104,8.439155070222029,8.439155070222029,1071748500.2158103,0.00049206223525703,1.944884001764941,1.0000000000041551,191714.2980044231,0.00019171429778155934,1.0000000087745244,1.891286981992311,2.1987989391730353e-05,0.015992528991773725,,nan,nan,nan,nan,nan,nan,nan,30,30,30,30,30,0,0,0,60,60,0,1,False,False,0.5,results/raw/core/C/C_diao_gaussian_core/fr-kl_seed0.csv
core,C,C_diao_gaussian_core,FR--KL,1849483736,31,0.5,-39.11832995715128,7.6898346376705575,7.6898346376705575,1063164805.6432128,0.0004038009844846948,1.8998415633711445,0.9999999999880512,287543.8838686708,0.00028754388345254774,1.000000008792903,1.8046990429350405,1.404912752371573e-05,0.01648385898442939,,nan,nan,nan,nan,nan,nan,nan,31,31,31,31,31,0,0,0,62,62,0,1,False,False,0.5,results/raw/core/C/C_diao_gaussian_core/fr-kl_seed0.csv
core,C,C_diao_gaussian_core,FR--KL,1849483736,32,0.5,-39.832304039868156,6.975860554399476,6.975860554399476,1052769533.9641546,0.0003331661236368953,1.8529756645468618,1.0000000000565095,431253.82360529795,0.00043125382327358785,1.0000000087892293,1.716759448431002,8.960406482144257e-06,0.01696372899459675,,nan,nan,nan,nan,nan,nan,nan,32,32,32,32,32,0,0,0,64,64,0,1,False,False,0.5,results/raw/core/C/C_diao_gaussian_core/fr-kl_seed0.csv
core,C,C_diao_gaussian_core,FR--KL,1849483736,33,0.5,-40.51029784114688,6.297866751399983,6.297866751399983,1040206841.5037565,0.00027258359101267935,1.8040902865284103,0.9999999999876581,646741.2805824238,0.0006467412799537591,1.0000000087836622,1.6273709118988005,5.701838778491781e-06,0.017456859000958502,,nan,nan,nan,nan,nan,nan,nan,33,33,33,33,33,0,0,0,66,66,0,1,False,False,0.5,results/raw/core/C/C_diao_gaussian_core/fr-kl_seed0.csv
core,C,C_diao_gaussian_core,FR--KL,1849483736,34,0.5,-41.151997149911416,5.656167444568899,5.656167444568899,1025062470.7697382,0.00021692950233098178,1.7538791150001887,1.0000000000007816,969798.316577332,0.0009697983154606447,1.0000000088074004,1.5380459975207914,3.6189688198694396e-06,0.01793940900824964,,nan,nan,nan,nan,nan,nan,nan,34,34,34,34,34,0,0,0,68,68,0,1,False,False,0.5,results/raw/core/C/C_diao_gaussian_core/fr-kl_seed0.csv
core,C,C_diao_gaussian_core,FR--KL,1849483736,35,0.5,-41.757760516696806,5.0504040779948625,5.0504040779948625,1006860381.2568648,0.00016574899898107217,1.7030826036223454,0.9999999999756668,1453992.4351528408,0.001453992434083162,1.000000008865988,1.4502451922627104,2.2910889248215335e-06,0.018435639038216323,,nan,nan,nan,nan,nan,nan,nan,35,35,35,35,35,0,0,0,70,70,0,1,False,False,0.5,results/raw/core/C/C_diao_gaussian_core/fr-kl_seed0.csv
core,C,C_diao_gaussian_core,FR--KL,1849483736,36,0.5,-42.32823076547075,4.479933828245699,4.479933828245699,985062770.3649086,0.00012164330370098443,1.6515237375804765,1.000000000139543,2179404.234034482,0.0021794042321171773,1.000000008850934,1.3637653364998394,1.4468130396396893e-06,0.018907929013948888,,nan,nan,nan,nan,nan,nan,nan,36,36,36,36,36,0,0,0,72,72,0,1,False,False,0.5,results/raw/core/C/C_diao_gaussian_core/fr-kl_seed0.csv
core,C,C_diao_gaussian_core,FR--KL,1849483736,37,0.5,-42.863635687917316,3.944528907258713,3.944528907258713,959073967.7514371,8.720698838465958e-05,1.5981113024933227,1.000000000052555,3265547.8766087634,0.003265547875035504,1.000000008960791,1.2769798720142023,9.111289331537567e-07,0.01939391903579235,,nan,nan,nan,nan,nan,nan,nan,37,37,37,37,37,0,0,0,74,74,0,1,False,False,0.5,results/raw/core/C/C_diao_gaussian_core/fr-kl_seed0.csv
core,C,C_diao_gaussian_core,FR--KL,1849483736,38,0.5,-43.36355477666632,3.4446098170902184,3.4446098170902184,928249096.4206003,6.28291130567783e-05,1.5418515772806902,0.9999999997608308,4890336.999979652,0.004890336995842357,1.000000008821566,1.1886531453208666,5.718004204327264e-07,0.019875409023370594,,nan,nan,nan,nan,nan,nan,nan,38,38,38,38,38,0,0,0,76,76,0,1,False,False,0.5,results/raw/core/C/C_diao_gaussian_core/fr-kl_seed0.csv
core,C,C_diao_gaussian_core,FR--KL,1849483736,39,0.5,-43.82740866904661,2.9807559242790966,2.9807559242790966,891911817.6384467,4.651065554800027e-05,1.482784354914862,1.0000000011051338,7317612.703464756,0.007317612693357145,1.0000000088913306,1.0993247226787095,3.573223509997271e-07,0.020367408986203372,,nan,nan,nan,nan,nan,nan,nan,39,39,39,39,39,0,0,0,78,78,0,1,False,False,0.5,results/raw/core/C/C_diao_gaussian_core/fr-kl_seed0.csv
core,C,C_diao_gaussian_core,FR--KL,1849483736,40,0.5,-44.25513681781617,2.5530277765327667,2.5530277765327667,849390720.8645232,3.5445300969987956e-05,1.4218000601482539,0.9999999995147315,10936404.867999734,0.010936404859752308,1.0000000089588161,1.010757706104969,2.222322631480143e-07,0.02084317902335897,,nan,nan,nan,nan,nan,nan,nan,40,40,40,40,40,0,0,0,80,80,0,1,False,False,0.5,results/raw/core/C/C_diao_gaussian_core/fr-kl_seed0.csv
core,C,C_diao_gaussian_core,FR--KL,1849483736,41,0.5,-44.64732306285551,2.160841531608251,2.160841531608251,800085012.8087318,2.7659254708581552e-05,1.3594468416828447,1.0000000000521103,16315391.441870768,0.016315391428219923,1.0000000086650802,0.9240478580797048,1.3753067367053902e-07,0.02133703901199624,,nan,nan,nan,nan,nan,nan,nan,41,41,41,41,41,0,0,0,82,82,0,1,False,False,0.5,results/raw/core/C/C_diao_gaussian_core/fr-kl_seed0.csv
core,C,C_diao_gaussian_core,FR--KL,1849483736,42,0.5,-45.00463614630473,1.8035284467445458,1.8035284467445458,743561192.9338007,2.2266267182165566e-05,1.2949862506979293,0.9999999993591405,24275058.619178284,0.024275058601740923,1.0000000089056653,0.8384946951651931,8.46616177486729e-08,0.021819068992044777,,nan,nan,nan,nan,nan,nan,nan,42,42,42,42,42,0,0,0,84,84,0,1,False,False,0.5,results/raw/core/C/C_diao_gaussian_core/fr-kl_seed0.csv
core,C,C_diao_gaussian_core,FR--KL,1849483736,43,0.5,-45.32721981807066,1.4809447764489407,1.4809447764489407,679669104.4770162,1.877918433648965e-05,1.2267915240482856,1.0000000003703702,35975929.045286566,0.0359759290071625,1.0000000087536176,0.7525087219624217,5.1788226044048115e-08,0.022315118985716254,,nan,nan,nan,nan,nan,nan,nan,43,43,43,43,43,0,0,0,86,86,0,1,False,False,0.5,results/raw/core/C/C_diao_gaussian_core/fr-kl_seed0.csv
core,C,C_diao_gaussian_core,FR--KL,1849483736,44,0.5,-45.61472707269333,1.1934375207216799,1.1934375207216799,608667659.1989545,1.6611389386445296e-05,1.1537348521262378,0.9999999995420595,53010345.339201726,0.053010345287988384,1.000000008226171,0.6655520548361922,3.142686726926346e-08,0.022802119026891887,,nan,nan,nan,nan,nan,nan,nan,44,44,44,44,44,0,0,0,88,88,0,1,False,False,0.5,results/raw/core/C/C_diao_gaussian_core/fr-kl_seed0.csv
core,C,C_diao_gaussian_core,FR--KL,1849483736,45,0.5,-45.86698779759025,0.941176799194793,0.941176799194793,531375222.7026496,1.514965467303386e-05,1.0761119065904674,1.000000000541704,77462364.70594892,0.07746236464661453,1.0000000082340146,0.5790084181337514,1.8884008069595127e-08,0.0233024189947173,,nan,nan,nan,nan,nan,nan,nan,45,45,45,45,45,0,0,0,90,90,0,1,False,False,0.5,results/raw/core/C/C_diao_gaussian_core/fr-kl_seed0.csv
core,C,C_diao_gaussian_core,FR--KL,1849483736,46,0.5,-46.084619974881406,0.7235446195015518,0.7235446195015518,449382994.72942996,1.3967504536478155e-05,0.9950565389422471,1.0000000012191022,111861036.89838925,0.11186103680227942,1.0000000089385928,0.4950687583412116,1.1218981877923896e-08,0.023784039018210024,,nan,nan,nan,nan,nan,nan,nan,46,46,46,46,46,0,0,0,92,92,0,1,False,False,0.5,results/raw/core/C/C_diao_gaussian_core/fr-kl_seed0.csv
core,C,C_diao_gaussian_core,FR--KL,1849483736,47,0.5,-46.268970944581554,0.5391936493184364,0.5391936493184364,365317324.1946473,1.2834627327788418e-05,0.9109282367442133,0.9999999983315863,158903973.67518565,0.15890397357046018,1.0000000074324011,0.41489512695026415,6.581080863663941e-09,0.02428181900177151,,nan,nan,nan,nan,nan,nan,nan,47,47,47,47,47,0,0,0,94,94,0,1,False,False,0.5,results/raw/core/C/C_diao_gaussian_core/fr-kl_seed0.csv
core,C,C_diao_gaussian_core,FR--KL,1849483736,48,0.5,-46.4215372828166,0.386627310865334,0.386627310865334,282968998.7015969,1.162052072267596e-05,0.8224001101183249,0.9999999983697698,220812007.20522025,0.2208120070273233,1.0000000058393321,0.3381709711274889,3.804029184949549e-09,0.02475637901807204,,nan,nan,nan,nan,nan,nan,nan,48,48,48,48,48,0,0,0,96,96,0,1,False,False,0.5,results/raw/core/C/C_diao_gaussian_core/fr-kl_seed0.csv
core,C,C_diao_gaussian_core,FR--KL,1849483736,49,0.5,-46.54362122958169,0.26454336567949444,0.26454336567949444,206981411.55011755,1.0242157438885398e-05,0.7274661939441134,0.9999999983171195,298285501.00674456,0.2982855007843235,1.0000000110802085,0.2646035321486543,2.159009236641957e-09,0.025263249001000077,,nan,nan,nan,nan,nan,nan,nan,49,49,49,49,49,0,0,0,98,98,0,1,False,False,0.5,results/raw/core/C/C_diao_gaussian_core/fr-kl_seed0.csv
core,C,C_diao_gaussian_core,FR--KL,1849483736,50,0.5,-46.63673940093693,0.17142519349912788,0.17142519349912788,141880477.04452652,8.673488081508412e-06,0.6257025436723955,1.000000008720079,389358286.1562007,0.3893582858390746,1.0000000134178368,0.19575183754285838,1.1972523177043395e-09,0.02574278903193772,,nan,nan,nan,nan,nan,nan,nan,50,50,50,50,50,0,0,0,100,100,0,1,False,False,0.5,results/raw/core/C/C_diao_gaussian_core/fr-kl_seed0.csv
core,C,C_diao_gaussian_core,FR--KL,1849483736,51,0.5,-46.70347841924773,0.10468617775620459,0.10468617775620459,90722293.01961952,6.969112514360347e-06,0.5199296237528884,0.9999999954536559,488865512.4100457,0.48886551203675593,1.0000000119699772,0.13516340728960238,6.454201660178639e-10,0.026244409033097327,,nan,nan,nan,nan,nan,nan,nan,51,51,51,51,51,0,0,0,102,102,0,1,False,False,0.5,results/raw/core/C/C_diao_gaussian_core/fr-kl_seed0.csv
core,C,C_diao_gaussian_core,FR--KL,1849483736,52,0.5,-46.747969626863394,0.06019496663728574,0.06019496663728574,54103034.19798807,5.260042604585089e-06,0.41593178712005585,0.9999999977792429,589263072.7782943,0.5892630723026576,1.0000000099808137,0.08649962674765953,3.370822712344381e-10,0.026733839011285454,,nan,nan,nan,nan,nan,nan,nan,52,52,52,52,52,0,0,0,104,104,0,1,False,False,0.5,results/raw/core/C/C_diao_gaussian_core/fr-kl_seed0.csv
core,C,C_diao_gaussian_core,FR--KL,1849483736,53,0.5,-46.77546014891781,0.032704444862624055,0.032704444862624055,30228655.862717837,3.7084018411658357e-06,0.320387909331313,0.9999999994536165,682738357.3570044,0.6827383568948994,1.000000007808987,0.05132420680484672,1.7045231009943646e-10,0.0272238589823246,,nan,nan,nan,nan,nan,nan,nan,53,53,53,53,53,0,0,0,106,106,0,1,False,False,0.5,results/raw/core/C/C_diao_gaussian_core/fr-kl_seed0.csv
core,C,C_diao_gaussian_core,FR--KL,1849483736,54,0.5,-46.79125753626911,0.016907058543465858,0.016907058543465858,15955638.021328203,2.4418635545062665e-06,0.23844204550567646,0.9999999898961456,763479251.201504,0.7634792504732932,1.000000008856596,0.0284273054604849,8.364472733585437e-11,0.027707539033144712,,nan,nan,nan,nan,nan,nan,nan,54,54,54,54,54,0,0,0,108,108,0,1,False,False,0.5,results/raw/core/C/C_diao_gaussian_core/fr-kl_seed0.csv
core,C,C_diao_gaussian_core,FR--KL,1849483736,55,0.5,-46.799774019980056,0.008390571757322413,0.008390571757322413,8038335.374282898,1.509514178007188e-06,0.17238036132532567,1.0000000095513621,828823939.6847227,0.8288239390798045,1.0000000053110043,0.014857495110797855,4.000496953365431e-11,0.028207749011926353,,nan,nan,nan,nan,nan,nan,nan,55,55,55,55,55,0,0,0,110,110,0,1,False,False,0.5,results/raw/core/C/C_diao_gaussian_core/fr-kl_seed0.csv
core,C,C_diao_gaussian_core,FR--KL,1849483736,56,0.5,-46.804130818260056,0.004033773105878713,0.004033773105878713,3905552.0137284975,8.838915996562744e-07,0.12179031544597575,1.000000009395184,878977227.209691,0.8789772265188754,1.0000000078349514,0.007416440800502829,1.8743505096990877e-11,0.028693119005765766,,nan,nan,nan,nan,nan,nan,nan,56,56,56,56,56,0,0,0,112,112,0,1,False,False,0.5,results/raw/core/C/C_diao_gaussian_core/fr-kl_seed0.csv
core,C,C_diao_gaussian_core,FR--KL,1849483736,57,0.5,-46.80627074494993,0.0018938476884009653,0.0018938476884009653,1846963.411983292,4.954114117358519e-07,0.08456904635027035,0.9999999982912504,915926552.6689124,0.9159265518544017,1.000000009641883,0.003575961961300935,8.645622362186565e-12,0.029184119019191712,,nan,nan,nan,nan,nan,nan,nan,57,57,57,57,57,0,0,0,114,114,0,1,False,False,0.5,results/raw/core/C/C_diao_gaussian_core/fr-kl_seed0.csv
core,C,C_diao_gaussian_core,FR--KL,1849483736,58,0.5,-46.80729049388304,0.0008741008170423531,0.0008741008170423531,856464.8883737403,2.6852473020737307e-07,0.057988115157372594,1.000000001857631,942335010.22527,0.9423350095401384,1.000000004186693,0.001681310998822083,3.9425223008353314e-12,0.029666888993233442,,nan,nan,nan,nan,nan,nan,nan,58,58,58,58,58,0,0,0,116,116,0,1,False,False,0.5,results/raw/core/C/C_diao_gaussian_core/fr-kl_seed0.csv
core,C,C_diao_gaussian_core,FR--KL,1849483736,59,0.5,-46.807765976405804,0.0003986181314378362,0.0003986181314378362,391574.14404995454,1.4200249872254662e-07,0.03940889854531068,1.0000000173403754,960803249.6670672,0.9608032488331673,1.0000000167094991,0.0007765308045106763,1.7833182816899873e-12,0.030175049032550305,,nan,nan,nan,nan,nan,nan,nan,59,59,59,59,59,0,0,0,118,118,0,1,False,False,0.5,results/raw/core/C/C_diao_gaussian_core/fr-kl_seed0.csv
core,C,C_diao_gaussian_core,FR--KL,1849483736,60,0.5,-46.80798431454311,0.00018027691345941406,0.00018027691345941406,177800.54026421215,7.378357650894012e-08,0.02661707786546017,1.000000017343155,973522890.9370439,0.9735228899262932,1.0000000083887974,0.0003542345037384556,8.021423420167478e-13,0.030660079035442322,,nan,nan,nan,nan,nan,nan,nan,60,60,60,60,60,0,0,0,120,120,0,1,False,False,0.5,results/raw/core/C/C_diao_gaussian_core/fr-kl_seed0.csv
core,C,C_diao_gaussian_core,FR--KL,1849483736,61,0.5,-46.80808352254914,8.106875830102798e-05,8.106875830102798e-05,80069.49224616765,3.78683483981015e-08,0.01790124828144697,1.000000014901679,982191410.6709228,0.9821914098394804,1.0000000104100129,0.0001602274239752519,3.5937665506381777e-13,0.03114754898706451,,nan,nan,nan,nan,nan,nan,nan,61,61,61,61,61,0,0,0,122,122,0,1,False,False,0.5,results/raw/core/C/C_diao_gaussian_core/fr-kl_seed0.csv
core,C,C_diao_gaussian_core,FR--KL,1849483736,62,0.5,-46.808128280459975,3.631545204936439e-05,3.631545204936439e-05,35900.98462341859,1.9271289754984425e-08,0.012004770758562917,1.000000009279819,988056710.5668015,0.9880567098525833,1.0000000056540548,7.205729302972174e-05,1.6064466352898764e-13,0.03162713901838288,,nan,nan,nan,nan,nan,nan,nan,62,62,62,62,62,0,0,0,124,124,0,1,False,False,0.5,results/raw/core/C/C_diao_gaussian_core/fr-kl_seed0.csv
core,C,C_diao_gaussian_core,FR--KL,1849483736,63,0.5,-46.808148367449576,1.622559762322253e-05,1.622559762322253e-05,15387.75162207644,9.750701191469744e-09,0.00803488311683601,0.9999999833680026,992005974.7329395,0.9920059738105658,1.0000000056460883,3.227970009645624e-05,7.167108293282965e-14,0.032118648989126086,,nan,nan,nan,nan,nan,nan,nan,63,63,63,63,63,0,0,0,126,126,0,1,False,False,0.5,results/raw/core/C/C_diao_gaussian_core/fr-kl_seed0.csv
core,C,C_diao_gaussian_core,FR--KL,1849483736,64,0.5,-46.80815736218771,7.236853808552813e-06,7.236853808552813e-06,7158.498299320392,4.914315992640536e-09,0.005370767993288792,0.999999973015683,994656412.8922979,0.9946564120043184,1.000000008179586,1.4422590857556313e-05,3.193932707793432e-14,0.03260440903250128,,nan,nan,nan,nan,nan,nan,nan,64,64,64,64,64,0,0,0,128,128,0,1,False,False,0.5,results/raw/core/C/C_diao_gaussian_core/fr-kl_seed0.csv
core,C,C_diao_gaussian_core,FR--KL,1849483736,65,0.5,-46.80816137103388,3.2239856430507988e-06,3.2239856430507988e-06,3180.345315960283,2.470285266333304e-09,0.0035868522366879255,0.9999999941725637,996431242.8883983,0.9964312421132592,1.0000000148116768,6.432759944757149e-06,1.4215686919149944e-14,0.033093778998591006,,nan,nan,nan,nan,nan,nan,nan,65,65,65,65,65,0,0,0,130,130,0,1,False,False,0.5,results/raw/core/C/C_diao_gaussian_core/fr-kl_seed0.csv
core,C,C_diao_gaussian_core,FR--KL,1849483736,66,0.5,-46.80816316042161,1.435145751934111e-06,1.435145751934111e-06,751.5508590928739,1.2395496392065501e-09,0.002394061462578258,1.000000011270648,997617990.8129915,0.9976179897678102,1.0000000100753779,2.8657714227298333e-06,6.3225240347920295e-15,0.03358152898726985,,nan,nan,nan,nan,nan,nan,nan,66,66,66,66,66,0,0,0,132,132,0,1,False,False,0.5,results/raw/core/C/C_diao_gaussian_core/fr-kl_seed0.csv
core,C,C_diao_gaussian_core,FR--KL,1849483736,67,0.5,-46.80816395420145,6.385139486512863e-07,6.385139486512863e-07,0.0,6.212508228753175e-10,0.0015972996680276446,1.0000000152232618,998410730.3517003,0.9984107291681578,1.0000000134660625,1.275689658110099e-06,2.833420716736144e-15,0.03407081903424114,,nan,nan,nan,nan,nan,nan,nan,67,67,67,67,67,0,0,0,134,134,0,1,False,False,0.5,results/raw/core/C/C_diao_gaussian_core/fr-kl_seed0.csv
core,C,C_diao_gaussian_core,FR--KL,1849483736,68,0.5,-46.808164310648124,2.839880236794835e-07,2.839880236794835e-07,0.0,3.1111897925136614e-10,0.0010654334973472879,1.0000000123085977,998939917.8482113,0.9989399169484133,1.0000000141347423,5.675784148085004e-07,1.256510787043644e-15,0.034557838982436806,,nan,nan,nan,nan,nan,nan,nan,68,68,68,68,68,0,0,0,136,136,0,1,False,False,0.5,results/raw/core/C/C_diao_gaussian_core/fr-kl_seed0.csv
core,C,C_diao_gaussian_core,FR--KL,1849483736,69,0.5,-46.808164462848794,1.2627680946882512e-07,1.2627680946882512e-07,0.0,1.5572436174626307e-10,0.0007105413467388064,0.9999999907144849,999293025.4263251,0.9992930244458418,1.0000000109922917,2.5243541357846076e-07,6.382265516310734e-16,0.035054048988968134,,nan,nan,nan,nan,nan,nan,nan,69,69,69,69,69,0,0,0,138,138,0,1,False,False,0.5,results/raw/core/C/C_diao_gaussian_core/fr-kl_seed0.csv
core,C,C_diao_gaussian_core,FR--KL,1849483736,70,0.5,-46.80816453693265,5.614178978630667e-08,5.614178978630667e-08,57.7349795058896,7.791721627566242e-11,0.0004738081189957815,1.0000000086874183,999528569.4527514,0.999528568506322,1.0000000106533127,1.1224873002190497e-07,2.61297814092836e-16,0.03554135898593813,,nan,nan,nan,nan,nan,nan,nan,70,70,70,70,70,0,0,0,140,140,0,1,False,False,0.5,results/raw/core/C/C_diao_gaussian_core/fr-kl_seed0.csv
core,C,C_diao_gaussian_core,FR--KL,1849483736,71,0.5,-46.80816456965716,2.4956697906061524e-08,2.4956697906061524e-08,0.0,3.897697061719877e-11,0.0003159186999194885,0.9999999999926392,999685666.4153693,0.9996856654260321,1.0000000107861065,4.990318824681784e-08,1.2167860065767634e-16,0.036011828982736915,,nan,nan,nan,nan,nan,nan,nan,71,71,71,71,71,0,0,0,142,142,0,1,False,False,0.5,results/raw/core/C/C_diao_gaussian_core/fr-kl_seed0.csv
core,C,C_diao_gaussian_core,FR--KL,1849483736,72,0.5,-46.80816458280701,1.1093594833499944e-08,1.1093594833499944e-08,0.0,1.94946100041767e-11,0.00021063277058256896,0.9999999817124198,999790423.9445858,0.9997904229721655,1.0000000115944716,2.218350483480324e-08,5.3895131540669876e-17,0.03650551900500432,,nan,nan,nan,nan,nan,nan,nan,72,72,72,72,72,0,0,0,144,144,0,1,False,False,0.5,results/raw/core/C/C_diao_gaussian_core/fr-kl_seed0.csv
core,C,C_diao_gaussian_core,FR--KL,1849483736,73,0.5,-46.80816459275458,4.93112000388954e-09,4.93112000388954e-09,0.0,9.749347447817353e-12,0.00014043231910224933,0.9999999993625158,999860272.4253831,0.9998602713486656,1.0000000084868652,9.860952919561319e-09,3.8300690921262956e-17,0.03698345902375877,,nan,nan,nan,nan,nan,nan,nan,73,73,73,73,73,0,0,0,146,146,0,1,False,False,0.5,results/raw/core/C/C_diao_gaussian_core/fr-kl_seed0.csv
core,C,C_diao_gaussian_core,FR--KL,1849483736,74,0.5,-46.80816459197794,2.191731484405782e-09,2.191731484405782e-09,0.0,4.875354742376693e-12,9.362476748971517e-05,0.9999999842064532,999906845.4616368,0.9999068446618353,1.0000000074564512,4.383278685900247e-09,8.970012302768629e-17,0.03746626898646355,,nan,nan,nan,nan,nan,nan,nan,74,74,74,74,74,0,0,0,148,148,0,1,False,False,0.5,results/raw/core/C/C_diao_gaussian_core/fr-kl_seed0.csv
core,C,C_diao_gaussian_core,FR--KL,1849483736,75,0.5,-46.80816459521404,9.742959869468064e-10,9.742959869468064e-10,0.0,2.4379044237590922e-12,6.242169383632814e-05,1.0000000118334451,999937892.1407905,0.9999378911496212,1.000000010740502,1.9483118943246212e-09,2.8394032960728565e-17,0.037937999004498124,,nan,nan,nan,nan,nan,nan,nan,75,75,75,75,75,0,0,0,150,150,0,1,False,False,0.5,results/raw/core/C/C_diao_gaussian_core/fr-kl_seed0.csv
core,C,C_diao_gaussian_core,FR--KL,1849483736,76,0.5,-46.808164594850396,4.330182025663945e-10,4.330182025663945e-10,0.0,1.2190279066228726e-12,4.1613888686259865e-05,1.0000000052593718,999958595.8417711,0.9999585949147725,1.0000000149469865,8.660061814989987e-10,2.295884498898784e-17,0.03842590900603682,,nan,nan,nan,nan,nan,nan,nan,76,76,76,76,76,0,0,0,152,152,0,1,False,False,0.5,results/raw/core/C/C_diao_gaussian_core/fr-kl_seed0.csv
core,C,C_diao_gaussian_core,FR--KL,1849483736,77,0.5,-46.80816459544956,1.9248176686355897e-10,1.9248176686355897e-10,0.0,6.095391867155473e-13,2.7743574151550642e-05,1.0000000074103923,999972396.740304,0.99997239590767,1.0000000192557748,3.850107049684553e-10,4.838576592002541e-17,0.03889775899006054,,nan,nan,nan,nan,nan,nan,nan,77,77,77,77,77,0,0,0,154,154,0,1,False,False,0.5,results/raw/core/C/C_diao_gaussian_core/fr-kl_seed0.csv
core,C,C_diao_gaussian_core,FR--KL,1849483736,78,0.5,-46.80816459354368,8.556152654091954e-11,8.556152654091954e-11,0.0,3.047780085435474e-13,1.849688970625747e-05,1.000000006791232,999981596.8960421,0.9999815959794724,1.0000000189732714,1.711208230303324e-10,6.233548891788392e-17,0.03939232899574563,,nan,nan,nan,nan,nan,nan,nan,78,78,78,78,78,0,0,0,156,156,0,1,False,False,0.5,results/raw/core/C/C_diao_gaussian_core/fr-kl_seed0.csv
core,C,C_diao_gaussian_core,FR--KL,1849483736,79,0.5,-46.80816459466486,3.8102280759594917e-11,3.8102280759594917e-11,0.0,1.5239180960215814e-13,1.234270840050891e-05,1.0000000196071261,999987719.9109769,0.9999877191138011,1.0000000172676151,7.622780014338782e-11,4.082077020513607e-17,0.03987216902896762,,nan,nan,nan,nan,nan,nan,nan,79,79,79,79,79,0,0,0,158,158,0,1,False,False,0.5,results/raw/core/C/C_diao_gaussian_core/fr-kl_seed0.csv
core,C,C_diao_gaussian_core,FR--KL,1849483736,80,0.5,-46.80816459409594,1.698836338666571e-11,1.698836338666571e-11,0.0,7.61968409774679e-14,8.240323678618744e-06,0.9999999703821667,999991801.6403518,0.9999918006049023,1.0000000108650018,3.3976618080838514e-11,4.419303288523578e-17,0.04036667902255431,,nan,nan,nan,nan,nan,nan,nan,80,80,80,80,80,0,0,0,160,160,0,1,False,False,0.5,results/raw/core/C/C_diao_gaussian_core/fr-kl_seed0.csv
core,C,C_diao_gaussian_core,FR--R,1849483736,0,0.0,0.7423770594884641,47.55054165029347,47.55054165029347,1111018632.3057785,0.611263454994497,2.9644356609358593,1.0,1.0,1.0000000053696962e-09,1.000000008773219,4.759422267475159,9.153361661525665,0.0005739600164815784,,nan,nan,nan,nan,nan,nan,nan,0,0,0,0,0,0,0,0,0,0,0,1,False,False,0.0,results/raw/core/C/C_diao_gaussian_core/fr-r_seed0.csv
core,C,C_diao_gaussian_core,FR--R,1849483736,1,0.5,-1.5849339872501629,45.22323060278063,45.22323060278063,1110992367.9498067,0.3154507728882533,2.9452900257156203,0.9999999999999998,1.6487212698757705,1.648721289121066e-09,1.0000000087732182,4.428854294245678,5.378312007475251,0.0012210700078867376,,nan,nan,nan,nan,nan,nan,nan,1,1,1,1,1,1,1,2,0,0,0,1,False,False,0.5,results/raw/core/C/C_diao_gaussian_core/fr-r_seed0.csv
core,C,C_diao_gaussian_core,FR--R,1849483736,2,0.5,-3.7785685749362057,43.02959601709858,43.02959601709858,1110958646.390497,0.17567331444282963,2.918913542486893,1.0000000000000002,2.7182818248590603,2.71828182674179e-09,1.0000000087732195,4.283071998127925,3.1916276477822105,0.0017386000254191458,,nan,nan,nan,nan,nan,nan,nan,2,2,2,2,2,2,2,4,0,0,0,1,False,False,0.5,results/raw/core/C/C_diao_gaussian_core/fr-r_seed0.csv
core,C,C_diao_gaussian_core,FR--R,1849483736,3,0.5,-5.905282508919206,40.90288208364289,40.90288208364289,1110915350.7909343,0.1163261636060487,2.8857467810395456,1.0000000000000009,4.481689058311445,4.481689145699668e-09,1.0000000087732204,4.169771157441382,1.8966187716094918,0.002237730019260198,,nan,nan,nan,nan,nan,nan,nan,3,3,3,3,3,3,3,6,0,0,0,1,False,False,0.5,results/raw/core/C/C_diao_gaussian_core/fr-r_seed0.csv
core,C,C_diao_gaussian_core,FR--R,1849483736,4,0.5,-7.97580743784758,38.83235715291709,38.83235715291709,1110859764.0700355,0.09468212845226331,2.848507656782835,0.9999999999999983,7.389056062544389,7.389056027515243e-09,1.00000000877322,4.058830681878297,1.1250892269748844,0.0027176300063729286,,nan,nan,nan,nan,nan,nan,nan,4,4,4,4,4,4,4,8,0,0,0,1,False,False,0.5,results/raw/core/C/C_diao_gaussian_core/fr-r_seed0.csv
core,C,C_diao_gaussian_core,FR--R,1849483736,5,0.5,-9.991179527248907,36.81698506510414,36.81698506510414,1110788398.7964528,0.08662440737925392,2.810903735577392,1.000000000000001,12.182493855704092,1.2182493879102365e-08,1.00000000877322,3.951492120353937,0.6662012483187805,0.0032023900421336293,,nan,nan,nan,nan,nan,nan,nan,5,5,5,5,5,5,5,10,0,0,0,1,False,False,0.5,results/raw/core/C/C_diao_gaussian_core/fr-r_seed0.csv
core,C,C_diao_gaussian_core,FR--R,1849483736,6,0.5,-11.953639772624879,34.85452482347228,34.85452482347228,1110696779.209276,0.08193134971785067,2.7744254914332784,0.999999999999996,20.08553662772702,2.0085536558129547e-08,1.0000000087732184,3.8495251076692703,0.39418570679828097,0.003679879999253899,,nan,nan,nan,nan,nan,nan,nan,6,6,6,6,6,6,6,12,0,0,0,1,False,False,0.5,results/raw/core/C/C_diao_gaussian_core/fr-r_seed0.csv
core,C,C_diao_gaussian_core,FR--R,1849483736,7,0.5,-13.865278406565679,32.94288618381234,32.94288618381234,1110579161.8844454,0.07721570671853605,2.737220225488114,0.9999999999999933,33.11545113898925,3.31154511655082e-08,1.0000000087732197,3.7471051322188664,0.23312657992672936,0.004173400055151433,,nan,nan,nan,nan,nan,nan,nan,7,7,7,7,7,7,7,14,0,0,0,1,False,False,0.5,results/raw/core/C/C_diao_gaussian_core/fr-r_seed0.csv
core,C,C_diao_gaussian_core,FR--R,1849483736,8,0.5,-15.72497703348916,31.083187557836823,31.083187557836823,1110428177.7921364,0.07145471957842921,2.6972716733820468,0.9999999999999931,54.598147777661055,5.459814773307288e-08,1.0000000087732175,3.6386524919700314,0.13767950240835514,0.004655050055589527,,nan,nan,nan,nan,nan,nan,nan,8,8,8,8,8,8,8,16,0,0,0,1,False,False,0.5,results/raw/core/C/C_diao_gaussian_core/fr-r_seed0.csv
core,C,C_diao_gaussian_core,FR--R,1849483736,9,0.5,-17.529820546915825,29.27834404721883,29.27834404721883,1110234373.8092854,0.06462724637650688,2.6554868285911395,0.9999999999999992,90.01712512447462,9.001712512077902e-08,1.0000000087732128,3.5267980804159302,0.08113739680750712,0.005141230009030551,,nan,nan,nan,nan,nan,nan,nan,9,9,9,9,9,9,9,18,0,0,0,1,False,False,0.5,results/raw/core/C/C_diao_gaussian_core/fr-r_seed0.csv
core,C,C_diao_gaussian_core,FR--R,1849483736,10,0.5,-19.279022748648956,27.529141844953692,27.529141844953692,1109985626.0975113,0.057345335085290675,2.6143417669185616,0.9999999999999912,148.413142240134,1.4841314228796344e-07,1.0000000087732155,3.4182521224784854,0.047744588367660205,0.005612370034214109,,nan,nan,nan,nan,nan,nan,nan,10,10,10,10,10,10,10,20,0,0,0,1,False,False,0.5,results/raw/core/C/C_diao_gaussian_core/fr-r_seed0.csv
core,C,C_diao_gaussian_core,FR--R,1849483736,11,0.5,-20.974592214694677,25.833572378767776,25.833572378767776,1109666390.5258074,0.05026747086400213,2.574096964702918,0.9999999999999765,244.6918863050067,2.446918860233327e-07,1.0000000087732044,3.313710970613522,0.028084163379204042,0.006080680002924055,,nan,nan,nan,nan,nan,nan,nan,11,11,11,11,11,11,11,22,0,0,0,1,False,False,0.5,results/raw/core/C/C_diao_gaussian_core/fr-r_seed0.csv
core,C,C_diao_gaussian_core,FR--R,1849483736,12,0.5,-22.617819628485044,24.19034496652873,24.19034496652873,1109256745.46378,0.043375493655782825,2.53239182115911,0.9999999999998622,403.4286683609373,4.03428667708193e-07,1.000000008773158,3.207148689716715,0.016511589398390515,0.006544780044350773,,nan,nan,nan,nan,nan,nan,nan,12,12,12,12,12,12,12,24,0,0,0,1,False,False,0.5,results/raw/core/C/C_diao_gaussian_core/fr-r_seed0.csv
core,C,C_diao_gaussian_core,FR--R,1849483736,13,0.5,-24.207083085374407,22.601081508443635,22.601081508443635,1108731169.7926073,0.03609220113399551,2.487977092059142,1.0000000000000497,665.1412925683592,6.651412920133628e-07,1.0000000087731447,3.0955910856221887,0.009691569570088846,0.007010929053649306,,nan,nan,nan,nan,nan,nan,nan,13,13,13,13,13,13,13,26,0,0,0,1,False,False,0.5,results/raw/core/C/C_diao_gaussian_core/fr-r_seed0.csv
core,C,C_diao_gaussian_core,FR--R,1849483736,14,0.5,-25.740342138370885,21.067822455372692,21.067822455372692,1108056985.714964,0.028171405237079408,2.442691273240693,1.000000000000029,1096.6322323706827,1.0966322314080655e-06,1.0000000087732968,2.9838208024322266,0.005676633652946976,0.007489898998755962,,nan,nan,nan,nan,nan,nan,nan,14,14,14,14,14,14,14,28,0,0,0,1,False,False,0.5,results/raw/core/C/C_diao_gaussian_core/fr-r_seed0.csv
core,C,C_diao_gaussian_core,FR--R,1849483736,15,0.5,-27.218300456479678,19.589864135900296,19.589864135900296,1107192381.9523845,0.020216959992788563,2.39857778472849,0.9999999999999121,1808.0398962672298,1.8080398929523502e-06,1.0000000087732441,2.87686834408537,0.003321331056477674,0.00795630901120603,,nan,nan,nan,nan,nan,nan,nan,15,15,15,15,15,15,15,30,0,0,0,1,False,False,0.5,results/raw/core/C/C_diao_gaussian_core/fr-r_seed0.csv
core,C,C_diao_gaussian_core,FR--R,1849483736,16,0.5,-28.643246161114757,18.164918429771888,18.164918429771888,1106083912.3870366,0.013332447454796737,2.35452013381422,0.999999999999706,2980.9511404097348,2.98095114017824e-06,1.000000008773203,2.7720189466527927,0.0019426904793841506,0.008429939043708146,,nan,nan,nan,nan,nan,nan,nan,16,16,16,16,16,16,16,32,0,0,0,1,False,False,0.5,results/raw/core/C/C_diao_gaussian_core/fr-r_seed0.csv
core,C,C_diao_gaussian_core,FR--R,1849483736,17,0.5,-30.015376860803244,16.792787732753006,16.792787732753006,1104663332.6596487,0.008297813675802198,2.307879820668041,1.0000000000013254,4914.750226790758,4.9147502213503e-06,1.0000000087736163,2.6632090725889723,0.0011349911775003353,0.008896889048628509,,nan,nan,nan,nan,nan,nan,nan,17,17,17,17,17,17,17,34,0,0,0,1,False,False,0.5,results/raw/core/C/C_diao_gaussian_core/fr-r_seed0.csv
core,C,C_diao_gaussian_core,FR--R,1849483736,18,0.5,-31.332491180847335,15.475673412058704,15.475673412058704,1102843605.3822513,0.005106896912722767,2.2586216024749355,1.0000000000002491,8103.033326871373,8.103033325802245e-06,1.0000000087742031,2.5507057067855308,0.0006614367750912443,0.009367709048092365,,nan,nan,nan,nan,nan,nan,nan,18,18,18,18,18,18,18,36,0,0,0,1,False,False,0.5,results/raw/core/C/C_diao_gaussian_core/fr-r_seed0.csv
core,C,C_diao_gaussian_core,FR--R,1849483736,19,0.5,-32.59349888878078,14.214665703093978,14.214665703093978,1100513896.7269344,0.003225682648994755,2.2093795007935038,1.0000000000023384,13359.589276496952,1.3359589258971365e-05,1.0000000087734324,2.4406864021835664,0.00038455775427341223,0.009822489053476602,,nan,nan,nan,nan,nan,nan,nan,19,19,19,19,19,19,19,38,0,0,0,1,False,False,0.5,results/raw/core/C/C_diao_gaussian_core/fr-r_seed0.csv
core,C,C_diao_gaussian_core,FR--R,1849483736,20,0.5,-33.80017914503006,13.007985446748878,13.007985446748878,1097533388.729888,0.0021097227844797976,2.1612205128913065,1.0000000000050633,22026.09187771613,2.2026091815565746e-05,1.000000008776067,2.3354400387742418,0.00022335671159728912,0.010311909019947052,,nan,nan,nan,nan,nan,nan,nan,20,20,20,20,20,20,20,40,0,0,0,1,False,False,0.5,results/raw/core/C/C_diao_gaussian_core/fr-r_seed0.csv
core,C,C_diao_gaussian_core,FR--R,1849483736,21,0.5,-34.95436948288619,11.853795111345976,11.853795111345976,1093723675.948102,0.0014404882784870426,2.1117079957527474,1.0000000000115405,36314.48625388124,3.631448624968345e-05,1.0000000087788115,2.2296565569566713,0.0001296211485104752,0.010777169023640454,,nan,nan,nan,nan,nan,nan,nan,21,21,21,21,21,21,21,42,0,0,0,1,False,False,0.5,results/raw/core/C/C_diao_gaussian_core/fr-r_seed0.csv
core,C,C_diao_gaussian_core,FR--R,1849483736,22,0.5,-36.055045157917085,10.753119435164061,10.753119435164061,1088859409.0122683,0.0010434728116972447,2.058599297177176,0.9999999999986475,59871.37881227729,5.98713787256995e-05,1.0000000087777128,2.118916094191511,7.50355350592602e-05,0.011246969050262123,,nan,nan,nan,nan,nan,nan,nan,22,22,22,22,22,22,22,44,0,0,0,1,False,False,0.5,results/raw/core/C/C_diao_gaussian_core/fr-r_seed0.csv
core,C,C_diao_gaussian_core,FR--R,1849483736,23,0.5,-37.0999606381407,9.708203954435984,9.708203954435984,1082656907.3651402,0.000791662754435606,2.003326590213335,1.0000000000115372,98708.2608098902,9.870826072355245e-05,1.0000000087802696,2.0066590185625572,4.3275475473459536e-05,0.011702549003530294,,nan,nan,nan,nan,nan,nan,nan,23,23,23,23,23,23,23,46,0,0,0,1,False,False,0.5,results/raw/core/C/C_diao_gaussian_core/fr-r_seed0.csv
core,C,C_diao_gaussian_core,FR--R,1849483736,24,0.5,-38.08921093679139,8.71895365936519,8.71895365936519,1074760842.0921798,0.0006093957829557571,1.9487208866764099,1.0000000000118001,162734.37737922542,0.00016273437730590903,1.0000000087916288,1.8987567248825845,2.488888741071828e-05,0.012159519013948739,,nan,nan,nan,nan,nan,nan,nan,24,24,24,24,24,24,24,48,0,0,0,1,False,False,0.5,results/raw/core/C/C_diao_gaussian_core/fr-r_seed0.csv
core,C,C_diao_gaussian_core,FR--R,1849483736,25,0.5,-39.0250925383851,7.783072057294101,7.783072057294101,1064729397.6639254,0.00047213810381196546,1.8942838166959401,0.9999999999783745,268281.79923549143,0.00026828179905146886,1.0000000088039553,1.7941556907852338,1.4293892932725207e-05,0.012608959048520774,,nan,nan,nan,nan,nan,nan,nan,25,25,25,25,25,25,25,50,0,0,0,1,False,False,0.5,results/raw/core/C/C_diao_gaussian_core/fr-r_seed0.csv
core,C,C_diao_gaussian_core,FR--R,1849483736,26,0.5,-39.908446440559466,6.89971815469999,6.89971815469999,1052017938.9923286,0.0003711256842514225,1.8366027653738641,0.99999999995258,442262.5794621298,0.0004422625790385734,1.000000008826093,1.6865549205004329,8.189835458215175e-06,0.01306044904049486,,nan,nan,nan,nan,nan,nan,nan,26,26,26,26,26,26,26,52,0,0,0,1,False,False,0.5,results/raw/core/C/C_diao_gaussian_core/fr-r_seed0.csv
core,C,C_diao_gaussian_core,FR--R,1849483736,27,0.5,-40.73733049255193,6.0708340998123305,6.0708340998123305,1035960996.3412182,0.00029173315922297955,1.774516617332849,0.9999999999510579,729006.4980223738,0.000729006497554433,1.0000000088618222,1.57445465467784,4.669819759099271e-06,0.013506179035175592,,nan,nan,nan,nan,nan,nan,nan,27,27,27,27,27,27,27,54,0,0,0,1,False,False,0.5,results/raw/core/C/C_diao_gaussian_core/fr-r_seed0.csv
core,C,C_diao_gaussian_core,FR--R,1849483736,28,0.5,-41.51011509037061,5.298049502318359,5.298049502318359,1015754784.9173384,0.0002211754996023068,1.710852008122716,1.000000000218319,1201490.492754884,0.0012014904914307138,1.000000009016669,1.4635073253735593,2.6478797720825887e-06,0.013949339045211673,,nan,nan,nan,nan,nan,nan,nan,28,28,28,28,28,28,28,56,0,0,0,1,False,False,0.5,results/raw/core/C/C_diao_gaussian_core/fr-r_seed0.csv
core,C,C_diao_gaussian_core,FR--R,1849483736,29,0.5,-42.22808377070326,4.580080823630338,4.580080823630338,990447161.3035376,0.00015771172164831768,1.6477859517499518,1.0000000001777671,1979733.2593042683,0.0019797332575449402,1.000000009362846,1.3575992878936747,1.495531710583381e-06,0.014398858998902142,,nan,nan,nan,nan,nan,nan,nan,29,29,29,29,29,29,29,58,0,0,0,1,False,False,0.5,results/raw/core/C/C_diao_gaussian_core/fr-r_seed0.csv
core,C,C_diao_gaussian_core,FR--R,1849483736,30,0.5,-42.893421718281154,3.9147428751920432,3.9147428751920432,958942597.7988193,0.00010665809397191366,1.5828069497151411,1.0000000000151732,3260798.980786796,0.0032607989780845,1.0000000095259143,1.2526389278716639,8.419325148960768e-07,0.014838209026493132,,nan,nan,nan,nan,nan,nan,nan,30,30,30,30,30,30,30,60,0,0,0,1,False,False,0.5,results/raw/core/C/C_diao_gaussian_core/fr-r_seed0.csv
core,C,C_diao_gaussian_core,FR--R,1849483736,31,0.5,-43.50576724058137,3.3023973527395416,3.3023973527395416,920023250.5061848,7.136374127091531e-05,1.5120538159179193,0.9999999998269399,5367390.510746519,0.0053673905066960745,1.0000000098789263,1.1431533744898226,4.71100233939899e-07,0.015291439020074904,,nan,nan,nan,nan,nan,nan,nan,31,31,31,31,31,31,31,62,0,0,0,1,False,False,0.5,results/raw/core/C/C_diao_gaussian_core/fr-r_seed0.csv
core,C,C_diao_gaussian_core,FR--R,1849483736,32,0.5,-44.062857131328286,2.7453074620139466,2.7453074620139466,872389958.376479,4.925376023615178e-05,1.43598290699942,1.0000000006647936,8825613.83495766,0.008825613825541086,1.0000000101031763,1.0310234560998282,2.6107533485686887e-07,0.015733559033833444,,nan,nan,nan,nan,nan,nan,nan,32,32,32,32,32,32,32,64,0,0,0,1,False,False,0.5,results/raw/core/C/C_diao_gaussian_core/fr-r_seed0.csv
core,C,C_diao_gaussian_core,FR--R,1849483736,33,0.5,-44.56421366378272,2.243950930752274,2.243950930752274,814757635.6926789,3.521183306733099e-05,1.358393522456695,1.0000000005549794,14486908.070314912,0.014486908055266121,1.0000000110359348,0.9226164816948037,1.4326280105701505e-07,0.016184839012566954,,nan,nan,nan,nan,nan,nan,nan,33,33,33,33,33,33,33,66,0,0,0,1,False,False,0.5,results/raw/core/C/C_diao_gaussian_core/fr-r_seed0.csv
core,C,C_diao_gaussian_core,FR--R,1849483736,34,0.5,-45.01207250772528,1.7960920857437181,1.7960920857437181,746067772.0310959,2.5974609689479776e-05,1.2797290137333657,1.0000000000538538,23712489.58123036,0.023712489556216288,1.0000000109273035,0.8188531748426671,7.798047929527671e-08,0.016630649042781442,,nan,nan,nan,nan,nan,nan,nan,34,34,34,34,34,34,34,68,0,0,0,1,False,False,0.5,results/raw/core/C/C_diao_gaussian_core/fr-r_seed0.csv
core,C,C_diao_gaussian_core,FR--R,1849483736,35,0.5,-45.40808981271856,1.400074781010065,1.400074781010065,665830462.2064322,2.0291433703650087e-05,1.1949963969534876,0.9999999976172814,38634499.671756804,0.038634499635981,1.0000000099855588,0.7140081948131595,4.2021651093060646e-08,0.017079759039916098,,nan,nan,nan,nan,nan,nan,nan,35,35,35,35,35,35,35,70,0,0,0,1,False,False,0.5,results/raw/core/C/C_diao_gaussian_core/fr-r_seed0.csv
core,C,C_diao_gaussian_core,FR--R,1849483736,36,0.5,-45.751142601218014,1.057021992649789,1.057021992649789,574505298.8653436,1.7107952917214673e-05,1.1003146904423429,0.9999999987696461,62478868.86521871,0.06247886879335575,1.0000000102642983,0.6053462093471057,2.225559584916559e-08,0.01752150902757421,,nan,nan,nan,nan,nan,nan,nan,36,36,36,36,36,36,36,72,0,0,0,1,False,False,0.5,results/raw/core/C/C_diao_gaussian_core/fr-r_seed0.csv
core,C,C_diao_gaussian_core,FR--R,1849483736,37,0.5,-46.03983142882858,0.768333166738635,0.768333166738635,473884721.10079145,1.5193470303525596e-05,0.998196435250581,0.9999999956727134,99842003.06291938,0.09984200297406573,1.000000008969381,0.4981980618135286,1.1506023852990638e-08,0.017960119002964348,,nan,nan,nan,nan,nan,nan,nan,37,37,37,37,37,37,37,74,0,0,0,1,False,False,0.5,results/raw/core/C/C_diao_gaussian_core/fr-r_seed0.csv
core,C,C_diao_gaussian_core,FR--R,1849483736,38,0.5,-46.27585500663365,0.532309587495875,0.532309587495875,367687285.79976237,1.3718257458192122e-05,0.8930770209590129,0.9999999931761264,156595800.3836294,0.156595800303538,1.0000000087336303,0.39879328336145115,5.796612247352453e-09,0.018408909032586962,,nan,nan,nan,nan,nan,nan,nan,38,38,38,38,38,38,38,76,0,0,0,1,False,False,0.5,results/raw/core/C/C_diao_gaussian_core/fr-r_seed0.csv
core,C,C_diao_gaussian_core,FR--R,1849483736,39,0.5,-46.46318845198677,0.3449761408513051,0.3449761408513051,262428831.91838884,1.2281384991901751e-05,0.782658315701954,0.9999999963032717,238738799.68356967,0.23873879947522722,1.0000000077773035,0.3062770206323776,2.8398701681508545e-09,0.01885047904215753,,nan,nan,nan,nan,nan,nan,nan,39,39,39,39,39,39,39,78,0,0,0,1,False,False,0.5,results/raw/core/C/C_diao_gaussian_core/fr-r_seed0.csv
core,C,C_diao_gaussian_core,FR--R,1849483736,40,0.5,-46.6047266686618,0.20343792666240146,0.20343792666240146,167534750.89285392,1.065720319848753e-05,0.6589122065158545,0.9999999969860662,349324282.43805295,0.3493242821244759,1.0000000098450144,0.21708264856286638,1.3346016210434316e-09,0.019314169010613114,,nan,nan,nan,nan,nan,nan,nan,40,40,40,40,40,40,40,80,0,0,0,1,False,False,0.5,results/raw/core/C/C_diao_gaussian_core/fr-r_seed0.csv
core,C,C_diao_gaussian_core,FR--R,1849483736,41,0.5,-46.70231996905295,0.10584462655816357,0.10584462655816357,92836234.72748746,8.738473310311044e-06,0.5193973743279038,0.9999999998701037,483638886.6013535,0.4836388861945757,1.000000010576079,0.1348868167661806,5.851828659094621e-10,0.019798539055045694,,nan,nan,nan,nan,nan,nan,nan,41,41,41,41,41,41,41,82,0,0,0,1,False,False,0.5,results/raw/core/C/C_diao_gaussian_core/fr-r_seed0.csv
core,C,C_diao_gaussian_core,FR--R,1849483736,42,0.5,-46.76077578481648,0.04738881004066248,0.04738881004066248,43590530.56713793,6.6074839611903414e-06,0.37503549446589196,0.9999999993000825,626105622.9069571,0.6261056223092015,1.0000000100509636,0.07032581235934222,2.3222705397463893e-10,0.02026909904088825,,nan,nan,nan,nan,nan,nan,nan,42,42,42,42,42,42,42,84,0,0,0,1,False,False,0.5,results/raw/core/C/C_diao_gaussian_core/fr-r_seed0.csv
core,C,C_diao_gaussian_core,FR--R,1849483736,43,0.5,-46.790058654299685,0.0181059380319879,0.0181059380319879,17219538.653319485,4.533956652794694e-06,0.24564453186323318,0.9999999998177113,754810160.1011379,0.754810159377514,1.0000000115146515,0.03017061853918076,8.19481883102893e-11,0.02071320899995044,,nan,nan,nan,nan,nan,nan,nan,43,43,43,43,43,43,43,86,0,0,0,1,False,False,0.5,results/raw/core/C/C_diao_gaussian_core/fr-r_seed0.csv
core,C,C_diao_gaussian_core,FR--R,1849483736,44,0.5,-46.802174544447546,0.005990049852779664,0.005990049852779664,5820167.047253913,2.821477098911488e-06,0.1469369286499991,0.9999999797597059,853257344.4340724,0.8532573436475198,1.0000000125162358,0.010795231037189382,2.5820618320745728e-11,0.021163289027754217,,nan,nan,nan,nan,nan,nan,nan,44,44,44,44,44,44,44,88,0,0,0,1,False,False,0.5,results/raw/core/C/C_diao_gaussian_core/fr-r_seed0.csv
core,C,C_diao_gaussian_core,FR--R,1849483736,45,0.5,-46.806391660797274,0.0017729319144699149,0.0017729319144699149,1743972.82681652,1.6174075559548657e-06,0.08187226652852624,0.9999999893389653,918215879.0060005,0.9182158781503625,1.000000006965703,0.00335153433222164,7.431583305081031e-12,0.021607499045785517,,nan,nan,nan,nan,nan,nan,nan,45,45,45,45,45,45,45,90,0,0,0,1,False,False,0.5,results/raw/core/C/C_diao_gaussian_core/fr-r_seed0.csv
core,C,C_diao_gaussian_core,FR--R,1849483736,46,0.5,-46.80767739045437,0.00048720085358076176,0.00048720085358076176,482136.18191000854,8.747547932186125e-07,0.04349981471117079,0.9999999981667489,956541894.8916848,0.9565418939640772,1.0000000153358046,0.0009461170783602869,2.0114453227048682e-12,0.02206186903640628,,nan,nan,nan,nan,nan,nan,nan,46,46,46,46,46,46,46,92,0,0,0,1,False,False,0.5,results/raw/core/C/C_diao_gaussian_core/fr-r_seed0.csv
core,C,C_diao_gaussian_core,FR--R,1849483736,47,0.5,-46.80803649341444,0.00012809914421042096,0.00012809914421042096,127411.82950167783,4.563627677122231e-07,0.022466140486804096,0.9999999771440006,977554106.9102659,0.9775541061805464,1.0000000153347794,0.00025236380278040945,5.250596589080762e-13,0.022513039002660662,,nan,nan,nan,nan,nan,nan,nan,47,47,47,47,47,47,47,94,0,0,0,1,False,False,0.5,results/raw/core/C/C_diao_gaussian_core/fr-r_seed0.csv
core,C,C_diao_gaussian_core,FR--R,1849483736,48,0.5,-46.80813172620137,3.28713528095978e-05,3.28713528095978e-05,32090.413556389463,2.332975390045988e-07,0.011423028896993356,0.9999999944575343,988586940.9572353,0.9885869401506567,1.0000000087448764,6.52428184220628e-05,1.3416383777641838e-13,0.022952409053687006,,nan,nan,nan,nan,nan,nan,nan,48,48,48,48,48,48,48,96,0,0,0,1,False,False,0.5,results/raw/core/C/C_diao_gaussian_core/fr-r_seed0.csv
core,C,C_diao_gaussian_core,FR--R,1849483736,49,0.5,-46.8081562691005,8.327701453925574e-06,8.327701453925574e-06,7637.336841434085,1.1797869190920677e-07,0.005760476435229986,0.9999999819651305,994244470.0568979,0.9942444692117571,1.0000000115680263,1.6591557315686677e-05,3.39383048750521e-14,0.023446109029464424,,nan,nan,nan,nan,nan,nan,nan,49,49,49,49,49,49,49,98,0,0,0,1,False,False,0.5,results/raw/core/C/C_diao_gaussian_core/fr-r_seed0.csv
core,C,C_diao_gaussian_core,FR--R,1849483736,50,0.5,-46.808162498620156,2.0959215468218436e-06,2.0959215468218436e-06,1421.9730384624984,5.932851098081269e-08,0.00289266952312788,0.9999999702758522,997109794.4056375,0.997109793598988,1.000000008323961,4.183773042194226e-06,8.593311345789636e-15,0.02389332902384922,,nan,nan,nan,nan,nan,nan,nan,50,50,50,50,50,50,50,100,0,0,0,1,False,False,0.5,results/raw/core/C/C_diao_gaussian_core/fr-r_seed0.csv
core,C,C_diao_gaussian_core,FR--R,1849483736,51,0.5,-46.808164064883435,5.257479992659599e-07,5.257479992659599e-07,515.0552918898525,2.974990388096068e-08,0.0014494665326290367,1.0000000027493479,998551763.4289284,0.9985517626359869,1.0000000074935034,1.050483581784574e-06,2.584548589310037e-15,0.024361779040191323,,nan,nan,nan,nan,nan,nan,nan,51,51,51,51,51,51,51,102,0,0,0,1,False,False,0.5,results/raw/core/C/C_diao_gaussian_core/fr-r_seed0.csv
core,C,C_diao_gaussian_core,FR--R,1849483736,52,0.5,-46.80816446395323,1.3165827978864602e-07,1.3165827978864602e-07,120.59944793050276,1.4896472597138881e-08,0.0007255170917413052,1.0000000059691176,999275097.716321,0.9992750966395306,1.0000000094471422,2.631895427308738e-07,6.70434030365658e-16,0.02480716904392466,,nan,nan,nan,nan,nan,nan,nan,52,52,52,52,52,52,52,104,0,0,0,1,False,False,0.5,results/raw/core/C/C_diao_gaussian_core/fr-r_seed0.csv
core,C,C_diao_gaussian_core,FR--R,1849483736,53,0.5,-46.80816456059198,3.294254469289105e-08,3.294254469289105e-08,0.0,7.453630076904162e-09,0.0003629541000632342,1.000000010192168,999637353.5626347,0.9996373525693932,1.0000000176466342,6.586871919167925e-08,3.144060832466628e-16,0.025257359025999904,,nan,nan,nan,nan,nan,nan,nan,53,53,53,53,53,53,53,106,0,0,0,1,False,False,0.5,results/raw/core/C/C_diao_gaussian_core/fr-r_seed0.csv
core,C,C_diao_gaussian_core,FR--R,1849483736,54,0.5,-46.808164586853174,8.239228090439169e-09,8.239228090439169e-09,0.0,3.7281651873452625e-09,0.0001815251262001637,1.000000010668776,999818629.1017052,0.9998186281269156,1.0000000369887228,1.6476548331009683e-08,8.858795418512267e-16,0.025704619009047747,,nan,nan,nan,nan,nan,nan,nan,54,54,54,54,54,54,54,108,0,0,0,1,False,False,0.5,results/raw/core/C/C_diao_gaussian_core/fr-r_seed0.csv
core,C,C_diao_gaussian_core,FR--R,1849483736,55,0.5,-46.80816459124128,2.0602003208408247e-09,2.0602003208408247e-09,0.0,1.8644203495485316e-09,9.077251250132617e-05,1.0000000175229413,999909305.0245216,0.9999093040656641,1.0000000180628859,4.120229339656856e-09,5.741216026835884e-17,0.02616302901878953,,nan,nan,nan,nan,nan,nan,nan,55,55,55,55,55,55,55,110,0,0,0,1,False,False,0.5,results/raw/core/C/C_diao_gaussian_core/fr-r_seed0.csv
core,C,C_diao_gaussian_core,FR--R,1849483736,56,0.5,-46.80816459441863,5.15137614050178e-10,5.15137614050178e-10,0.0,9.322946388294297e-10,4.5387111836932135e-05,0.9999999996192103,999954652.0814635,0.9999546511555859,1.0000000182687605,1.0301159699776237e-09,8.779308152563156e-17,0.026612799032591283,,nan,nan,nan,nan,nan,nan,nan,56,56,56,56,56,56,56,112,0,0,0,1,False,False,0.5,results/raw/core/C/C_diao_gaussian_core/fr-r_seed0.csv
core,C,C_diao_gaussian_core,FR--R,1849483736,57,0.5,-46.80816459519077,1.287769988995974e-10,1.287769988995974e-10,0.0,4.661684408475143e-10,2.2692991745239062e-05,0.9999999595336725,999977327.0436122,0.99997732615123,1.0000000059180698,2.5752862760137034e-10,6.069340348912048e-17,0.027061689004767686,,nan,nan,nan,nan,nan,nan,nan,57,57,57,57,57,57,57,114,0,0,0,1,False,False,0.5,results/raw/core/C/C_diao_gaussian_core/fr-r_seed0.csv
core,C,C_diao_gaussian_core,FR--R,1849483736,58,0.5,-46.808164591431506,3.2181318618806356e-11,3.2181318618806356e-11,0.0,2.3308950170375416e-10,1.1345801329979259e-05,0.9999999987512609,999988664.6750405,0.9999886638126546,1.0000000009710157,6.439127800257075e-11,1.2316655344401351e-15,0.02750666905194521,,nan,nan,nan,nan,nan,nan,nan,58,58,58,58,58,58,58,116,0,0,0,1,False,False,0.5,results/raw/core/C/C_diao_gaussian_core/fr-r_seed0.csv
core,C,C_diao_gaussian_core,FR--R,1849483736,59,0.5,-46.808164594624834,8.051172892218223e-12,8.051172892218223e-12,0.0,1.165460712258593e-10,5.671723929400012e-06,0.9999999647601466,999994333.9616215,0.9999943331619872,1.000000014061989,1.6114086516025077e-11,1.1864602850526994e-17,0.02795230899937451,,nan,nan,nan,nan,nan,nan,nan,59,59,59,59,59,59,59,118,0,0,0,1,False,False,0.5,results/raw/core/C/C_diao_gaussian_core/fr-r_seed0.csv
core,C,C_diao_gaussian_core,FR--R,1849483736,60,0.5,-46.808164594360214,2.0120924147814146e-12,2.0120924147814146e-12,0.0,5.827336558601925e-11,2.833290171994717e-06,0.9999999633945947,999997170.0152824,0.999997169104062,1.0000000047984605,4.024757877754878e-12,5.228941682018178e-16,0.028407739009708166,,nan,nan,nan,nan,nan,nan,nan,60,60,60,60,60,60,60,120,0,0,0,1,False,False,0.5,results/raw/core/C/C_diao_gaussian_core/fr-r_seed0.csv
core,C,C_diao_gaussian_core,FR--R,1849483736,61,0.5,-46.8081645938329,5.052926304334579e-13,5.052926304334579e-13,9.674100216246126,2.9136765249338664e-11,1.4148160899488222e-06,0.9999999939159111,999998587.2834442,0.9999985863601639,1.0000000029132643,1.0065337267559242e-12,7.622038084340258e-17,0.02884550904855132,,nan,nan,nan,nan,nan,nan,nan,61,61,61,61,61,61,61,122,0,0,0,1,False,False,0.5,results/raw/core/C/C_diao_gaussian_core/fr-r_seed0.csv
core,C,C_diao_gaussian_core,FR--R,1849483736,62,0.5,-46.80816459679849,1.2538321149954348e-13,1.2538321149954348e-13,0.0,1.456840321181707e-11,7.054642168637989e-07,0.9999999926519488,999999296.0516902,0.9999992951586644,1.0000000035488223,2.502742733039084e-13,2.09477677389188e-16,0.029296479013282806,,nan,nan,nan,nan,nan,nan,nan,62,62,62,62,62,62,62,124,0,0,0,1,False,False,0.5,results/raw/core/C/C_diao_gaussian_core/fr-r_seed0.csv
core,C,C_diao_gaussian_core,FR--R,1849483736,63,0.5,-46.80816459805118,3.1715830250215316e-14,3.1715830250215316e-14,0.0,7.284206748243829e-12,3.51836208208529e-07,0.9999999933584419,999999649.4331925,0.9999996485601294,1.0000000062799383,6.266736055683178e-14,8.778488604854642e-17,0.02974314900347963,,nan,nan,nan,nan,nan,nan,nan,63,63,63,63,63,63,63,126,0,0,0,1,False,False,0.5,results/raw/core/C/C_diao_gaussian_core/fr-r_seed0.csv
core,C,C_diao_gaussian_core,FR--R,1849483736,64,0.5,-46.80816459262521,1.1404775618404004e-14,1.1404775618404004e-14,0.0,3.64210467415502e-12,1.7522975037706678e-07,1.0000000168209078,999999826.2434512,0.9999998253287851,1.0000000116673038,1.6159114898635405e-14,1.4776456219389846e-17,0.030193849001079798,,nan,nan,nan,nan,nan,nan,nan,64,64,64,64,64,64,64,128,0,0,0,1,False,False,0.5,results/raw/core/C/C_diao_gaussian_core/fr-r_seed0.csv
core,C,C_diao_gaussian_core,FR--R,1849483736,65,0.5,-46.808164595918996,4.272276134896689e-15,4.272276134896689e-15,0.0,1.8210526681791718e-12,8.685175979057336e-08,1.0000000081955973,999999915.5401115,0.9999999145860446,1.0000000152258053,4.069766940755558e-15,5.375466288706831e-17,0.030636239040177315,,nan,nan,nan,nan,nan,nan,nan,65,65,65,65,65,65,65,130,0,0,0,1,False,False,0.5,results/raw/core/C/C_diao_gaussian_core/fr-r_seed0.csv
core,C,C_diao_gaussian_core,FR--R,1849483736,66,0.5,-46.80816459227976,2.7122483007644103e-15,2.7122483007644103e-15,0.0,9.105264188500417e-13,4.763502544275586e-08,1.0000000059589522,999999959.5223801,0.9999999586943851,1.000000021680527,1.118612574215382e-15,1.0065868360594003e-16,0.031083899026270956,,nan,nan,nan,nan,nan,nan,nan,66,66,66,66,66,66,66,132,0,0,0,1,False,False,0.5,results/raw/core/C/C_diao_gaussian_core/fr-r_seed0.csv
core,C,C_diao_gaussian_core,FR--R,1849483736,67,0.5,-46.80816459492411,2.3656378990330836e-15,2.3656378990330836e-15,0.0,4.55263229146261e-13,2.4906332512287404e-08,0.9999999835283337,999999982.9243941,0.9999999817488464,1.0000000158116753,4.034243086823871e-16,2.064871076116209e-17,0.03152098902501166,,nan,nan,nan,nan,nan,nan,nan,67,67,67,67,67,67,67,134,0,0,0,1,False,False,0.5,results/raw/core/C/C_diao_gaussian_core/fr-r_seed0.csv
core,C,C_diao_gaussian_core,FR--R,1849483736,68,0.5,-46.80816459403202,-1.3799875996790332e-15,-1.3799875996790332e-15,0.0,2.2763161696861433e-13,1.1792893331636332e-08,1.0000000038219752,999999992.8927517,0.9999999914778788,1.0000000065477483,2.0495157919065284e-16,3.269148031829329e-17,0.031957319006323814,,nan,nan,nan,nan,nan,nan,nan,68,68,68,68,68,68,68,136,0,0,0,1,False,False,0.5,results/raw/core/C/C_diao_gaussian_core/fr-r_seed0.csv
core,C,C_diao_gaussian_core,FR--R,1849483736,69,0.5,-46.80816459803554,-1.84530834547907e-15,-1.84530834547907e-15,0.0,1.1381581751394415e-13,1.1619016654229663e-08,1.0000000124087651,999999998.3287251,0.9999999956551152,1.0000000108470242,1.968904351176518e-16,1.0760016096489802e-17,0.03240772901335731,,nan,nan,nan,nan,nan,nan,nan,69,69,69,69,69,69,69,138,0,0,0,1,False,False,0.5,results/raw/core/C/C_diao_gaussian_core/fr-r_seed0.csv
core,C,C_diao_gaussian_core,FR--R,1849483736,70,0.5,-46.8081645967085,2.8355120358772084e-15,2.8355120358772084e-15,0.0,5.69079128243881e-14,2.340549357207763e-08,1.0000000026375124,1000000001.0672374,0.9999999981884753,1.0000000231153678,1.3099970942966355e-17,1.9448185776308784e-16,0.032853359007276595,,nan,nan,nan,nan,nan,nan,nan,70,70,70,70,70,70,70,140,0,0,0,1,False,False,0.5,results/raw/core/C/C_diao_gaussian_core/fr-r_seed0.csv
core,C,C_diao_gaussian_core,FR--R,1849483736,71,0.5,-46.808164596138866,1.6421095221812874e-16,1.6421095221812874e-16,0.0,2.8453955472586123e-14,2.4449499342563053e-08,0.9999999872575847,1000000002.1560092,0.9999999987611896,1.0000000244196656,7.51549629738815e-17,1.5034315097033936e-16,0.033315749024041,,nan,nan,nan,nan,nan,nan,nan,71,71,71,71,71,71,71,142,0,0,0,1,False,False,0.5,results/raw/core/C/C_diao_gaussian_core/fr-r_seed0.csv
core,C,C_diao_gaussian_core,FR--R,1849483736,72,0.5,-46.80816459393728,7.003858022239183e-17,7.003858022239183e-17,0.0,1.4226979480334714e-14,1.1564286307351432e-08,0.9999999963778471,1000000002.4555848,0.9999999932976734,1.0000000084318343,3.662639886236871e-17,5.403196679029711e-17,0.033757969038560987,,nan,nan,nan,nan,nan,nan,nan,72,72,72,72,72,72,72,144,0,0,0,1,False,False,0.5,results/raw/core/C/C_diao_gaussian_core/fr-r_seed0.csv
core,C,C_diao_gaussian_core,FR--R,1849483736,73,0.5,-46.80816459040091,-7.795328784527153e-16,-7.795328784527153e-16,0.0,7.113562218023648e-15,1.487059282403481e-08,0.9999999940790986,1000000002.9765365,0.9999999958311461,1.0000000136500768,5.882252201220819e-17,3.6321140436766666e-17,0.03421383904060349,,nan,nan,nan,nan,nan,nan,nan,73,73,73,73,73,73,73,146,0,0,0,1,False,False,0.5,results/raw/core/C/C_diao_gaussian_core/fr-r_seed0.csv
core,C,C_diao_gaussian_core,FR--R,1849483736,74,0.5,-46.80816459798374,1.5154027569565782e-16,1.5154027569565782e-16,0.0,3.5567756865667765e-15,1.238751906308531e-08,1.0000000080734093,1000000004.0748479,0.9999999959653592,1.0000000113932994,9.452496153950873e-17,5.2309065636825495e-17,0.034660469042137265,,nan,nan,nan,nan,nan,nan,nan,74,74,74,74,74,74,74,148,0,0,0,1,False,False,0.5,results/raw/core/C/C_diao_gaussian_core/fr-r_seed0.csv
core,C,C_diao_gaussian_core,FR--R,1849483736,75,0.5,-46.808164589888904,-1.2390604152019003e-15,-1.2390604152019003e-15,0.0,1.7785130549165287e-15,1.7041449673581485e-08,0.9999999985656994,1000000003.590842,0.9999999930457902,1.0000000142297656,7.521920013526225e-17,5.3636871976349124e-17,0.03511511901160702,,nan,nan,nan,nan,nan,nan,nan,75,75,75,75,75,75,75,150,0,0,0,1,False,False,0.5,results/raw/core/C/C_diao_gaussian_core/fr-r_seed0.csv
core,C,C_diao_gaussian_core,FR--R,1849483736,76,0.5,-46.808164597444275,1.774713602100022e-15,1.774713602100022e-15,0.5731830871663988,8.895088938207182e-16,1.2198925039431225e-08,0.9999999754894626,1000000004.236383,0.9999999983237963,1.0000000112004312,3.820994252835805e-16,3.18729711432346e-18,0.035561949014663696,,nan,nan,nan,nan,nan,nan,nan,76,76,76,76,76,76,76,152,0,0,0,1,False,False,0.5,results/raw/core/C/C_diao_gaussian_core/fr-r_seed0.csv
core,C,C_diao_gaussian_core,FR--R,1849483736,77,0.5,-46.80816459168938,9.538145660314975e-16,9.538145660314975e-16,0.0,4.457146364802345e-16,6.520761860716954e-09,0.9999999775929054,1000000004.6425192,0.9999999965608593,1.0000000046374147,4.008860904266341e-16,8.124656815421198e-17,0.035998139006551355,,nan,nan,nan,nan,nan,nan,nan,77,77,77,77,77,77,77,154,0,0,0,1,False,False,0.5,results/raw/core/C/C_diao_gaussian_core/fr-r_seed0.csv
core,C,C_diao_gaussian_core,FR--R,1849483736,78,0.5,-46.808164593131835,-1.4636396603424717e-15,-1.4636396603424717e-15,0.0,2.2285861180581097e-16,1.4319367981245283e-08,0.9999999949589422,1000000004.8208833,0.9999999993146936,1.000000013405723,1.785209068195603e-16,1.0213026456649307e-16,0.03645788901485503,,nan,nan,nan,nan,nan,nan,nan,78,78,78,78,78,78,78,156,0,0,0,1,False,False,0.5,results/raw/core/C/C_diao_gaussian_core/fr-r_seed0.csv
core,C,C_diao_gaussian_core,FR--R,1849483736,79,0.5,-46.80816459187611,-5.01272562937878e-16,-5.01272562937878e-16,0.0,1.1881382647311422e-16,8.142998597222374e-09,0.999999987561977,1000000004.1922734,0.9999999984352336,1.0000000056436185,2.962052692366852e-16,1.4323382607587374e-16,0.03689464903436601,,nan,nan,nan,nan,nan,nan,nan,79,79,79,79,79,79,79,158,0,0,0,1,False,False,0.5,results/raw/core/C/C_diao_gaussian_core/fr-r_seed0.csv
core,C,C_diao_gaussian_core,FR--R,1849483736,80,0.5,-46.80816459420758,6.166056410620974e-16,6.166056410620974e-16,0.0,5.633014815050791e-17,1.278570176863397e-08,1.0000000276759744,1000000004.4821222,0.999999998797424,1.0000000109068194,4.471850618312656e-16,7.784105671399537e-17,0.03735244902782142,,nan,nan,nan,nan,nan,nan,nan,80,80,80,80,80,80,80,160,0,0,0,1,False,False,0.5,results/raw/core/C/C_diao_gaussian_core/fr-r_seed0.csv
