job_id,method,dimension,rate_parameter,initial_eigenvalue,iteration,step_size,measured_rate,core_rate,two_lambda_min,initial_energy_gap
F_gaussian_local_d100_rate0.25,FR--KL,100,0.25,0.125,0,0.1,0.2484503999711437,0.25,0.25,0.6022207708399179
F_gaussian_local_d100_rate0.25,FR--KL,100,0.25,0.125,1,0.1,0.2697772357188783,0.271604938271605,0.271604938271605,0.6022207708399179
F_gaussian_local_d100_rate0.25,FR--KL,100,0.25,0.125,2,0.1,0.29261147056870507,0.2947624847746652,0.2947624847746652,0.6022207708399179
F_gaussian_local_d100_rate0.25,FR--KL,100,0.25,0.125,3,0.1,0.3170038559635883,0.3195294682511106,0.3195294682511106,0.6022207708399179
F_gaussian_local_d100_rate0.25,FR--KL,100,0.25,0.125,4,0.1,0.3429972068786781,0.3459552699046565,0.3459552699046564,0.6022207708399179
F_gaussian_local_d100_rate0.25,FR--KL,100,0.25,0.125,5,0.1,0.3706246713759716,0.3740800486846894,0.3740800486846894,0.6022207708399179
F_gaussian_local_d100_rate0.25,FR--KL,100,0.25,0.125,6,0.1,0.39990795053371236,0.4039328917623676,0.4039328917623676,0.6022207708399179
F_gaussian_local_d100_rate0.25,FR--KL,100,0.25,0.125,7,0.1,0.430855519316444,0.4355299375817799,0.4355299375817798,0.6022207708399179
F_gaussian_local_d100_rate0.25,FR--KL,100,0.25,0.125,8,0.1,0.4634609093888093,0.4688725301504461,0.468872530150446,0.6022207708399179
F_gaussian_local_d100_rate0.25,FR--KL,100,0.25,0.125,9,0.1,0.49770112407229344,0.5039454736999135,0.5039454736999136,0.6022207708399179
F_gaussian_local_d100_rate0.25,FR--KL,100,0.25,0.125,10,0.1,0.5335352625890388,0.5407154654999919,0.5407154654999918,0.6022207708399179
F_gaussian_local_d100_rate0.25,FR--KL,100,0.25,0.125,11,0.1,0.5709034343588819,0.5791297903415199,0.5791297903415198,0.6022207708399179
F_gaussian_local_d100_rate0.25,FR--KL,100,0.25,0.125,12,0.1,0.6097260433854759,0.6191153618892649,0.6191153618892647,0.6022207708399179
F_gaussian_local_d100_rate0.25,FR--KL,100,0.25,0.125,13,0.1,0.6499035168304542,0.6605781927356084,0.6605781927356084,0.6022207708399179
F_gaussian_local_d100_rate0.25,FR--KL,100,0.25,0.125,14,0.1,0.6913165401943675,0.7034033658018911,0.703403365801891,0.6022207708399179
F_gaussian_local_d100_rate0.25,FR--KL,100,0.25,0.125,15,0.1,0.7338268440221135,0.7474555643930104,0.7474555643930104,0.6022207708399179
F_gaussian_local_d100_rate0.25,FR--KL,100,0.25,0.125,16,0.1,0.7772785642157449,0.7925801969118385,0.7925801969118385,0.6022207708399179
F_gaussian_local_d100_rate0.25,FR--KL,100,0.25,0.125,17,0.1,0.8215001709730211,0.8386051258155157,0.8386051258155156,0.6022207708399179
F_gaussian_local_d100_rate0.25,FR--KL,100,0.25,0.125,18,0.1,0.8663069317722324,0.8853429803267283,0.8853429803267284,0.6022207708399179
F_gaussian_local_d100_rate0.25,FR--KL,100,0.25,0.125,19,0.1,0.9115038438625619,0.932594000756186,0.9325940007561858,0.6022207708399179
F_gaussian_local_d100_rate0.25,FR--KL,100,0.25,0.125,20,0.1,0.9568889438406132,0.9801493315111792,0.9801493315111792,0.6022207708399179
F_gaussian_local_d100_rate0.25,FR--KL,100,0.25,0.125,21,0.1,1.0022568785500563,1.0277946525794708,1.0277946525794706,0.6022207708399179
F_gaussian_local_d100_rate0.25,FR--KL,100,0.25,0.125,22,0.1,1.047402604897064,1.0753140179621554,1.0753140179621554,0.6022207708399179
F_gaussian_local_d100_rate0.25,FR--KL,100,0.25,0.125,23,0.1,1.0921250778292535,1.1224937562023996,1.1224937562023993,0.6022207708399179
F_gaussian_local_d100_rate0.25,FR--KL,100,0.25,0.125,24,0.1,1.1362307864950336,1.1691262841160222,1.1691262841160222,0.6022207708399179
F_gaussian_local_d100_rate0.25,FR--KL,100,0.25,0.125,25,0.1,1.1795370084104417,1.2150136904729858,1.2150136904729856,0.6022207708399179
F_gaussian_local_d100_rate0.25,FR--KL,100,0.25,0.125,26,0.1,1.2218746693511002,1.2599709611504726,1.2599709611504728,0.6022207708399179
F_gaussian_local_d100_rate0.25,FR--KL,100,0.25,0.125,27,0.1,1.2630907209491775,1.30382873974586,1.3038287397458599,0.6022207708399179
F_gaussian_local_d100_rate0.25,FR--KL,100,0.25,0.125,28,0.1,1.303049976374847,1.3464355456863812,1.3464355456863812,0.6022207708399179
F_gaussian_local_d100_rate0.25,FR--KL,100,0.25,0.125,29,0.1,1.3416363745483733,1.3876594029810383,1.3876594029810383,0.6022207708399179
F_gaussian_local_d100_rate0.25,FR--KL,100,0.25,0.125,30,0.1,1.3787536726435081,1.4273888643152663,1.4273888643152666,0.6022207708399179
F_gaussian_local_d100_rate0.25,FR--KL,100,0.25,0.125,31,0.1,1.4143255931055971,1.465533444778847,1.465533444778847,0.6022207708399179
F_gaussian_local_d100_rate0.25,FR--KL,100,0.25,0.125,32,0.1,1.4482954734123434,1.5020235051729838,1.5020235051729838,0.6022207708399179
F_gaussian_local_d100_rate0.25,FR--KL,100,0.25,0.125,33,0.1,1.4806254833531243,1.5368096451878466,1.5368096451878468,0.6022207708399179
F_gaussian_local_d100_rate0.25,FR--KL,100,0.25,0.125,34,0.1,1.5112954853053107,1.5698616810539086,1.5698616810539086,0.6022207708399179
F_gaussian_local_d100_rate0.25,FR--KL,100,0.25,0.125,35,0.1,1.5403016180077367,1.6011672904477563,1.6011672904477565,0.6022207708399179
F_gaussian_local_d100_rate0.25,FR--KL,100,0.25,0.125,36,0.1,1.567654684268535,1.6307304098990878,1.630730409899088,0.6022207708399179
F_gaussian_local_d100_rate0.25,FR--KL,100,0.25,0.125,37,0.1,1.5933784187956757,1.6585694675091327,1.658569467509133,0.6022207708399179
F_gaussian_local_d100_rate0.25,FR--KL,100,0.25,0.125,38,0.1,1.6175077049431923,1.6847155274931145,1.6847155274931147,0.6022207708399179
F_gaussian_local_d100_rate0.25,FR--KL,100,0.25,0.125,39,0.1,1.640086799695361,1.7092104140290434,1.7092104140290434,0.6022207708399179
F_gaussian_local_d100_rate0.25,FR--KL,100,0.25,0.125,40,0.1,1.6611676156583701,1.7321048712273377,1.7321048712273377,0.6022207708399179
F_gaussian_local_d100_rate0.25,FR--KL,100,0.25,0.125,41,0.1,1.6808080980345286,1.7534568047043182,1.7534568047043184,0.6022207708399179
F_gaussian_local_d100_rate0.25,FR--KL,100,0.25,0.125,42,0.1,1.699070724197828,1.7733296390462732,1.7733296390462732,0.6022207708399179
F_gaussian_local_d100_rate0.25,FR--KL,100,0.25,0.125,43,0.1,1.7160211440359736,1.791790814991165,1.7917908149911648,0.6022207708399179
F_gaussian_local_d100_rate0.25,FR--KL,100,0.25,0.125,44,0.1,1.7317269709920038,1.80891044083848,1.80891044083848,0.6022207708399179
F_gaussian_local_d100_rate0.25,FR--KL,100,0.25,0.125,45,0.1,1.746256726858101,1.8247601046554864,1.8247601046554864,0.6022207708399179
F_gaussian_local_d100_rate0.25,FR--KL,100,0.25,0.125,46,0.1,1.7596789378885251,1.839411847365844,1.8394118473658436,0.6022207708399179
F_gaussian_local_d100_rate0.25,FR--KL,100,0.25,0.125,47,0.1,1.7720613756295558,1.852937291758134,1.8529372917581337,0.6022207708399179
F_gaussian_local_d100_rate0.25,FR--KL,100,0.25,0.125,48,0.1,1.7834704328919695,1.865406918732768,1.865406918732768,0.6022207708399179
F_gaussian_local_d100_rate0.25,FR--KL,100,0.25,0.125,49,0.1,1.7939706233608739,1.8768894795624216,1.8768894795624216,0.6022207708399179
F_gaussian_local_d100_rate0.25,FR--KL,100,0.25,0.125,50,0.1,1.8036241922658796,1.8874515313956408,1.8874515313956408,0.6022207708399179
F_gaussian_local_d100_rate0.25,FR--KL,100,0.25,0.125,51,0.1,1.8124908251513785,1.8971570825018904,1.8971570825018904,0.6022207708399179
F_gaussian_local_d100_rate0.25,FR--KL,100,0.25,0.125,52,0.1,1.8206274419438786,1.9060673336628788,1.9060673336628788,0.6022207708399179
F_gaussian_local_d100_rate0.25,FR--KL,100,0.25,0.125,53,0.1,1.8280880640483206,1.914240502499711,1.9142405024997111,0.6022207708399179
F_gaussian_local_d100_rate0.25,FR--KL,100,0.25,0.125,54,0.1,1.83492374300598,1.9217317182491391,1.9217317182491391,0.6022207708399179
F_gaussian_local_d100_rate0.25,FR--KL,100,0.25,0.125,55,0.1,1.8411825402239856,1.928592975448464,1.9285929754484636,0.6022207708399179
F_gaussian_local_d100_rate0.25,FR--KL,100,0.25,0.125,56,0.1,1.8469095483380196,1.9348731360635083,1.9348731360635087,0.6022207708399179
F_gaussian_local_d100_rate0.25,FR--KL,100,0.25,0.125,57,0.1,1.8521469458450248,1.9406179707240567,1.9406179707240567,0.6022207708399179
F_gaussian_local_d100_rate0.25,FR--KL,100,0.25,0.125,58,0.1,1.8569340777181993,1.9458702308611568,1.9458702308611568,0.6022207708399179
F_gaussian_local_d100_rate0.25,FR--KL,100,0.25,0.125,59,0.1,1.8613075557115693,1.9506697446312935,1.950669744631294,0.6022207708399179
F_gaussian_local_d100_rate0.25,FR--KL,100,0.25,0.125,60,0.1,1.8653013730032189,1.9550535305367875,1.955053530536788,0.6022207708399179
F_gaussian_local_d100_rate0.25,FR--KL,100,0.25,0.125,61,0.1,1.8689470286865932,1.959055923593448,1.959055923593448,0.6022207708399179
F_gaussian_local_d100_rate0.25,FR--KL,100,0.25,0.125,62,0.1,1.8722736583809318,1.962708709746889,1.9627087097468887,0.6022207708399179
F_gaussian_local_d100_rate0.25,FR--KL,100,0.25,0.125,63,0.1,1.8753081679053007,1.9660412649951853,1.9660412649951853,0.6022207708399179
F_gaussian_local_d100_rate0.25,FR--KL,100,0.25,0.125,64,0.1,1.8780753675518418,1.96908069633928,1.96908069633928,0.6022207708399179
F_gaussian_local_d100_rate0.25,FR--KL,100,0.25,0.125,65,0.1,1.880598105011455,1.9718519822580725,1.971851982258072,0.6022207708399179
F_gaussian_local_d100_rate0.25,FR--KL,100,0.25,0.125,66,0.1,1.8828973954291057,1.974378110898747,1.9743781108987468,0.6022207708399179
F_gaussian_local_d100_rate0.25,FR--KL,100,0.25,0.125,67,0.1,1.8849925474301488,1.976680214591788,1.976680214591788,0.6022207708399179
F_gaussian_local_d100_rate0.25,FR--KL,100,0.25,0.125,68,0.1,1.8869012842846788,1.9787776996520805,1.9787776996520807,0.6022207708399179
F_gaussian_local_d100_rate0.25,FR--KL,100,0.25,0.125,69,0.1,1.8886398596047134,1.9806883707202196,1.9806883707202192,0.6022207708399179
F_gaussian_local_d100_rate0.25,FR--KL,100,0.25,0.125,70,0.1,1.8902231671959246,1.9824285491390656,1.9824285491390656,0.6022207708399179
F_gaussian_local_d100_rate0.25,FR--KL,100,0.25,0.125,71,0.1,1.8916648448540867,1.984013185056732,1.984013185056732,0.6022207708399179
F_gaussian_local_d100_rate0.25,FR--KL,100,0.25,0.125,72,0.1,1.8929773720026555,1.9854559631049211,1.9854559631049216,0.6022207708399179
F_gaussian_local_d100_rate0.25,FR--KL,100,0.25,0.125,73,0.1,1.8941721612232199,1.9867694016267063,1.9867694016267063,0.6022207708399179
F_gaussian_local_d100_rate0.25,FR--KL,100,0.25,0.125,74,0.1,1.895259643767704,1.987964945525544,1.9879649455255444,0.6022207708399179
F_gaussian_local_d100_rate0.25,FR--KL,100,0.25,0.125,75,0.1,1.896249349215157,1.9890530528820909,1.9890530528820909,0.6022207708399179
F_gaussian_local_d100_rate0.25,FR--KL,100,0.25,0.125,76,0.1,1.8971499795069326,1.9900432755411683,1.9900432755411688,0.6022207708399179
F_gaussian_local_d100_rate0.25,FR--KL,100,0.25,0.125,77,0.1,1.8979694775851126,1.9909443339114248,1.9909443339114248,0.6022207708399179
F_gaussian_local_d100_rate0.25,FR--KL,100,0.25,0.125,78,0.1,1.8987150909082706,1.99176418624769,1.9917641862476905,0.6022207708399179
F_gaussian_local_d100_rate0.25,FR--KL,100,0.25,0.125,79,0.1,1.8993934301247224,1.9925100927032864,1.9925100927032864,0.6022207708399179
F_gaussian_local_d100_rate0.25,FR--KL,100,0.25,0.125,80,0.1,1.9000105231942954,1.99318867444858,1.99318867444858,0.6022207708399179
F_gaussian_local_d100_rate0.25,FR--KL,100,0.25,0.125,81,0.1,1.9005718652108128,1.9938059681547384,1.993805968154738,0.6022207708399179
F_gaussian_local_d100_rate0.25,FR--KL,100,0.25,0.125,82,0.1,1.9010824642524133,1.994367476139209,1.9943674761392092,0.6022207708399179
F_gaussian_local_d100_rate0.25,FR--KL,100,0.25,0.125,83,0.1,1.9015468835145846,1.994878212463348,1.994878212463348,0.6022207708399179
F_gaussian_local_d100_rate0.25,FR--KL,100,0.25,0.125,84,0.1,1.9019692799387002,1.9953427452635315,1.9953427452635313,0.6022207708399179
F_gaussian_local_d100_rate0.25,FR--KL,100,0.25,0.125,85,0.1,1.90235343969155,1.9957652355860904,1.9957652355860904,0.6022207708399179
F_gaussian_local_d100_rate0.25,FR--KL,100,0.25,0.125,86,0.1,1.9027028106109116,1.9961494729839568,1.9961494729839568,0.6022207708399179
F_gaussian_local_d100_rate0.25,FR--KL,100,0.25,0.125,87,0.1,1.9030205319989617,1.9964989081195568,1.9964989081195572,0.6022207708399179
F_gaussian_local_d100_rate0.25,FR--KL,100,0.25,0.125,88,0.1,1.903309461788274,1.996816682604748,1.996816682604748,0.6022207708399179
F_gaussian_local_d100_rate0.25,FR--KL,100,0.25,0.125,89,0.1,1.9035722014393452,1.9971056562945584,1.9971056562945584,0.6022207708399179
F_gaussian_local_d100_rate0.25,FR--KL,100,0.25,0.125,90,0.1,1.903811118667043,1.997368432237708,1.997368432237708,0.6022207708399179
F_gaussian_local_d100_rate0.25,FR--KL,100,0.25,0.125,91,0.1,1.9040283682312409,1.997607379473233,1.9976073794732327,0.6022207708399179
F_gaussian_local_d100_rate0.25,FR--KL,100,0.25,0.125,92,0.1,1.9042259108968747,1.9978246538494,1.9978246538494,0.6022207708399179
F_gaussian_local_d100_rate0.25,FR--KL,100,0.25,0.125,93,0.1,1.9044055307431875,1.9980222170284283,1.9980222170284287,0.6022207708399179
F_gaussian_local_d100_rate0.25,FR--KL,100,0.25,0.125,94,0.1,1.9045688509398302,1.9982018538284405,1.9982018538284407,0.6022207708399179
F_gaussian_local_d100_rate0.25,FR--KL,100,0.25,0.125,95,0.1,1.9047173481782476,1.9983651880426336,1.9983651880426336,0.6022207708399179
F_gaussian_local_d100_rate0.25,FR--KL,100,0.25,0.125,96,0.1,1.904852365775135,1.998513696864843,1.9985136968648431,0.6022207708399179
F_gaussian_local_d100_rate0.25,FR--KL,100,0.25,0.125,97,0.1,1.9049751256760687,1.998648724040508,1.9986487240405075,0.6022207708399179
F_gaussian_local_d100_rate0.25,FR--KL,100,0.25,0.125,98,0.1,1.9050867393219042,1.9987714918525743,1.9987714918525743,0.6022207708399179
F_gaussian_local_d100_rate0.25,FR--KL,100,0.25,0.125,99,0.1,1.90518821761314,1.998883112042979,1.9988831120429793,0.6022207708399179
F_gaussian_local_d100_rate0.25,FR--KL,100,0.25,0.125,100,0.1,1.905280480035807,1.9989845957621275,1.9989845957621275,0.6022207708399179
F_gaussian_local_d100_rate0.25,FR--KL,100,0.25,0.125,101,0.1,1.90536436268065,1.9990768626311348,1.9990768626311348,0.6022207708399179
F_gaussian_local_d100_rate0.25,FR--KL,100,0.25,0.125,102,0.1,1.9054406260721024,1.999160748994488,1.9991607489944876,0.6022207708399179
F_gaussian_local_d100_rate0.25,FR--KL,100,0.25,0.125,103,0.1,1.9055099617128428,1.999237015434281,1.9992370154342811,0.6022207708399179
F_gaussian_local_d100_rate0.25,FR--KL,100,0.25,0.125,104,0.1,1.905572998500818,1.9993063536110969,1.9993063536110964,0.6022207708399179
F_gaussian_local_d100_rate0.25,FR--KL,100,0.25,0.125,105,0.1,1.9056303083196098,1.9993693924910592,1.9993693924910592,0.6022207708399179
F_gaussian_local_d100_rate0.25,FR--KL,100,0.25,0.125,106,0.1,1.9056824111352249,1.999426704013474,1.9994267040134737,0.6022207708399179
F_gaussian_local_d100_rate0.25,FR--KL,100,0.25,0.125,107,0.1,1.9057297797995583,1.9994788082487431,1.9994788082487431,0.6022207708399179
F_gaussian_local_d100_rate0.25,FR--KL,100,0.25,0.125,108,0.1,1.905772844230142,1.999526178091945,1.999526178091945,0.6022207708399179
F_gaussian_local_d100_rate0.25,FR--KL,100,0.25,0.125,109,0.1,1.9058119954330304,1.9995692435335015,1.9995692435335015,0.6022207708399179
F_gaussian_local_d100_rate0.25,FR--KL,100,0.25,0.125,110,0.1,1.9058475888937736,1.999608395544721,1.9996083955447213,0.6022207708399179
F_gaussian_local_d100_rate0.25,FR--KL,100,0.25,0.125,111,0.1,1.905879947687979,1.9996439896126903,1.99964398961269,0.6022207708399179
F_gaussian_local_d100_rate0.25,FR--KL,100,0.25,0.125,112,0.1,1.9059093656822717,1.99967634895594,1.99967634895594,0.6022207708399179
F_gaussian_local_d100_rate0.25,FR--KL,100,0.25,0.125,113,0.1,1.9059361101636143,1.9997057674495509,1.9997057674495509,0.6022207708399179
F_gaussian_local_d100_rate0.25,FR--KL,100,0.25,0.125,114,0.1,1.9059604239260142,1.999732512285792,1.999732512285792,0.6022207708399179
F_gaussian_local_d100_rate0.25,FR--KL,100,0.25,0.125,115,0.1,1.9059825278669733,1.9997568263940853,1.9997568263940857,0.6022207708399179
F_gaussian_local_d100_rate0.25,FR--KL,100,0.25,0.125,116,0.1,1.9060026228879947,1.999778930641975,1.999778930641975,0.6022207708399179
F_gaussian_local_d100_rate0.25,FR--KL,100,0.25,0.125,117,0.1,1.906020891502275,1.9997990258368303,1.9997990258368303,0.6022207708399179
F_gaussian_local_d100_rate0.25,FR--KL,100,0.25,0.125,118,0.1,1.9060374995187368,1.999817294546252,1.999817294546252,0.6022207708399179
F_gaussian_local_d100_rate0.25,FR--KL,100,0.25,0.125,119,0.1,1.906052598033553,1.999833902753553,1.9998339027535528,0.6022207708399179
F_gaussian_local_d100_rate0.25,FR--KL,100,0.25,0.125,120,0.1,1.9060663241466915,1.999849001363209,1.9998490013632089,0.6022207708399179
F_gaussian_local_d100_rate0.25,FR--KL,100,0.25,0.125,121,0.1,1.9060788026162974,1.999862727569829,1.9998627275698289,0.6022207708399179
F_gaussian_local_d100_rate0.25,FR--KL,100,0.25,0.125,122,0.1,1.9060901466952966,1.999875206102992,1.999875206102992,0.6022207708399179
F_gaussian_local_d100_rate0.25,FR--KL,100,0.25,0.125,123,0.1,1.906100459949264,1.9998865503591816,1.999886550359182,0.6022207708399179
F_gaussian_local_d100_rate0.25,FR--KL,100,0.25,0.125,124,0.1,1.9061098354448396,1.9998968634310383,1.9998968634310388,0.6022207708399179
F_gaussian_local_d100_rate0.25,FR--KL,100,0.25,0.125,125,0.1,1.9061183588179522,1.9999062390432087,1.9999062390432092,0.6022207708399179
F_gaussian_local_d100_rate0.25,FR--KL,100,0.25,0.125,126,0.1,1.906126107111689,1.9999147624032836,1.9999147624032836,0.6022207708399179
F_gaussian_local_d100_rate0.25,FR--KL,100,0.25,0.125,127,0.1,1.9061331516398983,1.9999225109754857,1.9999225109754857,0.6022207708399179
F_gaussian_local_d100_rate0.25,FR--KL,100,0.25,0.125,128,0.1,1.9061395551992384,1.9999295551841376,1.9999295551841376,0.6022207708399179
F_gaussian_local_d100_rate0.25,FR--KL,100,0.25,0.125,129,0.1,1.9061453769850647,1.9999359590532455,1.9999359590532455,0.6022207708399179
F_gaussian_local_d100_rate0.25,FR--KL,100,0.25,0.125,130,0.1,1.9061506692893404,1.9999417807880229,1.9999417807880224,0.6022207708399179
F_gaussian_local_d100_rate0.25,FR--KL,100,0.25,0.125,131,0.1,1.9061554810297743,1.9999470733035951,1.9999470733035951,0.6022207708399179
F_gaussian_local_d100_rate0.25,FR--KL,100,0.25,0.125,132,0.1,1.9061598546899794,1.999951884705697,1.9999518847056967,0.6022207708399179
F_gaussian_local_d100_rate0.25,FR--KL,100,0.25,0.125,133,0.1,1.9061638311956175,1.999956258727696,1.9999562587276956,0.6022207708399179
F_gaussian_local_d100_rate0.25,FR--KL,100,0.25,0.125,134,0.1,1.9061674463370977,1.9999602351279333,1.9999602351279335,0.6022207708399179
F_gaussian_local_d100_rate0.25,FR--KL,100,0.25,0.125,135,0.1,1.9061707322371804,1.9999638500509629,1.9999638500509629,0.6022207708399179
F_gaussian_local_d100_rate0.25,FR--KL,100,0.25,0.125,136,0.1,1.9061737203944014,1.999967136355965,1.9999671363559648,0.6022207708399179
F_gaussian_local_d100_rate0.25,FR--KL,100,0.25,0.125,137,0.1,1.9061764360449531,1.99997012391534,1.99997012391534,0.6022207708399179
F_gaussian_local_d100_rate0.25,FR--KL,100,0.25,0.125,138,0.1,1.9061789050577274,1.9999728398861525,1.9999728398861527,0.6022207708399179
F_gaussian_local_d100_rate0.25,FR--KL,100,0.25,0.125,139,0.1,1.9061811489224239,1.9999753089569288,1.9999753089569292,0.6022207708399179
F_gaussian_local_d100_rate0.25,FR--KL,100,0.25,0.125,140,0.1,1.9061831903038764,1.9999775535720157,1.9999775535720152,0.6022207708399179
F_gaussian_local_d100_rate0.25,FR--KL,100,0.25,0.125,141,0.1,1.906185044703333,1.9999795941355576,1.9999795941355576,0.6022207708399179
F_gaussian_local_d100_rate0.25,FR--KL,100,0.25,0.125,142,0.1,1.9061867313449494,1.999981449196936,1.9999814491969363,0.6022207708399179
F_gaussian_local_d100_rate0.25,FR--KL,100,0.25,0.125,143,0.1,1.9061882646165906,1.9999831356193585,1.9999831356193576,0.6022207708399179
F_gaussian_local_d100_rate0.25,FR--KL,100,0.25,0.125,144,0.1,1.9061896588384553,1.9999846687331184,1.9999846687331184,0.6022207708399179
F_gaussian_local_d100_rate0.25,FR--KL,100,0.25,0.125,145,0.1,1.9061909244916948,1.99998606247494,1.9999860624749404,0.6022207708399179
F_gaussian_local_d100_rate0.25,FR--KL,100,0.25,0.125,146,0.1,1.906192078286987,1.999987329514645,1.9999873295146455,0.6022207708399179
F_gaussian_local_d100_rate0.25,FR--KL,100,0.25,0.125,147,0.1,1.9061931240526768,1.999988481370317,1.9999884813703168,0.6022207708399179
F_gaussian_local_d100_rate0.25,FR--KL,100,0.25,0.125,148,0.1,1.9061940770502963,1.9999895285129867,1.9999895285129872,0.6022207708399179
F_gaussian_local_d100_rate0.25,FR--KL,100,0.25,0.125,149,0.1,1.906194941480052,1.9999904804618207,1.9999904804618207,0.6022207708399179
F_gaussian_local_d100_rate0.25,FR--KL,100,0.25,0.125,150,0.1,1.9061957299150039,1.9999913458706375,1.9999913458706375,0.6022207708399179
F_gaussian_local_d100_rate0.25,FR--KL,100,0.25,0.125,151,0.1,1.906196445237383,1.999992132606576,1.9999921326065764,0.6022207708399179
F_gaussian_local_d100_rate0.25,FR--KL,100,0.25,0.125,152,0.1,1.906197091820679,1.9999928478216031,1.9999928478216031,0.6022207708399179
F_gaussian_local_d100_rate0.25,FR--KL,100,0.25,0.125,153,0.1,1.906197682554383,1.999993498017525,1.999993498017525,0.6022207708399179
F_gaussian_local_d100_rate0.25,FR--KL,100,0.25,0.125,154,0.1,1.9061982221441014,1.999994089105093,1.999994089105093,0.6022207708399179
F_gaussian_local_d100_rate0.25,FR--KL,100,0.25,0.125,155,0.1,1.9061987102764488,1.9999946264577315,1.9999946264577315,0.6022207708399179
F_gaussian_local_d100_rate0.25,FR--KL,100,0.25,0.125,156,0.1,1.9061991525945758,1.9999951149603807,1.9999951149603807,0.6022207708399179
F_gaussian_local_d100_rate0.25,FR--KL,100,0.25,0.125,157,0.1,1.9061995565360261,1.9999955590539047,1.9999955590539047,0.6022207708399179
F_gaussian_local_d100_rate0.25,FR--KL,100,0.25,0.125,158,0.1,1.9061999270821888,1.999995962775462,1.9999959627754615,0.6022207708399179
F_gaussian_local_d100_rate0.25,FR--KL,100,0.25,0.125,159,0.1,1.9062002574966548,1.999996329795201,1.9999963297952008,0.6022207708399179
F_gaussian_local_d100_rate0.25,FR--KL,100,0.25,0.125,160,0.1,1.9062005614453,1.9999966634496256,1.9999966634496256,0.6022207708399179
F_gaussian_local_d100_rate0.25,FR--KL,100,0.25,0.125,161,0.1,1.9062008389290312,1.9999969667719268,1.9999969667719268,0.6022207708399179
F_gaussian_local_d100_rate0.25,FR--KL,100,0.25,0.125,162,0.1,1.9062010956413367,1.999997242519553,1.9999972425195536,0.6022207708399179
F_gaussian_local_d100_rate0.25,FR--KL,100,0.25,0.125,163,0.1,1.9062013184205462,1.9999974931992808,1.9999974931992808,0.6022207708399179
F_gaussian_local_d100_rate0.25,FR--KL,100,0.25,0.125,164,0.1,1.9062015246277533,1.999997721089996,1.9999977210899955,0.6022207708399179
F_gaussian_local_d100_rate0.25,FR--KL,100,0.25,0.125,165,0.1,1.9062017178991255,1.9999979282634184,1.9999979282634175,0.6022207708399179
F_gaussian_local_d100_rate0.25,FR--KL,100,0.25,0.125,166,0.1,1.906201888955383,1.99999811660293,1.9999981166029304,0.6022207708399179
F_gaussian_local_d100_rate0.25,FR--KL,100,0.25,0.125,167,0.1,1.9062020377871605,1.9999982878206992,1.9999982878206992,0.6022207708399179
F_gaussian_local_d100_rate0.25,FR--KL,100,0.25,0.125,168,0.1,1.906202178962751,1.9999984434732416,1.9999984434732416,0.6022207708399179
F_gaussian_local_d100_rate0.25,FR--KL,100,0.25,0.125,169,0.1,1.9062023093484952,1.9999985849755737,1.9999985849755744,0.6022207708399179
F_gaussian_local_d100_rate0.25,FR--KL,100,0.25,0.125,170,0.1,1.9062024199138852,1.999998713614076,1.9999987136140756,0.6022207708399179
F_gaussian_local_d100_rate0.25,FR--KL,100,0.25,0.125,171,0.1,1.9062025419155277,1.9999988305581815,1.9999988305581815,0.6022207708399179
F_gaussian_local_d100_rate0.25,FR--KL,100,0.25,0.125,172,0.1,1.9062026278137985,1.9999989368710185,1.9999989368710185,0.6022207708399179
F_gaussian_local_d100_rate0.25,FR--KL,100,0.25,0.125,173,0.1,1.9062027055931277,1.99999903351906,1.9999990335190607,0.6022207708399179
F_gaussian_local_d100_rate0.25,FR--KL,100,0.25,0.125,174,0.1,1.9062028156871735,1.9999991213809247,1.9999991213809252,0.6022207708399179
F_gaussian_local_d100_rate0.25,FR--KL,100,0.25,0.125,175,0.1,1.9062028616317008,1.9999992012553551,1.9999992012553551,0.6022207708399179
F_gaussian_local_d100_rate0.25,FR--KL,100,0.25,0.125,176,0.1,1.9062029380239138,1.9999992738684775,1.9999992738684784,0.6022207708399179
F_gaussian_local_d100_rate0.25,FR--KL,100,0.25,0.125,177,0.1,1.9062029690923155,1.9999993398804128,1.9999993398804128,0.6022207708399179
F_gaussian_local_d100_rate0.25,FR--KL,100,0.25,0.125,178,0.1,1.9062030543958304,1.999999399891265,1.9999993998912655,0.6022207708399179
F_gaussian_local_d100_rate0.25,FR--KL,100,0.25,0.125,179,0.1,1.9062030808143644,1.9999994544465896,1.9999994544465904,0.6022207708399179
F_gaussian_local_d100_rate0.25,FR--KL,100,0.25,0.125,180,0.1,1.9062031358418556,1.9999995040423408,1.9999995040423424,0.6022207708399179
F_gaussian_local_d100_rate0.25,FR--KL,100,0.25,0.125,181,0.1,1.906203211952358,1.9999995491293905,1.9999995491293916,0.6022207708399179
F_gaussian_local_d100_rate0.25,FR--KL,100,0.25,0.125,182,0.1,1.9062032439635412,1.999999590117619,1.9999995901176209,0.6022207708399179
F_gaussian_local_d100_rate0.25,FR--KL,100,0.25,0.125,183,0.1,1.9062032409298657,1.9999996273796468,1.9999996273796488,0.6022207708399179
F_gaussian_local_d100_rate0.25,FR--KL,100,0.25,0.125,184,0.1,1.906203339134251,1.9999996612542177,1.99999966125422,0.6022207708399179
F_gaussian_local_d100_rate0.25,FR--KL,100,0.25,0.125,185,0.1,1.906203317765266,1.9999996920492884,1.9999996920492873,0.6022207708399179
F_gaussian_local_d100_rate0.25,FR--KL,100,0.25,0.125,186,0.1,1.906203326417743,1.999999720044804,1.9999997200448023,0.6022207708399179
F_gaussian_local_d100_rate0.25,FR--KL,100,0.25,0.125,187,0.1,1.9062033744822204,1.9999997454952736,1.9999997454952716,0.6022207708399179
F_gaussian_local_d100_rate0.25,FR--KL,100,0.25,0.125,188,0.1,1.906203375354684,1.999999768632062,1.9999997686320623,0.6022207708399179
F_gaussian_local_d100_rate0.25,FR--KL,100,0.25,0.125,189,0.1,1.9062035095212144,1.9999997896655088,1.9999997896655088,0.6022207708399179
F_gaussian_local_d100_rate0.25,FR--KL,100,0.25,0.125,190,0.1,1.9062033986754618,1.999999808786825,1.9999998087868256,0.6022207708399179
F_gaussian_local_d100_rate0.25,FR--KL,100,0.25,0.125,191,0.1,1.9062033636059772,1.999999826169839,1.99999982616984,0.6022207708399179
F_gaussian_local_d100_rate0.25,FR--KL,100,0.25,0.125,192,0.1,1.9062033881313805,1.999999841972579,1.99999984197258,0.6022207708399179
F_gaussian_local_d100_rate0.25,FR--KL,100,0.25,0.125,193,0.1,1.9062033797007554,1.9999998563387067,1.9999998563387071,0.6022207708399179
F_gaussian_local_d100_rate0.25,FR--KL,100,0.25,0.125,194,0.1,1.9062033784642587,1.999999869398822,1.9999998693988232,0.6022207708399179
F_gaussian_local_d100_rate0.25,FR--KL,100,0.25,0.125,195,0.1,1.9062035324999185,1.999999881271655,1.9999998812716564,0.6022207708399179
F_gaussian_local_d100_rate0.25,FR--KL,100,0.25,0.125,196,0.1,1.9062035179124155,1.99999989206514,1.9999998920651416,0.6022207708399179
F_gaussian_local_d100_rate0.25,FR--KL,100,0.25,0.125,197,0.1,1.906203564405315,1.999999901877399,1.9999999018774013,0.6022207708399179
F_gaussian_local_d100_rate0.25,FR--KL,100,0.25,0.125,198,0.1,1.9062035363449572,1.9999999107976345,1.9999999107976376,0.6022207708399179
F_gaussian_local_d100_rate0.25,FR--KL,100,0.25,0.125,199,0.1,1.906203579657394,1.9999999189069435,1.9999999189069428,0.6022207708399179
F_gaussian_local_d100_rate0.25,FR--R,100,0.25,0.125,0,0.1,0.2629850879736858,0.25,0.25,0.6022207708399179
F_gaussian_local_d100_rate0.25,FR--R,100,0.25,0.125,1,0.1,0.28703883006880065,0.272860566110738,0.272860566110738,0.6022207708399179
F_gaussian_local_d100_rate0.25,FR--R,100,0.25,0.125,2,0.1,0.31293522033484106,0.2974713415903123,0.2974713415903122,0.6022207708399179
F_gaussian_local_d100_rate0.25,FR--R,100,0.25,0.125,3,0.1,0.34074895131807514,0.3239030758661456,0.3239030758661456,0.6022207708399179
F_gaussian_local_d100_rate0.25,FR--R,100,0.25,0.125,4,0.1,0.37054536366215785,0.3522176007971667,0.3522176007971666,0.6022207708399179
F_gaussian_local_d100_rate0.25,FR--R,100,0.25,0.125,5,0.1,0.4023779271319725,0.3824654370935256,0.3824654370935256,0.6022207708399179
F_gaussian_local_d100_rate0.25,FR--R,100,0.25,0.125,6,0.1,0.43628557962244946,0.4146832670005951,0.4146832670005952,0.6022207708399179
F_gaussian_local_d100_rate0.25,FR--R,100,0.25,0.125,7,0.1,0.47228999386156884,0.4488913397482683,0.4488913397482682,0.6022207708399179
F_gaussian_local_d100_rate0.25,FR--R,100,0.25,0.125,8,0.1,0.5103928616152766,0.4850908953409202,0.4850908953409202,0.6022207708399179
F_gaussian_local_d100_rate0.25,FR--R,100,0.25,0.125,9,0.1,0.5505733046100169,0.5232617106537618,0.5232617106537618,0.6022207708399179
F_gaussian_local_d100_rate0.25,FR--R,100,0.25,0.125,10,0.1,0.5927855382590077,0.5633598877479583,0.5633598877479582,0.6022207708399179
F_gaussian_local_d100_rate0.25,FR--R,100,0.25,0.125,11,0.1,0.6369569264489855,0.6053160157641556,0.6053160157641556,0.6022207708399179
F_gaussian_local_d100_rate0.25,FR--R,100,0.25,0.125,12,0.1,0.6829865708103622,0.6490338425151783,0.6490338425151781,0.6022207708399179
F_gaussian_local_d100_rate0.25,FR--R,100,0.25,0.125,13,0.1,0.7307445738670189,0.6943895879005055,0.6943895879005054,0.6022207708399179
F_gaussian_local_d100_rate0.25,FR--R,100,0.25,0.125,14,0.1,0.7800721004912576,0.7412320168585234,0.7412320168585234,0.6022207708399179
F_gaussian_local_d100_rate0.25,FR--R,100,0.25,0.125,15,0.1,0.8307823352264824,0.7893833638735195,0.7893833638735194,0.6022207708399179
F_gaussian_local_d100_rate0.25,FR--R,100,0.25,0.125,16,0.1,0.882662394472238,0.8386411642636422,0.8386411642636422,0.6022207708399179
F_gaussian_local_d100_rate0.25,FR--R,100,0.25,0.125,17,0.1,0.9354762038234157,0.8887810011081227,0.8887810011081227,0.6022207708399179
F_gaussian_local_d100_rate0.25,FR--R,100,0.25,0.125,18,0.1,0.9889682950468481,0.9395601236263365,0.9395601236263362,0.6022207708399179
F_gaussian_local_d100_rate0.25,FR--R,100,0.25,0.125,19,0.1,1.0428684186100328,0.9907218372404512,0.9907218372404514,0.6022207708399179
F_gaussian_local_d100_rate0.25,FR--R,100,0.25,0.125,20,0.1,1.096896811617723,1.0420005124494154,1.0420005124494154,0.6022207708399179
F_gaussian_local_d100_rate0.25,FR--R,100,0.25,0.125,21,0.1,1.1507699130521325,1.093127014316322,1.0931270143163219,0.6022207708399179
F_gaussian_local_d100_rate0.25,FR--R,100,0.25,0.125,22,0.1,1.2042062835108909,1.143834321706863,1.143834321706863,0.6022207708399179
F_gaussian_local_d100_rate0.25,FR--R,100,0.25,0.125,23,0.1,1.2569324691729167,1.193863089160996,1.193863089160996,0.6022207708399179
F_gaussian_local_d100_rate0.25,FR--R,100,0.25,0.125,24,0.1,1.308688551660675,1.2429669064541256,1.2429669064541253,0.6022207708399179
F_gaussian_local_d100_rate0.25,FR--R,100,0.25,0.125,25,0.1,1.3592331467986432,1.2909170314597684,1.2909170314597684,0.6022207708399179
F_gaussian_local_d100_rate0.25,FR--R,100,0.25,0.125,26,0.1,1.4083476537767738,1.337506408726479,1.337506408726479,0.6022207708399179
F_gaussian_local_d100_rate0.25,FR--R,100,0.25,0.125,27,0.1,1.4558396078220843,1.3825528353167795,1.3825528353167795,0.6022207708399179
F_gaussian_local_d100_rate0.25,FR--R,100,0.25,0.125,28,0.1,1.5015450488000115,1.4259011918242472,1.4259011918242475,0.6022207708399179
F_gaussian_local_d100_rate0.25,FR--R,100,0.25,0.125,29,0.1,1.5453298793608243,1.467424714535476,1.467424714535476,0.6022207708399179
F_gaussian_local_d100_rate0.25,FR--R,100,0.25,0.125,30,0.1,1.5870902437715835,1.5070253391871655,1.5070253391871655,0.6022207708399179
F_gaussian_local_d100_rate0.25,FR--R,100,0.25,0.125,31,0.1,1.6267520078613333,1.54463319337077,1.5446331933707702,0.6022207708399179
F_gaussian_local_d100_rate0.25,FR--R,100,0.25,0.125,32,0.1,1.664269458409278,1.5802053503974958,1.580205350397496,0.6022207708399179
F_gaussian_local_d100_rate0.25,FR--R,100,0.25,0.125,33,0.1,1.6996233652761417,1.6137239809134227,1.613723980913423,0.6022207708399179
F_gaussian_local_d100_rate0.25,FR--R,100,0.25,0.125,34,0.1,1.7328185615940663,1.6451940497501452,1.6451940497501452,0.6022207708399179
F_gaussian_local_d100_rate0.25,FR--R,100,0.25,0.125,35,0.1,1.7638811976236293,1.6746407055971817,1.6746407055971815,0.6022207708399179
F_gaussian_local_d100_rate0.25,FR--R,100,0.25,0.125,36,0.1,1.7928558145593547,1.7021065020939845,1.7021065020939845,0.6022207708399179
F_gaussian_local_d100_rate0.25,FR--R,100,0.25,0.125,37,0.1,1.8198023681753601,1.7276485732930351,1.7276485732930353,0.6022207708399179
F_gaussian_local_d100_rate0.25,FR--R,100,0.25,0.125,38,0.1,1.844793311388787,1.7513358666426786,1.7513358666426786,0.6022207708399179
F_gaussian_local_d100_rate0.25,FR--R,100,0.25,0.125,39,0.1,1.8679108220037766,1.7732465149735646,1.7732465149735646,0.6022207708399179
F_gaussian_local_d100_rate0.25,FR--R,100,0.25,0.125,40,0.1,1.8892442391017295,1.7934654073530003,1.7934654073530005,0.6022207708399179
F_gaussian_local_d100_rate0.25,FR--R,100,0.25,0.125,41,0.1,1.908887750281433,1.812081998530357,1.812081998530357,0.6022207708399179
F_gaussian_local_d100_rate0.25,FR--R,100,0.25,0.125,42,0.1,1.926938353239187,1.8291883789842436,1.8291883789842431,0.6022207708399179
F_gaussian_local_d100_rate0.25,FR--R,100,0.25,0.125,43,0.1,1.943494099558641,1.8448776128124145,1.8448776128124145,0.6022207708399179
F_gaussian_local_d100_rate0.25,FR--R,100,0.25,0.125,44,0.1,1.9586526162271019,1.8592423390344444,1.859242339034444,0.6022207708399179
F_gaussian_local_d100_rate0.25,FR--R,100,0.25,0.125,45,0.1,1.9725098911917889,1.8723736231947736,1.872373623194774,0.6022207708399179
F_gaussian_local_d100_rate0.25,FR--R,100,0.25,0.125,46,0.1,1.9851593029241579,1.8843600401716063,1.8843600401716063,0.6022207708399179
F_gaussian_local_d100_rate0.25,FR--R,100,0.25,0.125,47,0.1,1.9966908700506782,1.895286965426987,1.8952869654269873,0.6022207708399179
F_gaussian_local_d100_rate0.25,FR--R,100,0.25,0.125,48,0.1,2.0071906952010963,1.9052360501480667,1.9052360501480667,0.6022207708399179
F_gaussian_local_d100_rate0.25,FR--R,100,0.25,0.125,49,0.1,2.0167405768601316,1.91428485540769,1.9142848554076903,0.6022207708399179
F_gaussian_local_d100_rate0.25,FR--R,100,0.25,0.125,50,0.1,2.0254177637900326,1.9225066212278656,1.9225066212278656,0.6022207708399179
F_gaussian_local_d100_rate0.25,FR--R,100,0.25,0.125,51,0.1,2.0332948281599927,1.929970147927412,1.929970147927412,0.6022207708399179
F_gaussian_local_d100_rate0.25,FR--R,100,0.25,0.125,52,0.1,2.040439635576108,1.9367397690982864,1.9367397690982864,0.6022207708399179
F_gaussian_local_d100_rate0.25,FR--R,100,0.25,0.125,53,0.1,2.046915392538139,1.942875397764528,1.942875397764528,0.6022207708399179
F_gaussian_local_d100_rate0.25,FR--R,100,0.25,0.125,54,0.1,2.052780754253839,1.9484326295674397,1.9484326295674397,0.6022207708399179
F_gaussian_local_d100_rate0.25,FR--R,100,0.25,0.125,55,0.1,2.0580899781232653,1.953462889070652,1.9534628890706516,0.6022207708399179
F_gaussian_local_d100_rate0.25,FR--R,100,0.25,0.125,56,0.1,2.0628931104390493,1.958013607407776,1.958013607407776,0.6022207708399179
F_gaussian_local_d100_rate0.25,FR--R,100,0.25,0.125,57,0.1,2.0672361959306036,1.9621284214525867,1.9621284214525867,0.6022207708399179
F_gaussian_local_d100_rate0.25,FR--R,100,0.25,0.125,58,0.1,2.071161501618887,1.96584738644988,1.96584738644988,0.6022207708399179
F_gaussian_local_d100_rate0.25,FR--R,100,0.25,0.125,59,0.1,2.074707748101467,1.9692071955944257,1.9692071955944257,0.6022207708399179
F_gaussian_local_d100_rate0.25,FR--R,100,0.25,0.125,60,0.1,2.077910342790254,1.9722414013880836,1.9722414013880831,0.6022207708399179
F_gaussian_local_d100_rate0.25,FR--R,100,0.25,0.125,61,0.1,2.080801610849011,1.9749806347516905,1.97498063475169,0.6022207708399179
F_gaussian_local_d100_rate0.25,FR--R,100,0.25,0.125,62,0.1,2.0834110205954617,1.977452818834165,1.977452818834165,0.6022207708399179
F_gaussian_local_d100_rate0.25,FR--R,100,0.25,0.125,63,0.1,2.0857654009663316,1.9796833752645784,1.9796833752645784,0.6022207708399179
F_gaussian_local_d100_rate0.25,FR--R,100,0.25,0.125,64,0.1,2.087889149371492,1.9816954212526492,1.9816954212526496,0.6022207708399179
F_gaussian_local_d100_rate0.25,FR--R,100,0.25,0.125,65,0.1,2.0898044288023554,1.98350995647814,1.9835099564781404,0.6022207708399179
F_gaussian_local_d100_rate0.25,FR--R,100,0.25,0.125,66,0.1,2.091531353520836,1.9851460391377307,1.9851460391377305,0.6022207708399179
F_gaussian_local_d100_rate0.25,FR--R,100,0.25,0.125,67,0.1,2.0930881630211107,1.9866209508555197,1.9866209508555193,0.6022207708399179
F_gaussian_local_d100_rate0.25,FR--R,100,0.25,0.125,68,0.1,2.0944913842228186,1.987950350425146,1.987950350425146,0.6022207708399179
F_gaussian_local_d100_rate0.25,FR--R,100,0.25,0.125,69,0.1,2.0957559820619034,1.989148416550572,1.989148416550572,0.6022207708399179
F_gaussian_local_d100_rate0.25,FR--R,100,0.25,0.125,70,0.1,2.096895498824516,1.9902279799001568,1.9902279799001568,0.6022207708399179
F_gaussian_local_d100_rate0.25,FR--R,100,0.25,0.125,71,0.1,2.0979221826475927,1.991200644894496,1.9912006448944957,0.6022207708399179
F_gaussian_local_d100_rate0.25,FR--R,100,0.25,0.125,72,0.1,2.0988471057132396,1.992076901720772,1.992076901720772,0.6022207708399179
F_gaussian_local_d100_rate0.25,FR--R,100,0.25,0.125,73,0.1,2.0996802727072024,1.9928662291120176,1.9928662291120176,0.6022207708399179
F_gaussian_local_d100_rate0.25,FR--R,100,0.25,0.125,74,0.1,2.100430720122052,1.9935771884544504,1.9935771884544504,0.6022207708399179
F_gaussian_local_d100_rate0.25,FR--R,100,0.25,0.125,75,0.1,2.1011066070324036,1.994217509794677,1.9942175097946768,0.6022207708399179
F_gaussian_local_d100_rate0.25,FR--R,100,0.25,0.125,76,0.1,2.1017152978939455,1.9947941703148888,1.9947941703148888,0.6022207708399179
F_gaussian_local_d100_rate0.25,FR--R,100,0.25,0.125,77,0.1,2.102263438007747,1.9953134658314329,1.9953134658314329,0.6022207708399179
F_gaussian_local_d100_rate0.25,FR--R,100,0.25,0.125,78,0.1,2.1027570221879643,1.9957810758527827,1.9957810758527823,0.6022207708399179
F_gaussian_local_d100_rate0.25,FR--R,100,0.25,0.125,79,0.1,2.103201457149714,1.9962021227090136,1.9962021227090136,0.6022207708399179
F_gaussian_local_d100_rate0.25,FR--R,100,0.25,0.125,80,0.1,2.1036016181870765,1.9965812252379995,1.9965812252379993,0.6022207708399179
F_gaussian_local_d100_rate0.25,FR--R,100,0.25,0.125,81,0.1,2.1039619005558046,1.996922547484922,1.9969225474849217,0.6022207708399179
F_gaussian_local_d100_rate0.25,FR--R,100,0.25,0.125,82,0.1,2.1042862660777573,1.997229842842296,1.9972298428422957,0.6022207708399179
F_gaussian_local_d100_rate0.25,FR--R,100,0.25,0.125,83,0.1,2.104578285312687,1.9975064940282716,1.9975064940282716,0.6022207708399179
F_gaussian_local_d100_rate0.25,FR--R,100,0.25,0.125,84,0.1,2.104841175773781,1.997755549272039,1.9977555492720391,0.6022207708399179
F_gaussian_local_d100_rate0.25,FR--R,100,0.25,0.125,85,0.1,2.1050778364679665,1.9979797550471168,1.9979797550471168,0.6022207708399179
F_gaussian_local_d100_rate0.25,FR--R,100,0.25,0.125,86,0.1,2.1052908791168217,1.998181585666432,1.998181585666432,0.6022207708399179
F_gaussian_local_d100_rate0.25,FR--R,100,0.25,0.125,87,0.1,2.1054826564277853,1.998363270027565,1.9983632700275649,0.6022207708399179
F_gaussian_local_d100_rate0.25,FR--R,100,0.25,0.125,88,0.1,2.105655287535653,1.998526815772473,1.9985268157724727,0.6022207708399179
F_gaussian_local_d100_rate0.25,FR--R,100,0.25,0.125,89,0.1,2.1058106810832964,1.998674031103453,1.9986740311034528,0.6022207708399179
F_gaussian_local_d100_rate0.25,FR--R,100,0.25,0.125,90,0.1,2.105950555978215,1.9988065444760983,1.9988065444760983,0.6022207708399179
F_gaussian_local_d100_rate0.25,FR--R,100,0.25,0.125,91,0.1,2.10607646014514,1.9989258223704705,1.9989258223704705,0.6022207708399179
F_gaussian_local_d100_rate0.25,FR--R,100,0.25,0.125,92,0.1,2.106189787496707,1.9990331853236905,1.9990331853236905,0.6022207708399179
F_gaussian_local_d100_rate0.25,FR--R,100,0.25,0.125,93,0.1,2.1062917931073812,1.9991298223905256,1.9991298223905256,0.6022207708399179
F_gaussian_local_d100_rate0.25,FR--R,100,0.25,0.125,94,0.1,2.1063836070715904,1.9992168041832457,1.9992168041832457,0.6022207708399179
F_gaussian_local_d100_rate0.25,FR--R,100,0.25,0.125,95,0.1,2.1064662468731132,1.9992950946280457,1.9992950946280452,0.6022207708399179
F_gaussian_local_d100_rate0.25,FR--R,100,0.25,0.125,96,0.1,2.1065406285407002,1.9993655615624677,1.9993655615624673,0.6022207708399179
F_gaussian_local_d100_rate0.25,FR--R,100,0.25,0.125,97,0.1,2.106607576783996,1.9994289862865853,1.9994289862865855,0.6022207708399179
F_gaussian_local_d100_rate0.25,FR--R,100,0.25,0.125,98,0.1,2.1066678340577227,1.9994860721700107,1.9994860721700107,0.6022207708399179
F_gaussian_local_d100_rate0.25,FR--R,100,0.25,0.125,99,0.1,2.106722068702075,1.99953745240706,1.99953745240706,0.6022207708399179
F_gaussian_local_d100_rate0.25,FR--R,100,0.25,0.125,100,0.1,2.1067708823896667,1.9995836970035965,1.999583697003596,0.6022207708399179
F_gaussian_local_d100_rate0.25,FR--R,100,0.25,0.125,101,0.1,2.1068148167653176,1.9996253190710107,1.9996253190710107,0.6022207708399179
F_gaussian_local_d100_rate0.25,FR--R,100,0.25,0.125,102,0.1,2.1068543593387528,1.9996627804955207,1.9996627804955207,0.6022207708399179
F_gaussian_local_d100_rate0.25,FR--R,100,0.25,0.125,103,0.1,2.1068899490161557,1.9996964970443647,1.9996964970443647,0.6022207708399179
F_gaussian_local_d100_rate0.25,FR--R,100,0.25,0.125,104,0.1,2.1069219808029884,1.9997268429644772,1.9997268429644777,0.6022207708399179
F_gaussian_local_d100_rate0.25,FR--R,100,0.25,0.125,105,0.1,2.1069508102772883,1.999754155123804,1.9997541551238036,0.6022207708399179
F_gaussian_local_d100_rate0.25,FR--R,100,0.25,0.125,106,0.1,2.106976757505276,1.9997787367405195,1.999778736740519,0.6022207708399179
F_gaussian_local_d100_rate0.25,FR--R,100,0.25,0.125,107,0.1,2.107000110621172,1.999800860740976,1.999800860740976,0.6022207708399179
F_gaussian_local_d100_rate0.25,FR--R,100,0.25,0.125,108,0.1,2.107021128920162,1.999820772783188,1.9998207727831876,0.6022207708399179
F_gaussian_local_d100_rate0.25,FR--R,100,0.25,0.125,109,0.1,2.1070400457179397,1.999838693979048,1.999838693979048,0.6022207708399179
F_gaussian_local_d100_rate0.25,FR--R,100,0.25,0.125,110,0.1,2.1070570711779073,1.9998548233452056,1.9998548233452056,0.6022207708399179
F_gaussian_local_d100_rate0.25,FR--R,100,0.25,0.125,111,0.1,2.107072394224225,1.9998693400095595,1.9998693400095593,0.6022207708399179
F_gaussian_local_d100_rate0.25,FR--R,100,0.25,0.125,112,0.1,2.1070861853940865,1.9998824051976785,1.9998824051976785,0.6022207708399179
F_gaussian_local_d100_rate0.25,FR--R,100,0.25,0.125,113,0.1,2.10709859742638,1.9998941640210537,1.9998941640210537,0.6022207708399179
F_gaussian_local_d100_rate0.25,FR--R,100,0.25,0.125,114,0.1,2.1071097684189266,1.9999047470868876,1.9999047470868871,0.6022207708399179
F_gaussian_local_d100_rate0.25,FR--R,100,0.25,0.125,115,0.1,2.1071198224528556,1.9999142719472245,1.9999142719472245,0.6022207708399179
F_gaussian_local_d100_rate0.25,FR--R,100,0.25,0.125,116,0.1,2.1071288711266356,1.9999228444034092,1.9999228444034096,0.6022207708399179
F_gaussian_local_d100_rate0.25,FR--R,100,0.25,0.125,117,0.1,2.1071370150329147,1.9999305596803008,1.9999305596803012,0.6022207708399179
F_gaussian_local_d100_rate0.25,FR--R,100,0.25,0.125,118,0.1,2.1071443446328155,1.999937503483228,1.9999375034832276,0.6022207708399179
F_gaussian_local_d100_rate0.25,FR--R,100,0.25,0.125,119,0.1,2.107150941215757,1.9999437529493784,1.9999437529493784,0.6022207708399179
F_gaussian_local_d100_rate0.25,FR--R,100,0.25,0.125,120,0.1,2.107156878472799,1.9999493775041632,1.9999493775041632,0.6022207708399179
F_gaussian_local_d100_rate0.25,FR--R,100,0.25,0.125,121,0.1,2.1071622215919033,1.9999544396320217,1.9999544396320217,0.6022207708399179
F_gaussian_local_d100_rate0.25,FR--R,100,0.25,0.125,122,0.1,2.1071670305909205,1.9999589955702213,1.9999589955702213,0.6022207708399179
F_gaussian_local_d100_rate0.25,FR--R,100,0.25,0.125,123,0.1,2.1071713587219287,1.999963095933334,1.999963095933334,0.6022207708399179
F_gaussian_local_d100_rate0.25,FR--R,100,0.25,0.125,124,0.1,2.1071752541596904,1.9999667862753097,1.9999667862753097,0.6022207708399179
F_gaussian_local_d100_rate0.25,FR--R,100,0.25,0.125,125,0.1,2.1071787600952483,1.9999701075953789,1.9999701075953789,0.6022207708399179
F_gaussian_local_d100_rate0.25,FR--R,100,0.25,0.125,126,0.1,2.1071819153601203,1.999973096793397,1.9999730967933969,0.6022207708399179
F_gaussian_local_d100_rate0.25,FR--R,100,0.25,0.125,127,0.1,2.1071847547629896,1.9999757870796784,1.9999757870796775,0.6022207708399179
F_gaussian_local_d100_rate0.25,FR--R,100,0.25,0.125,128,0.1,2.1071873107980568,1.999978208343862,1.999978208343862,0.6022207708399179
F_gaussian_local_d100_rate0.25,FR--R,100,0.25,0.125,129,0.1,2.107189610956636,1.999980387486919,1.9999803874869193,0.6022207708399179
F_gaussian_local_d100_rate0.25,FR--R,100,0.25,0.125,130,0.1,2.107191680997312,1.999982348719956,1.999982348719956,0.6022207708399179
F_gaussian_local_d100_rate0.25,FR--R,100,0.25,0.125,131,0.1,2.1071935446188164,1.9999841138331609,1.9999841138331609,0.6022207708399179
F_gaussian_local_d100_rate0.25,FR--R,100,0.25,0.125,132,0.1,2.1071952216319714,1.9999857024378571,1.9999857024378576,0.6022207708399179
F_gaussian_local_d100_rate0.25,FR--R,100,0.25,0.125,133,0.1,2.1071967308049,1.999987132184362,1.9999871321843616,0.6022207708399179
F_gaussian_local_d100_rate0.25,FR--R,100,0.25,0.125,134,0.1,2.107198088299346,1.9999884189580608,1.9999884189580608,0.6022207708399179
F_gaussian_local_d100_rate0.25,FR--R,100,0.25,0.125,135,0.1,2.107199310262182,1.999989577055884,1.999989577055884,0.6022207708399179
F_gaussian_local_d100_rate0.25,FR--R,100,0.25,0.125,136,0.1,2.107200410692501,1.999990619345135,1.9999906193451344,0.6022207708399179
F_gaussian_local_d100_rate0.25,FR--R,100,0.25,0.125,137,0.1,2.107201402191494,1.9999915574064409,1.9999915574064409,0.6022207708399179
F_gaussian_local_d100_rate0.25,FR--R,100,0.25,0.125,138,0.1,2.1072022929965657,1.9999924016624115,1.9999924016624115,0.6022207708399179
F_gaussian_local_d100_rate0.25,FR--R,100,0.25,0.125,139,0.1,2.1072030948435843,1.999993161493428,1.999993161493428,0.6022207708399179
F_gaussian_local_d100_rate0.25,FR--R,100,0.25,0.125,140,0.1,2.107203817766648,1.999993845341864,1.999993845341864,0.6022207708399179
F_gaussian_local_d100_rate0.25,FR--R,100,0.25,0.125,141,0.1,2.1072044658447373,1.9999944608058784,1.9999944608058784,0.6022207708399179
F_gaussian_local_d100_rate0.25,FR--R,100,0.25,0.125,142,0.1,2.1072050507961206,1.9999950147238332,1.9999950147238332,0.6022207708399179
F_gaussian_local_d100_rate0.25,FR--R,100,0.25,0.125,143,0.1,2.107205575963282,1.9999955132502691,1.9999955132502696,0.6022207708399179
F_gaussian_local_d100_rate0.25,FR--R,100,0.25,0.125,144,0.1,2.1072060520969216,1.9999959619242855,1.999995961924286,0.6022207708399179
F_gaussian_local_d100_rate0.25,FR--R,100,0.25,0.125,145,0.1,2.1072064748785917,1.999996365731083,1.9999963657310833,0.6022207708399179
F_gaussian_local_d100_rate0.25,FR--R,100,0.25,0.125,146,0.1,2.107206859566912,1.999996729157347,1.9999967291573473,0.6022207708399179
F_gaussian_local_d100_rate0.25,FR--R,100,0.25,0.125,147,0.1,2.1072072043112158,1.999997056241104,1.999997056241104,0.6022207708399179
F_gaussian_local_d100_rate0.25,FR--R,100,0.25,0.125,148,0.1,2.1072075166991513,1.999997350616582,1.9999973506165816,0.6022207708399179
F_gaussian_local_d100_rate0.25,FR--R,100,0.25,0.125,149,0.1,2.1072077969970757,1.9999976155545904,1.9999976155545904,0.6022207708399179
F_gaussian_local_d100_rate0.25,FR--R,100,0.25,0.125,150,0.1,2.107208043966386,1.999997853998861,1.9999978539988612,0.6022207708399179
F_gaussian_local_d100_rate0.25,FR--R,100,0.25,0.125,151,0.1,2.107208276222575,1.9999980685987564,1.999998068598756,0.6022207708399179
F_gaussian_local_d100_rate0.25,FR--R,100,0.25,0.125,152,0.1,2.107208479953051,1.9999982617387035,1.999998261738703,0.6022207708399179
F_gaussian_local_d100_rate0.25,FR--R,100,0.25,0.125,153,0.1,2.1072086632672336,1.9999984355646896,1.9999984355646896,0.6022207708399179
F_gaussian_local_d100_rate0.25,FR--R,100,0.25,0.125,154,0.1,2.1072088286452795,1.9999985920081047,1.9999985920081045,0.6022207708399179
F_gaussian_local_d100_rate0.25,FR--R,100,0.25,0.125,155,0.1,2.107208972875508,1.9999987328072,1.9999987328072,0.6022207708399179
F_gaussian_local_d100_rate0.25,FR--R,100,0.25,0.125,156,0.1,2.107209117296079,1.999998859526403,1.9999988595264035,0.6022207708399179
F_gaussian_local_d100_rate0.25,FR--R,100,0.25,0.125,157,0.1,2.1072092247870513,1.9999989735737016,1.9999989735737016,0.6022207708399179
F_gaussian_local_d100_rate0.25,FR--R,100,0.25,0.125,158,0.1,2.107209329799591,1.9999990762162811,1.9999990762162816,0.6022207708399179
F_gaussian_local_d100_rate0.25,FR--R,100,0.25,0.125,159,0.1,2.1072094324143977,1.9999991685946128,1.9999991685946124,0.6022207708399179
F_gaussian_local_d100_rate0.25,FR--R,100,0.25,0.125,160,0.1,2.1072095198555916,1.9999992517351184,1.9999992517351184,0.6022207708399179
F_gaussian_local_d100_rate0.25,FR--R,100,0.25,0.125,161,0.1,2.1072096104913633,1.99999932656158,1.9999993265615796,0.6022207708399179
F_gaussian_local_d100_rate0.25,FR--R,100,0.25,0.125,162,0.1,2.10720967570223,1.9999993939054,1.9999993939054004,0.6022207708399179
F_gaussian_local_d100_rate0.25,FR--R,100,0.25,0.125,163,0.1,2.107209725182523,1.9999994545148427,1.9999994545148432,0.6022207708399179
F_gaussian_local_d100_rate0.25,FR--R,100,0.25,0.125,164,0.1,2.1072097905129823,1.999999509063344,1.999999509063344,0.6022207708399179
F_gaussian_local_d100_rate0.25,FR--R,100,0.25,0.125,165,0.1,2.1072098463509805,1.9999995581569985,1.9999995581569985,0.6022207708399179
F_gaussian_local_d100_rate0.25,FR--R,100,0.25,0.125,166,0.1,2.107209876379414,1.9999996023412892,1.9999996023412892,0.6022207708399179
F_gaussian_local_d100_rate0.25,FR--R,100,0.25,0.125,167,0.1,2.107209947796891,1.9999996421071524,1.9999996421071524,0.6022207708399179
F_gaussian_local_d100_rate0.25,FR--R,100,0.25,0.125,168,0.1,2.1072099730733553,1.9999996778964315,1.9999996778964313,0.6022207708399179
F_gaussian_local_d100_rate0.25,FR--R,100,0.25,0.125,169,0.1,2.1072100357112977,1.9999997101067837,1.9999997101067832,0.6022207708399179
F_gaussian_local_d100_rate0.25,FR--R,100,0.25,0.125,170,0.1,2.1072100086665384,1.9999997390961013,1.9999997390961013,0.6022207708399179
F_gaussian_local_d100_rate0.25,FR--R,100,0.25,0.125,171,0.1,2.1072100883088507,1.999999765186488,1.9999997651864876,0.6022207708399179
F_gaussian_local_d100_rate0.25,FR--R,100,0.25,0.125,172,0.1,2.107210096013911,1.999999788667837,1.9999997886678365,0.6022207708399179
F_gaussian_local_d100_rate0.25,FR--R,100,0.25,0.125,173,0.1,2.1072100874527373,1.9999998098010507,1.9999998098010507,0.6022207708399179
F_gaussian_local_d100_rate0.25,FR--R,100,0.25,0.125,174,0.1,2.1072101574987463,1.9999998288209435,1.999999828820944,0.6022207708399179
F_gaussian_local_d100_rate0.25,FR--R,100,0.25,0.125,175,0.1,2.10721010176941,1.9999998459388484,1.999999845938848,0.6022207708399179
F_gaussian_local_d100_rate0.25,FR--R,100,0.25,0.125,176,0.1,2.1072102135127704,1.9999998613449617,1.9999998613449617,0.6022207708399179
F_gaussian_local_d100_rate0.25,FR--R,100,0.25,0.125,177,0.1,2.1072101431294863,1.9999998752104649,1.9999998752104649,0.6022207708399179
F_gaussian_local_d100_rate0.25,FR--R,100,0.25,0.125,178,0.1,2.107210238467649,1.9999998876894176,1.9999998876894176,0.6022207708399179
F_gaussian_local_d100_rate0.25,FR--R,100,0.25,0.125,179,0.1,2.107210220405627,1.999999898920476,1.9999998989204752,0.6022207708399179
F_gaussian_local_d100_rate0.25,FR--R,100,0.25,0.125,180,0.1,2.1072102589162314,1.999999909028428,1.9999999090284275,0.6022207708399179
F_gaussian_local_d100_rate0.25,FR--R,100,0.25,0.125,181,0.1,2.1072102107026462,1.9999999181255843,1.9999999181255848,0.6022207708399179
F_gaussian_local_d100_rate0.25,FR--R,100,0.25,0.125,182,0.1,2.10721017922988,1.9999999263130257,1.9999999263130257,0.6022207708399179
F_gaussian_local_d100_rate0.25,FR--R,100,0.25,0.125,183,0.1,2.1072103205968986,1.9999999336817225,1.9999999336817225,0.6022207708399179
F_gaussian_local_d100_rate0.25,FR--R,100,0.25,0.125,184,0.1,2.1072103792931363,1.9999999403135504,1.9999999403135504,0.6022207708399179
F_gaussian_local_d100_rate0.25,FR--R,100,0.25,0.125,185,0.1,2.1072101845575553,1.999999946282196,1.9999999462821956,0.6022207708399179
F_gaussian_local_d100_rate0.25,FR--R,100,0.25,0.125,186,0.1,2.107210343775332,1.999999951653976,1.999999951653976,0.6022207708399179
F_gaussian_local_d100_rate0.25,FR--R,100,0.25,0.125,187,0.1,2.107210279135635,1.9999999564885784,1.9999999564885784,0.6022207708399179
F_gaussian_local_d100_rate0.25,FR--R,100,0.25,0.125,188,0.1,2.1072103005561957,1.9999999608397203,1.9999999608397203,0.6022207708399179
F_gaussian_local_d100_rate0.25,FR--R,100,0.25,0.125,189,0.1,2.107210327156893,1.999999964755748,1.999999964755748,0.6022207708399179
F_gaussian_local_d100_rate0.25,FR--R,100,0.25,0.125,190,0.1,2.107210173152855,1.9999999682801728,1.9999999682801737,0.6022207708399179
F_gaussian_local_d100_rate0.25,FR--R,100,0.25,0.125,191,0.1,2.107210313156528,1.999999971452156,1.999999971452156,0.6022207708399179
F_gaussian_local_d100_rate0.25,FR--R,100,0.25,0.125,192,0.1,2.107210428385883,1.9999999743069403,1.9999999743069403,0.6022207708399179
F_gaussian_local_d100_rate0.25,FR--R,100,0.25,0.125,193,0.1,2.1072101424463674,1.9999999768762464,1.9999999768762464,0.6022207708399179
F_gaussian_local_d100_rate0.25,FR--R,100,0.25,0.125,194,0.1,2.107210407995502,1.9999999791886216,1.9999999791886216,0.6022207708399179
F_gaussian_local_d100_rate0.25,FR--R,100,0.25,0.125,195,0.1,2.1072102077798855,1.9999999812697595,1.9999999812697595,0.6022207708399179
F_gaussian_local_d100_rate0.25,FR--R,100,0.25,0.125,196,0.1,2.10721048878426,1.9999999831427837,1.9999999831427833,0.6022207708399179
F_gaussian_local_d100_rate0.25,FR--R,100,0.25,0.125,197,0.1,2.1072103782038356,1.9999999848285053,1.9999999848285053,0.6022207708399179
F_gaussian_local_d100_rate0.25,FR--R,100,0.25,0.125,198,0.1,2.1072101686069495,1.9999999863456548,1.9999999863456548,0.6022207708399179
F_gaussian_local_d100_rate0.25,FR--R,100,0.25,0.125,199,0.1,2.1072105540724886,1.9999999877110888,1.9999999877110892,0.6022207708399179
F_gaussian_local_d100_rate0.5,FR--KL,100,0.5,0.25,0,0.1,0.4938522518074297,0.5,0.5,0.3181471805599453
F_gaussian_local_d100_rate0.5,FR--KL,100,0.5,0.25,1,0.1,0.5295134796805615,0.5365853658536587,0.5365853658536586,0.3181471805599453
F_gaussian_local_d100_rate0.5,FR--KL,100,0.5,0.25,2,0.1,0.5667162907639883,0.5748218527315918,0.5748218527315916,0.3181471805599453
F_gaussian_local_d100_rate0.5,FR--KL,100,0.5,0.25,3,0.1,0.6053832805860706,0.6146386515816209,0.6146386515816208,0.3181471805599453
F_gaussian_local_d100_rate0.5,FR--KL,100,0.5,0.25,4,0.1,0.6454170739013049,0.6559440872740306,0.6559440872740306,0.3181471805599453
F_gaussian_local_d100_rate0.5,FR--KL,100,0.5,0.25,5,0.1,0.686700501527043,0.6986255316656943,0.6986255316656942,0.3181471805599453
F_gaussian_local_d100_rate0.5,FR--KL,100,0.5,0.25,6,0.1,0.7290973247884632,0.7425498699482203,0.7425498699482203,0.3181471805599453
F_gaussian_local_d100_rate0.5,FR--KL,100,0.5,0.25,7,0.1,0.7724535324011004,0.787564558903559,0.787564558903559,0.3181471805599453
F_gaussian_local_d100_rate0.5,FR--KL,100,0.5,0.25,8,0.1,0.8165992079490139,0.8334992897692381,0.8334992897692381,0.3181471805599453
F_gaussian_local_d100_rate0.5,FR--KL,100,0.5,0.25,9,0.1,0.8613509366979346,0.8801682386562889,0.8801682386562888,0.3181471805599453
F_gaussian_local_d100_rate0.5,FR--KL,100,0.5,0.25,10,0.1,0.9065146904449489,0.9273728558656708,0.927372855865671,0.3181471805599453
F_gaussian_local_d100_rate0.5,FR--KL,100,0.5,0.25,11,0.1,0.9518891008758376,0.9749051144432728,0.9749051144432728,0.3181471805599453
F_gaussian_local_d100_rate0.5,FR--KL,100,0.5,0.25,12,0.1,0.9972690079439933,1.0225511105164913,1.0225511105164915,0.3181471805599453
F_gaussian_local_d100_rate0.5,FR--KL,100,0.5,0.25,13,0.1,1.0424491523129713,1.0700948858727792,1.0700948858727792,0.3181471805599453
F_gaussian_local_d100_rate0.5,FR--KL,100,0.5,0.25,14,0.1,1.0872278715894321,1.1173223289557088,1.1173223289557088,0.3181471805599453
F_gaussian_local_d100_rate0.5,FR--KL,100,0.5,0.25,15,0.1,1.1314106598271125,1.164025005354037,1.164025005354037,0.3181471805599453
F_gaussian_local_d100_rate0.5,FR--KL,100,0.5,0.25,16,0.1,1.174813458628235,1.2100037734462326,1.2100037734462328,0.3181471805599453
F_gaussian_local_d100_rate0.5,FR--KL,100,0.5,0.25,17,0.1,1.2172655652415143,1.2550720546850638,1.2550720546850638,0.3181471805599453
F_gaussian_local_d100_rate0.5,FR--KL,100,0.5,0.25,18,0.1,1.2586120667193137,1.2990586497205137,1.2990586497205137,0.3181471805599453
F_gaussian_local_d100_rate0.5,FR--KL,100,0.5,0.25,19,0.1,1.2987157372594442,1.341810019112104,1.341810019112104,0.3181471805599453
F_gaussian_local_d100_rate0.5,FR--KL,100,0.5,0.25,20,0.1,1.3374583658621353,1.383191978282563,1.3831919782825628,0.3181471805599453
F_gaussian_local_d100_rate0.5,FR--KL,100,0.5,0.25,21,0.1,1.3747415109409167,1.4230907879947134,1.4230907879947137,0.3181471805599453
F_gaussian_local_d100_rate0.5,FR--KL,100,0.5,0.25,22,0.1,1.4104867053912618,1.4614136515459473,1.4614136515459473,0.3181471805599453
F_gaussian_local_d100_rate0.5,FR--KL,100,0.5,0.25,23,0.1,1.4446351581769385,1.4980886560422302,1.4980886560422302,0.3181471805599453
F_gaussian_local_d100_rate0.5,FR--KL,100,0.5,0.25,24,0.1,1.4771470156720918,1.5330642160909478,1.5330642160909476,0.3181471805599453
F_gaussian_local_d100_rate0.5,FR--KL,100,0.5,0.25,25,0.1,1.5080002573453168,1.56630809324376,1.56630809324376,0.3181471805599453
F_gaussian_local_d100_rate0.5,FR--KL,100,0.5,0.25,26,0.1,1.537189305995086,1.5978060733611554,1.5978060733611552,0.3181471805599453
F_gaussian_local_d100_rate0.5,FR--KL,100,0.5,0.25,27,0.1,1.5647234332041773,1.6275603871312534,1.6275603871312536,0.3181471805599453
F_gaussian_local_d100_rate0.5,FR--KL,100,0.5,0.25,28,0.1,1.5906250368434927,1.6555879570306469,1.6555879570306467,0.3181471805599453
F_gaussian_local_d100_rate0.5,FR--KL,100,0.5,0.25,29,0.1,1.6149278603516304,1.681918548087689,1.681918548087689,0.3181471805599453
F_gaussian_local_d100_rate0.5,FR--KL,100,0.5,0.25,30,0.1,1.637675214227462,1.7065928910240598,1.7065928910240598,0.3181471805599453
F_gaussian_local_d100_rate0.5,FR--KL,100,0.5,0.25,31,0.1,1.6589182496901422,1.7296608358124523,1.7296608358124521,0.3181471805599453
F_gaussian_local_d100_rate0.5,FR--KL,100,0.5,0.25,32,0.1,1.6787143236616782,1.7511795823872185,1.7511795823872185,0.3181471805599453
F_gaussian_local_d100_rate0.5,FR--KL,100,0.5,0.25,33,0.1,1.6971254837920442,1.7712120240005178,1.7712120240005178,0.3181471805599453
F_gaussian_local_d100_rate0.5,FR--KL,100,0.5,0.25,34,0.1,1.7142170926781344,1.7898252281524183,1.7898252281524183,0.3181471805599453
F_gaussian_local_d100_rate0.5,FR--KL,100,0.5,0.25,35,0.1,1.7300566020510615,1.807089070566719,1.8070890705667193,0.3181471805599453
F_gaussian_local_d100_rate0.5,FR--KL,100,0.5,0.25,36,0.1,1.7447124806730934,1.82307502958416,1.8230750295841596,0.3181471805599453
F_gaussian_local_d100_rate0.5,FR--KL,100,0.5,0.25,37,0.1,1.7582532940489606,1.837855141701163,1.8378551417011628,0.3181471805599453
F_gaussian_local_d100_rate0.5,FR--KL,100,0.5,0.25,38,0.1,1.7707469297461436,1.851501113779981,1.8515011137799808,0.3181471805599453
F_gaussian_local_d100_rate0.5,FR--KL,100,0.5,0.25,39,0.1,1.7822599590258226,1.8640835835974925,1.864083583597492,0.3181471805599453
F_gaussian_local_d100_rate0.5,FR--KL,100,0.5,0.25,40,0.1,1.7928571234427604,1.8756715177356231,1.8756715177356231,0.3181471805599453
F_gaussian_local_d100_rate0.5,FR--KL,100,0.5,0.25,41,0.1,1.802600933920493,1.8863317341700083,1.8863317341700083,0.3181471805599453
F_gaussian_local_d100_rate0.5,FR--KL,100,0.5,0.25,42,0.1,1.8115513693544685,1.896128536101345,1.8961285361013445,0.3181471805599453
F_gaussian_local_d100_rate0.5,FR--KL,100,0.5,0.25,43,0.1,1.8197656619029692,1.9051234434184128,1.9051234434184128,0.3181471805599453
F_gaussian_local_d100_rate0.5,FR--KL,100,0.5,0.25,44,0.1,1.82729815661761,1.9133750085210377,1.913375008521038,0.3181471805599453
F_gaussian_local_d100_rate0.5,FR--KL,100,0.5,0.25,45,0.1,1.8342002338601422,1.9209387039237191,1.9209387039237191,0.3181471805599453
F_gaussian_local_d100_rate0.5,FR--KL,100,0.5,0.25,46,0.1,1.8405202838874446,1.9278668699875248,1.9278668699875248,0.3181471805599453
F_gaussian_local_d100_rate0.5,FR--KL,100,0.5,0.25,47,0.1,1.8463037240597253,1.934208712192427,1.9342087121924272,0.3181471805599453
F_gaussian_local_d100_rate0.5,FR--KL,100,0.5,0.25,48,0.1,1.8515930501888092,1.9400103384892091,1.9400103384892096,0.3181471805599453
F_gaussian_local_d100_rate0.5,FR--KL,100,0.5,0.25,49,0.1,1.856427914616804,1.9453148284022896,1.9453148284022896,0.3181471805599453
F_gaussian_local_d100_rate0.5,FR--KL,100,0.5,0.25,50,0.1,1.860845224629472,1.9501623266512127,1.9501623266512127,0.3181471805599453
F_gaussian_local_d100_rate0.5,FR--KL,100,0.5,0.25,51,0.1,1.8648792557579552,1.9545901550912217,1.9545901550912217,0.3181471805599453
F_gaussian_local_d100_rate0.5,FR--KL,100,0.5,0.25,52,0.1,1.8685617753817803,1.9586329377246443,1.9586329377246448,0.3181471805599453
F_gaussian_local_d100_rate0.5,FR--KL,100,0.5,0.25,53,0.1,1.871922172825734,1.962322734395466,1.9623227343954663,0.3181471805599453
F_gaussian_local_d100_rate0.5,FR--KL,100,0.5,0.25,54,0.1,1.874987592826885,1.965689179546089,1.9656891795460891,0.3181471805599453
F_gaussian_local_d100_rate0.5,FR--KL,100,0.5,0.25,55,0.1,1.877783069844471,1.968759623089032,1.968759623089032,0.3181471805599453
F_gaussian_local_d100_rate0.5,FR--KL,100,0.5,0.25,56,0.1,1.8803316612211167,1.9715592710312748,1.9715592710312748,0.3181471805599453
F_gaussian_local_d100_rate0.5,FR--KL,100,0.5,0.25,57,0.1,1.8826545776109098,1.9741113239912624,1.9741113239912624,0.3181471805599453
F_gaussian_local_d100_rate0.5,FR--KL,100,0.5,0.25,58,0.1,1.8847713095018948,1.976437112175296,1.976437112175296,0.3181471805599453
F_gaussian_local_d100_rate0.5,FR--KL,100,0.5,0.25,59,0.1,1.8866997489381634,1.978556225739022,1.978556225739022,0.3181471805599453
F_gaussian_local_d100_rate0.5,FR--KL,100,0.5,0.25,60,0.1,1.8884563058560422,1.9804866397585608,1.9804866397585608,0.3181471805599453
F_gaussian_local_d100_rate0.5,FR--KL,100,0.5,0.25,61,0.1,1.8900560185819766,1.982244833282132,1.982244833282132,0.3181471805599453
F_gaussian_local_d100_rate0.5,FR--KL,100,0.5,0.25,62,0.1,1.8915126583018045,1.9838459021337207,1.9838459021337207,0.3181471805599453
F_gaussian_local_d100_rate0.5,FR--KL,100,0.5,0.25,63,0.1,1.892838827384449,1.9853036653020653,1.9853036653020657,0.3181471805599453
F_gaussian_local_d100_rate0.5,FR--KL,100,0.5,0.25,64,0.1,1.8940460515762894,1.986630764876695,1.9866307648766952,0.3181471805599453
F_gaussian_local_d100_rate0.5,FR--KL,100,0.5,0.25,65,0.1,1.895144866165073,1.9878387595932507,1.9878387595932507,0.3181471805599453
F_gaussian_local_d100_rate0.5,FR--KL,100,0.5,0.25,66,0.1,1.8961448962819216,1.9889382121274255,1.9889382121274255,0.3181471805599453
F_gaussian_local_d100_rate0.5,FR--KL,100,0.5,0.25,67,0.1,1.8970549315310075,1.989938770334556,1.9899387703345557,0.3181471805599453
F_gaussian_local_d100_rate0.5,FR--KL,100,0.5,0.25,68,0.1,1.897882995219855,1.9908492426736384,1.9908492426736384,0.3181471805599453
F_gaussian_local_d100_rate0.5,FR--KL,100,0.5,0.25,69,0.1,1.8986364084226264,1.9916776680833184,1.9916776680833184,0.3181471805599453
F_gaussian_local_d100_rate0.5,FR--KL,100,0.5,0.25,70,0.1,1.899321849163878,1.992431380595616,1.992431380595616,0.3181471805599453
F_gaussian_local_d100_rate0.5,FR--KL,100,0.5,0.25,71,0.1,1.8999454070509336,1.9931170689830475,1.9931170689830475,0.3181471805599453
F_gaussian_local_d100_rate0.5,FR--KL,100,0.5,0.25,72,0.1,1.9005126335195233,1.993740831738072,1.993740831738072,0.3181471805599453
F_gaussian_local_d100_rate0.5,FR--KL,100,0.5,0.25,73,0.1,1.901028588154571,1.9943082276818536,1.9943082276818536,0.3181471805599453
F_gaussian_local_d100_rate0.5,FR--KL,100,0.5,0.25,74,0.1,1.901497881168509,1.994824322493596,1.994824322493596,0.3181471805599453
F_gaussian_local_d100_rate0.5,FR--KL,100,0.5,0.25,75,0.1,1.9019247124390752,1.995293731442892,1.995293731442892,0.3181471805599453
F_gaussian_local_d100_rate0.5,FR--KL,100,0.5,0.25,76,0.1,1.902312907305988,1.995720658596725,1.9957206585967249,0.3181471805599453
F_gaussian_local_d100_rate0.5,FR--KL,100,0.5,0.25,77,0.1,1.9026659493779599,1.996108932760425,1.9961089327604251,0.3181471805599453
F_gaussian_local_d100_rate0.5,FR--KL,100,0.5,0.25,78,0.1,1.9029870105303777,1.9964620403986275,1.9964620403986275,0.3181471805599453
F_gaussian_local_d100_rate0.5,FR--KL,100,0.5,0.25,79,0.1,1.9032789784154718,1.996783155768528,1.996783155768528,0.3181471805599453
F_gaussian_local_d100_rate0.5,FR--KL,100,0.5,0.25,80,0.1,1.9035444815791103,1.9970751684837804,1.9970751684837804,0.3181471805599453
F_gaussian_local_d100_rate0.5,FR--KL,100,0.5,0.25,81,0.1,1.903785912429395,1.997340708713484,1.997340708713484,0.3181471805599453
F_gaussian_local_d100_rate0.5,FR--KL,100,0.5,0.25,82,0.1,1.9040054482154323,1.9975821702070893,1.9975821702070895,0.3181471805599453
F_gaussian_local_d100_rate0.5,FR--KL,100,0.5,0.25,83,0.1,1.9042050701695463,1.997801731322832,1.997801731322832,0.3181471805599453
F_gaussian_local_d100_rate0.5,FR--KL,100,0.5,0.25,84,0.1,1.9043865810229126,1.9980013742245548,1.9980013742245548,0.3181471805599453
F_gaussian_local_d100_rate0.5,FR--KL,100,0.5,0.25,85,0.1,1.9045516209490139,1.998182902399681,1.9981829023996815,0.3181471805599453
F_gaussian_local_d100_rate0.5,FR--KL,100,0.5,0.25,86,0.1,1.9047016820874503,1.998347956639527,1.9983479566395268,0.3181471805599453
F_gaussian_local_d100_rate0.5,FR--KL,100,0.5,0.25,87,0.1,1.9048381218423696,1.998498029612288,1.9984980296122872,0.3181471805599453
F_gaussian_local_d100_rate0.5,FR--KL,100,0.5,0.25,88,0.1,1.904962174964857,1.9986344791488115,1.9986344791488115,0.3181471805599453
F_gaussian_local_d100_rate0.5,FR--KL,100,0.5,0.25,89,0.1,1.9050749645658518,1.9987585403516908,1.9987585403516903,0.3181471805599453
F_gaussian_local_d100_rate0.5,FR--KL,100,0.5,0.25,90,0.1,1.9051775121509884,1.9988713366292628,1.9988713366292632,0.3181471805599453
F_gaussian_local_d100_rate0.5,FR--KL,100,0.5,0.25,91,0.1,1.9052707468356496,1.9989738897478275,1.9989738897478273,0.3181471805599453
F_gaussian_local_d100_rate0.5,FR--KL,100,0.5,0.25,92,0.1,1.905355513550721,1.9990671289876376,1.999067128987638,0.3181471805599453
F_gaussian_local_d100_rate0.5,FR--KL,100,0.5,0.25,93,0.1,1.9054325807689387,1.999151899481108,1.999151899481108,0.3181471805599453
F_gaussian_local_d100_rate0.5,FR--KL,100,0.5,0.25,94,0.1,1.9055026472620724,1.9992289698050485,1.999228969805048,0.3181471805599453
F_gaussian_local_d100_rate0.5,FR--KL,100,0.5,0.25,95,0.1,1.9055663485778687,1.9992990388926724,1.999299038892672,0.3181471805599453
F_gaussian_local_d100_rate0.5,FR--KL,100,0.5,0.25,96,0.1,1.9056242625376303,1.9993627423254825,1.999362742325482,0.3181471805599453
F_gaussian_local_d100_rate0.5,FR--KL,100,0.5,0.25,97,0.1,1.9056769146846422,1.9994206580599792,1.9994206580599792,0.3181471805599453
F_gaussian_local_d100_rate0.5,FR--KL,100,0.5,0.25,98,0.1,1.905724782796319,1.9994733116394063,1.9994733116394063,0.3181471805599453
F_gaussian_local_d100_rate0.5,FR--KL,100,0.5,0.25,99,0.1,1.9057683013039324,1.9995211809363511,1.9995211809363511,0.3181471805599453
F_gaussian_local_d100_rate0.5,FR--KL,100,0.5,0.25,100,0.1,1.9058078653532413,1.99956470046806,1.9995647004680597,0.3181471805599453
F_gaussian_local_d100_rate0.5,FR--KL,100,0.5,0.25,101,0.1,1.9058438340791433,1.99960426532264,1.99960426532264,0.3181471805599453
F_gaussian_local_d100_rate0.5,FR--KL,100,0.5,0.25,102,0.1,1.905876534104633,1.9996402347309647,1.9996402347309647,0.3181471805599453
F_gaussian_local_d100_rate0.5,FR--KL,100,0.5,0.25,103,0.1,1.905906262348275,1.999672935316036,1.999672935316036,0.3181471805599453
F_gaussian_local_d100_rate0.5,FR--KL,100,0.5,0.25,104,0.1,1.90593328887429,1.999702664048756,1.999702664048756,0.3181471805599453
F_gaussian_local_d100_rate0.5,FR--KL,100,0.5,0.25,105,0.1,1.9059578590614183,1.9997296909364783,1.9997296909364783,0.3181471805599453
F_gaussian_local_d100_rate0.5,FR--KL,100,0.5,0.25,106,0.1,1.9059801962222978,1.9997542614683732,1.9997542614683732,0.3181471805599453
F_gaussian_local_d100_rate0.5,FR--KL,100,0.5,0.25,107,0.1,1.906000503071515,1.999776598839509,1.9997765988395095,0.3181471805599453
F_gaussian_local_d100_rate0.5,FR--KL,100,0.5,0.25,108,0.1,1.906018964191611,1.9997969059735792,1.9997969059735792,0.3181471805599453
F_gaussian_local_d100_rate0.5,FR--KL,100,0.5,0.25,109,0.1,1.9060357474998126,1.999815367362444,1.9998153673624444,0.3181471805599453
F_gaussian_local_d100_rate0.5,FR--KL,100,0.5,0.25,110,0.1,1.9060510053568043,1.9998321507390195,1.9998321507390195,0.3181471805599453
F_gaussian_local_d100_rate0.5,FR--KL,100,0.5,0.25,111,0.1,1.906064876072069,1.999847408598548,1.999847408598548,0.3181471805599453
F_gaussian_local_d100_rate0.5,FR--KL,100,0.5,0.25,112,0.1,1.906077486291409,1.999861279581973,1.9998612795819728,0.3181471805599453
F_gaussian_local_d100_rate0.5,FR--KL,100,0.5,0.25,113,0.1,1.9060889500182439,1.9998738897338812,1.9998738897338817,0.3181471805599453
F_gaussian_local_d100_rate0.5,FR--KL,100,0.5,0.25,114,0.1,1.90609937180149,1.999885353646343,1.9998853536463432,0.3181471805599453
F_gaussian_local_d100_rate0.5,FR--KL,100,0.5,0.25,115,0.1,1.9061088464066207,1.999895775498995,1.9998957754989952,0.3181471805599453
F_gaussian_local_d100_rate0.5,FR--KL,100,0.5,0.25,116,0.1,1.9061174595762098,1.9999052500047567,1.9999052500047565,0.3181471805599453
F_gaussian_local_d100_rate0.5,FR--KL,100,0.5,0.25,117,0.1,1.906125289802029,1.9999138632697129,1.9999138632697129,0.3181471805599453
F_gaussian_local_d100_rate0.5,FR--KL,100,0.5,0.25,118,0.1,1.9061324084402516,1.9999216935749635,1.9999216935749633,0.3181471805599453
F_gaussian_local_d100_rate0.5,FR--KL,100,0.5,0.25,119,0.1,1.9061388798347763,1.9999288120874912,1.9999288120874912,0.3181471805599453
F_gaussian_local_d100_rate0.5,FR--KL,100,0.5,0.25,120,0.1,1.9061447629398502,1.9999352835064912,1.9999352835064912,0.3181471805599453
F_gaussian_local_d100_rate0.5,FR--KL,100,0.5,0.25,121,0.1,1.9061501113107562,1.9999411666510156,1.9999411666510152,0.3181471805599453
F_gaussian_local_d100_rate0.5,FR--KL,100,0.5,0.25,122,0.1,1.906154973418152,1.9999465149942557,1.9999465149942552,0.3181471805599453
F_gaussian_local_d100_rate0.5,FR--KL,100,0.5,0.25,123,0.1,1.906159393582902,1.9999513771492965,1.999951377149296,0.3181471805599453
F_gaussian_local_d100_rate0.5,FR--KL,100,0.5,0.25,124,0.1,1.906163411572769,1.9999557973107576,1.9999557973107576,0.3181471805599453
F_gaussian_local_d100_rate0.5,FR--KL,100,0.5,0.25,125,0.1,1.9061670647680278,1.999959815656313,1.9999598156563132,0.3181471805599453
F_gaussian_local_d100_rate0.5,FR--KL,100,0.5,0.25,126,0.1,1.9061703855029473,1.99996346871174,1.99996346871174,0.3181471805599453
F_gaussian_local_d100_rate0.5,FR--KL,100,0.5,0.25,127,0.1,1.906173405097693,1.9999667896827984,1.9999667896827984,0.3181471805599453
F_gaussian_local_d100_rate0.5,FR--KL,100,0.5,0.25,128,0.1,1.9061761496243979,1.9999698087569688,1.9999698087569688,0.3181471805599453
F_gaussian_local_d100_rate0.5,FR--KL,100,0.5,0.25,129,0.1,1.9061786443102176,1.9999725533777608,1.9999725533777608,0.3181471805599453
F_gaussian_local_d100_rate0.5,FR--KL,100,0.5,0.25,130,0.1,1.9061809128042246,1.999975048494108,1.999975048494108,0.3181471805599453
F_gaussian_local_d100_rate0.5,FR--KL,100,0.5,0.25,131,0.1,1.9061829754018336,1.999977316787099,1.999977316787099,0.3181471805599453
F_gaussian_local_d100_rate0.5,FR--KL,100,0.5,0.25,132,0.1,1.906184848928413,1.9999793788761016,1.9999793788761016,0.3181471805599453
F_gaussian_local_d100_rate0.5,FR--KL,100,0.5,0.25,133,0.1,1.906186554139564,1.9999812535061563,1.9999812535061567,0.3181471805599453
F_gaussian_local_d100_rate0.5,FR--KL,100,0.5,0.25,134,0.1,1.906188103336725,1.999982957718348,1.999982957718348,0.3181471805599453
F_gaussian_local_d100_rate0.5,FR--KL,100,0.5,0.25,135,0.1,1.9061895113248164,1.9999845070046784,1.9999845070046784,0.3181471805599453
F_gaussian_local_d100_rate0.5,FR--KL,100,0.5,0.25,136,0.1,1.9061907916305403,1.9999859154488795,1.99998591544888,0.3181471805599453
F_gaussian_local_d100_rate0.5,FR--KL,100,0.5,0.25,137,0.1,1.9061919563610177,1.99998719585442,1.9999871958544204,0.3181471805599453
F_gaussian_local_d100_rate0.5,FR--KL,100,0.5,0.25,138,0.1,1.9061930145694772,1.9999883598608803,1.9999883598608807,0.3181471805599453
F_gaussian_local_d100_rate0.5,FR--KL,100,0.5,0.25,139,0.1,1.9061939774540397,1.9999894180497475,1.9999894180497473,0.3181471805599453
F_gaussian_local_d100_rate0.5,FR--KL,100,0.5,0.25,140,0.1,1.9061948515564255,1.9999903800405985,1.9999903800405985,0.3181471805599453
F_gaussian_local_d100_rate0.5,FR--KL,100,0.5,0.25,141,0.1,1.9061956454208546,1.999991254578538,1.9999912545785383,0.3181471805599453
F_gaussian_local_d100_rate0.5,FR--KL,100,0.5,0.25,142,0.1,1.906196366387474,1.9999920496136925,1.9999920496136925,0.3181471805599453
F_gaussian_local_d100_rate0.5,FR--KL,100,0.5,0.25,143,0.1,1.9061970249726397,1.999992772373472,1.9999927723734712,0.3181471805599453
F_gaussian_local_d100_rate0.5,FR--KL,100,0.5,0.25,144,0.1,1.9061976233031053,1.9999934294282695,1.9999934294282695,0.3181471805599453
F_gaussian_local_d100_rate0.5,FR--KL,100,0.5,0.25,145,0.1,1.9061981694732522,1.9999940267511884,1.9999940267511889,0.3181471805599453
F_gaussian_local_d100_rate0.5,FR--KL,100,0.5,0.25,146,0.1,1.9061986602792858,1.9999945697723345,1.9999945697723345,0.3181471805599453
F_gaussian_local_d100_rate0.5,FR--KL,100,0.5,0.25,147,0.1,1.9061991103699585,1.999995063428177,1.999995063428177,0.3181471805599453
F_gaussian_local_d100_rate0.5,FR--KL,100,0.5,0.25,148,0.1,1.9061995151864188,1.9999955122064264,1.9999955122064268,0.3181471805599453
F_gaussian_local_d100_rate0.5,FR--KL,100,0.5,0.25,149,0.1,1.9061998858128262,1.9999959201868285,1.999995920186828,0.3181471805599453
F_gaussian_local_d100_rate0.5,FR--KL,100,0.5,0.25,150,0.1,1.9062002229012411,1.9999962910782467,1.9999962910782467,0.3181471805599453
F_gaussian_local_d100_rate0.5,FR--KL,100,0.5,0.25,151,0.1,1.9062005322740243,1.999996628252383,1.999996628252383,0.3181471805599453
F_gaussian_local_d100_rate0.5,FR--KL,100,0.5,0.25,152,0.1,1.9062008049777157,1.999996934774424,1.999996934774424,0.3181471805599453
F_gaussian_local_d100_rate0.5,FR--KL,100,0.5,0.25,153,0.1,1.9062010634145816,1.9999972134309056,1.9999972134309056,0.3181471805599453
F_gaussian_local_d100_rate0.5,FR--KL,100,0.5,0.25,154,0.1,1.9062012925856555,1.999997466755048,1.999997466755048,0.3181471805599453
F_gaussian_local_d100_rate0.5,FR--KL,100,0.5,0.25,155,0.1,1.9062015055632944,1.9999976970497784,1.9999976970497784,0.3181471805599453
F_gaussian_local_d100_rate0.5,FR--KL,100,0.5,0.25,156,0.1,1.9062017022936535,1.9999979064086708,1.9999979064086704,0.3181471805599453
F_gaussian_local_d100_rate0.5,FR--KL,100,0.5,0.25,157,0.1,1.9062018645431515,1.999998096734975,1.9999980967349749,0.3181471805599453
F_gaussian_local_d100_rate0.5,FR--KL,100,0.5,0.25,158,0.1,1.9062020145279306,1.9999982697589185,1.9999982697589185,0.3181471805599453
F_gaussian_local_d100_rate0.5,FR--KL,100,0.5,0.25,159,0.1,1.9062021818981052,1.9999984270534372,1.9999984270534377,0.3181471805599453
F_gaussian_local_d100_rate0.5,FR--KL,100,0.5,0.25,160,0.1,1.9062022960722307,1.9999985700484797,1.9999985700484784,0.3181471805599453
F_gaussian_local_d100_rate0.5,FR--KL,100,0.5,0.25,161,0.1,1.906202403837467,1.9999987000439872,1.9999987000439872,0.3181471805599453
F_gaussian_local_d100_rate0.5,FR--KL,100,0.5,0.25,162,0.1,1.9062025288699473,1.999998818221736,1.999998818221736,0.3181471805599453
F_gaussian_local_d100_rate0.5,FR--KL,100,0.5,0.25,163,0.1,1.9062026292409597,1.9999989256560664,1.9999989256560664,0.3181471805599453
F_gaussian_local_d100_rate0.5,FR--KL,100,0.5,0.25,164,0.1,1.9062027126154062,1.9999990233236495,1.9999990233236495,0.3181471805599453
F_gaussian_local_d100_rate0.5,FR--KL,100,0.5,0.25,165,0.1,1.9062027963246708,1.9999991121123697,1.9999991121123692,0.3181471805599453
F_gaussian_local_d100_rate0.5,FR--KL,100,0.5,0.25,166,0.1,1.906202861045884,1.999999192829395,1.9999991928293943,0.3181471805599453
F_gaussian_local_d100_rate0.5,FR--KL,100,0.5,0.25,167,0.1,1.9062029206854338,1.999999266208513,1.9999992662085135,0.3181471805599453
F_gaussian_local_d100_rate0.5,FR--KL,100,0.5,0.25,168,0.1,1.9062029949432542,1.9999993329168075,1.999999332916808,0.3181471805599453
F_gaussian_local_d100_rate0.5,FR--KL,100,0.5,0.25,169,0.1,1.906203004396468,1.9999993935607157,1.999999393560716,0.3181471805599453
F_gaussian_local_d100_rate0.5,FR--KL,100,0.5,0.25,170,0.1,1.9062030813601194,1.9999994486915431,1.999999448691544,0.3181471805599453
F_gaussian_local_d100_rate0.5,FR--KL,100,0.5,0.25,171,0.1,1.9062031530512837,1.9999994988104803,1.9999994988104817,0.3181471805599453
F_gaussian_local_d100_rate0.5,FR--KL,100,0.5,0.25,172,0.1,1.9062032198610004,1.9999995443731533,1.9999995443731549,0.3181471805599453
F_gaussian_local_d100_rate0.5,FR--KL,100,0.5,0.25,173,0.1,1.9062031972484808,1.999999585793768,1.9999995857937696,0.3181471805599453
F_gaussian_local_d100_rate0.5,FR--KL,100,0.5,0.25,174,0.1,1.9062032753006648,1.999999623448872,1.9999996234488735,0.3181471805599453
F_gaussian_local_d100_rate0.5,FR--KL,100,0.5,0.25,175,0.1,1.9062033184652287,1.999999657680786,1.9999996576807888,0.3181471805599453
F_gaussian_local_d100_rate0.5,FR--KL,100,0.5,0.25,176,0.1,1.9062033163895544,1.9999996888007143,1.9999996888007128,0.3181471805599453
F_gaussian_local_d100_rate0.5,FR--KL,100,0.5,0.25,177,0.1,1.906203313535502,1.999999717091556,1.999999717091553,0.3181471805599453
F_gaussian_local_d100_rate0.5,FR--KL,100,0.5,0.25,178,0.1,1.9062033854290295,1.9999997428105007,1.9999997428104992,0.3181471805599453
F_gaussian_local_d100_rate0.5,FR--KL,100,0.5,0.25,179,0.1,1.9062034251431321,1.99999976619136,1.9999997661913604,0.3181471805599453
F_gaussian_local_d100_rate0.5,FR--KL,100,0.5,0.25,180,0.1,1.9062033725305754,1.9999997874466888,1.9999997874466895,0.3181471805599453
F_gaussian_local_d100_rate0.5,FR--KL,100,0.5,0.25,181,0.1,1.9062033892450274,1.999999806769715,1.9999998067697156,0.3181471805599453
F_gaussian_local_d100_rate0.5,FR--KL,100,0.5,0.25,182,0.1,1.9062034772675385,1.9999998243361023,1.9999998243361032,0.3181471805599453
F_gaussian_local_d100_rate0.5,FR--KL,100,0.5,0.25,183,0.1,1.9062034431386932,1.9999998403055463,1.9999998403055472,0.3181471805599453
F_gaussian_local_d100_rate0.5,FR--KL,100,0.5,0.25,184,0.1,1.9062035349073299,1.9999998548232227,1.999999854823224,0.3181471805599453
F_gaussian_local_d100_rate0.5,FR--KL,100,0.5,0.25,185,0.1,1.906203491776051,1.9999998680211104,1.999999868021112,0.3181471805599453
F_gaussian_local_d100_rate0.5,FR--KL,100,0.5,0.25,186,0.1,1.9062034295263035,1.9999998800191905,1.999999880019192,0.3181471805599453
F_gaussian_local_d100_rate0.5,FR--KL,100,0.5,0.25,187,0.1,1.9062034617279011,1.9999998909265355,1.9999998909265375,0.3181471805599453
F_gaussian_local_d100_rate0.5,FR--KL,100,0.5,0.25,188,0.1,1.9062035781718834,1.999999900842304,1.9999999008423064,0.3181471805599453
F_gaussian_local_d100_rate0.5,FR--KL,100,0.5,0.25,189,0.1,1.9062035566744944,1.9999999098566392,1.9999999098566417,0.3181471805599453
F_gaussian_local_d100_rate0.5,FR--KL,100,0.5,0.25,190,0.1,1.9062034660272782,1.9999999180514925,1.9999999180514925,0.3181471805599453
F_gaussian_local_d100_rate0.5,FR--KL,100,0.5,0.25,191,0.1,1.9062033516836976,1.9999999255013567,1.9999999255013563,0.3181471805599453
F_gaussian_local_d100_rate0.5,FR--KL,100,0.5,0.25,192,0.1,1.9062035174004803,1.99999993227396,1.9999999322739592,0.3181471805599453
F_gaussian_local_d100_rate0.5,FR--KL,100,0.5,0.25,193,0.1,1.9062036465760939,1.9999999384308724,1.999999938430872,0.3181471805599453
F_gaussian_local_d100_rate0.5,FR--KL,100,0.5,0.25,194,0.1,1.9062036198884504,1.9999999440280656,1.9999999440280656,0.3181471805599453
F_gaussian_local_d100_rate0.5,FR--KL,100,0.5,0.25,195,0.1,1.906203718271693,1.999999949116423,1.999999949116423,0.3181471805599453
F_gaussian_local_d100_rate0.5,FR--KL,100,0.5,0.25,196,0.1,1.906203442480842,1.9999999537422035,1.9999999537422033,0.3181471805599453
F_gaussian_local_d100_rate0.5,FR--KL,100,0.5,0.25,197,0.1,1.9062040396200068,1.9999999579474568,1.9999999579474572,0.3181471805599453
F_gaussian_local_d100_rate0.5,FR--KL,100,0.5,0.25,198,0.1,1.9062034334562261,1.9999999617704165,1.9999999617704167,0.3181471805599453
F_gaussian_local_d100_rate0.5,FR--KL,100,0.5,0.25,199,0.1,1.906203774977462,1.999999965245833,1.999999965245833,0.3181471805599453
F_gaussian_local_d100_rate0.5,FR--R,100,0.5,0.25,0,0.1,0.5260865785313773,0.5,0.5,0.3181471805599453
F_gaussian_local_d100_rate0.5,FR--R,100,0.5,0.25,1,0.1,0.5670800088024092,0.5389420754423158,0.5389420754423158,0.3181471805599453
F_gaussian_local_d100_rate0.5,FR--R,100,0.5,0.25,2,0.1,0.6100797188680909,0.579787115921784,0.579787115921784,0.3181471805599453
F_gaussian_local_d100_rate0.5,FR--R,100,0.5,0.25,3,0.1,0.655001994709129,0.6224551881586748,0.622455188158675,0.3181471805599453
F_gaussian_local_d100_rate0.5,FR--R,100,0.5,0.25,4,0.1,0.7017344796946418,0.6668391613600195,0.6668391613600194,0.3181471805599453
F_gaussian_local_d100_rate0.5,FR--R,100,0.5,0.25,5,0.1,0.7501357407726351,0.712804309046876,0.712804309046876,0.3181471805599453
F_gaussian_local_d100_rate0.5,FR--R,100,0.5,0.25,6,0.1,0.8000356755554237,0.7601887106353271,0.760188710635327,0.3181471805599453
F_gaussian_local_d100_rate0.5,FR--R,100,0.5,0.25,7,0.1,0.851236843907926,0.8088045314664901,0.80880453146649,0.3181471805599453
F_gaussian_local_d100_rate0.5,FR--R,100,0.5,0.25,8,0.1,0.9035167647881474,0.8584402191317203,0.8584402191317204,0.3181471805599453
F_gaussian_local_d100_rate0.5,FR--R,100,0.5,0.25,9,0.1,0.9566311671258918,0.9088636045001764,0.9088636045001762,0.3181471805599453
F_gaussian_local_d100_rate0.5,FR--R,100,0.5,0.25,10,0.1,1.0103181260395029,0.9598258412495028,0.9598258412495028,0.3181471805599453
F_gaussian_local_d100_rate0.5,FR--R,100,0.5,0.25,11,0.1,1.0643029574533818,1.011066062471482,1.011066062471482,0.3181471805599453
F_gaussian_local_d100_rate0.5,FR--R,100,0.5,0.25,12,0.1,1.1183036906708632,1.0623165822786818,1.0623165822786818,0.3181471805599453
F_gaussian_local_d100_rate0.5,FR--R,100,0.5,0.25,13,0.1,1.1720368951889866,1.113308429499066,1.113308429499066,0.3181471805599453
F_gaussian_local_d100_rate0.5,FR--R,100,0.5,0.25,14,0.1,1.2252236097918983,1.1637769740275865,1.1637769740275865,0.3181471805599453
F_gaussian_local_d100_rate0.5,FR--R,100,0.5,0.25,15,0.1,1.2775951120502422,1.2134673973286778,1.2134673973286778,0.3181471805599453
F_gaussian_local_d100_rate0.5,FR--R,100,0.5,0.25,16,0.1,1.328898276112616,1.2621397681754185,1.2621397681754185,0.3181471805599453
F_gaussian_local_d100_rate0.5,FR--R,100,0.5,0.25,17,0.1,1.37890029520247,1.309573512076399,1.309573512076399,0.3181471805599453
F_gaussian_local_d100_rate0.5,FR--R,100,0.5,0.25,18,0.1,1.4273925895100394,1.355571105085,1.3555711050850001,0.3181471805599453
F_gaussian_local_d100_rate0.5,FR--R,100,0.5,0.25,19,0.1,1.4741937755144356,1.399960875343217,1.399960875343217,0.3181471805599453
F_gaussian_local_d100_rate0.5,FR--R,100,0.5,0.25,20,0.1,1.5191516335336699,1.4425988534114424,1.4425988534114424,0.3181471805599453
F_gaussian_local_d100_rate0.5,FR--R,100,0.5,0.25,21,0.1,1.5621440706606586,1.483369669659339,1.483369669659339,0.3181471805599453
F_gaussian_local_d100_rate0.5,FR--R,100,0.5,0.25,22,0.1,1.6030791309749999,1.5221865487973076,1.5221865487973076,0.3181471805599453
F_gaussian_local_d100_rate0.5,FR--R,100,0.5,0.25,23,0.1,1.6418941499789326,1.558990494199669,1.5589904941996688,0.3181471805599453
F_gaussian_local_d100_rate0.5,FR--R,100,0.5,0.25,24,0.1,1.6785541830747466,1.5937487856460706,1.5937487856460706,0.3181471805599453
F_gaussian_local_d100_rate0.5,FR--R,100,0.5,0.25,25,0.1,1.713049857655611,1.6264529326388268,1.626452932638827,0.3181471805599453
F_gaussian_local_d100_rate0.5,FR--R,100,0.5,0.25,26,0.1,1.745394805542963,1.6571162320515704,1.6571162320515704,0.3181471805599453
F_gaussian_local_d100_rate0.5,FR--R,100,0.5,0.25,27,0.1,1.7756228286926106,1.6857710750872237,1.6857710750872232,0.3181471805599453
F_gaussian_local_d100_rate0.5,FR--R,100,0.5,0.25,28,0.1,1.8037849386454508,1.7124661365914469,1.7124661365914469,0.3181471805599453
F_gaussian_local_d100_rate0.5,FR--R,100,0.5,0.25,29,0.1,1.8299463917440513,1.7372635621794306,1.7372635621794303,0.3181471805599453
F_gaussian_local_d100_rate0.5,FR--R,100,0.5,0.25,30,0.1,1.8541838202586147,1.7602362478364015,1.7602362478364015,0.3181471805599453
F_gaussian_local_d100_rate0.5,FR--R,100,0.5,0.25,31,0.1,1.876582536542303,1.7814652848025785,1.7814652848025785,0.3181471805599453
F_gaussian_local_d100_rate0.5,FR--R,100,0.5,0.25,32,0.1,1.8972340649952513,1.801037621376122,1.8010376213761223,0.3181471805599453
F_gaussian_local_d100_rate0.5,FR--R,100,0.5,0.25,33,0.1,1.9162339362725203,1.819043974002096,1.8190439740020956,0.3181471805599453
F_gaussian_local_d100_rate0.5,FR--R,100,0.5,0.25,34,0.1,1.933679760641847,1.8355770034308232,1.8355770034308232,0.3181471805599453
F_gaussian_local_d100_rate0.5,FR--R,100,0.5,0.25,35,0.1,1.9496695830698032,1.850729758186892,1.850729758186892,0.3181471805599453
F_gaussian_local_d100_rate0.5,FR--R,100,0.5,0.25,36,0.1,1.9643005115387704,1.864594377129695,1.8645943771296951,0.3181471805599453
F_gaussian_local_d100_rate0.5,FR--R,100,0.5,0.25,37,0.1,1.9776676020711565,1.8772610353168977,1.877261035316898,0.3181471805599453
F_gaussian_local_d100_rate0.5,FR--R,100,0.5,0.25,38,0.1,1.9898629786086988,1.888817112367104,1.888817112367104,0.3181471805599453
F_gaussian_local_d100_rate0.5,FR--R,100,0.5,0.25,39,0.1,2.000975162837404,1.89934655964722,1.89934655964722,0.3181471805599453
F_gaussian_local_d100_rate0.5,FR--R,100,0.5,0.25,40,0.1,2.0110885878001685,1.908929441454223,1.9089294414542233,0.3181471805599453
F_gaussian_local_d100_rate0.5,FR--R,100,0.5,0.25,41,0.1,2.020283269279833,1.9176416255101671,1.9176416255101671,0.3181471805599453
F_gaussian_local_d100_rate0.5,FR--R,100,0.5,0.25,42,0.1,2.028634610064366,1.9255545991760767,1.9255545991760767,0.3181471805599453
F_gaussian_local_d100_rate0.5,FR--R,100,0.5,0.25,43,0.1,2.0362133140011722,1.932735389502635,1.9327353895026351,0.3181471805599453
F_gaussian_local_d100_rate0.5,FR--R,100,0.5,0.25,44,0.1,2.0430853889413836,1.939246567319597,1.939246567319597,0.3181471805599453
F_gaussian_local_d100_rate0.5,FR--R,100,0.5,0.25,45,0.1,2.0493122200496523,1.945146317824256,1.945146317824256,0.3181471805599453
F_gaussian_local_d100_rate0.5,FR--R,100,0.5,0.25,46,0.1,2.054950697365603,1.9504885624152537,1.9504885624152537,0.3181471805599453
F_gaussian_local_d100_rate0.5,FR--R,100,0.5,0.25,47,0.1,2.060053383835551,1.9553231187279407,1.9553231187279407,0.3181471805599453
F_gaussian_local_d100_rate0.5,FR--R,100,0.5,0.25,48,0.1,2.0646687122102514,1.959695887892992,1.959695887892992,0.3181471805599453
F_gaussian_local_d100_rate0.5,FR--R,100,0.5,0.25,49,0.1,2.068841201188923,1.963649059920434,1.9636490599204337,0.3181471805599453
F_gaussian_local_d100_rate0.5,FR--R,100,0.5,0.25,50,0.1,2.0726116829637338,1.967221329786944,1.967221329786944,0.3181471805599453
F_gaussian_local_d100_rate0.5,FR--R,100,0.5,0.25,51,0.1,2.076017535860749,1.9704481182708016,1.9704481182708016,0.3181471805599453
F_gaussian_local_d100_rate0.5,FR--R,100,0.5,0.25,52,0.1,2.079092917115125,1.9733617928420777,1.9733617928420777,0.3181471805599453
F_gaussian_local_d100_rate0.5,FR--R,100,0.5,0.25,53,0.1,2.0818689919485482,1.9759918849885143,1.9759918849885143,0.3181471805599453
F_gaussian_local_d100_rate0.5,FR--R,100,0.5,0.25,54,0.1,2.0843741560648468,1.9783653012566087,1.9783653012566085,0.3181471805599453
F_gaussian_local_d100_rate0.5,FR--R,100,0.5,0.25,55,0.1,2.0866342494743093,1.9805065260314885,1.9805065260314887,0.3181471805599453
F_gaussian_local_d100_rate0.5,FR--R,100,0.5,0.25,56,0.1,2.0886727601866704,1.9824378146872084,1.982437814687208,0.3181471805599453
F_gaussian_local_d100_rate0.5,FR--R,100,0.5,0.25,57,0.1,2.0905110168511585,1.9841793762295965,1.984179376229596,0.3181471805599453
F_gaussian_local_d100_rate0.5,FR--R,100,0.5,0.25,58,0.1,2.09216836981413,1.985749544944149,1.9857495449441496,0.3181471805599453
F_gaussian_local_d100_rate0.5,FR--R,100,0.5,0.25,59,0.1,2.0936623604001605,1.987164940867288,1.9871649408672876,0.3181471805599453
F_gaussian_local_d100_rate0.5,FR--R,100,0.5,0.25,60,0.1,2.095008878475182,1.98844061913478,1.9884406191347797,0.3181471805599453
F_gaussian_local_d100_rate0.5,FR--R,100,0.5,0.25,61,0.1,2.0962223085235263,1.989590208438516,1.989590208438516,0.3181471805599453
F_gaussian_local_d100_rate0.5,FR--R,100,0.5,0.25,62,0.1,2.0973156646263713,1.990626038952755,1.9906260389527553,0.3181471805599453
F_gaussian_local_d100_rate0.5,FR--R,100,0.5,0.25,63,0.1,2.098300714806766,1.991559260182597,1.9915592601825969,0.3181471805599453
F_gaussian_local_d100_rate0.5,FR--R,100,0.5,0.25,64,0.1,2.0991880952955446,1.9923999492483675,1.9923999492483673,0.3181471805599453
F_gaussian_local_d100_rate0.5,FR--R,100,0.5,0.25,65,0.1,2.099987415285159,1.99315721015638,1.99315721015638,0.3181471805599453
F_gaussian_local_d100_rate0.5,FR--R,100,0.5,0.25,66,0.1,2.1007073527729165,1.993839264624331,1.9938392646243308,0.3181471805599453
F_gaussian_local_d100_rate0.5,FR--R,100,0.5,0.25,67,0.1,2.1013557421022444,1.9944535350329584,1.9944535350329584,0.3181471805599453
F_gaussian_local_d100_rate0.5,FR--R,100,0.5,0.25,68,0.1,2.101939653790816,1.9950067200679704,1.9950067200679704,0.3181471805599453
F_gaussian_local_d100_rate0.5,FR--R,100,0.5,0.25,69,0.1,2.102465467224625,1.9955048636006143,1.9955048636006143,0.3181471805599453
F_gaussian_local_d100_rate0.5,FR--R,100,0.5,0.25,70,0.1,2.102938936766979,1.9959534173338576,1.9959534173338576,0.3181471805599453
F_gaussian_local_d100_rate0.5,FR--R,100,0.5,0.25,71,0.1,2.103365251833833,1.9963572977159143,1.9963572977159143,0.3181471805599453
F_gaussian_local_d100_rate0.5,FR--R,100,0.5,0.25,72,0.1,2.103749091403765,1.9967209375951167,1.9967209375951167,0.3181471805599453
F_gaussian_local_d100_rate0.5,FR--R,100,0.5,0.25,73,0.1,2.1040946734604575,1.997048333061113,1.9970483330611128,0.3181471805599453
F_gaussian_local_d100_rate0.5,FR--R,100,0.5,0.25,74,0.1,2.1044057997848182,1.9973430858878851,1.9973430858878856,0.3181471805599453
F_gaussian_local_d100_rate0.5,FR--R,100,0.5,0.25,75,0.1,2.10468589652151,1.997608441964784,1.997608441964784,0.3181471805599453
F_gaussian_local_d100_rate0.5,FR--R,100,0.5,0.25,76,0.1,2.104938050886911,1.997847326073159,1.9978473260731593,0.3181471805599453
F_gaussian_local_d100_rate0.5,FR--R,100,0.5,0.25,77,0.1,2.1051650443395897,1.9980623733385503,1.9980623733385503,0.3181471805599453
F_gaussian_local_d100_rate0.5,FR--R,100,0.5,0.25,78,0.1,2.1053693826240147,1.998255957662044,1.998255957662044,0.3181471805599453
F_gaussian_local_d100_rate0.5,FR--R,100,0.5,0.25,79,0.1,2.1055533228908097,1.9984302174094544,1.9984302174094544,0.3181471805599453
F_gaussian_local_d100_rate0.5,FR--R,100,0.5,0.25,80,0.1,2.105718898143271,1.9985870786135087,1.9985870786135087,0.3181471805599453
F_gaussian_local_d100_rate0.5,FR--R,100,0.5,0.25,81,0.1,2.105867939369079,1.9987282759222744,1.9987282759222744,0.3181471805599453
F_gaussian_local_d100_rate0.5,FR--R,100,0.5,0.25,82,0.1,2.1060020955068177,1.998855371506661,1.9988553715066608,0.3181471805599453
F_gaussian_local_d100_rate0.5,FR--R,100,0.5,0.25,83,0.1,2.1061228514658032,1.9989697721209,1.9989697721208992,0.3181471805599453
F_gaussian_local_d100_rate0.5,FR--R,100,0.5,0.25,84,0.1,2.1062315443228106,1.999072744492438,1.999072744492438,0.3181471805599453
F_gaussian_local_d100_rate0.5,FR--R,100,0.5,0.25,85,0.1,2.106329378011617,1.9991654292015997,1.9991654292015992,0.3181471805599453
F_gaussian_local_d100_rate0.5,FR--R,100,0.5,0.25,86,0.1,2.1064174365365824,1.999248853196587,1.9992488531965873,0.3181471805599453
F_gaussian_local_d100_rate0.5,FR--R,100,0.5,0.25,87,0.1,2.106496695850133,1.9993239410758936,1.9993239410758936,0.3181471805599453
F_gaussian_local_d100_rate0.5,FR--R,100,0.5,0.25,88,0.1,2.106568034629516,1.9993915252577863,1.9993915252577863,0.3181471805599453
F_gaussian_local_d100_rate0.5,FR--R,100,0.5,0.25,89,0.1,2.1066322438793645,1.999452355145264,1.9994523551452636,0.3181471805599453
F_gaussian_local_d100_rate0.5,FR--R,100,0.5,0.25,90,0.1,2.106690035741383,1.9995071053845817,1.9995071053845817,0.3181471805599453
F_gaussian_local_d100_rate0.5,FR--R,100,0.5,0.25,91,0.1,2.1067420512900683,1.999556383306086,1.999556383306086,0.3181471805599453
F_gaussian_local_d100_rate0.5,FR--R,100,0.5,0.25,92,0.1,2.1067888675713182,1.999600735627573,1.999600735627573,0.3181471805599453
F_gaussian_local_d100_rate0.5,FR--R,100,0.5,0.25,93,0.1,2.1068310041658496,1.9996406544926664,1.9996406544926664,0.3181471805599453
F_gaussian_local_d100_rate0.5,FR--R,100,0.5,0.25,94,0.1,2.1068689285286317,1.9996765829097072,1.9996765829097072,0.3181471805599453
F_gaussian_local_d100_rate0.5,FR--R,100,0.5,0.25,95,0.1,2.106903061747185,1.999708919650261,1.9997089196502615,0.3181471805599453
F_gaussian_local_d100_rate0.5,FR--R,100,0.5,0.25,96,0.1,2.1069337826329786,1.999738023660636,1.999738023660636,0.3181471805599453
F_gaussian_local_d100_rate0.5,FR--R,100,0.5,0.25,97,0.1,2.106961432241429,1.9997642180345496,1.9997642180345496,0.3181471805599453
F_gaussian_local_d100_rate0.5,FR--R,100,0.5,0.25,98,0.1,2.106986317554723,1.9997877935904045,1.9997877935904047,0.3181471805599453
F_gaussian_local_d100_rate0.5,FR--R,100,0.5,0.25,99,0.1,2.1070087148290213,1.9998090120923535,1.9998090120923535,0.3181471805599453
F_gaussian_local_d100_rate0.5,FR--R,100,0.5,0.25,100,0.1,2.1070288728269793,1.9998281091504817,1.9998281091504817,0.3181471805599453
F_gaussian_local_d100_rate0.5,FR--R,100,0.5,0.25,101,0.1,2.1070470153548957,1.9998452968319704,1.9998452968319704,0.3181471805599453
F_gaussian_local_d100_rate0.5,FR--R,100,0.5,0.25,102,0.1,2.107063343965554,1.999860766011948,1.9998607660119476,0.3181471805599453
F_gaussian_local_d100_rate0.5,FR--R,100,0.5,0.25,103,0.1,2.1070780398585223,1.9998746884899097,1.9998746884899097,0.3181471805599453
F_gaussian_local_d100_rate0.5,FR--R,100,0.5,0.25,104,0.1,2.1070912665020383,1.9998872188950243,1.9998872188950247,0.3181471805599453
F_gaussian_local_d100_rate0.5,FR--R,100,0.5,0.25,105,0.1,2.107103170508989,1.9998984964013409,1.9998984964013409,0.3181471805599453
F_gaussian_local_d100_rate0.5,FR--R,100,0.5,0.25,106,0.1,2.1071138842181476,1.9999086462718143,1.999908646271814,0.3181471805599453
F_gaussian_local_d100_rate0.5,FR--R,100,0.5,0.25,107,0.1,2.1071235267405326,1.99991778124822,1.99991778124822,0.3181471805599453
F_gaussian_local_d100_rate0.5,FR--R,100,0.5,0.25,108,0.1,2.107132204981149,1.9999260028023012,1.9999260028023016,0.3181471805599453
F_gaussian_local_d100_rate0.5,FR--R,100,0.5,0.25,109,0.1,2.1071400155195237,1.99993340226198,1.9999334022619804,0.3181471805599453
F_gaussian_local_d100_rate0.5,FR--R,100,0.5,0.25,110,0.1,2.1071470450984253,1.999940061825107,1.9999400618251073,0.3181471805599453
F_gaussian_local_d100_rate0.5,FR--R,100,0.5,0.25,111,0.1,2.1071533717408486,1.9999460554719484,1.9999460554719484,0.3181471805599453
F_gaussian_local_d100_rate0.5,FR--R,100,0.5,0.25,112,0.1,2.1071590656644954,1.999951449786528,1.999951449786528,0.3181471805599453
F_gaussian_local_d100_rate0.5,FR--R,100,0.5,0.25,113,0.1,2.107164190373756,1.999956304695912,1.9999563046959112,0.3181471805599453
F_gaussian_local_d100_rate0.5,FR--R,100,0.5,0.25,114,0.1,2.1071688026088378,1.9999606741356293,1.9999606741356295,0.3181471805599453
F_gaussian_local_d100_rate0.5,FR--R,100,0.5,0.25,115,0.1,2.1071729533936177,1.9999646066486063,1.9999646066486068,0.3181471805599453
F_gaussian_local_d100_rate0.5,FR--R,100,0.5,0.25,116,0.1,2.1071766895776665,1.9999681459242429,1.999968145924243,0.3181471805599453
F_gaussian_local_d100_rate0.5,FR--R,100,0.5,0.25,117,0.1,2.1071800517134878,1.9999713312836216,1.9999713312836216,0.3181471805599453
F_gaussian_local_d100_rate0.5,FR--R,100,0.5,0.25,118,0.1,2.1071830776921243,1.9999741981162196,1.9999741981162191,0.3181471805599453
F_gaussian_local_d100_rate0.5,FR--R,100,0.5,0.25,119,0.1,2.1071858015167613,1.9999767782729747,1.9999767782729747,0.3181471805599453
F_gaussian_local_d100_rate0.5,FR--R,100,0.5,0.25,120,0.1,2.1071882523754146,1.9999791004200635,1.999979100420063,0.3181471805599453
F_gaussian_local_d100_rate0.5,FR--R,100,0.5,0.25,121,0.1,2.1071904583893377,1.999981190357309,1.9999811903573088,0.3181471805599453
F_gaussian_local_d100_rate0.5,FR--R,100,0.5,0.25,122,0.1,2.1071924439073917,1.9999830713047728,1.9999830713047724,0.3181471805599453
F_gaussian_local_d100_rate0.5,FR--R,100,0.5,0.25,123,0.1,2.107194230353361,1.9999847641606825,1.9999847641606825,0.3181471805599453
F_gaussian_local_d100_rate0.5,FR--R,100,0.5,0.25,124,0.1,2.107195839556227,1.999986287733588,1.9999862877335877,0.3181471805599453
F_gaussian_local_d100_rate0.5,FR--R,100,0.5,0.25,125,0.1,2.1071972864514157,1.9999876589512977,1.999987658951298,0.3181471805599453
F_gaussian_local_d100_rate0.5,FR--R,100,0.5,0.25,126,0.1,2.1071985891229597,1.9999888930489345,1.9999888930489336,0.3181471805599453
F_gaussian_local_d100_rate0.5,FR--R,100,0.5,0.25,127,0.1,2.107199761355972,1.9999900037381804,1.9999900037381808,0.3181471805599453
F_gaussian_local_d100_rate0.5,FR--R,100,0.5,0.25,128,0.1,2.107200817015207,1.999991003359616,1.999991003359616,0.3181471805599453
F_gaussian_local_d100_rate0.5,FR--R,100,0.5,0.25,129,0.1,2.1072017658537665,1.99999190301981,1.99999190301981,0.3181471805599453
F_gaussian_local_d100_rate0.5,FR--R,100,0.5,0.25,130,0.1,2.107202620734103,1.9999927127147143,1.9999927127147143,0.3181471805599453
F_gaussian_local_d100_rate0.5,FR--R,100,0.5,0.25,131,0.1,2.107203391021628,1.9999934414407208,1.9999934414407208,0.3181471805599453
F_gaussian_local_d100_rate0.5,FR--R,100,0.5,0.25,132,0.1,2.10720408162129,1.9999940972946053,1.9999940972946055,0.3181471805599453
F_gaussian_local_d100_rate0.5,FR--R,100,0.5,0.25,133,0.1,2.1072047041680895,1.9999946875634895,1.9999946875634895,0.3181471805599453
F_gaussian_local_d100_rate0.5,FR--R,100,0.5,0.25,134,0.1,2.107205267780453,1.9999952188058,1.9999952188058,0.3181471805599453
F_gaussian_local_d100_rate0.5,FR--R,100,0.5,0.25,135,0.1,2.1072057705165377,1.9999956969241344,1.9999956969241344,0.3181471805599453
F_gaussian_local_d100_rate0.5,FR--R,100,0.5,0.25,136,0.1,2.1072062232715996,1.9999961272308413,1.9999961272308415,0.3181471805599453
F_gaussian_local_d100_rate0.5,FR--R,100,0.5,0.25,137,0.1,2.1072066315529714,1.999996514507044,1.9999965145070444,0.3181471805599453
F_gaussian_local_d100_rate0.5,FR--R,100,0.5,0.25,138,0.1,2.10720700220864,1.9999968630557623,1.9999968630557623,0.3181471805599453
F_gaussian_local_d100_rate0.5,FR--R,100,0.5,0.25,139,0.1,2.1072073342983635,1.999997176749719,1.9999971767497189,0.3181471805599453
F_gaussian_local_d100_rate0.5,FR--R,100,0.5,0.25,140,0.1,2.107207631920456,1.9999974590743683,1.9999974590743688,0.3181471805599453
F_gaussian_local_d100_rate0.5,FR--R,100,0.5,0.25,141,0.1,2.1072078954419746,1.9999977131666251,1.9999977131666251,0.3181471805599453
F_gaussian_local_d100_rate0.5,FR--R,100,0.5,0.25,142,0.1,2.1072081429795597,1.9999979418497136,1.9999979418497136,0.3181471805599453
F_gaussian_local_d100_rate0.5,FR--R,100,0.5,0.25,143,0.1,2.1072083576319676,1.9999981476645416,1.9999981476645416,0.3181471805599453
F_gaussian_local_d100_rate0.5,FR--R,100,0.5,0.25,144,0.1,2.1072085529507607,1.9999983328979245,1.999998332897924,0.3181471805599453
F_gaussian_local_d100_rate0.5,FR--R,100,0.5,0.25,145,0.1,2.1072087303099685,1.999998499608,1.999998499608,0.3181471805599453
F_gaussian_local_d100_rate0.5,FR--R,100,0.5,0.25,146,0.1,2.107208888422987,1.999998649647093,1.9999986496470927,0.3181471805599453
F_gaussian_local_d100_rate0.5,FR--R,100,0.5,0.25,147,0.1,2.107209028537504,1.9999987846822973,1.9999987846822969,0.3181471805599453
F_gaussian_local_d100_rate0.5,FR--R,100,0.5,0.25,148,0.1,2.1072091560250508,1.999998906213997,1.9999989062139971,0.3181471805599453
F_gaussian_local_d100_rate0.5,FR--R,100,0.5,0.25,149,0.1,2.107209271562819,1.9999990155925405,1.9999990155925405,0.3181471805599453
F_gaussian_local_d100_rate0.5,FR--R,100,0.5,0.25,150,0.1,2.1072093891891015,1.9999991140332405,1.99999911403324,0.3181471805599453
F_gaussian_local_d100_rate0.5,FR--R,100,0.5,0.25,151,0.1,2.1072094604158838,1.9999992026298796,1.9999992026298792,0.3181471805599453
F_gaussian_local_d100_rate0.5,FR--R,100,0.5,0.25,152,0.1,2.1072095581902395,1.9999992823668609,1.9999992823668609,0.3181471805599453
F_gaussian_local_d100_rate0.5,FR--R,100,0.5,0.25,153,0.1,2.1072096377971117,1.9999993541301504,1.9999993541301504,0.3181471805599453
F_gaussian_local_d100_rate0.5,FR--R,100,0.5,0.25,154,0.1,2.107209692634007,1.9999994187171155,1.999999418717116,0.3181471805599453
F_gaussian_local_d100_rate0.5,FR--R,100,0.5,0.25,155,0.1,2.1072097510172787,1.999999476845388,1.999999476845388,0.3181471805599453
F_gaussian_local_d100_rate0.5,FR--R,100,0.5,0.25,156,0.1,2.10720981641157,1.999999529160836,1.999999529160836,0.3181471805599453
F_gaussian_local_d100_rate0.5,FR--R,100,0.5,0.25,157,0.1,2.1072098671806327,1.9999995762447416,1.9999995762447416,0.3181471805599453
F_gaussian_local_d100_rate0.5,FR--R,100,0.5,0.25,158,0.1,2.1072099392457972,1.999999618620259,1.999999618620259,0.3181471805599453
F_gaussian_local_d100_rate0.5,FR--R,100,0.5,0.25,159,0.1,2.107209965265729,1.9999996567582272,1.9999996567582268,0.3181471805599453
F_gaussian_local_d100_rate0.5,FR--R,100,0.5,0.25,160,0.1,2.107209971335456,1.9999996910823987,1.9999996910823987,0.3181471805599453
F_gaussian_local_d100_rate0.5,FR--R,100,0.5,0.25,161,0.1,2.1072100007966803,1.999999721974154,1.999999721974154,0.3181471805599453
F_gaussian_local_d100_rate0.5,FR--R,100,0.5,0.25,162,0.1,2.1072100489127155,1.999999749776735,1.9999997497767348,0.3181471805599453
F_gaussian_local_d100_rate0.5,FR--R,100,0.5,0.25,163,0.1,2.1072100568005947,1.999999774799058,1.9999997747990583,0.3181471805599453
F_gaussian_local_d100_rate0.5,FR--R,100,0.5,0.25,164,0.1,2.1072100916143675,1.99999979731915,1.99999979731915,0.3181471805599453
F_gaussian_local_d100_rate0.5,FR--R,100,0.5,0.25,165,0.1,2.1072101508545784,1.9999998175872329,1.9999998175872329,0.3181471805599453
F_gaussian_local_d100_rate0.5,FR--R,100,0.5,0.25,166,0.1,2.1072101658825404,1.9999998358285085,1.999999835828508,0.3181471805599453
F_gaussian_local_d100_rate0.5,FR--R,100,0.5,0.25,167,0.1,2.107210189593313,1.9999998522456564,1.9999998522456564,0.3181471805599453
F_gaussian_local_d100_rate0.5,FR--R,100,0.5,0.25,168,0.1,2.1072102018383254,1.9999998670210897,1.99999986702109,0.3181471805599453
F_gaussian_local_d100_rate0.5,FR--R,100,0.5,0.25,169,0.1,2.1072101647322508,1.999999880318981,1.99999988031898,0.3181471805599453
F_gaussian_local_d100_rate0.5,FR--R,100,0.5,0.25,170,0.1,2.107210221536604,1.9999998922870807,1.9999998922870816,0.3181471805599453
F_gaussian_local_d100_rate0.5,FR--R,100,0.5,0.25,171,0.1,2.1072101808166437,1.999999903058373,1.9999999030583728,0.3181471805599453
F_gaussian_local_d100_rate0.5,FR--R,100,0.5,0.25,172,0.1,2.1072101943899586,1.999999912752535,1.9999999127525352,0.3181471805599453
F_gaussian_local_d100_rate0.5,FR--R,100,0.5,0.25,173,0.1,2.107210137206068,1.999999921477281,1.9999999214772808,0.3181471805599453
F_gaussian_local_d100_rate0.5,FR--R,100,0.5,0.25,174,0.1,2.107210229370591,1.9999999293295525,1.999999929329552,0.3181471805599453
F_gaussian_local_d100_rate0.5,FR--R,100,0.5,0.25,175,0.1,2.107210212303088,1.9999999363965968,1.9999999363965968,0.3181471805599453
F_gaussian_local_d100_rate0.5,FR--R,100,0.5,0.25,176,0.1,2.1072102441969096,1.9999999427569368,1.9999999427569368,0.3181471805599453
F_gaussian_local_d100_rate0.5,FR--R,100,0.5,0.25,177,0.1,2.1072103610451487,1.999999948481243,1.9999999484812432,0.3181471805599453
F_gaussian_local_d100_rate0.5,FR--R,100,0.5,0.25,178,0.1,2.107210217379278,1.9999999536331188,1.9999999536331188,0.3181471805599453
F_gaussian_local_d100_rate0.5,FR--R,100,0.5,0.25,179,0.1,2.1072102776834796,1.999999958269807,1.9999999582698065,0.3181471805599453
F_gaussian_local_d100_rate0.5,FR--R,100,0.5,0.25,180,0.1,2.1072103788473626,1.999999962442826,1.999999962442826,0.3181471805599453
F_gaussian_local_d100_rate0.5,FR--R,100,0.5,0.25,181,0.1,2.107210210970772,1.999999966198544,1.9999999661985433,0.3181471805599453
F_gaussian_local_d100_rate0.5,FR--R,100,0.5,0.25,182,0.1,2.1072100698571243,1.999999969578689,1.9999999695786888,0.3181471805599453
F_gaussian_local_d100_rate0.5,FR--R,100,0.5,0.25,183,0.1,2.107210205023462,1.99999997262082,1.99999997262082,0.3181471805599453
F_gaussian_local_d100_rate0.5,FR--R,100,0.5,0.25,184,0.1,2.107210313156528,1.9999999753587376,1.9999999753587376,0.3181471805599453
F_gaussian_local_d100_rate0.5,FR--R,100,0.5,0.25,185,0.1,2.1072102686573198,1.999999977822864,1.999999977822864,0.3181471805599453
F_gaussian_local_d100_rate0.5,FR--R,100,0.5,0.25,186,0.1,2.1072101153822858,1.9999999800405777,1.9999999800405777,0.3181471805599453
F_gaussian_local_d100_rate0.5,FR--R,100,0.5,0.25,187,0.1,2.1072102032819484,1.9999999820365195,1.9999999820365195,0.3181471805599453
F_gaussian_local_d100_rate0.5,FR--R,100,0.5,0.25,188,0.1,2.1072105573222557,1.9999999838328677,1.9999999838328673,0.3181471805599453
F_gaussian_local_d100_rate0.5,FR--R,100,0.5,0.25,189,0.1,2.1072102453327077,1.999999985449581,1.999999985449581,0.3181471805599453
F_gaussian_local_d100_rate0.5,FR--R,100,0.5,0.25,190,0.1,2.1072104638761138,1.999999986904623,1.9999999869046228,0.3181471805599453
F_gaussian_local_d100_rate0.5,FR--R,100,0.5,0.25,191,0.1,2.10721022942342,1.9999999882141608,1.9999999882141608,0.3181471805599453
F_gaussian_local_d100_rate0.5,FR--R,100,0.5,0.25,192,0.1,2.1072106853036563,1.9999999893927445,1.9999999893927445,0.3181471805599453
F_gaussian_local_d100_rate0.5,FR--R,100,0.5,0.25,193,0.1,2.1072098996597166,1.9999999904534704,1.9999999904534704,0.3181471805599453
F_gaussian_local_d100_rate0.5,FR--R,100,0.5,0.25,194,0.1,2.1072106577371996,1.9999999914081228,1.9999999914081232,0.3181471805599453
F_gaussian_local_d100_rate0.5,FR--R,100,0.5,0.25,195,0.1,2.107210568401473,1.9999999922673108,1.9999999922673108,0.3181471805599453
F_gaussian_local_d100_rate0.5,FR--R,100,0.5,0.25,196,0.1,2.107210171353777,1.99999999304058,1.99999999304058,0.3181471805599453
F_gaussian_local_d100_rate0.5,FR--R,100,0.5,0.25,197,0.1,2.107210470715136,1.9999999937365216,1.9999999937365216,0.3181471805599453
F_gaussian_local_d100_rate0.5,FR--R,100,0.5,0.25,198,0.1,2.1072104882216522,1.9999999943628692,1.9999999943628697,0.3181471805599453
F_gaussian_local_d100_rate0.5,FR--R,100,0.5,0.25,199,0.1,2.1072103131565223,1.9999999949265828,1.9999999949265828,0.3181471805599453
F_gaussian_local_d100_rate1,FR--KL,100,1.0,0.5,0,0.1,0.9758032833886432,1.0,1.0,0.0965735902799726
F_gaussian_local_d100_rate1,FR--KL,100,1.0,0.5,1,0.1,1.0211034160056771,1.0476190476190477,1.0476190476190477,0.0965735902799726
F_gaussian_local_d100_rate1,FR--KL,100,1.0,0.5,2,0.1,1.0660968904791706,1.0950226244343888,1.095022624434389,0.0965735902799726
F_gaussian_local_d100_rate1,FR--KL,100,1.0,0.5,3,0.1,1.110585384194255,1.1419991419991418,1.1419991419991418,0.0965735902799726
F_gaussian_local_d100_rate1,FR--KL,100,1.0,0.5,4,0.1,1.1543795056315547,1.1883446288705817,1.1883446288705815,0.0965735902799726
F_gaussian_local_d100_rate1,FR--KL,100,1.0,0.5,5,0.1,1.1973018966523803,1.233866179405557,1.233866179405557,0.0965735902799726
F_gaussian_local_d100_rate1,FR--KL,100,1.0,0.5,6,0.1,1.239189900598943,1.278384996758145,1.278384996758145,0.0965735902799726
F_gaussian_local_d100_rate1,FR--KL,100,1.0,0.5,7,0.1,1.2798977196577939,1.3217389352135551,1.3217389352135551,0.0965735902799726
F_gaussian_local_d100_rate1,FR--KL,100,1.0,0.5,8,0.1,1.3192980143323068,1.3637844766345262,1.363784476634526,0.0965735902799726
F_gaussian_local_d100_rate1,FR--KL,100,1.0,0.5,9,0.1,1.3572829279042615,1.404398107403396,1.404398107403396,0.0965735902799726
F_gaussian_local_d100_rate1,FR--KL,100,1.0,0.5,10,0.1,1.393764547121732,1.4434770932516008,1.4434770932516008,0.0965735902799726
F_gaussian_local_d100_rate1,FR--KL,100,1.0,0.5,11,0.1,1.4286748351167107,1.4809396775268866,1.4809396775268866,0.0965735902799726
F_gaussian_local_d100_rate1,FR--KL,100,1.0,0.5,12,0.1,1.461965092373102,1.5167247520217668,1.5167247520217668,0.0965735902799726
F_gaussian_local_d100_rate1,FR--KL,100,1.0,0.5,13,0.1,1.4936050156927467,1.5507910673692815,1.5507910673692815,0.0965735902799726
F_gaussian_local_d100_rate1,FR--KL,100,1.0,0.5,14,0.1,1.5235814333942577,1.58311606174784,1.58311606174784,0.0965735902799726
F_gaussian_local_d100_rate1,FR--KL,100,1.0,0.5,15,0.1,1.5518967977891567,1.6136943923579128,1.6136943923579128,0.0965735902799726
F_gaussian_local_d100_rate1,FR--KL,100,1.0,0.5,16,0.1,1.5785675140553062,1.6425362544418356,1.6425362544418358,0.0965735902799726
F_gaussian_local_d100_rate1,FR--KL,100,1.0,0.5,17,0.1,1.6036221789328198,1.6696655684383572,1.6696655684383572,0.0965735902799726
F_gaussian_local_d100_rate1,FR--KL,100,1.0,0.5,18,0.1,1.627099794284388,1.695118108289801,1.6951181082898013,0.0965735902799726
F_gaussian_local_d100_rate1,FR--KL,100,1.0,0.5,19,0.1,1.6490480105251804,1.7189396340795189,1.7189396340795189,0.0965735902799726
F_gaussian_local_d100_rate1,FR--KL,100,1.0,0.5,20,0.1,1.6695214441790622,1.7411840811238644,1.7411840811238641,0.0965735902799726
F_gaussian_local_d100_rate1,FR--KL,100,1.0,0.5,21,0.1,1.6885801031407655,1.7619118462817804,1.7619118462817807,0.0965735902799726
F_gaussian_local_d100_rate1,FR--KL,100,1.0,0.5,22,0.1,1.7062879431893365,1.7811882012940892,1.7811882012940892,0.0965735902799726
F_gaussian_local_d100_rate1,FR--KL,100,1.0,0.5,23,0.1,1.7227115703321845,1.7990818529423376,1.7990818529423378,0.0965735902799726
F_gaussian_local_d100_rate1,FR--KL,100,1.0,0.5,24,0.1,1.7379190958745312,1.8156636610541077,1.8156636610541073,0.0965735902799726
F_gaussian_local_d100_rate1,FR--KL,100,1.0,0.5,25,0.1,1.7519791448180488,1.831005518044382,1.8310055180443816,0.0965735902799726
F_gaussian_local_d100_rate1,FR--KL,100,1.0,0.5,26,0.1,1.7649600132615408,1.845179387806085,1.8451793878060847,0.0965735902799726
F_gaussian_local_d100_rate1,FR--KL,100,1.0,0.5,27,0.1,1.776928966826682,1.8582564972843985,1.8582564972843985,0.0965735902799726
F_gaussian_local_d100_rate1,FR--KL,100,1.0,0.5,28,0.1,1.7879516696171596,1.87030667086077,1.8703066708607696,0.0965735902799726
F_gaussian_local_d100_rate1,FR--KL,100,1.0,0.5,29,0.1,1.7980917316597,1.88139779556724,1.88139779556724,0.0965735902799726
F_gaussian_local_d100_rate1,FR--KL,100,1.0,0.5,30,0.1,1.8074103620198745,1.891595403967486,1.8915954039674865,0.0965735902799726
F_gaussian_local_d100_rate1,FR--KL,100,1.0,0.5,31,0.1,1.8159661146403798,1.9009623610960145,1.9009623610960145,0.0965735902799726
F_gaussian_local_d100_rate1,FR--KL,100,1.0,0.5,32,0.1,1.8238147142813812,1.909558641970992,1.909558641970992,0.0965735902799726
F_gaussian_local_d100_rate1,FR--KL,100,1.0,0.5,33,0.1,1.8310089506039335,1.917441186737779,1.9174411867377792,0.0965735902799726
F_gaussian_local_d100_rate1,FR--KL,100,1.0,0.5,34,0.1,1.8375986293207662,1.924663821329493,1.9246638213294929,0.0965735902799726
F_gaussian_local_d100_rate1,FR--KL,100,1.0,0.5,35,0.1,1.843630570355688,1.9312772325409928,1.9312772325409928,0.0965735902799726
F_gaussian_local_d100_rate1,FR--KL,100,1.0,0.5,36,0.1,1.849148644018908,1.9373289875183024,1.9373289875183024,0.0965735902799726
F_gaussian_local_d100_rate1,FR--KL,100,1.0,0.5,37,0.1,1.8541938372940254,1.9428635888012116,1.9428635888012111,0.0965735902799726
F_gaussian_local_d100_rate1,FR--KL,100,1.0,0.5,38,0.1,1.8588043433611707,1.9479225571743983,1.9479225571743983,0.0965735902799726
F_gaussian_local_d100_rate1,FR--KL,100,1.0,0.5,39,0.1,1.863015668476022,1.9525445356480184,1.9525445356480184,0.0965735902799726
F_gaussian_local_d100_rate1,FR--KL,100,1.0,0.5,40,0.1,1.866860751216312,1.9567654088801227,1.9567654088801232,0.0965735902799726
F_gaussian_local_d100_rate1,FR--KL,100,1.0,0.5,41,0.1,1.8703700899337266,1.9606184332575765,1.9606184332575765,0.0965735902799726
F_gaussian_local_d100_rate1,FR--KL,100,1.0,0.5,42,0.1,1.8735718749767474,1.964134373663372,1.964134373663372,0.0965735902799726
F_gaussian_local_d100_rate1,FR--KL,100,1.0,0.5,43,0.1,1.8764921228798503,1.967341643675579,1.9673416436755793,0.0965735902799726
F_gaussian_local_d100_rate1,FR--KL,100,1.0,0.5,44,0.1,1.8791548102903888,1.970266446569494,1.9702664465694943,0.0965735902799726
F_gaussian_local_d100_rate1,FR--KL,100,1.0,0.5,45,0.1,1.8815820058587298,1.9729329150351305,1.9729329150351305,0.0965735902799726
F_gaussian_local_d100_rate1,FR--KL,100,1.0,0.5,46,0.1,1.8837939987355314,1.9753632479837508,1.9753632479837504,0.0965735902799726
F_gaussian_local_d100_rate1,FR--KL,100,1.0,0.5,47,0.1,1.8858094226602944,1.977577843207202,1.977577843207202,0.0965735902799726
F_gaussian_local_d100_rate1,FR--KL,100,1.0,0.5,48,0.1,1.8876453749051971,1.9795954249801664,1.9795954249801664,0.0965735902799726
F_gaussian_local_d100_rate1,FR--KL,100,1.0,0.5,49,0.1,1.8893175295797586,1.9814331659657,1.9814331659657,0.0965735902799726
F_gaussian_local_d100_rate1,FR--KL,100,1.0,0.5,50,0.1,1.890840244969953,1.983106803005868,1.983106803005868,0.0965735902799726
F_gaussian_local_d100_rate1,FR--KL,100,1.0,0.5,51,0.1,1.8922266647761032,1.9846307465586963,1.984630746558696,0.0965735902799726
F_gaussian_local_d100_rate1,FR--KL,100,1.0,0.5,52,0.1,1.8934888131962273,1.986018183686156,1.986018183686156,0.0965735902799726
F_gaussian_local_d100_rate1,FR--KL,100,1.0,0.5,53,0.1,1.8946376839373762,1.987281174611036,1.987281174611036,0.0965735902799726
F_gaussian_local_d100_rate1,FR--KL,100,1.0,0.5,54,0.1,1.895683323257844,1.9884307429482,1.9884307429482,0.0965735902799726
F_gaussian_local_d100_rate1,FR--KL,100,1.0,0.5,55,0.1,1.8966349072593331,1.9894769597821251,1.9894769597821256,0.0965735902799726
F_gaussian_local_d100_rate1,FR--KL,100,1.0,0.5,56,0.1,1.8975008136385776,1.9904290218115503,1.9904290218115508,0.0965735902799726
F_gaussian_local_d100_rate1,FR--KL,100,1.0,0.5,57,0.1,1.89828868816342,1.991295323816597,1.991295323816597,0.0965735902799726
F_gaussian_local_d100_rate1,FR--KL,100,1.0,0.5,58,0.1,1.899005506137154,1.992083525726676,1.992083525726676,0.0965735902799726
F_gaussian_local_d100_rate1,FR--KL,100,1.0,0.5,59,0.1,1.8996576291244134,1.9928006145810944,1.9928006145810944,0.0965735902799726
F_gaussian_local_d100_rate1,FR--KL,100,1.0,0.5,60,0.1,1.9002508572793508,1.993452961680439,1.9934529616804393,0.0965735902799726
F_gaussian_local_d100_rate1,FR--KL,100,1.0,0.5,61,0.1,1.9007904774502105,1.9940463752272384,1.9940463752272388,0.0965735902799726
F_gaussian_local_d100_rate1,FR--KL,100,1.0,0.5,62,0.1,1.9012813074594261,1.9945861487502667,1.9945861487502667,0.0965735902799726
F_gaussian_local_d100_rate1,FR--KL,100,1.0,0.5,63,0.1,1.9017277367452314,1.9950771055994243,1.9950771055994243,0.0965735902799726
F_gaussian_local_d100_rate1,FR--KL,100,1.0,0.5,64,0.1,1.9021337636519,1.995523639788176,1.995523639788176,0.0965735902799726
F_gaussian_local_d100_rate1,FR--KL,100,1.0,0.5,65,0.1,1.9025030296148226,1.995929753448809,1.9959297534488092,0.0965735902799726
F_gaussian_local_d100_rate1,FR--KL,100,1.0,0.5,66,0.1,1.9028388504768459,1.9962990911529408,1.9962990911529412,0.0965735902799726
F_gaussian_local_d100_rate1,FR--KL,100,1.0,0.5,67,0.1,1.903144245139238,1.996634971336113,1.9966349713361125,0.0965735902799726
F_gaussian_local_d100_rate1,FR--KL,100,1.0,0.5,68,0.1,1.903421961794675,1.996940415051418,1.9969404150514176,0.0965735902799726
F_gaussian_local_d100_rate1,FR--KL,100,1.0,0.5,69,0.1,1.9036745018824925,1.9972181722631848,1.9972181722631857,0.0965735902799726
F_gaussian_local_d100_rate1,FR--KL,100,1.0,0.5,70,0.1,1.903904141972599,1.9974707458779295,1.9974707458779295,0.0965735902799726
F_gaussian_local_d100_rate1,FR--KL,100,1.0,0.5,71,0.1,1.9041129538187354,1.997700413696384,1.997700413696384,0.0965735902799726
F_gaussian_local_d100_rate1,FR--KL,100,1.0,0.5,72,0.1,1.904302822545139,1.9979092484574577,1.9979092484574577,0.0965735902799726
F_gaussian_local_d100_rate1,FR--KL,100,1.0,0.5,73,0.1,1.9044754633714944,1.998099136132504,1.998099136132504,0.0965735902799726
F_gaussian_local_d100_rate1,FR--KL,100,1.0,0.5,74,0.1,1.9046324367524121,1.9982717926165052,1.9982717926165057,0.0965735902799726
F_gaussian_local_d100_rate1,FR--KL,100,1.0,0.5,75,0.1,1.9047751623130156,1.998428778951559,1.9984287789515585,0.0965735902799726
F_gaussian_local_d100_rate1,FR--KL,100,1.0,0.5,76,0.1,1.9049049313706214,1.998571515207537,1.9985715152075367,0.0965735902799726
F_gaussian_local_d100_rate1,FR--KL,100,1.0,0.5,77,0.1,1.90502291862802,1.998701293134896,1.998701293134896,0.0965735902799726
F_gaussian_local_d100_rate1,FR--KL,100,1.0,0.5,78,0.1,1.9051301924614372,1.9988192876953972,1.9988192876953972,0.0965735902799726
F_gaussian_local_d100_rate1,FR--KL,100,1.0,0.5,79,0.1,1.9052277246059952,1.9989265675678665,1.9989265675678665,0.0965735902799726
F_gaussian_local_d100_rate1,FR--KL,100,1.0,0.5,80,0.1,1.9053163988998782,1.9990241047181672,1.9990241047181672,0.0965735902799726
F_gaussian_local_d100_rate1,FR--KL,100,1.0,0.5,81,0.1,1.9053970190262992,1.9991127831151176,1.9991127831151176,0.0965735902799726
F_gaussian_local_d100_rate1,FR--KL,100,1.0,0.5,82,0.1,1.9054703159766644,1.9991934066672332,1.9991934066672337,0.0965735902799726
F_gaussian_local_d100_rate1,FR--KL,100,1.0,0.5,83,0.1,1.9055369544785667,1.999266706448863,1.9992667064488627,0.0965735902799726
F_gaussian_local_d100_rate1,FR--KL,100,1.0,0.5,84,0.1,1.9055975389649553,1.9993333472784145,1.9993333472784145,0.0965735902799726
F_gaussian_local_d100_rate1,FR--KL,100,1.0,0.5,85,0.1,1.905652619156077,1.9993939337060245,1.999393933706024,0.0965735902799726
F_gaussian_local_d100_rate1,FR--KL,100,1.0,0.5,86,0.1,1.9057026947816742,1.9994490154630609,1.9994490154630609,0.0965735902799726
F_gaussian_local_d100_rate1,FR--KL,100,1.0,0.5,87,0.1,1.9057482203579306,1.999499092421313,1.9994990924213132,0.0965735902799726
F_gaussian_local_d100_rate1,FR--KL,100,1.0,0.5,88,0.1,1.9057896091714714,1.9995446191055688,1.9995446191055688,0.0965735902799726
F_gaussian_local_d100_rate1,FR--KL,100,1.0,0.5,89,0.1,1.905827236883272,1.9995860087994404,1.9995860087994408,0.0965735902799726
F_gaussian_local_d100_rate1,FR--KL,100,1.0,0.5,90,0.1,1.9058614452337812,1.999623637280816,1.9996236372808156,0.0965735902799726
F_gaussian_local_d100_rate1,FR--KL,100,1.0,0.5,91,0.1,1.9058925447913146,1.999657846220109,1.9996578462201084,0.0965735902799726
F_gaussian_local_d100_rate1,FR--KL,100,1.0,0.5,92,0.1,1.905920817965139,1.9996889462715437,1.999688946271544,0.0965735902799726
F_gaussian_local_d100_rate1,FR--KL,100,1.0,0.5,93,0.1,1.9059465216270488,1.9997172198850488,1.9997172198850488,0.0965735902799726
F_gaussian_local_d100_rate1,FR--KL,100,1.0,0.5,94,0.1,1.9059698891455483,1.999742923863861,1.9997429238638615,0.0965735902799726
F_gaussian_local_d100_rate1,FR--KL,100,1.0,0.5,95,0.1,1.9059911329489465,1.999766291690746,1.9997662916907455,0.0965735902799726
F_gaussian_local_d100_rate1,FR--KL,100,1.0,0.5,96,0.1,1.9060104456942197,1.9997875356436476,1.9997875356436476,0.0965735902799726
F_gaussian_local_d100_rate1,FR--KL,100,1.0,0.5,97,0.1,1.906028003239268,1.999806848719781,1.9998068487197809,0.0965735902799726
F_gaussian_local_d100_rate1,FR--KL,100,1.0,0.5,98,0.1,1.9060439648554628,1.9998244063854311,1.9998244063854311,0.0965735902799726
F_gaussian_local_d100_rate1,FR--KL,100,1.0,0.5,99,0.1,1.9060584756925014,1.999840368167195,1.9998403681671952,0.0965735902799726
F_gaussian_local_d100_rate1,FR--KL,100,1.0,0.5,100,0.1,1.9060716674822926,1.999854879098999,1.9998548790989992,0.0965735902799726
F_gaussian_local_d100_rate1,FR--KL,100,1.0,0.5,101,0.1,1.9060836604814542,1.999868071037924,1.999868071037924,0.0965735902799726
F_gaussian_local_d100_rate1,FR--KL,100,1.0,0.5,102,0.1,1.906094562985955,1.9998800638607024,1.9998800638607024,0.0965735902799726
F_gaussian_local_d100_rate1,FR--KL,100,1.0,0.5,103,0.1,1.9061044743890856,1.9998909665516815,1.9998909665516815,0.0965735902799726
F_gaussian_local_d100_rate1,FR--KL,100,1.0,0.5,104,0.1,1.9061134850907806,1.999900878192092,1.999900878192092,0.0965735902799726
F_gaussian_local_d100_rate1,FR--KL,100,1.0,0.5,105,0.1,1.9061216766508087,1.9999098888595388,1.9999098888595392,0.0965735902799726
F_gaussian_local_d100_rate1,FR--KL,100,1.0,0.5,106,0.1,1.9061291236802143,1.99991808044586,1.9999180804458596,0.0965735902799726
F_gaussian_local_d100_rate1,FR--KL,100,1.0,0.5,107,0.1,1.9061358935473356,1.9999255274007464,1.9999255274007472,0.0965735902799726
F_gaussian_local_d100_rate1,FR--KL,100,1.0,0.5,108,0.1,1.9061420481800035,1.9999322974078608,1.9999322974078613,0.0965735902799726
F_gaussian_local_d100_rate1,FR--KL,100,1.0,0.5,109,0.1,1.9061476432769264,1.9999384519995576,1.9999384519995576,0.0965735902799726
F_gaussian_local_d100_rate1,FR--KL,100,1.0,0.5,110,0.1,1.9061527300409944,1.9999440471157892,1.9999440471157892,0.0965735902799726
F_gaussian_local_d100_rate1,FR--KL,100,1.0,0.5,111,0.1,1.9061573540817707,1.999949133612258,1.9999491336122583,0.0965735902799726
F_gaussian_local_d100_rate1,FR--KL,100,1.0,0.5,112,0.1,1.9061615577817237,1.999953757722409,1.999953757722409,0.0965735902799726
F_gaussian_local_d100_rate1,FR--KL,100,1.0,0.5,113,0.1,1.9061653792660578,1.999957961477465,1.9999579614774647,0.0965735902799726
F_gaussian_local_d100_rate1,FR--KL,100,1.0,0.5,114,0.1,1.9061688534374583,1.9999617830883052,1.9999617830883056,0.0965735902799726
F_gaussian_local_d100_rate1,FR--KL,100,1.0,0.5,115,0.1,1.9061720122867447,1.9999652572926525,1.999965257292652,0.0965735902799726
F_gaussian_local_d100_rate1,FR--KL,100,1.0,0.5,116,0.1,1.906174883108821,1.9999684156707151,1.9999684156707151,0.0965735902799726
F_gaussian_local_d100_rate1,FR--KL,100,1.0,0.5,117,0.1,1.906177493840935,1.999971286932156,1.999971286932156,0.0965735902799726
F_gaussian_local_d100_rate1,FR--KL,100,1.0,0.5,118,0.1,1.9061798661825518,1.999973897176984,1.9999738971769836,0.0965735902799726
F_gaussian_local_d100_rate1,FR--KL,100,1.0,0.5,119,0.1,1.9061820234224143,1.9999762701327384,1.9999762701327388,0.0965735902799726
F_gaussian_local_d100_rate1,FR--KL,100,1.0,0.5,120,0.1,1.906183984814716,1.99997842737013,1.99997842737013,0.0965735902799726
F_gaussian_local_d100_rate1,FR--KL,100,1.0,0.5,121,0.1,1.906185767832054,1.9999803884990697,1.9999803884990697,0.0965735902799726
F_gaussian_local_d100_rate1,FR--KL,100,1.0,0.5,122,0.1,1.906187387480504,1.9999821713468977,1.999982171346898,0.0965735902799726
F_gaussian_local_d100_rate1,FR--KL,100,1.0,0.5,123,0.1,1.9061888619091187,1.9999837921204089,1.999983792120408,0.0965735902799726
F_gaussian_local_d100_rate1,FR--KL,100,1.0,0.5,124,0.1,1.9061902003385622,1.9999852655531525,1.9999852655531525,0.0965735902799726
F_gaussian_local_d100_rate1,FR--KL,100,1.0,0.5,125,0.1,1.9061914196554408,1.9999866050393489,1.9999866050393489,0.0965735902799726
F_gaussian_local_d100_rate1,FR--KL,100,1.0,0.5,126,0.1,1.9061925266487278,1.9999878227556307,1.9999878227556305,0.0965735902799726
F_gaussian_local_d100_rate1,FR--KL,100,1.0,0.5,127,0.1,1.906193532801797,1.999988929771719,1.9999889297717188,0.0965735902799726
F_gaussian_local_d100_rate1,FR--KL,100,1.0,0.5,128,0.1,1.906194447466453,1.999989936151044,1.999989936151044,0.0965735902799726
F_gaussian_local_d100_rate1,FR--KL,100,1.0,0.5,129,0.1,1.9061952792671144,1.9999908510422189,1.9999908510422189,0.0965735902799726
F_gaussian_local_d100_rate1,FR--KL,100,1.0,0.5,130,0.1,1.9061960358414782,1.9999916827621944,1.9999916827621949,0.0965735902799726
F_gaussian_local_d100_rate1,FR--KL,100,1.0,0.5,131,0.1,1.9061967228355827,1.9999924388718644,1.9999924388718644,0.0965735902799726
F_gaussian_local_d100_rate1,FR--KL,100,1.0,0.5,132,0.1,1.9061973474121947,1.9999931262447872,1.9999931262447872,0.0965735902799726
F_gaussian_local_d100_rate1,FR--KL,100,1.0,0.5,133,0.1,1.9061979149818287,1.9999937511296724,1.9999937511296724,0.0965735902799726
F_gaussian_local_d100_rate1,FR--KL,100,1.0,0.5,134,0.1,1.9061984310654656,1.9999943192071796,1.9999943192071792,0.0965735902799726
F_gaussian_local_d100_rate1,FR--KL,100,1.0,0.5,135,0.1,1.9061989013992797,1.999994835641557,1.999994835641557,0.0965735902799726
F_gaussian_local_d100_rate1,FR--KL,100,1.0,0.5,136,0.1,1.9061993283635292,1.9999953051275856,1.9999953051275856,0.0965735902799726
F_gaussian_local_d100_rate1,FR--KL,100,1.0,0.5,137,0.1,1.906199718690993,1.9999957319332584,1.9999957319332584,0.0965735902799726
F_gaussian_local_d100_rate1,FR--KL,100,1.0,0.5,138,0.1,1.906200066892478,1.9999961199385736,1.9999961199385736,0.0965735902799726
F_gaussian_local_d100_rate1,FR--KL,100,1.0,0.5,139,0.1,1.9062003928241278,1.999996472670808,1.999996472670808,0.0965735902799726
F_gaussian_local_d100_rate1,FR--KL,100,1.0,0.5,140,0.1,1.9062006824061417,1.9999967933365843,1.9999967933365848,0.0965735902799726
F_gaussian_local_d100_rate1,FR--KL,100,1.0,0.5,141,0.1,1.9062009415895875,1.999997084851016,1.999997084851016,0.0965735902799726
F_gaussian_local_d100_rate1,FR--KL,100,1.0,0.5,142,0.1,1.9062011874031626,1.999997349864208,1.999997349864208,0.0965735902799726
F_gaussian_local_d100_rate1,FR--KL,100,1.0,0.5,143,0.1,1.9062014071744018,1.9999975907853536,1.9999975907853536,0.0965735902799726
F_gaussian_local_d100_rate1,FR--KL,100,1.0,0.5,144,0.1,1.9062015994855177,1.9999978098046272,1.9999978098046272,0.0965735902799726
F_gaussian_local_d100_rate1,FR--KL,100,1.0,0.5,145,0.1,1.9062017914813696,1.9999980089130984,1.9999980089130984,0.0965735902799726
F_gaussian_local_d100_rate1,FR--KL,100,1.0,0.5,146,0.1,1.9062019547457423,1.999998189920836,1.9999981899208352,0.0965735902799726
F_gaussian_local_d100_rate1,FR--KL,100,1.0,0.5,147,0.1,1.9062021036687111,1.9999983544733515,1.999998354473352,0.0965735902799726
F_gaussian_local_d100_rate1,FR--KL,100,1.0,0.5,148,0.1,1.906202235557521,1.9999985040665715,1.999998504066572,0.0965735902799726
F_gaussian_local_d100_rate1,FR--KL,100,1.0,0.5,149,0.1,1.906202359765607,1.999998640060428,1.9999986400604273,0.0965735902799726
F_gaussian_local_d100_rate1,FR--KL,100,1.0,0.5,150,0.1,1.9062024796750878,1.999998763691221,1.9999987636912209,0.0965735902799726
F_gaussian_local_d100_rate1,FR--KL,100,1.0,0.5,151,0.1,1.9062025675727863,1.9999988760828653,1.9999988760828655,0.0965735902799726
F_gaussian_local_d100_rate1,FR--KL,100,1.0,0.5,152,0.1,1.9062026703056618,1.9999989782570984,1.999998978257098,0.0965735902799726
F_gaussian_local_d100_rate1,FR--KL,100,1.0,0.5,153,0.1,1.9062027522351237,1.9999990711427733,1.9999990711427735,0.0965735902799726
F_gaussian_local_d100_rate1,FR--KL,100,1.0,0.5,154,0.1,1.906202818261152,1.9999991555843035,1.999999155584304,0.0965735902799726
F_gaussian_local_d100_rate1,FR--KL,100,1.0,0.5,155,0.1,1.9062029238645155,1.999999232349337,1.9999992323493372,0.0965735902799726
F_gaussian_local_d100_rate1,FR--KL,100,1.0,0.5,156,0.1,1.906202953368246,1.9999993021357376,1.9999993021357376,0.0965735902799726
F_gaussian_local_d100_rate1,FR--KL,100,1.0,0.5,157,0.1,1.9062030276944912,1.999999365577923,1.9999993655779231,0.0965735902799726
F_gaussian_local_d100_rate1,FR--KL,100,1.0,0.5,158,0.1,1.906203057094092,1.99999942325264,1.9999994232526408,0.0965735902799726
F_gaussian_local_d100_rate1,FR--KL,100,1.0,0.5,159,0.1,1.906203122620183,1.999999475684204,1.9999994756842048,0.0965735902799726
F_gaussian_local_d100_rate1,FR--KL,100,1.0,0.5,160,0.1,1.9062031675105533,1.999999523349265,1.9999995233492656,0.0965735902799726
F_gaussian_local_d100_rate1,FR--KL,100,1.0,0.5,161,0.1,1.9062032066414099,1.99999956668114,1.9999995666811416,0.0965735902799726
F_gaussian_local_d100_rate1,FR--KL,100,1.0,0.5,162,0.1,1.906203177842976,1.999999606073756,1.9999996060737573,0.0965735902799726
F_gaussian_local_d100_rate1,FR--KL,100,1.0,0.5,163,0.1,1.9062032364647075,1.999999641885224,1.9999996418852264,0.0965735902799726
F_gaussian_local_d100_rate1,FR--KL,100,1.0,0.5,164,0.1,1.9062032482454332,1.9999996744411104,1.9999996744411088,0.0965735902799726
F_gaussian_local_d100_rate1,FR--KL,100,1.0,0.5,165,0.1,1.9062033289991194,1.999999704037368,1.9999997040373667,0.0965735902799726
F_gaussian_local_d100_rate1,FR--KL,100,1.0,0.5,166,0.1,1.9062033914195304,1.999999730943059,1.9999997309430568,0.0965735902799726
F_gaussian_local_d100_rate1,FR--KL,100,1.0,0.5,167,0.1,1.9062034127115006,1.99999975540278,1.9999997554027769,0.0965735902799726
F_gaussian_local_d100_rate1,FR--KL,100,1.0,0.5,168,0.1,1.9062034083540682,1.9999997776388856,1.9999997776388856,0.0965735902799726
F_gaussian_local_d100_rate1,FR--KL,100,1.0,0.5,169,0.1,1.906203328068508,1.9999997978535304,1.9999997978535304,0.0965735902799726
F_gaussian_local_d100_rate1,FR--KL,100,1.0,0.5,170,0.1,1.906203448676578,1.999999816230479,1.99999981623048,0.0965735902799726
F_gaussian_local_d100_rate1,FR--KL,100,1.0,0.5,171,0.1,1.906203524314755,1.9999998329367976,1.9999998329367987,0.0965735902799726
F_gaussian_local_d100_rate1,FR--KL,100,1.0,0.5,172,0.1,1.9062034849732195,1.9999998481243613,1.999999848124362,0.0965735902799726
F_gaussian_local_d100_rate1,FR--KL,100,1.0,0.5,173,0.1,1.906203486727627,1.999999861931236,1.9999998619312376,0.0965735902799726
F_gaussian_local_d100_rate1,FR--KL,100,1.0,0.5,174,0.1,1.9062035854721648,1.9999998744829408,1.9999998744829424,0.0965735902799726
F_gaussian_local_d100_rate1,FR--KL,100,1.0,0.5,175,0.1,1.9062034014920695,1.999999885893582,1.999999885893584,0.0965735902799726
F_gaussian_local_d100_rate1,FR--KL,100,1.0,0.5,176,0.1,1.9062035318702313,1.999999896266892,1.9999998962668937,0.0965735902799726
F_gaussian_local_d100_rate1,FR--KL,100,1.0,0.5,177,0.1,1.9062035066118623,1.999999905697173,1.9999999056971756,0.0965735902799726
F_gaussian_local_d100_rate1,FR--KL,100,1.0,0.5,178,0.1,1.9062035598255926,1.999999914270156,1.9999999142701592,0.0965735902799726
F_gaussian_local_d100_rate1,FR--KL,100,1.0,0.5,179,0.1,1.9062036929541373,1.9999999220637807,1.9999999220637807,0.0965735902799726
F_gaussian_local_d100_rate1,FR--KL,100,1.0,0.5,180,0.1,1.906203502067379,1.999999929148892,1.999999929148892,0.0965735902799726
F_gaussian_local_d100_rate1,FR--KL,100,1.0,0.5,181,0.1,1.9062035064548573,1.9999999355899016,1.9999999355899016,0.0965735902799726
F_gaussian_local_d100_rate1,FR--KL,100,1.0,0.5,182,0.1,1.9062036567595522,1.9999999414453649,1.9999999414453649,0.0965735902799726
F_gaussian_local_d100_rate1,FR--KL,100,1.0,0.5,183,0.1,1.9062034542617052,1.999999946768514,1.9999999467685137,0.0965735902799726
F_gaussian_local_d100_rate1,FR--KL,100,1.0,0.5,184,0.1,1.9062035226709513,1.99999995160774,1.9999999516077391,0.0965735902799726
F_gaussian_local_d100_rate1,FR--KL,100,1.0,0.5,185,0.1,1.9062031519255132,1.999999956007036,1.9999999560070356,0.0965735902799726
F_gaussian_local_d100_rate1,FR--KL,100,1.0,0.5,186,0.1,1.9062038847897158,1.9999999600063951,1.9999999600063951,0.0965735902799726
F_gaussian_local_d100_rate1,FR--KL,100,1.0,0.5,187,0.1,1.9062037060150374,1.9999999636421777,1.999999963642178,0.0965735902799726
F_gaussian_local_d100_rate1,FR--KL,100,1.0,0.5,188,0.1,1.9062034348549868,1.9999999669474344,1.9999999669474344,0.0965735902799726
F_gaussian_local_d100_rate1,FR--KL,100,1.0,0.5,189,0.1,1.9062035517465663,1.999999969952213,1.9999999699522129,0.0965735902799726
F_gaussian_local_d100_rate1,FR--KL,100,1.0,0.5,190,0.1,1.9062032871944004,1.9999999726838305,1.99999997268383,0.0965735902799726
F_gaussian_local_d100_rate1,FR--KL,100,1.0,0.5,191,0.1,1.90620406104502,1.999999975167118,1.9999999751671176,0.0965735902799726
F_gaussian_local_d100_rate1,FR--KL,100,1.0,0.5,192,0.1,1.9062038714835297,1.9999999774246529,1.9999999774246529,0.0965735902799726
F_gaussian_local_d100_rate1,FR--KL,100,1.0,0.5,193,0.1,1.9062031200345455,1.9999999794769576,1.9999999794769576,0.0965735902799726
F_gaussian_local_d100_rate1,FR--KL,100,1.0,0.5,194,0.1,1.9062028106023416,1.9999999813426883,1.9999999813426883,0.0965735902799726
F_gaussian_local_d100_rate1,FR--KL,100,1.0,0.5,195,0.1,1.9062035175333771,1.999999983038807,1.9999999830388069,0.0965735902799726
F_gaussian_local_d100_rate1,FR--KL,100,1.0,0.5,196,0.1,1.9062027896542733,1.999999984580734,1.9999999845807337,0.0965735902799726
F_gaussian_local_d100_rate1,FR--KL,100,1.0,0.5,197,0.1,1.906203849527159,1.999999985982484,1.9999999859824844,0.0965735902799726
F_gaussian_local_d100_rate1,FR--KL,100,1.0,0.5,198,0.1,1.906204502154648,1.999999987256804,1.999999987256804,0.0965735902799726
F_gaussian_local_d100_rate1,FR--KL,100,1.0,0.5,199,0.1,1.9062036727435754,1.9999999884152773,1.9999999884152768,0.0965735902799726
F_gaussian_local_d100_rate1,FR--R,100,1.0,0.5,0,0.1,1.0526437297795836,1.0,1.0,0.0965735902799726
F_gaussian_local_d100_rate1,FR--R,100,1.0,0.5,1,0.1,1.1066650525419495,1.051271096376024,1.0512710963760241,0.0965735902799726
F_gaussian_local_d100_rate1,FR--R,100,1.0,0.5,2,0.1,1.16047982608448,1.1023413802303046,1.1023413802303046,0.0965735902799726
F_gaussian_local_d100_rate1,FR--R,100,1.0,0.5,3,0.1,1.21380762727699,1.1529448128406046,1.1529448128406046,0.0965735902799726
F_gaussian_local_d100_rate1,FR--R,100,1.0,0.5,4,0.1,1.2663770534117869,1.2028240122116889,1.2028240122116889,0.0965735902799726
F_gaussian_local_d100_rate1,FR--R,100,1.0,0.5,5,0.1,1.3179311889906005,1.2517354330809058,1.251735433080906,0.0965735902799726
F_gaussian_local_d100_rate1,FR--R,100,1.0,0.5,6,0.1,1.3682324821911624,1.2994539831333942,1.2994539831333942,0.0965735902799726
F_gaussian_local_d100_rate1,FR--R,100,1.0,0.5,7,0.1,1.4170668410325644,1.3457768959537872,1.345776895953787,0.0965735902799726
F_gaussian_local_d100_rate1,FR--R,100,1.0,0.5,8,0.1,1.4642468126731245,1.3905267320865922,1.3905267320865922,0.0965735902799726
F_gaussian_local_d100_rate1,FR--R,100,1.0,0.5,9,0.1,1.5096137693662508,1.4335534366623846,1.4335534366623848,0.0965735902799726
F_gaussian_local_d100_rate1,FR--R,100,1.0,0.5,10,0.1,1.553039085520359,1.4747354398211323,1.4747354398211323,0.0965735902799726
F_gaussian_local_d100_rate1,FR--R,100,1.0,0.5,11,0.1,1.594424346645415,1.513979839505692,1.513979839505692,0.0965735902799726
F_gaussian_local_d100_rate1,FR--R,100,1.0,0.5,12,0.1,1.6337006783815136,1.5512217510146291,1.5512217510146291,0.0965735902799726
F_gaussian_local_d100_rate1,FR--R,100,1.0,0.5,13,0.1,1.6708273194369365,1.5864229413036115,1.5864229413036115,0.0965735902799726
F_gaussian_local_d100_rate1,FR--R,100,1.0,0.5,14,0.1,1.7057895848475226,1.6195698872403097,1.6195698872403093,0.0965735902799726
F_gaussian_local_d100_rate1,FR--R,100,1.0,0.5,15,0.1,1.738596375743355,1.6506714060886698,1.65067140608867,0.0965735902799726
F_gaussian_local_d100_rate1,FR--R,100,1.0,0.5,16,0.1,1.7692773901847707,1.67975600478841,1.6797560047884097,0.0965735902799726
F_gaussian_local_d100_rate1,FR--R,100,1.0,0.5,17,0.1,1.7978801788292447,1.706869084215789,1.706869084215789,0.0965735902799726
F_gaussian_local_d100_rate1,FR--R,100,1.0,0.5,18,0.1,1.8244671718070244,1.7320701180308142,1.7320701180308145,0.0965735902799726
F_gaussian_local_d100_rate1,FR--R,100,1.0,0.5,19,0.1,1.8491127818386062,1.7554299054156923,1.7554299054156925,0.0965735902799726
F_gaussian_local_d100_rate1,FR--R,100,1.0,0.5,20,0.1,1.871900665678093,1.777027975224608,1.777027975224608,0.0965735902799726
F_gaussian_local_d100_rate1,FR--R,100,1.0,0.5,21,0.1,1.8929212033522251,1.7969501976210038,1.7969501976210038,0.0965735902799726
F_gaussian_local_d100_rate1,FR--R,100,1.0,0.5,22,0.1,1.9122692338004659,1.81528663952004,1.8152866395200404,0.0965735902799726
F_gaussian_local_d100_rate1,FR--R,100,1.0,0.5,23,0.1,1.930042067342689,1.8321296829474736,1.8321296829474736,0.0965735902799726
F_gaussian_local_d100_rate1,FR--R,100,1.0,0.5,24,0.1,1.9463377803648234,1.847572411214616,1.8475724112146157,0.0965735902799726
F_gaussian_local_d100_rate1,FR--R,100,1.0,0.5,25,0.1,1.961253785849099,1.8617072566933872,1.8617072566933872,0.0965735902799726
F_gaussian_local_d100_rate1,FR--R,100,1.0,0.5,26,0.1,1.9748856647124515,1.874624895806874,1.874624895806874,0.0965735902799726
F_gaussian_local_d100_rate1,FR--R,100,1.0,0.5,27,0.1,1.9873262370461315,1.8864133713176792,1.8864133713176792,0.0965735902799726
F_gaussian_local_d100_rate1,FR--R,100,1.0,0.5,28,0.1,1.9986648488344616,1.8971574186992384,1.897157418699238,0.0965735902799726
F_gaussian_local_d100_rate1,FR--R,100,1.0,0.5,29,0.1,2.008986848136652,1.906937971885264,1.906937971885264,0.0965735902799726
F_gaussian_local_d100_rate1,FR--R,100,1.0,0.5,30,0.1,2.01837322458477,1.9158318235928504,1.9158318235928504,0.0965735902799726
F_gaussian_local_d100_rate1,FR--R,100,1.0,0.5,31,0.1,2.0269003869995754,1.9239114163276416,1.9239114163276416,0.0965735902799726
F_gaussian_local_d100_rate1,FR--R,100,1.0,0.5,32,0.1,2.0346400556046387,1.9312447417802805,1.9312447417802807,0.0965735902799726
F_gaussian_local_d100_rate1,FR--R,100,1.0,0.5,33,0.1,2.041659247440295,1.9378953283456888,1.9378953283456888,0.0965735902799726
F_gaussian_local_d100_rate1,FR--R,100,1.0,0.5,34,0.1,2.0480203359361755,1.9439222987315683,1.9439222987315687,0.0965735902799726
F_gaussian_local_d100_rate1,FR--R,100,1.0,0.5,35,0.1,2.0537811680118576,1.9493804819126663,1.9493804819126663,0.0965735902799726
F_gaussian_local_d100_rate1,FR--R,100,1.0,0.5,36,0.1,2.0589952244288177,1.9543205659205096,1.9543205659205096,0.0965735902799726
F_gaussian_local_d100_rate1,FR--R,100,1.0,0.5,37,0.1,2.063711811340413,1.9587892800592928,1.9587892800592936,0.0965735902799726
F_gaussian_local_d100_rate1,FR--R,100,1.0,0.5,38,0.1,2.067976273001997,1.9628295970612395,1.9628295970612393,0.0965735902799726
F_gaussian_local_d100_rate1,FR--R,100,1.0,0.5,39,0.1,2.071830217440492,1.9664809474154723,1.9664809474154727,0.0965735902799726
F_gaussian_local_d100_rate1,FR--R,100,1.0,0.5,40,0.1,2.075311748458134,1.969779439615883,1.9697794396158832,0.0965735902799726
F_gaussian_local_d100_rate1,FR--R,100,1.0,0.5,41,0.1,2.078455698736645,1.972758081379643,1.9727580813796433,0.0965735902799726
F_gaussian_local_d100_rate1,FR--R,100,1.0,0.5,42,0.1,2.0812938599897297,1.975446998000637,1.9754469980006368,0.0965735902799726
F_gaussian_local_d100_rate1,FR--R,100,1.0,0.5,43,0.1,2.083855207077605,1.9778736449371197,1.97787364493712,0.0965735902799726
F_gaussian_local_d100_rate1,FR--R,100,1.0,0.5,44,0.1,2.0861661138456915,1.9800630125087912,1.9800630125087912,0.0965735902799726
F_gaussian_local_d100_rate1,FR--R,100,1.0,0.5,45,0.1,2.0882505591023484,1.98203782121428,1.98203782121428,0.0965735902799726
F_gaussian_local_d100_rate1,FR--R,100,1.0,0.5,46,0.1,2.090130321693424,1.9838187066943955,1.9838187066943953,0.0965735902799726
F_gaussian_local_d100_rate1,FR--R,100,1.0,0.5,47,0.1,2.0918251640922634,1.985424393777056,1.985424393777056,0.0965735902799726
F_gaussian_local_d100_rate1,FR--R,100,1.0,0.5,48,0.1,2.093353004220076,1.9868718593626573,1.9868718593626575,0.0965735902799726
F_gaussian_local_d100_rate1,FR--R,100,1.0,0.5,49,0.1,2.094730075526822,1.9881764841581624,1.9881764841581628,0.0965735902799726
F_gaussian_local_d100_rate1,FR--R,100,1.0,0.5,50,0.1,2.0959710755136145,1.9893521934572005,1.9893521934572,0.0965735902799726
F_gaussian_local_d100_rate1,FR--R,100,1.0,0.5,51,0.1,2.0970893030738926,1.9904115873027663,1.9904115873027663,0.0965735902799726
F_gaussian_local_d100_rate1,FR--R,100,1.0,0.5,52,0.1,2.098096785082273,1.991366060468371,1.9913660604683712,0.0965735902799726
F_gaussian_local_d100_rate1,FR--R,100,1.0,0.5,53,0.1,2.0990043927970627,1.9922259127604047,1.9922259127604056,0.0965735902799726
F_gaussian_local_d100_rate1,FR--R,100,1.0,0.5,54,0.1,2.0998219486041827,1.99300045018603,1.99300045018603,0.0965735902799726
F_gaussian_local_d100_rate1,FR--R,100,1.0,0.5,55,0.1,2.1005583237377214,1.993698077552364,1.993698077552364,0.0965735902799726
F_gaussian_local_d100_rate1,FR--R,100,1.0,0.5,56,0.1,2.1012215275718793,1.994326383068918,1.9943263830689175,0.0965735902799726
F_gaussian_local_d100_rate1,FR--R,100,1.0,0.5,57,0.1,2.101818789039155,1.994892215519692,1.994892215519692,0.0965735902799726
F_gaussian_local_d100_rate1,FR--R,100,1.0,0.5,58,0.1,2.1023566308412414,1.995401754557228,1.995401754557228,0.0965735902799726
F_gaussian_local_d100_rate1,FR--R,100,1.0,0.5,59,0.1,2.1028409369191765,1.9958605746506115,1.9958605746506113,0.0965735902799726
F_gaussian_local_d100_rate1,FR--R,100,1.0,0.5,60,0.1,2.1032770137884125,1.9962737031948332,1.9962737031948337,0.0965735902799726
F_gaussian_local_d100_rate1,FR--R,100,1.0,0.5,61,0.1,2.1036696462214124,1.9966456732616515,1.996645673261652,0.0965735902799726
F_gaussian_local_d100_rate1,FR--R,100,1.0,0.5,62,0.1,2.104023147713396,1.9969805714432567,1.9969805714432567,0.0965735902799726
F_gaussian_local_d100_rate1,FR--R,100,1.0,0.5,63,0.1,2.1043414062862453,1.997282081210598,1.9972820812105976,0.0965735902799726
F_gaussian_local_d100_rate1,FR--R,100,1.0,0.5,64,0.1,2.104627925902609,1.997553522178856,1.9975535221788552,0.0965735902799726
F_gaussian_local_d100_rate1,FR--R,100,1.0,0.5,65,0.1,2.1048858639790615,1.9977978856437235,1.9977978856437235,0.0965735902799726
F_gaussian_local_d100_rate1,FR--R,100,1.0,0.5,66,0.1,2.105118065304157,1.9980178667243345,1.9980178667243345,0.0965735902799726
F_gaussian_local_d100_rate1,FR--R,100,1.0,0.5,67,0.1,2.105327092732961,1.9982158934220056,1.9982158934220056,0.0965735902799726
F_gaussian_local_d100_rate1,FR--R,100,1.0,0.5,68,0.1,2.1055152548931013,1.9983941528787188,1.9983941528787188,0.0965735902799726
F_gaussian_local_d100_rate1,FR--R,100,1.0,0.5,69,0.1,2.1056846311823145,1.9985546150954567,1.9985546150954567,0.0965735902799726
F_gaussian_local_d100_rate1,FR--R,100,1.0,0.5,70,0.1,2.1058370944370552,1.9986990543482297,1.9986990543482297,0.0965735902799726
F_gaussian_local_d100_rate1,FR--R,100,1.0,0.5,71,0.1,2.105974331305632,1.9988290685189156,1.9988290685189152,0.0965735902799726
F_gaussian_local_d100_rate1,FR--R,100,1.0,0.5,72,0.1,2.1060978606162153,1.9989460965387584,1.9989460965387584,0.0965735902799726
F_gaussian_local_d100_rate1,FR--R,100,1.0,0.5,73,0.1,2.106209050076999,1.9990514341246244,1.999051434124624,0.0965735902799726
F_gaussian_local_d100_rate1,FR--R,100,1.0,0.5,74,0.1,2.106309131200619,1.9991462479717128,1.9991462479717124,0.0965735902799726
F_gaussian_local_d100_rate1,FR--R,100,1.0,0.5,75,0.1,2.106399212776295,1.9992315885513947,1.9992315885513945,0.0965735902799726
F_gaussian_local_d100_rate1,FR--R,100,1.0,0.5,76,0.1,2.1064802931525817,1.9993084016490397,1.9993084016490392,0.0965735902799726
F_gaussian_local_d100_rate1,FR--R,100,1.0,0.5,77,0.1,2.106553271123099,1.9993775387640924,1.9993775387640924,0.0965735902799726
F_gaussian_local_d100_rate1,FR--R,100,1.0,0.5,78,0.1,2.1066189558732944,1.9994397664831367,1.9994397664831371,0.0965735902799726
F_gaussian_local_d100_rate1,FR--R,100,1.0,0.5,79,0.1,2.1066780758506005,1.9994957749261857,1.9994957749261852,0.0965735902799726
F_gaussian_local_d100_rate1,FR--R,100,1.0,0.5,80,0.1,2.1067312867789223,1.9995461853568732,1.9995461853568732,0.0965735902799726
F_gaussian_local_d100_rate1,FR--R,100,1.0,0.5,81,0.1,2.1067791790977055,1.9995915570385556,1.9995915570385552,0.0965735902799726
F_gaussian_local_d100_rate1,FR--R,100,1.0,0.5,82,0.1,2.10682228410752,1.9996323934103992,1.9996323934103992,0.0965735902799726
F_gaussian_local_d100_rate1,FR--R,100,1.0,0.5,83,0.1,2.106861080243405,1.9996691476504056,1.9996691476504056,0.0965735902799726
F_gaussian_local_d100_rate1,FR--R,100,1.0,0.5,84,0.1,2.106895998022011,1.999702227685816,1.9997022276858156,0.0965735902799726
F_gaussian_local_d100_rate1,FR--R,100,1.0,0.5,85,0.1,2.106927425089144,1.9997320007054555,1.9997320007054555,0.0965735902799726
F_gaussian_local_d100_rate1,FR--R,100,1.0,0.5,86,0.1,2.106955710289683,1.9997587972232649,1.9997587972232649,0.0965735902799726
F_gaussian_local_d100_rate1,FR--R,100,1.0,0.5,87,0.1,2.106981167667228,1.9997829147374293,1.9997829147374295,0.0965735902799726
F_gaussian_local_d100_rate1,FR--R,100,1.0,0.5,88,0.1,2.107004079848198,1.9998046210251883,1.9998046210251887,0.0965735902799726
F_gaussian_local_d100_rate1,FR--R,100,1.0,0.5,89,0.1,2.1070247012319663,1.999824157109446,1.9998241571094464,0.0965735902799726
F_gaussian_local_d100_rate1,FR--R,100,1.0,0.5,90,0.1,2.107043260858398,1.9998417399297603,1.9998417399297608,0.0965735902799726
F_gaussian_local_d100_rate1,FR--R,100,1.0,0.5,91,0.1,2.1070599649167954,1.9998575647470824,1.9998575647470824,0.0965735902799726
F_gaussian_local_d100_rate1,FR--R,100,1.0,0.5,92,0.1,2.107074998649483,1.9998718073087007,1.9998718073087007,0.0965735902799726
F_gaussian_local_d100_rate1,FR--R,100,1.0,0.5,93,0.1,2.107088529261912,1.9998846257972431,1.9998846257972431,0.0965735902799726
F_gaussian_local_d100_rate1,FR--R,100,1.0,0.5,94,0.1,2.1071007070201526,1.9998961625852345,1.9998961625852345,0.0965735902799726
F_gaussian_local_d100_rate1,FR--R,100,1.0,0.5,95,0.1,2.1071116670895362,1.9999065458145544,1.9999065458145548,0.0965735902799726
F_gaussian_local_d100_rate1,FR--R,100,1.0,0.5,96,0.1,2.1071215312256197,1.9999158908182488,1.9999158908182484,0.0965735902799726
F_gaussian_local_d100_rate1,FR--R,100,1.0,0.5,97,0.1,2.107130409140675,1.999924301400391,1.9999243014003911,0.0965735902799726
F_gaussian_local_d100_rate1,FR--R,100,1.0,0.5,98,0.1,2.1071383992895325,1.9999318709881635,1.9999318709881633,0.0965735902799726
F_gaussian_local_d100_rate1,FR--R,100,1.0,0.5,99,0.1,2.107145590338914,1.9999386836688724,1.9999386836688728,0.0965735902799726
F_gaussian_local_d100_rate1,FR--R,100,1.0,0.5,100,0.1,2.107152062651955,1.9999448151233996,1.9999448151233996,0.0965735902799726
F_gaussian_local_d100_rate1,FR--R,100,1.0,0.5,101,0.1,2.1071578873898695,1.999950333466405,1.9999503334664048,0.0965735902799726
F_gaussian_local_d100_rate1,FR--R,100,1.0,0.5,102,0.1,2.1071631298513314,1.999955300002593,1.9999553000025927,0.0965735902799726
F_gaussian_local_d100_rate1,FR--R,100,1.0,0.5,103,0.1,2.1071678481440737,1.9999597699074243,1.9999597699074243,0.0965735902799726
F_gaussian_local_d100_rate1,FR--R,100,1.0,0.5,104,0.1,2.1071720944311707,1.9999637928398049,1.9999637928398049,0.0965735902799726
F_gaussian_local_d100_rate1,FR--R,100,1.0,0.5,105,0.1,2.1071759162725714,1.999967413493554,1.999967413493554,0.0965735902799726
F_gaussian_local_d100_rate1,FR--R,100,1.0,0.5,106,0.1,2.1071793558143668,1.9999706720937596,1.9999706720937591,0.0965735902799726
F_gaussian_local_d100_rate1,FR--R,100,1.0,0.5,107,0.1,2.1071824518209823,1.999973604843527,1.9999736048435273,0.0965735902799726
F_gaussian_local_d100_rate1,FR--R,100,1.0,0.5,108,0.1,2.107185237648321,1.999976244326081,1.9999762443260811,0.0965735902799726
F_gaussian_local_d100_rate1,FR--R,100,1.0,0.5,109,0.1,2.1071877455604366,1.9999786198666671,1.9999786198666671,0.0965735902799726
F_gaussian_local_d100_rate1,FR--R,100,1.0,0.5,110,0.1,2.107190002270274,1.999980757858288,1.999980757858288,0.0965735902799726
F_gaussian_local_d100_rate1,FR--R,100,1.0,0.5,111,0.1,2.1071920336255587,1.9999826820548725,1.999982682054872,0.0965735902799726
F_gaussian_local_d100_rate1,FR--R,100,1.0,0.5,112,0.1,2.107193861325427,1.999984413835139,1.9999844138351393,0.0965735902799726
F_gaussian_local_d100_rate1,FR--R,100,1.0,0.5,113,0.1,2.1071955065932735,1.9999859724400864,1.9999859724400864,0.0965735902799726
F_gaussian_local_d100_rate1,FR--R,100,1.0,0.5,114,0.1,2.1071969872781247,1.9999873751867312,1.9999873751867312,0.0965735902799726
F_gaussian_local_d100_rate1,FR--R,100,1.0,0.5,115,0.1,2.1071983193142145,1.999988637660488,1.9999886376604876,0.0965735902799726
F_gaussian_local_d100_rate1,FR--R,100,1.0,0.5,116,0.1,2.107199518996038,1.9999897738883063,1.9999897738883063,0.0965735902799726
F_gaussian_local_d100_rate1,FR--R,100,1.0,0.5,117,0.1,2.107200598815418,1.9999907964945085,1.9999907964945087,0.0965735902799726
F_gaussian_local_d100_rate1,FR--R,100,1.0,0.5,118,0.1,2.107201569927115,1.9999917168410344,1.9999917168410344,0.0965735902799726
F_gaussian_local_d100_rate1,FR--R,100,1.0,0.5,119,0.1,2.1072024448827866,1.999992545153672,1.999992545153672,0.0965735902799726
F_gaussian_local_d100_rate1,FR--R,100,1.0,0.5,120,0.1,2.107203230297088,1.9999932906356648,1.9999932906356652,0.0965735902799726
F_gaussian_local_d100_rate1,FR--R,100,1.0,0.5,121,0.1,2.1072039387878303,1.99999396156996,1.99999396156996,0.0965735902799726
F_gaussian_local_d100_rate1,FR--R,100,1.0,0.5,122,0.1,2.1072045776491914,1.999994565411232,1.999994565411232,0.0965735902799726
F_gaussian_local_d100_rate1,FR--R,100,1.0,0.5,123,0.1,2.1072051487498697,1.9999951088687065,1.9999951088687065,0.0965735902799726
F_gaussian_local_d100_rate1,FR--R,100,1.0,0.5,124,0.1,2.1072056664829852,1.999995597980699,1.9999955979806991,0.0965735902799726
F_gaussian_local_d100_rate1,FR--R,100,1.0,0.5,125,0.1,2.107206129499766,1.999996038181709,1.9999960381817088,0.0965735902799726
F_gaussian_local_d100_rate1,FR--R,100,1.0,0.5,126,0.1,2.1072065501786104,1.999996434362792,1.999996434362792,0.0965735902799726
F_gaussian_local_d100_rate1,FR--R,100,1.0,0.5,127,0.1,2.1072069271720095,1.9999967909259089,1.9999967909259089,0.0965735902799726
F_gaussian_local_d100_rate1,FR--R,100,1.0,0.5,128,0.1,2.107207267822819,1.999997111832829,1.9999971118328288,0.0965735902799726
F_gaussian_local_d100_rate1,FR--R,100,1.0,0.5,129,0.1,2.1072075686074556,1.99999740064915,1.9999974006491503,0.0965735902799726
F_gaussian_local_d100_rate1,FR--R,100,1.0,0.5,130,0.1,2.107207844956759,1.9999976605839145,1.9999976605839145,0.0965735902799726
F_gaussian_local_d100_rate1,FR--R,100,1.0,0.5,131,0.1,2.1072080912192273,1.999997894525263,1.9999978945252632,0.0965735902799726
F_gaussian_local_d100_rate1,FR--R,100,1.0,0.5,132,0.1,2.1072083120096297,1.999998105072526,1.9999981050725264,0.0965735902799726
F_gaussian_local_d100_rate1,FR--R,100,1.0,0.5,133,0.1,2.107208517289022,1.9999982945651031,1.9999982945651031,0.0965735902799726
F_gaussian_local_d100_rate1,FR--R,100,1.0,0.5,134,0.1,2.10720869259062,1.9999984651084548,1.9999984651084548,0.0965735902799726
F_gaussian_local_d100_rate1,FR--R,100,1.0,0.5,135,0.1,2.107208857222712,1.999998618597497,1.9999986185974976,0.0965735902799726
F_gaussian_local_d100_rate1,FR--R,100,1.0,0.5,136,0.1,2.1072090018477843,1.9999987567376567,1.9999987567376571,0.0965735902799726
F_gaussian_local_d100_rate1,FR--R,100,1.0,0.5,137,0.1,2.107209139258337,1.999998881063818,1.999998881063818,0.0965735902799726
F_gaussian_local_d100_rate1,FR--R,100,1.0,0.5,138,0.1,2.107209254306102,1.9999989929573772,1.9999989929573772,0.0965735902799726
F_gaussian_local_d100_rate1,FR--R,100,1.0,0.5,139,0.1,2.1072093609588287,1.9999990936615917,1.9999990936615912,0.0965735902799726
F_gaussian_local_d100_rate1,FR--R,100,1.0,0.5,140,0.1,2.107209459015694,1.9999991842953933,1.9999991842953937,0.0965735902799726
F_gaussian_local_d100_rate1,FR--R,100,1.0,0.5,141,0.1,2.1072095355039395,1.9999992658658223,1.9999992658658228,0.0965735902799726
F_gaussian_local_d100_rate1,FR--R,100,1.0,0.5,142,0.1,2.1072096245983234,1.9999993392792148,1.9999993392792148,0.0965735902799726
F_gaussian_local_d100_rate1,FR--R,100,1.0,0.5,143,0.1,2.1072096692409503,1.999999405351273,1.9999994053512729,0.0965735902799726
F_gaussian_local_d100_rate1,FR--R,100,1.0,0.5,144,0.1,2.10720975535453,1.9999994648161283,1.9999994648161283,0.0965735902799726
F_gaussian_local_d100_rate1,FR--R,100,1.0,0.5,145,0.1,2.1072097937706586,1.999999518334502,1.999999518334502,0.0965735902799726
F_gaussian_local_d100_rate1,FR--R,100,1.0,0.5,146,0.1,2.1072098669604866,1.9999995665010404,1.9999995665010408,0.0965735902799726
F_gaussian_local_d100_rate1,FR--R,100,1.0,0.5,147,0.1,2.107209913502477,1.999999609850928,1.999999609850928,0.0965735902799726
F_gaussian_local_d100_rate1,FR--R,100,1.0,0.5,148,0.1,2.1072099393591537,1.9999996488658285,1.999999648865828,0.0965735902799726
F_gaussian_local_d100_rate1,FR--R,100,1.0,0.5,149,0.1,2.1072100008780223,1.9999996839792396,1.999999683979239,0.0965735902799726
F_gaussian_local_d100_rate1,FR--R,100,1.0,0.5,150,0.1,2.107210014757071,1.999999715581311,1.9999997155813112,0.0965735902799726
F_gaussian_local_d100_rate1,FR--R,100,1.0,0.5,151,0.1,2.1072100644903147,1.999999744023176,1.999999744023176,0.0965735902799726
F_gaussian_local_d100_rate1,FR--R,100,1.0,0.5,152,0.1,2.107210101115575,1.999999769620856,1.9999997696208556,0.0965735902799726
F_gaussian_local_d100_rate1,FR--R,100,1.0,0.5,153,0.1,2.1072100846949007,1.999999792658768,1.999999792658768,0.0965735902799726
F_gaussian_local_d100_rate1,FR--R,100,1.0,0.5,154,0.1,2.107210112194911,1.999999813392889,1.999999813392889,0.0965735902799726
F_gaussian_local_d100_rate1,FR--R,100,1.0,0.5,155,0.1,2.1072101603786866,1.999999832053598,1.9999998320535983,0.0965735902799726
F_gaussian_local_d100_rate1,FR--R,100,1.0,0.5,156,0.1,2.1072101434033783,1.9999998488482371,1.9999998488482376,0.0965735902799726
F_gaussian_local_d100_rate1,FR--R,100,1.0,0.5,157,0.1,2.1072101136603107,1.999999863963412,1.9999998639634124,0.0965735902799726
F_gaussian_local_d100_rate1,FR--R,100,1.0,0.5,158,0.1,2.1072102003101776,1.99999987756707,1.99999987756707,0.0965735902799726
F_gaussian_local_d100_rate1,FR--R,100,1.0,0.5,159,0.1,2.1072102191179054,1.999999889810362,1.9999998898103624,0.0965735902799726
F_gaussian_local_d100_rate1,FR--R,100,1.0,0.5,160,0.1,2.1072102036935836,1.9999999008293257,1.9999999008293257,0.0965735902799726
F_gaussian_local_d100_rate1,FR--R,100,1.0,0.5,161,0.1,2.1072102412869125,1.9999999107463928,1.9999999107463928,0.0965735902799726
F_gaussian_local_d100_rate1,FR--R,100,1.0,0.5,162,0.1,2.1072102333014087,1.9999999196717533,1.9999999196717528,0.0965735902799726
F_gaussian_local_d100_rate1,FR--R,100,1.0,0.5,163,0.1,2.1072102585547334,1.9999999277045768,1.9999999277045777,0.0965735902799726
F_gaussian_local_d100_rate1,FR--R,100,1.0,0.5,164,0.1,2.107210275238615,1.9999999349341195,1.9999999349341195,0.0965735902799726
F_gaussian_local_d100_rate1,FR--R,100,1.0,0.5,165,0.1,2.107210245746903,1.9999999414407077,1.9999999414407073,0.0965735902799726
F_gaussian_local_d100_rate1,FR--R,100,1.0,0.5,166,0.1,2.1072101446324774,1.9999999472966368,1.9999999472966368,0.0965735902799726
F_gaussian_local_d100_rate1,FR--R,100,1.0,0.5,167,0.1,2.10721026114293,1.9999999525669725,1.9999999525669725,0.0965735902799726
F_gaussian_local_d100_rate1,FR--R,100,1.0,0.5,168,0.1,2.107210209129341,1.999999957310275,1.9999999573102751,0.0965735902799726
F_gaussian_local_d100_rate1,FR--R,100,1.0,0.5,169,0.1,2.107210223256486,1.9999999615792476,1.9999999615792472,0.0965735902799726
F_gaussian_local_d100_rate1,FR--R,100,1.0,0.5,170,0.1,2.107210327426374,1.9999999654213227,1.9999999654213223,0.0965735902799726
F_gaussian_local_d100_rate1,FR--R,100,1.0,0.5,171,0.1,2.107210043614963,1.9999999688791907,1.9999999688791903,0.0965735902799726
F_gaussian_local_d100_rate1,FR--R,100,1.0,0.5,172,0.1,2.1072102779223325,1.9999999719912709,1.9999999719912709,0.0965735902799726
F_gaussian_local_d100_rate1,FR--R,100,1.0,0.5,173,0.1,2.10721046975293,1.9999999747921435,1.999999974792144,0.0965735902799726
F_gaussian_local_d100_rate1,FR--R,100,1.0,0.5,174,0.1,2.1072102696575254,1.9999999773129296,1.9999999773129296,0.0965735902799726
F_gaussian_local_d100_rate1,FR--R,100,1.0,0.5,175,0.1,2.1072104581532005,1.9999999795816368,1.9999999795816368,0.0965735902799726
F_gaussian_local_d100_rate1,FR--R,100,1.0,0.5,176,0.1,2.1072103131565254,1.999999981623473,1.9999999816234728,0.0965735902799726
F_gaussian_local_d100_rate1,FR--R,100,1.0,0.5,177,0.1,2.107210074478881,1.9999999834611255,1.9999999834611255,0.0965735902799726
F_gaussian_local_d100_rate1,FR--R,100,1.0,0.5,178,0.1,2.1072102468571727,1.999999985115013,1.9999999851150128,0.0965735902799726
F_gaussian_local_d100_rate1,FR--R,100,1.0,0.5,179,0.1,2.107210313156528,1.999999986603512,1.9999999866035116,0.0965735902799726
F_gaussian_local_d100_rate1,FR--R,100,1.0,0.5,180,0.1,2.1072103950075713,1.9999999879431605,1.9999999879431605,0.0965735902799726
F_gaussian_local_d100_rate1,FR--R,100,1.0,0.5,181,0.1,2.1072103131565254,1.9999999891488445,1.9999999891488445,0.0965735902799726
F_gaussian_local_d100_rate1,FR--R,100,1.0,0.5,182,0.1,2.1072106163085467,1.99999999023396,1.99999999023396,0.0965735902799726
F_gaussian_local_d100_rate1,FR--R,100,1.0,0.5,183,0.1,2.1072103131565254,1.999999991210564,1.999999991210564,0.0965735902799726
F_gaussian_local_d100_rate1,FR--R,100,1.0,0.5,184,0.1,2.1072109369261307,1.999999992089508,1.999999992089508,0.0965735902799726
F_gaussian_local_d100_rate1,FR--R,100,1.0,0.5,185,0.1,2.1072103131565294,1.999999992880557,1.9999999928805572,0.0965735902799726
F_gaussian_local_d100_rate1,FR--R,100,1.0,0.5,186,0.1,2.107209697087782,1.9999999935925012,1.9999999935925017,0.0965735902799726
F_gaussian_local_d100_rate1,FR--R,100,1.0,0.5,187,0.1,2.1072096286357165,1.9999999942332516,1.9999999942332511,0.0965735902799726
F_gaussian_local_d100_rate1,FR--R,100,1.0,0.5,188,0.1,2.107210693445859,1.9999999948099256,1.9999999948099256,0.0965735902799726
F_gaussian_local_d100_rate1,FR--R,100,1.0,0.5,189,0.1,2.1072109469720983,1.9999999953289331,1.9999999953289336,0.0965735902799726
F_gaussian_local_d100_rate1,FR--R,100,1.0,0.5,190,0.1,2.1072112521425956,1.9999999957960404,1.99999999579604,0.0965735902799726
F_gaussian_local_d100_rate1,FR--R,100,1.0,0.5,191,0.1,2.107210834815473,1.9999999962164363,1.9999999962164363,0.0965735902799726
F_gaussian_local_d100_rate1,FR--R,100,1.0,0.5,192,0.1,2.107211762209227,1.999999996594793,1.9999999965947928,0.0965735902799726
F_gaussian_local_d100_rate1,FR--R,100,1.0,0.5,193,0.1,2.1072103131565236,1.9999999969353135,1.9999999969353135,0.0965735902799726
F_gaussian_local_d100_rate1,FR--R,100,1.0,0.5,194,0.1,2.1072088819933654,1.9999999972417823,1.9999999972417823,0.0965735902799726
F_gaussian_local_d100_rate1,FR--R,100,1.0,0.5,195,0.1,2.1072107107018385,1.999999997517604,1.999999997517604,0.0965735902799726
F_gaussian_local_d100_rate1,FR--R,100,1.0,0.5,196,0.1,2.1072089880055143,1.9999999977658436,1.9999999977658436,0.0965735902799726
F_gaussian_local_d100_rate1,FR--R,100,1.0,0.5,197,0.1,2.107212276343239,1.999999997989259,1.999999997989259,0.0965735902799726
F_gaussian_local_d100_rate1,FR--R,100,1.0,0.5,198,0.1,2.1072119491456056,1.9999999981903336,1.9999999981903336,0.0965735902799726
F_gaussian_local_d100_rate1,FR--R,100,1.0,0.5,199,0.1,2.107212736844296,1.9999999983713,1.9999999983713,0.0965735902799726
F_gaussian_local_d100_rate1.5,FR--KL,100,1.5,0.75,0,0.1,1.4464132315925153,1.5,1.5,0.0188410362258904
F_gaussian_local_d100_rate1.5,FR--KL,100,1.5,0.75,1,0.1,1.4788369079725483,1.5348837209302324,1.5348837209302324,0.0188410362258904
F_gaussian_local_d100_rate1.5,FR--KL,100,1.5,0.75,2,0.1,1.5096012684065778,1.5680345572354215,1.5680345572354215,0.0188410362258904
F_gaussian_local_d100_rate1.5,FR--KL,100,1.5,0.75,3,0.1,1.5387015705198992,1.5994392149008614,1.5994392149008614,0.0188410362258904
F_gaussian_local_d100_rate1.5,FR--KL,100,1.5,0.75,4,0.1,1.5661478313048987,1.6291007547799643,1.6291007547799643,0.0188410362258904
F_gaussian_local_d100_rate1.5,FR--KL,100,1.5,0.75,5,0.1,1.5919630998275094,1.6570368325293705,1.6570368325293705,0.0188410362258904
F_gaussian_local_d100_rate1.5,FR--KL,100,1.5,0.75,6,0.1,1.616181675186696,1.683277846251348,1.6832778462513482,0.0188410362258904
F_gaussian_local_d100_rate1.5,FR--KL,100,1.5,0.75,7,0.1,1.638847329626602,1.7078650598913878,1.7078650598913878,0.0188410362258904
F_gaussian_local_d100_rate1.5,FR--KL,100,1.5,0.75,8,0.1,1.6600115861791493,1.730848759836474,1.7308487598364741,0.0188410362258904
F_gaussian_local_d100_rate1.5,FR--KL,100,1.5,0.75,9,0.1,1.679732089421924,1.752286490842476,1.752286490842476,0.0188410362258904
F_gaussian_local_d100_rate1.5,FR--KL,100,1.5,0.75,10,0.1,1.6980710975325388,1.7722414061971743,1.7722414061971745,0.0188410362258904
F_gaussian_local_d100_rate1.5,FR--KL,100,1.5,0.75,11,0.1,1.7150941143141691,1.7907807565113647,1.790780756511365,0.0188410362258904
F_gaussian_local_d100_rate1.5,FR--KL,100,1.5,0.75,12,0.1,1.7308686715533501,1.8079745321414256,1.8079745321414256,0.0188410362258904
F_gaussian_local_d100_rate1.5,FR--KL,100,1.5,0.75,13,0.1,1.745463265116763,1.823894266223064,1.823894266223064,0.0188410362258904
F_gaussian_local_d100_rate1.5,FR--KL,100,1.5,0.75,14,0.1,1.7589464426290853,1.83861199873068,1.83861199873068,0.0188410362258904
F_gaussian_local_d100_rate1.5,FR--KL,100,1.5,0.75,15,0.1,1.7713860363308611,1.852199396849305,1.852199396849305,0.0188410362258904
F_gaussian_local_d100_rate1.5,FR--KL,100,1.5,0.75,16,0.1,1.7828485316844167,1.8647270231553847,1.8647270231553847,0.0188410362258904
F_gaussian_local_d100_rate1.5,FR--KL,100,1.5,0.75,17,0.1,1.7933985603034934,1.8762637404973248,1.8762637404973248,0.0188410362258904
F_gaussian_local_d100_rate1.5,FR--KL,100,1.5,0.75,18,0.1,1.80309850467206,1.886876240869583,1.8868762408695832,0.0188410362258904
F_gaussian_local_d100_rate1.5,FR--KL,100,1.5,0.75,19,0.1,1.812008201700372,1.8966286848013705,1.8966286848013705,0.0188410362258904
F_gaussian_local_d100_rate1.5,FR--KL,100,1.5,0.75,20,0.1,1.8201847322906461,1.905582437655912,1.905582437655912,0.0188410362258904
F_gaussian_local_d100_rate1.5,FR--KL,100,1.5,0.75,21,0.1,1.8276822846077712,1.9137958895977285,1.913795889597728,0.0188410362258904
F_gaussian_local_d100_rate1.5,FR--KL,100,1.5,0.75,22,0.1,1.8345520795382078,1.921324346693224,1.921324346693224,0.0188410362258904
F_gaussian_local_d100_rate1.5,FR--KL,100,1.5,0.75,23,0.1,1.840842347786844,1.928219981546284,1.9282199815462833,0.0188410362258904
F_gaussian_local_d100_rate1.5,FR--KL,100,1.5,0.75,24,0.1,1.8465983491105542,1.934531832940272,1.934531832940272,0.0188410362258904
F_gaussian_local_d100_rate1.5,FR--KL,100,1.5,0.75,25,0.1,1.8518624252734885,1.940305845086321,1.9403058450863209,0.0188410362258904
F_gaussian_local_d100_rate1.5,FR--KL,100,1.5,0.75,26,0.1,1.856674079364357,1.9455849382090105,1.9455849382090105,0.0188410362258904
F_gaussian_local_d100_rate1.5,FR--KL,100,1.5,0.75,27,0.1,1.8610700751359082,1.950409103294167,1.9504091032941673,0.0188410362258904
F_gaussian_local_d100_rate1.5,FR--KL,100,1.5,0.75,28,0.1,1.8650845509629683,1.9548155148521669,1.954815514852167,0.0188410362258904
F_gaussian_local_d100_rate1.5,FR--KL,100,1.5,0.75,29,0.1,1.8687491438841815,1.95883865649678,1.95883865649678,0.0188410362258904
F_gaussian_local_d100_rate1.5,FR--KL,100,1.5,0.75,30,0.1,1.872093119951999,1.9625104549952668,1.9625104549952668,0.0188410362258904
F_gaussian_local_d100_rate1.5,FR--KL,100,1.5,0.75,31,0.1,1.8751435078010188,1.9658604192070344,1.9658604192070344,0.0188410362258904
F_gaussian_local_d100_rate1.5,FR--KL,100,1.5,0.75,32,0.1,1.8779252329481555,1.9689157809970297,1.96891578099703,0.0188410362258904
F_gaussian_local_d100_rate1.5,FR--KL,100,1.5,0.75,33,0.1,1.8804612508381104,1.9717016357904584,1.9717016357904584,0.0188410362258904
F_gaussian_local_d100_rate1.5,FR--KL,100,1.5,0.75,34,0.1,1.8827726770943014,1.974241080933444,1.974241080933444,0.0188410362258904
F_gaussian_local_d100_rate1.5,FR--KL,100,1.5,0.75,35,0.1,1.8848789137982476,1.9765553504472049,1.9765553504472049,0.0188410362258904
F_gaussian_local_d100_rate1.5,FR--KL,100,1.5,0.75,36,0.1,1.886797770951158,1.9786639451188437,1.9786639451188432,0.0188410362258904
F_gaussian_local_d100_rate1.5,FR--KL,100,1.5,0.75,37,0.1,1.8885455824876234,1.9805847571677395,1.9805847571677395,0.0188410362258904
F_gaussian_local_d100_rate1.5,FR--KL,100,1.5,0.75,38,0.1,1.8901373164709878,1.9823341889701735,1.9823341889701735,0.0188410362258904
F_gaussian_local_d100_rate1.5,FR--KL,100,1.5,0.75,39,0.1,1.8915866792340987,1.98392726552334,1.983927265523339,0.0188410362258904
F_gaussian_local_d100_rate1.5,FR--KL,100,1.5,0.75,40,0.1,1.8929062133642323,1.9853777404896469,1.9853777404896464,0.0188410362258904
F_gaussian_local_d100_rate1.5,FR--KL,100,1.5,0.75,41,0.1,1.894107389585169,1.9866981957890808,1.9866981957890817,0.0188410362258904
F_gaussian_local_d100_rate1.5,FR--KL,100,1.5,0.75,42,0.1,1.895200692595866,1.9879001348065384,1.9879001348065384,0.0188410362258904
F_gaussian_local_d100_rate1.5,FR--KL,100,1.5,0.75,43,0.1,1.8961957010624402,1.9889940693569843,1.9889940693569843,0.0188410362258904
F_gaussian_local_d100_rate1.5,FR--KL,100,1.5,0.75,44,0.1,1.8971011619589089,1.989989600608104,1.989989600608104,0.0188410362258904
F_gaussian_local_d100_rate1.5,FR--KL,100,1.5,0.75,45,0.1,1.8979250595156456,1.9908954942010344,1.9908954942010344,0.0188410362258904
F_gaussian_local_d100_rate1.5,FR--KL,100,1.5,0.75,46,0.1,1.898674679001398,1.9917197498379575,1.991719749837958,0.0188410362258904
F_gaussian_local_d100_rate1.5,FR--KL,100,1.5,0.75,47,0.1,1.899356665683414,1.992469665623032,1.992469665623032,0.0188410362258904
F_gaussian_local_d100_rate1.5,FR--KL,100,1.5,0.75,48,0.1,1.8999770791786643,1.993151897452664,1.993151897452664,0.0188410362258904
F_gaussian_local_d100_rate1.5,FR--KL,100,1.5,0.75,49,0.1,1.9005414435297079,1.9937725137540387,1.9937725137540387,0.0188410362258904
F_gaussian_local_d100_rate1.5,FR--KL,100,1.5,0.75,50,0.1,1.9010547932694901,1.9943370458687184,1.9943370458687184,0.0188410362258904
F_gaussian_local_d100_rate1.5,FR--KL,100,1.5,0.75,51,0.1,1.9015217157385145,1.9948505343721237,1.9948505343721232,0.0188410362258904
F_gaussian_local_d100_rate1.5,FR--KL,100,1.5,0.75,52,0.1,1.9019463899450388,1.995317571610837,1.9953175716108371,0.0188410362258904
F_gaussian_local_d100_rate1.5,FR--KL,100,1.5,0.75,53,0.1,1.9023326221625798,1.995742340728732,1.995742340728732,0.0188410362258904
F_gaussian_local_d100_rate1.5,FR--KL,100,1.5,0.75,54,0.1,1.9026838786096836,1.9961286514405252,1.9961286514405256,0.0188410362258904
F_gaussian_local_d100_rate1.5,FR--KL,100,1.5,0.75,55,0.1,1.9030033153248151,1.9964799727981024,1.9964799727981024,0.0188410362258904
F_gaussian_local_d100_rate1.5,FR--KL,100,1.5,0.75,56,0.1,1.9032938055031883,1.9967994631811536,1.9967994631811536,0.0188410362258904
F_gaussian_local_d100_rate1.5,FR--KL,100,1.5,0.75,57,0.1,1.903557964504608,1.997089997729713,1.9970899977297127,0.0188410362258904
F_gaussian_local_d100_rate1.5,FR--KL,100,1.5,0.75,58,0.1,1.9037981727387887,1.997354193422324,1.997354193422324,0.0188410362258904
F_gaussian_local_d100_rate1.5,FR--KL,100,1.5,0.75,59,0.1,1.9040165965094669,1.9975944319899464,1.9975944319899464,0.0188410362258904
F_gaussian_local_d100_rate1.5,FR--KL,100,1.5,0.75,60,0.1,1.9042152070986795,1.9978128808425024,1.9978128808425024,0.0188410362258904
F_gaussian_local_d100_rate1.5,FR--KL,100,1.5,0.75,61,0.1,1.904395798184333,1.9980115121722823,1.9980115121722823,0.0188410362258904
F_gaussian_local_d100_rate1.5,FR--KL,100,1.5,0.75,62,0.1,1.9045600016293784,1.9981921203863209,1.9981921203863209,0.0188410362258904
F_gaussian_local_d100_rate1.5,FR--KL,100,1.5,0.75,63,0.1,1.9047093020906203,1.998356338008336,1.9983563380083365,0.0188410362258904
F_gaussian_local_d100_rate1.5,FR--KL,100,1.5,0.75,64,0.1,1.904845050107069,1.998505650180033,1.9985056501800331,0.0188410362258904
F_gaussian_local_d100_rate1.5,FR--KL,100,1.5,0.75,65,0.1,1.9049684742046191,1.998641407881308,1.998641407881308,0.0188410362258904
F_gaussian_local_d100_rate1.5,FR--KL,100,1.5,0.75,66,0.1,1.9050806918224268,1.998764839979431,1.998764839979431,0.0188410362258904
F_gaussian_local_d100_rate1.5,FR--KL,100,1.5,0.75,67,0.1,1.9051827193220263,1.998877064208329,1.998877064208329,0.0188410362258904
F_gaussian_local_d100_rate1.5,FR--KL,100,1.5,0.75,68,0.1,1.9052754810785772,1.9989790971708292,1.9989790971708297,0.0188410362258904
F_gaussian_local_d100_rate1.5,FR--KL,100,1.5,0.75,69,0.1,1.9053598177900457,1.9990718634490623,1.9990718634490623,0.0188410362258904
F_gaussian_local_d100_rate1.5,FR--KL,100,1.5,0.75,70,0.1,1.9054364940135577,1.9991562039010569,1.9991562039010569,0.0188410362258904
F_gaussian_local_d100_rate1.5,FR--KL,100,1.5,0.75,71,0.1,1.9055062050311569,1.999232883215045,1.9992328832150448,0.0188410362258904
F_gaussian_local_d100_rate1.5,FR--KL,100,1.5,0.75,72,0.1,1.9055695831098118,1.999302596786872,1.999302596786872,0.0188410362258904
F_gaussian_local_d100_rate1.5,FR--KL,100,1.5,0.75,73,0.1,1.905627203195061,1.999365976980352,1.999365976980352,0.0188410362258904
F_gaussian_local_d100_rate1.5,FR--KL,100,1.5,0.75,74,0.1,1.9056795881641888,1.9994235988252456,1.999423598825246,0.0188410362258904
F_gaussian_local_d100_rate1.5,FR--KL,100,1.5,0.75,75,0.1,1.9057272133180774,1.9994759852028263,1.9994759852028263,0.0188410362258904
F_gaussian_local_d100_rate1.5,FR--KL,100,1.5,0.75,76,0.1,1.905770510991121,1.999523611564633,1.9995236115646335,0.0188410362258904
F_gaussian_local_d100_rate1.5,FR--KL,100,1.5,0.75,77,0.1,1.9058098742102263,1.9995669102260771,1.9995669102260776,0.0188410362258904
F_gaussian_local_d100_rate1.5,FR--KL,100,1.5,0.75,78,0.1,1.9058456604353675,1.9996062742728615,1.9996062742728615,0.0188410362258904
F_gaussian_local_d100_rate1.5,FR--KL,100,1.5,0.75,79,0.1,1.9058781944313001,1.999642061114886,1.9996420611148864,0.0188410362258904
F_gaussian_local_d100_rate1.5,FR--KL,100,1.5,0.75,80,0.1,1.9059077717960315,1.9996745957192208,1.9996745957192212,0.0188410362258904
F_gaussian_local_d100_rate1.5,FR--KL,100,1.5,0.75,81,0.1,1.9059346610938372,1.9997041735509649,1.9997041735509649,0.0188410362258904
F_gaussian_local_d100_rate1.5,FR--KL,100,1.5,0.75,82,0.1,1.9059591067288013,1.9997310632482124,1.9997310632482128,0.0188410362258904
F_gaussian_local_d100_rate1.5,FR--KL,100,1.5,0.75,83,0.1,1.905981330393767,1.9997555090550765,1.999755509055076,0.0188410362258904
F_gaussian_local_d100_rate1.5,FR--KL,100,1.5,0.75,84,0.1,1.9060015342217147,1.9997777330345123,1.9997777330345123,0.0188410362258904
F_gaussian_local_d100_rate1.5,FR--KL,100,1.5,0.75,85,0.1,1.9060199016183983,1.9997979370808336,1.9997979370808336,0.0188410362258904
F_gaussian_local_d100_rate1.5,FR--KL,100,1.5,0.75,86,0.1,1.906036599692675,1.9998163047499395,1.999816304749939,0.0188410362258904
F_gaussian_local_d100_rate1.5,FR--KL,100,1.5,0.75,87,0.1,1.9060517799757066,1.999833002923737,1.9998330029237368,0.0188410362258904
F_gaussian_local_d100_rate1.5,FR--KL,100,1.5,0.75,88,0.1,1.9060655804255657,1.9998481833237185,1.999848183323718,0.0188410362258904
F_gaussian_local_d100_rate1.5,FR--KL,100,1.5,0.75,89,0.1,1.9060781265601459,1.999861983887328,1.999861983887328,0.0188410362258904
F_gaussian_local_d100_rate1.5,FR--KL,100,1.5,0.75,90,0.1,1.9060895320609899,1.9998745300195315,1.9998745300195313,0.0188410362258904
F_gaussian_local_d100_rate1.5,FR--KL,100,1.5,0.75,91,0.1,1.9060999009908204,1.9998859357308625,1.9998859357308625,0.0188410362258904
F_gaussian_local_d100_rate1.5,FR--KL,100,1.5,0.75,92,0.1,1.9061093275487262,1.9998963046722416,1.9998963046722416,0.0188410362258904
F_gaussian_local_d100_rate1.5,FR--KL,100,1.5,0.75,93,0.1,1.9061178969895054,1.9999057310758908,1.9999057310758908,0.0188410362258904
F_gaussian_local_d100_rate1.5,FR--KL,100,1.5,0.75,94,0.1,1.9061256873354333,1.9999143006108653,1.9999143006108653,0.0188410362258904
F_gaussian_local_d100_rate1.5,FR--KL,100,1.5,0.75,95,0.1,1.9061327698530883,1.9999220911609343,1.9999220911609343,0.0188410362258904
F_gaussian_local_d100_rate1.5,FR--KL,100,1.5,0.75,96,0.1,1.9061392082324347,1.9999291735318496,1.9999291735318496,0.0188410362258904
F_gaussian_local_d100_rate1.5,FR--KL,100,1.5,0.75,97,0.1,1.9061450617378795,1.999935612094392,1.999935612094392,0.0188410362258904
F_gaussian_local_d100_rate1.5,FR--KL,100,1.5,0.75,98,0.1,1.9061503825922932,1.9999414653690424,1.9999414653690424,0.0188410362258904
F_gaussian_local_d100_rate1.5,FR--KL,100,1.5,0.75,99,0.1,1.9061552201244254,1.9999467865575455,1.9999467865575455,0.0188410362258904
F_gaussian_local_d100_rate1.5,FR--KL,100,1.5,0.75,100,0.1,1.9061596180233993,1.999951624026212,1.999951624026212,0.0188410362258904
F_gaussian_local_d100_rate1.5,FR--KL,100,1.5,0.75,101,0.1,1.9061636158681967,1.999956021745307,1.9999560217453072,0.0188410362258904
F_gaussian_local_d100_rate1.5,FR--KL,100,1.5,0.75,102,0.1,1.9061672504333604,1.99996001968854,1.99996001968854,0.0188410362258904
F_gaussian_local_d100_rate1.5,FR--KL,100,1.5,0.75,103,0.1,1.9061705548599808,1.9999636541962584,1.9999636541962584,0.0188410362258904
F_gaussian_local_d100_rate1.5,FR--KL,100,1.5,0.75,104,0.1,1.906173558347754,1.9999669583056483,1.999966958305648,0.0188410362258904
F_gaussian_local_d100_rate1.5,FR--KL,100,1.5,0.75,105,0.1,1.906176288564181,1.99996996205093,1.9999699620509304,0.0188410362258904
F_gaussian_local_d100_rate1.5,FR--KL,100,1.5,0.75,106,0.1,1.9061787713856466,1.999972692736288,1.999972692736288,0.0188410362258904
F_gaussian_local_d100_rate1.5,FR--KL,100,1.5,0.75,107,0.1,1.9061810281680374,1.999975175183994,1.999975175183994,0.0188410362258904
F_gaussian_local_d100_rate1.5,FR--KL,100,1.5,0.75,108,0.1,1.9061830797156565,1.9999774319599832,1.9999774319599832,0.0188410362258904
F_gaussian_local_d100_rate1.5,FR--KL,100,1.5,0.75,109,0.1,1.9061849455753472,1.999979483578939,1.9999794835789388,0.0188410362258904
F_gaussian_local_d100_rate1.5,FR--KL,100,1.5,0.75,110,0.1,1.9061866413864237,1.9999813486907327,1.9999813486907336,0.0188410362258904
F_gaussian_local_d100_rate1.5,FR--KL,100,1.5,0.75,111,0.1,1.9061881820724806,1.9999830442499291,1.9999830442499291,0.0188410362258904
F_gaussian_local_d100_rate1.5,FR--KL,100,1.5,0.75,112,0.1,1.9061895822567678,1.9999845856698737,1.999984585669874,0.0188410362258904
F_gaussian_local_d100_rate1.5,FR--KL,100,1.5,0.75,113,0.1,1.9061908574540734,1.9999859869627936,1.9999859869627936,0.0188410362258904
F_gaussian_local_d100_rate1.5,FR--KL,100,1.5,0.75,114,0.1,1.9061920153094454,1.9999872608671527,1.9999872608671532,0.0188410362258904
F_gaussian_local_d100_rate1.5,FR--KL,100,1.5,0.75,115,0.1,1.906193068013984,1.9999884189634332,1.9999884189634336,0.0188410362258904
F_gaussian_local_d100_rate1.5,FR--KL,100,1.5,0.75,116,0.1,1.9061940252557363,1.9999894717793971,1.9999894717793976,0.0188410362258904
F_gaussian_local_d100_rate1.5,FR--KL,100,1.5,0.75,117,0.1,1.9061948958762986,1.999990428885781,1.9999904288857808,0.0188410362258904
F_gaussian_local_d100_rate1.5,FR--KL,100,1.5,0.75,118,0.1,1.906195686048107,1.9999912989832889,1.9999912989832889,0.0188410362258904
F_gaussian_local_d100_rate1.5,FR--KL,100,1.5,0.75,119,0.1,1.9061964044979558,1.99999208998168,1.9999920899816792,0.0188410362258904
F_gaussian_local_d100_rate1.5,FR--KL,100,1.5,0.75,120,0.1,1.906197058567305,1.999992809071668,1.9999928090716683,0.0188410362258904
F_gaussian_local_d100_rate1.5,FR--KL,100,1.5,0.75,121,0.1,1.9061976541646422,1.999993462790289,1.999993462790289,0.0188410362258904
F_gaussian_local_d100_rate1.5,FR--KL,100,1.5,0.75,122,0.1,1.906198193414539,1.999994057080315,1.9999940570803152,0.0188410362258904
F_gaussian_local_d100_rate1.5,FR--KL,100,1.5,0.75,123,0.1,1.9061986862172033,1.9999945973442816,1.9999945973442816,0.0188410362258904
F_gaussian_local_d100_rate1.5,FR--KL,100,1.5,0.75,124,0.1,1.906199129702775,1.999995088493596,1.999995088493596,0.0188410362258904
F_gaussian_local_d100_rate1.5,FR--KL,100,1.5,0.75,125,0.1,1.906199533348201,1.9999955349931808,1.9999955349931808,0.0188410362258904
F_gaussian_local_d100_rate1.5,FR--KL,100,1.5,0.75,126,0.1,1.9061999026534977,1.9999959409020671,1.9999959409020671,0.0188410362258904
F_gaussian_local_d100_rate1.5,FR--KL,100,1.5,0.75,127,0.1,1.9062002437159697,1.9999963099102889,1.9999963099102889,0.0188410362258904
F_gaussian_local_d100_rate1.5,FR--KL,100,1.5,0.75,128,0.1,1.906200545629579,1.9999966453724276,1.9999966453724272,0.0188410362258904
F_gaussian_local_d100_rate1.5,FR--KL,100,1.5,0.75,129,0.1,1.9062008268470831,1.9999969503381048,1.9999969503381052,0.0188410362258904
F_gaussian_local_d100_rate1.5,FR--KL,100,1.5,0.75,130,0.1,1.9062010716332127,1.9999972275797115,1.999997227579712,0.0188410362258904
F_gaussian_local_d100_rate1.5,FR--KL,100,1.5,0.75,131,0.1,1.9062013019738326,1.9999974796176017,1.9999974796176017,0.0188410362258904
F_gaussian_local_d100_rate1.5,FR--KL,100,1.5,0.75,132,0.1,1.9062015072989063,1.9999977087430116,1.9999977087430112,0.0188410362258904
F_gaussian_local_d100_rate1.5,FR--KL,100,1.5,0.75,133,0.1,1.9062017047812987,1.999997917038884,1.999997917038884,0.0188410362258904
F_gaussian_local_d100_rate1.5,FR--KL,100,1.5,0.75,134,0.1,1.9062018735299597,1.9999981063988064,1.9999981063988064,0.0188410362258904
F_gaussian_local_d100_rate1.5,FR--KL,100,1.5,0.75,135,0.1,1.906202021676992,1.9999982785442203,1.9999982785442207,0.0188410362258904
F_gaussian_local_d100_rate1.5,FR--KL,100,1.5,0.75,136,0.1,1.906202178937469,1.9999984350400768,1.9999984350400777,0.0188410362258904
F_gaussian_local_d100_rate1.5,FR--KL,100,1.5,0.75,137,0.1,1.9062022966171106,1.9999985773090605,1.9999985773090607,0.0188410362258904
F_gaussian_local_d100_rate1.5,FR--KL,100,1.5,0.75,138,0.1,1.9062024303723206,1.9999987066445168,1.9999987066445168,0.0188410362258904
F_gaussian_local_d100_rate1.5,FR--KL,100,1.5,0.75,139,0.1,1.9062025268227796,1.9999988242222195,1.9999988242222193,0.0188410362258904
F_gaussian_local_d100_rate1.5,FR--KL,100,1.5,0.75,140,0.1,1.9062026147509814,1.9999989311110515,1.999998931111051,0.0188410362258904
F_gaussian_local_d100_rate1.5,FR--KL,100,1.5,0.75,141,0.1,1.9062027085637008,1.999999028282727,1.9999990282827265,0.0188410362258904
F_gaussian_local_d100_rate1.5,FR--KL,100,1.5,0.75,142,0.1,1.9062027982757528,1.9999991166206208,1.9999991166206208,0.0188410362258904
F_gaussian_local_d100_rate1.5,FR--KL,100,1.5,0.75,143,0.1,1.9062028440229566,1.9999991969278057,1.9999991969278053,0.0188410362258904
F_gaussian_local_d100_rate1.5,FR--KL,100,1.5,0.75,144,0.1,1.9062029202800115,1.9999992699343407,1.9999992699343407,0.0188410362258904
F_gaussian_local_d100_rate1.5,FR--KL,100,1.5,0.75,145,0.1,1.9062030052576797,1.9999993363039237,1.999999336303924,0.0188410362258904
F_gaussian_local_d100_rate1.5,FR--KL,100,1.5,0.75,146,0.1,1.9062030830758014,1.9999993966399128,1.9999993966399128,0.0188410362258904
F_gaussian_local_d100_rate1.5,FR--KL,100,1.5,0.75,147,0.1,1.9062030860199186,1.9999994514908157,1.999999451490816,0.0188410362258904
F_gaussian_local_d100_rate1.5,FR--KL,100,1.5,0.75,148,0.1,1.9062031552432495,1.9999995013552732,1.9999995013552745,0.0188410362258904
F_gaussian_local_d100_rate1.5,FR--KL,100,1.5,0.75,149,0.1,1.9062031826735055,1.9999995466866016,1.9999995466866032,0.0188410362258904
F_gaussian_local_d100_rate1.5,FR--KL,100,1.5,0.75,150,0.1,1.9062031984459042,1.999999587896902,1.9999995878969032,0.0188410362258904
F_gaussian_local_d100_rate1.5,FR--KL,100,1.5,0.75,151,0.1,1.9062032736635564,1.999999625360812,1.9999996253608137,0.0188410362258904
F_gaussian_local_d100_rate1.5,FR--KL,100,1.5,0.75,152,0.1,1.906203244029095,1.9999996594189136,1.999999659418916,0.0188410362258904
F_gaussian_local_d100_rate1.5,FR--KL,100,1.5,0.75,153,0.1,1.9062032934475317,1.9999996903808288,1.9999996903808273,0.0188410362258904
F_gaussian_local_d100_rate1.5,FR--KL,100,1.5,0.75,154,0.1,1.906203327870913,1.9999997185280225,1.9999997185280207,0.0188410362258904
F_gaussian_local_d100_rate1.5,FR--KL,100,1.5,0.75,155,0.1,1.906203363527812,1.9999997441163813,1.9999997441163793,0.0188410362258904
F_gaussian_local_d100_rate1.5,FR--KL,100,1.5,0.75,156,0.1,1.9062034070891647,1.9999997673785237,1.9999997673785237,0.0188410362258904
F_gaussian_local_d100_rate1.5,FR--KL,100,1.5,0.75,157,0.1,1.906203350389976,1.999999788525928,1.9999997885259289,0.0188410362258904
F_gaussian_local_d100_rate1.5,FR--KL,100,1.5,0.75,158,0.1,1.9062034366987313,1.9999998077508407,1.9999998077508416,0.0188410362258904
F_gaussian_local_d100_rate1.5,FR--KL,100,1.5,0.75,159,0.1,1.9062035249394693,1.999999825228036,1.9999998252280369,0.0188410362258904
F_gaussian_local_d100_rate1.5,FR--KL,100,1.5,0.75,160,0.1,1.9062034814889774,1.999999841116396,1.9999998411163964,0.0188410362258904
F_gaussian_local_d100_rate1.5,FR--KL,100,1.5,0.75,161,0.1,1.9062035253714082,1.999999855560358,1.9999998555603595,0.0188410362258904
F_gaussian_local_d100_rate1.5,FR--KL,100,1.5,0.75,162,0.1,1.9062035149178658,1.999999868691234,1.9999998686912352,0.0188410362258904
F_gaussian_local_d100_rate1.5,FR--KL,100,1.5,0.75,163,0.1,1.9062035030807745,1.999999880628393,1.9999998806283952,0.0188410362258904
F_gaussian_local_d100_rate1.5,FR--KL,100,1.5,0.75,164,0.1,1.9062034405809747,1.9999998914803567,1.9999998914803592,0.0188410362258904
F_gaussian_local_d100_rate1.5,FR--KL,100,1.5,0.75,165,0.1,1.9062035960863477,1.9999999013457777,1.99999990134578,0.0188410362258904
F_gaussian_local_d100_rate1.5,FR--KL,100,1.5,0.75,166,0.1,1.9062036753122154,1.9999999103143429,1.9999999103143455,0.0188410362258904
F_gaussian_local_d100_rate1.5,FR--KL,100,1.5,0.75,167,0.1,1.9062036287669673,1.9999999184675867,1.9999999184675872,0.0188410362258904
F_gaussian_local_d100_rate1.5,FR--KL,100,1.5,0.75,168,0.1,1.9062034822485026,1.9999999258796248,1.9999999258796248,0.0188410362258904
F_gaussian_local_d100_rate1.5,FR--KL,100,1.5,0.75,169,0.1,1.9062035235895127,1.9999999326178404,1.9999999326178404,0.0188410362258904
F_gaussian_local_d100_rate1.5,FR--KL,100,1.5,0.75,170,0.1,1.9062034003451325,1.9999999387434912,1.9999999387434912,0.0188410362258904
F_gaussian_local_d100_rate1.5,FR--KL,100,1.5,0.75,171,0.1,1.906203620009919,1.999999944312264,1.999999944312264,0.0188410362258904
F_gaussian_local_d100_rate1.5,FR--KL,100,1.5,0.75,172,0.1,1.9062034469603009,1.9999999493747855,1.9999999493747855,0.0188410362258904
F_gaussian_local_d100_rate1.5,FR--KL,100,1.5,0.75,173,0.1,1.9062036250337127,1.9999999539770772,1.9999999539770776,0.0188410362258904
F_gaussian_local_d100_rate1.5,FR--KL,100,1.5,0.75,174,0.1,1.9062034474863632,1.99999995816098,1.9999999581609795,0.0188410362258904
F_gaussian_local_d100_rate1.5,FR--KL,100,1.5,0.75,175,0.1,1.90620409813881,1.9999999619645263,1.9999999619645263,0.0188410362258904
F_gaussian_local_d100_rate1.5,FR--KL,100,1.5,0.75,176,0.1,1.9062039043226664,1.9999999654222975,1.9999999654222975,0.0188410362258904
F_gaussian_local_d100_rate1.5,FR--KL,100,1.5,0.75,177,0.1,1.9062033841717885,1.999999968565726,1.9999999685657257,0.0188410362258904
F_gaussian_local_d100_rate1.5,FR--KL,100,1.5,0.75,178,0.1,1.906203580544386,1.9999999714233867,1.9999999714233867,0.0188410362258904
F_gaussian_local_d100_rate1.5,FR--KL,100,1.5,0.75,179,0.1,1.9062029635940172,1.9999999740212608,1.9999999740212608,0.0188410362258904
F_gaussian_local_d100_rate1.5,FR--KL,100,1.5,0.75,180,0.1,1.90620352086879,1.999999976382964,1.9999999763829632,0.0188410362258904
F_gaussian_local_d100_rate1.5,FR--KL,100,1.5,0.75,181,0.1,1.9062033065053174,1.9999999785299667,1.9999999785299665,0.0188410362258904
F_gaussian_local_d100_rate1.5,FR--KL,100,1.5,0.75,182,0.1,1.9062040056286225,1.999999980481788,1.9999999804817876,0.0188410362258904
F_gaussian_local_d100_rate1.5,FR--KL,100,1.5,0.75,183,0.1,1.9062031455812047,1.999999982256171,1.9999999822561711,0.0188410362258904
F_gaussian_local_d100_rate1.5,FR--KL,100,1.5,0.75,184,0.1,1.906203458427866,1.9999999838692453,1.999999983869246,0.0188410362258904
F_gaussian_local_d100_rate1.5,FR--KL,100,1.5,0.75,185,0.1,1.906203414377729,1.999999985335678,1.999999985335678,0.0188410362258904
F_gaussian_local_d100_rate1.5,FR--KL,100,1.5,0.75,186,0.1,1.906203962510371,1.9999999866687976,1.999999986668798,0.0188410362258904
F_gaussian_local_d100_rate1.5,FR--KL,100,1.5,0.75,187,0.1,1.9062032662874864,1.999999987880726,1.9999999878807255,0.0188410362258904
F_gaussian_local_d100_rate1.5,FR--KL,100,1.5,0.75,188,0.1,1.9062015806974768,1.9999999889824776,1.9999999889824776,0.0188410362258904
F_gaussian_local_d100_rate1.5,FR--KL,100,1.5,0.75,189,0.1,1.9062047488673233,1.99999998998407,1.9999999899840697,0.0188410362258904
F_gaussian_local_d100_rate1.5,FR--KL,100,1.5,0.75,190,0.1,1.9062029620311394,1.9999999908946091,1.9999999908946096,0.0188410362258904
F_gaussian_local_d100_rate1.5,FR--KL,100,1.5,0.75,191,0.1,1.9062040789089345,1.999999991722372,1.999999991722372,0.0188410362258904
F_gaussian_local_d100_rate1.5,FR--KL,100,1.5,0.75,192,0.1,1.906204776345773,1.9999999924748837,1.9999999924748837,0.0188410362258904
F_gaussian_local_d100_rate1.5,FR--KL,100,1.5,0.75,193,0.1,1.9062018433312538,1.9999999931589856,1.9999999931589856,0.0188410362258904
F_gaussian_local_d100_rate1.5,FR--KL,100,1.5,0.75,194,0.1,1.9062002399074447,1.999999993780895,1.9999999937808952,0.0188410362258904
F_gaussian_local_d100_rate1.5,FR--KL,100,1.5,0.75,195,0.1,1.9062030462045256,1.999999994346268,1.9999999943462676,0.0188410362258904
F_gaussian_local_d100_rate1.5,FR--KL,100,1.5,0.75,196,0.1,1.906201003947799,1.9999999948602436,1.9999999948602432,0.0188410362258904
F_gaussian_local_d100_rate1.5,FR--KL,100,1.5,0.75,197,0.1,1.9062024555025536,1.9999999953274927,1.9999999953274932,0.0188410362258904
F_gaussian_local_d100_rate1.5,FR--KL,100,1.5,0.75,198,0.1,1.9062021323421547,1.9999999957522665,1.9999999957522665,0.0188410362258904
F_gaussian_local_d100_rate1.5,FR--KL,100,1.5,0.75,199,0.1,1.9062004909323453,1.999999996138424,1.9999999961384236,0.0188410362258904
F_gaussian_local_d100_rate1.5,FR--R,100,1.5,0.75,0,0.1,1.5796815318453266,1.5,1.5,0.0188410362258904
F_gaussian_local_d100_rate1.5,FR--R,100,1.5,0.75,1,0.1,1.6197275363515256,1.5379726807866432,1.537972680786643,0.0188410362258904
F_gaussian_local_d100_rate1.5,FR--R,100,1.5,0.75,2,0.1,1.6576354781106106,1.573915516359268,1.573915516359268,0.0188410362258904
F_gaussian_local_d100_rate1.5,FR--R,100,1.5,0.75,3,0.1,1.693381498512081,1.607806291878989,1.607806291878989,0.0188410362258904
F_gaussian_local_d100_rate1.5,FR--R,100,1.5,0.75,4,0.1,1.7269662690948562,1.6396460307910807,1.639646030791081,0.0188410362258904
F_gaussian_local_d100_rate1.5,FR--R,100,1.5,0.75,5,0.1,1.7584122932728348,1.669456429483077,1.669456429483077,0.0188410362258904
F_gaussian_local_d100_rate1.5,FR--R,100,1.5,0.75,6,0.1,1.787761002563261,1.6972770992627249,1.697277099262725,0.0188410362258904
F_gaussian_local_d100_rate1.5,FR--R,100,1.5,0.75,7,0.1,1.8150697805805363,1.7231627418205775,1.723162741820578,0.0188410362258904
F_gaussian_local_d100_rate1.5,FR--R,100,1.5,0.75,8,0.1,1.8404090278574572,1.7471803651127156,1.7471803651127154,0.0188410362258904
F_gaussian_local_d100_rate1.5,FR--R,100,1.5,0.75,9,0.1,1.8638593579396656,1.7694066251171257,1.7694066251171259,0.0188410362258904
F_gaussian_local_d100_rate1.5,FR--R,100,1.5,0.75,10,0.1,1.885508992270269,1.789925357168896,1.7899253571688958,0.0188410362258904
F_gaussian_local_d100_rate1.5,FR--R,100,1.5,0.75,11,0.1,1.9054513997538975,1.8088253400862613,1.8088253400862613,0.0188410362258904
F_gaussian_local_d100_rate1.5,FR--R,100,1.5,0.75,12,0.1,1.923783207658894,1.826198318097407,1.8261983180974073,0.0188410362258904
F_gaussian_local_d100_rate1.5,FR--R,100,1.5,0.75,13,0.1,1.9406023943163404,1.842137290254375,1.8421372902543751,0.0188410362258904
F_gaussian_local_d100_rate1.5,FR--R,100,1.5,0.75,14,0.1,1.9560067611269705,1.8567350647900047,1.8567350647900052,0.0188410362258904
F_gaussian_local_d100_rate1.5,FR--R,100,1.5,0.75,15,0.1,1.970092671637483,1.8700830666674488,1.8700830666674488,0.0188410362258904
F_gaussian_local_d100_rate1.5,FR--R,100,1.5,0.75,16,0.1,1.9829540386062656,1.882270380127484,1.8822703801274836,0.0188410362258904
F_gaussian_local_d100_rate1.5,FR--R,100,1.5,0.75,17,0.1,1.994681535665527,1.893383003981228,1.893383003981228,0.0188410362258904
F_gaussian_local_d100_rate1.5,FR--R,100,1.5,0.75,18,0.1,2.0053620079484338,1.9035032953010944,1.9035032953010949,0.0188410362258904
F_gaussian_local_d100_rate1.5,FR--R,100,1.5,0.75,19,0.1,2.0150780554378014,1.9127095766058704,1.9127095766058704,0.0188410362258904
F_gaussian_local_d100_rate1.5,FR--R,100,1.5,0.75,20,0.1,2.0239077633930656,1.9210758822226155,1.9210758822226153,0.0188410362258904
F_gaussian_local_d100_rate1.5,FR--R,100,1.5,0.75,21,0.1,2.0319245556642653,1.928671820893628,1.928671820893628,0.0188410362258904
F_gaussian_local_d100_rate1.5,FR--R,100,1.5,0.75,22,0.1,2.039197148687698,1.9355625335935376,1.935562533593538,0.0188410362258904
F_gaussian_local_d100_rate1.5,FR--R,100,1.5,0.75,23,0.1,2.0457895862575315,1.941808727700213,1.9418087277002127,0.0188410362258904
F_gaussian_local_d100_rate1.5,FR--R,100,1.5,0.75,24,0.1,2.0517613375674904,1.94746677094844,1.94746677094844,0.0188410362258904
F_gaussian_local_d100_rate1.5,FR--R,100,1.5,0.75,25,0.1,2.05716744340966,1.952588830859623,1.952588830859623,0.0188410362258904
F_gaussian_local_d100_rate1.5,FR--R,100,1.5,0.75,26,0.1,2.0620586976888524,1.9572230474962344,1.9572230474962344,0.0188410362258904
F_gaussian_local_d100_rate1.5,FR--R,100,1.5,0.75,27,0.1,2.066481853511339,1.961413729380752,1.9614137293807516,0.0188410362258904
F_gaussian_local_d100_rate1.5,FR--R,100,1.5,0.75,28,0.1,2.0704798450049404,1.9652015642142209,1.9652015642142209,0.0188410362258904
F_gaussian_local_d100_rate1.5,FR--R,100,1.5,0.75,29,0.1,2.0740920177018967,1.968623837616811,1.9686238376168113,0.0188410362258904
F_gaussian_local_d100_rate1.5,FR--R,100,1.5,0.75,30,0.1,2.0773543617717958,1.971714654492224,1.971714654492224,0.0188410362258904
F_gaussian_local_d100_rate1.5,FR--R,100,1.5,0.75,31,0.1,2.0802997436446065,1.9745051587988185,1.9745051587988187,0.0188410362258904
F_gaussian_local_d100_rate1.5,FR--R,100,1.5,0.75,32,0.1,2.0829581326121467,1.977023748507608,1.9770237485076072,0.0188410362258904
F_gaussian_local_d100_rate1.5,FR--R,100,1.5,0.75,33,0.1,2.0853568198754475,1.9792962833585857,1.9792962833585857,0.0188410362258904
F_gaussian_local_d100_rate1.5,FR--R,100,1.5,0.75,34,0.1,2.0875206282382077,1.9813462837111828,1.9813462837111828,0.0188410362258904
F_gaussian_local_d100_rate1.5,FR--R,100,1.5,0.75,35,0.1,2.089472111224102,1.983195119340852,1.983195119340852,0.0188410362258904
F_gaussian_local_d100_rate1.5,FR--R,100,1.5,0.75,36,0.1,2.091231740862948,1.984862187480016,1.984862187480016,0.0188410362258904
F_gaussian_local_d100_rate1.5,FR--R,100,1.5,0.75,37,0.1,2.0928180837897044,1.9863650797544083,1.9863650797544088,0.0188410362258904
F_gaussian_local_d100_rate1.5,FR--R,100,1.5,0.75,38,0.1,2.0942479655600805,1.9877197379404024,1.9877197379404024,0.0188410362258904
F_gaussian_local_d100_rate1.5,FR--R,100,1.5,0.75,39,0.1,2.0955366233190604,1.9889405986784376,1.988940598678438,0.0188410362258904
F_gaussian_local_d100_rate1.5,FR--R,100,1.5,0.75,40,0.1,2.0966978471490068,1.9900407274338172,1.9900407274338172,0.0188410362258904
F_gaussian_local_d100_rate1.5,FR--R,100,1.5,0.75,41,0.1,2.0977441104900203,1.9910319421088785,1.9910319421088785,0.0188410362258904
F_gaussian_local_d100_rate1.5,FR--R,100,1.5,0.75,42,0.1,2.0986866901672627,1.9919249267883683,1.9919249267883687,0.0188410362258904
F_gaussian_local_d100_rate1.5,FR--R,100,1.5,0.75,43,0.1,2.0995357765568086,1.992729336149848,1.992729336149848,0.0188410362258904
F_gaussian_local_d100_rate1.5,FR--R,100,1.5,0.75,44,0.1,2.1003005745180205,1.9934538910991293,1.9934538910991288,0.0188410362258904
F_gaussian_local_d100_rate1.5,FR--R,100,1.5,0.75,45,0.1,2.1009893956526895,1.994106466201996,1.9941064662019952,0.0188410362258904
F_gaussian_local_d100_rate1.5,FR--R,100,1.5,0.75,46,0.1,2.101609742512891,1.99469416948174,1.9946941694817404,0.0188410362258904
F_gaussian_local_d100_rate1.5,FR--R,100,1.5,0.75,47,0.1,2.102168385355762,1.9952234151407824,1.9952234151407824,0.0188410362258904
F_gaussian_local_d100_rate1.5,FR--R,100,1.5,0.75,48,0.1,2.102671431989884,1.9956999897462688,1.9956999897462688,0.0188410362258904
F_gaussian_local_d100_rate1.5,FR--R,100,1.5,0.75,49,0.1,2.103124391271032,1.9961291123963745,1.9961291123963745,0.0188410362258904
F_gaussian_local_d100_rate1.5,FR--R,100,1.5,0.75,50,0.1,2.1035322307663225,1.9965154893575336,1.9965154893575336,0.0188410362258904
F_gaussian_local_d100_rate1.5,FR--R,100,1.5,0.75,51,0.1,2.10389942908266,1.9968633636344693,1.9968633636344697,0.0188410362258904
F_gaussian_local_d100_rate1.5,FR--R,100,1.5,0.75,52,0.1,2.104230023275714,1.9971765599055664,1.9971765599055664,0.0188410362258904
F_gaussian_local_d100_rate1.5,FR--R,100,1.5,0.75,53,0.1,2.104527651820176,1.9974585252266484,1.997458525226648,0.0188410362258904
F_gaussian_local_d100_rate1.5,FR--R,100,1.5,0.75,54,0.1,2.104795593501115,1.9977123658771807,1.9977123658771807,0.0188410362258904
F_gaussian_local_d100_rate1.5,FR--R,100,1.5,0.75,55,0.1,2.1050368025837716,1.9979408806946768,1.9979408806946772,0.0188410362258904
F_gaussian_local_d100_rate1.5,FR--R,100,1.5,0.75,56,0.1,2.105253940667253,1.9981465912159744,1.9981465912159744,0.0188410362258904
F_gaussian_local_d100_rate1.5,FR--R,100,1.5,0.75,57,0.1,2.105449405362395,1.998331768918288,1.998331768918288,0.0188410362258904
F_gaussian_local_d100_rate1.5,FR--R,100,1.5,0.75,58,0.1,2.10562535634358,1.9984984598285895,1.9984984598285895,0.0188410362258904
F_gaussian_local_d100_rate1.5,FR--R,100,1.5,0.75,59,0.1,2.1057837387700378,1.9986485067470523,1.9986485067470527,0.0188410362258904
F_gaussian_local_d100_rate1.5,FR--R,100,1.5,0.75,60,0.1,2.105926304471829,1.9987835693089984,1.9987835693089984,0.0188410362258904
F_gaussian_local_d100_rate1.5,FR--R,100,1.5,0.75,61,0.1,2.106054631009036,1.9989051420900017,1.9989051420900017,0.0188410362258904
F_gaussian_local_d100_rate1.5,FR--R,100,1.5,0.75,62,0.1,2.1061701390118905,1.999014570940508,1.999014570940508,0.0188410362258904
F_gaussian_local_d100_rate1.5,FR--R,100,1.5,0.75,63,0.1,2.106274107643197,1.9991130677194555,1.9991130677194553,0.0188410362258904
F_gaussian_local_d100_rate1.5,FR--R,100,1.5,0.75,64,0.1,2.1063676886913614,1.9992017235808448,1.9992017235808448,0.0188410362258904
F_gaussian_local_d100_rate1.5,FR--R,100,1.5,0.75,65,0.1,2.1064519191302153,1.999281520952997,1.9992815209529968,0.0188410362258904
F_gaussian_local_d100_rate1.5,FR--R,100,1.5,0.75,66,0.1,2.106527732594218,1.9993533443371725,1.9993533443371727,0.0188410362258904
F_gaussian_local_d100_rate1.5,FR--R,100,1.5,0.75,67,0.1,2.106595969639152,1.99941799004036,1.99941799004036,0.0188410362258904
F_gaussian_local_d100_rate1.5,FR--R,100,1.5,0.75,68,0.1,2.1066573869696756,1.9994761749461447,1.9994761749461447,0.0188410362258904
F_gaussian_local_d100_rate1.5,FR--R,100,1.5,0.75,69,0.1,2.1067126658199977,1.999528544417704,1.999528544417704,0.0188410362258904
F_gaussian_local_d100_rate1.5,FR--R,100,1.5,0.75,70,0.1,2.106762419393672,1.999575679417964,1.999575679417964,0.0188410362258904
F_gaussian_local_d100_rate1.5,FR--R,100,1.5,0.75,71,0.1,2.1068071997387134,1.9996181029237976,1.9996181029237976,0.0188410362258904
F_gaussian_local_d100_rate1.5,FR--R,100,1.5,0.75,72,0.1,2.1068475037340098,1.9996562857036957,1.9996562857036952,0.0188410362258904
F_gaussian_local_d100_rate1.5,FR--R,100,1.5,0.75,73,0.1,2.106883778747691,1.99969065152165,1.9996906515216497,0.0188410362258904
F_gaussian_local_d100_rate1.5,FR--R,100,1.5,0.75,74,0.1,2.106916427384609,1.999721581823866,1.999721581823866,0.0188410362258904
F_gaussian_local_d100_rate1.5,FR--R,100,1.5,0.75,75,0.1,2.1069458120546685,1.999749419959411,1.9997494199594112,0.0188410362258904
F_gaussian_local_d100_rate1.5,FR--R,100,1.5,0.75,76,0.1,2.1069722590243227,1.999774474980909,1.9997744749809088,0.0188410362258904
F_gaussian_local_d100_rate1.5,FR--R,100,1.5,0.75,77,0.1,2.10699606185341,1.9997970250668813,1.9997970250668813,0.0188410362258904
F_gaussian_local_d100_rate1.5,FR--R,100,1.5,0.75,78,0.1,2.1070174849401293,1.9998173206032384,1.9998173206032388,0.0188410362258904
F_gaussian_local_d100_rate1.5,FR--R,100,1.5,0.75,79,0.1,2.107036766091824,1.9998355869577489,1.9998355869577489,0.0188410362258904
F_gaussian_local_d100_rate1.5,FR--R,100,1.5,0.75,80,0.1,2.107054119470439,1.9998520269779647,1.9998520269779656,0.0188410362258904
F_gaussian_local_d100_rate1.5,FR--R,100,1.5,0.75,81,0.1,2.1070697377040006,1.9998668232401045,1.9998668232401045,0.0188410362258904
F_gaussian_local_d100_rate1.5,FR--R,100,1.5,0.75,82,0.1,2.1070837943592684,1.999880140073629,1.9998801400736288,0.0188410362258904
F_gaussian_local_d100_rate1.5,FR--R,100,1.5,0.75,83,0.1,2.1070964455054075,1.99989212538386,1.99989212538386,0.0188410362258904
F_gaussian_local_d100_rate1.5,FR--R,100,1.5,0.75,84,0.1,2.107107831710359,1.9999029122927177,1.9999029122927177,0.0188410362258904
F_gaussian_local_d100_rate1.5,FR--R,100,1.5,0.75,85,0.1,2.1071180793455437,1.9999126206157087,1.9999126206157087,0.0188410362258904
F_gaussian_local_d100_rate1.5,FR--R,100,1.5,0.75,86,0.1,2.1071273022924033,1.9999213581914672,1.9999213581914672,0.0188410362258904
F_gaussian_local_d100_rate1.5,FR--R,100,1.5,0.75,87,0.1,2.107135603148718,1.9999292220785545,1.9999292220785545,0.0188410362258904
F_gaussian_local_d100_rate1.5,FR--R,100,1.5,0.75,88,0.1,2.107143073717216,1.9999362996327463,1.9999362996327463,0.0188410362258904
F_gaussian_local_d100_rate1.5,FR--R,100,1.5,0.75,89,0.1,2.107149797601911,1.9999426694767288,1.9999426694767288,0.0188410362258904
F_gaussian_local_d100_rate1.5,FR--R,100,1.5,0.75,90,0.1,2.1071558489602804,1.9999484023729328,1.9999484023729328,0.0188410362258904
F_gaussian_local_d100_rate1.5,FR--R,100,1.5,0.75,91,0.1,2.107161295264664,1.9999535620091795,1.9999535620091795,0.0188410362258904
F_gaussian_local_d100_rate1.5,FR--R,100,1.5,0.75,92,0.1,2.107166196942283,1.9999582057058285,1.999958205705828,0.0188410362258904
F_gaussian_local_d100_rate1.5,FR--R,100,1.5,0.75,93,0.1,2.1071706084288953,1.9999623850522736,1.999962385052274,0.0188410362258904
F_gaussian_local_d100_rate1.5,FR--R,100,1.5,0.75,94,0.1,2.107174578983916,1.99996614647984,1.9999661464798395,0.0188410362258904
F_gaussian_local_d100_rate1.5,FR--R,100,1.5,0.75,95,0.1,2.107178152076804,1.9999695317774175,1.9999695317774175,0.0188410362258904
F_gaussian_local_d100_rate1.5,FR--R,100,1.5,0.75,96,0.1,2.107181367960517,1.9999725785555809,1.9999725785555809,0.0188410362258904
F_gaussian_local_d100_rate1.5,FR--R,100,1.5,0.75,97,0.1,2.1071842629573974,1.9999753206643052,1.9999753206643056,0.0188410362258904
F_gaussian_local_d100_rate1.5,FR--R,100,1.5,0.75,98,0.1,2.1071868679525627,1.9999777885689445,1.999977788568944,0.0188410362258904
F_gaussian_local_d100_rate1.5,FR--R,100,1.5,0.75,99,0.1,2.107189212655908,1.999980009688616,1.999980009688616,0.0188410362258904
F_gaussian_local_d100_rate1.5,FR--R,100,1.5,0.75,100,0.1,2.107191322352008,1.9999820087007727,1.9999820087007731,0.0188410362258904
F_gaussian_local_d100_rate1.5,FR--R,100,1.5,0.75,101,0.1,2.1071932212510225,1.9999838078153205,1.9999838078153207,0.0188410362258904
F_gaussian_local_d100_rate1.5,FR--R,100,1.5,0.75,102,0.1,2.1071949305955893,1.9999854270213349,1.9999854270213344,0.0188410362258904
F_gaussian_local_d100_rate1.5,FR--R,100,1.5,0.75,103,0.1,2.1071964692256038,1.9999868843091133,1.9999868843091135,0.0188410362258904
F_gaussian_local_d100_rate1.5,FR--R,100,1.5,0.75,104,0.1,2.1071978534174605,1.9999881958700316,1.9999881958700312,0.0188410362258904
F_gaussian_local_d100_rate1.5,FR--R,100,1.5,0.75,105,0.1,2.1071990990765963,1.9999893762764096,1.9999893762764096,0.0188410362258904
F_gaussian_local_d100_rate1.5,FR--R,100,1.5,0.75,106,0.1,2.107200221110279,1.999990438643408,1.999990438643408,0.0188410362258904
F_gaussian_local_d100_rate1.5,FR--R,100,1.5,0.75,107,0.1,2.107201229594469,1.9999913947747243,1.9999913947747248,0.0188410362258904
F_gaussian_local_d100_rate1.5,FR--R,100,1.5,0.75,108,0.1,2.1072021382428177,1.9999922552937348,1.9999922552937348,0.0188410362258904
F_gaussian_local_d100_rate1.5,FR--R,100,1.5,0.75,109,0.1,2.1072029553901688,1.999993029761512,1.999993029761512,0.0188410362258904
F_gaussian_local_d100_rate1.5,FR--R,100,1.5,0.75,110,0.1,2.107203691496332,1.9999937267830528,1.9999937267830532,0.0188410362258904
F_gaussian_local_d100_rate1.5,FR--R,100,1.5,0.75,111,0.1,2.107204354279493,1.9999943541028788,1.9999943541028784,0.0188410362258904
F_gaussian_local_d100_rate1.5,FR--R,100,1.5,0.75,112,0.1,2.1072049496268628,1.9999949186910768,1.9999949186910768,0.0188410362258904
F_gaussian_local_d100_rate1.5,FR--R,100,1.5,0.75,113,0.1,2.107205487030894,1.9999954268207425,1.9999954268207427,0.0188410362258904
F_gaussian_local_d100_rate1.5,FR--R,100,1.5,0.75,114,0.1,2.1072059694634278,1.9999958841376757,1.9999958841376753,0.0188410362258904
F_gaussian_local_d100_rate1.5,FR--R,100,1.5,0.75,115,0.1,2.10720640462212,1.999996295723103,1.9999962957231032,0.0188410362258904
F_gaussian_local_d100_rate1.5,FR--R,100,1.5,0.75,116,0.1,2.107206796367217,1.9999966661501412,1.9999966661501416,0.0188410362258904
F_gaussian_local_d100_rate1.5,FR--R,100,1.5,0.75,117,0.1,2.107207145976228,1.9999969995345996,1.9999969995345996,0.0188410362258904
F_gaussian_local_d100_rate1.5,FR--R,100,1.5,0.75,118,0.1,2.1072074628390363,1.9999972995807125,1.999997299580712,0.0188410362258904
F_gaussian_local_d100_rate1.5,FR--R,100,1.5,0.75,119,0.1,2.1072077491278716,1.9999975696222945,1.9999975696222945,0.0188410362258904
F_gaussian_local_d100_rate1.5,FR--R,100,1.5,0.75,120,0.1,2.107208005641555,1.9999978126597848,1.9999978126597848,0.0188410362258904
F_gaussian_local_d100_rate1.5,FR--R,100,1.5,0.75,121,0.1,2.107208234260242,1.999998031393579,1.9999980313935792,0.0188410362258904
F_gaussian_local_d100_rate1.5,FR--R,100,1.5,0.75,122,0.1,2.107208447480559,1.9999982282540367,1.9999982282540367,0.0188410362258904
F_gaussian_local_d100_rate1.5,FR--R,100,1.5,0.75,123,0.1,2.1072086288465313,1.9999984054284847,1.9999984054284847,0.0188410362258904
F_gaussian_local_d100_rate1.5,FR--R,100,1.5,0.75,124,0.1,2.1072088040957584,1.9999985648855152,1.9999985648855152,0.0188410362258904
F_gaussian_local_d100_rate1.5,FR--R,100,1.5,0.75,125,0.1,2.1072089447214783,1.9999987083968664,1.9999987083968664,0.0188410362258904
F_gaussian_local_d100_rate1.5,FR--R,100,1.5,0.75,126,0.1,2.1072090859881336,1.9999988375571005,1.9999988375571,0.0188410362258904
F_gaussian_local_d100_rate1.5,FR--R,100,1.5,0.75,127,0.1,2.107209205266759,1.9999989538013256,1.9999989538013256,0.0188410362258904
F_gaussian_local_d100_rate1.5,FR--R,100,1.5,0.75,128,0.1,2.1072093132730934,1.999999058421141,1.9999990584211411,0.0188410362258904
F_gaussian_local_d100_rate1.5,FR--R,100,1.5,0.75,129,0.1,2.1072094170346247,1.9999991525789849,1.9999991525789849,0.0188410362258904
F_gaussian_local_d100_rate1.5,FR--R,100,1.5,0.75,130,0.1,2.10720951349829,1.999999237321052,1.999999237321052,0.0188410362258904
F_gaussian_local_d100_rate1.5,FR--R,100,1.5,0.75,131,0.1,2.107209589266006,1.99999931358892,1.9999993135889191,0.0188410362258904
F_gaussian_local_d100_rate1.5,FR--R,100,1.5,0.75,132,0.1,2.1072096589953055,1.9999993822300048,1.9999993822300048,0.0188410362258904
F_gaussian_local_d100_rate1.5,FR--R,100,1.5,0.75,133,0.1,2.107209710557889,1.9999994440069864,1.9999994440069864,0.0188410362258904
F_gaussian_local_d100_rate1.5,FR--R,100,1.5,0.75,134,0.1,2.1072098063070865,1.9999994996062729,1.9999994996062729,0.0188410362258904
F_gaussian_local_d100_rate1.5,FR--R,100,1.5,0.75,135,0.1,2.1072098255906098,1.999999549645634,1.999999549645634,0.0188410362258904
F_gaussian_local_d100_rate1.5,FR--R,100,1.5,0.75,136,0.1,2.107209894373327,1.9999995946810607,1.9999995946810607,0.0188410362258904
F_gaussian_local_d100_rate1.5,FR--R,100,1.5,0.75,137,0.1,2.107209926296077,1.999999635212947,1.9999996352129472,0.0188410362258904
F_gaussian_local_d100_rate1.5,FR--R,100,1.5,0.75,138,0.1,2.1072099810036247,1.9999996716916464,1.999999671691646,0.0188410362258904
F_gaussian_local_d100_rate1.5,FR--R,100,1.5,0.75,139,0.1,2.1072100042159283,1.9999997045224764,1.9999997045224764,0.0188410362258904
F_gaussian_local_d100_rate1.5,FR--R,100,1.5,0.75,140,0.1,2.107210040398163,1.999999734070225,1.999999734070225,0.0188410362258904
F_gaussian_local_d100_rate1.5,FR--R,100,1.5,0.75,141,0.1,2.1072100904966384,1.999999760663199,1.9999997606631992,0.0188410362258904
F_gaussian_local_d100_rate1.5,FR--R,100,1.5,0.75,142,0.1,2.107210116152923,1.9999997845968764,1.9999997845968769,0.0188410362258904
F_gaussian_local_d100_rate1.5,FR--R,100,1.5,0.75,143,0.1,2.1072101044447047,1.9999998061371869,1.9999998061371873,0.0188410362258904
F_gaussian_local_d100_rate1.5,FR--R,100,1.5,0.75,144,0.1,2.107210168924776,1.9999998255234663,1.9999998255234663,0.0188410362258904
F_gaussian_local_d100_rate1.5,FR--R,100,1.5,0.75,145,0.1,2.1072101843220725,1.9999998429711183,1.9999998429711188,0.0188410362258904
F_gaussian_local_d100_rate1.5,FR--R,100,1.5,0.75,146,0.1,2.1072101595327846,1.999999858674006,1.999999858674006,0.0188410362258904
F_gaussian_local_d100_rate1.5,FR--R,100,1.5,0.75,147,0.1,2.1072102006542908,1.9999998728066049,1.9999998728066044,0.0188410362258904
F_gaussian_local_d100_rate1.5,FR--R,100,1.5,0.75,148,0.1,2.10721023125835,1.9999998855259435,1.999999885525943,0.0188410362258904
F_gaussian_local_d100_rate1.5,FR--R,100,1.5,0.75,149,0.1,2.1072102221585483,1.9999998969733483,1.9999998969733488,0.0188410362258904
F_gaussian_local_d100_rate1.5,FR--R,100,1.5,0.75,150,0.1,2.1072103025134914,1.9999999072760133,1.9999999072760133,0.0188410362258904
F_gaussian_local_d100_rate1.5,FR--R,100,1.5,0.75,151,0.1,2.1072102481157393,1.999999916548412,1.999999916548412,0.0188410362258904
F_gaussian_local_d100_rate1.5,FR--R,100,1.5,0.75,152,0.1,2.1072101292027803,1.9999999248935705,1.9999999248935705,0.0188410362258904
F_gaussian_local_d100_rate1.5,FR--R,100,1.5,0.75,153,0.1,2.107210225559512,1.9999999324042128,1.9999999324042128,0.0188410362258904
F_gaussian_local_d100_rate1.5,FR--R,100,1.5,0.75,154,0.1,2.107210175272327,1.9999999391637917,1.9999999391637913,0.0188410362258904
F_gaussian_local_d100_rate1.5,FR--R,100,1.5,0.75,155,0.1,2.1072102590842956,1.999999945247412,1.999999945247412,0.0188410362258904
F_gaussian_local_d100_rate1.5,FR--R,100,1.5,0.75,156,0.1,2.1072102831163932,1.999999950722671,1.9999999507226704,0.0188410362258904
F_gaussian_local_d100_rate1.5,FR--R,100,1.5,0.75,157,0.1,2.1072102352747093,1.9999999556504036,1.9999999556504031,0.0188410362258904
F_gaussian_local_d100_rate1.5,FR--R,100,1.5,0.75,158,0.1,2.1072102513455646,1.9999999600853628,1.9999999600853628,0.0188410362258904
F_gaussian_local_d100_rate1.5,FR--R,100,1.5,0.75,159,0.1,2.1072104367784577,1.9999999640768265,1.9999999640768265,0.0188410362258904
F_gaussian_local_d100_rate1.5,FR--R,100,1.5,0.75,160,0.1,2.107210297894558,1.999999967669144,1.999999967669144,0.0188410362258904
F_gaussian_local_d100_rate1.5,FR--R,100,1.5,0.75,161,0.1,2.1072101774945984,1.9999999709022296,1.9999999709022296,0.0188410362258904
F_gaussian_local_d100_rate1.5,FR--R,100,1.5,0.75,162,0.1,2.107210350840395,1.9999999738120064,1.9999999738120064,0.0188410362258904
F_gaussian_local_d100_rate1.5,FR--R,100,1.5,0.75,163,0.1,2.107210438769422,1.9999999764308056,1.9999999764308056,0.0188410362258904
F_gaussian_local_d100_rate1.5,FR--R,100,1.5,0.75,164,0.1,2.1072104992497036,1.9999999787877256,1.9999999787877256,0.0188410362258904
F_gaussian_local_d100_rate1.5,FR--R,100,1.5,0.75,165,0.1,2.107210519926731,1.999999980908953,1.9999999809089528,0.0188410362258904
F_gaussian_local_d100_rate1.5,FR--R,100,1.5,0.75,166,0.1,2.107210083411859,1.999999982818058,1.999999982818058,0.0188410362258904
F_gaussian_local_d100_rate1.5,FR--R,100,1.5,0.75,167,0.1,2.1072106322463466,1.999999984536252,1.999999984536252,0.0188410362258904
F_gaussian_local_d100_rate1.5,FR--R,100,1.5,0.75,168,0.1,2.107210454974225,1.999999986082627,1.9999999860826272,0.0188410362258904
F_gaussian_local_d100_rate1.5,FR--R,100,1.5,0.75,169,0.1,2.107209998006084,1.9999999874743644,1.9999999874743644,0.0188410362258904
F_gaussian_local_d100_rate1.5,FR--R,100,1.5,0.75,170,0.1,2.1072101380729493,1.999999988726928,1.999999988726928,0.0188410362258904
F_gaussian_local_d100_rate1.5,FR--R,100,1.5,0.75,171,0.1,2.1072101186192205,1.999999989854235,1.9999999898542349,0.0188410362258904
F_gaussian_local_d100_rate1.5,FR--R,100,1.5,0.75,172,0.1,2.107210421232806,1.999999990868811,1.9999999908688113,0.0188410362258904
F_gaussian_local_d100_rate1.5,FR--R,100,1.5,0.75,173,0.1,2.107210553326041,1.9999999917819304,1.9999999917819304,0.0188410362258904
F_gaussian_local_d100_rate1.5,FR--R,100,1.5,0.75,174,0.1,2.1072099128740045,1.9999999926037373,1.9999999926037373,0.0188410362258904
F_gaussian_local_d100_rate1.5,FR--R,100,1.5,0.75,175,0.1,2.1072098683981735,1.9999999933433636,1.9999999933433632,0.0188410362258904
F_gaussian_local_d100_rate1.5,FR--R,100,1.5,0.75,176,0.1,2.107209983705902,1.999999994009027,1.9999999940090272,0.0188410362258904
F_gaussian_local_d100_rate1.5,FR--R,100,1.5,0.75,177,0.1,2.107211228297159,1.999999994608124,1.999999994608124,0.0188410362258904
F_gaussian_local_d100_rate1.5,FR--R,100,1.5,0.75,178,0.1,2.107209906427351,1.999999995147312,1.999999995147312,0.0188410362258904
F_gaussian_local_d100_rate1.5,FR--R,100,1.5,0.75,179,0.1,2.1072094093139424,1.999999995632581,1.999999995632581,0.0188410362258904
F_gaussian_local_d100_rate1.5,FR--R,100,1.5,0.75,180,0.1,2.107210564223908,1.9999999960693224,1.9999999960693224,0.0188410362258904
F_gaussian_local_d100_rate1.5,FR--R,100,1.5,0.75,181,0.1,2.107210592120285,1.9999999964623905,1.9999999964623905,0.0188410362258904
F_gaussian_local_d100_rate1.5,FR--R,100,1.5,0.75,182,0.1,2.1072103131565267,1.9999999968161517,1.9999999968161513,0.0188410362258904
F_gaussian_local_d100_rate1.5,FR--R,100,1.5,0.75,183,0.1,2.1072099687568193,1.999999997134536,1.999999997134536,0.0188410362258904
F_gaussian_local_d100_rate1.5,FR--R,100,1.5,0.75,184,0.1,2.1072118438219145,1.9999999974210825,1.9999999974210825,0.0188410362258904
F_gaussian_local_d100_rate1.5,FR--R,100,1.5,0.75,185,0.1,2.107212439080871,1.9999999976789744,1.9999999976789744,0.0188410362258904
F_gaussian_local_d100_rate1.5,FR--R,100,1.5,0.75,186,0.1,2.1072122028672493,1.9999999979110772,1.9999999979110772,0.0188410362258904
F_gaussian_local_d100_rate1.5,FR--R,100,1.5,0.75,187,0.1,2.1072092633172113,1.9999999981199696,1.9999999981199696,0.0188410362258904
F_gaussian_local_d100_rate1.5,FR--R,100,1.5,0.75,188,0.1,2.10721206288874,1.9999999983079728,1.9999999983079728,0.0188410362258904
F_gaussian_local_d100_rate1.5,FR--R,100,1.5,0.75,189,0.1,2.10721290535268,1.9999999984771752,1.9999999984771752,0.0188410362258904
F_gaussian_local_d100_rate1.5,FR--R,100,1.5,0.75,190,0.1,2.1072131933748737,1.9999999986294577,1.999999998629458,0.0188410362258904
F_gaussian_local_d100_rate1.5,FR--R,100,1.5,0.75,191,0.1,2.1072127133387952,1.9999999987665125,1.9999999987665125,0.0188410362258904
F_gaussian_local_d100_rate1.5,FR--R,100,1.5,0.75,192,0.1,2.1072103131565223,1.9999999988898616,1.9999999988898616,0.0188410362258904
F_gaussian_local_d100_rate1.5,FR--R,100,1.5,0.75,193,0.1,2.1072113008859414,1.9999999990008752,1.9999999990008752,0.0188410362258904
F_gaussian_local_d100_rate1.5,FR--R,100,1.5,0.75,194,0.1,2.107214703065612,1.999999999100788,1.999999999100788,0.0188410362258904
F_gaussian_local_d100_rate1.5,FR--R,100,1.5,0.75,195,0.1,2.107209093737237,1.9999999991907087,1.9999999991907091,0.0188410362258904
F_gaussian_local_d100_rate1.5,FR--R,100,1.5,0.75,196,0.1,2.107217087709078,1.9999999992716384,1.9999999992716384,0.0188410362258904
F_gaussian_local_d100_rate1.5,FR--R,100,1.5,0.75,197,0.1,2.107207302243997,1.9999999993444744,1.9999999993444744,0.0188410362258904
F_gaussian_local_d100_rate1.5,FR--R,100,1.5,0.75,198,0.1,2.107208640427544,1.999999999410027,1.9999999994100273,0.0188410362258904
F_gaussian_local_d100_rate1.5,FR--R,100,1.5,0.75,199,0.1,2.107208454568926,1.9999999994690243,1.999999999469024,0.0188410362258904
F_gaussian_local_d10_rate0.25,FR--KL,10,0.25,0.125,0,0.1,0.2484503999711437,0.25,0.25,0.6022207708399179
F_gaussian_local_d10_rate0.25,FR--KL,10,0.25,0.125,1,0.1,0.2697772357188783,0.271604938271605,0.271604938271605,0.6022207708399179
F_gaussian_local_d10_rate0.25,FR--KL,10,0.25,0.125,2,0.1,0.29261147056870507,0.2947624847746652,0.2947624847746652,0.6022207708399179
F_gaussian_local_d10_rate0.25,FR--KL,10,0.25,0.125,3,0.1,0.3170038559635883,0.3195294682511106,0.3195294682511106,0.6022207708399179
F_gaussian_local_d10_rate0.25,FR--KL,10,0.25,0.125,4,0.1,0.3429972068786781,0.3459552699046565,0.3459552699046564,0.6022207708399179
F_gaussian_local_d10_rate0.25,FR--KL,10,0.25,0.125,5,0.1,0.3706246713759716,0.3740800486846894,0.3740800486846894,0.6022207708399179
F_gaussian_local_d10_rate0.25,FR--KL,10,0.25,0.125,6,0.1,0.39990795053371236,0.4039328917623676,0.4039328917623676,0.6022207708399179
F_gaussian_local_d10_rate0.25,FR--KL,10,0.25,0.125,7,0.1,0.430855519316444,0.4355299375817799,0.4355299375817798,0.6022207708399179
F_gaussian_local_d10_rate0.25,FR--KL,10,0.25,0.125,8,0.1,0.4634609093888093,0.4688725301504461,0.468872530150446,0.6022207708399179
F_gaussian_local_d10_rate0.25,FR--KL,10,0.25,0.125,9,0.1,0.49770112407229344,0.5039454736999135,0.5039454736999136,0.6022207708399179
F_gaussian_local_d10_rate0.25,FR--KL,10,0.25,0.125,10,0.1,0.5335352625890388,0.5407154654999919,0.5407154654999918,0.6022207708399179
F_gaussian_local_d10_rate0.25,FR--KL,10,0.25,0.125,11,0.1,0.5709034343588819,0.5791297903415199,0.5791297903415198,0.6022207708399179
F_gaussian_local_d10_rate0.25,FR--KL,10,0.25,0.125,12,0.1,0.6097260433854759,0.6191153618892649,0.6191153618892647,0.6022207708399179
F_gaussian_local_d10_rate0.25,FR--KL,10,0.25,0.125,13,0.1,0.6499035168304542,0.6605781927356084,0.6605781927356084,0.6022207708399179
F_gaussian_local_d10_rate0.25,FR--KL,10,0.25,0.125,14,0.1,0.6913165401943675,0.7034033658018911,0.703403365801891,0.6022207708399179
F_gaussian_local_d10_rate0.25,FR--KL,10,0.25,0.125,15,0.1,0.7338268440221135,0.7474555643930104,0.7474555643930104,0.6022207708399179
F_gaussian_local_d10_rate0.25,FR--KL,10,0.25,0.125,16,0.1,0.7772785642157449,0.7925801969118385,0.7925801969118385,0.6022207708399179
F_gaussian_local_d10_rate0.25,FR--KL,10,0.25,0.125,17,0.1,0.8215001709730211,0.8386051258155157,0.8386051258155156,0.6022207708399179
F_gaussian_local_d10_rate0.25,FR--KL,10,0.25,0.125,18,0.1,0.8663069317722324,0.8853429803267283,0.8853429803267284,0.6022207708399179
F_gaussian_local_d10_rate0.25,FR--KL,10,0.25,0.125,19,0.1,0.9115038438625619,0.932594000756186,0.9325940007561858,0.6022207708399179
F_gaussian_local_d10_rate0.25,FR--KL,10,0.25,0.125,20,0.1,0.9568889438406132,0.9801493315111792,0.9801493315111792,0.6022207708399179
F_gaussian_local_d10_rate0.25,FR--KL,10,0.25,0.125,21,0.1,1.0022568785500563,1.0277946525794708,1.0277946525794706,0.6022207708399179
F_gaussian_local_d10_rate0.25,FR--KL,10,0.25,0.125,22,0.1,1.047402604897064,1.0753140179621554,1.0753140179621554,0.6022207708399179
F_gaussian_local_d10_rate0.25,FR--KL,10,0.25,0.125,23,0.1,1.0921250778292535,1.1224937562023996,1.1224937562023993,0.6022207708399179
F_gaussian_local_d10_rate0.25,FR--KL,10,0.25,0.125,24,0.1,1.1362307864950336,1.1691262841160222,1.1691262841160222,0.6022207708399179
F_gaussian_local_d10_rate0.25,FR--KL,10,0.25,0.125,25,0.1,1.1795370084104417,1.2150136904729858,1.2150136904729856,0.6022207708399179
F_gaussian_local_d10_rate0.25,FR--KL,10,0.25,0.125,26,0.1,1.2218746693511002,1.2599709611504726,1.2599709611504728,0.6022207708399179
F_gaussian_local_d10_rate0.25,FR--KL,10,0.25,0.125,27,0.1,1.2630907209491775,1.30382873974586,1.3038287397458599,0.6022207708399179
F_gaussian_local_d10_rate0.25,FR--KL,10,0.25,0.125,28,0.1,1.303049976374847,1.3464355456863812,1.3464355456863812,0.6022207708399179
F_gaussian_local_d10_rate0.25,FR--KL,10,0.25,0.125,29,0.1,1.3416363745483733,1.3876594029810383,1.3876594029810383,0.6022207708399179
F_gaussian_local_d10_rate0.25,FR--KL,10,0.25,0.125,30,0.1,1.3787536726435081,1.4273888643152663,1.4273888643152666,0.6022207708399179
F_gaussian_local_d10_rate0.25,FR--KL,10,0.25,0.125,31,0.1,1.4143255931055971,1.465533444778847,1.465533444778847,0.6022207708399179
F_gaussian_local_d10_rate0.25,FR--KL,10,0.25,0.125,32,0.1,1.4482954734123434,1.5020235051729838,1.5020235051729838,0.6022207708399179
F_gaussian_local_d10_rate0.25,FR--KL,10,0.25,0.125,33,0.1,1.4806254833531243,1.5368096451878466,1.5368096451878468,0.6022207708399179
F_gaussian_local_d10_rate0.25,FR--KL,10,0.25,0.125,34,0.1,1.5112954853053107,1.5698616810539086,1.5698616810539086,0.6022207708399179
F_gaussian_local_d10_rate0.25,FR--KL,10,0.25,0.125,35,0.1,1.5403016180077367,1.6011672904477563,1.6011672904477565,0.6022207708399179
F_gaussian_local_d10_rate0.25,FR--KL,10,0.25,0.125,36,0.1,1.567654684268535,1.6307304098990878,1.630730409899088,0.6022207708399179
F_gaussian_local_d10_rate0.25,FR--KL,10,0.25,0.125,37,0.1,1.5933784187956757,1.6585694675091327,1.658569467509133,0.6022207708399179
F_gaussian_local_d10_rate0.25,FR--KL,10,0.25,0.125,38,0.1,1.6175077049431923,1.6847155274931145,1.6847155274931147,0.6022207708399179
F_gaussian_local_d10_rate0.25,FR--KL,10,0.25,0.125,39,0.1,1.640086799695361,1.7092104140290434,1.7092104140290434,0.6022207708399179
F_gaussian_local_d10_rate0.25,FR--KL,10,0.25,0.125,40,0.1,1.6611676156583701,1.7321048712273377,1.7321048712273377,0.6022207708399179
F_gaussian_local_d10_rate0.25,FR--KL,10,0.25,0.125,41,0.1,1.6808080980345286,1.7534568047043182,1.7534568047043184,0.6022207708399179
F_gaussian_local_d10_rate0.25,FR--KL,10,0.25,0.125,42,0.1,1.699070724197828,1.7733296390462732,1.7733296390462732,0.6022207708399179
F_gaussian_local_d10_rate0.25,FR--KL,10,0.25,0.125,43,0.1,1.7160211440359736,1.791790814991165,1.7917908149911648,0.6022207708399179
F_gaussian_local_d10_rate0.25,FR--KL,10,0.25,0.125,44,0.1,1.7317269709920038,1.80891044083848,1.80891044083848,0.6022207708399179
F_gaussian_local_d10_rate0.25,FR--KL,10,0.25,0.125,45,0.1,1.746256726858101,1.8247601046554864,1.8247601046554864,0.6022207708399179
F_gaussian_local_d10_rate0.25,FR--KL,10,0.25,0.125,46,0.1,1.7596789378885251,1.839411847365844,1.8394118473658436,0.6022207708399179
F_gaussian_local_d10_rate0.25,FR--KL,10,0.25,0.125,47,0.1,1.7720613756295558,1.852937291758134,1.8529372917581337,0.6022207708399179
F_gaussian_local_d10_rate0.25,FR--KL,10,0.25,0.125,48,0.1,1.7834704328919695,1.865406918732768,1.865406918732768,0.6022207708399179
F_gaussian_local_d10_rate0.25,FR--KL,10,0.25,0.125,49,0.1,1.7939706233608739,1.8768894795624216,1.8768894795624216,0.6022207708399179
F_gaussian_local_d10_rate0.25,FR--KL,10,0.25,0.125,50,0.1,1.8036241922658796,1.8874515313956408,1.8874515313956408,0.6022207708399179
F_gaussian_local_d10_rate0.25,FR--KL,10,0.25,0.125,51,0.1,1.8124908251513785,1.8971570825018904,1.8971570825018904,0.6022207708399179
F_gaussian_local_d10_rate0.25,FR--KL,10,0.25,0.125,52,0.1,1.8206274419438786,1.9060673336628788,1.9060673336628788,0.6022207708399179
F_gaussian_local_d10_rate0.25,FR--KL,10,0.25,0.125,53,0.1,1.8280880640483206,1.914240502499711,1.9142405024997111,0.6022207708399179
F_gaussian_local_d10_rate0.25,FR--KL,10,0.25,0.125,54,0.1,1.83492374300598,1.9217317182491391,1.9217317182491391,0.6022207708399179
F_gaussian_local_d10_rate0.25,FR--KL,10,0.25,0.125,55,0.1,1.8411825402239856,1.928592975448464,1.9285929754484636,0.6022207708399179
F_gaussian_local_d10_rate0.25,FR--KL,10,0.25,0.125,56,0.1,1.8469095483380196,1.9348731360635083,1.9348731360635087,0.6022207708399179
F_gaussian_local_d10_rate0.25,FR--KL,10,0.25,0.125,57,0.1,1.8521469458450248,1.9406179707240567,1.9406179707240567,0.6022207708399179
F_gaussian_local_d10_rate0.25,FR--KL,10,0.25,0.125,58,0.1,1.8569340777181993,1.9458702308611568,1.9458702308611568,0.6022207708399179
F_gaussian_local_d10_rate0.25,FR--KL,10,0.25,0.125,59,0.1,1.8613075557115693,1.9506697446312935,1.950669744631294,0.6022207708399179
F_gaussian_local_d10_rate0.25,FR--KL,10,0.25,0.125,60,0.1,1.8653013730032189,1.9550535305367875,1.955053530536788,0.6022207708399179
F_gaussian_local_d10_rate0.25,FR--KL,10,0.25,0.125,61,0.1,1.8689470286865932,1.959055923593448,1.959055923593448,0.6022207708399179
F_gaussian_local_d10_rate0.25,FR--KL,10,0.25,0.125,62,0.1,1.8722736583809318,1.962708709746889,1.9627087097468887,0.6022207708399179
F_gaussian_local_d10_rate0.25,FR--KL,10,0.25,0.125,63,0.1,1.8753081679053007,1.9660412649951853,1.9660412649951853,0.6022207708399179
F_gaussian_local_d10_rate0.25,FR--KL,10,0.25,0.125,64,0.1,1.8780753675518418,1.96908069633928,1.96908069633928,0.6022207708399179
F_gaussian_local_d10_rate0.25,FR--KL,10,0.25,0.125,65,0.1,1.880598105011455,1.9718519822580725,1.971851982258072,0.6022207708399179
F_gaussian_local_d10_rate0.25,FR--KL,10,0.25,0.125,66,0.1,1.8828973954291057,1.974378110898747,1.9743781108987468,0.6022207708399179
F_gaussian_local_d10_rate0.25,FR--KL,10,0.25,0.125,67,0.1,1.8849925474301488,1.976680214591788,1.976680214591788,0.6022207708399179
F_gaussian_local_d10_rate0.25,FR--KL,10,0.25,0.125,68,0.1,1.8869012842846788,1.9787776996520805,1.9787776996520807,0.6022207708399179
F_gaussian_local_d10_rate0.25,FR--KL,10,0.25,0.125,69,0.1,1.8886398596047134,1.9806883707202196,1.9806883707202192,0.6022207708399179
F_gaussian_local_d10_rate0.25,FR--KL,10,0.25,0.125,70,0.1,1.8902231671959246,1.9824285491390656,1.9824285491390656,0.6022207708399179
F_gaussian_local_d10_rate0.25,FR--KL,10,0.25,0.125,71,0.1,1.8916648448540867,1.984013185056732,1.984013185056732,0.6022207708399179
F_gaussian_local_d10_rate0.25,FR--KL,10,0.25,0.125,72,0.1,1.8929773720026555,1.9854559631049211,1.9854559631049216,0.6022207708399179
F_gaussian_local_d10_rate0.25,FR--KL,10,0.25,0.125,73,0.1,1.8941721612232199,1.9867694016267063,1.9867694016267063,0.6022207708399179
F_gaussian_local_d10_rate0.25,FR--KL,10,0.25,0.125,74,0.1,1.895259643767704,1.987964945525544,1.9879649455255444,0.6022207708399179
F_gaussian_local_d10_rate0.25,FR--KL,10,0.25,0.125,75,0.1,1.896249349215157,1.9890530528820909,1.9890530528820909,0.6022207708399179
F_gaussian_local_d10_rate0.25,FR--KL,10,0.25,0.125,76,0.1,1.8971499795069326,1.9900432755411683,1.9900432755411688,0.6022207708399179
F_gaussian_local_d10_rate0.25,FR--KL,10,0.25,0.125,77,0.1,1.8979694775851126,1.9909443339114248,1.9909443339114248,0.6022207708399179
F_gaussian_local_d10_rate0.25,FR--KL,10,0.25,0.125,78,0.1,1.8987150909082706,1.99176418624769,1.9917641862476905,0.6022207708399179
F_gaussian_local_d10_rate0.25,FR--KL,10,0.25,0.125,79,0.1,1.8993934301247224,1.9925100927032864,1.9925100927032864,0.6022207708399179
F_gaussian_local_d10_rate0.25,FR--KL,10,0.25,0.125,80,0.1,1.9000105231942954,1.99318867444858,1.99318867444858,0.6022207708399179
F_gaussian_local_d10_rate0.25,FR--KL,10,0.25,0.125,81,0.1,1.9005718652108128,1.9938059681547384,1.993805968154738,0.6022207708399179
F_gaussian_local_d10_rate0.25,FR--KL,10,0.25,0.125,82,0.1,1.9010824642524133,1.994367476139209,1.9943674761392092,0.6022207708399179
F_gaussian_local_d10_rate0.25,FR--KL,10,0.25,0.125,83,0.1,1.9015468835145846,1.994878212463348,1.994878212463348,0.6022207708399179
F_gaussian_local_d10_rate0.25,FR--KL,10,0.25,0.125,84,0.1,1.9019692799387002,1.9953427452635315,1.9953427452635313,0.6022207708399179
F_gaussian_local_d10_rate0.25,FR--KL,10,0.25,0.125,85,0.1,1.90235343969155,1.9957652355860904,1.9957652355860904,0.6022207708399179
F_gaussian_local_d10_rate0.25,FR--KL,10,0.25,0.125,86,0.1,1.9027028106109116,1.9961494729839568,1.9961494729839568,0.6022207708399179
F_gaussian_local_d10_rate0.25,FR--KL,10,0.25,0.125,87,0.1,1.9030205319989617,1.9964989081195568,1.9964989081195572,0.6022207708399179
F_gaussian_local_d10_rate0.25,FR--KL,10,0.25,0.125,88,0.1,1.903309461788274,1.996816682604748,1.996816682604748,0.6022207708399179
F_gaussian_local_d10_rate0.25,FR--KL,10,0.25,0.125,89,0.1,1.9035722014393452,1.9971056562945584,1.9971056562945584,0.6022207708399179
F_gaussian_local_d10_rate0.25,FR--KL,10,0.25,0.125,90,0.1,1.903811118667043,1.997368432237708,1.997368432237708,0.6022207708399179
F_gaussian_local_d10_rate0.25,FR--KL,10,0.25,0.125,91,0.1,1.9040283682312409,1.997607379473233,1.9976073794732327,0.6022207708399179
F_gaussian_local_d10_rate0.25,FR--KL,10,0.25,0.125,92,0.1,1.9042259108968747,1.9978246538494,1.9978246538494,0.6022207708399179
F_gaussian_local_d10_rate0.25,FR--KL,10,0.25,0.125,93,0.1,1.9044055307431875,1.9980222170284283,1.9980222170284287,0.6022207708399179
F_gaussian_local_d10_rate0.25,FR--KL,10,0.25,0.125,94,0.1,1.9045688509398302,1.9982018538284405,1.9982018538284407,0.6022207708399179
F_gaussian_local_d10_rate0.25,FR--KL,10,0.25,0.125,95,0.1,1.9047173481782476,1.9983651880426336,1.9983651880426336,0.6022207708399179
F_gaussian_local_d10_rate0.25,FR--KL,10,0.25,0.125,96,0.1,1.904852365775135,1.998513696864843,1.9985136968648431,0.6022207708399179
F_gaussian_local_d10_rate0.25,FR--KL,10,0.25,0.125,97,0.1,1.9049751256760687,1.998648724040508,1.9986487240405075,0.6022207708399179
F_gaussian_local_d10_rate0.25,FR--KL,10,0.25,0.125,98,0.1,1.9050867393219042,1.9987714918525743,1.9987714918525743,0.6022207708399179
F_gaussian_local_d10_rate0.25,FR--KL,10,0.25,0.125,99,0.1,1.90518821761314,1.998883112042979,1.9988831120429793,0.6022207708399179
F_gaussian_local_d10_rate0.25,FR--KL,10,0.25,0.125,100,0.1,1.905280480035807,1.9989845957621275,1.9989845957621275,0.6022207708399179
F_gaussian_local_d10_rate0.25,FR--KL,10,0.25,0.125,101,0.1,1.90536436268065,1.9990768626311348,1.9990768626311348,0.6022207708399179
F_gaussian_local_d10_rate0.25,FR--KL,10,0.25,0.125,102,0.1,1.9054406260721024,1.999160748994488,1.9991607489944876,0.6022207708399179
F_gaussian_local_d10_rate0.25,FR--KL,10,0.25,0.125,103,0.1,1.9055099617128428,1.999237015434281,1.9992370154342811,0.6022207708399179
F_gaussian_local_d10_rate0.25,FR--KL,10,0.25,0.125,104,0.1,1.905572998500818,1.9993063536110969,1.9993063536110964,0.6022207708399179
F_gaussian_local_d10_rate0.25,FR--KL,10,0.25,0.125,105,0.1,1.9056303083196098,1.9993693924910592,1.9993693924910592,0.6022207708399179
F_gaussian_local_d10_rate0.25,FR--KL,10,0.25,0.125,106,0.1,1.9056824111352249,1.999426704013474,1.9994267040134737,0.6022207708399179
F_gaussian_local_d10_rate0.25,FR--KL,10,0.25,0.125,107,0.1,1.9057297797995583,1.9994788082487431,1.9994788082487431,0.6022207708399179
F_gaussian_local_d10_rate0.25,FR--KL,10,0.25,0.125,108,0.1,1.905772844230142,1.999526178091945,1.999526178091945,0.6022207708399179
F_gaussian_local_d10_rate0.25,FR--KL,10,0.25,0.125,109,0.1,1.9058119954330304,1.9995692435335015,1.9995692435335015,0.6022207708399179
F_gaussian_local_d10_rate0.25,FR--KL,10,0.25,0.125,110,0.1,1.9058475888937736,1.999608395544721,1.9996083955447213,0.6022207708399179
F_gaussian_local_d10_rate0.25,FR--KL,10,0.25,0.125,111,0.1,1.905879947687979,1.9996439896126903,1.99964398961269,0.6022207708399179
F_gaussian_local_d10_rate0.25,FR--KL,10,0.25,0.125,112,0.1,1.9059093656822717,1.99967634895594,1.99967634895594,0.6022207708399179
F_gaussian_local_d10_rate0.25,FR--KL,10,0.25,0.125,113,0.1,1.9059361101636143,1.9997057674495509,1.9997057674495509,0.6022207708399179
F_gaussian_local_d10_rate0.25,FR--KL,10,0.25,0.125,114,0.1,1.9059604239260142,1.999732512285792,1.999732512285792,0.6022207708399179
F_gaussian_local_d10_rate0.25,FR--KL,10,0.25,0.125,115,0.1,1.9059825278669733,1.9997568263940853,1.9997568263940857,0.6022207708399179
F_gaussian_local_d10_rate0.25,FR--KL,10,0.25,0.125,116,0.1,1.9060026228879947,1.999778930641975,1.999778930641975,0.6022207708399179
F_gaussian_local_d10_rate0.25,FR--KL,10,0.25,0.125,117,0.1,1.906020891502275,1.9997990258368303,1.9997990258368303,0.6022207708399179
F_gaussian_local_d10_rate0.25,FR--KL,10,0.25,0.125,118,0.1,1.9060374995187368,1.999817294546252,1.999817294546252,0.6022207708399179
F_gaussian_local_d10_rate0.25,FR--KL,10,0.25,0.125,119,0.1,1.906052598033553,1.999833902753553,1.9998339027535528,0.6022207708399179
F_gaussian_local_d10_rate0.25,FR--KL,10,0.25,0.125,120,0.1,1.9060663241466915,1.999849001363209,1.9998490013632089,0.6022207708399179
F_gaussian_local_d10_rate0.25,FR--KL,10,0.25,0.125,121,0.1,1.9060788026162974,1.999862727569829,1.9998627275698289,0.6022207708399179
F_gaussian_local_d10_rate0.25,FR--KL,10,0.25,0.125,122,0.1,1.9060901466952966,1.999875206102992,1.999875206102992,0.6022207708399179
F_gaussian_local_d10_rate0.25,FR--KL,10,0.25,0.125,123,0.1,1.906100459949264,1.9998865503591816,1.999886550359182,0.6022207708399179
F_gaussian_local_d10_rate0.25,FR--KL,10,0.25,0.125,124,0.1,1.9061098354448396,1.9998968634310383,1.9998968634310388,0.6022207708399179
F_gaussian_local_d10_rate0.25,FR--KL,10,0.25,0.125,125,0.1,1.9061183588179522,1.9999062390432087,1.9999062390432092,0.6022207708399179
F_gaussian_local_d10_rate0.25,FR--KL,10,0.25,0.125,126,0.1,1.906126107111689,1.9999147624032836,1.9999147624032836,0.6022207708399179
F_gaussian_local_d10_rate0.25,FR--KL,10,0.25,0.125,127,0.1,1.9061331516398983,1.9999225109754857,1.9999225109754857,0.6022207708399179
F_gaussian_local_d10_rate0.25,FR--KL,10,0.25,0.125,128,0.1,1.9061395551992384,1.9999295551841376,1.9999295551841376,0.6022207708399179
F_gaussian_local_d10_rate0.25,FR--KL,10,0.25,0.125,129,0.1,1.9061453769850647,1.9999359590532455,1.9999359590532455,0.6022207708399179
F_gaussian_local_d10_rate0.25,FR--KL,10,0.25,0.125,130,0.1,1.9061506692893404,1.9999417807880229,1.9999417807880224,0.6022207708399179
F_gaussian_local_d10_rate0.25,FR--KL,10,0.25,0.125,131,0.1,1.9061554810297743,1.9999470733035951,1.9999470733035951,0.6022207708399179
F_gaussian_local_d10_rate0.25,FR--KL,10,0.25,0.125,132,0.1,1.9061598546899794,1.999951884705697,1.9999518847056967,0.6022207708399179
F_gaussian_local_d10_rate0.25,FR--KL,10,0.25,0.125,133,0.1,1.9061638311956175,1.999956258727696,1.9999562587276956,0.6022207708399179
F_gaussian_local_d10_rate0.25,FR--KL,10,0.25,0.125,134,0.1,1.9061674463370977,1.9999602351279333,1.9999602351279335,0.6022207708399179
F_gaussian_local_d10_rate0.25,FR--KL,10,0.25,0.125,135,0.1,1.9061707322371804,1.9999638500509629,1.9999638500509629,0.6022207708399179
F_gaussian_local_d10_rate0.25,FR--KL,10,0.25,0.125,136,0.1,1.9061737203944014,1.999967136355965,1.9999671363559648,0.6022207708399179
F_gaussian_local_d10_rate0.25,FR--KL,10,0.25,0.125,137,0.1,1.9061764360449531,1.99997012391534,1.99997012391534,0.6022207708399179
F_gaussian_local_d10_rate0.25,FR--KL,10,0.25,0.125,138,0.1,1.9061789050577274,1.9999728398861525,1.9999728398861527,0.6022207708399179
F_gaussian_local_d10_rate0.25,FR--KL,10,0.25,0.125,139,0.1,1.9061811489224239,1.9999753089569288,1.9999753089569292,0.6022207708399179
F_gaussian_local_d10_rate0.25,FR--KL,10,0.25,0.125,140,0.1,1.9061831903038764,1.9999775535720157,1.9999775535720152,0.6022207708399179
F_gaussian_local_d10_rate0.25,FR--KL,10,0.25,0.125,141,0.1,1.906185044703333,1.9999795941355576,1.9999795941355576,0.6022207708399179
F_gaussian_local_d10_rate0.25,FR--KL,10,0.25,0.125,142,0.1,1.9061867313449494,1.999981449196936,1.9999814491969363,0.6022207708399179
F_gaussian_local_d10_rate0.25,FR--KL,10,0.25,0.125,143,0.1,1.9061882646165906,1.9999831356193585,1.9999831356193576,0.6022207708399179
F_gaussian_local_d10_rate0.25,FR--KL,10,0.25,0.125,144,0.1,1.9061896588384553,1.9999846687331184,1.9999846687331184,0.6022207708399179
F_gaussian_local_d10_rate0.25,FR--KL,10,0.25,0.125,145,0.1,1.9061909244916948,1.99998606247494,1.9999860624749404,0.6022207708399179
F_gaussian_local_d10_rate0.25,FR--KL,10,0.25,0.125,146,0.1,1.906192078286987,1.999987329514645,1.9999873295146455,0.6022207708399179
F_gaussian_local_d10_rate0.25,FR--KL,10,0.25,0.125,147,0.1,1.9061931240526768,1.999988481370317,1.9999884813703168,0.6022207708399179
F_gaussian_local_d10_rate0.25,FR--KL,10,0.25,0.125,148,0.1,1.9061940770502963,1.9999895285129867,1.9999895285129872,0.6022207708399179
F_gaussian_local_d10_rate0.25,FR--KL,10,0.25,0.125,149,0.1,1.906194941480052,1.9999904804618207,1.9999904804618207,0.6022207708399179
F_gaussian_local_d10_rate0.25,FR--KL,10,0.25,0.125,150,0.1,1.9061957299150039,1.9999913458706375,1.9999913458706375,0.6022207708399179
F_gaussian_local_d10_rate0.25,FR--KL,10,0.25,0.125,151,0.1,1.906196445237383,1.999992132606576,1.9999921326065764,0.6022207708399179
F_gaussian_local_d10_rate0.25,FR--KL,10,0.25,0.125,152,0.1,1.906197091820679,1.9999928478216031,1.9999928478216031,0.6022207708399179
F_gaussian_local_d10_rate0.25,FR--KL,10,0.25,0.125,153,0.1,1.906197682554383,1.999993498017525,1.999993498017525,0.6022207708399179
F_gaussian_local_d10_rate0.25,FR--KL,10,0.25,0.125,154,0.1,1.9061982221441014,1.999994089105093,1.999994089105093,0.6022207708399179
F_gaussian_local_d10_rate0.25,FR--KL,10,0.25,0.125,155,0.1,1.9061987102764488,1.9999946264577315,1.9999946264577315,0.6022207708399179
F_gaussian_local_d10_rate0.25,FR--KL,10,0.25,0.125,156,0.1,1.9061991525945758,1.9999951149603807,1.9999951149603807,0.6022207708399179
F_gaussian_local_d10_rate0.25,FR--KL,10,0.25,0.125,157,0.1,1.9061995565360261,1.9999955590539047,1.9999955590539047,0.6022207708399179
F_gaussian_local_d10_rate0.25,FR--KL,10,0.25,0.125,158,0.1,1.9061999270821888,1.999995962775462,1.9999959627754615,0.6022207708399179
F_gaussian_local_d10_rate0.25,FR--KL,10,0.25,0.125,159,0.1,1.9062002574966548,1.999996329795201,1.9999963297952008,0.6022207708399179
F_gaussian_local_d10_rate0.25,FR--KL,10,0.25,0.125,160,0.1,1.9062005614453,1.9999966634496256,1.9999966634496256,0.6022207708399179
F_gaussian_local_d10_rate0.25,FR--KL,10,0.25,0.125,161,0.1,1.9062008389290312,1.9999969667719268,1.9999969667719268,0.6022207708399179
F_gaussian_local_d10_rate0.25,FR--KL,10,0.25,0.125,162,0.1,1.9062010956413367,1.999997242519553,1.9999972425195536,0.6022207708399179
F_gaussian_local_d10_rate0.25,FR--KL,10,0.25,0.125,163,0.1,1.9062013184205462,1.9999974931992808,1.9999974931992808,0.6022207708399179
F_gaussian_local_d10_rate0.25,FR--KL,10,0.25,0.125,164,0.1,1.9062015246277533,1.999997721089996,1.9999977210899955,0.6022207708399179
F_gaussian_local_d10_rate0.25,FR--KL,10,0.25,0.125,165,0.1,1.9062017178991322,1.9999979282634184,1.9999979282634175,0.6022207708399179
F_gaussian_local_d10_rate0.25,FR--KL,10,0.25,0.125,166,0.1,1.9062018889553791,1.99999811660293,1.9999981166029304,0.6022207708399179
F_gaussian_local_d10_rate0.25,FR--KL,10,0.25,0.125,167,0.1,1.9062020377871591,1.9999982878206997,1.9999982878206992,0.6022207708399179
F_gaussian_local_d10_rate0.25,FR--KL,10,0.25,0.125,168,0.1,1.906202178962754,1.9999984434732416,1.9999984434732416,0.6022207708399179
F_gaussian_local_d10_rate0.25,FR--KL,10,0.25,0.125,169,0.1,1.9062023093484952,1.999998584975574,1.9999985849755744,0.6022207708399179
F_gaussian_local_d10_rate0.25,FR--KL,10,0.25,0.125,170,0.1,1.9062024199138838,1.999998713614076,1.9999987136140756,0.6022207708399179
F_gaussian_local_d10_rate0.25,FR--KL,10,0.25,0.125,171,0.1,1.9062025419155288,1.9999988305581813,1.9999988305581815,0.6022207708399179
F_gaussian_local_d10_rate0.25,FR--KL,10,0.25,0.125,172,0.1,1.9062026278138025,1.999998936871018,1.9999989368710185,0.6022207708399179
F_gaussian_local_d10_rate0.25,FR--KL,10,0.25,0.125,173,0.1,1.9062027055931263,1.9999990335190605,1.9999990335190607,0.6022207708399179
F_gaussian_local_d10_rate0.25,FR--KL,10,0.25,0.125,174,0.1,1.906202815687179,1.999999121380925,1.9999991213809252,0.6022207708399179
F_gaussian_local_d10_rate0.25,FR--KL,10,0.25,0.125,175,0.1,1.9062028616317008,1.999999201255356,1.9999992012553551,0.6022207708399179
F_gaussian_local_d10_rate0.25,FR--KL,10,0.25,0.125,176,0.1,1.906202938023915,1.9999992738684775,1.9999992738684784,0.6022207708399179
F_gaussian_local_d10_rate0.25,FR--KL,10,0.25,0.125,177,0.1,1.9062029690923192,1.9999993398804128,1.9999993398804128,0.6022207708399179
F_gaussian_local_d10_rate0.25,FR--KL,10,0.25,0.125,178,0.1,1.906203054395841,1.9999993998912664,1.9999993998912655,0.6022207708399179
F_gaussian_local_d10_rate0.25,FR--KL,10,0.25,0.125,179,0.1,1.9062030808143644,1.9999994544465909,1.9999994544465904,0.6022207708399179
F_gaussian_local_d10_rate0.25,FR--KL,10,0.25,0.125,180,0.1,1.9062031358418636,1.9999995040423424,1.9999995040423424,0.6022207708399179
F_gaussian_local_d10_rate0.25,FR--KL,10,0.25,0.125,181,0.1,1.906203211952362,1.999999549129392,1.9999995491293916,0.6022207708399179
F_gaussian_local_d10_rate0.25,FR--KL,10,0.25,0.125,182,0.1,1.9062032439635506,1.999999590117621,1.9999995901176209,0.6022207708399179
F_gaussian_local_d10_rate0.25,FR--KL,10,0.25,0.125,183,0.1,1.906203240929878,1.999999627379649,1.9999996273796488,0.6022207708399179
F_gaussian_local_d10_rate0.25,FR--KL,10,0.25,0.125,184,0.1,1.9062033391342617,1.99999966125422,1.99999966125422,0.6022207708399179
F_gaussian_local_d10_rate0.25,FR--KL,10,0.25,0.125,185,0.1,1.9062033177652753,1.9999996920492875,1.9999996920492873,0.6022207708399179
F_gaussian_local_d10_rate0.25,FR--KL,10,0.25,0.125,186,0.1,1.9062033264177565,1.9999997200448016,1.9999997200448023,0.6022207708399179
F_gaussian_local_d10_rate0.25,FR--KL,10,0.25,0.125,187,0.1,1.906203374482251,1.9999997454952712,1.9999997454952716,0.6022207708399179
F_gaussian_local_d10_rate0.25,FR--KL,10,0.25,0.125,188,0.1,1.906203375354704,1.9999997686320627,1.9999997686320623,0.6022207708399179
F_gaussian_local_d10_rate0.25,FR--KL,10,0.25,0.125,189,0.1,1.9062035095212426,1.999999789665509,1.9999997896655088,0.6022207708399179
F_gaussian_local_d10_rate0.25,FR--KL,10,0.25,0.125,190,0.1,1.906203398675505,1.9999998087868252,1.9999998087868256,0.6022207708399179
F_gaussian_local_d10_rate0.25,FR--KL,10,0.25,0.125,191,0.1,1.906203363606012,1.99999982616984,1.99999982616984,0.6022207708399179
F_gaussian_local_d10_rate0.25,FR--KL,10,0.25,0.125,192,0.1,1.9062033881314355,1.9999998419725795,1.99999984197258,0.6022207708399179
F_gaussian_local_d10_rate0.25,FR--KL,10,0.25,0.125,193,0.1,1.9062033797008278,1.999999856338708,1.9999998563387071,0.6022207708399179
F_gaussian_local_d10_rate0.25,FR--KL,10,0.25,0.125,194,0.1,1.906203378464334,1.9999998693988232,1.9999998693988232,0.6022207708399179
F_gaussian_local_d10_rate0.25,FR--KL,10,0.25,0.125,195,0.1,1.906203532500015,1.9999998812716564,1.9999998812716564,0.6022207708399179
F_gaussian_local_d10_rate0.25,FR--KL,10,0.25,0.125,196,0.1,1.9062035179125285,1.9999998920651407,1.9999998920651416,0.6022207708399179
F_gaussian_local_d10_rate0.25,FR--KL,10,0.25,0.125,197,0.1,1.906203564405456,1.9999999018774008,1.9999999018774013,0.6022207708399179
F_gaussian_local_d10_rate0.25,FR--KL,10,0.25,0.125,198,0.1,1.9062035363451213,1.999999910797637,1.9999999107976376,0.6022207708399179
F_gaussian_local_d10_rate0.25,FR--KL,10,0.25,0.125,199,0.1,1.9062035796575978,1.9999999189069428,1.9999999189069428,0.6022207708399179
F_gaussian_local_d10_rate0.25,FR--R,10,0.25,0.125,0,0.1,0.2629850879736858,0.25,0.25,0.6022207708399179
F_gaussian_local_d10_rate0.25,FR--R,10,0.25,0.125,1,0.1,0.28703883006880065,0.272860566110738,0.272860566110738,0.6022207708399179
F_gaussian_local_d10_rate0.25,FR--R,10,0.25,0.125,2,0.1,0.31293522033484106,0.2974713415903123,0.2974713415903122,0.6022207708399179
F_gaussian_local_d10_rate0.25,FR--R,10,0.25,0.125,3,0.1,0.34074895131807514,0.3239030758661456,0.3239030758661456,0.6022207708399179
F_gaussian_local_d10_rate0.25,FR--R,10,0.25,0.125,4,0.1,0.37054536366215785,0.3522176007971667,0.3522176007971666,0.6022207708399179
F_gaussian_local_d10_rate0.25,FR--R,10,0.25,0.125,5,0.1,0.4023779271319725,0.3824654370935256,0.3824654370935256,0.6022207708399179
F_gaussian_local_d10_rate0.25,FR--R,10,0.25,0.125,6,0.1,0.43628557962244946,0.4146832670005951,0.4146832670005952,0.6022207708399179
F_gaussian_local_d10_rate0.25,FR--R,10,0.25,0.125,7,0.1,0.47228999386156884,0.4488913397482683,0.4488913397482682,0.6022207708399179
F_gaussian_local_d10_rate0.25,FR--R,10,0.25,0.125,8,0.1,0.5103928616152766,0.4850908953409202,0.4850908953409202,0.6022207708399179
F_gaussian_local_d10_rate0.25,FR--R,10,0.25,0.125,9,0.1,0.5505733046100169,0.5232617106537618,0.5232617106537618,0.6022207708399179
F_gaussian_local_d10_rate0.25,FR--R,10,0.25,0.125,10,0.1,0.5927855382590077,0.5633598877479583,0.5633598877479582,0.6022207708399179
F_gaussian_local_d10_rate0.25,FR--R,10,0.25,0.125,11,0.1,0.6369569264489855,0.6053160157641556,0.6053160157641556,0.6022207708399179
F_gaussian_local_d10_rate0.25,FR--R,10,0.25,0.125,12,0.1,0.6829865708103622,0.6490338425151783,0.6490338425151781,0.6022207708399179
F_gaussian_local_d10_rate0.25,FR--R,10,0.25,0.125,13,0.1,0.7307445738670189,0.6943895879005055,0.6943895879005054,0.6022207708399179
F_gaussian_local_d10_rate0.25,FR--R,10,0.25,0.125,14,0.1,0.7800721004912576,0.7412320168585234,0.7412320168585234,0.6022207708399179
F_gaussian_local_d10_rate0.25,FR--R,10,0.25,0.125,15,0.1,0.8307823352264824,0.7893833638735195,0.7893833638735194,0.6022207708399179
F_gaussian_local_d10_rate0.25,FR--R,10,0.25,0.125,16,0.1,0.882662394472238,0.8386411642636422,0.8386411642636422,0.6022207708399179
F_gaussian_local_d10_rate0.25,FR--R,10,0.25,0.125,17,0.1,0.9354762038234157,0.8887810011081227,0.8887810011081227,0.6022207708399179
F_gaussian_local_d10_rate0.25,FR--R,10,0.25,0.125,18,0.1,0.9889682950468481,0.9395601236263365,0.9395601236263362,0.6022207708399179
F_gaussian_local_d10_rate0.25,FR--R,10,0.25,0.125,19,0.1,1.0428684186100328,0.9907218372404512,0.9907218372404514,0.6022207708399179
F_gaussian_local_d10_rate0.25,FR--R,10,0.25,0.125,20,0.1,1.096896811617723,1.0420005124494154,1.0420005124494154,0.6022207708399179
F_gaussian_local_d10_rate0.25,FR--R,10,0.25,0.125,21,0.1,1.1507699130521325,1.093127014316322,1.0931270143163219,0.6022207708399179
F_gaussian_local_d10_rate0.25,FR--R,10,0.25,0.125,22,0.1,1.2042062835108909,1.143834321706863,1.143834321706863,0.6022207708399179
F_gaussian_local_d10_rate0.25,FR--R,10,0.25,0.125,23,0.1,1.2569324691729167,1.193863089160996,1.193863089160996,0.6022207708399179
F_gaussian_local_d10_rate0.25,FR--R,10,0.25,0.125,24,0.1,1.308688551660675,1.2429669064541256,1.2429669064541253,0.6022207708399179
F_gaussian_local_d10_rate0.25,FR--R,10,0.25,0.125,25,0.1,1.3592331467986432,1.2909170314597684,1.2909170314597684,0.6022207708399179
F_gaussian_local_d10_rate0.25,FR--R,10,0.25,0.125,26,0.1,1.4083476537767738,1.337506408726479,1.337506408726479,0.6022207708399179
F_gaussian_local_d10_rate0.25,FR--R,10,0.25,0.125,27,0.1,1.4558396078220843,1.3825528353167795,1.3825528353167795,0.6022207708399179
F_gaussian_local_d10_rate0.25,FR--R,10,0.25,0.125,28,0.1,1.5015450488000115,1.4259011918242472,1.4259011918242475,0.6022207708399179
F_gaussian_local_d10_rate0.25,FR--R,10,0.25,0.125,29,0.1,1.5453298793608243,1.467424714535476,1.467424714535476,0.6022207708399179
F_gaussian_local_d10_rate0.25,FR--R,10,0.25,0.125,30,0.1,1.5870902437715835,1.5070253391871655,1.5070253391871655,0.6022207708399179
F_gaussian_local_d10_rate0.25,FR--R,10,0.25,0.125,31,0.1,1.6267520078613333,1.54463319337077,1.5446331933707702,0.6022207708399179
F_gaussian_local_d10_rate0.25,FR--R,10,0.25,0.125,32,0.1,1.664269458409278,1.5802053503974958,1.580205350397496,0.6022207708399179
F_gaussian_local_d10_rate0.25,FR--R,10,0.25,0.125,33,0.1,1.6996233652761417,1.6137239809134227,1.613723980913423,0.6022207708399179
F_gaussian_local_d10_rate0.25,FR--R,10,0.25,0.125,34,0.1,1.7328185615940663,1.6451940497501452,1.6451940497501452,0.6022207708399179
F_gaussian_local_d10_rate0.25,FR--R,10,0.25,0.125,35,0.1,1.7638811976236293,1.6746407055971817,1.6746407055971815,0.6022207708399179
F_gaussian_local_d10_rate0.25,FR--R,10,0.25,0.125,36,0.1,1.7928558145593547,1.7021065020939845,1.7021065020939845,0.6022207708399179
F_gaussian_local_d10_rate0.25,FR--R,10,0.25,0.125,37,0.1,1.8198023681753601,1.7276485732930351,1.7276485732930353,0.6022207708399179
F_gaussian_local_d10_rate0.25,FR--R,10,0.25,0.125,38,0.1,1.844793311388787,1.7513358666426786,1.7513358666426786,0.6022207708399179
F_gaussian_local_d10_rate0.25,FR--R,10,0.25,0.125,39,0.1,1.8679108220037766,1.7732465149735646,1.7732465149735646,0.6022207708399179
F_gaussian_local_d10_rate0.25,FR--R,10,0.25,0.125,40,0.1,1.8892442391017295,1.7934654073530003,1.7934654073530005,0.6022207708399179
F_gaussian_local_d10_rate0.25,FR--R,10,0.25,0.125,41,0.1,1.908887750281433,1.812081998530357,1.812081998530357,0.6022207708399179
F_gaussian_local_d10_rate0.25,FR--R,10,0.25,0.125,42,0.1,1.926938353239187,1.8291883789842436,1.8291883789842431,0.6022207708399179
F_gaussian_local_d10_rate0.25,FR--R,10,0.25,0.125,43,0.1,1.943494099558641,1.8448776128124145,1.8448776128124145,0.6022207708399179
F_gaussian_local_d10_rate0.25,FR--R,10,0.25,0.125,44,0.1,1.9586526162271019,1.8592423390344444,1.859242339034444,0.6022207708399179
F_gaussian_local_d10_rate0.25,FR--R,10,0.25,0.125,45,0.1,1.9725098911917889,1.8723736231947736,1.872373623194774,0.6022207708399179
F_gaussian_local_d10_rate0.25,FR--R,10,0.25,0.125,46,0.1,1.9851593029241579,1.8843600401716063,1.8843600401716063,0.6022207708399179
F_gaussian_local_d10_rate0.25,FR--R,10,0.25,0.125,47,0.1,1.9966908700506782,1.895286965426987,1.8952869654269873,0.6022207708399179
F_gaussian_local_d10_rate0.25,FR--R,10,0.25,0.125,48,0.1,2.0071906952010963,1.9052360501480667,1.9052360501480667,0.6022207708399179
F_gaussian_local_d10_rate0.25,FR--R,10,0.25,0.125,49,0.1,2.0167405768601316,1.91428485540769,1.9142848554076903,0.6022207708399179
F_gaussian_local_d10_rate0.25,FR--R,10,0.25,0.125,50,0.1,2.0254177637900326,1.9225066212278656,1.9225066212278656,0.6022207708399179
F_gaussian_local_d10_rate0.25,FR--R,10,0.25,0.125,51,0.1,2.0332948281599927,1.929970147927412,1.929970147927412,0.6022207708399179
F_gaussian_local_d10_rate0.25,FR--R,10,0.25,0.125,52,0.1,2.040439635576108,1.9367397690982864,1.9367397690982864,0.6022207708399179
F_gaussian_local_d10_rate0.25,FR--R,10,0.25,0.125,53,0.1,2.046915392538139,1.942875397764528,1.942875397764528,0.6022207708399179
F_gaussian_local_d10_rate0.25,FR--R,10,0.25,0.125,54,0.1,2.052780754253839,1.9484326295674397,1.9484326295674397,0.6022207708399179
F_gaussian_local_d10_rate0.25,FR--R,10,0.25,0.125,55,0.1,2.0580899781232653,1.953462889070652,1.9534628890706516,0.6022207708399179
F_gaussian_local_d10_rate0.25,FR--R,10,0.25,0.125,56,0.1,2.0628931104390493,1.958013607407776,1.958013607407776,0.6022207708399179
F_gaussian_local_d10_rate0.25,FR--R,10,0.25,0.125,57,0.1,2.0672361959306036,1.9621284214525867,1.9621284214525867,0.6022207708399179
F_gaussian_local_d10_rate0.25,FR--R,10,0.25,0.125,58,0.1,2.071161501618887,1.96584738644988,1.96584738644988,0.6022207708399179
F_gaussian_local_d10_rate0.25,FR--R,10,0.25,0.125,59,0.1,2.074707748101467,1.9692071955944257,1.9692071955944257,0.6022207708399179
F_gaussian_local_d10_rate0.25,FR--R,10,0.25,0.125,60,0.1,2.077910342790254,1.9722414013880836,1.9722414013880831,0.6022207708399179
F_gaussian_local_d10_rate0.25,FR--R,10,0.25,0.125,61,0.1,2.080801610849011,1.9749806347516905,1.97498063475169,0.6022207708399179
F_gaussian_local_d10_rate0.25,FR--R,10,0.25,0.125,62,0.1,2.0834110205954617,1.977452818834165,1.977452818834165,0.6022207708399179
F_gaussian_local_d10_rate0.25,FR--R,10,0.25,0.125,63,0.1,2.0857654009663316,1.9796833752645784,1.9796833752645784,0.6022207708399179
F_gaussian_local_d10_rate0.25,FR--R,10,0.25,0.125,64,0.1,2.087889149371492,1.9816954212526492,1.9816954212526496,0.6022207708399179
F_gaussian_local_d10_rate0.25,FR--R,10,0.25,0.125,65,0.1,2.0898044288023554,1.98350995647814,1.9835099564781404,0.6022207708399179
F_gaussian_local_d10_rate0.25,FR--R,10,0.25,0.125,66,0.1,2.091531353520836,1.9851460391377307,1.9851460391377305,0.6022207708399179
F_gaussian_local_d10_rate0.25,FR--R,10,0.25,0.125,67,0.1,2.0930881630211107,1.9866209508555197,1.9866209508555193,0.6022207708399179
F_gaussian_local_d10_rate0.25,FR--R,10,0.25,0.125,68,0.1,2.0944913842228186,1.987950350425146,1.987950350425146,0.6022207708399179
F_gaussian_local_d10_rate0.25,FR--R,10,0.25,0.125,69,0.1,2.0957559820619034,1.989148416550572,1.989148416550572,0.6022207708399179
F_gaussian_local_d10_rate0.25,FR--R,10,0.25,0.125,70,0.1,2.096895498824516,1.9902279799001568,1.9902279799001568,0.6022207708399179
F_gaussian_local_d10_rate0.25,FR--R,10,0.25,0.125,71,0.1,2.0979221826475927,1.991200644894496,1.9912006448944957,0.6022207708399179
F_gaussian_local_d10_rate0.25,FR--R,10,0.25,0.125,72,0.1,2.0988471057132396,1.992076901720772,1.992076901720772,0.6022207708399179
F_gaussian_local_d10_rate0.25,FR--R,10,0.25,0.125,73,0.1,2.0996802727072024,1.9928662291120176,1.9928662291120176,0.6022207708399179
F_gaussian_local_d10_rate0.25,FR--R,10,0.25,0.125,74,0.1,2.100430720122052,1.9935771884544504,1.9935771884544504,0.6022207708399179
F_gaussian_local_d10_rate0.25,FR--R,10,0.25,0.125,75,0.1,2.1011066070324036,1.994217509794677,1.9942175097946768,0.6022207708399179
F_gaussian_local_d10_rate0.25,FR--R,10,0.25,0.125,76,0.1,2.1017152978939455,1.9947941703148888,1.9947941703148888,0.6022207708399179
F_gaussian_local_d10_rate0.25,FR--R,10,0.25,0.125,77,0.1,2.102263438007747,1.9953134658314329,1.9953134658314329,0.6022207708399179
F_gaussian_local_d10_rate0.25,FR--R,10,0.25,0.125,78,0.1,2.1027570221879643,1.9957810758527827,1.9957810758527823,0.6022207708399179
F_gaussian_local_d10_rate0.25,FR--R,10,0.25,0.125,79,0.1,2.103201457149714,1.9962021227090136,1.9962021227090136,0.6022207708399179
F_gaussian_local_d10_rate0.25,FR--R,10,0.25,0.125,80,0.1,2.1036016181870765,1.9965812252379995,1.9965812252379993,0.6022207708399179
F_gaussian_local_d10_rate0.25,FR--R,10,0.25,0.125,81,0.1,2.1039619005558046,1.996922547484922,1.9969225474849217,0.6022207708399179
F_gaussian_local_d10_rate0.25,FR--R,10,0.25,0.125,82,0.1,2.1042862660777573,1.997229842842296,1.9972298428422957,0.6022207708399179
F_gaussian_local_d10_rate0.25,FR--R,10,0.25,0.125,83,0.1,2.104578285312687,1.9975064940282716,1.9975064940282716,0.6022207708399179
F_gaussian_local_d10_rate0.25,FR--R,10,0.25,0.125,84,0.1,2.104841175773781,1.997755549272039,1.9977555492720391,0.6022207708399179
F_gaussian_local_d10_rate0.25,FR--R,10,0.25,0.125,85,0.1,2.1050778364679665,1.9979797550471168,1.9979797550471168,0.6022207708399179
F_gaussian_local_d10_rate0.25,FR--R,10,0.25,0.125,86,0.1,2.1052908791168217,1.998181585666432,1.998181585666432,0.6022207708399179
F_gaussian_local_d10_rate0.25,FR--R,10,0.25,0.125,87,0.1,2.1054826564277853,1.998363270027565,1.9983632700275649,0.6022207708399179
F_gaussian_local_d10_rate0.25,FR--R,10,0.25,0.125,88,0.1,2.105655287535653,1.998526815772473,1.9985268157724727,0.6022207708399179
F_gaussian_local_d10_rate0.25,FR--R,10,0.25,0.125,89,0.1,2.1058106810832964,1.998674031103453,1.9986740311034528,0.6022207708399179
F_gaussian_local_d10_rate0.25,FR--R,10,0.25,0.125,90,0.1,2.105950555978215,1.9988065444760983,1.9988065444760983,0.6022207708399179
F_gaussian_local_d10_rate0.25,FR--R,10,0.25,0.125,91,0.1,2.10607646014514,1.9989258223704705,1.9989258223704705,0.6022207708399179
F_gaussian_local_d10_rate0.25,FR--R,10,0.25,0.125,92,0.1,2.106189787496707,1.9990331853236905,1.9990331853236905,0.6022207708399179
F_gaussian_local_d10_rate0.25,FR--R,10,0.25,0.125,93,0.1,2.1062917931073812,1.9991298223905256,1.9991298223905256,0.6022207708399179
F_gaussian_local_d10_rate0.25,FR--R,10,0.25,0.125,94,0.1,2.1063836070715904,1.9992168041832457,1.9992168041832457,0.6022207708399179
F_gaussian_local_d10_rate0.25,FR--R,10,0.25,0.125,95,0.1,2.1064662468731132,1.9992950946280457,1.9992950946280452,0.6022207708399179
F_gaussian_local_d10_rate0.25,FR--R,10,0.25,0.125,96,0.1,2.1065406285407002,1.9993655615624677,1.9993655615624673,0.6022207708399179
F_gaussian_local_d10_rate0.25,FR--R,10,0.25,0.125,97,0.1,2.106607576783996,1.9994289862865853,1.9994289862865855,0.6022207708399179
F_gaussian_local_d10_rate0.25,FR--R,10,0.25,0.125,98,0.1,2.1066678340577227,1.9994860721700107,1.9994860721700107,0.6022207708399179
F_gaussian_local_d10_rate0.25,FR--R,10,0.25,0.125,99,0.1,2.106722068702075,1.99953745240706,1.99953745240706,0.6022207708399179
F_gaussian_local_d10_rate0.25,FR--R,10,0.25,0.125,100,0.1,2.1067708823896667,1.9995836970035965,1.999583697003596,0.6022207708399179
F_gaussian_local_d10_rate0.25,FR--R,10,0.25,0.125,101,0.1,2.1068148167653176,1.9996253190710107,1.9996253190710107,0.6022207708399179
F_gaussian_local_d10_rate0.25,FR--R,10,0.25,0.125,102,0.1,2.1068543593387528,1.9996627804955207,1.9996627804955207,0.6022207708399179
F_gaussian_local_d10_rate0.25,FR--R,10,0.25,0.125,103,0.1,2.1068899490161557,1.9996964970443647,1.9996964970443647,0.6022207708399179
F_gaussian_local_d10_rate0.25,FR--R,10,0.25,0.125,104,0.1,2.1069219808029884,1.9997268429644772,1.9997268429644777,0.6022207708399179
F_gaussian_local_d10_rate0.25,FR--R,10,0.25,0.125,105,0.1,2.1069508102772883,1.999754155123804,1.9997541551238036,0.6022207708399179
F_gaussian_local_d10_rate0.25,FR--R,10,0.25,0.125,106,0.1,2.106976757505276,1.9997787367405195,1.999778736740519,0.6022207708399179
F_gaussian_local_d10_rate0.25,FR--R,10,0.25,0.125,107,0.1,2.107000110621172,1.999800860740976,1.999800860740976,0.6022207708399179
F_gaussian_local_d10_rate0.25,FR--R,10,0.25,0.125,108,0.1,2.107021128920162,1.999820772783188,1.9998207727831876,0.6022207708399179
F_gaussian_local_d10_rate0.25,FR--R,10,0.25,0.125,109,0.1,2.1070400457179397,1.999838693979048,1.999838693979048,0.6022207708399179
F_gaussian_local_d10_rate0.25,FR--R,10,0.25,0.125,110,0.1,2.1070570711779073,1.9998548233452056,1.9998548233452056,0.6022207708399179
F_gaussian_local_d10_rate0.25,FR--R,10,0.25,0.125,111,0.1,2.107072394224225,1.9998693400095595,1.9998693400095593,0.6022207708399179
F_gaussian_local_d10_rate0.25,FR--R,10,0.25,0.125,112,0.1,2.1070861853940865,1.9998824051976785,1.9998824051976785,0.6022207708399179
F_gaussian_local_d10_rate0.25,FR--R,10,0.25,0.125,113,0.1,2.10709859742638,1.9998941640210537,1.9998941640210537,0.6022207708399179
F_gaussian_local_d10_rate0.25,FR--R,10,0.25,0.125,114,0.1,2.1071097684189266,1.9999047470868876,1.9999047470868871,0.6022207708399179
F_gaussian_local_d10_rate0.25,FR--R,10,0.25,0.125,115,0.1,2.1071198224528556,1.9999142719472245,1.9999142719472245,0.6022207708399179
F_gaussian_local_d10_rate0.25,FR--R,10,0.25,0.125,116,0.1,2.1071288711266356,1.9999228444034092,1.9999228444034096,0.6022207708399179
F_gaussian_local_d10_rate0.25,FR--R,10,0.25,0.125,117,0.1,2.1071370150329147,1.9999305596803008,1.9999305596803012,0.6022207708399179
F_gaussian_local_d10_rate0.25,FR--R,10,0.25,0.125,118,0.1,2.1071443446328155,1.999937503483228,1.9999375034832276,0.6022207708399179
F_gaussian_local_d10_rate0.25,FR--R,10,0.25,0.125,119,0.1,2.107150941215757,1.9999437529493784,1.9999437529493784,0.6022207708399179
F_gaussian_local_d10_rate0.25,FR--R,10,0.25,0.125,120,0.1,2.107156878472799,1.9999493775041632,1.9999493775041632,0.6022207708399179
F_gaussian_local_d10_rate0.25,FR--R,10,0.25,0.125,121,0.1,2.1071622215919033,1.9999544396320217,1.9999544396320217,0.6022207708399179
F_gaussian_local_d10_rate0.25,FR--R,10,0.25,0.125,122,0.1,2.1071670305909205,1.9999589955702213,1.9999589955702213,0.6022207708399179
F_gaussian_local_d10_rate0.25,FR--R,10,0.25,0.125,123,0.1,2.1071713587219287,1.999963095933334,1.999963095933334,0.6022207708399179
F_gaussian_local_d10_rate0.25,FR--R,10,0.25,0.125,124,0.1,2.1071752541596904,1.9999667862753097,1.9999667862753097,0.6022207708399179
F_gaussian_local_d10_rate0.25,FR--R,10,0.25,0.125,125,0.1,2.1071787600952483,1.9999701075953789,1.9999701075953789,0.6022207708399179
F_gaussian_local_d10_rate0.25,FR--R,10,0.25,0.125,126,0.1,2.1071819153601203,1.999973096793397,1.9999730967933969,0.6022207708399179
F_gaussian_local_d10_rate0.25,FR--R,10,0.25,0.125,127,0.1,2.1071847547629896,1.9999757870796784,1.9999757870796775,0.6022207708399179
F_gaussian_local_d10_rate0.25,FR--R,10,0.25,0.125,128,0.1,2.1071873107980568,1.999978208343862,1.999978208343862,0.6022207708399179
F_gaussian_local_d10_rate0.25,FR--R,10,0.25,0.125,129,0.1,2.107189610956636,1.999980387486919,1.9999803874869193,0.6022207708399179
F_gaussian_local_d10_rate0.25,FR--R,10,0.25,0.125,130,0.1,2.107191680997312,1.999982348719956,1.999982348719956,0.6022207708399179
F_gaussian_local_d10_rate0.25,FR--R,10,0.25,0.125,131,0.1,2.1071935446188164,1.9999841138331609,1.9999841138331609,0.6022207708399179
F_gaussian_local_d10_rate0.25,FR--R,10,0.25,0.125,132,0.1,2.1071952216319714,1.9999857024378571,1.9999857024378576,0.6022207708399179
F_gaussian_local_d10_rate0.25,FR--R,10,0.25,0.125,133,0.1,2.1071967308049,1.999987132184362,1.9999871321843616,0.6022207708399179
F_gaussian_local_d10_rate0.25,FR--R,10,0.25,0.125,134,0.1,2.107198088299346,1.9999884189580608,1.9999884189580608,0.6022207708399179
F_gaussian_local_d10_rate0.25,FR--R,10,0.25,0.125,135,0.1,2.107199310262182,1.999989577055884,1.999989577055884,0.6022207708399179
F_gaussian_local_d10_rate0.25,FR--R,10,0.25,0.125,136,0.1,2.107200410692501,1.999990619345135,1.9999906193451344,0.6022207708399179
F_gaussian_local_d10_rate0.25,FR--R,10,0.25,0.125,137,0.1,2.107201402191494,1.9999915574064409,1.9999915574064409,0.6022207708399179
F_gaussian_local_d10_rate0.25,FR--R,10,0.25,0.125,138,0.1,2.1072022929965657,1.9999924016624115,1.9999924016624115,0.6022207708399179
F_gaussian_local_d10_rate0.25,FR--R,10,0.25,0.125,139,0.1,2.1072030948435843,1.999993161493428,1.999993161493428,0.6022207708399179
F_gaussian_local_d10_rate0.25,FR--R,10,0.25,0.125,140,0.1,2.107203817766648,1.999993845341864,1.999993845341864,0.6022207708399179
F_gaussian_local_d10_rate0.25,FR--R,10,0.25,0.125,141,0.1,2.1072044658447373,1.9999944608058784,1.9999944608058784,0.6022207708399179
F_gaussian_local_d10_rate0.25,FR--R,10,0.25,0.125,142,0.1,2.1072050507961206,1.9999950147238332,1.9999950147238332,0.6022207708399179
F_gaussian_local_d10_rate0.25,FR--R,10,0.25,0.125,143,0.1,2.107205575963282,1.9999955132502691,1.9999955132502696,0.6022207708399179
F_gaussian_local_d10_rate0.25,FR--R,10,0.25,0.125,144,0.1,2.1072060520969216,1.9999959619242855,1.999995961924286,0.6022207708399179
F_gaussian_local_d10_rate0.25,FR--R,10,0.25,0.125,145,0.1,2.1072064748785917,1.999996365731083,1.9999963657310833,0.6022207708399179
F_gaussian_local_d10_rate0.25,FR--R,10,0.25,0.125,146,0.1,2.107206859566912,1.999996729157347,1.9999967291573473,0.6022207708399179
F_gaussian_local_d10_rate0.25,FR--R,10,0.25,0.125,147,0.1,2.1072072043112158,1.999997056241104,1.999997056241104,0.6022207708399179
F_gaussian_local_d10_rate0.25,FR--R,10,0.25,0.125,148,0.1,2.1072075166991513,1.999997350616582,1.9999973506165816,0.6022207708399179
F_gaussian_local_d10_rate0.25,FR--R,10,0.25,0.125,149,0.1,2.1072077969970757,1.9999976155545904,1.9999976155545904,0.6022207708399179
F_gaussian_local_d10_rate0.25,FR--R,10,0.25,0.125,150,0.1,2.107208043966386,1.999997853998861,1.9999978539988612,0.6022207708399179
F_gaussian_local_d10_rate0.25,FR--R,10,0.25,0.125,151,0.1,2.107208276222575,1.9999980685987564,1.999998068598756,0.6022207708399179
F_gaussian_local_d10_rate0.25,FR--R,10,0.25,0.125,152,0.1,2.107208479953051,1.9999982617387035,1.999998261738703,0.6022207708399179
F_gaussian_local_d10_rate0.25,FR--R,10,0.25,0.125,153,0.1,2.1072086632672336,1.9999984355646896,1.9999984355646896,0.6022207708399179
F_gaussian_local_d10_rate0.25,FR--R,10,0.25,0.125,154,0.1,2.1072088286452795,1.9999985920081047,1.9999985920081045,0.6022207708399179
F_gaussian_local_d10_rate0.25,FR--R,10,0.25,0.125,155,0.1,2.107208972875508,1.9999987328072,1.9999987328072,0.6022207708399179
F_gaussian_local_d10_rate0.25,FR--R,10,0.25,0.125,156,0.1,2.107209117296079,1.999998859526403,1.9999988595264035,0.6022207708399179
F_gaussian_local_d10_rate0.25,FR--R,10,0.25,0.125,157,0.1,2.1072092247870513,1.9999989735737016,1.9999989735737016,0.6022207708399179
F_gaussian_local_d10_rate0.25,FR--R,10,0.25,0.125,158,0.1,2.107209329799591,1.9999990762162811,1.9999990762162816,0.6022207708399179
F_gaussian_local_d10_rate0.25,FR--R,10,0.25,0.125,159,0.1,2.1072094324143977,1.9999991685946128,1.9999991685946124,0.6022207708399179
F_gaussian_local_d10_rate0.25,FR--R,10,0.25,0.125,160,0.1,2.1072095198555916,1.9999992517351184,1.9999992517351184,0.6022207708399179
F_gaussian_local_d10_rate0.25,FR--R,10,0.25,0.125,161,0.1,2.1072096104913633,1.99999932656158,1.9999993265615796,0.6022207708399179
F_gaussian_local_d10_rate0.25,FR--R,10,0.25,0.125,162,0.1,2.10720967570223,1.9999993939054,1.9999993939054004,0.6022207708399179
F_gaussian_local_d10_rate0.25,FR--R,10,0.25,0.125,163,0.1,2.107209725182523,1.9999994545148427,1.9999994545148432,0.6022207708399179
F_gaussian_local_d10_rate0.25,FR--R,10,0.25,0.125,164,0.1,2.1072097905129823,1.999999509063344,1.999999509063344,0.6022207708399179
F_gaussian_local_d10_rate0.25,FR--R,10,0.25,0.125,165,0.1,2.1072098463509805,1.9999995581569985,1.9999995581569985,0.6022207708399179
F_gaussian_local_d10_rate0.25,FR--R,10,0.25,0.125,166,0.1,2.107209876379414,1.9999996023412892,1.9999996023412892,0.6022207708399179
F_gaussian_local_d10_rate0.25,FR--R,10,0.25,0.125,167,0.1,2.107209947796891,1.9999996421071524,1.9999996421071524,0.6022207708399179
F_gaussian_local_d10_rate0.25,FR--R,10,0.25,0.125,168,0.1,2.1072099730733553,1.9999996778964315,1.9999996778964313,0.6022207708399179
F_gaussian_local_d10_rate0.25,FR--R,10,0.25,0.125,169,0.1,2.1072100357112977,1.9999997101067837,1.9999997101067832,0.6022207708399179
F_gaussian_local_d10_rate0.25,FR--R,10,0.25,0.125,170,0.1,2.1072100086665384,1.9999997390961013,1.9999997390961013,0.6022207708399179
F_gaussian_local_d10_rate0.25,FR--R,10,0.25,0.125,171,0.1,2.1072100883088507,1.999999765186488,1.9999997651864876,0.6022207708399179
F_gaussian_local_d10_rate0.25,FR--R,10,0.25,0.125,172,0.1,2.107210096013911,1.999999788667837,1.9999997886678365,0.6022207708399179
F_gaussian_local_d10_rate0.25,FR--R,10,0.25,0.125,173,0.1,2.1072100874527373,1.9999998098010507,1.9999998098010507,0.6022207708399179
F_gaussian_local_d10_rate0.25,FR--R,10,0.25,0.125,174,0.1,2.1072101574987463,1.9999998288209435,1.999999828820944,0.6022207708399179
F_gaussian_local_d10_rate0.25,FR--R,10,0.25,0.125,175,0.1,2.10721010176941,1.9999998459388484,1.999999845938848,0.6022207708399179
F_gaussian_local_d10_rate0.25,FR--R,10,0.25,0.125,176,0.1,2.1072102135127704,1.9999998613449617,1.9999998613449617,0.6022207708399179
F_gaussian_local_d10_rate0.25,FR--R,10,0.25,0.125,177,0.1,2.1072101431294863,1.9999998752104649,1.9999998752104649,0.6022207708399179
F_gaussian_local_d10_rate0.25,FR--R,10,0.25,0.125,178,0.1,2.107210238467649,1.9999998876894176,1.9999998876894176,0.6022207708399179
F_gaussian_local_d10_rate0.25,FR--R,10,0.25,0.125,179,0.1,2.107210220405627,1.999999898920476,1.9999998989204752,0.6022207708399179
F_gaussian_local_d10_rate0.25,FR--R,10,0.25,0.125,180,0.1,2.1072102589162314,1.999999909028428,1.9999999090284275,0.6022207708399179
F_gaussian_local_d10_rate0.25,FR--R,10,0.25,0.125,181,0.1,2.1072102107026462,1.9999999181255843,1.9999999181255848,0.6022207708399179
F_gaussian_local_d10_rate0.25,FR--R,10,0.25,0.125,182,0.1,2.10721017922988,1.9999999263130257,1.9999999263130257,0.6022207708399179
F_gaussian_local_d10_rate0.25,FR--R,10,0.25,0.125,183,0.1,2.1072103205968986,1.9999999336817225,1.9999999336817225,0.6022207708399179
F_gaussian_local_d10_rate0.25,FR--R,10,0.25,0.125,184,0.1,2.1072103792931363,1.9999999403135504,1.9999999403135504,0.6022207708399179
F_gaussian_local_d10_rate0.25,FR--R,10,0.25,0.125,185,0.1,2.1072101845575553,1.999999946282196,1.9999999462821956,0.6022207708399179
F_gaussian_local_d10_rate0.25,FR--R,10,0.25,0.125,186,0.1,2.107210343775332,1.999999951653976,1.999999951653976,0.6022207708399179
F_gaussian_local_d10_rate0.25,FR--R,10,0.25,0.125,187,0.1,2.107210279135635,1.9999999564885784,1.9999999564885784,0.6022207708399179
F_gaussian_local_d10_rate0.25,FR--R,10,0.25,0.125,188,0.1,2.1072103005561957,1.9999999608397203,1.9999999608397203,0.6022207708399179
F_gaussian_local_d10_rate0.25,FR--R,10,0.25,0.125,189,0.1,2.107210327156893,1.999999964755748,1.999999964755748,0.6022207708399179
F_gaussian_local_d10_rate0.25,FR--R,10,0.25,0.125,190,0.1,2.107210173152855,1.9999999682801728,1.9999999682801737,0.6022207708399179
F_gaussian_local_d10_rate0.25,FR--R,10,0.25,0.125,191,0.1,2.107210313156528,1.999999971452156,1.999999971452156,0.6022207708399179
F_gaussian_local_d10_rate0.25,FR--R,10,0.25,0.125,192,0.1,2.107210428385883,1.9999999743069403,1.9999999743069403,0.6022207708399179
F_gaussian_local_d10_rate0.25,FR--R,10,0.25,0.125,193,0.1,2.1072101424463674,1.9999999768762464,1.9999999768762464,0.6022207708399179
F_gaussian_local_d10_rate0.25,FR--R,10,0.25,0.125,194,0.1,2.107210407995502,1.9999999791886216,1.9999999791886216,0.6022207708399179
F_gaussian_local_d10_rate0.25,FR--R,10,0.25,0.125,195,0.1,2.1072102077798855,1.9999999812697595,1.9999999812697595,0.6022207708399179
F_gaussian_local_d10_rate0.25,FR--R,10,0.25,0.125,196,0.1,2.10721048878426,1.9999999831427837,1.9999999831427833,0.6022207708399179
F_gaussian_local_d10_rate0.25,FR--R,10,0.25,0.125,197,0.1,2.1072103782038356,1.9999999848285053,1.9999999848285053,0.6022207708399179
F_gaussian_local_d10_rate0.25,FR--R,10,0.25,0.125,198,0.1,2.1072101686069495,1.9999999863456548,1.9999999863456548,0.6022207708399179
F_gaussian_local_d10_rate0.25,FR--R,10,0.25,0.125,199,0.1,2.1072105540724886,1.9999999877110888,1.9999999877110892,0.6022207708399179
F_gaussian_local_d10_rate0.5,FR--KL,10,0.5,0.25,0,0.1,0.4938522518074297,0.5,0.5,0.3181471805599453
F_gaussian_local_d10_rate0.5,FR--KL,10,0.5,0.25,1,0.1,0.5295134796805615,0.5365853658536587,0.5365853658536586,0.3181471805599453
F_gaussian_local_d10_rate0.5,FR--KL,10,0.5,0.25,2,0.1,0.5667162907639883,0.5748218527315918,0.5748218527315916,0.3181471805599453
F_gaussian_local_d10_rate0.5,FR--KL,10,0.5,0.25,3,0.1,0.6053832805860706,0.6146386515816209,0.6146386515816208,0.3181471805599453
F_gaussian_local_d10_rate0.5,FR--KL,10,0.5,0.25,4,0.1,0.6454170739013049,0.6559440872740306,0.6559440872740306,0.3181471805599453
F_gaussian_local_d10_rate0.5,FR--KL,10,0.5,0.25,5,0.1,0.686700501527043,0.6986255316656943,0.6986255316656942,0.3181471805599453
F_gaussian_local_d10_rate0.5,FR--KL,10,0.5,0.25,6,0.1,0.7290973247884632,0.7425498699482203,0.7425498699482203,0.3181471805599453
F_gaussian_local_d10_rate0.5,FR--KL,10,0.5,0.25,7,0.1,0.7724535324011004,0.787564558903559,0.787564558903559,0.3181471805599453
F_gaussian_local_d10_rate0.5,FR--KL,10,0.5,0.25,8,0.1,0.8165992079490139,0.8334992897692381,0.8334992897692381,0.3181471805599453
F_gaussian_local_d10_rate0.5,FR--KL,10,0.5,0.25,9,0.1,0.8613509366979346,0.8801682386562889,0.8801682386562888,0.3181471805599453
F_gaussian_local_d10_rate0.5,FR--KL,10,0.5,0.25,10,0.1,0.9065146904449489,0.9273728558656708,0.927372855865671,0.3181471805599453
F_gaussian_local_d10_rate0.5,FR--KL,10,0.5,0.25,11,0.1,0.9518891008758376,0.9749051144432728,0.9749051144432728,0.3181471805599453
F_gaussian_local_d10_rate0.5,FR--KL,10,0.5,0.25,12,0.1,0.9972690079439933,1.0225511105164913,1.0225511105164915,0.3181471805599453
F_gaussian_local_d10_rate0.5,FR--KL,10,0.5,0.25,13,0.1,1.0424491523129713,1.0700948858727792,1.0700948858727792,0.3181471805599453
F_gaussian_local_d10_rate0.5,FR--KL,10,0.5,0.25,14,0.1,1.0872278715894321,1.1173223289557088,1.1173223289557088,0.3181471805599453
F_gaussian_local_d10_rate0.5,FR--KL,10,0.5,0.25,15,0.1,1.1314106598271125,1.164025005354037,1.164025005354037,0.3181471805599453
F_gaussian_local_d10_rate0.5,FR--KL,10,0.5,0.25,16,0.1,1.174813458628235,1.2100037734462326,1.2100037734462328,0.3181471805599453
F_gaussian_local_d10_rate0.5,FR--KL,10,0.5,0.25,17,0.1,1.2172655652415143,1.2550720546850638,1.2550720546850638,0.3181471805599453
F_gaussian_local_d10_rate0.5,FR--KL,10,0.5,0.25,18,0.1,1.2586120667193137,1.2990586497205137,1.2990586497205137,0.3181471805599453
F_gaussian_local_d10_rate0.5,FR--KL,10,0.5,0.25,19,0.1,1.2987157372594442,1.341810019112104,1.341810019112104,0.3181471805599453
F_gaussian_local_d10_rate0.5,FR--KL,10,0.5,0.25,20,0.1,1.3374583658621353,1.383191978282563,1.3831919782825628,0.3181471805599453
F_gaussian_local_d10_rate0.5,FR--KL,10,0.5,0.25,21,0.1,1.3747415109409167,1.4230907879947134,1.4230907879947137,0.3181471805599453
F_gaussian_local_d10_rate0.5,FR--KL,10,0.5,0.25,22,0.1,1.4104867053912618,1.4614136515459473,1.4614136515459473,0.3181471805599453
F_gaussian_local_d10_rate0.5,FR--KL,10,0.5,0.25,23,0.1,1.4446351581769385,1.4980886560422302,1.4980886560422302,0.3181471805599453
F_gaussian_local_d10_rate0.5,FR--KL,10,0.5,0.25,24,0.1,1.4771470156720918,1.5330642160909478,1.5330642160909476,0.3181471805599453
F_gaussian_local_d10_rate0.5,FR--KL,10,0.5,0.25,25,0.1,1.5080002573453168,1.56630809324376,1.56630809324376,0.3181471805599453
F_gaussian_local_d10_rate0.5,FR--KL,10,0.5,0.25,26,0.1,1.537189305995086,1.5978060733611554,1.5978060733611552,0.3181471805599453
F_gaussian_local_d10_rate0.5,FR--KL,10,0.5,0.25,27,0.1,1.5647234332041773,1.6275603871312534,1.6275603871312536,0.3181471805599453
F_gaussian_local_d10_rate0.5,FR--KL,10,0.5,0.25,28,0.1,1.5906250368434927,1.6555879570306469,1.6555879570306467,0.3181471805599453
F_gaussian_local_d10_rate0.5,FR--KL,10,0.5,0.25,29,0.1,1.6149278603516304,1.681918548087689,1.681918548087689,0.3181471805599453
F_gaussian_local_d10_rate0.5,FR--KL,10,0.5,0.25,30,0.1,1.637675214227462,1.7065928910240598,1.7065928910240598,0.3181471805599453
F_gaussian_local_d10_rate0.5,FR--KL,10,0.5,0.25,31,0.1,1.6589182496901422,1.7296608358124523,1.7296608358124521,0.3181471805599453
F_gaussian_local_d10_rate0.5,FR--KL,10,0.5,0.25,32,0.1,1.6787143236616782,1.7511795823872185,1.7511795823872185,0.3181471805599453
F_gaussian_local_d10_rate0.5,FR--KL,10,0.5,0.25,33,0.1,1.6971254837920442,1.7712120240005178,1.7712120240005178,0.3181471805599453
F_gaussian_local_d10_rate0.5,FR--KL,10,0.5,0.25,34,0.1,1.7142170926781344,1.7898252281524183,1.7898252281524183,0.3181471805599453
F_gaussian_local_d10_rate0.5,FR--KL,10,0.5,0.25,35,0.1,1.7300566020510615,1.807089070566719,1.8070890705667193,0.3181471805599453
F_gaussian_local_d10_rate0.5,FR--KL,10,0.5,0.25,36,0.1,1.7447124806730934,1.82307502958416,1.8230750295841596,0.3181471805599453
F_gaussian_local_d10_rate0.5,FR--KL,10,0.5,0.25,37,0.1,1.7582532940489606,1.837855141701163,1.8378551417011628,0.3181471805599453
F_gaussian_local_d10_rate0.5,FR--KL,10,0.5,0.25,38,0.1,1.7707469297461436,1.851501113779981,1.8515011137799808,0.3181471805599453
F_gaussian_local_d10_rate0.5,FR--KL,10,0.5,0.25,39,0.1,1.7822599590258226,1.8640835835974925,1.864083583597492,0.3181471805599453
F_gaussian_local_d10_rate0.5,FR--KL,10,0.5,0.25,40,0.1,1.7928571234427604,1.8756715177356231,1.8756715177356231,0.3181471805599453
F_gaussian_local_d10_rate0.5,FR--KL,10,0.5,0.25,41,0.1,1.802600933920493,1.8863317341700083,1.8863317341700083,0.3181471805599453
F_gaussian_local_d10_rate0.5,FR--KL,10,0.5,0.25,42,0.1,1.8115513693544685,1.896128536101345,1.8961285361013445,0.3181471805599453
F_gaussian_local_d10_rate0.5,FR--KL,10,0.5,0.25,43,0.1,1.8197656619029692,1.9051234434184128,1.9051234434184128,0.3181471805599453
F_gaussian_local_d10_rate0.5,FR--KL,10,0.5,0.25,44,0.1,1.82729815661761,1.9133750085210377,1.913375008521038,0.3181471805599453
F_gaussian_local_d10_rate0.5,FR--KL,10,0.5,0.25,45,0.1,1.8342002338601422,1.9209387039237191,1.9209387039237191,0.3181471805599453
F_gaussian_local_d10_rate0.5,FR--KL,10,0.5,0.25,46,0.1,1.8405202838874446,1.9278668699875248,1.9278668699875248,0.3181471805599453
F_gaussian_local_d10_rate0.5,FR--KL,10,0.5,0.25,47,0.1,1.8463037240597253,1.934208712192427,1.9342087121924272,0.3181471805599453
F_gaussian_local_d10_rate0.5,FR--KL,10,0.5,0.25,48,0.1,1.8515930501888092,1.9400103384892091,1.9400103384892096,0.3181471805599453
F_gaussian_local_d10_rate0.5,FR--KL,10,0.5,0.25,49,0.1,1.856427914616804,1.9453148284022896,1.9453148284022896,0.3181471805599453
F_gaussian_local_d10_rate0.5,FR--KL,10,0.5,0.25,50,0.1,1.860845224629472,1.9501623266512127,1.9501623266512127,0.3181471805599453
F_gaussian_local_d10_rate0.5,FR--KL,10,0.5,0.25,51,0.1,1.8648792557579552,1.9545901550912217,1.9545901550912217,0.3181471805599453
F_gaussian_local_d10_rate0.5,FR--KL,10,0.5,0.25,52,0.1,1.8685617753817803,1.9586329377246443,1.9586329377246448,0.3181471805599453
F_gaussian_local_d10_rate0.5,FR--KL,10,0.5,0.25,53,0.1,1.871922172825734,1.962322734395466,1.9623227343954663,0.3181471805599453
F_gaussian_local_d10_rate0.5,FR--KL,10,0.5,0.25,54,0.1,1.874987592826885,1.965689179546089,1.9656891795460891,0.3181471805599453
F_gaussian_local_d10_rate0.5,FR--KL,10,0.5,0.25,55,0.1,1.877783069844471,1.968759623089032,1.968759623089032,0.3181471805599453
F_gaussian_local_d10_rate0.5,FR--KL,10,0.5,0.25,56,0.1,1.8803316612211167,1.9715592710312748,1.9715592710312748,0.3181471805599453
F_gaussian_local_d10_rate0.5,FR--KL,10,0.5,0.25,57,0.1,1.8826545776109098,1.9741113239912624,1.9741113239912624,0.3181471805599453
F_gaussian_local_d10_rate0.5,FR--KL,10,0.5,0.25,58,0.1,1.8847713095018948,1.976437112175296,1.976437112175296,0.3181471805599453
F_gaussian_local_d10_rate0.5,FR--KL,10,0.5,0.25,59,0.1,1.8866997489381634,1.978556225739022,1.978556225739022,0.3181471805599453
F_gaussian_local_d10_rate0.5,FR--KL,10,0.5,0.25,60,0.1,1.8884563058560422,1.9804866397585608,1.9804866397585608,0.3181471805599453
F_gaussian_local_d10_rate0.5,FR--KL,10,0.5,0.25,61,0.1,1.8900560185819766,1.982244833282132,1.982244833282132,0.3181471805599453
F_gaussian_local_d10_rate0.5,FR--KL,10,0.5,0.25,62,0.1,1.8915126583018045,1.9838459021337207,1.9838459021337207,0.3181471805599453
F_gaussian_local_d10_rate0.5,FR--KL,10,0.5,0.25,63,0.1,1.892838827384449,1.9853036653020653,1.9853036653020657,0.3181471805599453
F_gaussian_local_d10_rate0.5,FR--KL,10,0.5,0.25,64,0.1,1.8940460515762894,1.986630764876695,1.9866307648766952,0.3181471805599453
F_gaussian_local_d10_rate0.5,FR--KL,10,0.5,0.25,65,0.1,1.895144866165073,1.9878387595932507,1.9878387595932507,0.3181471805599453
F_gaussian_local_d10_rate0.5,FR--KL,10,0.5,0.25,66,0.1,1.8961448962819216,1.9889382121274255,1.9889382121274255,0.3181471805599453
F_gaussian_local_d10_rate0.5,FR--KL,10,0.5,0.25,67,0.1,1.8970549315310075,1.989938770334556,1.9899387703345557,0.3181471805599453
F_gaussian_local_d10_rate0.5,FR--KL,10,0.5,0.25,68,0.1,1.897882995219855,1.9908492426736384,1.9908492426736384,0.3181471805599453
F_gaussian_local_d10_rate0.5,FR--KL,10,0.5,0.25,69,0.1,1.8986364084226264,1.9916776680833184,1.9916776680833184,0.3181471805599453
F_gaussian_local_d10_rate0.5,FR--KL,10,0.5,0.25,70,0.1,1.899321849163878,1.992431380595616,1.992431380595616,0.3181471805599453
F_gaussian_local_d10_rate0.5,FR--KL,10,0.5,0.25,71,0.1,1.8999454070509336,1.9931170689830475,1.9931170689830475,0.3181471805599453
F_gaussian_local_d10_rate0.5,FR--KL,10,0.5,0.25,72,0.1,1.9005126335195233,1.993740831738072,1.993740831738072,0.3181471805599453
F_gaussian_local_d10_rate0.5,FR--KL,10,0.5,0.25,73,0.1,1.901028588154571,1.9943082276818536,1.9943082276818536,0.3181471805599453
F_gaussian_local_d10_rate0.5,FR--KL,10,0.5,0.25,74,0.1,1.901497881168509,1.994824322493596,1.994824322493596,0.3181471805599453
F_gaussian_local_d10_rate0.5,FR--KL,10,0.5,0.25,75,0.1,1.9019247124390752,1.995293731442892,1.995293731442892,0.3181471805599453
F_gaussian_local_d10_rate0.5,FR--KL,10,0.5,0.25,76,0.1,1.902312907305988,1.995720658596725,1.9957206585967249,0.3181471805599453
F_gaussian_local_d10_rate0.5,FR--KL,10,0.5,0.25,77,0.1,1.9026659493779599,1.996108932760425,1.9961089327604251,0.3181471805599453
F_gaussian_local_d10_rate0.5,FR--KL,10,0.5,0.25,78,0.1,1.9029870105303777,1.9964620403986275,1.9964620403986275,0.3181471805599453
F_gaussian_local_d10_rate0.5,FR--KL,10,0.5,0.25,79,0.1,1.9032789784154718,1.996783155768528,1.996783155768528,0.3181471805599453
F_gaussian_local_d10_rate0.5,FR--KL,10,0.5,0.25,80,0.1,1.9035444815791103,1.9970751684837804,1.9970751684837804,0.3181471805599453
F_gaussian_local_d10_rate0.5,FR--KL,10,0.5,0.25,81,0.1,1.903785912429395,1.997340708713484,1.997340708713484,0.3181471805599453
F_gaussian_local_d10_rate0.5,FR--KL,10,0.5,0.25,82,0.1,1.9040054482154323,1.9975821702070893,1.9975821702070895,0.3181471805599453
F_gaussian_local_d10_rate0.5,FR--KL,10,0.5,0.25,83,0.1,1.9042050701695463,1.997801731322832,1.997801731322832,0.3181471805599453
F_gaussian_local_d10_rate0.5,FR--KL,10,0.5,0.25,84,0.1,1.9043865810229126,1.9980013742245548,1.9980013742245548,0.3181471805599453
F_gaussian_local_d10_rate0.5,FR--KL,10,0.5,0.25,85,0.1,1.9045516209490139,1.998182902399681,1.9981829023996815,0.3181471805599453
F_gaussian_local_d10_rate0.5,FR--KL,10,0.5,0.25,86,0.1,1.9047016820874503,1.998347956639527,1.9983479566395268,0.3181471805599453
F_gaussian_local_d10_rate0.5,FR--KL,10,0.5,0.25,87,0.1,1.9048381218423696,1.998498029612288,1.9984980296122872,0.3181471805599453
F_gaussian_local_d10_rate0.5,FR--KL,10,0.5,0.25,88,0.1,1.904962174964857,1.9986344791488115,1.9986344791488115,0.3181471805599453
F_gaussian_local_d10_rate0.5,FR--KL,10,0.5,0.25,89,0.1,1.9050749645658518,1.9987585403516908,1.9987585403516903,0.3181471805599453
F_gaussian_local_d10_rate0.5,FR--KL,10,0.5,0.25,90,0.1,1.9051775121509884,1.9988713366292628,1.9988713366292632,0.3181471805599453
F_gaussian_local_d10_rate0.5,FR--KL,10,0.5,0.25,91,0.1,1.9052707468356496,1.9989738897478275,1.9989738897478273,0.3181471805599453
F_gaussian_local_d10_rate0.5,FR--KL,10,0.5,0.25,92,0.1,1.905355513550721,1.9990671289876376,1.999067128987638,0.3181471805599453
F_gaussian_local_d10_rate0.5,FR--KL,10,0.5,0.25,93,0.1,1.9054325807689387,1.999151899481108,1.999151899481108,0.3181471805599453
F_gaussian_local_d10_rate0.5,FR--KL,10,0.5,0.25,94,0.1,1.9055026472620724,1.9992289698050485,1.999228969805048,0.3181471805599453
F_gaussian_local_d10_rate0.5,FR--KL,10,0.5,0.25,95,0.1,1.9055663485778687,1.9992990388926724,1.999299038892672,0.3181471805599453
F_gaussian_local_d10_rate0.5,FR--KL,10,0.5,0.25,96,0.1,1.9056242625376303,1.9993627423254825,1.999362742325482,0.3181471805599453
F_gaussian_local_d10_rate0.5,FR--KL,10,0.5,0.25,97,0.1,1.9056769146846422,1.9994206580599792,1.9994206580599792,0.3181471805599453
F_gaussian_local_d10_rate0.5,FR--KL,10,0.5,0.25,98,0.1,1.905724782796319,1.9994733116394063,1.9994733116394063,0.3181471805599453
F_gaussian_local_d10_rate0.5,FR--KL,10,0.5,0.25,99,0.1,1.9057683013039324,1.9995211809363511,1.9995211809363511,0.3181471805599453
F_gaussian_local_d10_rate0.5,FR--KL,10,0.5,0.25,100,0.1,1.9058078653532413,1.99956470046806,1.9995647004680597,0.3181471805599453
F_gaussian_local_d10_rate0.5,FR--KL,10,0.5,0.25,101,0.1,1.9058438340791433,1.99960426532264,1.99960426532264,0.3181471805599453
F_gaussian_local_d10_rate0.5,FR--KL,10,0.5,0.25,102,0.1,1.905876534104633,1.9996402347309647,1.9996402347309647,0.3181471805599453
F_gaussian_local_d10_rate0.5,FR--KL,10,0.5,0.25,103,0.1,1.905906262348275,1.999672935316036,1.999672935316036,0.3181471805599453
F_gaussian_local_d10_rate0.5,FR--KL,10,0.5,0.25,104,0.1,1.90593328887429,1.999702664048756,1.999702664048756,0.3181471805599453
F_gaussian_local_d10_rate0.5,FR--KL,10,0.5,0.25,105,0.1,1.9059578590614183,1.9997296909364783,1.9997296909364783,0.3181471805599453
F_gaussian_local_d10_rate0.5,FR--KL,10,0.5,0.25,106,0.1,1.9059801962222978,1.9997542614683732,1.9997542614683732,0.3181471805599453
F_gaussian_local_d10_rate0.5,FR--KL,10,0.5,0.25,107,0.1,1.906000503071515,1.999776598839509,1.9997765988395095,0.3181471805599453
F_gaussian_local_d10_rate0.5,FR--KL,10,0.5,0.25,108,0.1,1.906018964191611,1.9997969059735792,1.9997969059735792,0.3181471805599453
F_gaussian_local_d10_rate0.5,FR--KL,10,0.5,0.25,109,0.1,1.9060357474998126,1.999815367362444,1.9998153673624444,0.3181471805599453
F_gaussian_local_d10_rate0.5,FR--KL,10,0.5,0.25,110,0.1,1.9060510053568043,1.9998321507390195,1.9998321507390195,0.3181471805599453
F_gaussian_local_d10_rate0.5,FR--KL,10,0.5,0.25,111,0.1,1.906064876072069,1.999847408598548,1.999847408598548,0.3181471805599453
F_gaussian_local_d10_rate0.5,FR--KL,10,0.5,0.25,112,0.1,1.906077486291409,1.999861279581973,1.9998612795819728,0.3181471805599453
F_gaussian_local_d10_rate0.5,FR--KL,10,0.5,0.25,113,0.1,1.9060889500182439,1.9998738897338812,1.9998738897338817,0.3181471805599453
F_gaussian_local_d10_rate0.5,FR--KL,10,0.5,0.25,114,0.1,1.90609937180149,1.999885353646343,1.9998853536463432,0.3181471805599453
F_gaussian_local_d10_rate0.5,FR--KL,10,0.5,0.25,115,0.1,1.9061088464066207,1.999895775498995,1.9998957754989952,0.3181471805599453
F_gaussian_local_d10_rate0.5,FR--KL,10,0.5,0.25,116,0.1,1.9061174595762098,1.9999052500047567,1.9999052500047565,0.3181471805599453
F_gaussian_local_d10_rate0.5,FR--KL,10,0.5,0.25,117,0.1,1.906125289802029,1.9999138632697129,1.9999138632697129,0.3181471805599453
F_gaussian_local_d10_rate0.5,FR--KL,10,0.5,0.25,118,0.1,1.9061324084402516,1.9999216935749635,1.9999216935749633,0.3181471805599453
F_gaussian_local_d10_rate0.5,FR--KL,10,0.5,0.25,119,0.1,1.9061388798347763,1.9999288120874912,1.9999288120874912,0.3181471805599453
F_gaussian_local_d10_rate0.5,FR--KL,10,0.5,0.25,120,0.1,1.9061447629398502,1.9999352835064912,1.9999352835064912,0.3181471805599453
F_gaussian_local_d10_rate0.5,FR--KL,10,0.5,0.25,121,0.1,1.9061501113107562,1.9999411666510156,1.9999411666510152,0.3181471805599453
F_gaussian_local_d10_rate0.5,FR--KL,10,0.5,0.25,122,0.1,1.906154973418152,1.9999465149942557,1.9999465149942552,0.3181471805599453
F_gaussian_local_d10_rate0.5,FR--KL,10,0.5,0.25,123,0.1,1.906159393582902,1.9999513771492965,1.999951377149296,0.3181471805599453
F_gaussian_local_d10_rate0.5,FR--KL,10,0.5,0.25,124,0.1,1.906163411572769,1.9999557973107576,1.9999557973107576,0.3181471805599453
F_gaussian_local_d10_rate0.5,FR--KL,10,0.5,0.25,125,0.1,1.9061670647680278,1.999959815656313,1.9999598156563132,0.3181471805599453
F_gaussian_local_d10_rate0.5,FR--KL,10,0.5,0.25,126,0.1,1.9061703855029473,1.99996346871174,1.99996346871174,0.3181471805599453
F_gaussian_local_d10_rate0.5,FR--KL,10,0.5,0.25,127,0.1,1.906173405097693,1.9999667896827984,1.9999667896827984,0.3181471805599453
F_gaussian_local_d10_rate0.5,FR--KL,10,0.5,0.25,128,0.1,1.9061761496243979,1.9999698087569688,1.9999698087569688,0.3181471805599453
F_gaussian_local_d10_rate0.5,FR--KL,10,0.5,0.25,129,0.1,1.9061786443102176,1.9999725533777608,1.9999725533777608,0.3181471805599453
F_gaussian_local_d10_rate0.5,FR--KL,10,0.5,0.25,130,0.1,1.9061809128042246,1.999975048494108,1.999975048494108,0.3181471805599453
F_gaussian_local_d10_rate0.5,FR--KL,10,0.5,0.25,131,0.1,1.9061829754018336,1.999977316787099,1.999977316787099,0.3181471805599453
F_gaussian_local_d10_rate0.5,FR--KL,10,0.5,0.25,132,0.1,1.906184848928413,1.9999793788761016,1.9999793788761016,0.3181471805599453
F_gaussian_local_d10_rate0.5,FR--KL,10,0.5,0.25,133,0.1,1.906186554139564,1.9999812535061563,1.9999812535061567,0.3181471805599453
F_gaussian_local_d10_rate0.5,FR--KL,10,0.5,0.25,134,0.1,1.906188103336725,1.999982957718348,1.999982957718348,0.3181471805599453
F_gaussian_local_d10_rate0.5,FR--KL,10,0.5,0.25,135,0.1,1.9061895113248164,1.9999845070046784,1.9999845070046784,0.3181471805599453
F_gaussian_local_d10_rate0.5,FR--KL,10,0.5,0.25,136,0.1,1.9061907916305403,1.9999859154488795,1.99998591544888,0.3181471805599453
F_gaussian_local_d10_rate0.5,FR--KL,10,0.5,0.25,137,0.1,1.9061919563610177,1.99998719585442,1.9999871958544204,0.3181471805599453
F_gaussian_local_d10_rate0.5,FR--KL,10,0.5,0.25,138,0.1,1.9061930145694772,1.9999883598608803,1.9999883598608807,0.3181471805599453
F_gaussian_local_d10_rate0.5,FR--KL,10,0.5,0.25,139,0.1,1.9061939774540397,1.9999894180497475,1.9999894180497473,0.3181471805599453
F_gaussian_local_d10_rate0.5,FR--KL,10,0.5,0.25,140,0.1,1.9061948515564255,1.9999903800405985,1.9999903800405985,0.3181471805599453
F_gaussian_local_d10_rate0.5,FR--KL,10,0.5,0.25,141,0.1,1.9061956454208546,1.999991254578538,1.9999912545785383,0.3181471805599453
F_gaussian_local_d10_rate0.5,FR--KL,10,0.5,0.25,142,0.1,1.906196366387474,1.9999920496136925,1.9999920496136925,0.3181471805599453
F_gaussian_local_d10_rate0.5,FR--KL,10,0.5,0.25,143,0.1,1.9061970249726397,1.999992772373472,1.9999927723734712,0.3181471805599453
F_gaussian_local_d10_rate0.5,FR--KL,10,0.5,0.25,144,0.1,1.9061976233031053,1.9999934294282695,1.9999934294282695,0.3181471805599453
F_gaussian_local_d10_rate0.5,FR--KL,10,0.5,0.25,145,0.1,1.9061981694732522,1.9999940267511884,1.9999940267511889,0.3181471805599453
F_gaussian_local_d10_rate0.5,FR--KL,10,0.5,0.25,146,0.1,1.9061986602792858,1.9999945697723345,1.9999945697723345,0.3181471805599453
F_gaussian_local_d10_rate0.5,FR--KL,10,0.5,0.25,147,0.1,1.9061991103699585,1.999995063428177,1.999995063428177,0.3181471805599453
F_gaussian_local_d10_rate0.5,FR--KL,10,0.5,0.25,148,0.1,1.9061995151864188,1.9999955122064264,1.9999955122064268,0.3181471805599453
F_gaussian_local_d10_rate0.5,FR--KL,10,0.5,0.25,149,0.1,1.9061998858128262,1.9999959201868285,1.999995920186828,0.3181471805599453
F_gaussian_local_d10_rate0.5,FR--KL,10,0.5,0.25,150,0.1,1.9062002229012411,1.9999962910782467,1.9999962910782467,0.3181471805599453
F_gaussian_local_d10_rate0.5,FR--KL,10,0.5,0.25,151,0.1,1.9062005322740243,1.999996628252383,1.999996628252383,0.3181471805599453
F_gaussian_local_d10_rate0.5,FR--KL,10,0.5,0.25,152,0.1,1.9062008049777157,1.999996934774424,1.999996934774424,0.3181471805599453
F_gaussian_local_d10_rate0.5,FR--KL,10,0.5,0.25,153,0.1,1.9062010634145816,1.9999972134309056,1.9999972134309056,0.3181471805599453
F_gaussian_local_d10_rate0.5,FR--KL,10,0.5,0.25,154,0.1,1.9062012925856555,1.999997466755048,1.999997466755048,0.3181471805599453
F_gaussian_local_d10_rate0.5,FR--KL,10,0.5,0.25,155,0.1,1.9062015055632944,1.9999976970497784,1.9999976970497784,0.3181471805599453
F_gaussian_local_d10_rate0.5,FR--KL,10,0.5,0.25,156,0.1,1.9062017022936535,1.9999979064086708,1.9999979064086704,0.3181471805599453
F_gaussian_local_d10_rate0.5,FR--KL,10,0.5,0.25,157,0.1,1.9062018645431529,1.9999980967349749,1.9999980967349749,0.3181471805599453
F_gaussian_local_d10_rate0.5,FR--KL,10,0.5,0.25,158,0.1,1.906202014527932,1.9999982697589185,1.9999982697589185,0.3181471805599453
F_gaussian_local_d10_rate0.5,FR--KL,10,0.5,0.25,159,0.1,1.9062021818981039,1.9999984270534372,1.9999984270534377,0.3181471805599453
F_gaussian_local_d10_rate0.5,FR--KL,10,0.5,0.25,160,0.1,1.9062022960722347,1.9999985700484788,1.9999985700484784,0.3181471805599453
F_gaussian_local_d10_rate0.5,FR--KL,10,0.5,0.25,161,0.1,1.906202403837467,1.9999987000439872,1.9999987000439872,0.3181471805599453
F_gaussian_local_d10_rate0.5,FR--KL,10,0.5,0.25,162,0.1,1.9062025288699462,1.999998818221736,1.999998818221736,0.3181471805599453
F_gaussian_local_d10_rate0.5,FR--KL,10,0.5,0.25,163,0.1,1.9062026292409608,1.9999989256560664,1.9999989256560664,0.3181471805599453
F_gaussian_local_d10_rate0.5,FR--KL,10,0.5,0.25,164,0.1,1.9062027126154115,1.999999023323649,1.9999990233236495,0.3181471805599453
F_gaussian_local_d10_rate0.5,FR--KL,10,0.5,0.25,165,0.1,1.9062027963246722,1.9999991121123692,1.9999991121123692,0.3181471805599453
F_gaussian_local_d10_rate0.5,FR--KL,10,0.5,0.25,166,0.1,1.9062028610458883,1.9999991928293943,1.9999991928293943,0.3181471805599453
F_gaussian_local_d10_rate0.5,FR--KL,10,0.5,0.25,167,0.1,1.9062029206854352,1.999999266208513,1.9999992662085135,0.3181471805599453
F_gaussian_local_d10_rate0.5,FR--KL,10,0.5,0.25,168,0.1,1.9062029949432582,1.999999332916808,1.999999332916808,0.3181471805599453
F_gaussian_local_d10_rate0.5,FR--KL,10,0.5,0.25,169,0.1,1.9062030043964653,1.9999993935607163,1.999999393560716,0.3181471805599453
F_gaussian_local_d10_rate0.5,FR--KL,10,0.5,0.25,170,0.1,1.9062030813601245,1.999999448691544,1.999999448691544,0.3181471805599453
F_gaussian_local_d10_rate0.5,FR--KL,10,0.5,0.25,171,0.1,1.9062031530512906,1.9999994988104808,1.9999994988104817,0.3181471805599453
F_gaussian_local_d10_rate0.5,FR--KL,10,0.5,0.25,172,0.1,1.9062032198610084,1.999999544373155,1.9999995443731549,0.3181471805599453
F_gaussian_local_d10_rate0.5,FR--KL,10,0.5,0.25,173,0.1,1.9062031972484943,1.9999995857937696,1.9999995857937696,0.3181471805599453
F_gaussian_local_d10_rate0.5,FR--KL,10,0.5,0.25,174,0.1,1.9062032753006743,1.999999623448874,1.9999996234488735,0.3181471805599453
F_gaussian_local_d10_rate0.5,FR--KL,10,0.5,0.25,175,0.1,1.906203318465234,1.9999996576807888,1.9999996576807888,0.3181471805599453
F_gaussian_local_d10_rate0.5,FR--KL,10,0.5,0.25,176,0.1,1.9062033163895653,1.9999996888007128,1.9999996888007128,0.3181471805599453
F_gaussian_local_d10_rate0.5,FR--KL,10,0.5,0.25,177,0.1,1.9062033135355183,1.9999997170915536,1.999999717091553,0.3181471805599453
F_gaussian_local_d10_rate0.5,FR--KL,10,0.5,0.25,178,0.1,1.9062033854290534,1.999999742810499,1.9999997428104992,0.3181471805599453
F_gaussian_local_d10_rate0.5,FR--KL,10,0.5,0.25,179,0.1,1.9062034251431605,1.99999976619136,1.9999997661913604,0.3181471805599453
F_gaussian_local_d10_rate0.5,FR--KL,10,0.5,0.25,180,0.1,1.9062033725306038,1.9999997874466888,1.9999997874466895,0.3181471805599453
F_gaussian_local_d10_rate0.5,FR--KL,10,0.5,0.25,181,0.1,1.906203389245061,1.9999998067697156,1.9999998067697156,0.3181471805599453
F_gaussian_local_d10_rate0.5,FR--KL,10,0.5,0.25,182,0.1,1.90620347726758,1.999999824336103,1.9999998243361032,0.3181471805599453
F_gaussian_local_d10_rate0.5,FR--KL,10,0.5,0.25,183,0.1,1.9062034431387493,1.999999840305548,1.9999998403055472,0.3181471805599453
F_gaussian_local_d10_rate0.5,FR--KL,10,0.5,0.25,184,0.1,1.9062035349073876,1.9999998548232236,1.999999854823224,0.3181471805599453
F_gaussian_local_d10_rate0.5,FR--KL,10,0.5,0.25,185,0.1,1.9062034917761277,1.999999868021112,1.999999868021112,0.3181471805599453
F_gaussian_local_d10_rate0.5,FR--KL,10,0.5,0.25,186,0.1,1.906203429526399,1.999999880019192,1.999999880019192,0.3181471805599453
F_gaussian_local_d10_rate0.5,FR--KL,10,0.5,0.25,187,0.1,1.9062034617280137,1.9999998909265368,1.9999998909265375,0.3181471805599453
F_gaussian_local_d10_rate0.5,FR--KL,10,0.5,0.25,188,0.1,1.906203578172019,1.999999900842306,1.9999999008423064,0.3181471805599453
F_gaussian_local_d10_rate0.5,FR--KL,10,0.5,0.25,189,0.1,1.9062035566746662,1.9999999098566412,1.9999999098566417,0.3181471805599453
F_gaussian_local_d10_rate0.5,FR--KL,10,0.5,0.25,190,0.1,1.906203466027477,1.999999918051493,1.9999999180514925,0.3181471805599453
F_gaussian_local_d10_rate0.5,FR--KL,10,0.5,0.25,191,0.1,1.9062033516839287,1.9999999255013567,1.9999999255013563,0.3181471805599453
F_gaussian_local_d10_rate0.5,FR--KL,10,0.5,0.25,192,0.1,1.9062035174007799,1.9999999322739592,1.9999999322739592,0.3181471805599453
F_gaussian_local_d10_rate0.5,FR--KL,10,0.5,0.25,193,0.1,1.9062036465764458,1.9999999384308724,1.999999938430872,0.3181471805599453
F_gaussian_local_d10_rate0.5,FR--KL,10,0.5,0.25,194,0.1,1.906203619888879,1.9999999440280656,1.9999999440280656,0.3181471805599453
F_gaussian_local_d10_rate0.5,FR--KL,10,0.5,0.25,195,0.1,1.9062037182722154,1.9999999491164235,1.999999949116423,0.3181471805599453
F_gaussian_local_d10_rate0.5,FR--KL,10,0.5,0.25,196,0.1,1.9062034424814682,1.999999953742204,1.9999999537422033,0.3181471805599453
F_gaussian_local_d10_rate0.5,FR--KL,10,0.5,0.25,197,0.1,1.9062040396207618,1.999999957947457,1.9999999579474572,0.3181471805599453
F_gaussian_local_d10_rate0.5,FR--KL,10,0.5,0.25,198,0.1,1.9062034334571476,1.9999999617704167,1.9999999617704167,0.3181471805599453
F_gaussian_local_d10_rate0.5,FR--KL,10,0.5,0.25,199,0.1,1.9062037749785679,1.999999965245833,1.999999965245833,0.3181471805599453
F_gaussian_local_d10_rate0.5,FR--R,10,0.5,0.25,0,0.1,0.5260865785313773,0.5,0.5,0.3181471805599453
F_gaussian_local_d10_rate0.5,FR--R,10,0.5,0.25,1,0.1,0.5670800088024092,0.5389420754423158,0.5389420754423158,0.3181471805599453
F_gaussian_local_d10_rate0.5,FR--R,10,0.5,0.25,2,0.1,0.6100797188680909,0.579787115921784,0.579787115921784,0.3181471805599453
F_gaussian_local_d10_rate0.5,FR--R,10,0.5,0.25,3,0.1,0.655001994709129,0.6224551881586748,0.622455188158675,0.3181471805599453
F_gaussian_local_d10_rate0.5,FR--R,10,0.5,0.25,4,0.1,0.7017344796946418,0.6668391613600195,0.6668391613600194,0.3181471805599453
F_gaussian_local_d10_rate0.5,FR--R,10,0.5,0.25,5,0.1,0.7501357407726351,0.712804309046876,0.712804309046876,0.3181471805599453
F_gaussian_local_d10_rate0.5,FR--R,10,0.5,0.25,6,0.1,0.8000356755554237,0.7601887106353271,0.760188710635327,0.3181471805599453
F_gaussian_local_d10_rate0.5,FR--R,10,0.5,0.25,7,0.1,0.851236843907926,0.8088045314664901,0.80880453146649,0.3181471805599453
F_gaussian_local_d10_rate0.5,FR--R,10,0.5,0.25,8,0.1,0.9035167647881474,0.8584402191317203,0.8584402191317204,0.3181471805599453
F_gaussian_local_d10_rate0.5,FR--R,10,0.5,0.25,9,0.1,0.9566311671258918,0.9088636045001764,0.9088636045001762,0.3181471805599453
F_gaussian_local_d10_rate0.5,FR--R,10,0.5,0.25,10,0.1,1.0103181260395029,0.9598258412495028,0.9598258412495028,0.3181471805599453
F_gaussian_local_d10_rate0.5,FR--R,10,0.5,0.25,11,0.1,1.0643029574533818,1.011066062471482,1.011066062471482,0.3181471805599453
F_gaussian_local_d10_rate0.5,FR--R,10,0.5,0.25,12,0.1,1.1183036906708632,1.0623165822786818,1.0623165822786818,0.3181471805599453
F_gaussian_local_d10_rate0.5,FR--R,10,0.5,0.25,13,0.1,1.1720368951889866,1.113308429499066,1.113308429499066,0.3181471805599453
F_gaussian_local_d10_rate0.5,FR--R,10,0.5,0.25,14,0.1,1.2252236097918983,1.1637769740275865,1.1637769740275865,0.3181471805599453
F_gaussian_local_d10_rate0.5,FR--R,10,0.5,0.25,15,0.1,1.2775951120502422,1.2134673973286778,1.2134673973286778,0.3181471805599453
F_gaussian_local_d10_rate0.5,FR--R,10,0.5,0.25,16,0.1,1.328898276112616,1.2621397681754185,1.2621397681754185,0.3181471805599453
F_gaussian_local_d10_rate0.5,FR--R,10,0.5,0.25,17,0.1,1.37890029520247,1.309573512076399,1.309573512076399,0.3181471805599453
F_gaussian_local_d10_rate0.5,FR--R,10,0.5,0.25,18,0.1,1.4273925895100394,1.355571105085,1.3555711050850001,0.3181471805599453
F_gaussian_local_d10_rate0.5,FR--R,10,0.5,0.25,19,0.1,1.4741937755144356,1.399960875343217,1.399960875343217,0.3181471805599453
F_gaussian_local_d10_rate0.5,FR--R,10,0.5,0.25,20,0.1,1.5191516335336699,1.4425988534114424,1.4425988534114424,0.3181471805599453
F_gaussian_local_d10_rate0.5,FR--R,10,0.5,0.25,21,0.1,1.5621440706606586,1.483369669659339,1.483369669659339,0.3181471805599453
F_gaussian_local_d10_rate0.5,FR--R,10,0.5,0.25,22,0.1,1.6030791309749999,1.5221865487973076,1.5221865487973076,0.3181471805599453
F_gaussian_local_d10_rate0.5,FR--R,10,0.5,0.25,23,0.1,1.6418941499789326,1.558990494199669,1.5589904941996688,0.3181471805599453
F_gaussian_local_d10_rate0.5,FR--R,10,0.5,0.25,24,0.1,1.6785541830747466,1.5937487856460706,1.5937487856460706,0.3181471805599453
F_gaussian_local_d10_rate0.5,FR--R,10,0.5,0.25,25,0.1,1.713049857655611,1.6264529326388268,1.626452932638827,0.3181471805599453
F_gaussian_local_d10_rate0.5,FR--R,10,0.5,0.25,26,0.1,1.745394805542963,1.6571162320515704,1.6571162320515704,0.3181471805599453
F_gaussian_local_d10_rate0.5,FR--R,10,0.5,0.25,27,0.1,1.7756228286926106,1.6857710750872237,1.6857710750872232,0.3181471805599453
F_gaussian_local_d10_rate0.5,FR--R,10,0.5,0.25,28,0.1,1.8037849386454508,1.7124661365914469,1.7124661365914469,0.3181471805599453
F_gaussian_local_d10_rate0.5,FR--R,10,0.5,0.25,29,0.1,1.8299463917440513,1.7372635621794306,1.7372635621794303,0.3181471805599453
F_gaussian_local_d10_rate0.5,FR--R,10,0.5,0.25,30,0.1,1.8541838202586147,1.7602362478364015,1.7602362478364015,0.3181471805599453
F_gaussian_local_d10_rate0.5,FR--R,10,0.5,0.25,31,0.1,1.876582536542303,1.7814652848025785,1.7814652848025785,0.3181471805599453
F_gaussian_local_d10_rate0.5,FR--R,10,0.5,0.25,32,0.1,1.8972340649952513,1.801037621376122,1.8010376213761223,0.3181471805599453
F_gaussian_local_d10_rate0.5,FR--R,10,0.5,0.25,33,0.1,1.9162339362725203,1.819043974002096,1.8190439740020956,0.3181471805599453
F_gaussian_local_d10_rate0.5,FR--R,10,0.5,0.25,34,0.1,1.933679760641847,1.8355770034308232,1.8355770034308232,0.3181471805599453
F_gaussian_local_d10_rate0.5,FR--R,10,0.5,0.25,35,0.1,1.9496695830698032,1.850729758186892,1.850729758186892,0.3181471805599453
F_gaussian_local_d10_rate0.5,FR--R,10,0.5,0.25,36,0.1,1.9643005115387704,1.864594377129695,1.8645943771296951,0.3181471805599453
F_gaussian_local_d10_rate0.5,FR--R,10,0.5,0.25,37,0.1,1.9776676020711565,1.8772610353168977,1.877261035316898,0.3181471805599453
F_gaussian_local_d10_rate0.5,FR--R,10,0.5,0.25,38,0.1,1.9898629786086988,1.888817112367104,1.888817112367104,0.3181471805599453
F_gaussian_local_d10_rate0.5,FR--R,10,0.5,0.25,39,0.1,2.000975162837404,1.89934655964722,1.89934655964722,0.3181471805599453
F_gaussian_local_d10_rate0.5,FR--R,10,0.5,0.25,40,0.1,2.0110885878001685,1.908929441454223,1.9089294414542233,0.3181471805599453
F_gaussian_local_d10_rate0.5,FR--R,10,0.5,0.25,41,0.1,2.020283269279833,1.9176416255101671,1.9176416255101671,0.3181471805599453
F_gaussian_local_d10_rate0.5,FR--R,10,0.5,0.25,42,0.1,2.028634610064366,1.9255545991760767,1.9255545991760767,0.3181471805599453
F_gaussian_local_d10_rate0.5,FR--R,10,0.5,0.25,43,0.1,2.0362133140011722,1.932735389502635,1.9327353895026351,0.3181471805599453
F_gaussian_local_d10_rate0.5,FR--R,10,0.5,0.25,44,0.1,2.0430853889413836,1.939246567319597,1.939246567319597,0.3181471805599453
F_gaussian_local_d10_rate0.5,FR--R,10,0.5,0.25,45,0.1,2.0493122200496523,1.945146317824256,1.945146317824256,0.3181471805599453
F_gaussian_local_d10_rate0.5,FR--R,10,0.5,0.25,46,0.1,2.054950697365603,1.9504885624152537,1.9504885624152537,0.3181471805599453
F_gaussian_local_d10_rate0.5,FR--R,10,0.5,0.25,47,0.1,2.060053383835551,1.9553231187279407,1.9553231187279407,0.3181471805599453
F_gaussian_local_d10_rate0.5,FR--R,10,0.5,0.25,48,0.1,2.0646687122102514,1.959695887892992,1.959695887892992,0.3181471805599453
F_gaussian_local_d10_rate0.5,FR--R,10,0.5,0.25,49,0.1,2.068841201188923,1.963649059920434,1.9636490599204337,0.3181471805599453
F_gaussian_local_d10_rate0.5,FR--R,10,0.5,0.25,50,0.1,2.0726116829637338,1.967221329786944,1.967221329786944,0.3181471805599453
F_gaussian_local_d10_rate0.5,FR--R,10,0.5,0.25,51,0.1,2.076017535860749,1.9704481182708016,1.9704481182708016,0.3181471805599453
F_gaussian_local_d10_rate0.5,FR--R,10,0.5,0.25,52,0.1,2.079092917115125,1.9733617928420777,1.9733617928420777,0.3181471805599453
F_gaussian_local_d10_rate0.5,FR--R,10,0.5,0.25,53,0.1,2.0818689919485482,1.9759918849885143,1.9759918849885143,0.3181471805599453
F_gaussian_local_d10_rate0.5,FR--R,10,0.5,0.25,54,0.1,2.0843741560648468,1.9783653012566087,1.9783653012566085,0.3181471805599453
F_gaussian_local_d10_rate0.5,FR--R,10,0.5,0.25,55,0.1,2.0866342494743093,1.9805065260314885,1.9805065260314887,0.3181471805599453
F_gaussian_local_d10_rate0.5,FR--R,10,0.5,0.25,56,0.1,2.0886727601866704,1.9824378146872084,1.982437814687208,0.3181471805599453
F_gaussian_local_d10_rate0.5,FR--R,10,0.5,0.25,57,0.1,2.0905110168511585,1.9841793762295965,1.984179376229596,0.3181471805599453
F_gaussian_local_d10_rate0.5,FR--R,10,0.5,0.25,58,0.1,2.09216836981413,1.985749544944149,1.9857495449441496,0.3181471805599453
F_gaussian_local_d10_rate0.5,FR--R,10,0.5,0.25,59,0.1,2.0936623604001605,1.987164940867288,1.9871649408672876,0.3181471805599453
F_gaussian_local_d10_rate0.5,FR--R,10,0.5,0.25,60,0.1,2.095008878475182,1.98844061913478,1.9884406191347797,0.3181471805599453
F_gaussian_local_d10_rate0.5,FR--R,10,0.5,0.25,61,0.1,2.0962223085235263,1.989590208438516,1.989590208438516,0.3181471805599453
F_gaussian_local_d10_rate0.5,FR--R,10,0.5,0.25,62,0.1,2.0973156646263713,1.990626038952755,1.9906260389527553,0.3181471805599453
F_gaussian_local_d10_rate0.5,FR--R,10,0.5,0.25,63,0.1,2.098300714806766,1.991559260182597,1.9915592601825969,0.3181471805599453
F_gaussian_local_d10_rate0.5,FR--R,10,0.5,0.25,64,0.1,2.0991880952955446,1.9923999492483675,1.9923999492483673,0.3181471805599453
F_gaussian_local_d10_rate0.5,FR--R,10,0.5,0.25,65,0.1,2.099987415285159,1.99315721015638,1.99315721015638,0.3181471805599453
F_gaussian_local_d10_rate0.5,FR--R,10,0.5,0.25,66,0.1,2.1007073527729165,1.993839264624331,1.9938392646243308,0.3181471805599453
F_gaussian_local_d10_rate0.5,FR--R,10,0.5,0.25,67,0.1,2.1013557421022444,1.9944535350329584,1.9944535350329584,0.3181471805599453
F_gaussian_local_d10_rate0.5,FR--R,10,0.5,0.25,68,0.1,2.101939653790816,1.9950067200679704,1.9950067200679704,0.3181471805599453
F_gaussian_local_d10_rate0.5,FR--R,10,0.5,0.25,69,0.1,2.102465467224625,1.9955048636006143,1.9955048636006143,0.3181471805599453
F_gaussian_local_d10_rate0.5,FR--R,10,0.5,0.25,70,0.1,2.102938936766979,1.9959534173338576,1.9959534173338576,0.3181471805599453
F_gaussian_local_d10_rate0.5,FR--R,10,0.5,0.25,71,0.1,2.103365251833833,1.9963572977159143,1.9963572977159143,0.3181471805599453
F_gaussian_local_d10_rate0.5,FR--R,10,0.5,0.25,72,0.1,2.103749091403765,1.9967209375951167,1.9967209375951167,0.3181471805599453
F_gaussian_local_d10_rate0.5,FR--R,10,0.5,0.25,73,0.1,2.1040946734604575,1.997048333061113,1.9970483330611128,0.3181471805599453
F_gaussian_local_d10_rate0.5,FR--R,10,0.5,0.25,74,0.1,2.1044057997848182,1.9973430858878851,1.9973430858878856,0.3181471805599453
F_gaussian_local_d10_rate0.5,FR--R,10,0.5,0.25,75,0.1,2.10468589652151,1.997608441964784,1.997608441964784,0.3181471805599453
F_gaussian_local_d10_rate0.5,FR--R,10,0.5,0.25,76,0.1,2.104938050886911,1.997847326073159,1.9978473260731593,0.3181471805599453
F_gaussian_local_d10_rate0.5,FR--R,10,0.5,0.25,77,0.1,2.1051650443395897,1.9980623733385503,1.9980623733385503,0.3181471805599453
F_gaussian_local_d10_rate0.5,FR--R,10,0.5,0.25,78,0.1,2.1053693826240147,1.998255957662044,1.998255957662044,0.3181471805599453
F_gaussian_local_d10_rate0.5,FR--R,10,0.5,0.25,79,0.1,2.1055533228908097,1.9984302174094544,1.9984302174094544,0.3181471805599453
F_gaussian_local_d10_rate0.5,FR--R,10,0.5,0.25,80,0.1,2.105718898143271,1.9985870786135087,1.9985870786135087,0.3181471805599453
F_gaussian_local_d10_rate0.5,FR--R,10,0.5,0.25,81,0.1,2.105867939369079,1.9987282759222744,1.9987282759222744,0.3181471805599453
F_gaussian_local_d10_rate0.5,FR--R,10,0.5,0.25,82,0.1,2.1060020955068177,1.998855371506661,1.9988553715066608,0.3181471805599453
F_gaussian_local_d10_rate0.5,FR--R,10,0.5,0.25,83,0.1,2.1061228514658032,1.9989697721209,1.9989697721208992,0.3181471805599453
F_gaussian_local_d10_rate0.5,FR--R,10,0.5,0.25,84,0.1,2.1062315443228106,1.999072744492438,1.999072744492438,0.3181471805599453
F_gaussian_local_d10_rate0.5,FR--R,10,0.5,0.25,85,0.1,2.106329378011617,1.9991654292015997,1.9991654292015992,0.3181471805599453
F_gaussian_local_d10_rate0.5,FR--R,10,0.5,0.25,86,0.1,2.1064174365365824,1.999248853196587,1.9992488531965873,0.3181471805599453
F_gaussian_local_d10_rate0.5,FR--R,10,0.5,0.25,87,0.1,2.106496695850133,1.9993239410758936,1.9993239410758936,0.3181471805599453
F_gaussian_local_d10_rate0.5,FR--R,10,0.5,0.25,88,0.1,2.106568034629516,1.9993915252577863,1.9993915252577863,0.3181471805599453
F_gaussian_local_d10_rate0.5,FR--R,10,0.5,0.25,89,0.1,2.1066322438793645,1.999452355145264,1.9994523551452636,0.3181471805599453
F_gaussian_local_d10_rate0.5,FR--R,10,0.5,0.25,90,0.1,2.106690035741383,1.9995071053845817,1.9995071053845817,0.3181471805599453
F_gaussian_local_d10_rate0.5,FR--R,10,0.5,0.25,91,0.1,2.1067420512900683,1.999556383306086,1.999556383306086,0.3181471805599453
F_gaussian_local_d10_rate0.5,FR--R,10,0.5,0.25,92,0.1,2.1067888675713182,1.999600735627573,1.999600735627573,0.3181471805599453
F_gaussian_local_d10_rate0.5,FR--R,10,0.5,0.25,93,0.1,2.1068310041658496,1.9996406544926664,1.9996406544926664,0.3181471805599453
F_gaussian_local_d10_rate0.5,FR--R,10,0.5,0.25,94,0.1,2.1068689285286317,1.9996765829097072,1.9996765829097072,0.3181471805599453
F_gaussian_local_d10_rate0.5,FR--R,10,0.5,0.25,95,0.1,2.106903061747185,1.999708919650261,1.9997089196502615,0.3181471805599453
F_gaussian_local_d10_rate0.5,FR--R,10,0.5,0.25,96,0.1,2.1069337826329786,1.999738023660636,1.999738023660636,0.3181471805599453
F_gaussian_local_d10_rate0.5,FR--R,10,0.5,0.25,97,0.1,2.106961432241429,1.9997642180345496,1.9997642180345496,0.3181471805599453
F_gaussian_local_d10_rate0.5,FR--R,10,0.5,0.25,98,0.1,2.106986317554723,1.9997877935904045,1.9997877935904047,0.3181471805599453
F_gaussian_local_d10_rate0.5,FR--R,10,0.5,0.25,99,0.1,2.1070087148290213,1.9998090120923535,1.9998090120923535,0.3181471805599453
F_gaussian_local_d10_rate0.5,FR--R,10,0.5,0.25,100,0.1,2.1070288728269793,1.9998281091504817,1.9998281091504817,0.3181471805599453
F_gaussian_local_d10_rate0.5,FR--R,10,0.5,0.25,101,0.1,2.1070470153548957,1.9998452968319704,1.9998452968319704,0.3181471805599453
F_gaussian_local_d10_rate0.5,FR--R,10,0.5,0.25,102,0.1,2.107063343965554,1.999860766011948,1.9998607660119476,0.3181471805599453
F_gaussian_local_d10_rate0.5,FR--R,10,0.5,0.25,103,0.1,2.1070780398585223,1.9998746884899097,1.9998746884899097,0.3181471805599453
F_gaussian_local_d10_rate0.5,FR--R,10,0.5,0.25,104,0.1,2.1070912665020383,1.9998872188950243,1.9998872188950247,0.3181471805599453
F_gaussian_local_d10_rate0.5,FR--R,10,0.5,0.25,105,0.1,2.107103170508989,1.9998984964013409,1.9998984964013409,0.3181471805599453
F_gaussian_local_d10_rate0.5,FR--R,10,0.5,0.25,106,0.1,2.1071138842181476,1.9999086462718143,1.999908646271814,0.3181471805599453
F_gaussian_local_d10_rate0.5,FR--R,10,0.5,0.25,107,0.1,2.1071235267405326,1.99991778124822,1.99991778124822,0.3181471805599453
F_gaussian_local_d10_rate0.5,FR--R,10,0.5,0.25,108,0.1,2.107132204981149,1.9999260028023012,1.9999260028023016,0.3181471805599453
F_gaussian_local_d10_rate0.5,FR--R,10,0.5,0.25,109,0.1,2.1071400155195237,1.99993340226198,1.9999334022619804,0.3181471805599453
F_gaussian_local_d10_rate0.5,FR--R,10,0.5,0.25,110,0.1,2.1071470450984253,1.999940061825107,1.9999400618251073,0.3181471805599453
F_gaussian_local_d10_rate0.5,FR--R,10,0.5,0.25,111,0.1,2.1071533717408486,1.9999460554719484,1.9999460554719484,0.3181471805599453
F_gaussian_local_d10_rate0.5,FR--R,10,0.5,0.25,112,0.1,2.1071590656644954,1.999951449786528,1.999951449786528,0.3181471805599453
F_gaussian_local_d10_rate0.5,FR--R,10,0.5,0.25,113,0.1,2.107164190373756,1.999956304695912,1.9999563046959112,0.3181471805599453
F_gaussian_local_d10_rate0.5,FR--R,10,0.5,0.25,114,0.1,2.1071688026088378,1.9999606741356293,1.9999606741356295,0.3181471805599453
F_gaussian_local_d10_rate0.5,FR--R,10,0.5,0.25,115,0.1,2.1071729533936177,1.9999646066486063,1.9999646066486068,0.3181471805599453
F_gaussian_local_d10_rate0.5,FR--R,10,0.5,0.25,116,0.1,2.1071766895776665,1.9999681459242429,1.999968145924243,0.3181471805599453
F_gaussian_local_d10_rate0.5,FR--R,10,0.5,0.25,117,0.1,2.1071800517134878,1.9999713312836216,1.9999713312836216,0.3181471805599453
F_gaussian_local_d10_rate0.5,FR--R,10,0.5,0.25,118,0.1,2.1071830776921243,1.9999741981162196,1.9999741981162191,0.3181471805599453
F_gaussian_local_d10_rate0.5,FR--R,10,0.5,0.25,119,0.1,2.1071858015167613,1.9999767782729747,1.9999767782729747,0.3181471805599453
F_gaussian_local_d10_rate0.5,FR--R,10,0.5,0.25,120,0.1,2.1071882523754146,1.9999791004200635,1.999979100420063,0.3181471805599453
F_gaussian_local_d10_rate0.5,FR--R,10,0.5,0.25,121,0.1,2.1071904583893377,1.999981190357309,1.9999811903573088,0.3181471805599453
F_gaussian_local_d10_rate0.5,FR--R,10,0.5,0.25,122,0.1,2.1071924439073917,1.9999830713047728,1.9999830713047724,0.3181471805599453
F_gaussian_local_d10_rate0.5,FR--R,10,0.5,0.25,123,0.1,2.107194230353361,1.9999847641606825,1.9999847641606825,0.3181471805599453
F_gaussian_local_d10_rate0.5,FR--R,10,0.5,0.25,124,0.1,2.107195839556227,1.999986287733588,1.9999862877335877,0.3181471805599453
F_gaussian_local_d10_rate0.5,FR--R,10,0.5,0.25,125,0.1,2.1071972864514157,1.9999876589512977,1.999987658951298,0.3181471805599453
F_gaussian_local_d10_rate0.5,FR--R,10,0.5,0.25,126,0.1,2.1071985891229597,1.9999888930489345,1.9999888930489336,0.3181471805599453
F_gaussian_local_d10_rate0.5,FR--R,10,0.5,0.25,127,0.1,2.107199761355972,1.9999900037381804,1.9999900037381808,0.3181471805599453
F_gaussian_local_d10_rate0.5,FR--R,10,0.5,0.25,128,0.1,2.107200817015207,1.999991003359616,1.999991003359616,0.3181471805599453
F_gaussian_local_d10_rate0.5,FR--R,10,0.5,0.25,129,0.1,2.1072017658537665,1.99999190301981,1.99999190301981,0.3181471805599453
F_gaussian_local_d10_rate0.5,FR--R,10,0.5,0.25,130,0.1,2.107202620734103,1.9999927127147143,1.9999927127147143,0.3181471805599453
F_gaussian_local_d10_rate0.5,FR--R,10,0.5,0.25,131,0.1,2.107203391021628,1.9999934414407208,1.9999934414407208,0.3181471805599453
F_gaussian_local_d10_rate0.5,FR--R,10,0.5,0.25,132,0.1,2.10720408162129,1.9999940972946053,1.9999940972946055,0.3181471805599453
F_gaussian_local_d10_rate0.5,FR--R,10,0.5,0.25,133,0.1,2.1072047041680895,1.9999946875634895,1.9999946875634895,0.3181471805599453
F_gaussian_local_d10_rate0.5,FR--R,10,0.5,0.25,134,0.1,2.107205267780453,1.9999952188058,1.9999952188058,0.3181471805599453
F_gaussian_local_d10_rate0.5,FR--R,10,0.5,0.25,135,0.1,2.1072057705165377,1.9999956969241344,1.9999956969241344,0.3181471805599453
F_gaussian_local_d10_rate0.5,FR--R,10,0.5,0.25,136,0.1,2.1072062232715996,1.9999961272308413,1.9999961272308415,0.3181471805599453
F_gaussian_local_d10_rate0.5,FR--R,10,0.5,0.25,137,0.1,2.1072066315529714,1.999996514507044,1.9999965145070444,0.3181471805599453
F_gaussian_local_d10_rate0.5,FR--R,10,0.5,0.25,138,0.1,2.10720700220864,1.9999968630557623,1.9999968630557623,0.3181471805599453
F_gaussian_local_d10_rate0.5,FR--R,10,0.5,0.25,139,0.1,2.1072073342983635,1.999997176749719,1.9999971767497189,0.3181471805599453
F_gaussian_local_d10_rate0.5,FR--R,10,0.5,0.25,140,0.1,2.107207631920456,1.9999974590743683,1.9999974590743688,0.3181471805599453
F_gaussian_local_d10_rate0.5,FR--R,10,0.5,0.25,141,0.1,2.1072078954419746,1.9999977131666251,1.9999977131666251,0.3181471805599453
F_gaussian_local_d10_rate0.5,FR--R,10,0.5,0.25,142,0.1,2.1072081429795597,1.9999979418497136,1.9999979418497136,0.3181471805599453
F_gaussian_local_d10_rate0.5,FR--R,10,0.5,0.25,143,0.1,2.1072083576319676,1.9999981476645416,1.9999981476645416,0.3181471805599453
F_gaussian_local_d10_rate0.5,FR--R,10,0.5,0.25,144,0.1,2.1072085529507607,1.9999983328979245,1.999998332897924,0.3181471805599453
F_gaussian_local_d10_rate0.5,FR--R,10,0.5,0.25,145,0.1,2.1072087303099685,1.999998499608,1.999998499608,0.3181471805599453
F_gaussian_local_d10_rate0.5,FR--R,10,0.5,0.25,146,0.1,2.107208888422987,1.999998649647093,1.9999986496470927,0.3181471805599453
F_gaussian_local_d10_rate0.5,FR--R,10,0.5,0.25,147,0.1,2.107209028537504,1.9999987846822973,1.9999987846822969,0.3181471805599453
F_gaussian_local_d10_rate0.5,FR--R,10,0.5,0.25,148,0.1,2.1072091560250508,1.999998906213997,1.9999989062139971,0.3181471805599453
F_gaussian_local_d10_rate0.5,FR--R,10,0.5,0.25,149,0.1,2.107209271562819,1.9999990155925405,1.9999990155925405,0.3181471805599453
F_gaussian_local_d10_rate0.5,FR--R,10,0.5,0.25,150,0.1,2.1072093891891015,1.9999991140332405,1.99999911403324,0.3181471805599453
F_gaussian_local_d10_rate0.5,FR--R,10,0.5,0.25,151,0.1,2.1072094604158838,1.9999992026298796,1.9999992026298792,0.3181471805599453
F_gaussian_local_d10_rate0.5,FR--R,10,0.5,0.25,152,0.1,2.1072095581902395,1.9999992823668609,1.9999992823668609,0.3181471805599453
F_gaussian_local_d10_rate0.5,FR--R,10,0.5,0.25,153,0.1,2.1072096377971117,1.9999993541301504,1.9999993541301504,0.3181471805599453
F_gaussian_local_d10_rate0.5,FR--R,10,0.5,0.25,154,0.1,2.107209692634007,1.9999994187171155,1.999999418717116,0.3181471805599453
F_gaussian_local_d10_rate0.5,FR--R,10,0.5,0.25,155,0.1,2.1072097510172787,1.999999476845388,1.999999476845388,0.3181471805599453
F_gaussian_local_d10_rate0.5,FR--R,10,0.5,0.25,156,0.1,2.10720981641157,1.999999529160836,1.999999529160836,0.3181471805599453
F_gaussian_local_d10_rate0.5,FR--R,10,0.5,0.25,157,0.1,2.1072098671806327,1.9999995762447416,1.9999995762447416,0.3181471805599453
F_gaussian_local_d10_rate0.5,FR--R,10,0.5,0.25,158,0.1,2.1072099392457972,1.999999618620259,1.999999618620259,0.3181471805599453
F_gaussian_local_d10_rate0.5,FR--R,10,0.5,0.25,159,0.1,2.107209965265729,1.9999996567582272,1.9999996567582268,0.3181471805599453
F_gaussian_local_d10_rate0.5,FR--R,10,0.5,0.25,160,0.1,2.107209971335456,1.9999996910823987,1.9999996910823987,0.3181471805599453
F_gaussian_local_d10_rate0.5,FR--R,10,0.5,0.25,161,0.1,2.1072100007966803,1.999999721974154,1.999999721974154,0.3181471805599453
F_gaussian_local_d10_rate0.5,FR--R,10,0.5,0.25,162,0.1,2.1072100489127155,1.999999749776735,1.9999997497767348,0.3181471805599453
F_gaussian_local_d10_rate0.5,FR--R,10,0.5,0.25,163,0.1,2.1072100568005947,1.999999774799058,1.9999997747990583,0.3181471805599453
F_gaussian_local_d10_rate0.5,FR--R,10,0.5,0.25,164,0.1,2.1072100916143675,1.99999979731915,1.99999979731915,0.3181471805599453
F_gaussian_local_d10_rate0.5,FR--R,10,0.5,0.25,165,0.1,2.1072101508545784,1.9999998175872329,1.9999998175872329,0.3181471805599453
F_gaussian_local_d10_rate0.5,FR--R,10,0.5,0.25,166,0.1,2.1072101658825404,1.9999998358285085,1.999999835828508,0.3181471805599453
F_gaussian_local_d10_rate0.5,FR--R,10,0.5,0.25,167,0.1,2.107210189593313,1.9999998522456564,1.9999998522456564,0.3181471805599453
F_gaussian_local_d10_rate0.5,FR--R,10,0.5,0.25,168,0.1,2.1072102018383254,1.9999998670210897,1.99999986702109,0.3181471805599453
F_gaussian_local_d10_rate0.5,FR--R,10,0.5,0.25,169,0.1,2.1072101647322508,1.999999880318981,1.99999988031898,0.3181471805599453
F_gaussian_local_d10_rate0.5,FR--R,10,0.5,0.25,170,0.1,2.107210221536604,1.9999998922870807,1.9999998922870816,0.3181471805599453
F_gaussian_local_d10_rate0.5,FR--R,10,0.5,0.25,171,0.1,2.1072101808166437,1.999999903058373,1.9999999030583728,0.3181471805599453
F_gaussian_local_d10_rate0.5,FR--R,10,0.5,0.25,172,0.1,2.1072101943899586,1.999999912752535,1.9999999127525352,0.3181471805599453
F_gaussian_local_d10_rate0.5,FR--R,10,0.5,0.25,173,0.1,2.107210137206068,1.999999921477281,1.9999999214772808,0.3181471805599453
F_gaussian_local_d10_rate0.5,FR--R,10,0.5,0.25,174,0.1,2.107210229370591,1.9999999293295525,1.999999929329552,0.3181471805599453
F_gaussian_local_d10_rate0.5,FR--R,10,0.5,0.25,175,0.1,2.107210212303088,1.9999999363965968,1.9999999363965968,0.3181471805599453
F_gaussian_local_d10_rate0.5,FR--R,10,0.5,0.25,176,0.1,2.1072102441969096,1.9999999427569368,1.9999999427569368,0.3181471805599453
F_gaussian_local_d10_rate0.5,FR--R,10,0.5,0.25,177,0.1,2.1072103610451487,1.999999948481243,1.9999999484812432,0.3181471805599453
F_gaussian_local_d10_rate0.5,FR--R,10,0.5,0.25,178,0.1,2.107210217379278,1.9999999536331188,1.9999999536331188,0.3181471805599453
F_gaussian_local_d10_rate0.5,FR--R,10,0.5,0.25,179,0.1,2.1072102776834796,1.999999958269807,1.9999999582698065,0.3181471805599453
F_gaussian_local_d10_rate0.5,FR--R,10,0.5,0.25,180,0.1,2.1072103788473626,1.999999962442826,1.999999962442826,0.3181471805599453
F_gaussian_local_d10_rate0.5,FR--R,10,0.5,0.25,181,0.1,2.107210210970772,1.999999966198544,1.9999999661985433,0.3181471805599453
F_gaussian_local_d10_rate0.5,FR--R,10,0.5,0.25,182,0.1,2.1072100698571243,1.999999969578689,1.9999999695786888,0.3181471805599453
F_gaussian_local_d10_rate0.5,FR--R,10,0.5,0.25,183,0.1,2.107210205023462,1.99999997262082,1.99999997262082,0.3181471805599453
F_gaussian_local_d10_rate0.5,FR--R,10,0.5,0.25,184,0.1,2.107210313156528,1.9999999753587376,1.9999999753587376,0.3181471805599453
F_gaussian_local_d10_rate0.5,FR--R,10,0.5,0.25,185,0.1,2.1072102686573198,1.999999977822864,1.999999977822864,0.3181471805599453
F_gaussian_local_d10_rate0.5,FR--R,10,0.5,0.25,186,0.1,2.1072101153822858,1.9999999800405777,1.9999999800405777,0.3181471805599453
F_gaussian_local_d10_rate0.5,FR--R,10,0.5,0.25,187,0.1,2.1072102032819484,1.9999999820365195,1.9999999820365195,0.3181471805599453
F_gaussian_local_d10_rate0.5,FR--R,10,0.5,0.25,188,0.1,2.1072105573222557,1.9999999838328677,1.9999999838328673,0.3181471805599453
F_gaussian_local_d10_rate0.5,FR--R,10,0.5,0.25,189,0.1,2.1072102453327077,1.999999985449581,1.999999985449581,0.3181471805599453
F_gaussian_local_d10_rate0.5,FR--R,10,0.5,0.25,190,0.1,2.1072104638761138,1.999999986904623,1.9999999869046228,0.3181471805599453
F_gaussian_local_d10_rate0.5,FR--R,10,0.5,0.25,191,0.1,2.10721022942342,1.9999999882141608,1.9999999882141608,0.3181471805599453
F_gaussian_local_d10_rate0.5,FR--R,10,0.5,0.25,192,0.1,2.1072106853036563,1.9999999893927445,1.9999999893927445,0.3181471805599453
F_gaussian_local_d10_rate0.5,FR--R,10,0.5,0.25,193,0.1,2.1072098996597166,1.9999999904534704,1.9999999904534704,0.3181471805599453
F_gaussian_local_d10_rate0.5,FR--R,10,0.5,0.25,194,0.1,2.1072106577371996,1.9999999914081228,1.9999999914081232,0.3181471805599453
F_gaussian_local_d10_rate0.5,FR--R,10,0.5,0.25,195,0.1,2.107210568401473,1.9999999922673108,1.9999999922673108,0.3181471805599453
F_gaussian_local_d10_rate0.5,FR--R,10,0.5,0.25,196,0.1,2.107210171353777,1.99999999304058,1.99999999304058,0.3181471805599453
F_gaussian_local_d10_rate0.5,FR--R,10,0.5,0.25,197,0.1,2.107210470715136,1.9999999937365216,1.9999999937365216,0.3181471805599453
F_gaussian_local_d10_rate0.5,FR--R,10,0.5,0.25,198,0.1,2.1072104882216522,1.9999999943628692,1.9999999943628697,0.3181471805599453
F_gaussian_local_d10_rate0.5,FR--R,10,0.5,0.25,199,0.1,2.1072103131565223,1.9999999949265828,1.9999999949265828,0.3181471805599453
F_gaussian_local_d10_rate1,FR--KL,10,1.0,0.5,0,0.1,0.9758032833886432,1.0,1.0,0.0965735902799726
F_gaussian_local_d10_rate1,FR--KL,10,1.0,0.5,1,0.1,1.0211034160056771,1.0476190476190477,1.0476190476190477,0.0965735902799726
F_gaussian_local_d10_rate1,FR--KL,10,1.0,0.5,2,0.1,1.0660968904791706,1.0950226244343888,1.095022624434389,0.0965735902799726
F_gaussian_local_d10_rate1,FR--KL,10,1.0,0.5,3,0.1,1.110585384194255,1.1419991419991418,1.1419991419991418,0.0965735902799726
F_gaussian_local_d10_rate1,FR--KL,10,1.0,0.5,4,0.1,1.1543795056315547,1.1883446288705817,1.1883446288705815,0.0965735902799726
F_gaussian_local_d10_rate1,FR--KL,10,1.0,0.5,5,0.1,1.1973018966523803,1.233866179405557,1.233866179405557,0.0965735902799726
F_gaussian_local_d10_rate1,FR--KL,10,1.0,0.5,6,0.1,1.239189900598943,1.278384996758145,1.278384996758145,0.0965735902799726
F_gaussian_local_d10_rate1,FR--KL,10,1.0,0.5,7,0.1,1.2798977196577939,1.3217389352135551,1.3217389352135551,0.0965735902799726
F_gaussian_local_d10_rate1,FR--KL,10,1.0,0.5,8,0.1,1.3192980143323068,1.3637844766345262,1.363784476634526,0.0965735902799726
F_gaussian_local_d10_rate1,FR--KL,10,1.0,0.5,9,0.1,1.3572829279042615,1.404398107403396,1.404398107403396,0.0965735902799726
F_gaussian_local_d10_rate1,FR--KL,10,1.0,0.5,10,0.1,1.393764547121732,1.4434770932516008,1.4434770932516008,0.0965735902799726
F_gaussian_local_d10_rate1,FR--KL,10,1.0,0.5,11,0.1,1.4286748351167107,1.4809396775268866,1.4809396775268866,0.0965735902799726
F_gaussian_local_d10_rate1,FR--KL,10,1.0,0.5,12,0.1,1.461965092373102,1.5167247520217668,1.5167247520217668,0.0965735902799726
F_gaussian_local_d10_rate1,FR--KL,10,1.0,0.5,13,0.1,1.4936050156927467,1.5507910673692815,1.5507910673692815,0.0965735902799726
F_gaussian_local_d10_rate1,FR--KL,10,1.0,0.5,14,0.1,1.5235814333942577,1.58311606174784,1.58311606174784,0.0965735902799726
F_gaussian_local_d10_rate1,FR--KL,10,1.0,0.5,15,0.1,1.5518967977891567,1.6136943923579128,1.6136943923579128,0.0965735902799726
F_gaussian_local_d10_rate1,FR--KL,10,1.0,0.5,16,0.1,1.5785675140553062,1.6425362544418356,1.6425362544418358,0.0965735902799726
F_gaussian_local_d10_rate1,FR--KL,10,1.0,0.5,17,0.1,1.6036221789328198,1.6696655684383572,1.6696655684383572,0.0965735902799726
F_gaussian_local_d10_rate1,FR--KL,10,1.0,0.5,18,0.1,1.627099794284388,1.695118108289801,1.6951181082898013,0.0965735902799726
F_gaussian_local_d10_rate1,FR--KL,10,1.0,0.5,19,0.1,1.6490480105251804,1.7189396340795189,1.7189396340795189,0.0965735902799726
F_gaussian_local_d10_rate1,FR--KL,10,1.0,0.5,20,0.1,1.6695214441790622,1.7411840811238644,1.7411840811238641,0.0965735902799726
F_gaussian_local_d10_rate1,FR--KL,10,1.0,0.5,21,0.1,1.6885801031407655,1.7619118462817804,1.7619118462817807,0.0965735902799726
F_gaussian_local_d10_rate1,FR--KL,10,1.0,0.5,22,0.1,1.7062879431893365,1.7811882012940892,1.7811882012940892,0.0965735902799726
F_gaussian_local_d10_rate1,FR--KL,10,1.0,0.5,23,0.1,1.7227115703321845,1.7990818529423376,1.7990818529423378,0.0965735902799726
F_gaussian_local_d10_rate1,FR--KL,10,1.0,0.5,24,0.1,1.7379190958745312,1.8156636610541077,1.8156636610541073,0.0965735902799726
F_gaussian_local_d10_rate1,FR--KL,10,1.0,0.5,25,0.1,1.7519791448180488,1.831005518044382,1.8310055180443816,0.0965735902799726
F_gaussian_local_d10_rate1,FR--KL,10,1.0,0.5,26,0.1,1.7649600132615408,1.845179387806085,1.8451793878060847,0.0965735902799726
F_gaussian_local_d10_rate1,FR--KL,10,1.0,0.5,27,0.1,1.776928966826682,1.8582564972843985,1.8582564972843985,0.0965735902799726
F_gaussian_local_d10_rate1,FR--KL,10,1.0,0.5,28,0.1,1.7879516696171596,1.87030667086077,1.8703066708607696,0.0965735902799726
F_gaussian_local_d10_rate1,FR--KL,10,1.0,0.5,29,0.1,1.7980917316597,1.88139779556724,1.88139779556724,0.0965735902799726
F_gaussian_local_d10_rate1,FR--KL,10,1.0,0.5,30,0.1,1.8074103620198745,1.891595403967486,1.8915954039674865,0.0965735902799726
F_gaussian_local_d10_rate1,FR--KL,10,1.0,0.5,31,0.1,1.8159661146403798,1.9009623610960145,1.9009623610960145,0.0965735902799726
F_gaussian_local_d10_rate1,FR--KL,10,1.0,0.5,32,0.1,1.8238147142813812,1.909558641970992,1.909558641970992,0.0965735902799726
F_gaussian_local_d10_rate1,FR--KL,10,1.0,0.5,33,0.1,1.8310089506039335,1.917441186737779,1.9174411867377792,0.0965735902799726
F_gaussian_local_d10_rate1,FR--KL,10,1.0,0.5,34,0.1,1.8375986293207662,1.924663821329493,1.9246638213294929,0.0965735902799726
F_gaussian_local_d10_rate1,FR--KL,10,1.0,0.5,35,0.1,1.843630570355688,1.9312772325409928,1.9312772325409928,0.0965735902799726
F_gaussian_local_d10_rate1,FR--KL,10,1.0,0.5,36,0.1,1.849148644018908,1.9373289875183024,1.9373289875183024,0.0965735902799726
F_gaussian_local_d10_rate1,FR--KL,10,1.0,0.5,37,0.1,1.8541938372940254,1.9428635888012116,1.9428635888012111,0.0965735902799726
F_gaussian_local_d10_rate1,FR--KL,10,1.0,0.5,38,0.1,1.8588043433611707,1.9479225571743983,1.9479225571743983,0.0965735902799726
F_gaussian_local_d10_rate1,FR--KL,10,1.0,0.5,39,0.1,1.863015668476022,1.9525445356480184,1.9525445356480184,0.0965735902799726
F_gaussian_local_d10_rate1,FR--KL,10,1.0,0.5,40,0.1,1.866860751216312,1.9567654088801227,1.9567654088801232,0.0965735902799726
F_gaussian_local_d10_rate1,FR--KL,10,1.0,0.5,41,0.1,1.8703700899337266,1.9606184332575765,1.9606184332575765,0.0965735902799726
F_gaussian_local_d10_rate1,FR--KL,10,1.0,0.5,42,0.1,1.8735718749767474,1.964134373663372,1.964134373663372,0.0965735902799726
F_gaussian_local_d10_rate1,FR--KL,10,1.0,0.5,43,0.1,1.8764921228798503,1.967341643675579,1.9673416436755793,0.0965735902799726
F_gaussian_local_d10_rate1,FR--KL,10,1.0,0.5,44,0.1,1.8791548102903888,1.970266446569494,1.9702664465694943,0.0965735902799726
F_gaussian_local_d10_rate1,FR--KL,10,1.0,0.5,45,0.1,1.8815820058587298,1.9729329150351305,1.9729329150351305,0.0965735902799726
F_gaussian_local_d10_rate1,FR--KL,10,1.0,0.5,46,0.1,1.8837939987355314,1.9753632479837508,1.9753632479837504,0.0965735902799726
F_gaussian_local_d10_rate1,FR--KL,10,1.0,0.5,47,0.1,1.8858094226602944,1.977577843207202,1.977577843207202,0.0965735902799726
F_gaussian_local_d10_rate1,FR--KL,10,1.0,0.5,48,0.1,1.8876453749051971,1.9795954249801664,1.9795954249801664,0.0965735902799726
F_gaussian_local_d10_rate1,FR--KL,10,1.0,0.5,49,0.1,1.8893175295797586,1.9814331659657,1.9814331659657,0.0965735902799726
F_gaussian_local_d10_rate1,FR--KL,10,1.0,0.5,50,0.1,1.890840244969953,1.983106803005868,1.983106803005868,0.0965735902799726
F_gaussian_local_d10_rate1,FR--KL,10,1.0,0.5,51,0.1,1.8922266647761032,1.9846307465586963,1.984630746558696,0.0965735902799726
F_gaussian_local_d10_rate1,FR--KL,10,1.0,0.5,52,0.1,1.8934888131962273,1.986018183686156,1.986018183686156,0.0965735902799726
F_gaussian_local_d10_rate1,FR--KL,10,1.0,0.5,53,0.1,1.8946376839373762,1.987281174611036,1.987281174611036,0.0965735902799726
F_gaussian_local_d10_rate1,FR--KL,10,1.0,0.5,54,0.1,1.895683323257844,1.9884307429482,1.9884307429482,0.0965735902799726
F_gaussian_local_d10_rate1,FR--KL,10,1.0,0.5,55,0.1,1.8966349072593331,1.9894769597821251,1.9894769597821256,0.0965735902799726
F_gaussian_local_d10_rate1,FR--KL,10,1.0,0.5,56,0.1,1.8975008136385776,1.9904290218115503,1.9904290218115508,0.0965735902799726
F_gaussian_local_d10_rate1,FR--KL,10,1.0,0.5,57,0.1,1.89828868816342,1.991295323816597,1.991295323816597,0.0965735902799726
F_gaussian_local_d10_rate1,FR--KL,10,1.0,0.5,58,0.1,1.899005506137154,1.992083525726676,1.992083525726676,0.0965735902799726
F_gaussian_local_d10_rate1,FR--KL,10,1.0,0.5,59,0.1,1.8996576291244134,1.9928006145810944,1.9928006145810944,0.0965735902799726
F_gaussian_local_d10_rate1,FR--KL,10,1.0,0.5,60,0.1,1.9002508572793508,1.993452961680439,1.9934529616804393,0.0965735902799726
F_gaussian_local_d10_rate1,FR--KL,10,1.0,0.5,61,0.1,1.9007904774502105,1.9940463752272384,1.9940463752272388,0.0965735902799726
F_gaussian_local_d10_rate1,FR--KL,10,1.0,0.5,62,0.1,1.9012813074594261,1.9945861487502667,1.9945861487502667,0.0965735902799726
F_gaussian_local_d10_rate1,FR--KL,10,1.0,0.5,63,0.1,1.9017277367452314,1.9950771055994243,1.9950771055994243,0.0965735902799726
F_gaussian_local_d10_rate1,FR--KL,10,1.0,0.5,64,0.1,1.9021337636519,1.995523639788176,1.995523639788176,0.0965735902799726
F_gaussian_local_d10_rate1,FR--KL,10,1.0,0.5,65,0.1,1.9025030296148226,1.995929753448809,1.9959297534488092,0.0965735902799726
F_gaussian_local_d10_rate1,FR--KL,10,1.0,0.5,66,0.1,1.9028388504768459,1.9962990911529408,1.9962990911529412,0.0965735902799726
F_gaussian_local_d10_rate1,FR--KL,10,1.0,0.5,67,0.1,1.903144245139238,1.996634971336113,1.9966349713361125,0.0965735902799726
F_gaussian_local_d10_rate1,FR--KL,10,1.0,0.5,68,0.1,1.903421961794675,1.996940415051418,1.9969404150514176,0.0965735902799726
F_gaussian_local_d10_rate1,FR--KL,10,1.0,0.5,69,0.1,1.9036745018824925,1.9972181722631848,1.9972181722631857,0.0965735902799726
F_gaussian_local_d10_rate1,FR--KL,10,1.0,0.5,70,0.1,1.903904141972599,1.9974707458779295,1.9974707458779295,0.0965735902799726
F_gaussian_local_d10_rate1,FR--KL,10,1.0,0.5,71,0.1,1.9041129538187354,1.997700413696384,1.997700413696384,0.0965735902799726
F_gaussian_local_d10_rate1,FR--KL,10,1.0,0.5,72,0.1,1.904302822545139,1.9979092484574577,1.9979092484574577,0.0965735902799726
F_gaussian_local_d10_rate1,FR--KL,10,1.0,0.5,73,0.1,1.9044754633714944,1.998099136132504,1.998099136132504,0.0965735902799726
F_gaussian_local_d10_rate1,FR--KL,10,1.0,0.5,74,0.1,1.9046324367524121,1.9982717926165052,1.9982717926165057,0.0965735902799726
F_gaussian_local_d10_rate1,FR--KL,10,1.0,0.5,75,0.1,1.9047751623130156,1.998428778951559,1.9984287789515585,0.0965735902799726
F_gaussian_local_d10_rate1,FR--KL,10,1.0,0.5,76,0.1,1.9049049313706214,1.998571515207537,1.9985715152075367,0.0965735902799726
F_gaussian_local_d10_rate1,FR--KL,10,1.0,0.5,77,0.1,1.90502291862802,1.998701293134896,1.998701293134896,0.0965735902799726
F_gaussian_local_d10_rate1,FR--KL,10,1.0,0.5,78,0.1,1.9051301924614372,1.9988192876953972,1.9988192876953972,0.0965735902799726
F_gaussian_local_d10_rate1,FR--KL,10,1.0,0.5,79,0.1,1.9052277246059952,1.9989265675678665,1.9989265675678665,0.0965735902799726
F_gaussian_local_d10_rate1,FR--KL,10,1.0,0.5,80,0.1,1.9053163988998782,1.9990241047181672,1.9990241047181672,0.0965735902799726
F_gaussian_local_d10_rate1,FR--KL,10,1.0,0.5,81,0.1,1.9053970190262992,1.9991127831151176,1.9991127831151176,0.0965735902799726
F_gaussian_local_d10_rate1,FR--KL,10,1.0,0.5,82,0.1,1.9054703159766644,1.9991934066672332,1.9991934066672337,0.0965735902799726
F_gaussian_local_d10_rate1,FR--KL,10,1.0,0.5,83,0.1,1.9055369544785667,1.999266706448863,1.9992667064488627,0.0965735902799726
F_gaussian_local_d10_rate1,FR--KL,10,1.0,0.5,84,0.1,1.9055975389649553,1.9993333472784145,1.9993333472784145,0.0965735902799726
F_gaussian_local_d10_rate1,FR--KL,10,1.0,0.5,85,0.1,1.905652619156077,1.9993939337060245,1.999393933706024,0.0965735902799726
F_gaussian_local_d10_rate1,FR--KL,10,1.0,0.5,86,0.1,1.9057026947816742,1.9994490154630609,1.9994490154630609,0.0965735902799726
F_gaussian_local_d10_rate1,FR--KL,10,1.0,0.5,87,0.1,1.9057482203579306,1.999499092421313,1.9994990924213132,0.0965735902799726
F_gaussian_local_d10_rate1,FR--KL,10,1.0,0.5,88,0.1,1.9057896091714714,1.9995446191055688,1.9995446191055688,0.0965735902799726
F_gaussian_local_d10_rate1,FR--KL,10,1.0,0.5,89,0.1,1.905827236883272,1.9995860087994404,1.9995860087994408,0.0965735902799726
F_gaussian_local_d10_rate1,FR--KL,10,1.0,0.5,90,0.1,1.9058614452337812,1.999623637280816,1.9996236372808156,0.0965735902799726
F_gaussian_local_d10_rate1,FR--KL,10,1.0,0.5,91,0.1,1.9058925447913146,1.999657846220109,1.9996578462201084,0.0965735902799726
F_gaussian_local_d10_rate1,FR--KL,10,1.0,0.5,92,0.1,1.905920817965139,1.9996889462715437,1.999688946271544,0.0965735902799726
F_gaussian_local_d10_rate1,FR--KL,10,1.0,0.5,93,0.1,1.9059465216270488,1.9997172198850488,1.9997172198850488,0.0965735902799726
F_gaussian_local_d10_rate1,FR--KL,10,1.0,0.5,94,0.1,1.9059698891455483,1.999742923863861,1.9997429238638615,0.0965735902799726
F_gaussian_local_d10_rate1,FR--KL,10,1.0,0.5,95,0.1,1.9059911329489465,1.999766291690746,1.9997662916907455,0.0965735902799726
F_gaussian_local_d10_rate1,FR--KL,10,1.0,0.5,96,0.1,1.9060104456942197,1.9997875356436476,1.9997875356436476,0.0965735902799726
F_gaussian_local_d10_rate1,FR--KL,10,1.0,0.5,97,0.1,1.906028003239268,1.999806848719781,1.9998068487197809,0.0965735902799726
F_gaussian_local_d10_rate1,FR--KL,10,1.0,0.5,98,0.1,1.9060439648554628,1.9998244063854311,1.9998244063854311,0.0965735902799726
F_gaussian_local_d10_rate1,FR--KL,10,1.0,0.5,99,0.1,1.9060584756925014,1.999840368167195,1.9998403681671952,0.0965735902799726
F_gaussian_local_d10_rate1,FR--KL,10,1.0,0.5,100,0.1,1.9060716674822926,1.999854879098999,1.9998548790989992,0.0965735902799726
F_gaussian_local_d10_rate1,FR--KL,10,1.0,0.5,101,0.1,1.9060836604814542,1.999868071037924,1.999868071037924,0.0965735902799726
F_gaussian_local_d10_rate1,FR--KL,10,1.0,0.5,102,0.1,1.906094562985955,1.9998800638607024,1.9998800638607024,0.0965735902799726
F_gaussian_local_d10_rate1,FR--KL,10,1.0,0.5,103,0.1,1.9061044743890856,1.9998909665516815,1.9998909665516815,0.0965735902799726
F_gaussian_local_d10_rate1,FR--KL,10,1.0,0.5,104,0.1,1.9061134850907806,1.999900878192092,1.999900878192092,0.0965735902799726
F_gaussian_local_d10_rate1,FR--KL,10,1.0,0.5,105,0.1,1.9061216766508087,1.9999098888595388,1.9999098888595392,0.0965735902799726
F_gaussian_local_d10_rate1,FR--KL,10,1.0,0.5,106,0.1,1.9061291236802143,1.99991808044586,1.9999180804458596,0.0965735902799726
F_gaussian_local_d10_rate1,FR--KL,10,1.0,0.5,107,0.1,1.9061358935473356,1.9999255274007464,1.9999255274007472,0.0965735902799726
F_gaussian_local_d10_rate1,FR--KL,10,1.0,0.5,108,0.1,1.9061420481800035,1.9999322974078608,1.9999322974078613,0.0965735902799726
F_gaussian_local_d10_rate1,FR--KL,10,1.0,0.5,109,0.1,1.9061476432769264,1.9999384519995576,1.9999384519995576,0.0965735902799726
F_gaussian_local_d10_rate1,FR--KL,10,1.0,0.5,110,0.1,1.9061527300409944,1.9999440471157892,1.9999440471157892,0.0965735902799726
F_gaussian_local_d10_rate1,FR--KL,10,1.0,0.5,111,0.1,1.9061573540817707,1.999949133612258,1.9999491336122583,0.0965735902799726
F_gaussian_local_d10_rate1,FR--KL,10,1.0,0.5,112,0.1,1.9061615577817237,1.999953757722409,1.999953757722409,0.0965735902799726
F_gaussian_local_d10_rate1,FR--KL,10,1.0,0.5,113,0.1,1.9061653792660578,1.999957961477465,1.9999579614774647,0.0965735902799726
F_gaussian_local_d10_rate1,FR--KL,10,1.0,0.5,114,0.1,1.9061688534374583,1.9999617830883052,1.9999617830883056,0.0965735902799726
F_gaussian_local_d10_rate1,FR--KL,10,1.0,0.5,115,0.1,1.9061720122867447,1.9999652572926525,1.999965257292652,0.0965735902799726
F_gaussian_local_d10_rate1,FR--KL,10,1.0,0.5,116,0.1,1.906174883108821,1.9999684156707151,1.9999684156707151,0.0965735902799726
F_gaussian_local_d10_rate1,FR--KL,10,1.0,0.5,117,0.1,1.906177493840935,1.999971286932156,1.999971286932156,0.0965735902799726
F_gaussian_local_d10_rate1,FR--KL,10,1.0,0.5,118,0.1,1.9061798661825518,1.999973897176984,1.9999738971769836,0.0965735902799726
F_gaussian_local_d10_rate1,FR--KL,10,1.0,0.5,119,0.1,1.9061820234224143,1.9999762701327384,1.9999762701327388,0.0965735902799726
F_gaussian_local_d10_rate1,FR--KL,10,1.0,0.5,120,0.1,1.906183984814716,1.99997842737013,1.99997842737013,0.0965735902799726
F_gaussian_local_d10_rate1,FR--KL,10,1.0,0.5,121,0.1,1.906185767832054,1.9999803884990697,1.9999803884990697,0.0965735902799726
F_gaussian_local_d10_rate1,FR--KL,10,1.0,0.5,122,0.1,1.906187387480504,1.9999821713468977,1.999982171346898,0.0965735902799726
F_gaussian_local_d10_rate1,FR--KL,10,1.0,0.5,123,0.1,1.9061888619091187,1.9999837921204089,1.999983792120408,0.0965735902799726
F_gaussian_local_d10_rate1,FR--KL,10,1.0,0.5,124,0.1,1.9061902003385622,1.9999852655531525,1.9999852655531525,0.0965735902799726
F_gaussian_local_d10_rate1,FR--KL,10,1.0,0.5,125,0.1,1.9061914196554408,1.9999866050393489,1.9999866050393489,0.0965735902799726
F_gaussian_local_d10_rate1,FR--KL,10,1.0,0.5,126,0.1,1.9061925266487278,1.9999878227556307,1.9999878227556305,0.0965735902799726
F_gaussian_local_d10_rate1,FR--KL,10,1.0,0.5,127,0.1,1.906193532801797,1.999988929771719,1.9999889297717188,0.0965735902799726
F_gaussian_local_d10_rate1,FR--KL,10,1.0,0.5,128,0.1,1.906194447466453,1.999989936151044,1.999989936151044,0.0965735902799726
F_gaussian_local_d10_rate1,FR--KL,10,1.0,0.5,129,0.1,1.9061952792671144,1.9999908510422189,1.9999908510422189,0.0965735902799726
F_gaussian_local_d10_rate1,FR--KL,10,1.0,0.5,130,0.1,1.9061960358414782,1.9999916827621944,1.9999916827621949,0.0965735902799726
F_gaussian_local_d10_rate1,FR--KL,10,1.0,0.5,131,0.1,1.9061967228355827,1.9999924388718644,1.9999924388718644,0.0965735902799726
F_gaussian_local_d10_rate1,FR--KL,10,1.0,0.5,132,0.1,1.9061973474121947,1.9999931262447872,1.9999931262447872,0.0965735902799726
F_gaussian_local_d10_rate1,FR--KL,10,1.0,0.5,133,0.1,1.9061979149818287,1.9999937511296724,1.9999937511296724,0.0965735902799726
F_gaussian_local_d10_rate1,FR--KL,10,1.0,0.5,134,0.1,1.9061984310654656,1.9999943192071796,1.9999943192071792,0.0965735902799726
F_gaussian_local_d10_rate1,FR--KL,10,1.0,0.5,135,0.1,1.9061989013992797,1.999994835641557,1.999994835641557,0.0965735902799726
F_gaussian_local_d10_rate1,FR--KL,10,1.0,0.5,136,0.1,1.9061993283635292,1.9999953051275856,1.9999953051275856,0.0965735902799726
F_gaussian_local_d10_rate1,FR--KL,10,1.0,0.5,137,0.1,1.906199718690993,1.9999957319332584,1.9999957319332584,0.0965735902799726
F_gaussian_local_d10_rate1,FR--KL,10,1.0,0.5,138,0.1,1.906200066892478,1.9999961199385736,1.9999961199385736,0.0965735902799726
F_gaussian_local_d10_rate1,FR--KL,10,1.0,0.5,139,0.1,1.9062003928241278,1.999996472670808,1.999996472670808,0.0965735902799726
F_gaussian_local_d10_rate1,FR--KL,10,1.0,0.5,140,0.1,1.9062006824061417,1.9999967933365843,1.9999967933365848,0.0965735902799726
F_gaussian_local_d10_rate1,FR--KL,10,1.0,0.5,141,0.1,1.9062009415895875,1.999997084851016,1.999997084851016,0.0965735902799726
F_gaussian_local_d10_rate1,FR--KL,10,1.0,0.5,142,0.1,1.9062011874031626,1.999997349864208,1.999997349864208,0.0965735902799726
F_gaussian_local_d10_rate1,FR--KL,10,1.0,0.5,143,0.1,1.9062014071744018,1.9999975907853536,1.9999975907853536,0.0965735902799726
F_gaussian_local_d10_rate1,FR--KL,10,1.0,0.5,144,0.1,1.9062015994855177,1.9999978098046272,1.9999978098046272,0.0965735902799726
F_gaussian_local_d10_rate1,FR--KL,10,1.0,0.5,145,0.1,1.9062017914813696,1.9999980089130984,1.9999980089130984,0.0965735902799726
F_gaussian_local_d10_rate1,FR--KL,10,1.0,0.5,146,0.1,1.906201954745745,1.9999981899208357,1.9999981899208352,0.0965735902799726
F_gaussian_local_d10_rate1,FR--KL,10,1.0,0.5,147,0.1,1.9062021036687098,1.9999983544733515,1.999998354473352,0.0965735902799726
F_gaussian_local_d10_rate1,FR--KL,10,1.0,0.5,148,0.1,1.9062022355575197,1.9999985040665715,1.999998504066572,0.0965735902799726
F_gaussian_local_d10_rate1,FR--KL,10,1.0,0.5,149,0.1,1.9062023597656113,1.9999986400604275,1.9999986400604273,0.0965735902799726
F_gaussian_local_d10_rate1,FR--KL,10,1.0,0.5,150,0.1,1.906202479675089,1.999998763691221,1.9999987636912209,0.0965735902799726
F_gaussian_local_d10_rate1,FR--KL,10,1.0,0.5,151,0.1,1.906202567572785,1.9999988760828653,1.9999988760828655,0.0965735902799726
F_gaussian_local_d10_rate1,FR--KL,10,1.0,0.5,152,0.1,1.9062026703056634,1.9999989782570975,1.999998978257098,0.0965735902799726
F_gaussian_local_d10_rate1,FR--KL,10,1.0,0.5,153,0.1,1.906202752235128,1.999999071142773,1.9999990711427735,0.0965735902799726
F_gaussian_local_d10_rate1,FR--KL,10,1.0,0.5,154,0.1,1.9062028182611561,1.999999155584304,1.999999155584304,0.0965735902799726
F_gaussian_local_d10_rate1,FR--KL,10,1.0,0.5,155,0.1,1.9062029238645144,1.9999992323493367,1.9999992323493372,0.0965735902799726
F_gaussian_local_d10_rate1,FR--KL,10,1.0,0.5,156,0.1,1.90620295336825,1.9999993021357376,1.9999993021357376,0.0965735902799726
F_gaussian_local_d10_rate1,FR--KL,10,1.0,0.5,157,0.1,1.9062030276944941,1.9999993655779236,1.9999993655779231,0.0965735902799726
F_gaussian_local_d10_rate1,FR--KL,10,1.0,0.5,158,0.1,1.9062030570941015,1.9999994232526408,1.9999994232526408,0.0965735902799726
F_gaussian_local_d10_rate1,FR--KL,10,1.0,0.5,159,0.1,1.9062031226201843,1.9999994756842048,1.9999994756842048,0.0965735902799726
F_gaussian_local_d10_rate1,FR--KL,10,1.0,0.5,160,0.1,1.9062031675105586,1.999999523349266,1.9999995233492656,0.0965735902799726
F_gaussian_local_d10_rate1,FR--KL,10,1.0,0.5,161,0.1,1.9062032066414125,1.9999995666811408,1.9999995666811416,0.0965735902799726
F_gaussian_local_d10_rate1,FR--KL,10,1.0,0.5,162,0.1,1.9062031778429869,1.9999996060737573,1.9999996060737573,0.0965735902799726
F_gaussian_local_d10_rate1,FR--KL,10,1.0,0.5,163,0.1,1.9062032364647246,1.9999996418852264,1.9999996418852264,0.0965735902799726
F_gaussian_local_d10_rate1,FR--KL,10,1.0,0.5,164,0.1,1.9062032482454399,1.9999996744411093,1.9999996744411088,0.0965735902799726
F_gaussian_local_d10_rate1,FR--KL,10,1.0,0.5,165,0.1,1.9062033289991342,1.999999704037367,1.9999997040373667,0.0965735902799726
F_gaussian_local_d10_rate1,FR--KL,10,1.0,0.5,166,0.1,1.9062033914195493,1.9999997309430568,1.9999997309430568,0.0965735902799726
F_gaussian_local_d10_rate1,FR--KL,10,1.0,0.5,167,0.1,1.9062034127115262,1.9999997554027769,1.9999997554027769,0.0965735902799726
F_gaussian_local_d10_rate1,FR--KL,10,1.0,0.5,168,0.1,1.9062034083540909,1.999999777638886,1.9999997776388856,0.0965735902799726
F_gaussian_local_d10_rate1,FR--KL,10,1.0,0.5,169,0.1,1.9062033280685402,1.9999997978535304,1.9999997978535304,0.0965735902799726
F_gaussian_local_d10_rate1,FR--KL,10,1.0,0.5,170,0.1,1.9062034486766224,1.99999981623048,1.99999981623048,0.0965735902799726
F_gaussian_local_d10_rate1,FR--KL,10,1.0,0.5,171,0.1,1.9062035243148037,1.9999998329367985,1.9999998329367987,0.0965735902799726
F_gaussian_local_d10_rate1,FR--KL,10,1.0,0.5,172,0.1,1.9062034849732745,1.9999998481243624,1.999999848124362,0.0965735902799726
F_gaussian_local_d10_rate1,FR--KL,10,1.0,0.5,173,0.1,1.906203486727698,1.9999998619312376,1.9999998619312376,0.0965735902799726
F_gaussian_local_d10_rate1,FR--KL,10,1.0,0.5,174,0.1,1.906203585472255,1.9999998744829424,1.9999998744829424,0.0965735902799726
F_gaussian_local_d10_rate1,FR--KL,10,1.0,0.5,175,0.1,1.906203401492166,1.999999885893584,1.999999885893584,0.0965735902799726
F_gaussian_local_d10_rate1,FR--KL,10,1.0,0.5,176,0.1,1.906203531870359,1.999999896266893,1.9999998962668937,0.0965735902799726
F_gaussian_local_d10_rate1,FR--KL,10,1.0,0.5,177,0.1,1.9062035066120127,1.9999999056971756,1.9999999056971756,0.0965735902799726
F_gaussian_local_d10_rate1,FR--KL,10,1.0,0.5,178,0.1,1.9062035598257727,1.9999999142701583,1.9999999142701592,0.0965735902799726
F_gaussian_local_d10_rate1,FR--KL,10,1.0,0.5,179,0.1,1.906203692954359,1.999999922063781,1.9999999220637807,0.0965735902799726
F_gaussian_local_d10_rate1,FR--KL,10,1.0,0.5,180,0.1,1.9062035020676478,1.999999929148892,1.999999929148892,0.0965735902799726
F_gaussian_local_d10_rate1,FR--KL,10,1.0,0.5,181,0.1,1.9062035064551823,1.9999999355899016,1.9999999355899016,0.0965735902799726
F_gaussian_local_d10_rate1,FR--KL,10,1.0,0.5,182,0.1,1.906203656759939,1.999999941445365,1.9999999414453649,0.0965735902799726
F_gaussian_local_d10_rate1,FR--KL,10,1.0,0.5,183,0.1,1.9062034542621822,1.999999946768514,1.9999999467685137,0.0965735902799726
F_gaussian_local_d10_rate1,FR--KL,10,1.0,0.5,184,0.1,1.9062035226715304,1.9999999516077391,1.9999999516077391,0.0965735902799726
F_gaussian_local_d10_rate1,FR--KL,10,1.0,0.5,185,0.1,1.9062031519261968,1.9999999560070365,1.9999999560070356,0.0965735902799726
F_gaussian_local_d10_rate1,FR--KL,10,1.0,0.5,186,0.1,1.9062038847905554,1.999999960006395,1.9999999600063951,0.0965735902799726
F_gaussian_local_d10_rate1,FR--KL,10,1.0,0.5,187,0.1,1.906203706016057,1.9999999636421777,1.999999963642178,0.0965735902799726
F_gaussian_local_d10_rate1,FR--KL,10,1.0,0.5,188,0.1,1.906203434856208,1.999999966947435,1.9999999669474344,0.0965735902799726
F_gaussian_local_d10_rate1,FR--KL,10,1.0,0.5,189,0.1,1.906203551748055,1.9999999699522124,1.9999999699522129,0.0965735902799726
F_gaussian_local_d10_rate1,FR--KL,10,1.0,0.5,190,0.1,1.9062032871962005,1.9999999726838305,1.99999997268383,0.0965735902799726
F_gaussian_local_d10_rate1,FR--KL,10,1.0,0.5,191,0.1,1.9062040610471938,1.9999999751671176,1.9999999751671176,0.0965735902799726
F_gaussian_local_d10_rate1,FR--KL,10,1.0,0.5,192,0.1,1.9062038714861653,1.9999999774246529,1.9999999774246529,0.0965735902799726
F_gaussian_local_d10_rate1,FR--KL,10,1.0,0.5,193,0.1,1.9062031200377265,1.9999999794769576,1.9999999794769576,0.0965735902799726
F_gaussian_local_d10_rate1,FR--KL,10,1.0,0.5,194,0.1,1.9062028106061986,1.999999981342688,1.9999999813426883,0.0965735902799726
F_gaussian_local_d10_rate1,FR--KL,10,1.0,0.5,195,0.1,1.9062035175380387,1.999999983038807,1.9999999830388069,0.0965735902799726
F_gaussian_local_d10_rate1,FR--KL,10,1.0,0.5,196,0.1,1.9062027896599192,1.9999999845807337,1.9999999845807337,0.0965735902799726
F_gaussian_local_d10_rate1,FR--KL,10,1.0,0.5,197,0.1,1.9062038495339886,1.999999985982484,1.9999999859824844,0.0965735902799726
F_gaussian_local_d10_rate1,FR--KL,10,1.0,0.5,198,0.1,1.9062045021629097,1.9999999872568044,1.999999987256804,0.0965735902799726
F_gaussian_local_d10_rate1,FR--KL,10,1.0,0.5,199,0.1,1.906203672753573,1.9999999884152773,1.9999999884152768,0.0965735902799726
F_gaussian_local_d10_rate1,FR--R,10,1.0,0.5,0,0.1,1.0526437297795836,1.0,1.0,0.0965735902799726
F_gaussian_local_d10_rate1,FR--R,10,1.0,0.5,1,0.1,1.1066650525419495,1.051271096376024,1.0512710963760241,0.0965735902799726
F_gaussian_local_d10_rate1,FR--R,10,1.0,0.5,2,0.1,1.16047982608448,1.1023413802303046,1.1023413802303046,0.0965735902799726
F_gaussian_local_d10_rate1,FR--R,10,1.0,0.5,3,0.1,1.21380762727699,1.1529448128406046,1.1529448128406046,0.0965735902799726
F_gaussian_local_d10_rate1,FR--R,10,1.0,0.5,4,0.1,1.2663770534117869,1.2028240122116889,1.2028240122116889,0.0965735902799726
F_gaussian_local_d10_rate1,FR--R,10,1.0,0.5,5,0.1,1.3179311889906005,1.2517354330809058,1.251735433080906,0.0965735902799726
F_gaussian_local_d10_rate1,FR--R,10,1.0,0.5,6,0.1,1.3682324821911624,1.2994539831333942,1.2994539831333942,0.0965735902799726
F_gaussian_local_d10_rate1,FR--R,10,1.0,0.5,7,0.1,1.4170668410325644,1.3457768959537872,1.345776895953787,0.0965735902799726
F_gaussian_local_d10_rate1,FR--R,10,1.0,0.5,8,0.1,1.4642468126731245,1.3905267320865922,1.3905267320865922,0.0965735902799726
F_gaussian_local_d10_rate1,FR--R,10,1.0,0.5,9,0.1,1.5096137693662508,1.4335534366623846,1.4335534366623848,0.0965735902799726
F_gaussian_local_d10_rate1,FR--R,10,1.0,0.5,10,0.1,1.553039085520359,1.4747354398211323,1.4747354398211323,0.0965735902799726
F_gaussian_local_d10_rate1,FR--R,10,1.0,0.5,11,0.1,1.594424346645415,1.513979839505692,1.513979839505692,0.0965735902799726
F_gaussian_local_d10_rate1,FR--R,10,1.0,0.5,12,0.1,1.6337006783815136,1.5512217510146291,1.5512217510146291,0.0965735902799726
F_gaussian_local_d10_rate1,FR--R,10,1.0,0.5,13,0.1,1.6708273194369365,1.5864229413036115,1.5864229413036115,0.0965735902799726
F_gaussian_local_d10_rate1,FR--R,10,1.0,0.5,14,0.1,1.7057895848475226,1.6195698872403097,1.6195698872403093,0.0965735902799726
F_gaussian_local_d10_rate1,FR--R,10,1.0,0.5,15,0.1,1.738596375743355,1.6506714060886698,1.65067140608867,0.0965735902799726
F_gaussian_local_d10_rate1,FR--R,10,1.0,0.5,16,0.1,1.7692773901847707,1.67975600478841,1.6797560047884097,0.0965735902799726
F_gaussian_local_d10_rate1,FR--R,10,1.0,0.5,17,0.1,1.7978801788292447,1.706869084215789,1.706869084215789,0.0965735902799726
F_gaussian_local_d10_rate1,FR--R,10,1.0,0.5,18,0.1,1.8244671718070244,1.7320701180308142,1.7320701180308145,0.0965735902799726
F_gaussian_local_d10_rate1,FR--R,10,1.0,0.5,19,0.1,1.8491127818386062,1.7554299054156923,1.7554299054156925,0.0965735902799726
F_gaussian_local_d10_rate1,FR--R,10,1.0,0.5,20,0.1,1.871900665678093,1.777027975224608,1.777027975224608,0.0965735902799726
F_gaussian_local_d10_rate1,FR--R,10,1.0,0.5,21,0.1,1.8929212033522251,1.7969501976210038,1.7969501976210038,0.0965735902799726
F_gaussian_local_d10_rate1,FR--R,10,1.0,0.5,22,0.1,1.9122692338004659,1.81528663952004,1.8152866395200404,0.0965735902799726
F_gaussian_local_d10_rate1,FR--R,10,1.0,0.5,23,0.1,1.930042067342689,1.8321296829474736,1.8321296829474736,0.0965735902799726
F_gaussian_local_d10_rate1,FR--R,10,1.0,0.5,24,0.1,1.9463377803648234,1.847572411214616,1.8475724112146157,0.0965735902799726
F_gaussian_local_d10_rate1,FR--R,10,1.0,0.5,25,0.1,1.961253785849099,1.8617072566933872,1.8617072566933872,0.0965735902799726
F_gaussian_local_d10_rate1,FR--R,10,1.0,0.5,26,0.1,1.9748856647124515,1.874624895806874,1.874624895806874,0.0965735902799726
F_gaussian_local_d10_rate1,FR--R,10,1.0,0.5,27,0.1,1.9873262370461315,1.8864133713176792,1.8864133713176792,0.0965735902799726
F_gaussian_local_d10_rate1,FR--R,10,1.0,0.5,28,0.1,1.9986648488344616,1.8971574186992384,1.897157418699238,0.0965735902799726
F_gaussian_local_d10_rate1,FR--R,10,1.0,0.5,29,0.1,2.008986848136652,1.906937971885264,1.906937971885264,0.0965735902799726
F_gaussian_local_d10_rate1,FR--R,10,1.0,0.5,30,0.1,2.01837322458477,1.9158318235928504,1.9158318235928504,0.0965735902799726
F_gaussian_local_d10_rate1,FR--R,10,1.0,0.5,31,0.1,2.0269003869995754,1.9239114163276416,1.9239114163276416,0.0965735902799726
F_gaussian_local_d10_rate1,FR--R,10,1.0,0.5,32,0.1,2.0346400556046387,1.9312447417802805,1.9312447417802807,0.0965735902799726
F_gaussian_local_d10_rate1,FR--R,10,1.0,0.5,33,0.1,2.041659247440295,1.9378953283456888,1.9378953283456888,0.0965735902799726
F_gaussian_local_d10_rate1,FR--R,10,1.0,0.5,34,0.1,2.0480203359361755,1.9439222987315683,1.9439222987315687,0.0965735902799726
F_gaussian_local_d10_rate1,FR--R,10,1.0,0.5,35,0.1,2.0537811680118576,1.9493804819126663,1.9493804819126663,0.0965735902799726
F_gaussian_local_d10_rate1,FR--R,10,1.0,0.5,36,0.1,2.0589952244288177,1.9543205659205096,1.9543205659205096,0.0965735902799726
F_gaussian_local_d10_rate1,FR--R,10,1.0,0.5,37,0.1,2.063711811340413,1.9587892800592928,1.9587892800592936,0.0965735902799726
F_gaussian_local_d10_rate1,FR--R,10,1.0,0.5,38,0.1,2.067976273001997,1.9628295970612395,1.9628295970612393,0.0965735902799726
F_gaussian_local_d10_rate1,FR--R,10,1.0,0.5,39,0.1,2.071830217440492,1.9664809474154723,1.9664809474154727,0.0965735902799726
F_gaussian_local_d10_rate1,FR--R,10,1.0,0.5,40,0.1,2.075311748458134,1.969779439615883,1.9697794396158832,0.0965735902799726
F_gaussian_local_d10_rate1,FR--R,10,1.0,0.5,41,0.1,2.078455698736645,1.972758081379643,1.9727580813796433,0.0965735902799726
F_gaussian_local_d10_rate1,FR--R,10,1.0,0.5,42,0.1,2.0812938599897297,1.975446998000637,1.9754469980006368,0.0965735902799726
F_gaussian_local_d10_rate1,FR--R,10,1.0,0.5,43,0.1,2.083855207077605,1.9778736449371197,1.97787364493712,0.0965735902799726
F_gaussian_local_d10_rate1,FR--R,10,1.0,0.5,44,0.1,2.0861661138456915,1.9800630125087912,1.9800630125087912,0.0965735902799726
F_gaussian_local_d10_rate1,FR--R,10,1.0,0.5,45,0.1,2.0882505591023484,1.98203782121428,1.98203782121428,0.0965735902799726
F_gaussian_local_d10_rate1,FR--R,10,1.0,0.5,46,0.1,2.090130321693424,1.9838187066943955,1.9838187066943953,0.0965735902799726
F_gaussian_local_d10_rate1,FR--R,10,1.0,0.5,47,0.1,2.0918251640922634,1.985424393777056,1.985424393777056,0.0965735902799726
F_gaussian_local_d10_rate1,FR--R,10,1.0,0.5,48,0.1,2.093353004220076,1.9868718593626573,1.9868718593626575,0.0965735902799726
F_gaussian_local_d10_rate1,FR--R,10,1.0,0.5,49,0.1,2.094730075526822,1.9881764841581624,1.9881764841581628,0.0965735902799726
F_gaussian_local_d10_rate1,FR--R,10,1.0,0.5,50,0.1,2.0959710755136145,1.9893521934572005,1.9893521934572,0.0965735902799726
F_gaussian_local_d10_rate1,FR--R,10,1.0,0.5,51,0.1,2.0970893030738926,1.9904115873027663,1.9904115873027663,0.0965735902799726
F_gaussian_local_d10_rate1,FR--R,10,1.0,0.5,52,0.1,2.098096785082273,1.991366060468371,1.9913660604683712,0.0965735902799726
F_gaussian_local_d10_rate1,FR--R,10,1.0,0.5,53,0.1,2.0990043927970627,1.9922259127604047,1.9922259127604056,0.0965735902799726
F_gaussian_local_d10_rate1,FR--R,10,1.0,0.5,54,0.1,2.0998219486041827,1.99300045018603,1.99300045018603,0.0965735902799726
F_gaussian_local_d10_rate1,FR--R,10,1.0,0.5,55,0.1,2.1005583237377214,1.993698077552364,1.993698077552364,0.0965735902799726
F_gaussian_local_d10_rate1,FR--R,10,1.0,0.5,56,0.1,2.1012215275718793,1.994326383068918,1.9943263830689175,0.0965735902799726
F_gaussian_local_d10_rate1,FR--R,10,1.0,0.5,57,0.1,2.101818789039155,1.994892215519692,1.994892215519692,0.0965735902799726
F_gaussian_local_d10_rate1,FR--R,10,1.0,0.5,58,0.1,2.1023566308412414,1.995401754557228,1.995401754557228,0.0965735902799726
F_gaussian_local_d10_rate1,FR--R,10,1.0,0.5,59,0.1,2.1028409369191765,1.9958605746506115,1.9958605746506113,0.0965735902799726
F_gaussian_local_d10_rate1,FR--R,10,1.0,0.5,60,0.1,2.1032770137884125,1.9962737031948332,1.9962737031948337,0.0965735902799726
F_gaussian_local_d10_rate1,FR--R,10,1.0,0.5,61,0.1,2.1036696462214124,1.9966456732616515,1.996645673261652,0.0965735902799726
F_gaussian_local_d10_rate1,FR--R,10,1.0,0.5,62,0.1,2.104023147713396,1.9969805714432567,1.9969805714432567,0.0965735902799726
F_gaussian_local_d10_rate1,FR--R,10,1.0,0.5,63,0.1,2.1043414062862453,1.997282081210598,1.9972820812105976,0.0965735902799726
F_gaussian_local_d10_rate1,FR--R,10,1.0,0.5,64,0.1,2.104627925902609,1.997553522178856,1.9975535221788552,0.0965735902799726
F_gaussian_local_d10_rate1,FR--R,10,1.0,0.5,65,0.1,2.1048858639790615,1.9977978856437235,1.9977978856437235,0.0965735902799726
F_gaussian_local_d10_rate1,FR--R,10,1.0,0.5,66,0.1,2.105118065304157,1.9980178667243345,1.9980178667243345,0.0965735902799726
F_gaussian_local_d10_rate1,FR--R,10,1.0,0.5,67,0.1,2.105327092732961,1.9982158934220056,1.9982158934220056,0.0965735902799726
F_gaussian_local_d10_rate1,FR--R,10,1.0,0.5,68,0.1,2.1055152548931013,1.9983941528787188,1.9983941528787188,0.0965735902799726
F_gaussian_local_d10_rate1,FR--R,10,1.0,0.5,69,0.1,2.1056846311823145,1.9985546150954567,1.9985546150954567,0.0965735902799726
F_gaussian_local_d10_rate1,FR--R,10,1.0,0.5,70,0.1,2.1058370944370552,1.9986990543482297,1.9986990543482297,0.0965735902799726
F_gaussian_local_d10_rate1,FR--R,10,1.0,0.5,71,0.1,2.105974331305632,1.9988290685189156,1.9988290685189152,0.0965735902799726
F_gaussian_local_d10_rate1,FR--R,10,1.0,0.5,72,0.1,2.1060978606162153,1.9989460965387584,1.9989460965387584,0.0965735902799726
F_gaussian_local_d10_rate1,FR--R,10,1.0,0.5,73,0.1,2.106209050076999,1.9990514341246244,1.999051434124624,0.0965735902799726
F_gaussian_local_d10_rate1,FR--R,10,1.0,0.5,74,0.1,2.106309131200619,1.9991462479717128,1.9991462479717124,0.0965735902799726
F_gaussian_local_d10_rate1,FR--R,10,1.0,0.5,75,0.1,2.106399212776295,1.9992315885513947,1.9992315885513945,0.0965735902799726
F_gaussian_local_d10_rate1,FR--R,10,1.0,0.5,76,0.1,2.1064802931525817,1.9993084016490397,1.9993084016490392,0.0965735902799726
F_gaussian_local_d10_rate1,FR--R,10,1.0,0.5,77,0.1,2.106553271123099,1.9993775387640924,1.9993775387640924,0.0965735902799726
F_gaussian_local_d10_rate1,FR--R,10,1.0,0.5,78,0.1,2.1066189558732944,1.9994397664831367,1.9994397664831371,0.0965735902799726
F_gaussian_local_d10_rate1,FR--R,10,1.0,0.5,79,0.1,2.1066780758506005,1.9994957749261857,1.9994957749261852,0.0965735902799726
F_gaussian_local_d10_rate1,FR--R,10,1.0,0.5,80,0.1,2.1067312867789223,1.9995461853568732,1.9995461853568732,0.0965735902799726
F_gaussian_local_d10_rate1,FR--R,10,1.0,0.5,81,0.1,2.1067791790977055,1.9995915570385556,1.9995915570385552,0.0965735902799726
F_gaussian_local_d10_rate1,FR--R,10,1.0,0.5,82,0.1,2.10682228410752,1.9996323934103992,1.9996323934103992,0.0965735902799726
F_gaussian_local_d10_rate1,FR--R,10,1.0,0.5,83,0.1,2.106861080243405,1.9996691476504056,1.9996691476504056,0.0965735902799726
F_gaussian_local_d10_rate1,FR--R,10,1.0,0.5,84,0.1,2.106895998022011,1.999702227685816,1.9997022276858156,0.0965735902799726
F_gaussian_local_d10_rate1,FR--R,10,1.0,0.5,85,0.1,2.106927425089144,1.9997320007054555,1.9997320007054555,0.0965735902799726
F_gaussian_local_d10_rate1,FR--R,10,1.0,0.5,86,0.1,2.106955710289683,1.9997587972232649,1.9997587972232649,0.0965735902799726
F_gaussian_local_d10_rate1,FR--R,10,1.0,0.5,87,0.1,2.106981167667228,1.9997829147374293,1.9997829147374295,0.0965735902799726
F_gaussian_local_d10_rate1,FR--R,10,1.0,0.5,88,0.1,2.107004079848198,1.9998046210251883,1.9998046210251887,0.0965735902799726
F_gaussian_local_d10_rate1,FR--R,10,1.0,0.5,89,0.1,2.1070247012319663,1.999824157109446,1.9998241571094464,0.0965735902799726
F_gaussian_local_d10_rate1,FR--R,10,1.0,0.5,90,0.1,2.107043260858398,1.9998417399297603,1.9998417399297608,0.0965735902799726
F_gaussian_local_d10_rate1,FR--R,10,1.0,0.5,91,0.1,2.1070599649167954,1.9998575647470824,1.9998575647470824,0.0965735902799726
F_gaussian_local_d10_rate1,FR--R,10,1.0,0.5,92,0.1,2.107074998649483,1.9998718073087007,1.9998718073087007,0.0965735902799726
F_gaussian_local_d10_rate1,FR--R,10,1.0,0.5,93,0.1,2.107088529261912,1.9998846257972431,1.9998846257972431,0.0965735902799726
F_gaussian_local_d10_rate1,FR--R,10,1.0,0.5,94,0.1,2.1071007070201526,1.9998961625852345,1.9998961625852345,0.0965735902799726
F_gaussian_local_d10_rate1,FR--R,10,1.0,0.5,95,0.1,2.1071116670895362,1.9999065458145544,1.9999065458145548,0.0965735902799726
F_gaussian_local_d10_rate1,FR--R,10,1.0,0.5,96,0.1,2.1071215312256197,1.9999158908182488,1.9999158908182484,0.0965735902799726
F_gaussian_local_d10_rate1,FR--R,10,1.0,0.5,97,0.1,2.107130409140675,1.999924301400391,1.9999243014003911,0.0965735902799726
F_gaussian_local_d10_rate1,FR--R,10,1.0,0.5,98,0.1,2.1071383992895325,1.9999318709881635,1.9999318709881633,0.0965735902799726
F_gaussian_local_d10_rate1,FR--R,10,1.0,0.5,99,0.1,2.107145590338914,1.9999386836688724,1.9999386836688728,0.0965735902799726
F_gaussian_local_d10_rate1,FR--R,10,1.0,0.5,100,0.1,2.107152062651955,1.9999448151233996,1.9999448151233996,0.0965735902799726
F_gaussian_local_d10_rate1,FR--R,10,1.0,0.5,101,0.1,2.1071578873898695,1.999950333466405,1.9999503334664048,0.0965735902799726
F_gaussian_local_d10_rate1,FR--R,10,1.0,0.5,102,0.1,2.1071631298513314,1.999955300002593,1.9999553000025927,0.0965735902799726
F_gaussian_local_d10_rate1,FR--R,10,1.0,0.5,103,0.1,2.1071678481440737,1.9999597699074243,1.9999597699074243,0.0965735902799726
F_gaussian_local_d10_rate1,FR--R,10,1.0,0.5,104,0.1,2.1071720944311707,1.9999637928398049,1.9999637928398049,0.0965735902799726
F_gaussian_local_d10_rate1,FR--R,10,1.0,0.5,105,0.1,2.1071759162725714,1.999967413493554,1.999967413493554,0.0965735902799726
F_gaussian_local_d10_rate1,FR--R,10,1.0,0.5,106,0.1,2.1071793558143668,1.9999706720937596,1.9999706720937591,0.0965735902799726
F_gaussian_local_d10_rate1,FR--R,10,1.0,0.5,107,0.1,2.1071824518209823,1.999973604843527,1.9999736048435273,0.0965735902799726
F_gaussian_local_d10_rate1,FR--R,10,1.0,0.5,108,0.1,2.107185237648321,1.999976244326081,1.9999762443260811,0.0965735902799726
F_gaussian_local_d10_rate1,FR--R,10,1.0,0.5,109,0.1,2.1071877455604366,1.9999786198666671,1.9999786198666671,0.0965735902799726
F_gaussian_local_d10_rate1,FR--R,10,1.0,0.5,110,0.1,2.107190002270274,1.999980757858288,1.999980757858288,0.0965735902799726
F_gaussian_local_d10_rate1,FR--R,10,1.0,0.5,111,0.1,2.1071920336255587,1.9999826820548725,1.999982682054872,0.0965735902799726
F_gaussian_local_d10_rate1,FR--R,10,1.0,0.5,112,0.1,2.107193861325427,1.999984413835139,1.9999844138351393,0.0965735902799726
F_gaussian_local_d10_rate1,FR--R,10,1.0,0.5,113,0.1,2.1071955065932735,1.9999859724400864,1.9999859724400864,0.0965735902799726
F_gaussian_local_d10_rate1,FR--R,10,1.0,0.5,114,0.1,2.1071969872781247,1.9999873751867312,1.9999873751867312,0.0965735902799726
F_gaussian_local_d10_rate1,FR--R,10,1.0,0.5,115,0.1,2.1071983193142145,1.999988637660488,1.9999886376604876,0.0965735902799726
F_gaussian_local_d10_rate1,FR--R,10,1.0,0.5,116,0.1,2.107199518996038,1.9999897738883063,1.9999897738883063,0.0965735902799726
F_gaussian_local_d10_rate1,FR--R,10,1.0,0.5,117,0.1,2.107200598815418,1.9999907964945085,1.9999907964945087,0.0965735902799726
F_gaussian_local_d10_rate1,FR--R,10,1.0,0.5,118,0.1,2.107201569927115,1.9999917168410344,1.9999917168410344,0.0965735902799726
F_gaussian_local_d10_rate1,FR--R,10,1.0,0.5,119,0.1,2.1072024448827866,1.999992545153672,1.999992545153672,0.0965735902799726
F_gaussian_local_d10_rate1,FR--R,10,1.0,0.5,120,0.1,2.107203230297088,1.9999932906356648,1.9999932906356652,0.0965735902799726
F_gaussian_local_d10_rate1,FR--R,10,1.0,0.5,121,0.1,2.1072039387878303,1.99999396156996,1.99999396156996,0.0965735902799726
F_gaussian_local_d10_rate1,FR--R,10,1.0,0.5,122,0.1,2.1072045776491914,1.999994565411232,1.999994565411232,0.0965735902799726
F_gaussian_local_d10_rate1,FR--R,10,1.0,0.5,123,0.1,2.1072051487498697,1.9999951088687065,1.9999951088687065,0.0965735902799726
F_gaussian_local_d10_rate1,FR--R,10,1.0,0.5,124,0.1,2.1072056664829852,1.999995597980699,1.9999955979806991,0.0965735902799726
F_gaussian_local_d10_rate1,FR--R,10,1.0,0.5,125,0.1,2.107206129499766,1.999996038181709,1.9999960381817088,0.0965735902799726
F_gaussian_local_d10_rate1,FR--R,10,1.0,0.5,126,0.1,2.1072065501786104,1.999996434362792,1.999996434362792,0.0965735902799726
F_gaussian_local_d10_rate1,FR--R,10,1.0,0.5,127,0.1,2.1072069271720095,1.9999967909259089,1.9999967909259089,0.0965735902799726
F_gaussian_local_d10_rate1,FR--R,10,1.0,0.5,128,0.1,2.107207267822819,1.999997111832829,1.9999971118328288,0.0965735902799726
F_gaussian_local_d10_rate1,FR--R,10,1.0,0.5,129,0.1,2.1072075686074556,1.99999740064915,1.9999974006491503,0.0965735902799726
F_gaussian_local_d10_rate1,FR--R,10,1.0,0.5,130,0.1,2.107207844956759,1.9999976605839145,1.9999976605839145,0.0965735902799726
F_gaussian_local_d10_rate1,FR--R,10,1.0,0.5,131,0.1,2.1072080912192273,1.999997894525263,1.9999978945252632,0.0965735902799726
F_gaussian_local_d10_rate1,FR--R,10,1.0,0.5,132,0.1,2.1072083120096297,1.999998105072526,1.9999981050725264,0.0965735902799726
F_gaussian_local_d10_rate1,FR--R,10,1.0,0.5,133,0.1,2.107208517289022,1.9999982945651031,1.9999982945651031,0.0965735902799726
F_gaussian_local_d10_rate1,FR--R,10,1.0,0.5,134,0.1,2.10720869259062,1.9999984651084548,1.9999984651084548,0.0965735902799726
F_gaussian_local_d10_rate1,FR--R,10,1.0,0.5,135,0.1,2.107208857222712,1.999998618597497,1.9999986185974976,0.0965735902799726
F_gaussian_local_d10_rate1,FR--R,10,1.0,0.5,136,0.1,2.1072090018477843,1.9999987567376567,1.9999987567376571,0.0965735902799726
F_gaussian_local_d10_rate1,FR--R,10,1.0,0.5,137,0.1,2.107209139258337,1.999998881063818,1.999998881063818,0.0965735902799726
F_gaussian_local_d10_rate1,FR--R,10,1.0,0.5,138,0.1,2.107209254306102,1.9999989929573772,1.9999989929573772,0.0965735902799726
F_gaussian_local_d10_rate1,FR--R,10,1.0,0.5,139,0.1,2.1072093609588287,1.9999990936615917,1.9999990936615912,0.0965735902799726
F_gaussian_local_d10_rate1,FR--R,10,1.0,0.5,140,0.1,2.107209459015694,1.9999991842953933,1.9999991842953937,0.0965735902799726
F_gaussian_local_d10_rate1,FR--R,10,1.0,0.5,141,0.1,2.1072095355039395,1.9999992658658223,1.9999992658658228,0.0965735902799726
F_gaussian_local_d10_rate1,FR--R,10,1.0,0.5,142,0.1,2.1072096245983234,1.9999993392792148,1.9999993392792148,0.0965735902799726
F_gaussian_local_d10_rate1,FR--R,10,1.0,0.5,143,0.1,2.1072096692409503,1.999999405351273,1.9999994053512729,0.0965735902799726
F_gaussian_local_d10_rate1,FR--R,10,1.0,0.5,144,0.1,2.10720975535453,1.9999994648161283,1.9999994648161283,0.0965735902799726
F_gaussian_local_d10_rate1,FR--R,10,1.0,0.5,145,0.1,2.1072097937706586,1.999999518334502,1.999999518334502,0.0965735902799726
F_gaussian_local_d10_rate1,FR--R,10,1.0,0.5,146,0.1,2.1072098669604866,1.9999995665010404,1.9999995665010408,0.0965735902799726
F_gaussian_local_d10_rate1,FR--R,10,1.0,0.5,147,0.1,2.107209913502477,1.999999609850928,1.999999609850928,0.0965735902799726
F_gaussian_local_d10_rate1,FR--R,10,1.0,0.5,148,0.1,2.1072099393591537,1.9999996488658285,1.999999648865828,0.0965735902799726
F_gaussian_local_d10_rate1,FR--R,10,1.0,0.5,149,0.1,2.1072100008780223,1.9999996839792396,1.999999683979239,0.0965735902799726
F_gaussian_local_d10_rate1,FR--R,10,1.0,0.5,150,0.1,2.107210014757071,1.999999715581311,1.9999997155813112,0.0965735902799726
F_gaussian_local_d10_rate1,FR--R,10,1.0,0.5,151,0.1,2.1072100644903147,1.999999744023176,1.999999744023176,0.0965735902799726
F_gaussian_local_d10_rate1,FR--R,10,1.0,0.5,152,0.1,2.107210101115575,1.999999769620856,1.9999997696208556,0.0965735902799726
F_gaussian_local_d10_rate1,FR--R,10,1.0,0.5,153,0.1,2.1072100846949007,1.999999792658768,1.999999792658768,0.0965735902799726
F_gaussian_local_d10_rate1,FR--R,10,1.0,0.5,154,0.1,2.107210112194911,1.999999813392889,1.999999813392889,0.0965735902799726
F_gaussian_local_d10_rate1,FR--R,10,1.0,0.5,155,0.1,2.1072101603786866,1.999999832053598,1.9999998320535983,0.0965735902799726
F_gaussian_local_d10_rate1,FR--R,10,1.0,0.5,156,0.1,2.1072101434033783,1.9999998488482371,1.9999998488482376,0.0965735902799726
F_gaussian_local_d10_rate1,FR--R,10,1.0,0.5,157,0.1,2.1072101136603107,1.999999863963412,1.9999998639634124,0.0965735902799726
F_gaussian_local_d10_rate1,FR--R,10,1.0,0.5,158,0.1,2.1072102003101776,1.99999987756707,1.99999987756707,0.0965735902799726
F_gaussian_local_d10_rate1,FR--R,10,1.0,0.5,159,0.1,2.1072102191179054,1.999999889810362,1.9999998898103624,0.0965735902799726
F_gaussian_local_d10_rate1,FR--R,10,1.0,0.5,160,0.1,2.1072102036935836,1.9999999008293257,1.9999999008293257,0.0965735902799726
F_gaussian_local_d10_rate1,FR--R,10,1.0,0.5,161,0.1,2.1072102412869125,1.9999999107463928,1.9999999107463928,0.0965735902799726
F_gaussian_local_d10_rate1,FR--R,10,1.0,0.5,162,0.1,2.1072102333014087,1.9999999196717533,1.9999999196717528,0.0965735902799726
F_gaussian_local_d10_rate1,FR--R,10,1.0,0.5,163,0.1,2.1072102585547334,1.9999999277045768,1.9999999277045777,0.0965735902799726
F_gaussian_local_d10_rate1,FR--R,10,1.0,0.5,164,0.1,2.107210275238615,1.9999999349341195,1.9999999349341195,0.0965735902799726
F_gaussian_local_d10_rate1,FR--R,10,1.0,0.5,165,0.1,2.107210245746903,1.9999999414407077,1.9999999414407073,0.0965735902799726
F_gaussian_local_d10_rate1,FR--R,10,1.0,0.5,166,0.1,2.1072101446324774,1.9999999472966368,1.9999999472966368,0.0965735902799726
F_gaussian_local_d10_rate1,FR--R,10,1.0,0.5,167,0.1,2.10721026114293,1.9999999525669725,1.9999999525669725,0.0965735902799726
F_gaussian_local_d10_rate1,FR--R,10,1.0,0.5,168,0.1,2.107210209129341,1.999999957310275,1.9999999573102751,0.0965735902799726
F_gaussian_local_d10_rate1,FR--R,10,1.0,0.5,169,0.1,2.107210223256486,1.9999999615792476,1.9999999615792472,0.0965735902799726
F_gaussian_local_d10_rate1,FR--R,10,1.0,0.5,170,0.1,2.107210327426374,1.9999999654213227,1.9999999654213223,0.0965735902799726
F_gaussian_local_d10_rate1,FR--R,10,1.0,0.5,171,0.1,2.107210043614963,1.9999999688791907,1.9999999688791903,0.0965735902799726
F_gaussian_local_d10_rate1,FR--R,10,1.0,0.5,172,0.1,2.1072102779223325,1.9999999719912709,1.9999999719912709,0.0965735902799726
F_gaussian_local_d10_rate1,FR--R,10,1.0,0.5,173,0.1,2.10721046975293,1.9999999747921435,1.999999974792144,0.0965735902799726
F_gaussian_local_d10_rate1,FR--R,10,1.0,0.5,174,0.1,2.1072102696575254,1.9999999773129296,1.9999999773129296,0.0965735902799726
F_gaussian_local_d10_rate1,FR--R,10,1.0,0.5,175,0.1,2.1072104581532005,1.9999999795816368,1.9999999795816368,0.0965735902799726
F_gaussian_local_d10_rate1,FR--R,10,1.0,0.5,176,0.1,2.1072103131565254,1.999999981623473,1.9999999816234728,0.0965735902799726
F_gaussian_local_d10_rate1,FR--R,10,1.0,0.5,177,0.1,2.107210074478881,1.9999999834611255,1.9999999834611255,0.0965735902799726
F_gaussian_local_d10_rate1,FR--R,10,1.0,0.5,178,0.1,2.1072102468571727,1.999999985115013,1.9999999851150128,0.0965735902799726
F_gaussian_local_d10_rate1,FR--R,10,1.0,0.5,179,0.1,2.107210313156528,1.999999986603512,1.9999999866035116,0.0965735902799726
F_gaussian_local_d10_rate1,FR--R,10,1.0,0.5,180,0.1,2.1072103950075713,1.9999999879431605,1.9999999879431605,0.0965735902799726
F_gaussian_local_d10_rate1,FR--R,10,1.0,0.5,181,0.1,2.1072103131565254,1.9999999891488445,1.9999999891488445,0.0965735902799726
F_gaussian_local_d10_rate1,FR--R,10,1.0,0.5,182,0.1,2.1072106163085467,1.99999999023396,1.99999999023396,0.0965735902799726
F_gaussian_local_d10_rate1,FR--R,10,1.0,0.5,183,0.1,2.1072103131565254,1.999999991210564,1.999999991210564,0.0965735902799726
F_gaussian_local_d10_rate1,FR--R,10,1.0,0.5,184,0.1,2.1072109369261307,1.999999992089508,1.999999992089508,0.0965735902799726
F_gaussian_local_d10_rate1,FR--R,10,1.0,0.5,185,0.1,2.1072103131565294,1.999999992880557,1.9999999928805572,0.0965735902799726
F_gaussian_local_d10_rate1,FR--R,10,1.0,0.5,186,0.1,2.107209697087782,1.9999999935925012,1.9999999935925017,0.0965735902799726
F_gaussian_local_d10_rate1,FR--R,10,1.0,0.5,187,0.1,2.1072096286357165,1.9999999942332516,1.9999999942332511,0.0965735902799726
F_gaussian_local_d10_rate1,FR--R,10,1.0,0.5,188,0.1,2.107210693445859,1.9999999948099256,1.9999999948099256,0.0965735902799726
F_gaussian_local_d10_rate1,FR--R,10,1.0,0.5,189,0.1,2.1072109469720983,1.9999999953289331,1.9999999953289336,0.0965735902799726
F_gaussian_local_d10_rate1,FR--R,10,1.0,0.5,190,0.1,2.1072112521425956,1.9999999957960404,1.99999999579604,0.0965735902799726
F_gaussian_local_d10_rate1,FR--R,10,1.0,0.5,191,0.1,2.107210834815473,1.9999999962164363,1.9999999962164363,0.0965735902799726
F_gaussian_local_d10_rate1,FR--R,10,1.0,0.5,192,0.1,2.107211762209227,1.999999996594793,1.9999999965947928,0.0965735902799726
F_gaussian_local_d10_rate1,FR--R,10,1.0,0.5,193,0.1,2.1072103131565236,1.9999999969353135,1.9999999969353135,0.0965735902799726
F_gaussian_local_d10_rate1,FR--R,10,1.0,0.5,194,0.1,2.1072088819933654,1.9999999972417823,1.9999999972417823,0.0965735902799726
F_gaussian_local_d10_rate1,FR--R,10,1.0,0.5,195,0.1,2.1072107107018385,1.999999997517604,1.999999997517604,0.0965735902799726
F_gaussian_local_d10_rate1,FR--R,10,1.0,0.5,196,0.1,2.1072089880055143,1.9999999977658436,1.9999999977658436,0.0965735902799726
F_gaussian_local_d10_rate1,FR--R,10,1.0,0.5,197,0.1,2.107212276343239,1.999999997989259,1.999999997989259,0.0965735902799726
F_gaussian_local_d10_rate1,FR--R,10,1.0,0.5,198,0.1,2.1072119491456056,1.9999999981903336,1.9999999981903336,0.0965735902799726
F_gaussian_local_d10_rate1,FR--R,10,1.0,0.5,199,0.1,2.107212736844296,1.9999999983713,1.9999999983713,0.0965735902799726
F_gaussian_local_d10_rate1.5,FR--KL,10,1.5,0.75,0,0.1,1.4464132315925153,1.5,1.5,0.0188410362258904
F_gaussian_local_d10_rate1.5,FR--KL,10,1.5,0.75,1,0.1,1.4788369079725483,1.5348837209302324,1.5348837209302324,0.0188410362258904
F_gaussian_local_d10_rate1.5,FR--KL,10,1.5,0.75,2,0.1,1.5096012684065778,1.5680345572354215,1.5680345572354215,0.0188410362258904
F_gaussian_local_d10_rate1.5,FR--KL,10,1.5,0.75,3,0.1,1.5387015705198992,1.5994392149008614,1.5994392149008614,0.0188410362258904
F_gaussian_local_d10_rate1.5,FR--KL,10,1.5,0.75,4,0.1,1.5661478313048987,1.6291007547799643,1.6291007547799643,0.0188410362258904
F_gaussian_local_d10_rate1.5,FR--KL,10,1.5,0.75,5,0.1,1.5919630998275094,1.6570368325293705,1.6570368325293705,0.0188410362258904
F_gaussian_local_d10_rate1.5,FR--KL,10,1.5,0.75,6,0.1,1.616181675186696,1.683277846251348,1.6832778462513482,0.0188410362258904
F_gaussian_local_d10_rate1.5,FR--KL,10,1.5,0.75,7,0.1,1.638847329626602,1.7078650598913878,1.7078650598913878,0.0188410362258904
F_gaussian_local_d10_rate1.5,FR--KL,10,1.5,0.75,8,0.1,1.6600115861791493,1.730848759836474,1.7308487598364741,0.0188410362258904
F_gaussian_local_d10_rate1.5,FR--KL,10,1.5,0.75,9,0.1,1.679732089421924,1.752286490842476,1.752286490842476,0.0188410362258904
F_gaussian_local_d10_rate1.5,FR--KL,10,1.5,0.75,10,0.1,1.6980710975325388,1.7722414061971743,1.7722414061971745,0.0188410362258904
F_gaussian_local_d10_rate1.5,FR--KL,10,1.5,0.75,11,0.1,1.7150941143141691,1.7907807565113647,1.790780756511365,0.0188410362258904
F_gaussian_local_d10_rate1.5,FR--KL,10,1.5,0.75,12,0.1,1.7308686715533501,1.8079745321414256,1.8079745321414256,0.0188410362258904
F_gaussian_local_d10_rate1.5,FR--KL,10,1.5,0.75,13,0.1,1.745463265116763,1.823894266223064,1.823894266223064,0.0188410362258904
F_gaussian_local_d10_rate1.5,FR--KL,10,1.5,0.75,14,0.1,1.7589464426290853,1.83861199873068,1.83861199873068,0.0188410362258904
F_gaussian_local_d10_rate1.5,FR--KL,10,1.5,0.75,15,0.1,1.7713860363308611,1.852199396849305,1.852199396849305,0.0188410362258904
F_gaussian_local_d10_rate1.5,FR--KL,10,1.5,0.75,16,0.1,1.7828485316844167,1.8647270231553847,1.8647270231553847,0.0188410362258904
F_gaussian_local_d10_rate1.5,FR--KL,10,1.5,0.75,17,0.1,1.7933985603034934,1.8762637404973248,1.8762637404973248,0.0188410362258904
F_gaussian_local_d10_rate1.5,FR--KL,10,1.5,0.75,18,0.1,1.80309850467206,1.886876240869583,1.8868762408695832,0.0188410362258904
F_gaussian_local_d10_rate1.5,FR--KL,10,1.5,0.75,19,0.1,1.812008201700372,1.8966286848013705,1.8966286848013705,0.0188410362258904
F_gaussian_local_d10_rate1.5,FR--KL,10,1.5,0.75,20,0.1,1.8201847322906461,1.905582437655912,1.905582437655912,0.0188410362258904
F_gaussian_local_d10_rate1.5,FR--KL,10,1.5,0.75,21,0.1,1.8276822846077712,1.9137958895977285,1.913795889597728,0.0188410362258904
F_gaussian_local_d10_rate1.5,FR--KL,10,1.5,0.75,22,0.1,1.8345520795382078,1.921324346693224,1.921324346693224,0.0188410362258904
F_gaussian_local_d10_rate1.5,FR--KL,10,1.5,0.75,23,0.1,1.840842347786844,1.928219981546284,1.9282199815462833,0.0188410362258904
F_gaussian_local_d10_rate1.5,FR--KL,10,1.5,0.75,24,0.1,1.8465983491105542,1.934531832940272,1.934531832940272,0.0188410362258904
F_gaussian_local_d10_rate1.5,FR--KL,10,1.5,0.75,25,0.1,1.8518624252734885,1.940305845086321,1.9403058450863209,0.0188410362258904
F_gaussian_local_d10_rate1.5,FR--KL,10,1.5,0.75,26,0.1,1.856674079364357,1.9455849382090105,1.9455849382090105,0.0188410362258904
F_gaussian_local_d10_rate1.5,FR--KL,10,1.5,0.75,27,0.1,1.8610700751359082,1.950409103294167,1.9504091032941673,0.0188410362258904
F_gaussian_local_d10_rate1.5,FR--KL,10,1.5,0.75,28,0.1,1.8650845509629683,1.9548155148521669,1.954815514852167,0.0188410362258904
F_gaussian_local_d10_rate1.5,FR--KL,10,1.5,0.75,29,0.1,1.8687491438841815,1.95883865649678,1.95883865649678,0.0188410362258904
F_gaussian_local_d10_rate1.5,FR--KL,10,1.5,0.75,30,0.1,1.872093119951999,1.9625104549952668,1.9625104549952668,0.0188410362258904
F_gaussian_local_d10_rate1.5,FR--KL,10,1.5,0.75,31,0.1,1.8751435078010188,1.9658604192070344,1.9658604192070344,0.0188410362258904
F_gaussian_local_d10_rate1.5,FR--KL,10,1.5,0.75,32,0.1,1.8779252329481555,1.9689157809970297,1.96891578099703,0.0188410362258904
F_gaussian_local_d10_rate1.5,FR--KL,10,1.5,0.75,33,0.1,1.8804612508381104,1.9717016357904584,1.9717016357904584,0.0188410362258904
F_gaussian_local_d10_rate1.5,FR--KL,10,1.5,0.75,34,0.1,1.8827726770943014,1.974241080933444,1.974241080933444,0.0188410362258904
F_gaussian_local_d10_rate1.5,FR--KL,10,1.5,0.75,35,0.1,1.8848789137982476,1.9765553504472049,1.9765553504472049,0.0188410362258904
F_gaussian_local_d10_rate1.5,FR--KL,10,1.5,0.75,36,0.1,1.886797770951158,1.9786639451188437,1.9786639451188432,0.0188410362258904
F_gaussian_local_d10_rate1.5,FR--KL,10,1.5,0.75,37,0.1,1.8885455824876234,1.9805847571677395,1.9805847571677395,0.0188410362258904
F_gaussian_local_d10_rate1.5,FR--KL,10,1.5,0.75,38,0.1,1.8901373164709878,1.9823341889701735,1.9823341889701735,0.0188410362258904
F_gaussian_local_d10_rate1.5,FR--KL,10,1.5,0.75,39,0.1,1.8915866792340987,1.98392726552334,1.983927265523339,0.0188410362258904
F_gaussian_local_d10_rate1.5,FR--KL,10,1.5,0.75,40,0.1,1.8929062133642323,1.9853777404896469,1.9853777404896464,0.0188410362258904
F_gaussian_local_d10_rate1.5,FR--KL,10,1.5,0.75,41,0.1,1.894107389585169,1.9866981957890808,1.9866981957890817,0.0188410362258904
F_gaussian_local_d10_rate1.5,FR--KL,10,1.5,0.75,42,0.1,1.895200692595866,1.9879001348065384,1.9879001348065384,0.0188410362258904
F_gaussian_local_d10_rate1.5,FR--KL,10,1.5,0.75,43,0.1,1.8961957010624402,1.9889940693569843,1.9889940693569843,0.0188410362258904
F_gaussian_local_d10_rate1.5,FR--KL,10,1.5,0.75,44,0.1,1.8971011619589089,1.989989600608104,1.989989600608104,0.0188410362258904
F_gaussian_local_d10_rate1.5,FR--KL,10,1.5,0.75,45,0.1,1.8979250595156456,1.9908954942010344,1.9908954942010344,0.0188410362258904
F_gaussian_local_d10_rate1.5,FR--KL,10,1.5,0.75,46,0.1,1.898674679001398,1.9917197498379575,1.991719749837958,0.0188410362258904
F_gaussian_local_d10_rate1.5,FR--KL,10,1.5,0.75,47,0.1,1.899356665683414,1.992469665623032,1.992469665623032,0.0188410362258904
F_gaussian_local_d10_rate1.5,FR--KL,10,1.5,0.75,48,0.1,1.8999770791786643,1.993151897452664,1.993151897452664,0.0188410362258904
F_gaussian_local_d10_rate1.5,FR--KL,10,1.5,0.75,49,0.1,1.9005414435297079,1.9937725137540387,1.9937725137540387,0.0188410362258904
F_gaussian_local_d10_rate1.5,FR--KL,10,1.5,0.75,50,0.1,1.9010547932694901,1.9943370458687184,1.9943370458687184,0.0188410362258904
F_gaussian_local_d10_rate1.5,FR--KL,10,1.5,0.75,51,0.1,1.9015217157385145,1.9948505343721237,1.9948505343721232,0.0188410362258904
F_gaussian_local_d10_rate1.5,FR--KL,10,1.5,0.75,52,0.1,1.9019463899450388,1.995317571610837,1.9953175716108371,0.0188410362258904
F_gaussian_local_d10_rate1.5,FR--KL,10,1.5,0.75,53,0.1,1.9023326221625798,1.995742340728732,1.995742340728732,0.0188410362258904
F_gaussian_local_d10_rate1.5,FR--KL,10,1.5,0.75,54,0.1,1.9026838786096836,1.9961286514405252,1.9961286514405256,0.0188410362258904
F_gaussian_local_d10_rate1.5,FR--KL,10,1.5,0.75,55,0.1,1.9030033153248151,1.9964799727981024,1.9964799727981024,0.0188410362258904
F_gaussian_local_d10_rate1.5,FR--KL,10,1.5,0.75,56,0.1,1.9032938055031883,1.9967994631811536,1.9967994631811536,0.0188410362258904
F_gaussian_local_d10_rate1.5,FR--KL,10,1.5,0.75,57,0.1,1.903557964504608,1.997089997729713,1.9970899977297127,0.0188410362258904
F_gaussian_local_d10_rate1.5,FR--KL,10,1.5,0.75,58,0.1,1.9037981727387887,1.997354193422324,1.997354193422324,0.0188410362258904
F_gaussian_local_d10_rate1.5,FR--KL,10,1.5,0.75,59,0.1,1.9040165965094669,1.9975944319899464,1.9975944319899464,0.0188410362258904
F_gaussian_local_d10_rate1.5,FR--KL,10,1.5,0.75,60,0.1,1.9042152070986795,1.9978128808425024,1.9978128808425024,0.0188410362258904
F_gaussian_local_d10_rate1.5,FR--KL,10,1.5,0.75,61,0.1,1.904395798184333,1.9980115121722823,1.9980115121722823,0.0188410362258904
F_gaussian_local_d10_rate1.5,FR--KL,10,1.5,0.75,62,0.1,1.9045600016293784,1.9981921203863209,1.9981921203863209,0.0188410362258904
F_gaussian_local_d10_rate1.5,FR--KL,10,1.5,0.75,63,0.1,1.9047093020906203,1.998356338008336,1.9983563380083365,0.0188410362258904
F_gaussian_local_d10_rate1.5,FR--KL,10,1.5,0.75,64,0.1,1.904845050107069,1.998505650180033,1.9985056501800331,0.0188410362258904
F_gaussian_local_d10_rate1.5,FR--KL,10,1.5,0.75,65,0.1,1.9049684742046191,1.998641407881308,1.998641407881308,0.0188410362258904
F_gaussian_local_d10_rate1.5,FR--KL,10,1.5,0.75,66,0.1,1.9050806918224268,1.998764839979431,1.998764839979431,0.0188410362258904
F_gaussian_local_d10_rate1.5,FR--KL,10,1.5,0.75,67,0.1,1.9051827193220263,1.998877064208329,1.998877064208329,0.0188410362258904
F_gaussian_local_d10_rate1.5,FR--KL,10,1.5,0.75,68,0.1,1.9052754810785772,1.9989790971708292,1.9989790971708297,0.0188410362258904
F_gaussian_local_d10_rate1.5,FR--KL,10,1.5,0.75,69,0.1,1.9053598177900457,1.9990718634490623,1.9990718634490623,0.0188410362258904
F_gaussian_local_d10_rate1.5,FR--KL,10,1.5,0.75,70,0.1,1.9054364940135577,1.9991562039010569,1.9991562039010569,0.0188410362258904
F_gaussian_local_d10_rate1.5,FR--KL,10,1.5,0.75,71,0.1,1.9055062050311569,1.999232883215045,1.9992328832150448,0.0188410362258904
F_gaussian_local_d10_rate1.5,FR--KL,10,1.5,0.75,72,0.1,1.9055695831098118,1.999302596786872,1.999302596786872,0.0188410362258904
F_gaussian_local_d10_rate1.5,FR--KL,10,1.5,0.75,73,0.1,1.905627203195061,1.999365976980352,1.999365976980352,0.0188410362258904
F_gaussian_local_d10_rate1.5,FR--KL,10,1.5,0.75,74,0.1,1.9056795881641888,1.9994235988252456,1.999423598825246,0.0188410362258904
F_gaussian_local_d10_rate1.5,FR--KL,10,1.5,0.75,75,0.1,1.9057272133180774,1.9994759852028263,1.9994759852028263,0.0188410362258904
F_gaussian_local_d10_rate1.5,FR--KL,10,1.5,0.75,76,0.1,1.905770510991121,1.999523611564633,1.9995236115646335,0.0188410362258904
F_gaussian_local_d10_rate1.5,FR--KL,10,1.5,0.75,77,0.1,1.9058098742102263,1.9995669102260771,1.9995669102260776,0.0188410362258904
F_gaussian_local_d10_rate1.5,FR--KL,10,1.5,0.75,78,0.1,1.9058456604353675,1.9996062742728615,1.9996062742728615,0.0188410362258904
F_gaussian_local_d10_rate1.5,FR--KL,10,1.5,0.75,79,0.1,1.9058781944313001,1.999642061114886,1.9996420611148864,0.0188410362258904
F_gaussian_local_d10_rate1.5,FR--KL,10,1.5,0.75,80,0.1,1.9059077717960315,1.9996745957192208,1.9996745957192212,0.0188410362258904
F_gaussian_local_d10_rate1.5,FR--KL,10,1.5,0.75,81,0.1,1.9059346610938372,1.9997041735509649,1.9997041735509649,0.0188410362258904
F_gaussian_local_d10_rate1.5,FR--KL,10,1.5,0.75,82,0.1,1.9059591067288013,1.9997310632482124,1.9997310632482128,0.0188410362258904
F_gaussian_local_d10_rate1.5,FR--KL,10,1.5,0.75,83,0.1,1.905981330393767,1.9997555090550765,1.999755509055076,0.0188410362258904
F_gaussian_local_d10_rate1.5,FR--KL,10,1.5,0.75,84,0.1,1.9060015342217147,1.9997777330345123,1.9997777330345123,0.0188410362258904
F_gaussian_local_d10_rate1.5,FR--KL,10,1.5,0.75,85,0.1,1.9060199016183983,1.9997979370808336,1.9997979370808336,0.0188410362258904
F_gaussian_local_d10_rate1.5,FR--KL,10,1.5,0.75,86,0.1,1.906036599692675,1.9998163047499395,1.999816304749939,0.0188410362258904
F_gaussian_local_d10_rate1.5,FR--KL,10,1.5,0.75,87,0.1,1.9060517799757066,1.999833002923737,1.9998330029237368,0.0188410362258904
F_gaussian_local_d10_rate1.5,FR--KL,10,1.5,0.75,88,0.1,1.9060655804255657,1.9998481833237185,1.999848183323718,0.0188410362258904
F_gaussian_local_d10_rate1.5,FR--KL,10,1.5,0.75,89,0.1,1.9060781265601459,1.999861983887328,1.999861983887328,0.0188410362258904
F_gaussian_local_d10_rate1.5,FR--KL,10,1.5,0.75,90,0.1,1.9060895320609899,1.9998745300195315,1.9998745300195313,0.0188410362258904
F_gaussian_local_d10_rate1.5,FR--KL,10,1.5,0.75,91,0.1,1.9060999009908204,1.9998859357308625,1.9998859357308625,0.0188410362258904
F_gaussian_local_d10_rate1.5,FR--KL,10,1.5,0.75,92,0.1,1.9061093275487262,1.9998963046722416,1.9998963046722416,0.0188410362258904
F_gaussian_local_d10_rate1.5,FR--KL,10,1.5,0.75,93,0.1,1.9061178969895054,1.9999057310758908,1.9999057310758908,0.0188410362258904
F_gaussian_local_d10_rate1.5,FR--KL,10,1.5,0.75,94,0.1,1.9061256873354333,1.9999143006108653,1.9999143006108653,0.0188410362258904
F_gaussian_local_d10_rate1.5,FR--KL,10,1.5,0.75,95,0.1,1.9061327698530883,1.9999220911609343,1.9999220911609343,0.0188410362258904
F_gaussian_local_d10_rate1.5,FR--KL,10,1.5,0.75,96,0.1,1.9061392082324347,1.9999291735318496,1.9999291735318496,0.0188410362258904
F_gaussian_local_d10_rate1.5,FR--KL,10,1.5,0.75,97,0.1,1.9061450617378795,1.999935612094392,1.999935612094392,0.0188410362258904
F_gaussian_local_d10_rate1.5,FR--KL,10,1.5,0.75,98,0.1,1.9061503825922932,1.9999414653690424,1.9999414653690424,0.0188410362258904
F_gaussian_local_d10_rate1.5,FR--KL,10,1.5,0.75,99,0.1,1.9061552201244254,1.9999467865575455,1.9999467865575455,0.0188410362258904
F_gaussian_local_d10_rate1.5,FR--KL,10,1.5,0.75,100,0.1,1.9061596180233993,1.999951624026212,1.999951624026212,0.0188410362258904
F_gaussian_local_d10_rate1.5,FR--KL,10,1.5,0.75,101,0.1,1.9061636158681967,1.999956021745307,1.9999560217453072,0.0188410362258904
F_gaussian_local_d10_rate1.5,FR--KL,10,1.5,0.75,102,0.1,1.9061672504333604,1.99996001968854,1.99996001968854,0.0188410362258904
F_gaussian_local_d10_rate1.5,FR--KL,10,1.5,0.75,103,0.1,1.9061705548599808,1.9999636541962584,1.9999636541962584,0.0188410362258904
F_gaussian_local_d10_rate1.5,FR--KL,10,1.5,0.75,104,0.1,1.906173558347754,1.9999669583056483,1.999966958305648,0.0188410362258904
F_gaussian_local_d10_rate1.5,FR--KL,10,1.5,0.75,105,0.1,1.906176288564181,1.99996996205093,1.9999699620509304,0.0188410362258904
F_gaussian_local_d10_rate1.5,FR--KL,10,1.5,0.75,106,0.1,1.9061787713856466,1.999972692736288,1.999972692736288,0.0188410362258904
F_gaussian_local_d10_rate1.5,FR--KL,10,1.5,0.75,107,0.1,1.9061810281680374,1.999975175183994,1.999975175183994,0.0188410362258904
F_gaussian_local_d10_rate1.5,FR--KL,10,1.5,0.75,108,0.1,1.9061830797156565,1.9999774319599832,1.9999774319599832,0.0188410362258904
F_gaussian_local_d10_rate1.5,FR--KL,10,1.5,0.75,109,0.1,1.9061849455753472,1.999979483578939,1.9999794835789388,0.0188410362258904
F_gaussian_local_d10_rate1.5,FR--KL,10,1.5,0.75,110,0.1,1.9061866413864237,1.9999813486907327,1.9999813486907336,0.0188410362258904
F_gaussian_local_d10_rate1.5,FR--KL,10,1.5,0.75,111,0.1,1.9061881820724806,1.9999830442499291,1.9999830442499291,0.0188410362258904
F_gaussian_local_d10_rate1.5,FR--KL,10,1.5,0.75,112,0.1,1.9061895822567678,1.9999845856698737,1.999984585669874,0.0188410362258904
F_gaussian_local_d10_rate1.5,FR--KL,10,1.5,0.75,113,0.1,1.9061908574540734,1.9999859869627936,1.9999859869627936,0.0188410362258904
F_gaussian_local_d10_rate1.5,FR--KL,10,1.5,0.75,114,0.1,1.9061920153094454,1.9999872608671527,1.9999872608671532,0.0188410362258904
F_gaussian_local_d10_rate1.5,FR--KL,10,1.5,0.75,115,0.1,1.906193068013984,1.9999884189634332,1.9999884189634336,0.0188410362258904
F_gaussian_local_d10_rate1.5,FR--KL,10,1.5,0.75,116,0.1,1.9061940252557363,1.9999894717793971,1.9999894717793976,0.0188410362258904
F_gaussian_local_d10_rate1.5,FR--KL,10,1.5,0.75,117,0.1,1.9061948958762986,1.999990428885781,1.9999904288857808,0.0188410362258904
F_gaussian_local_d10_rate1.5,FR--KL,10,1.5,0.75,118,0.1,1.906195686048107,1.9999912989832889,1.9999912989832889,0.0188410362258904
F_gaussian_local_d10_rate1.5,FR--KL,10,1.5,0.75,119,0.1,1.9061964044979558,1.99999208998168,1.9999920899816792,0.0188410362258904
F_gaussian_local_d10_rate1.5,FR--KL,10,1.5,0.75,120,0.1,1.906197058567305,1.999992809071668,1.9999928090716683,0.0188410362258904
F_gaussian_local_d10_rate1.5,FR--KL,10,1.5,0.75,121,0.1,1.9061976541646422,1.999993462790289,1.999993462790289,0.0188410362258904
F_gaussian_local_d10_rate1.5,FR--KL,10,1.5,0.75,122,0.1,1.906198193414539,1.999994057080315,1.9999940570803152,0.0188410362258904
F_gaussian_local_d10_rate1.5,FR--KL,10,1.5,0.75,123,0.1,1.9061986862172033,1.9999945973442816,1.9999945973442816,0.0188410362258904
F_gaussian_local_d10_rate1.5,FR--KL,10,1.5,0.75,124,0.1,1.906199129702775,1.999995088493596,1.999995088493596,0.0188410362258904
F_gaussian_local_d10_rate1.5,FR--KL,10,1.5,0.75,125,0.1,1.906199533348201,1.9999955349931808,1.9999955349931808,0.0188410362258904
F_gaussian_local_d10_rate1.5,FR--KL,10,1.5,0.75,126,0.1,1.9061999026534977,1.9999959409020671,1.9999959409020671,0.0188410362258904
F_gaussian_local_d10_rate1.5,FR--KL,10,1.5,0.75,127,0.1,1.9062002437159697,1.9999963099102889,1.9999963099102889,0.0188410362258904
F_gaussian_local_d10_rate1.5,FR--KL,10,1.5,0.75,128,0.1,1.906200545629579,1.9999966453724276,1.9999966453724272,0.0188410362258904
F_gaussian_local_d10_rate1.5,FR--KL,10,1.5,0.75,129,0.1,1.9062008268470831,1.9999969503381048,1.9999969503381052,0.0188410362258904
F_gaussian_local_d10_rate1.5,FR--KL,10,1.5,0.75,130,0.1,1.9062010716332127,1.9999972275797115,1.999997227579712,0.0188410362258904
F_gaussian_local_d10_rate1.5,FR--KL,10,1.5,0.75,131,0.1,1.9062013019738326,1.9999974796176017,1.9999974796176017,0.0188410362258904
F_gaussian_local_d10_rate1.5,FR--KL,10,1.5,0.75,132,0.1,1.9062015072989063,1.9999977087430116,1.9999977087430112,0.0188410362258904
F_gaussian_local_d10_rate1.5,FR--KL,10,1.5,0.75,133,0.1,1.9062017047812987,1.999997917038884,1.999997917038884,0.0188410362258904
F_gaussian_local_d10_rate1.5,FR--KL,10,1.5,0.75,134,0.1,1.9062018735299626,1.9999981063988064,1.9999981063988064,0.0188410362258904
F_gaussian_local_d10_rate1.5,FR--KL,10,1.5,0.75,135,0.1,1.906202021676992,1.9999982785442207,1.9999982785442207,0.0188410362258904
F_gaussian_local_d10_rate1.5,FR--KL,10,1.5,0.75,136,0.1,1.9062021789374677,1.9999984350400772,1.9999984350400777,0.0188410362258904
F_gaussian_local_d10_rate1.5,FR--KL,10,1.5,0.75,137,0.1,1.9062022966171122,1.9999985773090605,1.9999985773090607,0.0188410362258904
F_gaussian_local_d10_rate1.5,FR--KL,10,1.5,0.75,138,0.1,1.9062024303723193,1.9999987066445168,1.9999987066445168,0.0188410362258904
F_gaussian_local_d10_rate1.5,FR--KL,10,1.5,0.75,139,0.1,1.9062025268227811,1.999998824222219,1.9999988242222193,0.0188410362258904
F_gaussian_local_d10_rate1.5,FR--KL,10,1.5,0.75,140,0.1,1.9062026147509799,1.9999989311110515,1.999998931111051,0.0188410362258904
F_gaussian_local_d10_rate1.5,FR--KL,10,1.5,0.75,141,0.1,1.9062027085637037,1.9999990282827265,1.9999990282827265,0.0188410362258904
F_gaussian_local_d10_rate1.5,FR--KL,10,1.5,0.75,142,0.1,1.9062027982757515,1.999999116620621,1.9999991166206208,0.0188410362258904
F_gaussian_local_d10_rate1.5,FR--KL,10,1.5,0.75,143,0.1,1.9062028440229632,1.9999991969278053,1.9999991969278053,0.0188410362258904
F_gaussian_local_d10_rate1.5,FR--KL,10,1.5,0.75,144,0.1,1.9062029202800168,1.9999992699343407,1.9999992699343407,0.0188410362258904
F_gaussian_local_d10_rate1.5,FR--KL,10,1.5,0.75,145,0.1,1.9062030052576784,1.9999993363039243,1.999999336303924,0.0188410362258904
F_gaussian_local_d10_rate1.5,FR--KL,10,1.5,0.75,146,0.1,1.9062030830758054,1.9999993966399132,1.9999993966399128,0.0188410362258904
F_gaussian_local_d10_rate1.5,FR--KL,10,1.5,0.75,147,0.1,1.9062030860199308,1.9999994514908157,1.999999451490816,0.0188410362258904
F_gaussian_local_d10_rate1.5,FR--KL,10,1.5,0.75,148,0.1,1.9062031552432495,1.999999501355275,1.9999995013552745,0.0188410362258904
F_gaussian_local_d10_rate1.5,FR--KL,10,1.5,0.75,149,0.1,1.9062031826735137,1.9999995466866032,1.9999995466866032,0.0188410362258904
F_gaussian_local_d10_rate1.5,FR--KL,10,1.5,0.75,150,0.1,1.9062031984459151,1.9999995878969032,1.9999995878969032,0.0188410362258904
F_gaussian_local_d10_rate1.5,FR--KL,10,1.5,0.75,151,0.1,1.9062032736635606,1.9999996253608143,1.9999996253608137,0.0188410362258904
F_gaussian_local_d10_rate1.5,FR--KL,10,1.5,0.75,152,0.1,1.9062032440291112,1.999999659418916,1.999999659418916,0.0188410362258904
F_gaussian_local_d10_rate1.5,FR--KL,10,1.5,0.75,153,0.1,1.9062032934475437,1.999999690380828,1.9999996903808273,0.0188410362258904
F_gaussian_local_d10_rate1.5,FR--KL,10,1.5,0.75,154,0.1,1.906203327870928,1.9999997185280212,1.9999997185280207,0.0188410362258904
F_gaussian_local_d10_rate1.5,FR--KL,10,1.5,0.75,155,0.1,1.9062033635278346,1.9999997441163784,1.9999997441163793,0.0188410362258904
F_gaussian_local_d10_rate1.5,FR--KL,10,1.5,0.75,156,0.1,1.9062034070891942,1.9999997673785237,1.9999997673785237,0.0188410362258904
F_gaussian_local_d10_rate1.5,FR--KL,10,1.5,0.75,157,0.1,1.9062033503900002,1.9999997885259284,1.9999997885259289,0.0188410362258904
F_gaussian_local_d10_rate1.5,FR--KL,10,1.5,0.75,158,0.1,1.9062034366987768,1.9999998077508412,1.9999998077508416,0.0188410362258904
F_gaussian_local_d10_rate1.5,FR--KL,10,1.5,0.75,159,0.1,1.9062035249395082,1.9999998252280369,1.9999998252280369,0.0188410362258904
F_gaussian_local_d10_rate1.5,FR--KL,10,1.5,0.75,160,0.1,1.9062034814890298,1.9999998411163968,1.9999998411163964,0.0188410362258904
F_gaussian_local_d10_rate1.5,FR--KL,10,1.5,0.75,161,0.1,1.9062035253714715,1.9999998555603595,1.9999998555603595,0.0188410362258904
F_gaussian_local_d10_rate1.5,FR--KL,10,1.5,0.75,162,0.1,1.9062035149179462,1.9999998686912352,1.9999998686912352,0.0188410362258904
F_gaussian_local_d10_rate1.5,FR--KL,10,1.5,0.75,163,0.1,1.9062035030808657,1.9999998806283947,1.9999998806283952,0.0188410362258904
F_gaussian_local_d10_rate1.5,FR--KL,10,1.5,0.75,164,0.1,1.9062034405810875,1.9999998914803585,1.9999998914803592,0.0188410362258904
F_gaussian_local_d10_rate1.5,FR--KL,10,1.5,0.75,165,0.1,1.9062035960864834,1.99999990134578,1.99999990134578,0.0188410362258904
F_gaussian_local_d10_rate1.5,FR--KL,10,1.5,0.75,166,0.1,1.9062036753123874,1.9999999103143449,1.9999999103143455,0.0188410362258904
F_gaussian_local_d10_rate1.5,FR--KL,10,1.5,0.75,167,0.1,1.9062036287671673,1.9999999184675867,1.9999999184675872,0.0188410362258904
F_gaussian_local_d10_rate1.5,FR--KL,10,1.5,0.75,168,0.1,1.9062034822487444,1.999999925879625,1.9999999258796248,0.0188410362258904
F_gaussian_local_d10_rate1.5,FR--KL,10,1.5,0.75,169,0.1,1.9062035235898136,1.99999993261784,1.9999999326178404,0.0188410362258904
F_gaussian_local_d10_rate1.5,FR--KL,10,1.5,0.75,170,0.1,1.906203400345483,1.9999999387434912,1.9999999387434912,0.0188410362258904
F_gaussian_local_d10_rate1.5,FR--KL,10,1.5,0.75,171,0.1,1.9062036200103543,1.999999944312264,1.999999944312264,0.0188410362258904
F_gaussian_local_d10_rate1.5,FR--KL,10,1.5,0.75,172,0.1,1.9062034469608207,1.9999999493747855,1.9999999493747855,0.0188410362258904
F_gaussian_local_d10_rate1.5,FR--KL,10,1.5,0.75,173,0.1,1.9062036250343535,1.9999999539770772,1.9999999539770776,0.0188410362258904
F_gaussian_local_d10_rate1.5,FR--KL,10,1.5,0.75,174,0.1,1.9062034474871248,1.99999995816098,1.9999999581609795,0.0188410362258904
F_gaussian_local_d10_rate1.5,FR--KL,10,1.5,0.75,175,0.1,1.906204098139737,1.9999999619645263,1.9999999619645263,0.0188410362258904
F_gaussian_local_d10_rate1.5,FR--KL,10,1.5,0.75,176,0.1,1.9062039043237866,1.9999999654222973,1.9999999654222975,0.0188410362258904
F_gaussian_local_d10_rate1.5,FR--KL,10,1.5,0.75,177,0.1,1.9062033841731454,1.999999968565725,1.9999999685657257,0.0188410362258904
F_gaussian_local_d10_rate1.5,FR--KL,10,1.5,0.75,178,0.1,1.9062035805460356,1.9999999714233867,1.9999999714233867,0.0188410362258904
F_gaussian_local_d10_rate1.5,FR--KL,10,1.5,0.75,179,0.1,1.9062029635959998,1.999999974021261,1.9999999740212608,0.0188410362258904
F_gaussian_local_d10_rate1.5,FR--KL,10,1.5,0.75,180,0.1,1.9062035208711985,1.9999999763829637,1.9999999763829632,0.0188410362258904
F_gaussian_local_d10_rate1.5,FR--KL,10,1.5,0.75,181,0.1,1.9062033065082244,1.9999999785299667,1.9999999785299665,0.0188410362258904
F_gaussian_local_d10_rate1.5,FR--KL,10,1.5,0.75,182,0.1,1.906204005632146,1.9999999804817876,1.9999999804817876,0.0188410362258904
F_gaussian_local_d10_rate1.5,FR--KL,10,1.5,0.75,183,0.1,1.90620314558547,1.999999982256171,1.9999999822561711,0.0188410362258904
F_gaussian_local_d10_rate1.5,FR--KL,10,1.5,0.75,184,0.1,1.906203458433023,1.9999999838692453,1.999999983869246,0.0188410362258904
F_gaussian_local_d10_rate1.5,FR--KL,10,1.5,0.75,185,0.1,1.9062034143839663,1.999999985335678,1.999999985335678,0.0188410362258904
F_gaussian_local_d10_rate1.5,FR--KL,10,1.5,0.75,186,0.1,1.9062039625179232,1.9999999866687976,1.999999986668798,0.0188410362258904
F_gaussian_local_d10_rate1.5,FR--KL,10,1.5,0.75,187,0.1,1.9062032662966213,1.999999987880726,1.9999999878807255,0.0188410362258904
F_gaussian_local_d10_rate1.5,FR--KL,10,1.5,0.75,188,0.1,1.9062015807085302,1.9999999889824776,1.9999999889824776,0.0188410362258904
F_gaussian_local_d10_rate1.5,FR--KL,10,1.5,0.75,189,0.1,1.9062047488806955,1.9999999899840697,1.9999999899840697,0.0188410362258904
F_gaussian_local_d10_rate1.5,FR--KL,10,1.5,0.75,190,0.1,1.9062029620473282,1.999999990894609,1.9999999908946096,0.0188410362258904
F_gaussian_local_d10_rate1.5,FR--KL,10,1.5,0.75,191,0.1,1.9062040789285233,1.999999991722372,1.999999991722372,0.0188410362258904
F_gaussian_local_d10_rate1.5,FR--KL,10,1.5,0.75,192,0.1,1.9062047763694618,1.9999999924748844,1.9999999924748837,0.0188410362258904
F_gaussian_local_d10_rate1.5,FR--KL,10,1.5,0.75,193,0.1,1.9062018433599295,1.9999999931589856,1.9999999931589856,0.0188410362258904
F_gaussian_local_d10_rate1.5,FR--KL,10,1.5,0.75,194,0.1,1.906200239942143,1.999999993780895,1.9999999937808952,0.0188410362258904
F_gaussian_local_d10_rate1.5,FR--KL,10,1.5,0.75,195,0.1,1.9062030462465045,1.9999999943462672,1.9999999943462676,0.0188410362258904
F_gaussian_local_d10_rate1.5,FR--KL,10,1.5,0.75,196,0.1,1.9062010039985904,1.999999994860243,1.9999999948602432,0.0188410362258904
F_gaussian_local_d10_rate1.5,FR--KL,10,1.5,0.75,197,0.1,1.906202455564014,1.9999999953274927,1.9999999953274932,0.0188410362258904
F_gaussian_local_d10_rate1.5,FR--KL,10,1.5,0.75,198,0.1,1.9062021324165237,1.9999999957522665,1.9999999957522665,0.0188410362258904
F_gaussian_local_d10_rate1.5,FR--KL,10,1.5,0.75,199,0.1,1.906200491022331,1.999999996138424,1.9999999961384236,0.0188410362258904
F_gaussian_local_d10_rate1.5,FR--R,10,1.5,0.75,0,0.1,1.5796815318453266,1.5,1.5,0.0188410362258904
F_gaussian_local_d10_rate1.5,FR--R,10,1.5,0.75,1,0.1,1.6197275363515256,1.5379726807866432,1.537972680786643,0.0188410362258904
F_gaussian_local_d10_rate1.5,FR--R,10,1.5,0.75,2,0.1,1.6576354781106106,1.573915516359268,1.573915516359268,0.0188410362258904
F_gaussian_local_d10_rate1.5,FR--R,10,1.5,0.75,3,0.1,1.693381498512081,1.607806291878989,1.607806291878989,0.0188410362258904
F_gaussian_local_d10_rate1.5,FR--R,10,1.5,0.75,4,0.1,1.7269662690948562,1.6396460307910807,1.639646030791081,0.0188410362258904
F_gaussian_local_d10_rate1.5,FR--R,10,1.5,0.75,5,0.1,1.7584122932728348,1.669456429483077,1.669456429483077,0.0188410362258904
F_gaussian_local_d10_rate1.5,FR--R,10,1.5,0.75,6,0.1,1.787761002563261,1.6972770992627249,1.697277099262725,0.0188410362258904
F_gaussian_local_d10_rate1.5,FR--R,10,1.5,0.75,7,0.1,1.8150697805805363,1.7231627418205775,1.723162741820578,0.0188410362258904
F_gaussian_local_d10_rate1.5,FR--R,10,1.5,0.75,8,0.1,1.8404090278574572,1.7471803651127156,1.7471803651127154,0.0188410362258904
F_gaussian_local_d10_rate1.5,FR--R,10,1.5,0.75,9,0.1,1.8638593579396656,1.7694066251171257,1.7694066251171259,0.0188410362258904
F_gaussian_local_d10_rate1.5,FR--R,10,1.5,0.75,10,0.1,1.885508992270269,1.789925357168896,1.7899253571688958,0.0188410362258904
F_gaussian_local_d10_rate1.5,FR--R,10,1.5,0.75,11,0.1,1.9054513997538975,1.8088253400862613,1.8088253400862613,0.0188410362258904
F_gaussian_local_d10_rate1.5,FR--R,10,1.5,0.75,12,0.1,1.923783207658894,1.826198318097407,1.8261983180974073,0.0188410362258904
F_gaussian_local_d10_rate1.5,FR--R,10,1.5,0.75,13,0.1,1.9406023943163404,1.842137290254375,1.8421372902543751,0.0188410362258904
F_gaussian_local_d10_rate1.5,FR--R,10,1.5,0.75,14,0.1,1.9560067611269705,1.8567350647900047,1.8567350647900052,0.0188410362258904
F_gaussian_local_d10_rate1.5,FR--R,10,1.5,0.75,15,0.1,1.970092671637483,1.8700830666674488,1.8700830666674488,0.0188410362258904
F_gaussian_local_d10_rate1.5,FR--R,10,1.5,0.75,16,0.1,1.9829540386062656,1.882270380127484,1.8822703801274836,0.0188410362258904
F_gaussian_local_d10_rate1.5,FR--R,10,1.5,0.75,17,0.1,1.994681535665527,1.893383003981228,1.893383003981228,0.0188410362258904
F_gaussian_local_d10_rate1.5,FR--R,10,1.5,0.75,18,0.1,2.0053620079484338,1.9035032953010944,1.9035032953010949,0.0188410362258904
F_gaussian_local_d10_rate1.5,FR--R,10,1.5,0.75,19,0.1,2.0150780554378014,1.9127095766058704,1.9127095766058704,0.0188410362258904
F_gaussian_local_d10_rate1.5,FR--R,10,1.5,0.75,20,0.1,2.0239077633930656,1.9210758822226155,1.9210758822226153,0.0188410362258904
F_gaussian_local_d10_rate1.5,FR--R,10,1.5,0.75,21,0.1,2.0319245556642653,1.928671820893628,1.928671820893628,0.0188410362258904
F_gaussian_local_d10_rate1.5,FR--R,10,1.5,0.75,22,0.1,2.039197148687698,1.9355625335935376,1.935562533593538,0.0188410362258904
F_gaussian_local_d10_rate1.5,FR--R,10,1.5,0.75,23,0.1,2.0457895862575315,1.941808727700213,1.9418087277002127,0.0188410362258904
F_gaussian_local_d10_rate1.5,FR--R,10,1.5,0.75,24,0.1,2.0517613375674904,1.94746677094844,1.94746677094844,0.0188410362258904
F_gaussian_local_d10_rate1.5,FR--R,10,1.5,0.75,25,0.1,2.05716744340966,1.952588830859623,1.952588830859623,0.0188410362258904
F_gaussian_local_d10_rate1.5,FR--R,10,1.5,0.75,26,0.1,2.0620586976888524,1.9572230474962344,1.9572230474962344,0.0188410362258904
F_gaussian_local_d10_rate1.5,FR--R,10,1.5,0.75,27,0.1,2.066481853511339,1.961413729380752,1.9614137293807516,0.0188410362258904
F_gaussian_local_d10_rate1.5,FR--R,10,1.5,0.75,28,0.1,2.0704798450049404,1.9652015642142209,1.9652015642142209,0.0188410362258904
F_gaussian_local_d10_rate1.5,FR--R,10,1.5,0.75,29,0.1,2.0740920177018967,1.968623837616811,1.9686238376168113,0.0188410362258904
F_gaussian_local_d10_rate1.5,FR--R,10,1.5,0.75,30,0.1,2.0773543617717958,1.971714654492224,1.971714654492224,0.0188410362258904
F_gaussian_local_d10_rate1.5,FR--R,10,1.5,0.75,31,0.1,2.0802997436446065,1.9745051587988185,1.9745051587988187,0.0188410362258904
F_gaussian_local_d10_rate1.5,FR--R,10,1.5,0.75,32,0.1,2.0829581326121467,1.977023748507608,1.9770237485076072,0.0188410362258904
F_gaussian_local_d10_rate1.5,FR--R,10,1.5,0.75,33,0.1,2.0853568198754475,1.9792962833585857,1.9792962833585857,0.0188410362258904
F_gaussian_local_d10_rate1.5,FR--R,10,1.5,0.75,34,0.1,2.0875206282382077,1.9813462837111828,1.9813462837111828,0.0188410362258904
F_gaussian_local_d10_rate1.5,FR--R,10,1.5,0.75,35,0.1,2.089472111224102,1.983195119340852,1.983195119340852,0.0188410362258904
F_gaussian_local_d10_rate1.5,FR--R,10,1.5,0.75,36,0.1,2.091231740862948,1.984862187480016,1.984862187480016,0.0188410362258904
F_gaussian_local_d10_rate1.5,FR--R,10,1.5,0.75,37,0.1,2.0928180837897044,1.9863650797544083,1.9863650797544088,0.0188410362258904
F_gaussian_local_d10_rate1.5,FR--R,10,1.5,0.75,38,0.1,2.0942479655600805,1.9877197379404024,1.9877197379404024,0.0188410362258904
F_gaussian_local_d10_rate1.5,FR--R,10,1.5,0.75,39,0.1,2.0955366233190604,1.9889405986784376,1.988940598678438,0.0188410362258904
F_gaussian_local_d10_rate1.5,FR--R,10,1.5,0.75,40,0.1,2.0966978471490068,1.9900407274338172,1.9900407274338172,0.0188410362258904
F_gaussian_local_d10_rate1.5,FR--R,10,1.5,0.75,41,0.1,2.0977441104900203,1.9910319421088785,1.9910319421088785,0.0188410362258904
F_gaussian_local_d10_rate1.5,FR--R,10,1.5,0.75,42,0.1,2.0986866901672627,1.9919249267883683,1.9919249267883687,0.0188410362258904
F_gaussian_local_d10_rate1.5,FR--R,10,1.5,0.75,43,0.1,2.0995357765568086,1.992729336149848,1.992729336149848,0.0188410362258904
F_gaussian_local_d10_rate1.5,FR--R,10,1.5,0.75,44,0.1,2.1003005745180205,1.9934538910991293,1.9934538910991288,0.0188410362258904
F_gaussian_local_d10_rate1.5,FR--R,10,1.5,0.75,45,0.1,2.1009893956526895,1.994106466201996,1.9941064662019952,0.0188410362258904
F_gaussian_local_d10_rate1.5,FR--R,10,1.5,0.75,46,0.1,2.101609742512891,1.99469416948174,1.9946941694817404,0.0188410362258904
F_gaussian_local_d10_rate1.5,FR--R,10,1.5,0.75,47,0.1,2.102168385355762,1.9952234151407824,1.9952234151407824,0.0188410362258904
F_gaussian_local_d10_rate1.5,FR--R,10,1.5,0.75,48,0.1,2.102671431989884,1.9956999897462688,1.9956999897462688,0.0188410362258904
F_gaussian_local_d10_rate1.5,FR--R,10,1.5,0.75,49,0.1,2.103124391271032,1.9961291123963745,1.9961291123963745,0.0188410362258904
F_gaussian_local_d10_rate1.5,FR--R,10,1.5,0.75,50,0.1,2.1035322307663225,1.9965154893575336,1.9965154893575336,0.0188410362258904
F_gaussian_local_d10_rate1.5,FR--R,10,1.5,0.75,51,0.1,2.10389942908266,1.9968633636344693,1.9968633636344697,0.0188410362258904
F_gaussian_local_d10_rate1.5,FR--R,10,1.5,0.75,52,0.1,2.104230023275714,1.9971765599055664,1.9971765599055664,0.0188410362258904
F_gaussian_local_d10_rate1.5,FR--R,10,1.5,0.75,53,0.1,2.104527651820176,1.9974585252266484,1.997458525226648,0.0188410362258904
F_gaussian_local_d10_rate1.5,FR--R,10,1.5,0.75,54,0.1,2.104795593501115,1.9977123658771807,1.9977123658771807,0.0188410362258904
F_gaussian_local_d10_rate1.5,FR--R,10,1.5,0.75,55,0.1,2.1050368025837716,1.9979408806946768,1.9979408806946772,0.0188410362258904
F_gaussian_local_d10_rate1.5,FR--R,10,1.5,0.75,56,0.1,2.105253940667253,1.9981465912159744,1.9981465912159744,0.0188410362258904
F_gaussian_local_d10_rate1.5,FR--R,10,1.5,0.75,57,0.1,2.105449405362395,1.998331768918288,1.998331768918288,0.0188410362258904
F_gaussian_local_d10_rate1.5,FR--R,10,1.5,0.75,58,0.1,2.10562535634358,1.9984984598285895,1.9984984598285895,0.0188410362258904
F_gaussian_local_d10_rate1.5,FR--R,10,1.5,0.75,59,0.1,2.1057837387700378,1.9986485067470523,1.9986485067470527,0.0188410362258904
F_gaussian_local_d10_rate1.5,FR--R,10,1.5,0.75,60,0.1,2.105926304471829,1.9987835693089984,1.9987835693089984,0.0188410362258904
F_gaussian_local_d10_rate1.5,FR--R,10,1.5,0.75,61,0.1,2.106054631009036,1.9989051420900017,1.9989051420900017,0.0188410362258904
F_gaussian_local_d10_rate1.5,FR--R,10,1.5,0.75,62,0.1,2.1061701390118905,1.999014570940508,1.999014570940508,0.0188410362258904
F_gaussian_local_d10_rate1.5,FR--R,10,1.5,0.75,63,0.1,2.106274107643197,1.9991130677194555,1.9991130677194553,0.0188410362258904
F_gaussian_local_d10_rate1.5,FR--R,10,1.5,0.75,64,0.1,2.1063676886913614,1.9992017235808448,1.9992017235808448,0.0188410362258904
F_gaussian_local_d10_rate1.5,FR--R,10,1.5,0.75,65,0.1,2.1064519191302153,1.999281520952997,1.9992815209529968,0.0188410362258904
F_gaussian_local_d10_rate1.5,FR--R,10,1.5,0.75,66,0.1,2.106527732594218,1.9993533443371725,1.9993533443371727,0.0188410362258904
F_gaussian_local_d10_rate1.5,FR--R,10,1.5,0.75,67,0.1,2.106595969639152,1.99941799004036,1.99941799004036,0.0188410362258904
F_gaussian_local_d10_rate1.5,FR--R,10,1.5,0.75,68,0.1,2.1066573869696756,1.9994761749461447,1.9994761749461447,0.0188410362258904
F_gaussian_local_d10_rate1.5,FR--R,10,1.5,0.75,69,0.1,2.1067126658199977,1.999528544417704,1.999528544417704,0.0188410362258904
F_gaussian_local_d10_rate1.5,FR--R,10,1.5,0.75,70,0.1,2.106762419393672,1.999575679417964,1.999575679417964,0.0188410362258904
F_gaussian_local_d10_rate1.5,FR--R,10,1.5,0.75,71,0.1,2.1068071997387134,1.9996181029237976,1.9996181029237976,0.0188410362258904
F_gaussian_local_d10_rate1.5,FR--R,10,1.5,0.75,72,0.1,2.1068475037340098,1.9996562857036957,1.9996562857036952,0.0188410362258904
F_gaussian_local_d10_rate1.5,FR--R,10,1.5,0.75,73,0.1,2.106883778747691,1.99969065152165,1.9996906515216497,0.0188410362258904
F_gaussian_local_d10_rate1.5,FR--R,10,1.5,0.75,74,0.1,2.106916427384609,1.999721581823866,1.999721581823866,0.0188410362258904
F_gaussian_local_d10_rate1.5,FR--R,10,1.5,0.75,75,0.1,2.1069458120546685,1.999749419959411,1.9997494199594112,0.0188410362258904
F_gaussian_local_d10_rate1.5,FR--R,10,1.5,0.75,76,0.1,2.1069722590243227,1.999774474980909,1.9997744749809088,0.0188410362258904
F_gaussian_local_d10_rate1.5,FR--R,10,1.5,0.75,77,0.1,2.10699606185341,1.9997970250668813,1.9997970250668813,0.0188410362258904
F_gaussian_local_d10_rate1.5,FR--R,10,1.5,0.75,78,0.1,2.1070174849401293,1.9998173206032384,1.9998173206032388,0.0188410362258904
F_gaussian_local_d10_rate1.5,FR--R,10,1.5,0.75,79,0.1,2.107036766091824,1.9998355869577489,1.9998355869577489,0.0188410362258904
F_gaussian_local_d10_rate1.5,FR--R,10,1.5,0.75,80,0.1,2.107054119470439,1.9998520269779647,1.9998520269779656,0.0188410362258904
F_gaussian_local_d10_rate1.5,FR--R,10,1.5,0.75,81,0.1,2.1070697377040006,1.9998668232401045,1.9998668232401045,0.0188410362258904
F_gaussian_local_d10_rate1.5,FR--R,10,1.5,0.75,82,0.1,2.1070837943592684,1.999880140073629,1.9998801400736288,0.0188410362258904
F_gaussian_local_d10_rate1.5,FR--R,10,1.5,0.75,83,0.1,2.1070964455054075,1.99989212538386,1.99989212538386,0.0188410362258904
F_gaussian_local_d10_rate1.5,FR--R,10,1.5,0.75,84,0.1,2.107107831710359,1.9999029122927177,1.9999029122927177,0.0188410362258904
F_gaussian_local_d10_rate1.5,FR--R,10,1.5,0.75,85,0.1,2.1071180793455437,1.9999126206157087,1.9999126206157087,0.0188410362258904
F_gaussian_local_d10_rate1.5,FR--R,10,1.5,0.75,86,0.1,2.1071273022924033,1.9999213581914672,1.9999213581914672,0.0188410362258904
F_gaussian_local_d10_rate1.5,FR--R,10,1.5,0.75,87,0.1,2.107135603148718,1.9999292220785545,1.9999292220785545,0.0188410362258904
F_gaussian_local_d10_rate1.5,FR--R,10,1.5,0.75,88,0.1,2.107143073717216,1.9999362996327463,1.9999362996327463,0.0188410362258904
F_gaussian_local_d10_rate1.5,FR--R,10,1.5,0.75,89,0.1,2.107149797601911,1.9999426694767288,1.9999426694767288,0.0188410362258904
F_gaussian_local_d10_rate1.5,FR--R,10,1.5,0.75,90,0.1,2.1071558489602804,1.9999484023729328,1.9999484023729328,0.0188410362258904
F_gaussian_local_d10_rate1.5,FR--R,10,1.5,0.75,91,0.1,2.107161295264664,1.9999535620091795,1.9999535620091795,0.0188410362258904
F_gaussian_local_d10_rate1.5,FR--R,10,1.5,0.75,92,0.1,2.107166196942283,1.9999582057058285,1.999958205705828,0.0188410362258904
F_gaussian_local_d10_rate1.5,FR--R,10,1.5,0.75,93,0.1,2.1071706084288953,1.9999623850522736,1.999962385052274,0.0188410362258904
F_gaussian_local_d10_rate1.5,FR--R,10,1.5,0.75,94,0.1,2.107174578983916,1.99996614647984,1.9999661464798395,0.0188410362258904
F_gaussian_local_d10_rate1.5,FR--R,10,1.5,0.75,95,0.1,2.107178152076804,1.9999695317774175,1.9999695317774175,0.0188410362258904
F_gaussian_local_d10_rate1.5,FR--R,10,1.5,0.75,96,0.1,2.107181367960517,1.9999725785555809,1.9999725785555809,0.0188410362258904
F_gaussian_local_d10_rate1.5,FR--R,10,1.5,0.75,97,0.1,2.1071842629573974,1.9999753206643052,1.9999753206643056,0.0188410362258904
F_gaussian_local_d10_rate1.5,FR--R,10,1.5,0.75,98,0.1,2.1071868679525627,1.9999777885689445,1.999977788568944,0.0188410362258904
F_gaussian_local_d10_rate1.5,FR--R,10,1.5,0.75,99,0.1,2.107189212655908,1.999980009688616,1.999980009688616,0.0188410362258904
F_gaussian_local_d10_rate1.5,FR--R,10,1.5,0.75,100,0.1,2.107191322352008,1.9999820087007727,1.9999820087007731,0.0188410362258904
F_gaussian_local_d10_rate1.5,FR--R,10,1.5,0.75,101,0.1,2.1071932212510225,1.9999838078153205,1.9999838078153207,0.0188410362258904
F_gaussian_local_d10_rate1.5,FR--R,10,1.5,0.75,102,0.1,2.1071949305955893,1.9999854270213349,1.9999854270213344,0.0188410362258904
F_gaussian_local_d10_rate1.5,FR--R,10,1.5,0.75,103,0.1,2.1071964692256038,1.9999868843091133,1.9999868843091135,0.0188410362258904
F_gaussian_local_d10_rate1.5,FR--R,10,1.5,0.75,104,0.1,2.1071978534174605,1.9999881958700316,1.9999881958700312,0.0188410362258904
F_gaussian_local_d10_rate1.5,FR--R,10,1.5,0.75,105,0.1,2.1071990990765963,1.9999893762764096,1.9999893762764096,0.0188410362258904
F_gaussian_local_d10_rate1.5,FR--R,10,1.5,0.75,106,0.1,2.107200221110279,1.999990438643408,1.999990438643408,0.0188410362258904
F_gaussian_local_d10_rate1.5,FR--R,10,1.5,0.75,107,0.1,2.107201229594469,1.9999913947747243,1.9999913947747248,0.0188410362258904
F_gaussian_local_d10_rate1.5,FR--R,10,1.5,0.75,108,0.1,2.1072021382428177,1.9999922552937348,1.9999922552937348,0.0188410362258904
F_gaussian_local_d10_rate1.5,FR--R,10,1.5,0.75,109,0.1,2.1072029553901688,1.999993029761512,1.999993029761512,0.0188410362258904
F_gaussian_local_d10_rate1.5,FR--R,10,1.5,0.75,110,0.1,2.107203691496332,1.9999937267830528,1.9999937267830532,0.0188410362258904
F_gaussian_local_d10_rate1.5,FR--R,10,1.5,0.75,111,0.1,2.107204354279493,1.9999943541028788,1.9999943541028784,0.0188410362258904
F_gaussian_local_d10_rate1.5,FR--R,10,1.5,0.75,112,0.1,2.1072049496268628,1.9999949186910768,1.9999949186910768,0.0188410362258904
F_gaussian_local_d10_rate1.5,FR--R,10,1.5,0.75,113,0.1,2.107205487030894,1.9999954268207425,1.9999954268207427,0.0188410362258904
F_gaussian_local_d10_rate1.5,FR--R,10,1.5,0.75,114,0.1,2.1072059694634278,1.9999958841376757,1.9999958841376753,0.0188410362258904
F_gaussian_local_d10_rate1.5,FR--R,10,1.5,0.75,115,0.1,2.10720640462212,1.999996295723103,1.9999962957231032,0.0188410362258904
F_gaussian_local_d10_rate1.5,FR--R,10,1.5,0.75,116,0.1,2.107206796367217,1.9999966661501412,1.9999966661501416,0.0188410362258904
F_gaussian_local_d10_rate1.5,FR--R,10,1.5,0.75,117,0.1,2.107207145976228,1.9999969995345996,1.9999969995345996,0.0188410362258904
F_gaussian_local_d10_rate1.5,FR--R,10,1.5,0.75,118,0.1,2.1072074628390363,1.9999972995807125,1.999997299580712,0.0188410362258904
F_gaussian_local_d10_rate1.5,FR--R,10,1.5,0.75,119,0.1,2.1072077491278716,1.9999975696222945,1.9999975696222945,0.0188410362258904
F_gaussian_local_d10_rate1.5,FR--R,10,1.5,0.75,120,0.1,2.107208005641555,1.9999978126597848,1.9999978126597848,0.0188410362258904
F_gaussian_local_d10_rate1.5,FR--R,10,1.5,0.75,121,0.1,2.107208234260242,1.999998031393579,1.9999980313935792,0.0188410362258904
F_gaussian_local_d10_rate1.5,FR--R,10,1.5,0.75,122,0.1,2.107208447480559,1.9999982282540367,1.9999982282540367,0.0188410362258904
F_gaussian_local_d10_rate1.5,FR--R,10,1.5,0.75,123,0.1,2.1072086288465313,1.9999984054284847,1.9999984054284847,0.0188410362258904
F_gaussian_local_d10_rate1.5,FR--R,10,1.5,0.75,124,0.1,2.1072088040957584,1.9999985648855152,1.9999985648855152,0.0188410362258904
F_gaussian_local_d10_rate1.5,FR--R,10,1.5,0.75,125,0.1,2.1072089447214783,1.9999987083968664,1.9999987083968664,0.0188410362258904
F_gaussian_local_d10_rate1.5,FR--R,10,1.5,0.75,126,0.1,2.1072090859881336,1.9999988375571005,1.9999988375571,0.0188410362258904
F_gaussian_local_d10_rate1.5,FR--R,10,1.5,0.75,127,0.1,2.107209205266759,1.9999989538013256,1.9999989538013256,0.0188410362258904
F_gaussian_local_d10_rate1.5,FR--R,10,1.5,0.75,128,0.1,2.1072093132730934,1.999999058421141,1.9999990584211411,0.0188410362258904
F_gaussian_local_d10_rate1.5,FR--R,10,1.5,0.75,129,0.1,2.1072094170346247,1.9999991525789849,1.9999991525789849,0.0188410362258904
F_gaussian_local_d10_rate1.5,FR--R,10,1.5,0.75,130,0.1,2.10720951349829,1.999999237321052,1.999999237321052,0.0188410362258904
F_gaussian_local_d10_rate1.5,FR--R,10,1.5,0.75,131,0.1,2.107209589266006,1.99999931358892,1.9999993135889191,0.0188410362258904
F_gaussian_local_d10_rate1.5,FR--R,10,1.5,0.75,132,0.1,2.1072096589953055,1.9999993822300048,1.9999993822300048,0.0188410362258904
F_gaussian_local_d10_rate1.5,FR--R,10,1.5,0.75,133,0.1,2.107209710557889,1.9999994440069864,1.9999994440069864,0.0188410362258904
F_gaussian_local_d10_rate1.5,FR--R,10,1.5,0.75,134,0.1,2.1072098063070865,1.9999994996062729,1.9999994996062729,0.0188410362258904
F_gaussian_local_d10_rate1.5,FR--R,10,1.5,0.75,135,0.1,2.1072098255906098,1.999999549645634,1.999999549645634,0.0188410362258904
F_gaussian_local_d10_rate1.5,FR--R,10,1.5,0.75,136,0.1,2.107209894373327,1.9999995946810607,1.9999995946810607,0.0188410362258904
F_gaussian_local_d10_rate1.5,FR--R,10,1.5,0.75,137,0.1,2.107209926296077,1.999999635212947,1.9999996352129472,0.0188410362258904
F_gaussian_local_d10_rate1.5,FR--R,10,1.5,0.75,138,0.1,2.1072099810036247,1.9999996716916464,1.999999671691646,0.0188410362258904
F_gaussian_local_d10_rate1.5,FR--R,10,1.5,0.75,139,0.1,2.1072100042159283,1.9999997045224764,1.9999997045224764,0.0188410362258904
F_gaussian_local_d10_rate1.5,FR--R,10,1.5,0.75,140,0.1,2.107210040398163,1.999999734070225,1.999999734070225,0.0188410362258904
F_gaussian_local_d10_rate1.5,FR--R,10,1.5,0.75,141,0.1,2.1072100904966384,1.999999760663199,1.9999997606631992,0.0188410362258904
F_gaussian_local_d10_rate1.5,FR--R,10,1.5,0.75,142,0.1,2.107210116152923,1.9999997845968764,1.9999997845968769,0.0188410362258904
F_gaussian_local_d10_rate1.5,FR--R,10,1.5,0.75,143,0.1,2.1072101044447047,1.9999998061371869,1.9999998061371873,0.0188410362258904
F_gaussian_local_d10_rate1.5,FR--R,10,1.5,0.75,144,0.1,2.107210168924776,1.9999998255234663,1.9999998255234663,0.0188410362258904
F_gaussian_local_d10_rate1.5,FR--R,10,1.5,0.75,145,0.1,2.1072101843220725,1.9999998429711183,1.9999998429711188,0.0188410362258904
F_gaussian_local_d10_rate1.5,FR--R,10,1.5,0.75,146,0.1,2.1072101595327846,1.999999858674006,1.999999858674006,0.0188410362258904
F_gaussian_local_d10_rate1.5,FR--R,10,1.5,0.75,147,0.1,2.1072102006542908,1.9999998728066049,1.9999998728066044,0.0188410362258904
F_gaussian_local_d10_rate1.5,FR--R,10,1.5,0.75,148,0.1,2.10721023125835,1.9999998855259435,1.999999885525943,0.0188410362258904
F_gaussian_local_d10_rate1.5,FR--R,10,1.5,0.75,149,0.1,2.1072102221585483,1.9999998969733483,1.9999998969733488,0.0188410362258904
F_gaussian_local_d10_rate1.5,FR--R,10,1.5,0.75,150,0.1,2.1072103025134914,1.9999999072760133,1.9999999072760133,0.0188410362258904
F_gaussian_local_d10_rate1.5,FR--R,10,1.5,0.75,151,0.1,2.1072102481157393,1.999999916548412,1.999999916548412,0.0188410362258904
F_gaussian_local_d10_rate1.5,FR--R,10,1.5,0.75,152,0.1,2.1072101292027803,1.9999999248935705,1.9999999248935705,0.0188410362258904
F_gaussian_local_d10_rate1.5,FR--R,10,1.5,0.75,153,0.1,2.107210225559512,1.9999999324042128,1.9999999324042128,0.0188410362258904
F_gaussian_local_d10_rate1.5,FR--R,10,1.5,0.75,154,0.1,2.107210175272327,1.9999999391637917,1.9999999391637913,0.0188410362258904
F_gaussian_local_d10_rate1.5,FR--R,10,1.5,0.75,155,0.1,2.1072102590842956,1.999999945247412,1.999999945247412,0.0188410362258904
F_gaussian_local_d10_rate1.5,FR--R,10,1.5,0.75,156,0.1,2.1072102831163932,1.999999950722671,1.9999999507226704,0.0188410362258904
F_gaussian_local_d10_rate1.5,FR--R,10,1.5,0.75,157,0.1,2.1072102352747093,1.9999999556504036,1.9999999556504031,0.0188410362258904
F_gaussian_local_d10_rate1.5,FR--R,10,1.5,0.75,158,0.1,2.1072102513455646,1.9999999600853628,1.9999999600853628,0.0188410362258904
F_gaussian_local_d10_rate1.5,FR--R,10,1.5,0.75,159,0.1,2.1072104367784577,1.9999999640768265,1.9999999640768265,0.0188410362258904
F_gaussian_local_d10_rate1.5,FR--R,10,1.5,0.75,160,0.1,2.107210297894558,1.999999967669144,1.999999967669144,0.0188410362258904
F_gaussian_local_d10_rate1.5,FR--R,10,1.5,0.75,161,0.1,2.1072101774945984,1.9999999709022296,1.9999999709022296,0.0188410362258904
F_gaussian_local_d10_rate1.5,FR--R,10,1.5,0.75,162,0.1,2.107210350840395,1.9999999738120064,1.9999999738120064,0.0188410362258904
F_gaussian_local_d10_rate1.5,FR--R,10,1.5,0.75,163,0.1,2.107210438769422,1.9999999764308056,1.9999999764308056,0.0188410362258904
F_gaussian_local_d10_rate1.5,FR--R,10,1.5,0.75,164,0.1,2.1072104992497036,1.9999999787877256,1.9999999787877256,0.0188410362258904
F_gaussian_local_d10_rate1.5,FR--R,10,1.5,0.75,165,0.1,2.107210519926731,1.999999980908953,1.9999999809089528,0.0188410362258904
F_gaussian_local_d10_rate1.5,FR--R,10,1.5,0.75,166,0.1,2.107210083411859,1.999999982818058,1.999999982818058,0.0188410362258904
F_gaussian_local_d10_rate1.5,FR--R,10,1.5,0.75,167,0.1,2.1072106322463466,1.999999984536252,1.999999984536252,0.0188410362258904
F_gaussian_local_d10_rate1.5,FR--R,10,1.5,0.75,168,0.1,2.107210454974225,1.999999986082627,1.9999999860826272,0.0188410362258904
F_gaussian_local_d10_rate1.5,FR--R,10,1.5,0.75,169,0.1,2.107209998006084,1.9999999874743644,1.9999999874743644,0.0188410362258904
F_gaussian_local_d10_rate1.5,FR--R,10,1.5,0.75,170,0.1,2.1072101380729493,1.999999988726928,1.999999988726928,0.0188410362258904
F_gaussian_local_d10_rate1.5,FR--R,10,1.5,0.75,171,0.1,2.1072101186192205,1.999999989854235,1.9999999898542349,0.0188410362258904
F_gaussian_local_d10_rate1.5,FR--R,10,1.5,0.75,172,0.1,2.107210421232806,1.999999990868811,1.9999999908688113,0.0188410362258904
F_gaussian_local_d10_rate1.5,FR--R,10,1.5,0.75,173,0.1,2.107210553326041,1.9999999917819304,1.9999999917819304,0.0188410362258904
F_gaussian_local_d10_rate1.5,FR--R,10,1.5,0.75,174,0.1,2.1072099128740045,1.9999999926037373,1.9999999926037373,0.0188410362258904
F_gaussian_local_d10_rate1.5,FR--R,10,1.5,0.75,175,0.1,2.1072098683981735,1.9999999933433636,1.9999999933433632,0.0188410362258904
F_gaussian_local_d10_rate1.5,FR--R,10,1.5,0.75,176,0.1,2.107209983705902,1.999999994009027,1.9999999940090272,0.0188410362258904
F_gaussian_local_d10_rate1.5,FR--R,10,1.5,0.75,177,0.1,2.107211228297159,1.999999994608124,1.999999994608124,0.0188410362258904
F_gaussian_local_d10_rate1.5,FR--R,10,1.5,0.75,178,0.1,2.107209906427351,1.999999995147312,1.999999995147312,0.0188410362258904
F_gaussian_local_d10_rate1.5,FR--R,10,1.5,0.75,179,0.1,2.1072094093139424,1.999999995632581,1.999999995632581,0.0188410362258904
F_gaussian_local_d10_rate1.5,FR--R,10,1.5,0.75,180,0.1,2.107210564223908,1.9999999960693224,1.9999999960693224,0.0188410362258904
F_gaussian_local_d10_rate1.5,FR--R,10,1.5,0.75,181,0.1,2.107210592120285,1.9999999964623905,1.9999999964623905,0.0188410362258904
F_gaussian_local_d10_rate1.5,FR--R,10,1.5,0.75,182,0.1,2.1072103131565267,1.9999999968161517,1.9999999968161513,0.0188410362258904
F_gaussian_local_d10_rate1.5,FR--R,10,1.5,0.75,183,0.1,2.1072099687568193,1.999999997134536,1.999999997134536,0.0188410362258904
F_gaussian_local_d10_rate1.5,FR--R,10,1.5,0.75,184,0.1,2.1072118438219145,1.9999999974210825,1.9999999974210825,0.0188410362258904
F_gaussian_local_d10_rate1.5,FR--R,10,1.5,0.75,185,0.1,2.107212439080871,1.9999999976789744,1.9999999976789744,0.0188410362258904
F_gaussian_local_d10_rate1.5,FR--R,10,1.5,0.75,186,0.1,2.1072122028672493,1.9999999979110772,1.9999999979110772,0.0188410362258904
F_gaussian_local_d10_rate1.5,FR--R,10,1.5,0.75,187,0.1,2.1072092633172113,1.9999999981199696,1.9999999981199696,0.0188410362258904
F_gaussian_local_d10_rate1.5,FR--R,10,1.5,0.75,188,0.1,2.10721206288874,1.9999999983079728,1.9999999983079728,0.0188410362258904
F_gaussian_local_d10_rate1.5,FR--R,10,1.5,0.75,189,0.1,2.10721290535268,1.9999999984771752,1.9999999984771752,0.0188410362258904
F_gaussian_local_d10_rate1.5,FR--R,10,1.5,0.75,190,0.1,2.1072131933748737,1.9999999986294577,1.999999998629458,0.0188410362258904
F_gaussian_local_d10_rate1.5,FR--R,10,1.5,0.75,191,0.1,2.1072127133387952,1.9999999987665125,1.9999999987665125,0.0188410362258904
F_gaussian_local_d10_rate1.5,FR--R,10,1.5,0.75,192,0.1,2.1072103131565223,1.9999999988898616,1.9999999988898616,0.0188410362258904
F_gaussian_local_d10_rate1.5,FR--R,10,1.5,0.75,193,0.1,2.1072113008859414,1.9999999990008752,1.9999999990008752,0.0188410362258904
F_gaussian_local_d10_rate1.5,FR--R,10,1.5,0.75,194,0.1,2.107214703065612,1.999999999100788,1.999999999100788,0.0188410362258904
F_gaussian_local_d10_rate1.5,FR--R,10,1.5,0.75,195,0.1,2.107209093737237,1.9999999991907087,1.9999999991907091,0.0188410362258904
F_gaussian_local_d10_rate1.5,FR--R,10,1.5,0.75,196,0.1,2.107217087709078,1.9999999992716384,1.9999999992716384,0.0188410362258904
F_gaussian_local_d10_rate1.5,FR--R,10,1.5,0.75,197,0.1,2.107207302243997,1.9999999993444744,1.9999999993444744,0.0188410362258904
F_gaussian_local_d10_rate1.5,FR--R,10,1.5,0.75,198,0.1,2.107208640427544,1.999999999410027,1.9999999994100273,0.0188410362258904
F_gaussian_local_d10_rate1.5,FR--R,10,1.5,0.75,199,0.1,2.107208454568926,1.9999999994690243,1.999999999469024,0.0188410362258904
F_gaussian_local_d2_rate0.25,FR--KL,2,0.25,0.125,0,0.1,0.2484503999711437,0.25,0.25,0.6022207708399179
F_gaussian_local_d2_rate0.25,FR--KL,2,0.25,0.125,1,0.1,0.2697772357188783,0.271604938271605,0.271604938271605,0.6022207708399179
F_gaussian_local_d2_rate0.25,FR--KL,2,0.25,0.125,2,0.1,0.29261147056870507,0.2947624847746652,0.2947624847746652,0.6022207708399179
F_gaussian_local_d2_rate0.25,FR--KL,2,0.25,0.125,3,0.1,0.3170038559635883,0.3195294682511106,0.3195294682511106,0.6022207708399179
F_gaussian_local_d2_rate0.25,FR--KL,2,0.25,0.125,4,0.1,0.3429972068786781,0.3459552699046565,0.3459552699046564,0.6022207708399179
F_gaussian_local_d2_rate0.25,FR--KL,2,0.25,0.125,5,0.1,0.3706246713759716,0.3740800486846894,0.3740800486846894,0.6022207708399179
F_gaussian_local_d2_rate0.25,FR--KL,2,0.25,0.125,6,0.1,0.39990795053371236,0.4039328917623676,0.4039328917623676,0.6022207708399179
F_gaussian_local_d2_rate0.25,FR--KL,2,0.25,0.125,7,0.1,0.430855519316444,0.4355299375817799,0.4355299375817798,0.6022207708399179
F_gaussian_local_d2_rate0.25,FR--KL,2,0.25,0.125,8,0.1,0.4634609093888093,0.4688725301504461,0.468872530150446,0.6022207708399179
F_gaussian_local_d2_rate0.25,FR--KL,2,0.25,0.125,9,0.1,0.49770112407229344,0.5039454736999135,0.5039454736999136,0.6022207708399179
F_gaussian_local_d2_rate0.25,FR--KL,2,0.25,0.125,10,0.1,0.5335352625890388,0.5407154654999919,0.5407154654999918,0.6022207708399179
F_gaussian_local_d2_rate0.25,FR--KL,2,0.25,0.125,11,0.1,0.5709034343588819,0.5791297903415199,0.5791297903415198,0.6022207708399179
F_gaussian_local_d2_rate0.25,FR--KL,2,0.25,0.125,12,0.1,0.6097260433854759,0.6191153618892649,0.6191153618892647,0.6022207708399179
F_gaussian_local_d2_rate0.25,FR--KL,2,0.25,0.125,13,0.1,0.6499035168304542,0.6605781927356084,0.6605781927356084,0.6022207708399179
F_gaussian_local_d2_rate0.25,FR--KL,2,0.25,0.125,14,0.1,0.6913165401943675,0.7034033658018911,0.703403365801891,0.6022207708399179
F_gaussian_local_d2_rate0.25,FR--KL,2,0.25,0.125,15,0.1,0.7338268440221135,0.7474555643930104,0.7474555643930104,0.6022207708399179
F_gaussian_local_d2_rate0.25,FR--KL,2,0.25,0.125,16,0.1,0.7772785642157449,0.7925801969118385,0.7925801969118385,0.6022207708399179
F_gaussian_local_d2_rate0.25,FR--KL,2,0.25,0.125,17,0.1,0.8215001709730211,0.8386051258155157,0.8386051258155156,0.6022207708399179
F_gaussian_local_d2_rate0.25,FR--KL,2,0.25,0.125,18,0.1,0.8663069317722324,0.8853429803267283,0.8853429803267284,0.6022207708399179
F_gaussian_local_d2_rate0.25,FR--KL,2,0.25,0.125,19,0.1,0.9115038438625619,0.932594000756186,0.9325940007561858,0.6022207708399179
F_gaussian_local_d2_rate0.25,FR--KL,2,0.25,0.125,20,0.1,0.9568889438406132,0.9801493315111792,0.9801493315111792,0.6022207708399179
F_gaussian_local_d2_rate0.25,FR--KL,2,0.25,0.125,21,0.1,1.0022568785500563,1.0277946525794708,1.0277946525794706,0.6022207708399179
F_gaussian_local_d2_rate0.25,FR--KL,2,0.25,0.125,22,0.1,1.047402604897064,1.0753140179621554,1.0753140179621554,0.6022207708399179
F_gaussian_local_d2_rate0.25,FR--KL,2,0.25,0.125,23,0.1,1.0921250778292535,1.1224937562023996,1.1224937562023993,0.6022207708399179
F_gaussian_local_d2_rate0.25,FR--KL,2,0.25,0.125,24,0.1,1.1362307864950336,1.1691262841160222,1.1691262841160222,0.6022207708399179
F_gaussian_local_d2_rate0.25,FR--KL,2,0.25,0.125,25,0.1,1.1795370084104417,1.2150136904729858,1.2150136904729856,0.6022207708399179
F_gaussian_local_d2_rate0.25,FR--KL,2,0.25,0.125,26,0.1,1.2218746693511002,1.2599709611504726,1.2599709611504728,0.6022207708399179
F_gaussian_local_d2_rate0.25,FR--KL,2,0.25,0.125,27,0.1,1.2630907209491775,1.30382873974586,1.3038287397458599,0.6022207708399179
F_gaussian_local_d2_rate0.25,FR--KL,2,0.25,0.125,28,0.1,1.303049976374847,1.3464355456863812,1.3464355456863812,0.6022207708399179
F_gaussian_local_d2_rate0.25,FR--KL,2,0.25,0.125,29,0.1,1.3416363745483733,1.3876594029810383,1.3876594029810383,0.6022207708399179
F_gaussian_local_d2_rate0.25,FR--KL,2,0.25,0.125,30,0.1,1.3787536726435081,1.4273888643152663,1.4273888643152666,0.6022207708399179
F_gaussian_local_d2_rate0.25,FR--KL,2,0.25,0.125,31,0.1,1.4143255931055971,1.465533444778847,1.465533444778847,0.6022207708399179
F_gaussian_local_d2_rate0.25,FR--KL,2,0.25,0.125,32,0.1,1.4482954734123434,1.5020235051729838,1.5020235051729838,0.6022207708399179
F_gaussian_local_d2_rate0.25,FR--KL,2,0.25,0.125,33,0.1,1.4806254833531243,1.5368096451878466,1.5368096451878468,0.6022207708399179
F_gaussian_local_d2_rate0.25,FR--KL,2,0.25,0.125,34,0.1,1.5112954853053107,1.5698616810539086,1.5698616810539086,0.6022207708399179
F_gaussian_local_d2_rate0.25,FR--KL,2,0.25,0.125,35,0.1,1.5403016180077367,1.6011672904477563,1.6011672904477565,0.6022207708399179
F_gaussian_local_d2_rate0.25,FR--KL,2,0.25,0.125,36,0.1,1.567654684268535,1.6307304098990878,1.630730409899088,0.6022207708399179
F_gaussian_local_d2_rate0.25,FR--KL,2,0.25,0.125,37,0.1,1.5933784187956757,1.6585694675091327,1.658569467509133,0.6022207708399179
F_gaussian_local_d2_rate0.25,FR--KL,2,0.25,0.125,38,0.1,1.6175077049431923,1.6847155274931145,1.6847155274931147,0.6022207708399179
F_gaussian_local_d2_rate0.25,FR--KL,2,0.25,0.125,39,0.1,1.640086799695361,1.7092104140290434,1.7092104140290434,0.6022207708399179
F_gaussian_local_d2_rate0.25,FR--KL,2,0.25,0.125,40,0.1,1.6611676156583701,1.7321048712273377,1.7321048712273377,0.6022207708399179
F_gaussian_local_d2_rate0.25,FR--KL,2,0.25,0.125,41,0.1,1.6808080980345286,1.7534568047043182,1.7534568047043184,0.6022207708399179
F_gaussian_local_d2_rate0.25,FR--KL,2,0.25,0.125,42,0.1,1.699070724197828,1.7733296390462732,1.7733296390462732,0.6022207708399179
F_gaussian_local_d2_rate0.25,FR--KL,2,0.25,0.125,43,0.1,1.7160211440359736,1.791790814991165,1.7917908149911648,0.6022207708399179
F_gaussian_local_d2_rate0.25,FR--KL,2,0.25,0.125,44,0.1,1.7317269709920038,1.80891044083848,1.80891044083848,0.6022207708399179
F_gaussian_local_d2_rate0.25,FR--KL,2,0.25,0.125,45,0.1,1.746256726858101,1.8247601046554864,1.8247601046554864,0.6022207708399179
F_gaussian_local_d2_rate0.25,FR--KL,2,0.25,0.125,46,0.1,1.7596789378885251,1.839411847365844,1.8394118473658436,0.6022207708399179
F_gaussian_local_d2_rate0.25,FR--KL,2,0.25,0.125,47,0.1,1.7720613756295558,1.852937291758134,1.8529372917581337,0.6022207708399179
F_gaussian_local_d2_rate0.25,FR--KL,2,0.25,0.125,48,0.1,1.7834704328919695,1.865406918732768,1.865406918732768,0.6022207708399179
F_gaussian_local_d2_rate0.25,FR--KL,2,0.25,0.125,49,0.1,1.7939706233608739,1.8768894795624216,1.8768894795624216,0.6022207708399179
F_gaussian_local_d2_rate0.25,FR--KL,2,0.25,0.125,50,0.1,1.8036241922658796,1.8874515313956408,1.8874515313956408,0.6022207708399179
F_gaussian_local_d2_rate0.25,FR--KL,2,0.25,0.125,51,0.1,1.8124908251513785,1.8971570825018904,1.8971570825018904,0.6022207708399179
F_gaussian_local_d2_rate0.25,FR--KL,2,0.25,0.125,52,0.1,1.8206274419438786,1.9060673336628788,1.9060673336628788,0.6022207708399179
F_gaussian_local_d2_rate0.25,FR--KL,2,0.25,0.125,53,0.1,1.8280880640483206,1.914240502499711,1.9142405024997111,0.6022207708399179
F_gaussian_local_d2_rate0.25,FR--KL,2,0.25,0.125,54,0.1,1.83492374300598,1.9217317182491391,1.9217317182491391,0.6022207708399179
F_gaussian_local_d2_rate0.25,FR--KL,2,0.25,0.125,55,0.1,1.8411825402239856,1.928592975448464,1.9285929754484636,0.6022207708399179
F_gaussian_local_d2_rate0.25,FR--KL,2,0.25,0.125,56,0.1,1.8469095483380196,1.9348731360635083,1.9348731360635087,0.6022207708399179
F_gaussian_local_d2_rate0.25,FR--KL,2,0.25,0.125,57,0.1,1.8521469458450248,1.9406179707240567,1.9406179707240567,0.6022207708399179
F_gaussian_local_d2_rate0.25,FR--KL,2,0.25,0.125,58,0.1,1.8569340777181993,1.9458702308611568,1.9458702308611568,0.6022207708399179
F_gaussian_local_d2_rate0.25,FR--KL,2,0.25,0.125,59,0.1,1.8613075557115693,1.9506697446312935,1.950669744631294,0.6022207708399179
F_gaussian_local_d2_rate0.25,FR--KL,2,0.25,0.125,60,0.1,1.8653013730032189,1.9550535305367875,1.955053530536788,0.6022207708399179
F_gaussian_local_d2_rate0.25,FR--KL,2,0.25,0.125,61,0.1,1.8689470286865932,1.959055923593448,1.959055923593448,0.6022207708399179
F_gaussian_local_d2_rate0.25,FR--KL,2,0.25,0.125,62,0.1,1.8722736583809318,1.962708709746889,1.9627087097468887,0.6022207708399179
F_gaussian_local_d2_rate0.25,FR--KL,2,0.25,0.125,63,0.1,1.8753081679053007,1.9660412649951853,1.9660412649951853,0.6022207708399179
F_gaussian_local_d2_rate0.25,FR--KL,2,0.25,0.125,64,0.1,1.8780753675518418,1.96908069633928,1.96908069633928,0.6022207708399179
F_gaussian_local_d2_rate0.25,FR--KL,2,0.25,0.125,65,0.1,1.880598105011455,1.9718519822580725,1.971851982258072,0.6022207708399179
F_gaussian_local_d2_rate0.25,FR--KL,2,0.25,0.125,66,0.1,1.8828973954291057,1.974378110898747,1.9743781108987468,0.6022207708399179
F_gaussian_local_d2_rate0.25,FR--KL,2,0.25,0.125,67,0.1,1.8849925474301488,1.976680214591788,1.976680214591788,0.6022207708399179
F_gaussian_local_d2_rate0.25,FR--KL,2,0.25,0.125,68,0.1,1.8869012842846788,1.9787776996520805,1.9787776996520807,0.6022207708399179
F_gaussian_local_d2_rate0.25,FR--KL,2,0.25,0.125,69,0.1,1.8886398596047134,1.9806883707202196,1.9806883707202192,0.6022207708399179
F_gaussian_local_d2_rate0.25,FR--KL,2,0.25,0.125,70,0.1,1.8902231671959246,1.9824285491390656,1.9824285491390656,0.6022207708399179
F_gaussian_local_d2_rate0.25,FR--KL,2,0.25,0.125,71,0.1,1.8916648448540867,1.984013185056732,1.984013185056732,0.6022207708399179
F_gaussian_local_d2_rate0.25,FR--KL,2,0.25,0.125,72,0.1,1.8929773720026555,1.9854559631049211,1.9854559631049216,0.6022207708399179
F_gaussian_local_d2_rate0.25,FR--KL,2,0.25,0.125,73,0.1,1.8941721612232199,1.9867694016267063,1.9867694016267063,0.6022207708399179
F_gaussian_local_d2_rate0.25,FR--KL,2,0.25,0.125,74,0.1,1.895259643767704,1.987964945525544,1.9879649455255444,0.6022207708399179
F_gaussian_local_d2_rate0.25,FR--KL,2,0.25,0.125,75,0.1,1.896249349215157,1.9890530528820909,1.9890530528820909,0.6022207708399179
F_gaussian_local_d2_rate0.25,FR--KL,2,0.25,0.125,76,0.1,1.8971499795069326,1.9900432755411683,1.9900432755411688,0.6022207708399179
F_gaussian_local_d2_rate0.25,FR--KL,2,0.25,0.125,77,0.1,1.8979694775851126,1.9909443339114248,1.9909443339114248,0.6022207708399179
F_gaussian_local_d2_rate0.25,FR--KL,2,0.25,0.125,78,0.1,1.8987150909082706,1.99176418624769,1.9917641862476905,0.6022207708399179
F_gaussian_local_d2_rate0.25,FR--KL,2,0.25,0.125,79,0.1,1.8993934301247224,1.9925100927032864,1.9925100927032864,0.6022207708399179
F_gaussian_local_d2_rate0.25,FR--KL,2,0.25,0.125,80,0.1,1.9000105231942954,1.99318867444858,1.99318867444858,0.6022207708399179
F_gaussian_local_d2_rate0.25,FR--KL,2,0.25,0.125,81,0.1,1.9005718652108128,1.9938059681547384,1.993805968154738,0.6022207708399179
F_gaussian_local_d2_rate0.25,FR--KL,2,0.25,0.125,82,0.1,1.9010824642524133,1.994367476139209,1.9943674761392092,0.6022207708399179
F_gaussian_local_d2_rate0.25,FR--KL,2,0.25,0.125,83,0.1,1.9015468835145846,1.994878212463348,1.994878212463348,0.6022207708399179
F_gaussian_local_d2_rate0.25,FR--KL,2,0.25,0.125,84,0.1,1.9019692799387002,1.9953427452635315,1.9953427452635313,0.6022207708399179
F_gaussian_local_d2_rate0.25,FR--KL,2,0.25,0.125,85,0.1,1.90235343969155,1.9957652355860904,1.9957652355860904,0.6022207708399179
F_gaussian_local_d2_rate0.25,FR--KL,2,0.25,0.125,86,0.1,1.9027028106109116,1.9961494729839568,1.9961494729839568,0.6022207708399179
F_gaussian_local_d2_rate0.25,FR--KL,2,0.25,0.125,87,0.1,1.9030205319989617,1.9964989081195568,1.9964989081195572,0.6022207708399179
F_gaussian_local_d2_rate0.25,FR--KL,2,0.25,0.125,88,0.1,1.903309461788274,1.996816682604748,1.996816682604748,0.6022207708399179
F_gaussian_local_d2_rate0.25,FR--KL,2,0.25,0.125,89,0.1,1.9035722014393452,1.9971056562945584,1.9971056562945584,0.6022207708399179
F_gaussian_local_d2_rate0.25,FR--KL,2,0.25,0.125,90,0.1,1.903811118667043,1.997368432237708,1.997368432237708,0.6022207708399179
F_gaussian_local_d2_rate0.25,FR--KL,2,0.25,0.125,91,0.1,1.9040283682312409,1.997607379473233,1.9976073794732327,0.6022207708399179
F_gaussian_local_d2_rate0.25,FR--KL,2,0.25,0.125,92,0.1,1.9042259108968747,1.9978246538494,1.9978246538494,0.6022207708399179
F_gaussian_local_d2_rate0.25,FR--KL,2,0.25,0.125,93,0.1,1.9044055307431875,1.9980222170284283,1.9980222170284287,0.6022207708399179
F_gaussian_local_d2_rate0.25,FR--KL,2,0.25,0.125,94,0.1,1.9045688509398302,1.9982018538284405,1.9982018538284407,0.6022207708399179
F_gaussian_local_d2_rate0.25,FR--KL,2,0.25,0.125,95,0.1,1.9047173481782476,1.9983651880426336,1.9983651880426336,0.6022207708399179
F_gaussian_local_d2_rate0.25,FR--KL,2,0.25,0.125,96,0.1,1.904852365775135,1.998513696864843,1.9985136968648431,0.6022207708399179
F_gaussian_local_d2_rate0.25,FR--KL,2,0.25,0.125,97,0.1,1.9049751256760687,1.998648724040508,1.9986487240405075,0.6022207708399179
F_gaussian_local_d2_rate0.25,FR--KL,2,0.25,0.125,98,0.1,1.9050867393219042,1.9987714918525743,1.9987714918525743,0.6022207708399179
F_gaussian_local_d2_rate0.25,FR--KL,2,0.25,0.125,99,0.1,1.90518821761314,1.998883112042979,1.9988831120429793,0.6022207708399179
F_gaussian_local_d2_rate0.25,FR--KL,2,0.25,0.125,100,0.1,1.905280480035807,1.9989845957621275,1.9989845957621275,0.6022207708399179
F_gaussian_local_d2_rate0.25,FR--KL,2,0.25,0.125,101,0.1,1.90536436268065,1.9990768626311348,1.9990768626311348,0.6022207708399179
F_gaussian_local_d2_rate0.25,FR--KL,2,0.25,0.125,102,0.1,1.9054406260721024,1.999160748994488,1.9991607489944876,0.6022207708399179
F_gaussian_local_d2_rate0.25,FR--KL,2,0.25,0.125,103,0.1,1.9055099617128428,1.999237015434281,1.9992370154342811,0.6022207708399179
F_gaussian_local_d2_rate0.25,FR--KL,2,0.25,0.125,104,0.1,1.905572998500818,1.9993063536110969,1.9993063536110964,0.6022207708399179
F_gaussian_local_d2_rate0.25,FR--KL,2,0.25,0.125,105,0.1,1.9056303083196098,1.9993693924910592,1.9993693924910592,0.6022207708399179
F_gaussian_local_d2_rate0.25,FR--KL,2,0.25,0.125,106,0.1,1.9056824111352249,1.999426704013474,1.9994267040134737,0.6022207708399179
F_gaussian_local_d2_rate0.25,FR--KL,2,0.25,0.125,107,0.1,1.9057297797995583,1.9994788082487431,1.9994788082487431,0.6022207708399179
F_gaussian_local_d2_rate0.25,FR--KL,2,0.25,0.125,108,0.1,1.905772844230142,1.999526178091945,1.999526178091945,0.6022207708399179
F_gaussian_local_d2_rate0.25,FR--KL,2,0.25,0.125,109,0.1,1.9058119954330304,1.9995692435335015,1.9995692435335015,0.6022207708399179
F_gaussian_local_d2_rate0.25,FR--KL,2,0.25,0.125,110,0.1,1.9058475888937736,1.999608395544721,1.9996083955447213,0.6022207708399179
F_gaussian_local_d2_rate0.25,FR--KL,2,0.25,0.125,111,0.1,1.905879947687979,1.9996439896126903,1.99964398961269,0.6022207708399179
F_gaussian_local_d2_rate0.25,FR--KL,2,0.25,0.125,112,0.1,1.9059093656822717,1.99967634895594,1.99967634895594,0.6022207708399179
F_gaussian_local_d2_rate0.25,FR--KL,2,0.25,0.125,113,0.1,1.9059361101636143,1.9997057674495509,1.9997057674495509,0.6022207708399179
F_gaussian_local_d2_rate0.25,FR--KL,2,0.25,0.125,114,0.1,1.9059604239260142,1.999732512285792,1.999732512285792,0.6022207708399179
F_gaussian_local_d2_rate0.25,FR--KL,2,0.25,0.125,115,0.1,1.9059825278669733,1.9997568263940853,1.9997568263940857,0.6022207708399179
F_gaussian_local_d2_rate0.25,FR--KL,2,0.25,0.125,116,0.1,1.9060026228879947,1.999778930641975,1.999778930641975,0.6022207708399179
F_gaussian_local_d2_rate0.25,FR--KL,2,0.25,0.125,117,0.1,1.906020891502275,1.9997990258368303,1.9997990258368303,0.6022207708399179
F_gaussian_local_d2_rate0.25,FR--KL,2,0.25,0.125,118,0.1,1.9060374995187368,1.999817294546252,1.999817294546252,0.6022207708399179
F_gaussian_local_d2_rate0.25,FR--KL,2,0.25,0.125,119,0.1,1.906052598033553,1.999833902753553,1.9998339027535528,0.6022207708399179
F_gaussian_local_d2_rate0.25,FR--KL,2,0.25,0.125,120,0.1,1.9060663241466915,1.999849001363209,1.9998490013632089,0.6022207708399179
F_gaussian_local_d2_rate0.25,FR--KL,2,0.25,0.125,121,0.1,1.9060788026162974,1.999862727569829,1.9998627275698289,0.6022207708399179
F_gaussian_local_d2_rate0.25,FR--KL,2,0.25,0.125,122,0.1,1.9060901466952966,1.999875206102992,1.999875206102992,0.6022207708399179
F_gaussian_local_d2_rate0.25,FR--KL,2,0.25,0.125,123,0.1,1.906100459949264,1.9998865503591816,1.999886550359182,0.6022207708399179
F_gaussian_local_d2_rate0.25,FR--KL,2,0.25,0.125,124,0.1,1.9061098354448396,1.9998968634310383,1.9998968634310388,0.6022207708399179
F_gaussian_local_d2_rate0.25,FR--KL,2,0.25,0.125,125,0.1,1.9061183588179522,1.9999062390432087,1.9999062390432092,0.6022207708399179
F_gaussian_local_d2_rate0.25,FR--KL,2,0.25,0.125,126,0.1,1.906126107111689,1.9999147624032836,1.9999147624032836,0.6022207708399179
F_gaussian_local_d2_rate0.25,FR--KL,2,0.25,0.125,127,0.1,1.9061331516398983,1.9999225109754857,1.9999225109754857,0.6022207708399179
F_gaussian_local_d2_rate0.25,FR--KL,2,0.25,0.125,128,0.1,1.9061395551992384,1.9999295551841376,1.9999295551841376,0.6022207708399179
F_gaussian_local_d2_rate0.25,FR--KL,2,0.25,0.125,129,0.1,1.9061453769850647,1.9999359590532455,1.9999359590532455,0.6022207708399179
F_gaussian_local_d2_rate0.25,FR--KL,2,0.25,0.125,130,0.1,1.9061506692893404,1.9999417807880229,1.9999417807880224,0.6022207708399179
F_gaussian_local_d2_rate0.25,FR--KL,2,0.25,0.125,131,0.1,1.9061554810297743,1.9999470733035951,1.9999470733035951,0.6022207708399179
F_gaussian_local_d2_rate0.25,FR--KL,2,0.25,0.125,132,0.1,1.9061598546899794,1.999951884705697,1.9999518847056967,0.6022207708399179
F_gaussian_local_d2_rate0.25,FR--KL,2,0.25,0.125,133,0.1,1.9061638311956175,1.999956258727696,1.9999562587276956,0.6022207708399179
F_gaussian_local_d2_rate0.25,FR--KL,2,0.25,0.125,134,0.1,1.9061674463370977,1.9999602351279333,1.9999602351279335,0.6022207708399179
F_gaussian_local_d2_rate0.25,FR--KL,2,0.25,0.125,135,0.1,1.9061707322371804,1.9999638500509629,1.9999638500509629,0.6022207708399179
F_gaussian_local_d2_rate0.25,FR--KL,2,0.25,0.125,136,0.1,1.9061737203944014,1.999967136355965,1.9999671363559648,0.6022207708399179
F_gaussian_local_d2_rate0.25,FR--KL,2,0.25,0.125,137,0.1,1.9061764360449531,1.99997012391534,1.99997012391534,0.6022207708399179
F_gaussian_local_d2_rate0.25,FR--KL,2,0.25,0.125,138,0.1,1.9061789050577274,1.9999728398861525,1.9999728398861527,0.6022207708399179
F_gaussian_local_d2_rate0.25,FR--KL,2,0.25,0.125,139,0.1,1.9061811489224239,1.9999753089569288,1.9999753089569292,0.6022207708399179
F_gaussian_local_d2_rate0.25,FR--KL,2,0.25,0.125,140,0.1,1.9061831903038764,1.9999775535720157,1.9999775535720152,0.6022207708399179
F_gaussian_local_d2_rate0.25,FR--KL,2,0.25,0.125,141,0.1,1.906185044703333,1.9999795941355576,1.9999795941355576,0.6022207708399179
F_gaussian_local_d2_rate0.25,FR--KL,2,0.25,0.125,142,0.1,1.9061867313449494,1.999981449196936,1.9999814491969363,0.6022207708399179
F_gaussian_local_d2_rate0.25,FR--KL,2,0.25,0.125,143,0.1,1.9061882646165906,1.9999831356193585,1.9999831356193576,0.6022207708399179
F_gaussian_local_d2_rate0.25,FR--KL,2,0.25,0.125,144,0.1,1.9061896588384553,1.9999846687331184,1.9999846687331184,0.6022207708399179
F_gaussian_local_d2_rate0.25,FR--KL,2,0.25,0.125,145,0.1,1.9061909244916948,1.99998606247494,1.9999860624749404,0.6022207708399179
F_gaussian_local_d2_rate0.25,FR--KL,2,0.25,0.125,146,0.1,1.906192078286987,1.999987329514645,1.9999873295146455,0.6022207708399179
F_gaussian_local_d2_rate0.25,FR--KL,2,0.25,0.125,147,0.1,1.9061931240526768,1.999988481370317,1.9999884813703168,0.6022207708399179
F_gaussian_local_d2_rate0.25,FR--KL,2,0.25,0.125,148,0.1,1.9061940770502963,1.9999895285129867,1.9999895285129872,0.6022207708399179
F_gaussian_local_d2_rate0.25,FR--KL,2,0.25,0.125,149,0.1,1.906194941480052,1.9999904804618207,1.9999904804618207,0.6022207708399179
F_gaussian_local_d2_rate0.25,FR--KL,2,0.25,0.125,150,0.1,1.9061957299150039,1.9999913458706375,1.9999913458706375,0.6022207708399179
F_gaussian_local_d2_rate0.25,FR--KL,2,0.25,0.125,151,0.1,1.906196445237383,1.999992132606576,1.9999921326065764,0.6022207708399179
F_gaussian_local_d2_rate0.25,FR--KL,2,0.25,0.125,152,0.1,1.906197091820679,1.9999928478216031,1.9999928478216031,0.6022207708399179
F_gaussian_local_d2_rate0.25,FR--KL,2,0.25,0.125,153,0.1,1.906197682554383,1.999993498017525,1.999993498017525,0.6022207708399179
F_gaussian_local_d2_rate0.25,FR--KL,2,0.25,0.125,154,0.1,1.9061982221441014,1.999994089105093,1.999994089105093,0.6022207708399179
F_gaussian_local_d2_rate0.25,FR--KL,2,0.25,0.125,155,0.1,1.9061987102764488,1.9999946264577315,1.9999946264577315,0.6022207708399179
F_gaussian_local_d2_rate0.25,FR--KL,2,0.25,0.125,156,0.1,1.9061991525945758,1.9999951149603807,1.9999951149603807,0.6022207708399179
F_gaussian_local_d2_rate0.25,FR--KL,2,0.25,0.125,157,0.1,1.9061995565360261,1.9999955590539047,1.9999955590539047,0.6022207708399179
F_gaussian_local_d2_rate0.25,FR--KL,2,0.25,0.125,158,0.1,1.9061999270821888,1.999995962775462,1.9999959627754615,0.6022207708399179
F_gaussian_local_d2_rate0.25,FR--KL,2,0.25,0.125,159,0.1,1.9062002574966548,1.999996329795201,1.9999963297952008,0.6022207708399179
F_gaussian_local_d2_rate0.25,FR--KL,2,0.25,0.125,160,0.1,1.9062005614453,1.9999966634496256,1.9999966634496256,0.6022207708399179
F_gaussian_local_d2_rate0.25,FR--KL,2,0.25,0.125,161,0.1,1.9062008389290312,1.9999969667719268,1.9999969667719268,0.6022207708399179
F_gaussian_local_d2_rate0.25,FR--KL,2,0.25,0.125,162,0.1,1.9062010956413367,1.999997242519553,1.9999972425195536,0.6022207708399179
F_gaussian_local_d2_rate0.25,FR--KL,2,0.25,0.125,163,0.1,1.9062013184205462,1.9999974931992808,1.9999974931992808,0.6022207708399179
F_gaussian_local_d2_rate0.25,FR--KL,2,0.25,0.125,164,0.1,1.9062015246277533,1.999997721089996,1.9999977210899955,0.6022207708399179
F_gaussian_local_d2_rate0.25,FR--KL,2,0.25,0.125,165,0.1,1.9062017178991322,1.9999979282634184,1.9999979282634175,0.6022207708399179
F_gaussian_local_d2_rate0.25,FR--KL,2,0.25,0.125,166,0.1,1.9062018889553791,1.99999811660293,1.9999981166029304,0.6022207708399179
F_gaussian_local_d2_rate0.25,FR--KL,2,0.25,0.125,167,0.1,1.9062020377871591,1.9999982878206997,1.9999982878206992,0.6022207708399179
F_gaussian_local_d2_rate0.25,FR--KL,2,0.25,0.125,168,0.1,1.906202178962754,1.9999984434732416,1.9999984434732416,0.6022207708399179
F_gaussian_local_d2_rate0.25,FR--KL,2,0.25,0.125,169,0.1,1.9062023093484952,1.999998584975574,1.9999985849755744,0.6022207708399179
F_gaussian_local_d2_rate0.25,FR--KL,2,0.25,0.125,170,0.1,1.9062024199138838,1.999998713614076,1.9999987136140756,0.6022207708399179
F_gaussian_local_d2_rate0.25,FR--KL,2,0.25,0.125,171,0.1,1.9062025419155288,1.9999988305581813,1.9999988305581815,0.6022207708399179
F_gaussian_local_d2_rate0.25,FR--KL,2,0.25,0.125,172,0.1,1.9062026278138025,1.999998936871018,1.9999989368710185,0.6022207708399179
F_gaussian_local_d2_rate0.25,FR--KL,2,0.25,0.125,173,0.1,1.9062027055931263,1.9999990335190605,1.9999990335190607,0.6022207708399179
F_gaussian_local_d2_rate0.25,FR--KL,2,0.25,0.125,174,0.1,1.906202815687179,1.999999121380925,1.9999991213809252,0.6022207708399179
F_gaussian_local_d2_rate0.25,FR--KL,2,0.25,0.125,175,0.1,1.9062028616317008,1.999999201255356,1.9999992012553551,0.6022207708399179
F_gaussian_local_d2_rate0.25,FR--KL,2,0.25,0.125,176,0.1,1.906202938023915,1.9999992738684775,1.9999992738684784,0.6022207708399179
F_gaussian_local_d2_rate0.25,FR--KL,2,0.25,0.125,177,0.1,1.9062029690923192,1.999999339880413,1.9999993398804128,0.6022207708399179
F_gaussian_local_d2_rate0.25,FR--KL,2,0.25,0.125,178,0.1,1.906203054395841,1.999999399891266,1.9999993998912655,0.6022207708399179
F_gaussian_local_d2_rate0.25,FR--KL,2,0.25,0.125,179,0.1,1.9062030808143644,1.9999994544465904,1.9999994544465904,0.6022207708399179
F_gaussian_local_d2_rate0.25,FR--KL,2,0.25,0.125,180,0.1,1.9062031358418636,1.9999995040423424,1.9999995040423424,0.6022207708399179
F_gaussian_local_d2_rate0.25,FR--KL,2,0.25,0.125,181,0.1,1.9062032119523646,1.999999549129392,1.9999995491293916,0.6022207708399179
F_gaussian_local_d2_rate0.25,FR--KL,2,0.25,0.125,182,0.1,1.9062032439635506,1.9999995901176209,1.9999995901176209,0.6022207708399179
F_gaussian_local_d2_rate0.25,FR--KL,2,0.25,0.125,183,0.1,1.9062032409298764,1.9999996273796483,1.9999996273796488,0.6022207708399179
F_gaussian_local_d2_rate0.25,FR--KL,2,0.25,0.125,184,0.1,1.9062033391342685,1.99999966125422,1.99999966125422,0.6022207708399179
F_gaussian_local_d2_rate0.25,FR--KL,2,0.25,0.125,185,0.1,1.9062033177652782,1.9999996920492875,1.9999996920492873,0.6022207708399179
F_gaussian_local_d2_rate0.25,FR--KL,2,0.25,0.125,186,0.1,1.9062033264177618,1.9999997200448016,1.9999997200448023,0.6022207708399179
F_gaussian_local_d2_rate0.25,FR--KL,2,0.25,0.125,187,0.1,1.9062033744822444,1.999999745495272,1.9999997454952716,0.6022207708399179
F_gaussian_local_d2_rate0.25,FR--KL,2,0.25,0.125,188,0.1,1.906203375354704,1.9999997686320627,1.9999997686320623,0.6022207708399179
F_gaussian_local_d2_rate0.25,FR--KL,2,0.25,0.125,189,0.1,1.9062035095212495,1.9999997896655088,1.9999997896655088,0.6022207708399179
F_gaussian_local_d2_rate0.25,FR--KL,2,0.25,0.125,190,0.1,1.9062033986755036,1.9999998087868252,1.9999998087868256,0.6022207708399179
F_gaussian_local_d2_rate0.25,FR--KL,2,0.25,0.125,191,0.1,1.9062033636060267,1.9999998261698395,1.99999982616984,0.6022207708399179
F_gaussian_local_d2_rate0.25,FR--KL,2,0.25,0.125,192,0.1,1.906203388131434,1.99999984197258,1.99999984197258,0.6022207708399179
F_gaussian_local_d2_rate0.25,FR--KL,2,0.25,0.125,193,0.1,1.9062033797008306,1.999999856338708,1.9999998563387071,0.6022207708399179
F_gaussian_local_d2_rate0.25,FR--KL,2,0.25,0.125,194,0.1,1.9062033784643446,1.999999869398824,1.9999998693988232,0.6022207708399179
F_gaussian_local_d2_rate0.25,FR--KL,2,0.25,0.125,195,0.1,1.9062035325000206,1.9999998812716568,1.9999998812716564,0.6022207708399179
F_gaussian_local_d2_rate0.25,FR--KL,2,0.25,0.125,196,0.1,1.9062035179125418,1.9999998920651412,1.9999998920651416,0.6022207708399179
F_gaussian_local_d2_rate0.25,FR--KL,2,0.25,0.125,197,0.1,1.9062035644054682,1.9999999018774013,1.9999999018774013,0.6022207708399179
F_gaussian_local_d2_rate0.25,FR--KL,2,0.25,0.125,198,0.1,1.9062035363451386,1.999999910797637,1.9999999107976376,0.6022207708399179
F_gaussian_local_d2_rate0.25,FR--KL,2,0.25,0.125,199,0.1,1.9062035796576182,1.9999999189069435,1.9999999189069428,0.6022207708399179
F_gaussian_local_d2_rate0.25,FR--R,2,0.25,0.125,0,0.1,0.2629850879736858,0.25,0.25,0.6022207708399179
F_gaussian_local_d2_rate0.25,FR--R,2,0.25,0.125,1,0.1,0.28703883006880065,0.272860566110738,0.272860566110738,0.6022207708399179
F_gaussian_local_d2_rate0.25,FR--R,2,0.25,0.125,2,0.1,0.31293522033484106,0.2974713415903123,0.2974713415903122,0.6022207708399179
F_gaussian_local_d2_rate0.25,FR--R,2,0.25,0.125,3,0.1,0.34074895131807514,0.3239030758661456,0.3239030758661456,0.6022207708399179
F_gaussian_local_d2_rate0.25,FR--R,2,0.25,0.125,4,0.1,0.37054536366215785,0.3522176007971667,0.3522176007971666,0.6022207708399179
F_gaussian_local_d2_rate0.25,FR--R,2,0.25,0.125,5,0.1,0.4023779271319725,0.3824654370935256,0.3824654370935256,0.6022207708399179
F_gaussian_local_d2_rate0.25,FR--R,2,0.25,0.125,6,0.1,0.43628557962244946,0.4146832670005951,0.4146832670005952,0.6022207708399179
F_gaussian_local_d2_rate0.25,FR--R,2,0.25,0.125,7,0.1,0.47228999386156884,0.4488913397482683,0.4488913397482682,0.6022207708399179
F_gaussian_local_d2_rate0.25,FR--R,2,0.25,0.125,8,0.1,0.5103928616152766,0.4850908953409202,0.4850908953409202,0.6022207708399179
F_gaussian_local_d2_rate0.25,FR--R,2,0.25,0.125,9,0.1,0.5505733046100169,0.5232617106537618,0.5232617106537618,0.6022207708399179
F_gaussian_local_d2_rate0.25,FR--R,2,0.25,0.125,10,0.1,0.5927855382590077,0.5633598877479583,0.5633598877479582,0.6022207708399179
F_gaussian_local_d2_rate0.25,FR--R,2,0.25,0.125,11,0.1,0.6369569264489855,0.6053160157641556,0.6053160157641556,0.6022207708399179
F_gaussian_local_d2_rate0.25,FR--R,2,0.25,0.125,12,0.1,0.6829865708103622,0.6490338425151783,0.6490338425151781,0.6022207708399179
F_gaussian_local_d2_rate0.25,FR--R,2,0.25,0.125,13,0.1,0.7307445738670189,0.6943895879005055,0.6943895879005054,0.6022207708399179
F_gaussian_local_d2_rate0.25,FR--R,2,0.25,0.125,14,0.1,0.7800721004912576,0.7412320168585234,0.7412320168585234,0.6022207708399179
F_gaussian_local_d2_rate0.25,FR--R,2,0.25,0.125,15,0.1,0.8307823352264824,0.7893833638735195,0.7893833638735194,0.6022207708399179
F_gaussian_local_d2_rate0.25,FR--R,2,0.25,0.125,16,0.1,0.882662394472238,0.8386411642636422,0.8386411642636422,0.6022207708399179
F_gaussian_local_d2_rate0.25,FR--R,2,0.25,0.125,17,0.1,0.9354762038234157,0.8887810011081227,0.8887810011081227,0.6022207708399179
F_gaussian_local_d2_rate0.25,FR--R,2,0.25,0.125,18,0.1,0.9889682950468481,0.9395601236263365,0.9395601236263362,0.6022207708399179
F_gaussian_local_d2_rate0.25,FR--R,2,0.25,0.125,19,0.1,1.0428684186100328,0.9907218372404512,0.9907218372404514,0.6022207708399179
F_gaussian_local_d2_rate0.25,FR--R,2,0.25,0.125,20,0.1,1.096896811617723,1.0420005124494154,1.0420005124494154,0.6022207708399179
F_gaussian_local_d2_rate0.25,FR--R,2,0.25,0.125,21,0.1,1.1507699130521325,1.093127014316322,1.0931270143163219,0.6022207708399179
F_gaussian_local_d2_rate0.25,FR--R,2,0.25,0.125,22,0.1,1.2042062835108909,1.143834321706863,1.143834321706863,0.6022207708399179
F_gaussian_local_d2_rate0.25,FR--R,2,0.25,0.125,23,0.1,1.2569324691729167,1.193863089160996,1.193863089160996,0.6022207708399179
F_gaussian_local_d2_rate0.25,FR--R,2,0.25,0.125,24,0.1,1.308688551660675,1.2429669064541256,1.2429669064541253,0.6022207708399179
F_gaussian_local_d2_rate0.25,FR--R,2,0.25,0.125,25,0.1,1.3592331467986432,1.2909170314597684,1.2909170314597684,0.6022207708399179
F_gaussian_local_d2_rate0.25,FR--R,2,0.25,0.125,26,0.1,1.4083476537767738,1.337506408726479,1.337506408726479,0.6022207708399179
F_gaussian_local_d2_rate0.25,FR--R,2,0.25,0.125,27,0.1,1.4558396078220843,1.3825528353167795,1.3825528353167795,0.6022207708399179
F_gaussian_local_d2_rate0.25,FR--R,2,0.25,0.125,28,0.1,1.5015450488000115,1.4259011918242472,1.4259011918242475,0.6022207708399179
F_gaussian_local_d2_rate0.25,FR--R,2,0.25,0.125,29,0.1,1.5453298793608243,1.467424714535476,1.467424714535476,0.6022207708399179
F_gaussian_local_d2_rate0.25,FR--R,2,0.25,0.125,30,0.1,1.5870902437715835,1.5070253391871655,1.5070253391871655,0.6022207708399179
F_gaussian_local_d2_rate0.25,FR--R,2,0.25,0.125,31,0.1,1.6267520078613333,1.54463319337077,1.5446331933707702,0.6022207708399179
F_gaussian_local_d2_rate0.25,FR--R,2,0.25,0.125,32,0.1,1.664269458409278,1.5802053503974958,1.580205350397496,0.6022207708399179
F_gaussian_local_d2_rate0.25,FR--R,2,0.25,0.125,33,0.1,1.6996233652761417,1.6137239809134227,1.613723980913423,0.6022207708399179
F_gaussian_local_d2_rate0.25,FR--R,2,0.25,0.125,34,0.1,1.7328185615940663,1.6451940497501452,1.6451940497501452,0.6022207708399179
F_gaussian_local_d2_rate0.25,FR--R,2,0.25,0.125,35,0.1,1.7638811976236293,1.6746407055971817,1.6746407055971815,0.6022207708399179
F_gaussian_local_d2_rate0.25,FR--R,2,0.25,0.125,36,0.1,1.7928558145593547,1.7021065020939845,1.7021065020939845,0.6022207708399179
F_gaussian_local_d2_rate0.25,FR--R,2,0.25,0.125,37,0.1,1.8198023681753601,1.7276485732930351,1.7276485732930353,0.6022207708399179
F_gaussian_local_d2_rate0.25,FR--R,2,0.25,0.125,38,0.1,1.844793311388787,1.7513358666426786,1.7513358666426786,0.6022207708399179
F_gaussian_local_d2_rate0.25,FR--R,2,0.25,0.125,39,0.1,1.8679108220037766,1.7732465149735646,1.7732465149735646,0.6022207708399179
F_gaussian_local_d2_rate0.25,FR--R,2,0.25,0.125,40,0.1,1.8892442391017295,1.7934654073530003,1.7934654073530005,0.6022207708399179
F_gaussian_local_d2_rate0.25,FR--R,2,0.25,0.125,41,0.1,1.908887750281433,1.812081998530357,1.812081998530357,0.6022207708399179
F_gaussian_local_d2_rate0.25,FR--R,2,0.25,0.125,42,0.1,1.926938353239187,1.8291883789842436,1.8291883789842431,0.6022207708399179
F_gaussian_local_d2_rate0.25,FR--R,2,0.25,0.125,43,0.1,1.943494099558641,1.8448776128124145,1.8448776128124145,0.6022207708399179
F_gaussian_local_d2_rate0.25,FR--R,2,0.25,0.125,44,0.1,1.9586526162271019,1.8592423390344444,1.859242339034444,0.6022207708399179
F_gaussian_local_d2_rate0.25,FR--R,2,0.25,0.125,45,0.1,1.9725098911917889,1.8723736231947736,1.872373623194774,0.6022207708399179
F_gaussian_local_d2_rate0.25,FR--R,2,0.25,0.125,46,0.1,1.9851593029241579,1.8843600401716063,1.8843600401716063,0.6022207708399179
F_gaussian_local_d2_rate0.25,FR--R,2,0.25,0.125,47,0.1,1.9966908700506782,1.895286965426987,1.8952869654269873,0.6022207708399179
F_gaussian_local_d2_rate0.25,FR--R,2,0.25,0.125,48,0.1,2.0071906952010963,1.9052360501480667,1.9052360501480667,0.6022207708399179
F_gaussian_local_d2_rate0.25,FR--R,2,0.25,0.125,49,0.1,2.0167405768601316,1.91428485540769,1.9142848554076903,0.6022207708399179
F_gaussian_local_d2_rate0.25,FR--R,2,0.25,0.125,50,0.1,2.0254177637900326,1.9225066212278656,1.9225066212278656,0.6022207708399179
F_gaussian_local_d2_rate0.25,FR--R,2,0.25,0.125,51,0.1,2.0332948281599927,1.929970147927412,1.929970147927412,0.6022207708399179
F_gaussian_local_d2_rate0.25,FR--R,2,0.25,0.125,52,0.1,2.040439635576108,1.9367397690982864,1.9367397690982864,0.6022207708399179
F_gaussian_local_d2_rate0.25,FR--R,2,0.25,0.125,53,0.1,2.046915392538139,1.942875397764528,1.942875397764528,0.6022207708399179
F_gaussian_local_d2_rate0.25,FR--R,2,0.25,0.125,54,0.1,2.052780754253839,1.9484326295674397,1.9484326295674397,0.6022207708399179
F_gaussian_local_d2_rate0.25,FR--R,2,0.25,0.125,55,0.1,2.0580899781232653,1.953462889070652,1.9534628890706516,0.6022207708399179
F_gaussian_local_d2_rate0.25,FR--R,2,0.25,0.125,56,0.1,2.0628931104390493,1.958013607407776,1.958013607407776,0.6022207708399179
F_gaussian_local_d2_rate0.25,FR--R,2,0.25,0.125,57,0.1,2.0672361959306036,1.9621284214525867,1.9621284214525867,0.6022207708399179
F_gaussian_local_d2_rate0.25,FR--R,2,0.25,0.125,58,0.1,2.071161501618887,1.96584738644988,1.96584738644988,0.6022207708399179
F_gaussian_local_d2_rate0.25,FR--R,2,0.25,0.125,59,0.1,2.074707748101467,1.9692071955944257,1.9692071955944257,0.6022207708399179
F_gaussian_local_d2_rate0.25,FR--R,2,0.25,0.125,60,0.1,2.077910342790254,1.9722414013880836,1.9722414013880831,0.6022207708399179
F_gaussian_local_d2_rate0.25,FR--R,2,0.25,0.125,61,0.1,2.080801610849011,1.9749806347516905,1.97498063475169,0.6022207708399179
F_gaussian_local_d2_rate0.25,FR--R,2,0.25,0.125,62,0.1,2.0834110205954617,1.977452818834165,1.977452818834165,0.6022207708399179
F_gaussian_local_d2_rate0.25,FR--R,2,0.25,0.125,63,0.1,2.0857654009663316,1.9796833752645784,1.9796833752645784,0.6022207708399179
F_gaussian_local_d2_rate0.25,FR--R,2,0.25,0.125,64,0.1,2.087889149371492,1.9816954212526492,1.9816954212526496,0.6022207708399179
F_gaussian_local_d2_rate0.25,FR--R,2,0.25,0.125,65,0.1,2.0898044288023554,1.98350995647814,1.9835099564781404,0.6022207708399179
F_gaussian_local_d2_rate0.25,FR--R,2,0.25,0.125,66,0.1,2.091531353520836,1.9851460391377307,1.9851460391377305,0.6022207708399179
F_gaussian_local_d2_rate0.25,FR--R,2,0.25,0.125,67,0.1,2.0930881630211107,1.9866209508555197,1.9866209508555193,0.6022207708399179
F_gaussian_local_d2_rate0.25,FR--R,2,0.25,0.125,68,0.1,2.0944913842228186,1.987950350425146,1.987950350425146,0.6022207708399179
F_gaussian_local_d2_rate0.25,FR--R,2,0.25,0.125,69,0.1,2.0957559820619034,1.989148416550572,1.989148416550572,0.6022207708399179
F_gaussian_local_d2_rate0.25,FR--R,2,0.25,0.125,70,0.1,2.096895498824516,1.9902279799001568,1.9902279799001568,0.6022207708399179
F_gaussian_local_d2_rate0.25,FR--R,2,0.25,0.125,71,0.1,2.0979221826475927,1.991200644894496,1.9912006448944957,0.6022207708399179
F_gaussian_local_d2_rate0.25,FR--R,2,0.25,0.125,72,0.1,2.0988471057132396,1.992076901720772,1.992076901720772,0.6022207708399179
F_gaussian_local_d2_rate0.25,FR--R,2,0.25,0.125,73,0.1,2.0996802727072024,1.9928662291120176,1.9928662291120176,0.6022207708399179
F_gaussian_local_d2_rate0.25,FR--R,2,0.25,0.125,74,0.1,2.100430720122052,1.9935771884544504,1.9935771884544504,0.6022207708399179
F_gaussian_local_d2_rate0.25,FR--R,2,0.25,0.125,75,0.1,2.1011066070324036,1.994217509794677,1.9942175097946768,0.6022207708399179
F_gaussian_local_d2_rate0.25,FR--R,2,0.25,0.125,76,0.1,2.1017152978939455,1.9947941703148888,1.9947941703148888,0.6022207708399179
F_gaussian_local_d2_rate0.25,FR--R,2,0.25,0.125,77,0.1,2.102263438007747,1.9953134658314329,1.9953134658314329,0.6022207708399179
F_gaussian_local_d2_rate0.25,FR--R,2,0.25,0.125,78,0.1,2.1027570221879643,1.9957810758527827,1.9957810758527823,0.6022207708399179
F_gaussian_local_d2_rate0.25,FR--R,2,0.25,0.125,79,0.1,2.103201457149714,1.9962021227090136,1.9962021227090136,0.6022207708399179
F_gaussian_local_d2_rate0.25,FR--R,2,0.25,0.125,80,0.1,2.1036016181870765,1.9965812252379995,1.9965812252379993,0.6022207708399179
F_gaussian_local_d2_rate0.25,FR--R,2,0.25,0.125,81,0.1,2.1039619005558046,1.996922547484922,1.9969225474849217,0.6022207708399179
F_gaussian_local_d2_rate0.25,FR--R,2,0.25,0.125,82,0.1,2.1042862660777573,1.997229842842296,1.9972298428422957,0.6022207708399179
F_gaussian_local_d2_rate0.25,FR--R,2,0.25,0.125,83,0.1,2.104578285312687,1.9975064940282716,1.9975064940282716,0.6022207708399179
F_gaussian_local_d2_rate0.25,FR--R,2,0.25,0.125,84,0.1,2.104841175773781,1.997755549272039,1.9977555492720391,0.6022207708399179
F_gaussian_local_d2_rate0.25,FR--R,2,0.25,0.125,85,0.1,2.1050778364679665,1.9979797550471168,1.9979797550471168,0.6022207708399179
F_gaussian_local_d2_rate0.25,FR--R,2,0.25,0.125,86,0.1,2.1052908791168217,1.998181585666432,1.998181585666432,0.6022207708399179
F_gaussian_local_d2_rate0.25,FR--R,2,0.25,0.125,87,0.1,2.1054826564277853,1.998363270027565,1.9983632700275649,0.6022207708399179
F_gaussian_local_d2_rate0.25,FR--R,2,0.25,0.125,88,0.1,2.105655287535653,1.998526815772473,1.9985268157724727,0.6022207708399179
F_gaussian_local_d2_rate0.25,FR--R,2,0.25,0.125,89,0.1,2.1058106810832964,1.998674031103453,1.9986740311034528,0.6022207708399179
F_gaussian_local_d2_rate0.25,FR--R,2,0.25,0.125,90,0.1,2.105950555978215,1.9988065444760983,1.9988065444760983,0.6022207708399179
F_gaussian_local_d2_rate0.25,FR--R,2,0.25,0.125,91,0.1,2.10607646014514,1.9989258223704705,1.9989258223704705,0.6022207708399179
F_gaussian_local_d2_rate0.25,FR--R,2,0.25,0.125,92,0.1,2.106189787496707,1.9990331853236905,1.9990331853236905,0.6022207708399179
F_gaussian_local_d2_rate0.25,FR--R,2,0.25,0.125,93,0.1,2.1062917931073812,1.9991298223905256,1.9991298223905256,0.6022207708399179
F_gaussian_local_d2_rate0.25,FR--R,2,0.25,0.125,94,0.1,2.1063836070715904,1.9992168041832457,1.9992168041832457,0.6022207708399179
F_gaussian_local_d2_rate0.25,FR--R,2,0.25,0.125,95,0.1,2.1064662468731132,1.9992950946280457,1.9992950946280452,0.6022207708399179
F_gaussian_local_d2_rate0.25,FR--R,2,0.25,0.125,96,0.1,2.1065406285407002,1.9993655615624677,1.9993655615624673,0.6022207708399179
F_gaussian_local_d2_rate0.25,FR--R,2,0.25,0.125,97,0.1,2.106607576783996,1.9994289862865853,1.9994289862865855,0.6022207708399179
F_gaussian_local_d2_rate0.25,FR--R,2,0.25,0.125,98,0.1,2.1066678340577227,1.9994860721700107,1.9994860721700107,0.6022207708399179
F_gaussian_local_d2_rate0.25,FR--R,2,0.25,0.125,99,0.1,2.106722068702075,1.99953745240706,1.99953745240706,0.6022207708399179
F_gaussian_local_d2_rate0.25,FR--R,2,0.25,0.125,100,0.1,2.1067708823896667,1.9995836970035965,1.999583697003596,0.6022207708399179
F_gaussian_local_d2_rate0.25,FR--R,2,0.25,0.125,101,0.1,2.1068148167653176,1.9996253190710107,1.9996253190710107,0.6022207708399179
F_gaussian_local_d2_rate0.25,FR--R,2,0.25,0.125,102,0.1,2.1068543593387528,1.9996627804955207,1.9996627804955207,0.6022207708399179
F_gaussian_local_d2_rate0.25,FR--R,2,0.25,0.125,103,0.1,2.1068899490161557,1.9996964970443647,1.9996964970443647,0.6022207708399179
F_gaussian_local_d2_rate0.25,FR--R,2,0.25,0.125,104,0.1,2.1069219808029884,1.9997268429644772,1.9997268429644777,0.6022207708399179
F_gaussian_local_d2_rate0.25,FR--R,2,0.25,0.125,105,0.1,2.1069508102772883,1.999754155123804,1.9997541551238036,0.6022207708399179
F_gaussian_local_d2_rate0.25,FR--R,2,0.25,0.125,106,0.1,2.106976757505276,1.9997787367405195,1.999778736740519,0.6022207708399179
F_gaussian_local_d2_rate0.25,FR--R,2,0.25,0.125,107,0.1,2.107000110621172,1.999800860740976,1.999800860740976,0.6022207708399179
F_gaussian_local_d2_rate0.25,FR--R,2,0.25,0.125,108,0.1,2.107021128920162,1.999820772783188,1.9998207727831876,0.6022207708399179
F_gaussian_local_d2_rate0.25,FR--R,2,0.25,0.125,109,0.1,2.1070400457179397,1.999838693979048,1.999838693979048,0.6022207708399179
F_gaussian_local_d2_rate0.25,FR--R,2,0.25,0.125,110,0.1,2.1070570711779073,1.9998548233452056,1.9998548233452056,0.6022207708399179
F_gaussian_local_d2_rate0.25,FR--R,2,0.25,0.125,111,0.1,2.107072394224225,1.9998693400095595,1.9998693400095593,0.6022207708399179
F_gaussian_local_d2_rate0.25,FR--R,2,0.25,0.125,112,0.1,2.1070861853940865,1.9998824051976785,1.9998824051976785,0.6022207708399179
F_gaussian_local_d2_rate0.25,FR--R,2,0.25,0.125,113,0.1,2.10709859742638,1.9998941640210537,1.9998941640210537,0.6022207708399179
F_gaussian_local_d2_rate0.25,FR--R,2,0.25,0.125,114,0.1,2.1071097684189266,1.9999047470868876,1.9999047470868871,0.6022207708399179
F_gaussian_local_d2_rate0.25,FR--R,2,0.25,0.125,115,0.1,2.1071198224528556,1.9999142719472245,1.9999142719472245,0.6022207708399179
F_gaussian_local_d2_rate0.25,FR--R,2,0.25,0.125,116,0.1,2.1071288711266356,1.9999228444034092,1.9999228444034096,0.6022207708399179
F_gaussian_local_d2_rate0.25,FR--R,2,0.25,0.125,117,0.1,2.1071370150329147,1.9999305596803008,1.9999305596803012,0.6022207708399179
F_gaussian_local_d2_rate0.25,FR--R,2,0.25,0.125,118,0.1,2.1071443446328155,1.999937503483228,1.9999375034832276,0.6022207708399179
F_gaussian_local_d2_rate0.25,FR--R,2,0.25,0.125,119,0.1,2.107150941215757,1.9999437529493784,1.9999437529493784,0.6022207708399179
F_gaussian_local_d2_rate0.25,FR--R,2,0.25,0.125,120,0.1,2.107156878472799,1.9999493775041632,1.9999493775041632,0.6022207708399179
F_gaussian_local_d2_rate0.25,FR--R,2,0.25,0.125,121,0.1,2.1071622215919033,1.9999544396320217,1.9999544396320217,0.6022207708399179
F_gaussian_local_d2_rate0.25,FR--R,2,0.25,0.125,122,0.1,2.1071670305909205,1.9999589955702213,1.9999589955702213,0.6022207708399179
F_gaussian_local_d2_rate0.25,FR--R,2,0.25,0.125,123,0.1,2.1071713587219287,1.999963095933334,1.999963095933334,0.6022207708399179
F_gaussian_local_d2_rate0.25,FR--R,2,0.25,0.125,124,0.1,2.1071752541596904,1.9999667862753097,1.9999667862753097,0.6022207708399179
F_gaussian_local_d2_rate0.25,FR--R,2,0.25,0.125,125,0.1,2.1071787600952483,1.9999701075953789,1.9999701075953789,0.6022207708399179
F_gaussian_local_d2_rate0.25,FR--R,2,0.25,0.125,126,0.1,2.1071819153601203,1.999973096793397,1.9999730967933969,0.6022207708399179
F_gaussian_local_d2_rate0.25,FR--R,2,0.25,0.125,127,0.1,2.1071847547629896,1.9999757870796784,1.9999757870796775,0.6022207708399179
F_gaussian_local_d2_rate0.25,FR--R,2,0.25,0.125,128,0.1,2.1071873107980568,1.999978208343862,1.999978208343862,0.6022207708399179
F_gaussian_local_d2_rate0.25,FR--R,2,0.25,0.125,129,0.1,2.107189610956636,1.999980387486919,1.9999803874869193,0.6022207708399179
F_gaussian_local_d2_rate0.25,FR--R,2,0.25,0.125,130,0.1,2.107191680997312,1.999982348719956,1.999982348719956,0.6022207708399179
F_gaussian_local_d2_rate0.25,FR--R,2,0.25,0.125,131,0.1,2.1071935446188164,1.9999841138331609,1.9999841138331609,0.6022207708399179
F_gaussian_local_d2_rate0.25,FR--R,2,0.25,0.125,132,0.1,2.1071952216319714,1.9999857024378571,1.9999857024378576,0.6022207708399179
F_gaussian_local_d2_rate0.25,FR--R,2,0.25,0.125,133,0.1,2.1071967308049,1.999987132184362,1.9999871321843616,0.6022207708399179
F_gaussian_local_d2_rate0.25,FR--R,2,0.25,0.125,134,0.1,2.107198088299346,1.9999884189580608,1.9999884189580608,0.6022207708399179
F_gaussian_local_d2_rate0.25,FR--R,2,0.25,0.125,135,0.1,2.107199310262182,1.999989577055884,1.999989577055884,0.6022207708399179
F_gaussian_local_d2_rate0.25,FR--R,2,0.25,0.125,136,0.1,2.107200410692501,1.999990619345135,1.9999906193451344,0.6022207708399179
F_gaussian_local_d2_rate0.25,FR--R,2,0.25,0.125,137,0.1,2.107201402191494,1.9999915574064409,1.9999915574064409,0.6022207708399179
F_gaussian_local_d2_rate0.25,FR--R,2,0.25,0.125,138,0.1,2.1072022929965657,1.9999924016624115,1.9999924016624115,0.6022207708399179
F_gaussian_local_d2_rate0.25,FR--R,2,0.25,0.125,139,0.1,2.1072030948435843,1.999993161493428,1.999993161493428,0.6022207708399179
F_gaussian_local_d2_rate0.25,FR--R,2,0.25,0.125,140,0.1,2.107203817766648,1.999993845341864,1.999993845341864,0.6022207708399179
F_gaussian_local_d2_rate0.25,FR--R,2,0.25,0.125,141,0.1,2.1072044658447373,1.9999944608058784,1.9999944608058784,0.6022207708399179
F_gaussian_local_d2_rate0.25,FR--R,2,0.25,0.125,142,0.1,2.1072050507961206,1.9999950147238332,1.9999950147238332,0.6022207708399179
F_gaussian_local_d2_rate0.25,FR--R,2,0.25,0.125,143,0.1,2.107205575963282,1.9999955132502691,1.9999955132502696,0.6022207708399179
F_gaussian_local_d2_rate0.25,FR--R,2,0.25,0.125,144,0.1,2.1072060520969216,1.9999959619242855,1.999995961924286,0.6022207708399179
F_gaussian_local_d2_rate0.25,FR--R,2,0.25,0.125,145,0.1,2.1072064748785917,1.999996365731083,1.9999963657310833,0.6022207708399179
F_gaussian_local_d2_rate0.25,FR--R,2,0.25,0.125,146,0.1,2.107206859566912,1.999996729157347,1.9999967291573473,0.6022207708399179
F_gaussian_local_d2_rate0.25,FR--R,2,0.25,0.125,147,0.1,2.1072072043112158,1.999997056241104,1.999997056241104,0.6022207708399179
F_gaussian_local_d2_rate0.25,FR--R,2,0.25,0.125,148,0.1,2.1072075166991513,1.999997350616582,1.9999973506165816,0.6022207708399179
F_gaussian_local_d2_rate0.25,FR--R,2,0.25,0.125,149,0.1,2.1072077969970757,1.9999976155545904,1.9999976155545904,0.6022207708399179
F_gaussian_local_d2_rate0.25,FR--R,2,0.25,0.125,150,0.1,2.107208043966386,1.999997853998861,1.9999978539988612,0.6022207708399179
F_gaussian_local_d2_rate0.25,FR--R,2,0.25,0.125,151,0.1,2.107208276222575,1.9999980685987564,1.999998068598756,0.6022207708399179
F_gaussian_local_d2_rate0.25,FR--R,2,0.25,0.125,152,0.1,2.107208479953051,1.9999982617387035,1.999998261738703,0.6022207708399179
F_gaussian_local_d2_rate0.25,FR--R,2,0.25,0.125,153,0.1,2.1072086632672336,1.9999984355646896,1.9999984355646896,0.6022207708399179
F_gaussian_local_d2_rate0.25,FR--R,2,0.25,0.125,154,0.1,2.1072088286452795,1.9999985920081047,1.9999985920081045,0.6022207708399179
F_gaussian_local_d2_rate0.25,FR--R,2,0.25,0.125,155,0.1,2.107208972875508,1.9999987328072,1.9999987328072,0.6022207708399179
F_gaussian_local_d2_rate0.25,FR--R,2,0.25,0.125,156,0.1,2.107209117296079,1.999998859526403,1.9999988595264035,0.6022207708399179
F_gaussian_local_d2_rate0.25,FR--R,2,0.25,0.125,157,0.1,2.1072092247870513,1.9999989735737016,1.9999989735737016,0.6022207708399179
F_gaussian_local_d2_rate0.25,FR--R,2,0.25,0.125,158,0.1,2.107209329799591,1.9999990762162811,1.9999990762162816,0.6022207708399179
F_gaussian_local_d2_rate0.25,FR--R,2,0.25,0.125,159,0.1,2.1072094324143977,1.9999991685946128,1.9999991685946124,0.6022207708399179
F_gaussian_local_d2_rate0.25,FR--R,2,0.25,0.125,160,0.1,2.1072095198555916,1.9999992517351184,1.9999992517351184,0.6022207708399179
F_gaussian_local_d2_rate0.25,FR--R,2,0.25,0.125,161,0.1,2.1072096104913633,1.99999932656158,1.9999993265615796,0.6022207708399179
F_gaussian_local_d2_rate0.25,FR--R,2,0.25,0.125,162,0.1,2.10720967570223,1.9999993939054,1.9999993939054004,0.6022207708399179
F_gaussian_local_d2_rate0.25,FR--R,2,0.25,0.125,163,0.1,2.107209725182523,1.9999994545148427,1.9999994545148432,0.6022207708399179
F_gaussian_local_d2_rate0.25,FR--R,2,0.25,0.125,164,0.1,2.1072097905129823,1.999999509063344,1.999999509063344,0.6022207708399179
F_gaussian_local_d2_rate0.25,FR--R,2,0.25,0.125,165,0.1,2.1072098463509805,1.9999995581569985,1.9999995581569985,0.6022207708399179
F_gaussian_local_d2_rate0.25,FR--R,2,0.25,0.125,166,0.1,2.107209876379414,1.9999996023412892,1.9999996023412892,0.6022207708399179
F_gaussian_local_d2_rate0.25,FR--R,2,0.25,0.125,167,0.1,2.107209947796891,1.9999996421071524,1.9999996421071524,0.6022207708399179
F_gaussian_local_d2_rate0.25,FR--R,2,0.25,0.125,168,0.1,2.1072099730733553,1.9999996778964315,1.9999996778964313,0.6022207708399179
F_gaussian_local_d2_rate0.25,FR--R,2,0.25,0.125,169,0.1,2.1072100357112977,1.9999997101067837,1.9999997101067832,0.6022207708399179
F_gaussian_local_d2_rate0.25,FR--R,2,0.25,0.125,170,0.1,2.1072100086665384,1.9999997390961013,1.9999997390961013,0.6022207708399179
F_gaussian_local_d2_rate0.25,FR--R,2,0.25,0.125,171,0.1,2.1072100883088507,1.999999765186488,1.9999997651864876,0.6022207708399179
F_gaussian_local_d2_rate0.25,FR--R,2,0.25,0.125,172,0.1,2.107210096013911,1.999999788667837,1.9999997886678365,0.6022207708399179
F_gaussian_local_d2_rate0.25,FR--R,2,0.25,0.125,173,0.1,2.1072100874527373,1.9999998098010507,1.9999998098010507,0.6022207708399179
F_gaussian_local_d2_rate0.25,FR--R,2,0.25,0.125,174,0.1,2.1072101574987463,1.9999998288209435,1.999999828820944,0.6022207708399179
F_gaussian_local_d2_rate0.25,FR--R,2,0.25,0.125,175,0.1,2.10721010176941,1.9999998459388484,1.999999845938848,0.6022207708399179
F_gaussian_local_d2_rate0.25,FR--R,2,0.25,0.125,176,0.1,2.1072102135127704,1.9999998613449617,1.9999998613449617,0.6022207708399179
F_gaussian_local_d2_rate0.25,FR--R,2,0.25,0.125,177,0.1,2.1072101431294863,1.9999998752104649,1.9999998752104649,0.6022207708399179
F_gaussian_local_d2_rate0.25,FR--R,2,0.25,0.125,178,0.1,2.107210238467649,1.9999998876894176,1.9999998876894176,0.6022207708399179
F_gaussian_local_d2_rate0.25,FR--R,2,0.25,0.125,179,0.1,2.107210220405627,1.999999898920476,1.9999998989204752,0.6022207708399179
F_gaussian_local_d2_rate0.25,FR--R,2,0.25,0.125,180,0.1,2.1072102589162314,1.999999909028428,1.9999999090284275,0.6022207708399179
F_gaussian_local_d2_rate0.25,FR--R,2,0.25,0.125,181,0.1,2.1072102107026462,1.9999999181255843,1.9999999181255848,0.6022207708399179
F_gaussian_local_d2_rate0.25,FR--R,2,0.25,0.125,182,0.1,2.10721017922988,1.9999999263130257,1.9999999263130257,0.6022207708399179
F_gaussian_local_d2_rate0.25,FR--R,2,0.25,0.125,183,0.1,2.1072103205968986,1.9999999336817225,1.9999999336817225,0.6022207708399179
F_gaussian_local_d2_rate0.25,FR--R,2,0.25,0.125,184,0.1,2.1072103792931363,1.9999999403135504,1.9999999403135504,0.6022207708399179
F_gaussian_local_d2_rate0.25,FR--R,2,0.25,0.125,185,0.1,2.1072101845575553,1.999999946282196,1.9999999462821956,0.6022207708399179
F_gaussian_local_d2_rate0.25,FR--R,2,0.25,0.125,186,0.1,2.107210343775332,1.999999951653976,1.999999951653976,0.6022207708399179
F_gaussian_local_d2_rate0.25,FR--R,2,0.25,0.125,187,0.1,2.107210279135635,1.9999999564885784,1.9999999564885784,0.6022207708399179
F_gaussian_local_d2_rate0.25,FR--R,2,0.25,0.125,188,0.1,2.1072103005561957,1.9999999608397203,1.9999999608397203,0.6022207708399179
F_gaussian_local_d2_rate0.25,FR--R,2,0.25,0.125,189,0.1,2.107210327156893,1.999999964755748,1.999999964755748,0.6022207708399179
F_gaussian_local_d2_rate0.25,FR--R,2,0.25,0.125,190,0.1,2.107210173152855,1.9999999682801728,1.9999999682801737,0.6022207708399179
F_gaussian_local_d2_rate0.25,FR--R,2,0.25,0.125,191,0.1,2.107210313156528,1.999999971452156,1.999999971452156,0.6022207708399179
F_gaussian_local_d2_rate0.25,FR--R,2,0.25,0.125,192,0.1,2.107210428385883,1.9999999743069403,1.9999999743069403,0.6022207708399179
F_gaussian_local_d2_rate0.25,FR--R,2,0.25,0.125,193,0.1,2.1072101424463674,1.9999999768762464,1.9999999768762464,0.6022207708399179
F_gaussian_local_d2_rate0.25,FR--R,2,0.25,0.125,194,0.1,2.107210407995502,1.9999999791886216,1.9999999791886216,0.6022207708399179
F_gaussian_local_d2_rate0.25,FR--R,2,0.25,0.125,195,0.1,2.1072102077798855,1.9999999812697595,1.9999999812697595,0.6022207708399179
F_gaussian_local_d2_rate0.25,FR--R,2,0.25,0.125,196,0.1,2.10721048878426,1.9999999831427837,1.9999999831427833,0.6022207708399179
F_gaussian_local_d2_rate0.25,FR--R,2,0.25,0.125,197,0.1,2.1072103782038356,1.9999999848285053,1.9999999848285053,0.6022207708399179
F_gaussian_local_d2_rate0.25,FR--R,2,0.25,0.125,198,0.1,2.1072101686069495,1.9999999863456548,1.9999999863456548,0.6022207708399179
F_gaussian_local_d2_rate0.25,FR--R,2,0.25,0.125,199,0.1,2.1072105540724886,1.9999999877110888,1.9999999877110892,0.6022207708399179
F_gaussian_local_d2_rate0.5,FR--KL,2,0.5,0.25,0,0.1,0.4938522518074297,0.5,0.5,0.3181471805599453
F_gaussian_local_d2_rate0.5,FR--KL,2,0.5,0.25,1,0.1,0.5295134796805615,0.5365853658536587,0.5365853658536586,0.3181471805599453
F_gaussian_local_d2_rate0.5,FR--KL,2,0.5,0.25,2,0.1,0.5667162907639883,0.5748218527315918,0.5748218527315916,0.3181471805599453
F_gaussian_local_d2_rate0.5,FR--KL,2,0.5,0.25,3,0.1,0.6053832805860706,0.6146386515816209,0.6146386515816208,0.3181471805599453
F_gaussian_local_d2_rate0.5,FR--KL,2,0.5,0.25,4,0.1,0.6454170739013049,0.6559440872740306,0.6559440872740306,0.3181471805599453
F_gaussian_local_d2_rate0.5,FR--KL,2,0.5,0.25,5,0.1,0.686700501527043,0.6986255316656943,0.6986255316656942,0.3181471805599453
F_gaussian_local_d2_rate0.5,FR--KL,2,0.5,0.25,6,0.1,0.7290973247884632,0.7425498699482203,0.7425498699482203,0.3181471805599453
F_gaussian_local_d2_rate0.5,FR--KL,2,0.5,0.25,7,0.1,0.7724535324011004,0.787564558903559,0.787564558903559,0.3181471805599453
F_gaussian_local_d2_rate0.5,FR--KL,2,0.5,0.25,8,0.1,0.8165992079490139,0.8334992897692381,0.8334992897692381,0.3181471805599453
F_gaussian_local_d2_rate0.5,FR--KL,2,0.5,0.25,9,0.1,0.8613509366979346,0.8801682386562889,0.8801682386562888,0.3181471805599453
F_gaussian_local_d2_rate0.5,FR--KL,2,0.5,0.25,10,0.1,0.9065146904449489,0.9273728558656708,0.927372855865671,0.3181471805599453
F_gaussian_local_d2_rate0.5,FR--KL,2,0.5,0.25,11,0.1,0.9518891008758376,0.9749051144432728,0.9749051144432728,0.3181471805599453
F_gaussian_local_d2_rate0.5,FR--KL,2,0.5,0.25,12,0.1,0.9972690079439933,1.0225511105164913,1.0225511105164915,0.3181471805599453
F_gaussian_local_d2_rate0.5,FR--KL,2,0.5,0.25,13,0.1,1.0424491523129713,1.0700948858727792,1.0700948858727792,0.3181471805599453
F_gaussian_local_d2_rate0.5,FR--KL,2,0.5,0.25,14,0.1,1.0872278715894321,1.1173223289557088,1.1173223289557088,0.3181471805599453
F_gaussian_local_d2_rate0.5,FR--KL,2,0.5,0.25,15,0.1,1.1314106598271125,1.164025005354037,1.164025005354037,0.3181471805599453
F_gaussian_local_d2_rate0.5,FR--KL,2,0.5,0.25,16,0.1,1.174813458628235,1.2100037734462326,1.2100037734462328,0.3181471805599453
F_gaussian_local_d2_rate0.5,FR--KL,2,0.5,0.25,17,0.1,1.2172655652415143,1.2550720546850638,1.2550720546850638,0.3181471805599453
F_gaussian_local_d2_rate0.5,FR--KL,2,0.5,0.25,18,0.1,1.2586120667193137,1.2990586497205137,1.2990586497205137,0.3181471805599453
F_gaussian_local_d2_rate0.5,FR--KL,2,0.5,0.25,19,0.1,1.2987157372594442,1.341810019112104,1.341810019112104,0.3181471805599453
F_gaussian_local_d2_rate0.5,FR--KL,2,0.5,0.25,20,0.1,1.3374583658621353,1.383191978282563,1.3831919782825628,0.3181471805599453
F_gaussian_local_d2_rate0.5,FR--KL,2,0.5,0.25,21,0.1,1.3747415109409167,1.4230907879947134,1.4230907879947137,0.3181471805599453
F_gaussian_local_d2_rate0.5,FR--KL,2,0.5,0.25,22,0.1,1.4104867053912618,1.4614136515459473,1.4614136515459473,0.3181471805599453
F_gaussian_local_d2_rate0.5,FR--KL,2,0.5,0.25,23,0.1,1.4446351581769385,1.4980886560422302,1.4980886560422302,0.3181471805599453
F_gaussian_local_d2_rate0.5,FR--KL,2,0.5,0.25,24,0.1,1.4771470156720918,1.5330642160909478,1.5330642160909476,0.3181471805599453
F_gaussian_local_d2_rate0.5,FR--KL,2,0.5,0.25,25,0.1,1.5080002573453168,1.56630809324376,1.56630809324376,0.3181471805599453
F_gaussian_local_d2_rate0.5,FR--KL,2,0.5,0.25,26,0.1,1.537189305995086,1.5978060733611554,1.5978060733611552,0.3181471805599453
F_gaussian_local_d2_rate0.5,FR--KL,2,0.5,0.25,27,0.1,1.5647234332041773,1.6275603871312534,1.6275603871312536,0.3181471805599453
F_gaussian_local_d2_rate0.5,FR--KL,2,0.5,0.25,28,0.1,1.5906250368434927,1.6555879570306469,1.6555879570306467,0.3181471805599453
F_gaussian_local_d2_rate0.5,FR--KL,2,0.5,0.25,29,0.1,1.6149278603516304,1.681918548087689,1.681918548087689,0.3181471805599453
F_gaussian_local_d2_rate0.5,FR--KL,2,0.5,0.25,30,0.1,1.637675214227462,1.7065928910240598,1.7065928910240598,0.3181471805599453
F_gaussian_local_d2_rate0.5,FR--KL,2,0.5,0.25,31,0.1,1.6589182496901422,1.7296608358124523,1.7296608358124521,0.3181471805599453
F_gaussian_local_d2_rate0.5,FR--KL,2,0.5,0.25,32,0.1,1.6787143236616782,1.7511795823872185,1.7511795823872185,0.3181471805599453
F_gaussian_local_d2_rate0.5,FR--KL,2,0.5,0.25,33,0.1,1.6971254837920442,1.7712120240005178,1.7712120240005178,0.3181471805599453
F_gaussian_local_d2_rate0.5,FR--KL,2,0.5,0.25,34,0.1,1.7142170926781344,1.7898252281524183,1.7898252281524183,0.3181471805599453
F_gaussian_local_d2_rate0.5,FR--KL,2,0.5,0.25,35,0.1,1.7300566020510615,1.807089070566719,1.8070890705667193,0.3181471805599453
F_gaussian_local_d2_rate0.5,FR--KL,2,0.5,0.25,36,0.1,1.7447124806730934,1.82307502958416,1.8230750295841596,0.3181471805599453
F_gaussian_local_d2_rate0.5,FR--KL,2,0.5,0.25,37,0.1,1.7582532940489606,1.837855141701163,1.8378551417011628,0.3181471805599453
F_gaussian_local_d2_rate0.5,FR--KL,2,0.5,0.25,38,0.1,1.7707469297461436,1.851501113779981,1.8515011137799808,0.3181471805599453
F_gaussian_local_d2_rate0.5,FR--KL,2,0.5,0.25,39,0.1,1.7822599590258226,1.8640835835974925,1.864083583597492,0.3181471805599453
F_gaussian_local_d2_rate0.5,FR--KL,2,0.5,0.25,40,0.1,1.7928571234427604,1.8756715177356231,1.8756715177356231,0.3181471805599453
F_gaussian_local_d2_rate0.5,FR--KL,2,0.5,0.25,41,0.1,1.802600933920493,1.8863317341700083,1.8863317341700083,0.3181471805599453
F_gaussian_local_d2_rate0.5,FR--KL,2,0.5,0.25,42,0.1,1.8115513693544685,1.896128536101345,1.8961285361013445,0.3181471805599453
F_gaussian_local_d2_rate0.5,FR--KL,2,0.5,0.25,43,0.1,1.8197656619029692,1.9051234434184128,1.9051234434184128,0.3181471805599453
F_gaussian_local_d2_rate0.5,FR--KL,2,0.5,0.25,44,0.1,1.82729815661761,1.9133750085210377,1.913375008521038,0.3181471805599453
F_gaussian_local_d2_rate0.5,FR--KL,2,0.5,0.25,45,0.1,1.8342002338601422,1.9209387039237191,1.9209387039237191,0.3181471805599453
F_gaussian_local_d2_rate0.5,FR--KL,2,0.5,0.25,46,0.1,1.8405202838874446,1.9278668699875248,1.9278668699875248,0.3181471805599453
F_gaussian_local_d2_rate0.5,FR--KL,2,0.5,0.25,47,0.1,1.8463037240597253,1.934208712192427,1.9342087121924272,0.3181471805599453
F_gaussian_local_d2_rate0.5,FR--KL,2,0.5,0.25,48,0.1,1.8515930501888092,1.9400103384892091,1.9400103384892096,0.3181471805599453
F_gaussian_local_d2_rate0.5,FR--KL,2,0.5,0.25,49,0.1,1.856427914616804,1.9453148284022896,1.9453148284022896,0.3181471805599453
F_gaussian_local_d2_rate0.5,FR--KL,2,0.5,0.25,50,0.1,1.860845224629472,1.9501623266512127,1.9501623266512127,0.3181471805599453
F_gaussian_local_d2_rate0.5,FR--KL,2,0.5,0.25,51,0.1,1.8648792557579552,1.9545901550912217,1.9545901550912217,0.3181471805599453
F_gaussian_local_d2_rate0.5,FR--KL,2,0.5,0.25,52,0.1,1.8685617753817803,1.9586329377246443,1.9586329377246448,0.3181471805599453
F_gaussian_local_d2_rate0.5,FR--KL,2,0.5,0.25,53,0.1,1.871922172825734,1.962322734395466,1.9623227343954663,0.3181471805599453
F_gaussian_local_d2_rate0.5,FR--KL,2,0.5,0.25,54,0.1,1.874987592826885,1.965689179546089,1.9656891795460891,0.3181471805599453
F_gaussian_local_d2_rate0.5,FR--KL,2,0.5,0.25,55,0.1,1.877783069844471,1.968759623089032,1.968759623089032,0.3181471805599453
F_gaussian_local_d2_rate0.5,FR--KL,2,0.5,0.25,56,0.1,1.8803316612211167,1.9715592710312748,1.9715592710312748,0.3181471805599453
F_gaussian_local_d2_rate0.5,FR--KL,2,0.5,0.25,57,0.1,1.8826545776109098,1.9741113239912624,1.9741113239912624,0.3181471805599453
F_gaussian_local_d2_rate0.5,FR--KL,2,0.5,0.25,58,0.1,1.8847713095018948,1.976437112175296,1.976437112175296,0.3181471805599453
F_gaussian_local_d2_rate0.5,FR--KL,2,0.5,0.25,59,0.1,1.8866997489381634,1.978556225739022,1.978556225739022,0.3181471805599453
F_gaussian_local_d2_rate0.5,FR--KL,2,0.5,0.25,60,0.1,1.8884563058560422,1.9804866397585608,1.9804866397585608,0.3181471805599453
F_gaussian_local_d2_rate0.5,FR--KL,2,0.5,0.25,61,0.1,1.8900560185819766,1.982244833282132,1.982244833282132,0.3181471805599453
F_gaussian_local_d2_rate0.5,FR--KL,2,0.5,0.25,62,0.1,1.8915126583018045,1.9838459021337207,1.9838459021337207,0.3181471805599453
F_gaussian_local_d2_rate0.5,FR--KL,2,0.5,0.25,63,0.1,1.892838827384449,1.9853036653020653,1.9853036653020657,0.3181471805599453
F_gaussian_local_d2_rate0.5,FR--KL,2,0.5,0.25,64,0.1,1.8940460515762894,1.986630764876695,1.9866307648766952,0.3181471805599453
F_gaussian_local_d2_rate0.5,FR--KL,2,0.5,0.25,65,0.1,1.895144866165073,1.9878387595932507,1.9878387595932507,0.3181471805599453
F_gaussian_local_d2_rate0.5,FR--KL,2,0.5,0.25,66,0.1,1.8961448962819216,1.9889382121274255,1.9889382121274255,0.3181471805599453
F_gaussian_local_d2_rate0.5,FR--KL,2,0.5,0.25,67,0.1,1.8970549315310075,1.989938770334556,1.9899387703345557,0.3181471805599453
F_gaussian_local_d2_rate0.5,FR--KL,2,0.5,0.25,68,0.1,1.897882995219855,1.9908492426736384,1.9908492426736384,0.3181471805599453
F_gaussian_local_d2_rate0.5,FR--KL,2,0.5,0.25,69,0.1,1.8986364084226264,1.9916776680833184,1.9916776680833184,0.3181471805599453
F_gaussian_local_d2_rate0.5,FR--KL,2,0.5,0.25,70,0.1,1.899321849163878,1.992431380595616,1.992431380595616,0.3181471805599453
F_gaussian_local_d2_rate0.5,FR--KL,2,0.5,0.25,71,0.1,1.8999454070509336,1.9931170689830475,1.9931170689830475,0.3181471805599453
F_gaussian_local_d2_rate0.5,FR--KL,2,0.5,0.25,72,0.1,1.9005126335195233,1.993740831738072,1.993740831738072,0.3181471805599453
F_gaussian_local_d2_rate0.5,FR--KL,2,0.5,0.25,73,0.1,1.901028588154571,1.9943082276818536,1.9943082276818536,0.3181471805599453
F_gaussian_local_d2_rate0.5,FR--KL,2,0.5,0.25,74,0.1,1.901497881168509,1.994824322493596,1.994824322493596,0.3181471805599453
F_gaussian_local_d2_rate0.5,FR--KL,2,0.5,0.25,75,0.1,1.9019247124390752,1.995293731442892,1.995293731442892,0.3181471805599453
F_gaussian_local_d2_rate0.5,FR--KL,2,0.5,0.25,76,0.1,1.902312907305988,1.995720658596725,1.9957206585967249,0.3181471805599453
F_gaussian_local_d2_rate0.5,FR--KL,2,0.5,0.25,77,0.1,1.9026659493779599,1.996108932760425,1.9961089327604251,0.3181471805599453
F_gaussian_local_d2_rate0.5,FR--KL,2,0.5,0.25,78,0.1,1.9029870105303777,1.9964620403986275,1.9964620403986275,0.3181471805599453
F_gaussian_local_d2_rate0.5,FR--KL,2,0.5,0.25,79,0.1,1.9032789784154718,1.996783155768528,1.996783155768528,0.3181471805599453
F_gaussian_local_d2_rate0.5,FR--KL,2,0.5,0.25,80,0.1,1.9035444815791103,1.9970751684837804,1.9970751684837804,0.3181471805599453
F_gaussian_local_d2_rate0.5,FR--KL,2,0.5,0.25,81,0.1,1.903785912429395,1.997340708713484,1.997340708713484,0.3181471805599453
F_gaussian_local_d2_rate0.5,FR--KL,2,0.5,0.25,82,0.1,1.9040054482154323,1.9975821702070893,1.9975821702070895,0.3181471805599453
F_gaussian_local_d2_rate0.5,FR--KL,2,0.5,0.25,83,0.1,1.9042050701695463,1.997801731322832,1.997801731322832,0.3181471805599453
F_gaussian_local_d2_rate0.5,FR--KL,2,0.5,0.25,84,0.1,1.9043865810229126,1.9980013742245548,1.9980013742245548,0.3181471805599453
F_gaussian_local_d2_rate0.5,FR--KL,2,0.5,0.25,85,0.1,1.9045516209490139,1.998182902399681,1.9981829023996815,0.3181471805599453
F_gaussian_local_d2_rate0.5,FR--KL,2,0.5,0.25,86,0.1,1.9047016820874503,1.998347956639527,1.9983479566395268,0.3181471805599453
F_gaussian_local_d2_rate0.5,FR--KL,2,0.5,0.25,87,0.1,1.9048381218423696,1.998498029612288,1.9984980296122872,0.3181471805599453
F_gaussian_local_d2_rate0.5,FR--KL,2,0.5,0.25,88,0.1,1.904962174964857,1.9986344791488115,1.9986344791488115,0.3181471805599453
F_gaussian_local_d2_rate0.5,FR--KL,2,0.5,0.25,89,0.1,1.9050749645658518,1.9987585403516908,1.9987585403516903,0.3181471805599453
F_gaussian_local_d2_rate0.5,FR--KL,2,0.5,0.25,90,0.1,1.9051775121509884,1.9988713366292628,1.9988713366292632,0.3181471805599453
F_gaussian_local_d2_rate0.5,FR--KL,2,0.5,0.25,91,0.1,1.9052707468356496,1.9989738897478275,1.9989738897478273,0.3181471805599453
F_gaussian_local_d2_rate0.5,FR--KL,2,0.5,0.25,92,0.1,1.905355513550721,1.9990671289876376,1.999067128987638,0.3181471805599453
F_gaussian_local_d2_rate0.5,FR--KL,2,0.5,0.25,93,0.1,1.9054325807689387,1.999151899481108,1.999151899481108,0.3181471805599453
F_gaussian_local_d2_rate0.5,FR--KL,2,0.5,0.25,94,0.1,1.9055026472620724,1.9992289698050485,1.999228969805048,0.3181471805599453
F_gaussian_local_d2_rate0.5,FR--KL,2,0.5,0.25,95,0.1,1.9055663485778687,1.9992990388926724,1.999299038892672,0.3181471805599453
F_gaussian_local_d2_rate0.5,FR--KL,2,0.5,0.25,96,0.1,1.9056242625376303,1.9993627423254825,1.999362742325482,0.3181471805599453
F_gaussian_local_d2_rate0.5,FR--KL,2,0.5,0.25,97,0.1,1.9056769146846422,1.9994206580599792,1.9994206580599792,0.3181471805599453
F_gaussian_local_d2_rate0.5,FR--KL,2,0.5,0.25,98,0.1,1.905724782796319,1.9994733116394063,1.9994733116394063,0.3181471805599453
F_gaussian_local_d2_rate0.5,FR--KL,2,0.5,0.25,99,0.1,1.9057683013039324,1.9995211809363511,1.9995211809363511,0.3181471805599453
F_gaussian_local_d2_rate0.5,FR--KL,2,0.5,0.25,100,0.1,1.9058078653532413,1.99956470046806,1.9995647004680597,0.3181471805599453
F_gaussian_local_d2_rate0.5,FR--KL,2,0.5,0.25,101,0.1,1.9058438340791433,1.99960426532264,1.99960426532264,0.3181471805599453
F_gaussian_local_d2_rate0.5,FR--KL,2,0.5,0.25,102,0.1,1.905876534104633,1.9996402347309647,1.9996402347309647,0.3181471805599453
F_gaussian_local_d2_rate0.5,FR--KL,2,0.5,0.25,103,0.1,1.905906262348275,1.999672935316036,1.999672935316036,0.3181471805599453
F_gaussian_local_d2_rate0.5,FR--KL,2,0.5,0.25,104,0.1,1.90593328887429,1.999702664048756,1.999702664048756,0.3181471805599453
F_gaussian_local_d2_rate0.5,FR--KL,2,0.5,0.25,105,0.1,1.9059578590614183,1.9997296909364783,1.9997296909364783,0.3181471805599453
F_gaussian_local_d2_rate0.5,FR--KL,2,0.5,0.25,106,0.1,1.9059801962222978,1.9997542614683732,1.9997542614683732,0.3181471805599453
F_gaussian_local_d2_rate0.5,FR--KL,2,0.5,0.25,107,0.1,1.906000503071515,1.999776598839509,1.9997765988395095,0.3181471805599453
F_gaussian_local_d2_rate0.5,FR--KL,2,0.5,0.25,108,0.1,1.906018964191611,1.9997969059735792,1.9997969059735792,0.3181471805599453
F_gaussian_local_d2_rate0.5,FR--KL,2,0.5,0.25,109,0.1,1.9060357474998126,1.999815367362444,1.9998153673624444,0.3181471805599453
F_gaussian_local_d2_rate0.5,FR--KL,2,0.5,0.25,110,0.1,1.9060510053568043,1.9998321507390195,1.9998321507390195,0.3181471805599453
F_gaussian_local_d2_rate0.5,FR--KL,2,0.5,0.25,111,0.1,1.906064876072069,1.999847408598548,1.999847408598548,0.3181471805599453
F_gaussian_local_d2_rate0.5,FR--KL,2,0.5,0.25,112,0.1,1.906077486291409,1.999861279581973,1.9998612795819728,0.3181471805599453
F_gaussian_local_d2_rate0.5,FR--KL,2,0.5,0.25,113,0.1,1.9060889500182439,1.9998738897338812,1.9998738897338817,0.3181471805599453
F_gaussian_local_d2_rate0.5,FR--KL,2,0.5,0.25,114,0.1,1.90609937180149,1.999885353646343,1.9998853536463432,0.3181471805599453
F_gaussian_local_d2_rate0.5,FR--KL,2,0.5,0.25,115,0.1,1.9061088464066207,1.999895775498995,1.9998957754989952,0.3181471805599453
F_gaussian_local_d2_rate0.5,FR--KL,2,0.5,0.25,116,0.1,1.9061174595762098,1.9999052500047567,1.9999052500047565,0.3181471805599453
F_gaussian_local_d2_rate0.5,FR--KL,2,0.5,0.25,117,0.1,1.906125289802029,1.9999138632697129,1.9999138632697129,0.3181471805599453
F_gaussian_local_d2_rate0.5,FR--KL,2,0.5,0.25,118,0.1,1.9061324084402516,1.9999216935749635,1.9999216935749633,0.3181471805599453
F_gaussian_local_d2_rate0.5,FR--KL,2,0.5,0.25,119,0.1,1.9061388798347763,1.9999288120874912,1.9999288120874912,0.3181471805599453
F_gaussian_local_d2_rate0.5,FR--KL,2,0.5,0.25,120,0.1,1.9061447629398502,1.9999352835064912,1.9999352835064912,0.3181471805599453
F_gaussian_local_d2_rate0.5,FR--KL,2,0.5,0.25,121,0.1,1.9061501113107562,1.9999411666510156,1.9999411666510152,0.3181471805599453
F_gaussian_local_d2_rate0.5,FR--KL,2,0.5,0.25,122,0.1,1.906154973418152,1.9999465149942557,1.9999465149942552,0.3181471805599453
F_gaussian_local_d2_rate0.5,FR--KL,2,0.5,0.25,123,0.1,1.906159393582902,1.9999513771492965,1.999951377149296,0.3181471805599453
F_gaussian_local_d2_rate0.5,FR--KL,2,0.5,0.25,124,0.1,1.906163411572769,1.9999557973107576,1.9999557973107576,0.3181471805599453
F_gaussian_local_d2_rate0.5,FR--KL,2,0.5,0.25,125,0.1,1.9061670647680278,1.999959815656313,1.9999598156563132,0.3181471805599453
F_gaussian_local_d2_rate0.5,FR--KL,2,0.5,0.25,126,0.1,1.9061703855029473,1.99996346871174,1.99996346871174,0.3181471805599453
F_gaussian_local_d2_rate0.5,FR--KL,2,0.5,0.25,127,0.1,1.906173405097693,1.9999667896827984,1.9999667896827984,0.3181471805599453
F_gaussian_local_d2_rate0.5,FR--KL,2,0.5,0.25,128,0.1,1.9061761496243979,1.9999698087569688,1.9999698087569688,0.3181471805599453
F_gaussian_local_d2_rate0.5,FR--KL,2,0.5,0.25,129,0.1,1.9061786443102176,1.9999725533777608,1.9999725533777608,0.3181471805599453
F_gaussian_local_d2_rate0.5,FR--KL,2,0.5,0.25,130,0.1,1.9061809128042246,1.999975048494108,1.999975048494108,0.3181471805599453
F_gaussian_local_d2_rate0.5,FR--KL,2,0.5,0.25,131,0.1,1.9061829754018336,1.999977316787099,1.999977316787099,0.3181471805599453
F_gaussian_local_d2_rate0.5,FR--KL,2,0.5,0.25,132,0.1,1.906184848928413,1.9999793788761016,1.9999793788761016,0.3181471805599453
F_gaussian_local_d2_rate0.5,FR--KL,2,0.5,0.25,133,0.1,1.906186554139564,1.9999812535061563,1.9999812535061567,0.3181471805599453
F_gaussian_local_d2_rate0.5,FR--KL,2,0.5,0.25,134,0.1,1.906188103336725,1.999982957718348,1.999982957718348,0.3181471805599453
F_gaussian_local_d2_rate0.5,FR--KL,2,0.5,0.25,135,0.1,1.9061895113248164,1.9999845070046784,1.9999845070046784,0.3181471805599453
F_gaussian_local_d2_rate0.5,FR--KL,2,0.5,0.25,136,0.1,1.9061907916305403,1.9999859154488795,1.99998591544888,0.3181471805599453
F_gaussian_local_d2_rate0.5,FR--KL,2,0.5,0.25,137,0.1,1.9061919563610177,1.99998719585442,1.9999871958544204,0.3181471805599453
F_gaussian_local_d2_rate0.5,FR--KL,2,0.5,0.25,138,0.1,1.9061930145694772,1.9999883598608803,1.9999883598608807,0.3181471805599453
F_gaussian_local_d2_rate0.5,FR--KL,2,0.5,0.25,139,0.1,1.9061939774540397,1.9999894180497475,1.9999894180497473,0.3181471805599453
F_gaussian_local_d2_rate0.5,FR--KL,2,0.5,0.25,140,0.1,1.9061948515564255,1.9999903800405985,1.9999903800405985,0.3181471805599453
F_gaussian_local_d2_rate0.5,FR--KL,2,0.5,0.25,141,0.1,1.9061956454208546,1.999991254578538,1.9999912545785383,0.3181471805599453
F_gaussian_local_d2_rate0.5,FR--KL,2,0.5,0.25,142,0.1,1.906196366387474,1.9999920496136925,1.9999920496136925,0.3181471805599453
F_gaussian_local_d2_rate0.5,FR--KL,2,0.5,0.25,143,0.1,1.9061970249726397,1.999992772373472,1.9999927723734712,0.3181471805599453
F_gaussian_local_d2_rate0.5,FR--KL,2,0.5,0.25,144,0.1,1.9061976233031053,1.9999934294282695,1.9999934294282695,0.3181471805599453
F_gaussian_local_d2_rate0.5,FR--KL,2,0.5,0.25,145,0.1,1.9061981694732522,1.9999940267511884,1.9999940267511889,0.3181471805599453
F_gaussian_local_d2_rate0.5,FR--KL,2,0.5,0.25,146,0.1,1.9061986602792858,1.9999945697723345,1.9999945697723345,0.3181471805599453
F_gaussian_local_d2_rate0.5,FR--KL,2,0.5,0.25,147,0.1,1.9061991103699585,1.999995063428177,1.999995063428177,0.3181471805599453
F_gaussian_local_d2_rate0.5,FR--KL,2,0.5,0.25,148,0.1,1.9061995151864188,1.9999955122064264,1.9999955122064268,0.3181471805599453
F_gaussian_local_d2_rate0.5,FR--KL,2,0.5,0.25,149,0.1,1.9061998858128262,1.9999959201868285,1.999995920186828,0.3181471805599453
F_gaussian_local_d2_rate0.5,FR--KL,2,0.5,0.25,150,0.1,1.9062002229012411,1.9999962910782467,1.9999962910782467,0.3181471805599453
F_gaussian_local_d2_rate0.5,FR--KL,2,0.5,0.25,151,0.1,1.9062005322740243,1.999996628252383,1.999996628252383,0.3181471805599453
F_gaussian_local_d2_rate0.5,FR--KL,2,0.5,0.25,152,0.1,1.9062008049777157,1.999996934774424,1.999996934774424,0.3181471805599453
F_gaussian_local_d2_rate0.5,FR--KL,2,0.5,0.25,153,0.1,1.9062010634145816,1.9999972134309056,1.9999972134309056,0.3181471805599453
F_gaussian_local_d2_rate0.5,FR--KL,2,0.5,0.25,154,0.1,1.9062012925856555,1.999997466755048,1.999997466755048,0.3181471805599453
F_gaussian_local_d2_rate0.5,FR--KL,2,0.5,0.25,155,0.1,1.9062015055632944,1.9999976970497784,1.9999976970497784,0.3181471805599453
F_gaussian_local_d2_rate0.5,FR--KL,2,0.5,0.25,156,0.1,1.9062017022936535,1.9999979064086708,1.9999979064086704,0.3181471805599453
F_gaussian_local_d2_rate0.5,FR--KL,2,0.5,0.25,157,0.1,1.9062018645431529,1.9999980967349749,1.9999980967349749,0.3181471805599453
F_gaussian_local_d2_rate0.5,FR--KL,2,0.5,0.25,158,0.1,1.906202014527932,1.9999982697589185,1.9999982697589185,0.3181471805599453
F_gaussian_local_d2_rate0.5,FR--KL,2,0.5,0.25,159,0.1,1.9062021818981039,1.9999984270534372,1.9999984270534377,0.3181471805599453
F_gaussian_local_d2_rate0.5,FR--KL,2,0.5,0.25,160,0.1,1.9062022960722347,1.9999985700484788,1.9999985700484784,0.3181471805599453
F_gaussian_local_d2_rate0.5,FR--KL,2,0.5,0.25,161,0.1,1.906202403837467,1.9999987000439872,1.9999987000439872,0.3181471805599453
F_gaussian_local_d2_rate0.5,FR--KL,2,0.5,0.25,162,0.1,1.9062025288699462,1.999998818221736,1.999998818221736,0.3181471805599453
F_gaussian_local_d2_rate0.5,FR--KL,2,0.5,0.25,163,0.1,1.9062026292409608,1.9999989256560664,1.9999989256560664,0.3181471805599453
F_gaussian_local_d2_rate0.5,FR--KL,2,0.5,0.25,164,0.1,1.9062027126154115,1.999999023323649,1.9999990233236495,0.3181471805599453
F_gaussian_local_d2_rate0.5,FR--KL,2,0.5,0.25,165,0.1,1.9062027963246722,1.9999991121123692,1.9999991121123692,0.3181471805599453
F_gaussian_local_d2_rate0.5,FR--KL,2,0.5,0.25,166,0.1,1.9062028610458883,1.9999991928293943,1.9999991928293943,0.3181471805599453
F_gaussian_local_d2_rate0.5,FR--KL,2,0.5,0.25,167,0.1,1.9062029206854352,1.999999266208513,1.9999992662085135,0.3181471805599453
F_gaussian_local_d2_rate0.5,FR--KL,2,0.5,0.25,168,0.1,1.9062029949432582,1.999999332916808,1.999999332916808,0.3181471805599453
F_gaussian_local_d2_rate0.5,FR--KL,2,0.5,0.25,169,0.1,1.9062030043964653,1.999999393560716,1.999999393560716,0.3181471805599453
F_gaussian_local_d2_rate0.5,FR--KL,2,0.5,0.25,170,0.1,1.9062030813601287,1.999999448691544,1.999999448691544,0.3181471805599453
F_gaussian_local_d2_rate0.5,FR--KL,2,0.5,0.25,171,0.1,1.9062031530512893,1.9999994988104808,1.9999994988104817,0.3181471805599453
F_gaussian_local_d2_rate0.5,FR--KL,2,0.5,0.25,172,0.1,1.9062032198610097,1.9999995443731549,1.9999995443731549,0.3181471805599453
F_gaussian_local_d2_rate0.5,FR--KL,2,0.5,0.25,173,0.1,1.9062031972484956,1.9999995857937691,1.9999995857937696,0.3181471805599453
F_gaussian_local_d2_rate0.5,FR--KL,2,0.5,0.25,174,0.1,1.9062032753006688,1.999999623448874,1.9999996234488735,0.3181471805599453
F_gaussian_local_d2_rate0.5,FR--KL,2,0.5,0.25,175,0.1,1.9062033184652367,1.9999996576807888,1.9999996576807888,0.3181471805599453
F_gaussian_local_d2_rate0.5,FR--KL,2,0.5,0.25,176,0.1,1.9062033163895733,1.9999996888007128,1.9999996888007128,0.3181471805599453
F_gaussian_local_d2_rate0.5,FR--KL,2,0.5,0.25,177,0.1,1.9062033135355183,1.9999997170915536,1.999999717091553,0.3181471805599453
F_gaussian_local_d2_rate0.5,FR--KL,2,0.5,0.25,178,0.1,1.906203385429051,1.9999997428104983,1.9999997428104992,0.3181471805599453
F_gaussian_local_d2_rate0.5,FR--KL,2,0.5,0.25,179,0.1,1.9062034251431605,1.99999976619136,1.9999997661913604,0.3181471805599453
F_gaussian_local_d2_rate0.5,FR--KL,2,0.5,0.25,180,0.1,1.9062033725306038,1.999999787446689,1.9999997874466895,0.3181471805599453
F_gaussian_local_d2_rate0.5,FR--KL,2,0.5,0.25,181,0.1,1.9062033892450676,1.9999998067697156,1.9999998067697156,0.3181471805599453
F_gaussian_local_d2_rate0.5,FR--KL,2,0.5,0.25,182,0.1,1.9062034772675842,1.999999824336103,1.9999998243361032,0.3181471805599453
F_gaussian_local_d2_rate0.5,FR--KL,2,0.5,0.25,183,0.1,1.9062034431387522,1.9999998403055472,1.9999998403055472,0.3181471805599453
F_gaussian_local_d2_rate0.5,FR--KL,2,0.5,0.25,184,0.1,1.9062035349074025,1.9999998548232236,1.999999854823224,0.3181471805599453
F_gaussian_local_d2_rate0.5,FR--KL,2,0.5,0.25,185,0.1,1.9062034917761301,1.999999868021112,1.999999868021112,0.3181471805599453
F_gaussian_local_d2_rate0.5,FR--KL,2,0.5,0.25,186,0.1,1.9062034295264085,1.999999880019192,1.999999880019192,0.3181471805599453
F_gaussian_local_d2_rate0.5,FR--KL,2,0.5,0.25,187,0.1,1.9062034617280206,1.9999998909265373,1.9999998909265375,0.3181471805599453
F_gaussian_local_d2_rate0.5,FR--KL,2,0.5,0.25,188,0.1,1.906203578172035,1.9999999008423053,1.9999999008423064,0.3181471805599453
F_gaussian_local_d2_rate0.5,FR--KL,2,0.5,0.25,189,0.1,1.9062035566746784,1.9999999098566417,1.9999999098566417,0.3181471805599453
F_gaussian_local_d2_rate0.5,FR--KL,2,0.5,0.25,190,0.1,1.9062034660274918,1.999999918051493,1.9999999180514925,0.3181471805599453
F_gaussian_local_d2_rate0.5,FR--KL,2,0.5,0.25,191,0.1,1.9062033516839554,1.999999925501356,1.9999999255013563,0.3181471805599453
F_gaussian_local_d2_rate0.5,FR--KL,2,0.5,0.25,192,0.1,1.906203517400804,1.9999999322739592,1.9999999322739592,0.3181471805599453
F_gaussian_local_d2_rate0.5,FR--KL,2,0.5,0.25,193,0.1,1.9062036465764782,1.9999999384308724,1.999999938430872,0.3181471805599453
F_gaussian_local_d2_rate0.5,FR--KL,2,0.5,0.25,194,0.1,1.9062036198889178,1.9999999440280651,1.9999999440280656,0.3181471805599453
F_gaussian_local_d2_rate0.5,FR--KL,2,0.5,0.25,195,0.1,1.906203718272257,1.9999999491164235,1.999999949116423,0.3181471805599453
F_gaussian_local_d2_rate0.5,FR--KL,2,0.5,0.25,196,0.1,1.9062034424815246,1.999999953742203,1.9999999537422033,0.3181471805599453
F_gaussian_local_d2_rate0.5,FR--KL,2,0.5,0.25,197,0.1,1.9062040396208342,1.999999957947457,1.9999999579474572,0.3181471805599453
F_gaussian_local_d2_rate0.5,FR--KL,2,0.5,0.25,198,0.1,1.906203433457228,1.9999999617704165,1.9999999617704167,0.3181471805599453
F_gaussian_local_d2_rate0.5,FR--KL,2,0.5,0.25,199,0.1,1.9062037749786658,1.9999999652458331,1.999999965245833,0.3181471805599453
F_gaussian_local_d2_rate0.5,FR--R,2,0.5,0.25,0,0.1,0.5260865785313773,0.5,0.5,0.3181471805599453
F_gaussian_local_d2_rate0.5,FR--R,2,0.5,0.25,1,0.1,0.5670800088024092,0.5389420754423158,0.5389420754423158,0.3181471805599453
F_gaussian_local_d2_rate0.5,FR--R,2,0.5,0.25,2,0.1,0.6100797188680909,0.579787115921784,0.579787115921784,0.3181471805599453
F_gaussian_local_d2_rate0.5,FR--R,2,0.5,0.25,3,0.1,0.655001994709129,0.6224551881586748,0.622455188158675,0.3181471805599453
F_gaussian_local_d2_rate0.5,FR--R,2,0.5,0.25,4,0.1,0.7017344796946418,0.6668391613600195,0.6668391613600194,0.3181471805599453
F_gaussian_local_d2_rate0.5,FR--R,2,0.5,0.25,5,0.1,0.7501357407726351,0.712804309046876,0.712804309046876,0.3181471805599453
F_gaussian_local_d2_rate0.5,FR--R,2,0.5,0.25,6,0.1,0.8000356755554237,0.7601887106353271,0.760188710635327,0.3181471805599453
F_gaussian_local_d2_rate0.5,FR--R,2,0.5,0.25,7,0.1,0.851236843907926,0.8088045314664901,0.80880453146649,0.3181471805599453
F_gaussian_local_d2_rate0.5,FR--R,2,0.5,0.25,8,0.1,0.9035167647881474,0.8584402191317203,0.8584402191317204,0.3181471805599453
F_gaussian_local_d2_rate0.5,FR--R,2,0.5,0.25,9,0.1,0.9566311671258918,0.9088636045001764,0.9088636045001762,0.3181471805599453
F_gaussian_local_d2_rate0.5,FR--R,2,0.5,0.25,10,0.1,1.0103181260395029,0.9598258412495028,0.9598258412495028,0.3181471805599453
F_gaussian_local_d2_rate0.5,FR--R,2,0.5,0.25,11,0.1,1.0643029574533818,1.011066062471482,1.011066062471482,0.3181471805599453
F_gaussian_local_d2_rate0.5,FR--R,2,0.5,0.25,12,0.1,1.1183036906708632,1.0623165822786818,1.0623165822786818,0.3181471805599453
F_gaussian_local_d2_rate0.5,FR--R,2,0.5,0.25,13,0.1,1.1720368951889866,1.113308429499066,1.113308429499066,0.3181471805599453
F_gaussian_local_d2_rate0.5,FR--R,2,0.5,0.25,14,0.1,1.2252236097918983,1.1637769740275865,1.1637769740275865,0.3181471805599453
F_gaussian_local_d2_rate0.5,FR--R,2,0.5,0.25,15,0.1,1.2775951120502422,1.2134673973286778,1.2134673973286778,0.3181471805599453
F_gaussian_local_d2_rate0.5,FR--R,2,0.5,0.25,16,0.1,1.328898276112616,1.2621397681754185,1.2621397681754185,0.3181471805599453
F_gaussian_local_d2_rate0.5,FR--R,2,0.5,0.25,17,0.1,1.37890029520247,1.309573512076399,1.309573512076399,0.3181471805599453
F_gaussian_local_d2_rate0.5,FR--R,2,0.5,0.25,18,0.1,1.4273925895100394,1.355571105085,1.3555711050850001,0.3181471805599453
F_gaussian_local_d2_rate0.5,FR--R,2,0.5,0.25,19,0.1,1.4741937755144356,1.399960875343217,1.399960875343217,0.3181471805599453
F_gaussian_local_d2_rate0.5,FR--R,2,0.5,0.25,20,0.1,1.5191516335336699,1.4425988534114424,1.4425988534114424,0.3181471805599453
F_gaussian_local_d2_rate0.5,FR--R,2,0.5,0.25,21,0.1,1.5621440706606586,1.483369669659339,1.483369669659339,0.3181471805599453
F_gaussian_local_d2_rate0.5,FR--R,2,0.5,0.25,22,0.1,1.6030791309749999,1.5221865487973076,1.5221865487973076,0.3181471805599453
F_gaussian_local_d2_rate0.5,FR--R,2,0.5,0.25,23,0.1,1.6418941499789326,1.558990494199669,1.5589904941996688,0.3181471805599453
F_gaussian_local_d2_rate0.5,FR--R,2,0.5,0.25,24,0.1,1.6785541830747466,1.5937487856460706,1.5937487856460706,0.3181471805599453
F_gaussian_local_d2_rate0.5,FR--R,2,0.5,0.25,25,0.1,1.713049857655611,1.6264529326388268,1.626452932638827,0.3181471805599453
F_gaussian_local_d2_rate0.5,FR--R,2,0.5,0.25,26,0.1,1.745394805542963,1.6571162320515704,1.6571162320515704,0.3181471805599453
F_gaussian_local_d2_rate0.5,FR--R,2,0.5,0.25,27,0.1,1.7756228286926106,1.6857710750872237,1.6857710750872232,0.3181471805599453
F_gaussian_local_d2_rate0.5,FR--R,2,0.5,0.25,28,0.1,1.8037849386454508,1.7124661365914469,1.7124661365914469,0.3181471805599453
F_gaussian_local_d2_rate0.5,FR--R,2,0.5,0.25,29,0.1,1.8299463917440513,1.7372635621794306,1.7372635621794303,0.3181471805599453
F_gaussian_local_d2_rate0.5,FR--R,2,0.5,0.25,30,0.1,1.8541838202586147,1.7602362478364015,1.7602362478364015,0.3181471805599453
F_gaussian_local_d2_rate0.5,FR--R,2,0.5,0.25,31,0.1,1.876582536542303,1.7814652848025785,1.7814652848025785,0.3181471805599453
F_gaussian_local_d2_rate0.5,FR--R,2,0.5,0.25,32,0.1,1.8972340649952513,1.801037621376122,1.8010376213761223,0.3181471805599453
F_gaussian_local_d2_rate0.5,FR--R,2,0.5,0.25,33,0.1,1.9162339362725203,1.819043974002096,1.8190439740020956,0.3181471805599453
F_gaussian_local_d2_rate0.5,FR--R,2,0.5,0.25,34,0.1,1.933679760641847,1.8355770034308232,1.8355770034308232,0.3181471805599453
F_gaussian_local_d2_rate0.5,FR--R,2,0.5,0.25,35,0.1,1.9496695830698032,1.850729758186892,1.850729758186892,0.3181471805599453
F_gaussian_local_d2_rate0.5,FR--R,2,0.5,0.25,36,0.1,1.9643005115387704,1.864594377129695,1.8645943771296951,0.3181471805599453
F_gaussian_local_d2_rate0.5,FR--R,2,0.5,0.25,37,0.1,1.9776676020711565,1.8772610353168977,1.877261035316898,0.3181471805599453
F_gaussian_local_d2_rate0.5,FR--R,2,0.5,0.25,38,0.1,1.9898629786086988,1.888817112367104,1.888817112367104,0.3181471805599453
F_gaussian_local_d2_rate0.5,FR--R,2,0.5,0.25,39,0.1,2.000975162837404,1.89934655964722,1.89934655964722,0.3181471805599453
F_gaussian_local_d2_rate0.5,FR--R,2,0.5,0.25,40,0.1,2.0110885878001685,1.908929441454223,1.9089294414542233,0.3181471805599453
F_gaussian_local_d2_rate0.5,FR--R,2,0.5,0.25,41,0.1,2.020283269279833,1.9176416255101671,1.9176416255101671,0.3181471805599453
F_gaussian_local_d2_rate0.5,FR--R,2,0.5,0.25,42,0.1,2.028634610064366,1.9255545991760767,1.9255545991760767,0.3181471805599453
F_gaussian_local_d2_rate0.5,FR--R,2,0.5,0.25,43,0.1,2.0362133140011722,1.932735389502635,1.9327353895026351,0.3181471805599453
F_gaussian_local_d2_rate0.5,FR--R,2,0.5,0.25,44,0.1,2.0430853889413836,1.939246567319597,1.939246567319597,0.3181471805599453
F_gaussian_local_d2_rate0.5,FR--R,2,0.5,0.25,45,0.1,2.0493122200496523,1.945146317824256,1.945146317824256,0.3181471805599453
F_gaussian_local_d2_rate0.5,FR--R,2,0.5,0.25,46,0.1,2.054950697365603,1.9504885624152537,1.9504885624152537,0.3181471805599453
F_gaussian_local_d2_rate0.5,FR--R,2,0.5,0.25,47,0.1,2.060053383835551,1.9553231187279407,1.9553231187279407,0.3181471805599453
F_gaussian_local_d2_rate0.5,FR--R,2,0.5,0.25,48,0.1,2.0646687122102514,1.959695887892992,1.959695887892992,0.3181471805599453
F_gaussian_local_d2_rate0.5,FR--R,2,0.5,0.25,49,0.1,2.068841201188923,1.963649059920434,1.9636490599204337,0.3181471805599453
F_gaussian_local_d2_rate0.5,FR--R,2,0.5,0.25,50,0.1,2.0726116829637338,1.967221329786944,1.967221329786944,0.3181471805599453
F_gaussian_local_d2_rate0.5,FR--R,2,0.5,0.25,51,0.1,2.076017535860749,1.9704481182708016,1.9704481182708016,0.3181471805599453
F_gaussian_local_d2_rate0.5,FR--R,2,0.5,0.25,52,0.1,2.079092917115125,1.9733617928420777,1.9733617928420777,0.3181471805599453
F_gaussian_local_d2_rate0.5,FR--R,2,0.5,0.25,53,0.1,2.0818689919485482,1.9759918849885143,1.9759918849885143,0.3181471805599453
F_gaussian_local_d2_rate0.5,FR--R,2,0.5,0.25,54,0.1,2.0843741560648468,1.9783653012566087,1.9783653012566085,0.3181471805599453
F_gaussian_local_d2_rate0.5,FR--R,2,0.5,0.25,55,0.1,2.0866342494743093,1.9805065260314885,1.9805065260314887,0.3181471805599453
F_gaussian_local_d2_rate0.5,FR--R,2,0.5,0.25,56,0.1,2.0886727601866704,1.9824378146872084,1.982437814687208,0.3181471805599453
F_gaussian_local_d2_rate0.5,FR--R,2,0.5,0.25,57,0.1,2.0905110168511585,1.9841793762295965,1.984179376229596,0.3181471805599453
F_gaussian_local_d2_rate0.5,FR--R,2,0.5,0.25,58,0.1,2.09216836981413,1.985749544944149,1.9857495449441496,0.3181471805599453
F_gaussian_local_d2_rate0.5,FR--R,2,0.5,0.25,59,0.1,2.0936623604001605,1.987164940867288,1.9871649408672876,0.3181471805599453
F_gaussian_local_d2_rate0.5,FR--R,2,0.5,0.25,60,0.1,2.095008878475182,1.98844061913478,1.9884406191347797,0.3181471805599453
F_gaussian_local_d2_rate0.5,FR--R,2,0.5,0.25,61,0.1,2.0962223085235263,1.989590208438516,1.989590208438516,0.3181471805599453
F_gaussian_local_d2_rate0.5,FR--R,2,0.5,0.25,62,0.1,2.0973156646263713,1.990626038952755,1.9906260389527553,0.3181471805599453
F_gaussian_local_d2_rate0.5,FR--R,2,0.5,0.25,63,0.1,2.098300714806766,1.991559260182597,1.9915592601825969,0.3181471805599453
F_gaussian_local_d2_rate0.5,FR--R,2,0.5,0.25,64,0.1,2.0991880952955446,1.9923999492483675,1.9923999492483673,0.3181471805599453
F_gaussian_local_d2_rate0.5,FR--R,2,0.5,0.25,65,0.1,2.099987415285159,1.99315721015638,1.99315721015638,0.3181471805599453
F_gaussian_local_d2_rate0.5,FR--R,2,0.5,0.25,66,0.1,2.1007073527729165,1.993839264624331,1.9938392646243308,0.3181471805599453
F_gaussian_local_d2_rate0.5,FR--R,2,0.5,0.25,67,0.1,2.1013557421022444,1.9944535350329584,1.9944535350329584,0.3181471805599453
F_gaussian_local_d2_rate0.5,FR--R,2,0.5,0.25,68,0.1,2.101939653790816,1.9950067200679704,1.9950067200679704,0.3181471805599453
F_gaussian_local_d2_rate0.5,FR--R,2,0.5,0.25,69,0.1,2.102465467224625,1.9955048636006143,1.9955048636006143,0.3181471805599453
F_gaussian_local_d2_rate0.5,FR--R,2,0.5,0.25,70,0.1,2.102938936766979,1.9959534173338576,1.9959534173338576,0.3181471805599453
F_gaussian_local_d2_rate0.5,FR--R,2,0.5,0.25,71,0.1,2.103365251833833,1.9963572977159143,1.9963572977159143,0.3181471805599453
F_gaussian_local_d2_rate0.5,FR--R,2,0.5,0.25,72,0.1,2.103749091403765,1.9967209375951167,1.9967209375951167,0.3181471805599453
F_gaussian_local_d2_rate0.5,FR--R,2,0.5,0.25,73,0.1,2.1040946734604575,1.997048333061113,1.9970483330611128,0.3181471805599453
F_gaussian_local_d2_rate0.5,FR--R,2,0.5,0.25,74,0.1,2.1044057997848182,1.9973430858878851,1.9973430858878856,0.3181471805599453
F_gaussian_local_d2_rate0.5,FR--R,2,0.5,0.25,75,0.1,2.10468589652151,1.997608441964784,1.997608441964784,0.3181471805599453
F_gaussian_local_d2_rate0.5,FR--R,2,0.5,0.25,76,0.1,2.104938050886911,1.997847326073159,1.9978473260731593,0.3181471805599453
F_gaussian_local_d2_rate0.5,FR--R,2,0.5,0.25,77,0.1,2.1051650443395897,1.9980623733385503,1.9980623733385503,0.3181471805599453
F_gaussian_local_d2_rate0.5,FR--R,2,0.5,0.25,78,0.1,2.1053693826240147,1.998255957662044,1.998255957662044,0.3181471805599453
F_gaussian_local_d2_rate0.5,FR--R,2,0.5,0.25,79,0.1,2.1055533228908097,1.9984302174094544,1.9984302174094544,0.3181471805599453
F_gaussian_local_d2_rate0.5,FR--R,2,0.5,0.25,80,0.1,2.105718898143271,1.9985870786135087,1.9985870786135087,0.3181471805599453
F_gaussian_local_d2_rate0.5,FR--R,2,0.5,0.25,81,0.1,2.105867939369079,1.9987282759222744,1.9987282759222744,0.3181471805599453
F_gaussian_local_d2_rate0.5,FR--R,2,0.5,0.25,82,0.1,2.1060020955068177,1.998855371506661,1.9988553715066608,0.3181471805599453
F_gaussian_local_d2_rate0.5,FR--R,2,0.5,0.25,83,0.1,2.1061228514658032,1.9989697721209,1.9989697721208992,0.3181471805599453
F_gaussian_local_d2_rate0.5,FR--R,2,0.5,0.25,84,0.1,2.1062315443228106,1.999072744492438,1.999072744492438,0.3181471805599453
F_gaussian_local_d2_rate0.5,FR--R,2,0.5,0.25,85,0.1,2.106329378011617,1.9991654292015997,1.9991654292015992,0.3181471805599453
F_gaussian_local_d2_rate0.5,FR--R,2,0.5,0.25,86,0.1,2.1064174365365824,1.999248853196587,1.9992488531965873,0.3181471805599453
F_gaussian_local_d2_rate0.5,FR--R,2,0.5,0.25,87,0.1,2.106496695850133,1.9993239410758936,1.9993239410758936,0.3181471805599453
F_gaussian_local_d2_rate0.5,FR--R,2,0.5,0.25,88,0.1,2.106568034629516,1.9993915252577863,1.9993915252577863,0.3181471805599453
F_gaussian_local_d2_rate0.5,FR--R,2,0.5,0.25,89,0.1,2.1066322438793645,1.999452355145264,1.9994523551452636,0.3181471805599453
F_gaussian_local_d2_rate0.5,FR--R,2,0.5,0.25,90,0.1,2.106690035741383,1.9995071053845817,1.9995071053845817,0.3181471805599453
F_gaussian_local_d2_rate0.5,FR--R,2,0.5,0.25,91,0.1,2.1067420512900683,1.999556383306086,1.999556383306086,0.3181471805599453
F_gaussian_local_d2_rate0.5,FR--R,2,0.5,0.25,92,0.1,2.1067888675713182,1.999600735627573,1.999600735627573,0.3181471805599453
F_gaussian_local_d2_rate0.5,FR--R,2,0.5,0.25,93,0.1,2.1068310041658496,1.9996406544926664,1.9996406544926664,0.3181471805599453
F_gaussian_local_d2_rate0.5,FR--R,2,0.5,0.25,94,0.1,2.1068689285286317,1.9996765829097072,1.9996765829097072,0.3181471805599453
F_gaussian_local_d2_rate0.5,FR--R,2,0.5,0.25,95,0.1,2.106903061747185,1.999708919650261,1.9997089196502615,0.3181471805599453
F_gaussian_local_d2_rate0.5,FR--R,2,0.5,0.25,96,0.1,2.1069337826329786,1.999738023660636,1.999738023660636,0.3181471805599453
F_gaussian_local_d2_rate0.5,FR--R,2,0.5,0.25,97,0.1,2.106961432241429,1.9997642180345496,1.9997642180345496,0.3181471805599453
F_gaussian_local_d2_rate0.5,FR--R,2,0.5,0.25,98,0.1,2.106986317554723,1.9997877935904045,1.9997877935904047,0.3181471805599453
F_gaussian_local_d2_rate0.5,FR--R,2,0.5,0.25,99,0.1,2.1070087148290213,1.9998090120923535,1.9998090120923535,0.3181471805599453
F_gaussian_local_d2_rate0.5,FR--R,2,0.5,0.25,100,0.1,2.1070288728269793,1.9998281091504817,1.9998281091504817,0.3181471805599453
F_gaussian_local_d2_rate0.5,FR--R,2,0.5,0.25,101,0.1,2.1070470153548957,1.9998452968319704,1.9998452968319704,0.3181471805599453
F_gaussian_local_d2_rate0.5,FR--R,2,0.5,0.25,102,0.1,2.107063343965554,1.999860766011948,1.9998607660119476,0.3181471805599453
F_gaussian_local_d2_rate0.5,FR--R,2,0.5,0.25,103,0.1,2.1070780398585223,1.9998746884899097,1.9998746884899097,0.3181471805599453
F_gaussian_local_d2_rate0.5,FR--R,2,0.5,0.25,104,0.1,2.1070912665020383,1.9998872188950243,1.9998872188950247,0.3181471805599453
F_gaussian_local_d2_rate0.5,FR--R,2,0.5,0.25,105,0.1,2.107103170508989,1.9998984964013409,1.9998984964013409,0.3181471805599453
F_gaussian_local_d2_rate0.5,FR--R,2,0.5,0.25,106,0.1,2.1071138842181476,1.9999086462718143,1.999908646271814,0.3181471805599453
F_gaussian_local_d2_rate0.5,FR--R,2,0.5,0.25,107,0.1,2.1071235267405326,1.99991778124822,1.99991778124822,0.3181471805599453
F_gaussian_local_d2_rate0.5,FR--R,2,0.5,0.25,108,0.1,2.107132204981149,1.9999260028023012,1.9999260028023016,0.3181471805599453
F_gaussian_local_d2_rate0.5,FR--R,2,0.5,0.25,109,0.1,2.1071400155195237,1.99993340226198,1.9999334022619804,0.3181471805599453
F_gaussian_local_d2_rate0.5,FR--R,2,0.5,0.25,110,0.1,2.1071470450984253,1.999940061825107,1.9999400618251073,0.3181471805599453
F_gaussian_local_d2_rate0.5,FR--R,2,0.5,0.25,111,0.1,2.1071533717408486,1.9999460554719484,1.9999460554719484,0.3181471805599453
F_gaussian_local_d2_rate0.5,FR--R,2,0.5,0.25,112,0.1,2.1071590656644954,1.999951449786528,1.999951449786528,0.3181471805599453
F_gaussian_local_d2_rate0.5,FR--R,2,0.5,0.25,113,0.1,2.107164190373756,1.999956304695912,1.9999563046959112,0.3181471805599453
F_gaussian_local_d2_rate0.5,FR--R,2,0.5,0.25,114,0.1,2.1071688026088378,1.9999606741356293,1.9999606741356295,0.3181471805599453
F_gaussian_local_d2_rate0.5,FR--R,2,0.5,0.25,115,0.1,2.1071729533936177,1.9999646066486063,1.9999646066486068,0.3181471805599453
F_gaussian_local_d2_rate0.5,FR--R,2,0.5,0.25,116,0.1,2.1071766895776665,1.9999681459242429,1.999968145924243,0.3181471805599453
F_gaussian_local_d2_rate0.5,FR--R,2,0.5,0.25,117,0.1,2.1071800517134878,1.9999713312836216,1.9999713312836216,0.3181471805599453
F_gaussian_local_d2_rate0.5,FR--R,2,0.5,0.25,118,0.1,2.1071830776921243,1.9999741981162196,1.9999741981162191,0.3181471805599453
F_gaussian_local_d2_rate0.5,FR--R,2,0.5,0.25,119,0.1,2.1071858015167613,1.9999767782729747,1.9999767782729747,0.3181471805599453
F_gaussian_local_d2_rate0.5,FR--R,2,0.5,0.25,120,0.1,2.1071882523754146,1.9999791004200635,1.999979100420063,0.3181471805599453
F_gaussian_local_d2_rate0.5,FR--R,2,0.5,0.25,121,0.1,2.1071904583893377,1.999981190357309,1.9999811903573088,0.3181471805599453
F_gaussian_local_d2_rate0.5,FR--R,2,0.5,0.25,122,0.1,2.1071924439073917,1.9999830713047728,1.9999830713047724,0.3181471805599453
F_gaussian_local_d2_rate0.5,FR--R,2,0.5,0.25,123,0.1,2.107194230353361,1.9999847641606825,1.9999847641606825,0.3181471805599453
F_gaussian_local_d2_rate0.5,FR--R,2,0.5,0.25,124,0.1,2.107195839556227,1.999986287733588,1.9999862877335877,0.3181471805599453
F_gaussian_local_d2_rate0.5,FR--R,2,0.5,0.25,125,0.1,2.1071972864514157,1.9999876589512977,1.999987658951298,0.3181471805599453
F_gaussian_local_d2_rate0.5,FR--R,2,0.5,0.25,126,0.1,2.1071985891229597,1.9999888930489345,1.9999888930489336,0.3181471805599453
F_gaussian_local_d2_rate0.5,FR--R,2,0.5,0.25,127,0.1,2.107199761355972,1.9999900037381804,1.9999900037381808,0.3181471805599453
F_gaussian_local_d2_rate0.5,FR--R,2,0.5,0.25,128,0.1,2.107200817015207,1.999991003359616,1.999991003359616,0.3181471805599453
F_gaussian_local_d2_rate0.5,FR--R,2,0.5,0.25,129,0.1,2.1072017658537665,1.99999190301981,1.99999190301981,0.3181471805599453
F_gaussian_local_d2_rate0.5,FR--R,2,0.5,0.25,130,0.1,2.107202620734103,1.9999927127147143,1.9999927127147143,0.3181471805599453
F_gaussian_local_d2_rate0.5,FR--R,2,0.5,0.25,131,0.1,2.107203391021628,1.9999934414407208,1.9999934414407208,0.3181471805599453
F_gaussian_local_d2_rate0.5,FR--R,2,0.5,0.25,132,0.1,2.10720408162129,1.9999940972946053,1.9999940972946055,0.3181471805599453
F_gaussian_local_d2_rate0.5,FR--R,2,0.5,0.25,133,0.1,2.1072047041680895,1.9999946875634895,1.9999946875634895,0.3181471805599453
F_gaussian_local_d2_rate0.5,FR--R,2,0.5,0.25,134,0.1,2.107205267780453,1.9999952188058,1.9999952188058,0.3181471805599453
F_gaussian_local_d2_rate0.5,FR--R,2,0.5,0.25,135,0.1,2.1072057705165377,1.9999956969241344,1.9999956969241344,0.3181471805599453
F_gaussian_local_d2_rate0.5,FR--R,2,0.5,0.25,136,0.1,2.1072062232715996,1.9999961272308413,1.9999961272308415,0.3181471805599453
F_gaussian_local_d2_rate0.5,FR--R,2,0.5,0.25,137,0.1,2.1072066315529714,1.999996514507044,1.9999965145070444,0.3181471805599453
F_gaussian_local_d2_rate0.5,FR--R,2,0.5,0.25,138,0.1,2.10720700220864,1.9999968630557623,1.9999968630557623,0.3181471805599453
F_gaussian_local_d2_rate0.5,FR--R,2,0.5,0.25,139,0.1,2.1072073342983635,1.999997176749719,1.9999971767497189,0.3181471805599453
F_gaussian_local_d2_rate0.5,FR--R,2,0.5,0.25,140,0.1,2.107207631920456,1.9999974590743683,1.9999974590743688,0.3181471805599453
F_gaussian_local_d2_rate0.5,FR--R,2,0.5,0.25,141,0.1,2.1072078954419746,1.9999977131666251,1.9999977131666251,0.3181471805599453
F_gaussian_local_d2_rate0.5,FR--R,2,0.5,0.25,142,0.1,2.1072081429795597,1.9999979418497136,1.9999979418497136,0.3181471805599453
F_gaussian_local_d2_rate0.5,FR--R,2,0.5,0.25,143,0.1,2.1072083576319676,1.9999981476645416,1.9999981476645416,0.3181471805599453
F_gaussian_local_d2_rate0.5,FR--R,2,0.5,0.25,144,0.1,2.1072085529507607,1.9999983328979245,1.999998332897924,0.3181471805599453
F_gaussian_local_d2_rate0.5,FR--R,2,0.5,0.25,145,0.1,2.1072087303099685,1.999998499608,1.999998499608,0.3181471805599453
F_gaussian_local_d2_rate0.5,FR--R,2,0.5,0.25,146,0.1,2.107208888422987,1.999998649647093,1.9999986496470927,0.3181471805599453
F_gaussian_local_d2_rate0.5,FR--R,2,0.5,0.25,147,0.1,2.107209028537504,1.9999987846822973,1.9999987846822969,0.3181471805599453
F_gaussian_local_d2_rate0.5,FR--R,2,0.5,0.25,148,0.1,2.1072091560250508,1.999998906213997,1.9999989062139971,0.3181471805599453
F_gaussian_local_d2_rate0.5,FR--R,2,0.5,0.25,149,0.1,2.107209271562819,1.9999990155925405,1.9999990155925405,0.3181471805599453
F_gaussian_local_d2_rate0.5,FR--R,2,0.5,0.25,150,0.1,2.1072093891891015,1.9999991140332405,1.99999911403324,0.3181471805599453
F_gaussian_local_d2_rate0.5,FR--R,2,0.5,0.25,151,0.1,2.1072094604158838,1.9999992026298796,1.9999992026298792,0.3181471805599453
F_gaussian_local_d2_rate0.5,FR--R,2,0.5,0.25,152,0.1,2.1072095581902395,1.9999992823668609,1.9999992823668609,0.3181471805599453
F_gaussian_local_d2_rate0.5,FR--R,2,0.5,0.25,153,0.1,2.1072096377971117,1.9999993541301504,1.9999993541301504,0.3181471805599453
F_gaussian_local_d2_rate0.5,FR--R,2,0.5,0.25,154,0.1,2.107209692634007,1.9999994187171155,1.999999418717116,0.3181471805599453
F_gaussian_local_d2_rate0.5,FR--R,2,0.5,0.25,155,0.1,2.1072097510172787,1.999999476845388,1.999999476845388,0.3181471805599453
F_gaussian_local_d2_rate0.5,FR--R,2,0.5,0.25,156,0.1,2.10720981641157,1.999999529160836,1.999999529160836,0.3181471805599453
F_gaussian_local_d2_rate0.5,FR--R,2,0.5,0.25,157,0.1,2.1072098671806327,1.9999995762447416,1.9999995762447416,0.3181471805599453
F_gaussian_local_d2_rate0.5,FR--R,2,0.5,0.25,158,0.1,2.1072099392457972,1.999999618620259,1.999999618620259,0.3181471805599453
F_gaussian_local_d2_rate0.5,FR--R,2,0.5,0.25,159,0.1,2.107209965265729,1.9999996567582272,1.9999996567582268,0.3181471805599453
F_gaussian_local_d2_rate0.5,FR--R,2,0.5,0.25,160,0.1,2.107209971335456,1.9999996910823987,1.9999996910823987,0.3181471805599453
F_gaussian_local_d2_rate0.5,FR--R,2,0.5,0.25,161,0.1,2.1072100007966803,1.999999721974154,1.999999721974154,0.3181471805599453
F_gaussian_local_d2_rate0.5,FR--R,2,0.5,0.25,162,0.1,2.1072100489127155,1.999999749776735,1.9999997497767348,0.3181471805599453
F_gaussian_local_d2_rate0.5,FR--R,2,0.5,0.25,163,0.1,2.1072100568005947,1.999999774799058,1.9999997747990583,0.3181471805599453
F_gaussian_local_d2_rate0.5,FR--R,2,0.5,0.25,164,0.1,2.1072100916143675,1.99999979731915,1.99999979731915,0.3181471805599453
F_gaussian_local_d2_rate0.5,FR--R,2,0.5,0.25,165,0.1,2.1072101508545784,1.9999998175872329,1.9999998175872329,0.3181471805599453
F_gaussian_local_d2_rate0.5,FR--R,2,0.5,0.25,166,0.1,2.1072101658825404,1.9999998358285085,1.999999835828508,0.3181471805599453
F_gaussian_local_d2_rate0.5,FR--R,2,0.5,0.25,167,0.1,2.107210189593313,1.9999998522456564,1.9999998522456564,0.3181471805599453
F_gaussian_local_d2_rate0.5,FR--R,2,0.5,0.25,168,0.1,2.1072102018383254,1.9999998670210897,1.99999986702109,0.3181471805599453
F_gaussian_local_d2_rate0.5,FR--R,2,0.5,0.25,169,0.1,2.1072101647322508,1.999999880318981,1.99999988031898,0.3181471805599453
F_gaussian_local_d2_rate0.5,FR--R,2,0.5,0.25,170,0.1,2.107210221536604,1.9999998922870807,1.9999998922870816,0.3181471805599453
F_gaussian_local_d2_rate0.5,FR--R,2,0.5,0.25,171,0.1,2.1072101808166437,1.999999903058373,1.9999999030583728,0.3181471805599453
F_gaussian_local_d2_rate0.5,FR--R,2,0.5,0.25,172,0.1,2.1072101943899586,1.999999912752535,1.9999999127525352,0.3181471805599453
F_gaussian_local_d2_rate0.5,FR--R,2,0.5,0.25,173,0.1,2.107210137206068,1.999999921477281,1.9999999214772808,0.3181471805599453
F_gaussian_local_d2_rate0.5,FR--R,2,0.5,0.25,174,0.1,2.107210229370591,1.9999999293295525,1.999999929329552,0.3181471805599453
F_gaussian_local_d2_rate0.5,FR--R,2,0.5,0.25,175,0.1,2.107210212303088,1.9999999363965968,1.9999999363965968,0.3181471805599453
F_gaussian_local_d2_rate0.5,FR--R,2,0.5,0.25,176,0.1,2.1072102441969096,1.9999999427569368,1.9999999427569368,0.3181471805599453
F_gaussian_local_d2_rate0.5,FR--R,2,0.5,0.25,177,0.1,2.1072103610451487,1.999999948481243,1.9999999484812432,0.3181471805599453
F_gaussian_local_d2_rate0.5,FR--R,2,0.5,0.25,178,0.1,2.107210217379278,1.9999999536331188,1.9999999536331188,0.3181471805599453
F_gaussian_local_d2_rate0.5,FR--R,2,0.5,0.25,179,0.1,2.1072102776834796,1.999999958269807,1.9999999582698065,0.3181471805599453
F_gaussian_local_d2_rate0.5,FR--R,2,0.5,0.25,180,0.1,2.1072103788473626,1.999999962442826,1.999999962442826,0.3181471805599453
F_gaussian_local_d2_rate0.5,FR--R,2,0.5,0.25,181,0.1,2.107210210970772,1.999999966198544,1.9999999661985433,0.3181471805599453
F_gaussian_local_d2_rate0.5,FR--R,2,0.5,0.25,182,0.1,2.1072100698571243,1.999999969578689,1.9999999695786888,0.3181471805599453
F_gaussian_local_d2_rate0.5,FR--R,2,0.5,0.25,183,0.1,2.107210205023462,1.99999997262082,1.99999997262082,0.3181471805599453
F_gaussian_local_d2_rate0.5,FR--R,2,0.5,0.25,184,0.1,2.107210313156528,1.9999999753587376,1.9999999753587376,0.3181471805599453
F_gaussian_local_d2_rate0.5,FR--R,2,0.5,0.25,185,0.1,2.1072102686573198,1.999999977822864,1.999999977822864,0.3181471805599453
F_gaussian_local_d2_rate0.5,FR--R,2,0.5,0.25,186,0.1,2.1072101153822858,1.9999999800405777,1.9999999800405777,0.3181471805599453
F_gaussian_local_d2_rate0.5,FR--R,2,0.5,0.25,187,0.1,2.1072102032819484,1.9999999820365195,1.9999999820365195,0.3181471805599453
F_gaussian_local_d2_rate0.5,FR--R,2,0.5,0.25,188,0.1,2.1072105573222557,1.9999999838328677,1.9999999838328673,0.3181471805599453
F_gaussian_local_d2_rate0.5,FR--R,2,0.5,0.25,189,0.1,2.1072102453327077,1.999999985449581,1.999999985449581,0.3181471805599453
F_gaussian_local_d2_rate0.5,FR--R,2,0.5,0.25,190,0.1,2.1072104638761138,1.999999986904623,1.9999999869046228,0.3181471805599453
F_gaussian_local_d2_rate0.5,FR--R,2,0.5,0.25,191,0.1,2.10721022942342,1.9999999882141608,1.9999999882141608,0.3181471805599453
F_gaussian_local_d2_rate0.5,FR--R,2,0.5,0.25,192,0.1,2.1072106853036563,1.9999999893927445,1.9999999893927445,0.3181471805599453
F_gaussian_local_d2_rate0.5,FR--R,2,0.5,0.25,193,0.1,2.1072098996597166,1.9999999904534704,1.9999999904534704,0.3181471805599453
F_gaussian_local_d2_rate0.5,FR--R,2,0.5,0.25,194,0.1,2.1072106577371996,1.9999999914081228,1.9999999914081232,0.3181471805599453
F_gaussian_local_d2_rate0.5,FR--R,2,0.5,0.25,195,0.1,2.107210568401473,1.9999999922673108,1.9999999922673108,0.3181471805599453
F_gaussian_local_d2_rate0.5,FR--R,2,0.5,0.25,196,0.1,2.107210171353777,1.99999999304058,1.99999999304058,0.3181471805599453
F_gaussian_local_d2_rate0.5,FR--R,2,0.5,0.25,197,0.1,2.107210470715136,1.9999999937365216,1.9999999937365216,0.3181471805599453
F_gaussian_local_d2_rate0.5,FR--R,2,0.5,0.25,198,0.1,2.1072104882216522,1.9999999943628692,1.9999999943628697,0.3181471805599453
F_gaussian_local_d2_rate0.5,FR--R,2,0.5,0.25,199,0.1,2.1072103131565223,1.9999999949265828,1.9999999949265828,0.3181471805599453
F_gaussian_local_d2_rate1,FR--KL,2,1.0,0.5,0,0.1,0.9758032833886432,1.0,1.0,0.0965735902799726
F_gaussian_local_d2_rate1,FR--KL,2,1.0,0.5,1,0.1,1.0211034160056771,1.0476190476190477,1.0476190476190477,0.0965735902799726
F_gaussian_local_d2_rate1,FR--KL,2,1.0,0.5,2,0.1,1.0660968904791706,1.0950226244343888,1.095022624434389,0.0965735902799726
F_gaussian_local_d2_rate1,FR--KL,2,1.0,0.5,3,0.1,1.110585384194255,1.1419991419991418,1.1419991419991418,0.0965735902799726
F_gaussian_local_d2_rate1,FR--KL,2,1.0,0.5,4,0.1,1.1543795056315547,1.1883446288705817,1.1883446288705815,0.0965735902799726
F_gaussian_local_d2_rate1,FR--KL,2,1.0,0.5,5,0.1,1.1973018966523803,1.233866179405557,1.233866179405557,0.0965735902799726
F_gaussian_local_d2_rate1,FR--KL,2,1.0,0.5,6,0.1,1.239189900598943,1.278384996758145,1.278384996758145,0.0965735902799726
F_gaussian_local_d2_rate1,FR--KL,2,1.0,0.5,7,0.1,1.2798977196577939,1.3217389352135551,1.3217389352135551,0.0965735902799726
F_gaussian_local_d2_rate1,FR--KL,2,1.0,0.5,8,0.1,1.3192980143323068,1.3637844766345262,1.363784476634526,0.0965735902799726
F_gaussian_local_d2_rate1,FR--KL,2,1.0,0.5,9,0.1,1.3572829279042615,1.404398107403396,1.404398107403396,0.0965735902799726
F_gaussian_local_d2_rate1,FR--KL,2,1.0,0.5,10,0.1,1.393764547121732,1.4434770932516008,1.4434770932516008,0.0965735902799726
F_gaussian_local_d2_rate1,FR--KL,2,1.0,0.5,11,0.1,1.4286748351167107,1.4809396775268866,1.4809396775268866,0.0965735902799726
F_gaussian_local_d2_rate1,FR--KL,2,1.0,0.5,12,0.1,1.461965092373102,1.5167247520217668,1.5167247520217668,0.0965735902799726
F_gaussian_local_d2_rate1,FR--KL,2,1.0,0.5,13,0.1,1.4936050156927467,1.5507910673692815,1.5507910673692815,0.0965735902799726
F_gaussian_local_d2_rate1,FR--KL,2,1.0,0.5,14,0.1,1.5235814333942577,1.58311606174784,1.58311606174784,0.0965735902799726
F_gaussian_local_d2_rate1,FR--KL,2,1.0,0.5,15,0.1,1.5518967977891567,1.6136943923579128,1.6136943923579128,0.0965735902799726
F_gaussian_local_d2_rate1,FR--KL,2,1.0,0.5,16,0.1,1.5785675140553062,1.6425362544418356,1.6425362544418358,0.0965735902799726
F_gaussian_local_d2_rate1,FR--KL,2,1.0,0.5,17,0.1,1.6036221789328198,1.6696655684383572,1.6696655684383572,0.0965735902799726
F_gaussian_local_d2_rate1,FR--KL,2,1.0,0.5,18,0.1,1.627099794284388,1.695118108289801,1.6951181082898013,0.0965735902799726
F_gaussian_local_d2_rate1,FR--KL,2,1.0,0.5,19,0.1,1.6490480105251804,1.7189396340795189,1.7189396340795189,0.0965735902799726
F_gaussian_local_d2_rate1,FR--KL,2,1.0,0.5,20,0.1,1.6695214441790622,1.7411840811238644,1.7411840811238641,0.0965735902799726
F_gaussian_local_d2_rate1,FR--KL,2,1.0,0.5,21,0.1,1.6885801031407655,1.7619118462817804,1.7619118462817807,0.0965735902799726
F_gaussian_local_d2_rate1,FR--KL,2,1.0,0.5,22,0.1,1.7062879431893365,1.7811882012940892,1.7811882012940892,0.0965735902799726
F_gaussian_local_d2_rate1,FR--KL,2,1.0,0.5,23,0.1,1.7227115703321845,1.7990818529423376,1.7990818529423378,0.0965735902799726
F_gaussian_local_d2_rate1,FR--KL,2,1.0,0.5,24,0.1,1.7379190958745312,1.8156636610541077,1.8156636610541073,0.0965735902799726
F_gaussian_local_d2_rate1,FR--KL,2,1.0,0.5,25,0.1,1.7519791448180488,1.831005518044382,1.8310055180443816,0.0965735902799726
F_gaussian_local_d2_rate1,FR--KL,2,1.0,0.5,26,0.1,1.7649600132615408,1.845179387806085,1.8451793878060847,0.0965735902799726
F_gaussian_local_d2_rate1,FR--KL,2,1.0,0.5,27,0.1,1.776928966826682,1.8582564972843985,1.8582564972843985,0.0965735902799726
F_gaussian_local_d2_rate1,FR--KL,2,1.0,0.5,28,0.1,1.7879516696171596,1.87030667086077,1.8703066708607696,0.0965735902799726
F_gaussian_local_d2_rate1,FR--KL,2,1.0,0.5,29,0.1,1.7980917316597,1.88139779556724,1.88139779556724,0.0965735902799726
F_gaussian_local_d2_rate1,FR--KL,2,1.0,0.5,30,0.1,1.8074103620198745,1.891595403967486,1.8915954039674865,0.0965735902799726
F_gaussian_local_d2_rate1,FR--KL,2,1.0,0.5,31,0.1,1.8159661146403798,1.9009623610960145,1.9009623610960145,0.0965735902799726
F_gaussian_local_d2_rate1,FR--KL,2,1.0,0.5,32,0.1,1.8238147142813812,1.909558641970992,1.909558641970992,0.0965735902799726
F_gaussian_local_d2_rate1,FR--KL,2,1.0,0.5,33,0.1,1.8310089506039335,1.917441186737779,1.9174411867377792,0.0965735902799726
F_gaussian_local_d2_rate1,FR--KL,2,1.0,0.5,34,0.1,1.8375986293207662,1.924663821329493,1.9246638213294929,0.0965735902799726
F_gaussian_local_d2_rate1,FR--KL,2,1.0,0.5,35,0.1,1.843630570355688,1.9312772325409928,1.9312772325409928,0.0965735902799726
F_gaussian_local_d2_rate1,FR--KL,2,1.0,0.5,36,0.1,1.849148644018908,1.9373289875183024,1.9373289875183024,0.0965735902799726
F_gaussian_local_d2_rate1,FR--KL,2,1.0,0.5,37,0.1,1.8541938372940254,1.9428635888012116,1.9428635888012111,0.0965735902799726
F_gaussian_local_d2_rate1,FR--KL,2,1.0,0.5,38,0.1,1.8588043433611707,1.9479225571743983,1.9479225571743983,0.0965735902799726
F_gaussian_local_d2_rate1,FR--KL,2,1.0,0.5,39,0.1,1.863015668476022,1.9525445356480184,1.9525445356480184,0.0965735902799726
F_gaussian_local_d2_rate1,FR--KL,2,1.0,0.5,40,0.1,1.866860751216312,1.9567654088801227,1.9567654088801232,0.0965735902799726
F_gaussian_local_d2_rate1,FR--KL,2,1.0,0.5,41,0.1,1.8703700899337266,1.9606184332575765,1.9606184332575765,0.0965735902799726
F_gaussian_local_d2_rate1,FR--KL,2,1.0,0.5,42,0.1,1.8735718749767474,1.964134373663372,1.964134373663372,0.0965735902799726
F_gaussian_local_d2_rate1,FR--KL,2,1.0,0.5,43,0.1,1.8764921228798503,1.967341643675579,1.9673416436755793,0.0965735902799726
F_gaussian_local_d2_rate1,FR--KL,2,1.0,0.5,44,0.1,1.8791548102903888,1.970266446569494,1.9702664465694943,0.0965735902799726
F_gaussian_local_d2_rate1,FR--KL,2,1.0,0.5,45,0.1,1.8815820058587298,1.9729329150351305,1.9729329150351305,0.0965735902799726
F_gaussian_local_d2_rate1,FR--KL,2,1.0,0.5,46,0.1,1.8837939987355314,1.9753632479837508,1.9753632479837504,0.0965735902799726
F_gaussian_local_d2_rate1,FR--KL,2,1.0,0.5,47,0.1,1.8858094226602944,1.977577843207202,1.977577843207202,0.0965735902799726
F_gaussian_local_d2_rate1,FR--KL,2,1.0,0.5,48,0.1,1.8876453749051971,1.9795954249801664,1.9795954249801664,0.0965735902799726
F_gaussian_local_d2_rate1,FR--KL,2,1.0,0.5,49,0.1,1.8893175295797586,1.9814331659657,1.9814331659657,0.0965735902799726
F_gaussian_local_d2_rate1,FR--KL,2,1.0,0.5,50,0.1,1.890840244969953,1.983106803005868,1.983106803005868,0.0965735902799726
F_gaussian_local_d2_rate1,FR--KL,2,1.0,0.5,51,0.1,1.8922266647761032,1.9846307465586963,1.984630746558696,0.0965735902799726
F_gaussian_local_d2_rate1,FR--KL,2,1.0,0.5,52,0.1,1.8934888131962273,1.986018183686156,1.986018183686156,0.0965735902799726
F_gaussian_local_d2_rate1,FR--KL,2,1.0,0.5,53,0.1,1.8946376839373762,1.987281174611036,1.987281174611036,0.0965735902799726
F_gaussian_local_d2_rate1,FR--KL,2,1.0,0.5,54,0.1,1.895683323257844,1.9884307429482,1.9884307429482,0.0965735902799726
F_gaussian_local_d2_rate1,FR--KL,2,1.0,0.5,55,0.1,1.8966349072593331,1.9894769597821251,1.9894769597821256,0.0965735902799726
F_gaussian_local_d2_rate1,FR--KL,2,1.0,0.5,56,0.1,1.8975008136385776,1.9904290218115503,1.9904290218115508,0.0965735902799726
F_gaussian_local_d2_rate1,FR--KL,2,1.0,0.5,57,0.1,1.89828868816342,1.991295323816597,1.991295323816597,0.0965735902799726
F_gaussian_local_d2_rate1,FR--KL,2,1.0,0.5,58,0.1,1.899005506137154,1.992083525726676,1.992083525726676,0.0965735902799726
F_gaussian_local_d2_rate1,FR--KL,2,1.0,0.5,59,0.1,1.8996576291244134,1.9928006145810944,1.9928006145810944,0.0965735902799726
F_gaussian_local_d2_rate1,FR--KL,2,1.0,0.5,60,0.1,1.9002508572793508,1.993452961680439,1.9934529616804393,0.0965735902799726
F_gaussian_local_d2_rate1,FR--KL,2,1.0,0.5,61,0.1,1.9007904774502105,1.9940463752272384,1.9940463752272388,0.0965735902799726
F_gaussian_local_d2_rate1,FR--KL,2,1.0,0.5,62,0.1,1.9012813074594261,1.9945861487502667,1.9945861487502667,0.0965735902799726
F_gaussian_local_d2_rate1,FR--KL,2,1.0,0.5,63,0.1,1.9017277367452314,1.9950771055994243,1.9950771055994243,0.0965735902799726
F_gaussian_local_d2_rate1,FR--KL,2,1.0,0.5,64,0.1,1.9021337636519,1.995523639788176,1.995523639788176,0.0965735902799726
F_gaussian_local_d2_rate1,FR--KL,2,1.0,0.5,65,0.1,1.9025030296148226,1.995929753448809,1.9959297534488092,0.0965735902799726
F_gaussian_local_d2_rate1,FR--KL,2,1.0,0.5,66,0.1,1.9028388504768459,1.9962990911529408,1.9962990911529412,0.0965735902799726
F_gaussian_local_d2_rate1,FR--KL,2,1.0,0.5,67,0.1,1.903144245139238,1.996634971336113,1.9966349713361125,0.0965735902799726
F_gaussian_local_d2_rate1,FR--KL,2,1.0,0.5,68,0.1,1.903421961794675,1.996940415051418,1.9969404150514176,0.0965735902799726
F_gaussian_local_d2_rate1,FR--KL,2,1.0,0.5,69,0.1,1.9036745018824925,1.9972181722631848,1.9972181722631857,0.0965735902799726
F_gaussian_local_d2_rate1,FR--KL,2,1.0,0.5,70,0.1,1.903904141972599,1.9974707458779295,1.9974707458779295,0.0965735902799726
F_gaussian_local_d2_rate1,FR--KL,2,1.0,0.5,71,0.1,1.9041129538187354,1.997700413696384,1.997700413696384,0.0965735902799726
F_gaussian_local_d2_rate1,FR--KL,2,1.0,0.5,72,0.1,1.904302822545139,1.9979092484574577,1.9979092484574577,0.0965735902799726
F_gaussian_local_d2_rate1,FR--KL,2,1.0,0.5,73,0.1,1.9044754633714944,1.998099136132504,1.998099136132504,0.0965735902799726
F_gaussian_local_d2_rate1,FR--KL,2,1.0,0.5,74,0.1,1.9046324367524121,1.9982717926165052,1.9982717926165057,0.0965735902799726
F_gaussian_local_d2_rate1,FR--KL,2,1.0,0.5,75,0.1,1.9047751623130156,1.998428778951559,1.9984287789515585,0.0965735902799726
F_gaussian_local_d2_rate1,FR--KL,2,1.0,0.5,76,0.1,1.9049049313706214,1.998571515207537,1.9985715152075367,0.0965735902799726
F_gaussian_local_d2_rate1,FR--KL,2,1.0,0.5,77,0.1,1.90502291862802,1.998701293134896,1.998701293134896,0.0965735902799726
F_gaussian_local_d2_rate1,FR--KL,2,1.0,0.5,78,0.1,1.9051301924614372,1.9988192876953972,1.9988192876953972,0.0965735902799726
F_gaussian_local_d2_rate1,FR--KL,2,1.0,0.5,79,0.1,1.9052277246059952,1.9989265675678665,1.9989265675678665,0.0965735902799726
F_gaussian_local_d2_rate1,FR--KL,2,1.0,0.5,80,0.1,1.9053163988998782,1.9990241047181672,1.9990241047181672,0.0965735902799726
F_gaussian_local_d2_rate1,FR--KL,2,1.0,0.5,81,0.1,1.9053970190262992,1.9991127831151176,1.9991127831151176,0.0965735902799726
F_gaussian_local_d2_rate1,FR--KL,2,1.0,0.5,82,0.1,1.9054703159766644,1.9991934066672332,1.9991934066672337,0.0965735902799726
F_gaussian_local_d2_rate1,FR--KL,2,1.0,0.5,83,0.1,1.9055369544785667,1.999266706448863,1.9992667064488627,0.0965735902799726
F_gaussian_local_d2_rate1,FR--KL,2,1.0,0.5,84,0.1,1.9055975389649553,1.9993333472784145,1.9993333472784145,0.0965735902799726
F_gaussian_local_d2_rate1,FR--KL,2,1.0,0.5,85,0.1,1.905652619156077,1.9993939337060245,1.999393933706024,0.0965735902799726
F_gaussian_local_d2_rate1,FR--KL,2,1.0,0.5,86,0.1,1.9057026947816742,1.9994490154630609,1.9994490154630609,0.0965735902799726
F_gaussian_local_d2_rate1,FR--KL,2,1.0,0.5,87,0.1,1.9057482203579306,1.999499092421313,1.9994990924213132,0.0965735902799726
F_gaussian_local_d2_rate1,FR--KL,2,1.0,0.5,88,0.1,1.9057896091714714,1.9995446191055688,1.9995446191055688,0.0965735902799726
F_gaussian_local_d2_rate1,FR--KL,2,1.0,0.5,89,0.1,1.905827236883272,1.9995860087994404,1.9995860087994408,0.0965735902799726
F_gaussian_local_d2_rate1,FR--KL,2,1.0,0.5,90,0.1,1.9058614452337812,1.999623637280816,1.9996236372808156,0.0965735902799726
F_gaussian_local_d2_rate1,FR--KL,2,1.0,0.5,91,0.1,1.9058925447913146,1.999657846220109,1.9996578462201084,0.0965735902799726
F_gaussian_local_d2_rate1,FR--KL,2,1.0,0.5,92,0.1,1.905920817965139,1.9996889462715437,1.999688946271544,0.0965735902799726
F_gaussian_local_d2_rate1,FR--KL,2,1.0,0.5,93,0.1,1.9059465216270488,1.9997172198850488,1.9997172198850488,0.0965735902799726
F_gaussian_local_d2_rate1,FR--KL,2,1.0,0.5,94,0.1,1.9059698891455483,1.999742923863861,1.9997429238638615,0.0965735902799726
F_gaussian_local_d2_rate1,FR--KL,2,1.0,0.5,95,0.1,1.9059911329489465,1.999766291690746,1.9997662916907455,0.0965735902799726
F_gaussian_local_d2_rate1,FR--KL,2,1.0,0.5,96,0.1,1.9060104456942197,1.9997875356436476,1.9997875356436476,0.0965735902799726
F_gaussian_local_d2_rate1,FR--KL,2,1.0,0.5,97,0.1,1.906028003239268,1.999806848719781,1.9998068487197809,0.0965735902799726
F_gaussian_local_d2_rate1,FR--KL,2,1.0,0.5,98,0.1,1.9060439648554628,1.9998244063854311,1.9998244063854311,0.0965735902799726
F_gaussian_local_d2_rate1,FR--KL,2,1.0,0.5,99,0.1,1.9060584756925014,1.999840368167195,1.9998403681671952,0.0965735902799726
F_gaussian_local_d2_rate1,FR--KL,2,1.0,0.5,100,0.1,1.9060716674822926,1.999854879098999,1.9998548790989992,0.0965735902799726
F_gaussian_local_d2_rate1,FR--KL,2,1.0,0.5,101,0.1,1.9060836604814542,1.999868071037924,1.999868071037924,0.0965735902799726
F_gaussian_local_d2_rate1,FR--KL,2,1.0,0.5,102,0.1,1.906094562985955,1.9998800638607024,1.9998800638607024,0.0965735902799726
F_gaussian_local_d2_rate1,FR--KL,2,1.0,0.5,103,0.1,1.9061044743890856,1.9998909665516815,1.9998909665516815,0.0965735902799726
F_gaussian_local_d2_rate1,FR--KL,2,1.0,0.5,104,0.1,1.9061134850907806,1.999900878192092,1.999900878192092,0.0965735902799726
F_gaussian_local_d2_rate1,FR--KL,2,1.0,0.5,105,0.1,1.9061216766508087,1.9999098888595388,1.9999098888595392,0.0965735902799726
F_gaussian_local_d2_rate1,FR--KL,2,1.0,0.5,106,0.1,1.9061291236802143,1.99991808044586,1.9999180804458596,0.0965735902799726
F_gaussian_local_d2_rate1,FR--KL,2,1.0,0.5,107,0.1,1.9061358935473356,1.9999255274007464,1.9999255274007472,0.0965735902799726
F_gaussian_local_d2_rate1,FR--KL,2,1.0,0.5,108,0.1,1.9061420481800035,1.9999322974078608,1.9999322974078613,0.0965735902799726
F_gaussian_local_d2_rate1,FR--KL,2,1.0,0.5,109,0.1,1.9061476432769264,1.9999384519995576,1.9999384519995576,0.0965735902799726
F_gaussian_local_d2_rate1,FR--KL,2,1.0,0.5,110,0.1,1.9061527300409944,1.9999440471157892,1.9999440471157892,0.0965735902799726
F_gaussian_local_d2_rate1,FR--KL,2,1.0,0.5,111,0.1,1.9061573540817707,1.999949133612258,1.9999491336122583,0.0965735902799726
F_gaussian_local_d2_rate1,FR--KL,2,1.0,0.5,112,0.1,1.9061615577817237,1.999953757722409,1.999953757722409,0.0965735902799726
F_gaussian_local_d2_rate1,FR--KL,2,1.0,0.5,113,0.1,1.9061653792660578,1.999957961477465,1.9999579614774647,0.0965735902799726
F_gaussian_local_d2_rate1,FR--KL,2,1.0,0.5,114,0.1,1.9061688534374583,1.9999617830883052,1.9999617830883056,0.0965735902799726
F_gaussian_local_d2_rate1,FR--KL,2,1.0,0.5,115,0.1,1.9061720122867447,1.9999652572926525,1.999965257292652,0.0965735902799726
F_gaussian_local_d2_rate1,FR--KL,2,1.0,0.5,116,0.1,1.906174883108821,1.9999684156707151,1.9999684156707151,0.0965735902799726
F_gaussian_local_d2_rate1,FR--KL,2,1.0,0.5,117,0.1,1.906177493840935,1.999971286932156,1.999971286932156,0.0965735902799726
F_gaussian_local_d2_rate1,FR--KL,2,1.0,0.5,118,0.1,1.9061798661825518,1.999973897176984,1.9999738971769836,0.0965735902799726
F_gaussian_local_d2_rate1,FR--KL,2,1.0,0.5,119,0.1,1.9061820234224143,1.9999762701327384,1.9999762701327388,0.0965735902799726
F_gaussian_local_d2_rate1,FR--KL,2,1.0,0.5,120,0.1,1.906183984814716,1.99997842737013,1.99997842737013,0.0965735902799726
F_gaussian_local_d2_rate1,FR--KL,2,1.0,0.5,121,0.1,1.906185767832054,1.9999803884990697,1.9999803884990697,0.0965735902799726
F_gaussian_local_d2_rate1,FR--KL,2,1.0,0.5,122,0.1,1.906187387480504,1.9999821713468977,1.999982171346898,0.0965735902799726
F_gaussian_local_d2_rate1,FR--KL,2,1.0,0.5,123,0.1,1.9061888619091187,1.9999837921204089,1.999983792120408,0.0965735902799726
F_gaussian_local_d2_rate1,FR--KL,2,1.0,0.5,124,0.1,1.9061902003385622,1.9999852655531525,1.9999852655531525,0.0965735902799726
F_gaussian_local_d2_rate1,FR--KL,2,1.0,0.5,125,0.1,1.9061914196554408,1.9999866050393489,1.9999866050393489,0.0965735902799726
F_gaussian_local_d2_rate1,FR--KL,2,1.0,0.5,126,0.1,1.9061925266487278,1.9999878227556307,1.9999878227556305,0.0965735902799726
F_gaussian_local_d2_rate1,FR--KL,2,1.0,0.5,127,0.1,1.906193532801797,1.999988929771719,1.9999889297717188,0.0965735902799726
F_gaussian_local_d2_rate1,FR--KL,2,1.0,0.5,128,0.1,1.906194447466453,1.999989936151044,1.999989936151044,0.0965735902799726
F_gaussian_local_d2_rate1,FR--KL,2,1.0,0.5,129,0.1,1.9061952792671144,1.9999908510422189,1.9999908510422189,0.0965735902799726
F_gaussian_local_d2_rate1,FR--KL,2,1.0,0.5,130,0.1,1.9061960358414782,1.9999916827621944,1.9999916827621949,0.0965735902799726
F_gaussian_local_d2_rate1,FR--KL,2,1.0,0.5,131,0.1,1.9061967228355827,1.9999924388718644,1.9999924388718644,0.0965735902799726
F_gaussian_local_d2_rate1,FR--KL,2,1.0,0.5,132,0.1,1.9061973474121947,1.9999931262447872,1.9999931262447872,0.0965735902799726
F_gaussian_local_d2_rate1,FR--KL,2,1.0,0.5,133,0.1,1.9061979149818287,1.9999937511296724,1.9999937511296724,0.0965735902799726
F_gaussian_local_d2_rate1,FR--KL,2,1.0,0.5,134,0.1,1.9061984310654656,1.9999943192071796,1.9999943192071792,0.0965735902799726
F_gaussian_local_d2_rate1,FR--KL,2,1.0,0.5,135,0.1,1.9061989013992797,1.999994835641557,1.999994835641557,0.0965735902799726
F_gaussian_local_d2_rate1,FR--KL,2,1.0,0.5,136,0.1,1.9061993283635292,1.9999953051275856,1.9999953051275856,0.0965735902799726
F_gaussian_local_d2_rate1,FR--KL,2,1.0,0.5,137,0.1,1.906199718690993,1.9999957319332584,1.9999957319332584,0.0965735902799726
F_gaussian_local_d2_rate1,FR--KL,2,1.0,0.5,138,0.1,1.906200066892478,1.9999961199385736,1.9999961199385736,0.0965735902799726
F_gaussian_local_d2_rate1,FR--KL,2,1.0,0.5,139,0.1,1.9062003928241278,1.999996472670808,1.999996472670808,0.0965735902799726
F_gaussian_local_d2_rate1,FR--KL,2,1.0,0.5,140,0.1,1.9062006824061417,1.9999967933365843,1.9999967933365848,0.0965735902799726
F_gaussian_local_d2_rate1,FR--KL,2,1.0,0.5,141,0.1,1.9062009415895875,1.999997084851016,1.999997084851016,0.0965735902799726
F_gaussian_local_d2_rate1,FR--KL,2,1.0,0.5,142,0.1,1.9062011874031626,1.999997349864208,1.999997349864208,0.0965735902799726
F_gaussian_local_d2_rate1,FR--KL,2,1.0,0.5,143,0.1,1.9062014071744018,1.9999975907853536,1.9999975907853536,0.0965735902799726
F_gaussian_local_d2_rate1,FR--KL,2,1.0,0.5,144,0.1,1.9062015994855177,1.9999978098046272,1.9999978098046272,0.0965735902799726
F_gaussian_local_d2_rate1,FR--KL,2,1.0,0.5,145,0.1,1.9062017914813696,1.9999980089130984,1.9999980089130984,0.0965735902799726
F_gaussian_local_d2_rate1,FR--KL,2,1.0,0.5,146,0.1,1.906201954745745,1.9999981899208357,1.9999981899208352,0.0965735902799726
F_gaussian_local_d2_rate1,FR--KL,2,1.0,0.5,147,0.1,1.9062021036687098,1.9999983544733515,1.999998354473352,0.0965735902799726
F_gaussian_local_d2_rate1,FR--KL,2,1.0,0.5,148,0.1,1.9062022355575197,1.9999985040665715,1.999998504066572,0.0965735902799726
F_gaussian_local_d2_rate1,FR--KL,2,1.0,0.5,149,0.1,1.9062023597656113,1.9999986400604275,1.9999986400604273,0.0965735902799726
F_gaussian_local_d2_rate1,FR--KL,2,1.0,0.5,150,0.1,1.906202479675089,1.999998763691221,1.9999987636912209,0.0965735902799726
F_gaussian_local_d2_rate1,FR--KL,2,1.0,0.5,151,0.1,1.906202567572785,1.9999988760828653,1.9999988760828655,0.0965735902799726
F_gaussian_local_d2_rate1,FR--KL,2,1.0,0.5,152,0.1,1.9062026703056634,1.9999989782570975,1.999998978257098,0.0965735902799726
F_gaussian_local_d2_rate1,FR--KL,2,1.0,0.5,153,0.1,1.906202752235128,1.999999071142773,1.9999990711427735,0.0965735902799726
F_gaussian_local_d2_rate1,FR--KL,2,1.0,0.5,154,0.1,1.9062028182611561,1.999999155584304,1.999999155584304,0.0965735902799726
F_gaussian_local_d2_rate1,FR--KL,2,1.0,0.5,155,0.1,1.9062029238645144,1.9999992323493367,1.9999992323493372,0.0965735902799726
F_gaussian_local_d2_rate1,FR--KL,2,1.0,0.5,156,0.1,1.90620295336825,1.9999993021357376,1.9999993021357376,0.0965735902799726
F_gaussian_local_d2_rate1,FR--KL,2,1.0,0.5,157,0.1,1.9062030276944941,1.9999993655779231,1.9999993655779231,0.0965735902799726
F_gaussian_local_d2_rate1,FR--KL,2,1.0,0.5,158,0.1,1.9062030570941015,1.9999994232526408,1.9999994232526408,0.0965735902799726
F_gaussian_local_d2_rate1,FR--KL,2,1.0,0.5,159,0.1,1.9062031226201883,1.9999994756842048,1.9999994756842048,0.0965735902799726
F_gaussian_local_d2_rate1,FR--KL,2,1.0,0.5,160,0.1,1.9062031675105575,1.999999523349266,1.9999995233492656,0.0965735902799726
F_gaussian_local_d2_rate1,FR--KL,2,1.0,0.5,161,0.1,1.9062032066414152,1.9999995666811408,1.9999995666811416,0.0965735902799726
F_gaussian_local_d2_rate1,FR--KL,2,1.0,0.5,162,0.1,1.9062031778429869,1.9999996060737573,1.9999996060737573,0.0965735902799726
F_gaussian_local_d2_rate1,FR--KL,2,1.0,0.5,163,0.1,1.9062032364647208,1.9999996418852264,1.9999996418852264,0.0965735902799726
F_gaussian_local_d2_rate1,FR--KL,2,1.0,0.5,164,0.1,1.9062032482454507,1.9999996744411088,1.9999996744411088,0.0965735902799726
F_gaussian_local_d2_rate1,FR--KL,2,1.0,0.5,165,0.1,1.9062033289991316,1.999999704037367,1.9999997040373667,0.0965735902799726
F_gaussian_local_d2_rate1,FR--KL,2,1.0,0.5,166,0.1,1.9062033914195549,1.9999997309430568,1.9999997309430568,0.0965735902799726
F_gaussian_local_d2_rate1,FR--KL,2,1.0,0.5,167,0.1,1.9062034127115248,1.999999755402777,1.9999997554027769,0.0965735902799726
F_gaussian_local_d2_rate1,FR--KL,2,1.0,0.5,168,0.1,1.9062034083540909,1.9999997776388865,1.9999997776388856,0.0965735902799726
F_gaussian_local_d2_rate1,FR--KL,2,1.0,0.5,169,0.1,1.906203328068543,1.9999997978535304,1.9999997978535304,0.0965735902799726
F_gaussian_local_d2_rate1,FR--KL,2,1.0,0.5,170,0.1,1.9062034486766262,1.99999981623048,1.99999981623048,0.0965735902799726
F_gaussian_local_d2_rate1,FR--KL,2,1.0,0.5,171,0.1,1.906203524314805,1.9999998329367985,1.9999998329367987,0.0965735902799726
F_gaussian_local_d2_rate1,FR--KL,2,1.0,0.5,172,0.1,1.9062034849732812,1.999999848124362,1.999999848124362,0.0965735902799726
F_gaussian_local_d2_rate1,FR--KL,2,1.0,0.5,173,0.1,1.906203486727709,1.999999861931237,1.9999998619312376,0.0965735902799726
F_gaussian_local_d2_rate1,FR--KL,2,1.0,0.5,174,0.1,1.9062035854722588,1.9999998744829424,1.9999998744829424,0.0965735902799726
F_gaussian_local_d2_rate1,FR--KL,2,1.0,0.5,175,0.1,1.9062034014921794,1.999999885893584,1.999999885893584,0.0965735902799726
F_gaussian_local_d2_rate1,FR--KL,2,1.0,0.5,176,0.1,1.9062035318703656,1.9999998962668937,1.9999998962668937,0.0965735902799726
F_gaussian_local_d2_rate1,FR--KL,2,1.0,0.5,177,0.1,1.9062035066120289,1.999999905697175,1.9999999056971756,0.0965735902799726
F_gaussian_local_d2_rate1,FR--KL,2,1.0,0.5,178,0.1,1.9062035598257943,1.999999914270159,1.9999999142701592,0.0965735902799726
F_gaussian_local_d2_rate1,FR--KL,2,1.0,0.5,179,0.1,1.906203692954375,1.9999999220637807,1.9999999220637807,0.0965735902799726
F_gaussian_local_d2_rate1,FR--KL,2,1.0,0.5,180,0.1,1.9062035020676678,1.999999929148892,1.999999929148892,0.0965735902799726
F_gaussian_local_d2_rate1,FR--KL,2,1.0,0.5,181,0.1,1.9062035064552107,1.9999999355899012,1.9999999355899016,0.0965735902799726
F_gaussian_local_d2_rate1,FR--KL,2,1.0,0.5,182,0.1,1.9062036567599767,1.9999999414453649,1.9999999414453649,0.0965735902799726
F_gaussian_local_d2_rate1,FR--KL,2,1.0,0.5,183,0.1,1.906203454262221,1.999999946768514,1.9999999467685137,0.0965735902799726
F_gaussian_local_d2_rate1,FR--KL,2,1.0,0.5,184,0.1,1.9062035226715828,1.9999999516077396,1.9999999516077391,0.0965735902799726
F_gaussian_local_d2_rate1,FR--KL,2,1.0,0.5,185,0.1,1.9062031519262614,1.999999956007036,1.9999999560070356,0.0965735902799726
F_gaussian_local_d2_rate1,FR--KL,2,1.0,0.5,186,0.1,1.9062038847906309,1.9999999600063956,1.9999999600063951,0.0965735902799726
F_gaussian_local_d2_rate1,FR--KL,2,1.0,0.5,187,0.1,1.9062037060161443,1.9999999636421777,1.999999963642178,0.0965735902799726
F_gaussian_local_d2_rate1,FR--KL,2,1.0,0.5,188,0.1,1.9062034348563197,1.999999966947435,1.9999999669474344,0.0965735902799726
F_gaussian_local_d2_rate1,FR--KL,2,1.0,0.5,189,0.1,1.9062035517481863,1.9999999699522129,1.9999999699522129,0.0965735902799726
F_gaussian_local_d2_rate1,FR--KL,2,1.0,0.5,190,0.1,1.906203287196362,1.9999999726838305,1.99999997268383,0.0965735902799726
F_gaussian_local_d2_rate1,FR--KL,2,1.0,0.5,191,0.1,1.9062040610473832,1.999999975167118,1.9999999751671176,0.0965735902799726
F_gaussian_local_d2_rate1,FR--KL,2,1.0,0.5,192,0.1,1.9062038714864018,1.9999999774246529,1.9999999774246529,0.0965735902799726
F_gaussian_local_d2_rate1,FR--KL,2,1.0,0.5,193,0.1,1.9062031200380098,1.9999999794769576,1.9999999794769576,0.0965735902799726
F_gaussian_local_d2_rate1,FR--KL,2,1.0,0.5,194,0.1,1.9062028106065412,1.999999981342688,1.9999999813426883,0.0965735902799726
F_gaussian_local_d2_rate1,FR--KL,2,1.0,0.5,195,0.1,1.906203517538451,1.999999983038807,1.9999999830388069,0.0965735902799726
F_gaussian_local_d2_rate1,FR--KL,2,1.0,0.5,196,0.1,1.9062027896604243,1.9999999845807328,1.9999999845807337,0.0965735902799726
F_gaussian_local_d2_rate1,FR--KL,2,1.0,0.5,197,0.1,1.9062038495345945,1.9999999859824844,1.9999999859824844,0.0965735902799726
F_gaussian_local_d2_rate1,FR--KL,2,1.0,0.5,198,0.1,1.9062045021636445,1.9999999872568044,1.999999987256804,0.0965735902799726
F_gaussian_local_d2_rate1,FR--KL,2,1.0,0.5,199,0.1,1.906203672754461,1.9999999884152773,1.9999999884152768,0.0965735902799726
F_gaussian_local_d2_rate1,FR--R,2,1.0,0.5,0,0.1,1.0526437297795836,1.0,1.0,0.0965735902799726
F_gaussian_local_d2_rate1,FR--R,2,1.0,0.5,1,0.1,1.1066650525419495,1.051271096376024,1.0512710963760241,0.0965735902799726
F_gaussian_local_d2_rate1,FR--R,2,1.0,0.5,2,0.1,1.16047982608448,1.1023413802303046,1.1023413802303046,0.0965735902799726
F_gaussian_local_d2_rate1,FR--R,2,1.0,0.5,3,0.1,1.21380762727699,1.1529448128406046,1.1529448128406046,0.0965735902799726
F_gaussian_local_d2_rate1,FR--R,2,1.0,0.5,4,0.1,1.2663770534117869,1.2028240122116889,1.2028240122116889,0.0965735902799726
F_gaussian_local_d2_rate1,FR--R,2,1.0,0.5,5,0.1,1.3179311889906005,1.2517354330809058,1.251735433080906,0.0965735902799726
F_gaussian_local_d2_rate1,FR--R,2,1.0,0.5,6,0.1,1.3682324821911624,1.2994539831333942,1.2994539831333942,0.0965735902799726
F_gaussian_local_d2_rate1,FR--R,2,1.0,0.5,7,0.1,1.4170668410325644,1.3457768959537872,1.345776895953787,0.0965735902799726
F_gaussian_local_d2_rate1,FR--R,2,1.0,0.5,8,0.1,1.4642468126731245,1.3905267320865922,1.3905267320865922,0.0965735902799726
F_gaussian_local_d2_rate1,FR--R,2,1.0,0.5,9,0.1,1.5096137693662508,1.4335534366623846,1.4335534366623848,0.0965735902799726
F_gaussian_local_d2_rate1,FR--R,2,1.0,0.5,10,0.1,1.553039085520359,1.4747354398211323,1.4747354398211323,0.0965735902799726
F_gaussian_local_d2_rate1,FR--R,2,1.0,0.5,11,0.1,1.594424346645415,1.513979839505692,1.513979839505692,0.0965735902799726
F_gaussian_local_d2_rate1,FR--R,2,1.0,0.5,12,0.1,1.6337006783815136,1.5512217510146291,1.5512217510146291,0.0965735902799726
F_gaussian_local_d2_rate1,FR--R,2,1.0,0.5,13,0.1,1.6708273194369365,1.5864229413036115,1.5864229413036115,0.0965735902799726
F_gaussian_local_d2_rate1,FR--R,2,1.0,0.5,14,0.1,1.7057895848475226,1.6195698872403097,1.6195698872403093,0.0965735902799726
F_gaussian_local_d2_rate1,FR--R,2,1.0,0.5,15,0.1,1.738596375743355,1.6506714060886698,1.65067140608867,0.0965735902799726
F_gaussian_local_d2_rate1,FR--R,2,1.0,0.5,16,0.1,1.7692773901847707,1.67975600478841,1.6797560047884097,0.0965735902799726
F_gaussian_local_d2_rate1,FR--R,2,1.0,0.5,17,0.1,1.7978801788292447,1.706869084215789,1.706869084215789,0.0965735902799726
F_gaussian_local_d2_rate1,FR--R,2,1.0,0.5,18,0.1,1.8244671718070244,1.7320701180308142,1.7320701180308145,0.0965735902799726
F_gaussian_local_d2_rate1,FR--R,2,1.0,0.5,19,0.1,1.8491127818386062,1.7554299054156923,1.7554299054156925,0.0965735902799726
F_gaussian_local_d2_rate1,FR--R,2,1.0,0.5,20,0.1,1.871900665678093,1.777027975224608,1.777027975224608,0.0965735902799726
F_gaussian_local_d2_rate1,FR--R,2,1.0,0.5,21,0.1,1.8929212033522251,1.7969501976210038,1.7969501976210038,0.0965735902799726
F_gaussian_local_d2_rate1,FR--R,2,1.0,0.5,22,0.1,1.9122692338004659,1.81528663952004,1.8152866395200404,0.0965735902799726
F_gaussian_local_d2_rate1,FR--R,2,1.0,0.5,23,0.1,1.930042067342689,1.8321296829474736,1.8321296829474736,0.0965735902799726
F_gaussian_local_d2_rate1,FR--R,2,1.0,0.5,24,0.1,1.9463377803648234,1.847572411214616,1.8475724112146157,0.0965735902799726
F_gaussian_local_d2_rate1,FR--R,2,1.0,0.5,25,0.1,1.961253785849099,1.8617072566933872,1.8617072566933872,0.0965735902799726
F_gaussian_local_d2_rate1,FR--R,2,1.0,0.5,26,0.1,1.9748856647124515,1.874624895806874,1.874624895806874,0.0965735902799726
F_gaussian_local_d2_rate1,FR--R,2,1.0,0.5,27,0.1,1.9873262370461315,1.8864133713176792,1.8864133713176792,0.0965735902799726
F_gaussian_local_d2_rate1,FR--R,2,1.0,0.5,28,0.1,1.9986648488344616,1.8971574186992384,1.897157418699238,0.0965735902799726
F_gaussian_local_d2_rate1,FR--R,2,1.0,0.5,29,0.1,2.008986848136652,1.906937971885264,1.906937971885264,0.0965735902799726
F_gaussian_local_d2_rate1,FR--R,2,1.0,0.5,30,0.1,2.01837322458477,1.9158318235928504,1.9158318235928504,0.0965735902799726
F_gaussian_local_d2_rate1,FR--R,2,1.0,0.5,31,0.1,2.0269003869995754,1.9239114163276416,1.9239114163276416,0.0965735902799726
F_gaussian_local_d2_rate1,FR--R,2,1.0,0.5,32,0.1,2.0346400556046387,1.9312447417802805,1.9312447417802807,0.0965735902799726
F_gaussian_local_d2_rate1,FR--R,2,1.0,0.5,33,0.1,2.041659247440295,1.9378953283456888,1.9378953283456888,0.0965735902799726
F_gaussian_local_d2_rate1,FR--R,2,1.0,0.5,34,0.1,2.0480203359361755,1.9439222987315683,1.9439222987315687,0.0965735902799726
F_gaussian_local_d2_rate1,FR--R,2,1.0,0.5,35,0.1,2.0537811680118576,1.9493804819126663,1.9493804819126663,0.0965735902799726
F_gaussian_local_d2_rate1,FR--R,2,1.0,0.5,36,0.1,2.0589952244288177,1.9543205659205096,1.9543205659205096,0.0965735902799726
F_gaussian_local_d2_rate1,FR--R,2,1.0,0.5,37,0.1,2.063711811340413,1.9587892800592928,1.9587892800592936,0.0965735902799726
F_gaussian_local_d2_rate1,FR--R,2,1.0,0.5,38,0.1,2.067976273001997,1.9628295970612395,1.9628295970612393,0.0965735902799726
F_gaussian_local_d2_rate1,FR--R,2,1.0,0.5,39,0.1,2.071830217440492,1.9664809474154723,1.9664809474154727,0.0965735902799726
F_gaussian_local_d2_rate1,FR--R,2,1.0,0.5,40,0.1,2.075311748458134,1.969779439615883,1.9697794396158832,0.0965735902799726
F_gaussian_local_d2_rate1,FR--R,2,1.0,0.5,41,0.1,2.078455698736645,1.972758081379643,1.9727580813796433,0.0965735902799726
F_gaussian_local_d2_rate1,FR--R,2,1.0,0.5,42,0.1,2.0812938599897297,1.975446998000637,1.9754469980006368,0.0965735902799726
F_gaussian_local_d2_rate1,FR--R,2,1.0,0.5,43,0.1,2.083855207077605,1.9778736449371197,1.97787364493712,0.0965735902799726
F_gaussian_local_d2_rate1,FR--R,2,1.0,0.5,44,0.1,2.0861661138456915,1.9800630125087912,1.9800630125087912,0.0965735902799726
F_gaussian_local_d2_rate1,FR--R,2,1.0,0.5,45,0.1,2.0882505591023484,1.98203782121428,1.98203782121428,0.0965735902799726
F_gaussian_local_d2_rate1,FR--R,2,1.0,0.5,46,0.1,2.090130321693424,1.9838187066943955,1.9838187066943953,0.0965735902799726
F_gaussian_local_d2_rate1,FR--R,2,1.0,0.5,47,0.1,2.0918251640922634,1.985424393777056,1.985424393777056,0.0965735902799726
F_gaussian_local_d2_rate1,FR--R,2,1.0,0.5,48,0.1,2.093353004220076,1.9868718593626573,1.9868718593626575,0.0965735902799726
F_gaussian_local_d2_rate1,FR--R,2,1.0,0.5,49,0.1,2.094730075526822,1.9881764841581624,1.9881764841581628,0.0965735902799726
F_gaussian_local_d2_rate1,FR--R,2,1.0,0.5,50,0.1,2.0959710755136145,1.9893521934572005,1.9893521934572,0.0965735902799726
F_gaussian_local_d2_rate1,FR--R,2,1.0,0.5,51,0.1,2.0970893030738926,1.9904115873027663,1.9904115873027663,0.0965735902799726
F_gaussian_local_d2_rate1,FR--R,2,1.0,0.5,52,0.1,2.098096785082273,1.991366060468371,1.9913660604683712,0.0965735902799726
F_gaussian_local_d2_rate1,FR--R,2,1.0,0.5,53,0.1,2.0990043927970627,1.9922259127604047,1.9922259127604056,0.0965735902799726
F_gaussian_local_d2_rate1,FR--R,2,1.0,0.5,54,0.1,2.0998219486041827,1.99300045018603,1.99300045018603,0.0965735902799726
F_gaussian_local_d2_rate1,FR--R,2,1.0,0.5,55,0.1,2.1005583237377214,1.993698077552364,1.993698077552364,0.0965735902799726
F_gaussian_local_d2_rate1,FR--R,2,1.0,0.5,56,0.1,2.1012215275718793,1.994326383068918,1.9943263830689175,0.0965735902799726
F_gaussian_local_d2_rate1,FR--R,2,1.0,0.5,57,0.1,2.101818789039155,1.994892215519692,1.994892215519692,0.0965735902799726
F_gaussian_local_d2_rate1,FR--R,2,1.0,0.5,58,0.1,2.1023566308412414,1.995401754557228,1.995401754557228,0.0965735902799726
F_gaussian_local_d2_rate1,FR--R,2,1.0,0.5,59,0.1,2.1028409369191765,1.9958605746506115,1.9958605746506113,0.0965735902799726
F_gaussian_local_d2_rate1,FR--R,2,1.0,0.5,60,0.1,2.1032770137884125,1.9962737031948332,1.9962737031948337,0.0965735902799726
F_gaussian_local_d2_rate1,FR--R,2,1.0,0.5,61,0.1,2.1036696462214124,1.9966456732616515,1.996645673261652,0.0965735902799726
F_gaussian_local_d2_rate1,FR--R,2,1.0,0.5,62,0.1,2.104023147713396,1.9969805714432567,1.9969805714432567,0.0965735902799726
F_gaussian_local_d2_rate1,FR--R,2,1.0,0.5,63,0.1,2.1043414062862453,1.997282081210598,1.9972820812105976,0.0965735902799726
F_gaussian_local_d2_rate1,FR--R,2,1.0,0.5,64,0.1,2.104627925902609,1.997553522178856,1.9975535221788552,0.0965735902799726
F_gaussian_local_d2_rate1,FR--R,2,1.0,0.5,65,0.1,2.1048858639790615,1.9977978856437235,1.9977978856437235,0.0965735902799726
F_gaussian_local_d2_rate1,FR--R,2,1.0,0.5,66,0.1,2.105118065304157,1.9980178667243345,1.9980178667243345,0.0965735902799726
F_gaussian_local_d2_rate1,FR--R,2,1.0,0.5,67,0.1,2.105327092732961,1.9982158934220056,1.9982158934220056,0.0965735902799726
F_gaussian_local_d2_rate1,FR--R,2,1.0,0.5,68,0.1,2.1055152548931013,1.9983941528787188,1.9983941528787188,0.0965735902799726
F_gaussian_local_d2_rate1,FR--R,2,1.0,0.5,69,0.1,2.1056846311823145,1.9985546150954567,1.9985546150954567,0.0965735902799726
F_gaussian_local_d2_rate1,FR--R,2,1.0,0.5,70,0.1,2.1058370944370552,1.9986990543482297,1.9986990543482297,0.0965735902799726
F_gaussian_local_d2_rate1,FR--R,2,1.0,0.5,71,0.1,2.105974331305632,1.9988290685189156,1.9988290685189152,0.0965735902799726
F_gaussian_local_d2_rate1,FR--R,2,1.0,0.5,72,0.1,2.1060978606162153,1.9989460965387584,1.9989460965387584,0.0965735902799726
F_gaussian_local_d2_rate1,FR--R,2,1.0,0.5,73,0.1,2.106209050076999,1.9990514341246244,1.999051434124624,0.0965735902799726
F_gaussian_local_d2_rate1,FR--R,2,1.0,0.5,74,0.1,2.106309131200619,1.9991462479717128,1.9991462479717124,0.0965735902799726
F_gaussian_local_d2_rate1,FR--R,2,1.0,0.5,75,0.1,2.106399212776295,1.9992315885513947,1.9992315885513945,0.0965735902799726
F_gaussian_local_d2_rate1,FR--R,2,1.0,0.5,76,0.1,2.1064802931525817,1.9993084016490397,1.9993084016490392,0.0965735902799726
F_gaussian_local_d2_rate1,FR--R,2,1.0,0.5,77,0.1,2.106553271123099,1.9993775387640924,1.9993775387640924,0.0965735902799726
F_gaussian_local_d2_rate1,FR--R,2,1.0,0.5,78,0.1,2.1066189558732944,1.9994397664831367,1.9994397664831371,0.0965735902799726
F_gaussian_local_d2_rate1,FR--R,2,1.0,0.5,79,0.1,2.1066780758506005,1.9994957749261857,1.9994957749261852,0.0965735902799726
F_gaussian_local_d2_rate1,FR--R,2,1.0,0.5,80,0.1,2.1067312867789223,1.9995461853568732,1.9995461853568732,0.0965735902799726
F_gaussian_local_d2_rate1,FR--R,2,1.0,0.5,81,0.1,2.1067791790977055,1.9995915570385556,1.9995915570385552,0.0965735902799726
F_gaussian_local_d2_rate1,FR--R,2,1.0,0.5,82,0.1,2.10682228410752,1.9996323934103992,1.9996323934103992,0.0965735902799726
F_gaussian_local_d2_rate1,FR--R,2,1.0,0.5,83,0.1,2.106861080243405,1.9996691476504056,1.9996691476504056,0.0965735902799726
F_gaussian_local_d2_rate1,FR--R,2,1.0,0.5,84,0.1,2.106895998022011,1.999702227685816,1.9997022276858156,0.0965735902799726
F_gaussian_local_d2_rate1,FR--R,2,1.0,0.5,85,0.1,2.106927425089144,1.9997320007054555,1.9997320007054555,0.0965735902799726
F_gaussian_local_d2_rate1,FR--R,2,1.0,0.5,86,0.1,2.106955710289683,1.9997587972232649,1.9997587972232649,0.0965735902799726
F_gaussian_local_d2_rate1,FR--R,2,1.0,0.5,87,0.1,2.106981167667228,1.9997829147374293,1.9997829147374295,0.0965735902799726
F_gaussian_local_d2_rate1,FR--R,2,1.0,0.5,88,0.1,2.107004079848198,1.9998046210251883,1.9998046210251887,0.0965735902799726
F_gaussian_local_d2_rate1,FR--R,2,1.0,0.5,89,0.1,2.1070247012319663,1.999824157109446,1.9998241571094464,0.0965735902799726
F_gaussian_local_d2_rate1,FR--R,2,1.0,0.5,90,0.1,2.107043260858398,1.9998417399297603,1.9998417399297608,0.0965735902799726
F_gaussian_local_d2_rate1,FR--R,2,1.0,0.5,91,0.1,2.1070599649167954,1.9998575647470824,1.9998575647470824,0.0965735902799726
F_gaussian_local_d2_rate1,FR--R,2,1.0,0.5,92,0.1,2.107074998649483,1.9998718073087007,1.9998718073087007,0.0965735902799726
F_gaussian_local_d2_rate1,FR--R,2,1.0,0.5,93,0.1,2.107088529261912,1.9998846257972431,1.9998846257972431,0.0965735902799726
F_gaussian_local_d2_rate1,FR--R,2,1.0,0.5,94,0.1,2.1071007070201526,1.9998961625852345,1.9998961625852345,0.0965735902799726
F_gaussian_local_d2_rate1,FR--R,2,1.0,0.5,95,0.1,2.1071116670895362,1.9999065458145544,1.9999065458145548,0.0965735902799726
F_gaussian_local_d2_rate1,FR--R,2,1.0,0.5,96,0.1,2.1071215312256197,1.9999158908182488,1.9999158908182484,0.0965735902799726
F_gaussian_local_d2_rate1,FR--R,2,1.0,0.5,97,0.1,2.107130409140675,1.999924301400391,1.9999243014003911,0.0965735902799726
F_gaussian_local_d2_rate1,FR--R,2,1.0,0.5,98,0.1,2.1071383992895325,1.9999318709881635,1.9999318709881633,0.0965735902799726
F_gaussian_local_d2_rate1,FR--R,2,1.0,0.5,99,0.1,2.107145590338914,1.9999386836688724,1.9999386836688728,0.0965735902799726
F_gaussian_local_d2_rate1,FR--R,2,1.0,0.5,100,0.1,2.107152062651955,1.9999448151233996,1.9999448151233996,0.0965735902799726
F_gaussian_local_d2_rate1,FR--R,2,1.0,0.5,101,0.1,2.1071578873898695,1.999950333466405,1.9999503334664048,0.0965735902799726
F_gaussian_local_d2_rate1,FR--R,2,1.0,0.5,102,0.1,2.1071631298513314,1.999955300002593,1.9999553000025927,0.0965735902799726
F_gaussian_local_d2_rate1,FR--R,2,1.0,0.5,103,0.1,2.1071678481440737,1.9999597699074243,1.9999597699074243,0.0965735902799726
F_gaussian_local_d2_rate1,FR--R,2,1.0,0.5,104,0.1,2.1071720944311707,1.9999637928398049,1.9999637928398049,0.0965735902799726
F_gaussian_local_d2_rate1,FR--R,2,1.0,0.5,105,0.1,2.1071759162725714,1.999967413493554,1.999967413493554,0.0965735902799726
F_gaussian_local_d2_rate1,FR--R,2,1.0,0.5,106,0.1,2.1071793558143668,1.9999706720937596,1.9999706720937591,0.0965735902799726
F_gaussian_local_d2_rate1,FR--R,2,1.0,0.5,107,0.1,2.1071824518209823,1.999973604843527,1.9999736048435273,0.0965735902799726
F_gaussian_local_d2_rate1,FR--R,2,1.0,0.5,108,0.1,2.107185237648321,1.999976244326081,1.9999762443260811,0.0965735902799726
F_gaussian_local_d2_rate1,FR--R,2,1.0,0.5,109,0.1,2.1071877455604366,1.9999786198666671,1.9999786198666671,0.0965735902799726
F_gaussian_local_d2_rate1,FR--R,2,1.0,0.5,110,0.1,2.107190002270274,1.999980757858288,1.999980757858288,0.0965735902799726
F_gaussian_local_d2_rate1,FR--R,2,1.0,0.5,111,0.1,2.1071920336255587,1.9999826820548725,1.999982682054872,0.0965735902799726
F_gaussian_local_d2_rate1,FR--R,2,1.0,0.5,112,0.1,2.107193861325427,1.999984413835139,1.9999844138351393,0.0965735902799726
F_gaussian_local_d2_rate1,FR--R,2,1.0,0.5,113,0.1,2.1071955065932735,1.9999859724400864,1.9999859724400864,0.0965735902799726
F_gaussian_local_d2_rate1,FR--R,2,1.0,0.5,114,0.1,2.1071969872781247,1.9999873751867312,1.9999873751867312,0.0965735902799726
F_gaussian_local_d2_rate1,FR--R,2,1.0,0.5,115,0.1,2.1071983193142145,1.999988637660488,1.9999886376604876,0.0965735902799726
F_gaussian_local_d2_rate1,FR--R,2,1.0,0.5,116,0.1,2.107199518996038,1.9999897738883063,1.9999897738883063,0.0965735902799726
F_gaussian_local_d2_rate1,FR--R,2,1.0,0.5,117,0.1,2.107200598815418,1.9999907964945085,1.9999907964945087,0.0965735902799726
F_gaussian_local_d2_rate1,FR--R,2,1.0,0.5,118,0.1,2.107201569927115,1.9999917168410344,1.9999917168410344,0.0965735902799726
F_gaussian_local_d2_rate1,FR--R,2,1.0,0.5,119,0.1,2.1072024448827866,1.999992545153672,1.999992545153672,0.0965735902799726
F_gaussian_local_d2_rate1,FR--R,2,1.0,0.5,120,0.1,2.107203230297088,1.9999932906356648,1.9999932906356652,0.0965735902799726
F_gaussian_local_d2_rate1,FR--R,2,1.0,0.5,121,0.1,2.1072039387878303,1.99999396156996,1.99999396156996,0.0965735902799726
F_gaussian_local_d2_rate1,FR--R,2,1.0,0.5,122,0.1,2.1072045776491914,1.999994565411232,1.999994565411232,0.0965735902799726
F_gaussian_local_d2_rate1,FR--R,2,1.0,0.5,123,0.1,2.1072051487498697,1.9999951088687065,1.9999951088687065,0.0965735902799726
F_gaussian_local_d2_rate1,FR--R,2,1.0,0.5,124,0.1,2.1072056664829852,1.999995597980699,1.9999955979806991,0.0965735902799726
F_gaussian_local_d2_rate1,FR--R,2,1.0,0.5,125,0.1,2.107206129499766,1.999996038181709,1.9999960381817088,0.0965735902799726
F_gaussian_local_d2_rate1,FR--R,2,1.0,0.5,126,0.1,2.1072065501786104,1.999996434362792,1.999996434362792,0.0965735902799726
F_gaussian_local_d2_rate1,FR--R,2,1.0,0.5,127,0.1,2.1072069271720095,1.9999967909259089,1.9999967909259089,0.0965735902799726
F_gaussian_local_d2_rate1,FR--R,2,1.0,0.5,128,0.1,2.107207267822819,1.999997111832829,1.9999971118328288,0.0965735902799726
F_gaussian_local_d2_rate1,FR--R,2,1.0,0.5,129,0.1,2.1072075686074556,1.99999740064915,1.9999974006491503,0.0965735902799726
F_gaussian_local_d2_rate1,FR--R,2,1.0,0.5,130,0.1,2.107207844956759,1.9999976605839145,1.9999976605839145,0.0965735902799726
F_gaussian_local_d2_rate1,FR--R,2,1.0,0.5,131,0.1,2.1072080912192273,1.999997894525263,1.9999978945252632,0.0965735902799726
F_gaussian_local_d2_rate1,FR--R,2,1.0,0.5,132,0.1,2.1072083120096297,1.999998105072526,1.9999981050725264,0.0965735902799726
F_gaussian_local_d2_rate1,FR--R,2,1.0,0.5,133,0.1,2.107208517289022,1.9999982945651031,1.9999982945651031,0.0965735902799726
F_gaussian_local_d2_rate1,FR--R,2,1.0,0.5,134,0.1,2.10720869259062,1.9999984651084548,1.9999984651084548,0.0965735902799726
F_gaussian_local_d2_rate1,FR--R,2,1.0,0.5,135,0.1,2.107208857222712,1.999998618597497,1.9999986185974976,0.0965735902799726
F_gaussian_local_d2_rate1,FR--R,2,1.0,0.5,136,0.1,2.1072090018477843,1.9999987567376567,1.9999987567376571,0.0965735902799726
F_gaussian_local_d2_rate1,FR--R,2,1.0,0.5,137,0.1,2.107209139258337,1.999998881063818,1.999998881063818,0.0965735902799726
F_gaussian_local_d2_rate1,FR--R,2,1.0,0.5,138,0.1,2.107209254306102,1.9999989929573772,1.9999989929573772,0.0965735902799726
F_gaussian_local_d2_rate1,FR--R,2,1.0,0.5,139,0.1,2.1072093609588287,1.9999990936615917,1.9999990936615912,0.0965735902799726
F_gaussian_local_d2_rate1,FR--R,2,1.0,0.5,140,0.1,2.107209459015694,1.9999991842953933,1.9999991842953937,0.0965735902799726
F_gaussian_local_d2_rate1,FR--R,2,1.0,0.5,141,0.1,2.1072095355039395,1.9999992658658223,1.9999992658658228,0.0965735902799726
F_gaussian_local_d2_rate1,FR--R,2,1.0,0.5,142,0.1,2.1072096245983234,1.9999993392792148,1.9999993392792148,0.0965735902799726
F_gaussian_local_d2_rate1,FR--R,2,1.0,0.5,143,0.1,2.1072096692409503,1.999999405351273,1.9999994053512729,0.0965735902799726
F_gaussian_local_d2_rate1,FR--R,2,1.0,0.5,144,0.1,2.10720975535453,1.9999994648161283,1.9999994648161283,0.0965735902799726
F_gaussian_local_d2_rate1,FR--R,2,1.0,0.5,145,0.1,2.1072097937706586,1.999999518334502,1.999999518334502,0.0965735902799726
F_gaussian_local_d2_rate1,FR--R,2,1.0,0.5,146,0.1,2.1072098669604866,1.9999995665010404,1.9999995665010408,0.0965735902799726
F_gaussian_local_d2_rate1,FR--R,2,1.0,0.5,147,0.1,2.107209913502477,1.999999609850928,1.999999609850928,0.0965735902799726
F_gaussian_local_d2_rate1,FR--R,2,1.0,0.5,148,0.1,2.1072099393591537,1.9999996488658285,1.999999648865828,0.0965735902799726
F_gaussian_local_d2_rate1,FR--R,2,1.0,0.5,149,0.1,2.1072100008780223,1.9999996839792396,1.999999683979239,0.0965735902799726
F_gaussian_local_d2_rate1,FR--R,2,1.0,0.5,150,0.1,2.107210014757071,1.999999715581311,1.9999997155813112,0.0965735902799726
F_gaussian_local_d2_rate1,FR--R,2,1.0,0.5,151,0.1,2.1072100644903147,1.999999744023176,1.999999744023176,0.0965735902799726
F_gaussian_local_d2_rate1,FR--R,2,1.0,0.5,152,0.1,2.107210101115575,1.999999769620856,1.9999997696208556,0.0965735902799726
F_gaussian_local_d2_rate1,FR--R,2,1.0,0.5,153,0.1,2.1072100846949007,1.999999792658768,1.999999792658768,0.0965735902799726
F_gaussian_local_d2_rate1,FR--R,2,1.0,0.5,154,0.1,2.107210112194911,1.999999813392889,1.999999813392889,0.0965735902799726
F_gaussian_local_d2_rate1,FR--R,2,1.0,0.5,155,0.1,2.1072101603786866,1.999999832053598,1.9999998320535983,0.0965735902799726
F_gaussian_local_d2_rate1,FR--R,2,1.0,0.5,156,0.1,2.1072101434033783,1.9999998488482371,1.9999998488482376,0.0965735902799726
F_gaussian_local_d2_rate1,FR--R,2,1.0,0.5,157,0.1,2.1072101136603107,1.999999863963412,1.9999998639634124,0.0965735902799726
F_gaussian_local_d2_rate1,FR--R,2,1.0,0.5,158,0.1,2.1072102003101776,1.99999987756707,1.99999987756707,0.0965735902799726
F_gaussian_local_d2_rate1,FR--R,2,1.0,0.5,159,0.1,2.1072102191179054,1.999999889810362,1.9999998898103624,0.0965735902799726
F_gaussian_local_d2_rate1,FR--R,2,1.0,0.5,160,0.1,2.1072102036935836,1.9999999008293257,1.9999999008293257,0.0965735902799726
F_gaussian_local_d2_rate1,FR--R,2,1.0,0.5,161,0.1,2.1072102412869125,1.9999999107463928,1.9999999107463928,0.0965735902799726
F_gaussian_local_d2_rate1,FR--R,2,1.0,0.5,162,0.1,2.1072102333014087,1.9999999196717533,1.9999999196717528,0.0965735902799726
F_gaussian_local_d2_rate1,FR--R,2,1.0,0.5,163,0.1,2.1072102585547334,1.9999999277045768,1.9999999277045777,0.0965735902799726
F_gaussian_local_d2_rate1,FR--R,2,1.0,0.5,164,0.1,2.107210275238615,1.9999999349341195,1.9999999349341195,0.0965735902799726
F_gaussian_local_d2_rate1,FR--R,2,1.0,0.5,165,0.1,2.107210245746903,1.9999999414407077,1.9999999414407073,0.0965735902799726
F_gaussian_local_d2_rate1,FR--R,2,1.0,0.5,166,0.1,2.1072101446324774,1.9999999472966368,1.9999999472966368,0.0965735902799726
F_gaussian_local_d2_rate1,FR--R,2,1.0,0.5,167,0.1,2.10721026114293,1.9999999525669725,1.9999999525669725,0.0965735902799726
F_gaussian_local_d2_rate1,FR--R,2,1.0,0.5,168,0.1,2.107210209129341,1.999999957310275,1.9999999573102751,0.0965735902799726
F_gaussian_local_d2_rate1,FR--R,2,1.0,0.5,169,0.1,2.107210223256486,1.9999999615792476,1.9999999615792472,0.0965735902799726
F_gaussian_local_d2_rate1,FR--R,2,1.0,0.5,170,0.1,2.107210327426374,1.9999999654213227,1.9999999654213223,0.0965735902799726
F_gaussian_local_d2_rate1,FR--R,2,1.0,0.5,171,0.1,2.107210043614963,1.9999999688791907,1.9999999688791903,0.0965735902799726
F_gaussian_local_d2_rate1,FR--R,2,1.0,0.5,172,0.1,2.1072102779223325,1.9999999719912709,1.9999999719912709,0.0965735902799726
F_gaussian_local_d2_rate1,FR--R,2,1.0,0.5,173,0.1,2.10721046975293,1.9999999747921435,1.999999974792144,0.0965735902799726
F_gaussian_local_d2_rate1,FR--R,2,1.0,0.5,174,0.1,2.1072102696575254,1.9999999773129296,1.9999999773129296,0.0965735902799726
F_gaussian_local_d2_rate1,FR--R,2,1.0,0.5,175,0.1,2.1072104581532005,1.9999999795816368,1.9999999795816368,0.0965735902799726
F_gaussian_local_d2_rate1,FR--R,2,1.0,0.5,176,0.1,2.1072103131565254,1.999999981623473,1.9999999816234728,0.0965735902799726
F_gaussian_local_d2_rate1,FR--R,2,1.0,0.5,177,0.1,2.107210074478881,1.9999999834611255,1.9999999834611255,0.0965735902799726
F_gaussian_local_d2_rate1,FR--R,2,1.0,0.5,178,0.1,2.1072102468571727,1.999999985115013,1.9999999851150128,0.0965735902799726
F_gaussian_local_d2_rate1,FR--R,2,1.0,0.5,179,0.1,2.107210313156528,1.999999986603512,1.9999999866035116,0.0965735902799726
F_gaussian_local_d2_rate1,FR--R,2,1.0,0.5,180,0.1,2.1072103950075713,1.9999999879431605,1.9999999879431605,0.0965735902799726
F_gaussian_local_d2_rate1,FR--R,2,1.0,0.5,181,0.1,2.1072103131565254,1.9999999891488445,1.9999999891488445,0.0965735902799726
F_gaussian_local_d2_rate1,FR--R,2,1.0,0.5,182,0.1,2.1072106163085467,1.99999999023396,1.99999999023396,0.0965735902799726
F_gaussian_local_d2_rate1,FR--R,2,1.0,0.5,183,0.1,2.1072103131565254,1.999999991210564,1.999999991210564,0.0965735902799726
F_gaussian_local_d2_rate1,FR--R,2,1.0,0.5,184,0.1,2.1072109369261307,1.999999992089508,1.999999992089508,0.0965735902799726
F_gaussian_local_d2_rate1,FR--R,2,1.0,0.5,185,0.1,2.1072103131565294,1.999999992880557,1.9999999928805572,0.0965735902799726
F_gaussian_local_d2_rate1,FR--R,2,1.0,0.5,186,0.1,2.107209697087782,1.9999999935925012,1.9999999935925017,0.0965735902799726
F_gaussian_local_d2_rate1,FR--R,2,1.0,0.5,187,0.1,2.1072096286357165,1.9999999942332516,1.9999999942332511,0.0965735902799726
F_gaussian_local_d2_rate1,FR--R,2,1.0,0.5,188,0.1,2.107210693445859,1.9999999948099256,1.9999999948099256,0.0965735902799726
F_gaussian_local_d2_rate1,FR--R,2,1.0,0.5,189,0.1,2.1072109469720983,1.9999999953289331,1.9999999953289336,0.0965735902799726
F_gaussian_local_d2_rate1,FR--R,2,1.0,0.5,190,0.1,2.1072112521425956,1.9999999957960404,1.99999999579604,0.0965735902799726
F_gaussian_local_d2_rate1,FR--R,2,1.0,0.5,191,0.1,2.107210834815473,1.9999999962164363,1.9999999962164363,0.0965735902799726
F_gaussian_local_d2_rate1,FR--R,2,1.0,0.5,192,0.1,2.107211762209227,1.999999996594793,1.9999999965947928,0.0965735902799726
F_gaussian_local_d2_rate1,FR--R,2,1.0,0.5,193,0.1,2.1072103131565236,1.9999999969353135,1.9999999969353135,0.0965735902799726
F_gaussian_local_d2_rate1,FR--R,2,1.0,0.5,194,0.1,2.1072088819933654,1.9999999972417823,1.9999999972417823,0.0965735902799726
F_gaussian_local_d2_rate1,FR--R,2,1.0,0.5,195,0.1,2.1072107107018385,1.999999997517604,1.999999997517604,0.0965735902799726
F_gaussian_local_d2_rate1,FR--R,2,1.0,0.5,196,0.1,2.1072089880055143,1.9999999977658436,1.9999999977658436,0.0965735902799726
F_gaussian_local_d2_rate1,FR--R,2,1.0,0.5,197,0.1,2.107212276343239,1.999999997989259,1.999999997989259,0.0965735902799726
F_gaussian_local_d2_rate1,FR--R,2,1.0,0.5,198,0.1,2.1072119491456056,1.9999999981903336,1.9999999981903336,0.0965735902799726
F_gaussian_local_d2_rate1,FR--R,2,1.0,0.5,199,0.1,2.107212736844296,1.9999999983713,1.9999999983713,0.0965735902799726
F_gaussian_local_d2_rate1.5,FR--KL,2,1.5,0.75,0,0.1,1.4464132315925153,1.5,1.5,0.0188410362258904
F_gaussian_local_d2_rate1.5,FR--KL,2,1.5,0.75,1,0.1,1.4788369079725483,1.5348837209302324,1.5348837209302324,0.0188410362258904
F_gaussian_local_d2_rate1.5,FR--KL,2,1.5,0.75,2,0.1,1.5096012684065778,1.5680345572354215,1.5680345572354215,0.0188410362258904
F_gaussian_local_d2_rate1.5,FR--KL,2,1.5,0.75,3,0.1,1.5387015705198992,1.5994392149008614,1.5994392149008614,0.0188410362258904
F_gaussian_local_d2_rate1.5,FR--KL,2,1.5,0.75,4,0.1,1.5661478313048987,1.6291007547799643,1.6291007547799643,0.0188410362258904
F_gaussian_local_d2_rate1.5,FR--KL,2,1.5,0.75,5,0.1,1.5919630998275094,1.6570368325293705,1.6570368325293705,0.0188410362258904
F_gaussian_local_d2_rate1.5,FR--KL,2,1.5,0.75,6,0.1,1.616181675186696,1.683277846251348,1.6832778462513482,0.0188410362258904
F_gaussian_local_d2_rate1.5,FR--KL,2,1.5,0.75,7,0.1,1.638847329626602,1.7078650598913878,1.7078650598913878,0.0188410362258904
F_gaussian_local_d2_rate1.5,FR--KL,2,1.5,0.75,8,0.1,1.6600115861791493,1.730848759836474,1.7308487598364741,0.0188410362258904
F_gaussian_local_d2_rate1.5,FR--KL,2,1.5,0.75,9,0.1,1.679732089421924,1.752286490842476,1.752286490842476,0.0188410362258904
F_gaussian_local_d2_rate1.5,FR--KL,2,1.5,0.75,10,0.1,1.6980710975325388,1.7722414061971743,1.7722414061971745,0.0188410362258904
F_gaussian_local_d2_rate1.5,FR--KL,2,1.5,0.75,11,0.1,1.7150941143141691,1.7907807565113647,1.790780756511365,0.0188410362258904
F_gaussian_local_d2_rate1.5,FR--KL,2,1.5,0.75,12,0.1,1.7308686715533501,1.8079745321414256,1.8079745321414256,0.0188410362258904
F_gaussian_local_d2_rate1.5,FR--KL,2,1.5,0.75,13,0.1,1.745463265116763,1.823894266223064,1.823894266223064,0.0188410362258904
F_gaussian_local_d2_rate1.5,FR--KL,2,1.5,0.75,14,0.1,1.7589464426290853,1.83861199873068,1.83861199873068,0.0188410362258904
F_gaussian_local_d2_rate1.5,FR--KL,2,1.5,0.75,15,0.1,1.7713860363308611,1.852199396849305,1.852199396849305,0.0188410362258904
F_gaussian_local_d2_rate1.5,FR--KL,2,1.5,0.75,16,0.1,1.7828485316844167,1.8647270231553847,1.8647270231553847,0.0188410362258904
F_gaussian_local_d2_rate1.5,FR--KL,2,1.5,0.75,17,0.1,1.7933985603034934,1.8762637404973248,1.8762637404973248,0.0188410362258904
F_gaussian_local_d2_rate1.5,FR--KL,2,1.5,0.75,18,0.1,1.80309850467206,1.886876240869583,1.8868762408695832,0.0188410362258904
F_gaussian_local_d2_rate1.5,FR--KL,2,1.5,0.75,19,0.1,1.812008201700372,1.8966286848013705,1.8966286848013705,0.0188410362258904
F_gaussian_local_d2_rate1.5,FR--KL,2,1.5,0.75,20,0.1,1.8201847322906461,1.905582437655912,1.905582437655912,0.0188410362258904
F_gaussian_local_d2_rate1.5,FR--KL,2,1.5,0.75,21,0.1,1.8276822846077712,1.9137958895977285,1.913795889597728,0.0188410362258904
F_gaussian_local_d2_rate1.5,FR--KL,2,1.5,0.75,22,0.1,1.8345520795382078,1.921324346693224,1.921324346693224,0.0188410362258904
F_gaussian_local_d2_rate1.5,FR--KL,2,1.5,0.75,23,0.1,1.840842347786844,1.928219981546284,1.9282199815462833,0.0188410362258904
F_gaussian_local_d2_rate1.5,FR--KL,2,1.5,0.75,24,0.1,1.8465983491105542,1.934531832940272,1.934531832940272,0.0188410362258904
F_gaussian_local_d2_rate1.5,FR--KL,2,1.5,0.75,25,0.1,1.8518624252734885,1.940305845086321,1.9403058450863209,0.0188410362258904
F_gaussian_local_d2_rate1.5,FR--KL,2,1.5,0.75,26,0.1,1.856674079364357,1.9455849382090105,1.9455849382090105,0.0188410362258904
F_gaussian_local_d2_rate1.5,FR--KL,2,1.5,0.75,27,0.1,1.8610700751359082,1.950409103294167,1.9504091032941673,0.0188410362258904
F_gaussian_local_d2_rate1.5,FR--KL,2,1.5,0.75,28,0.1,1.8650845509629683,1.9548155148521669,1.954815514852167,0.0188410362258904
F_gaussian_local_d2_rate1.5,FR--KL,2,1.5,0.75,29,0.1,1.8687491438841815,1.95883865649678,1.95883865649678,0.0188410362258904
F_gaussian_local_d2_rate1.5,FR--KL,2,1.5,0.75,30,0.1,1.872093119951999,1.9625104549952668,1.9625104549952668,0.0188410362258904
F_gaussian_local_d2_rate1.5,FR--KL,2,1.5,0.75,31,0.1,1.8751435078010188,1.9658604192070344,1.9658604192070344,0.0188410362258904
F_gaussian_local_d2_rate1.5,FR--KL,2,1.5,0.75,32,0.1,1.8779252329481555,1.9689157809970297,1.96891578099703,0.0188410362258904
F_gaussian_local_d2_rate1.5,FR--KL,2,1.5,0.75,33,0.1,1.8804612508381104,1.9717016357904584,1.9717016357904584,0.0188410362258904
F_gaussian_local_d2_rate1.5,FR--KL,2,1.5,0.75,34,0.1,1.8827726770943014,1.974241080933444,1.974241080933444,0.0188410362258904
F_gaussian_local_d2_rate1.5,FR--KL,2,1.5,0.75,35,0.1,1.8848789137982476,1.9765553504472049,1.9765553504472049,0.0188410362258904
F_gaussian_local_d2_rate1.5,FR--KL,2,1.5,0.75,36,0.1,1.886797770951158,1.9786639451188437,1.9786639451188432,0.0188410362258904
F_gaussian_local_d2_rate1.5,FR--KL,2,1.5,0.75,37,0.1,1.8885455824876234,1.9805847571677395,1.9805847571677395,0.0188410362258904
F_gaussian_local_d2_rate1.5,FR--KL,2,1.5,0.75,38,0.1,1.8901373164709878,1.9823341889701735,1.9823341889701735,0.0188410362258904
F_gaussian_local_d2_rate1.5,FR--KL,2,1.5,0.75,39,0.1,1.8915866792340987,1.98392726552334,1.983927265523339,0.0188410362258904
F_gaussian_local_d2_rate1.5,FR--KL,2,1.5,0.75,40,0.1,1.8929062133642323,1.9853777404896469,1.9853777404896464,0.0188410362258904
F_gaussian_local_d2_rate1.5,FR--KL,2,1.5,0.75,41,0.1,1.894107389585169,1.9866981957890808,1.9866981957890817,0.0188410362258904
F_gaussian_local_d2_rate1.5,FR--KL,2,1.5,0.75,42,0.1,1.895200692595866,1.9879001348065384,1.9879001348065384,0.0188410362258904
F_gaussian_local_d2_rate1.5,FR--KL,2,1.5,0.75,43,0.1,1.8961957010624402,1.9889940693569843,1.9889940693569843,0.0188410362258904
F_gaussian_local_d2_rate1.5,FR--KL,2,1.5,0.75,44,0.1,1.8971011619589089,1.989989600608104,1.989989600608104,0.0188410362258904
F_gaussian_local_d2_rate1.5,FR--KL,2,1.5,0.75,45,0.1,1.8979250595156456,1.9908954942010344,1.9908954942010344,0.0188410362258904
F_gaussian_local_d2_rate1.5,FR--KL,2,1.5,0.75,46,0.1,1.898674679001398,1.9917197498379575,1.991719749837958,0.0188410362258904
F_gaussian_local_d2_rate1.5,FR--KL,2,1.5,0.75,47,0.1,1.899356665683414,1.992469665623032,1.992469665623032,0.0188410362258904
F_gaussian_local_d2_rate1.5,FR--KL,2,1.5,0.75,48,0.1,1.8999770791786643,1.993151897452664,1.993151897452664,0.0188410362258904
F_gaussian_local_d2_rate1.5,FR--KL,2,1.5,0.75,49,0.1,1.9005414435297079,1.9937725137540387,1.9937725137540387,0.0188410362258904
F_gaussian_local_d2_rate1.5,FR--KL,2,1.5,0.75,50,0.1,1.9010547932694901,1.9943370458687184,1.9943370458687184,0.0188410362258904
F_gaussian_local_d2_rate1.5,FR--KL,2,1.5,0.75,51,0.1,1.9015217157385145,1.9948505343721237,1.9948505343721232,0.0188410362258904
F_gaussian_local_d2_rate1.5,FR--KL,2,1.5,0.75,52,0.1,1.9019463899450388,1.995317571610837,1.9953175716108371,0.0188410362258904
F_gaussian_local_d2_rate1.5,FR--KL,2,1.5,0.75,53,0.1,1.9023326221625798,1.995742340728732,1.995742340728732,0.0188410362258904
F_gaussian_local_d2_rate1.5,FR--KL,2,1.5,0.75,54,0.1,1.9026838786096836,1.9961286514405252,1.9961286514405256,0.0188410362258904
F_gaussian_local_d2_rate1.5,FR--KL,2,1.5,0.75,55,0.1,1.9030033153248151,1.9964799727981024,1.9964799727981024,0.0188410362258904
F_gaussian_local_d2_rate1.5,FR--KL,2,1.5,0.75,56,0.1,1.9032938055031883,1.9967994631811536,1.9967994631811536,0.0188410362258904
F_gaussian_local_d2_rate1.5,FR--KL,2,1.5,0.75,57,0.1,1.903557964504608,1.997089997729713,1.9970899977297127,0.0188410362258904
F_gaussian_local_d2_rate1.5,FR--KL,2,1.5,0.75,58,0.1,1.9037981727387887,1.997354193422324,1.997354193422324,0.0188410362258904
F_gaussian_local_d2_rate1.5,FR--KL,2,1.5,0.75,59,0.1,1.9040165965094669,1.9975944319899464,1.9975944319899464,0.0188410362258904
F_gaussian_local_d2_rate1.5,FR--KL,2,1.5,0.75,60,0.1,1.9042152070986795,1.9978128808425024,1.9978128808425024,0.0188410362258904
F_gaussian_local_d2_rate1.5,FR--KL,2,1.5,0.75,61,0.1,1.904395798184333,1.9980115121722823,1.9980115121722823,0.0188410362258904
F_gaussian_local_d2_rate1.5,FR--KL,2,1.5,0.75,62,0.1,1.9045600016293784,1.9981921203863209,1.9981921203863209,0.0188410362258904
F_gaussian_local_d2_rate1.5,FR--KL,2,1.5,0.75,63,0.1,1.9047093020906203,1.998356338008336,1.9983563380083365,0.0188410362258904
F_gaussian_local_d2_rate1.5,FR--KL,2,1.5,0.75,64,0.1,1.904845050107069,1.998505650180033,1.9985056501800331,0.0188410362258904
F_gaussian_local_d2_rate1.5,FR--KL,2,1.5,0.75,65,0.1,1.9049684742046191,1.998641407881308,1.998641407881308,0.0188410362258904
F_gaussian_local_d2_rate1.5,FR--KL,2,1.5,0.75,66,0.1,1.9050806918224268,1.998764839979431,1.998764839979431,0.0188410362258904
F_gaussian_local_d2_rate1.5,FR--KL,2,1.5,0.75,67,0.1,1.9051827193220263,1.998877064208329,1.998877064208329,0.0188410362258904
F_gaussian_local_d2_rate1.5,FR--KL,2,1.5,0.75,68,0.1,1.9052754810785772,1.9989790971708292,1.9989790971708297,0.0188410362258904
F_gaussian_local_d2_rate1.5,FR--KL,2,1.5,0.75,69,0.1,1.9053598177900457,1.9990718634490623,1.9990718634490623,0.0188410362258904
F_gaussian_local_d2_rate1.5,FR--KL,2,1.5,0.75,70,0.1,1.9054364940135577,1.9991562039010569,1.9991562039010569,0.0188410362258904
F_gaussian_local_d2_rate1.5,FR--KL,2,1.5,0.75,71,0.1,1.9055062050311569,1.999232883215045,1.9992328832150448,0.0188410362258904
F_gaussian_local_d2_rate1.5,FR--KL,2,1.5,0.75,72,0.1,1.9055695831098118,1.999302596786872,1.999302596786872,0.0188410362258904
F_gaussian_local_d2_rate1.5,FR--KL,2,1.5,0.75,73,0.1,1.905627203195061,1.999365976980352,1.999365976980352,0.0188410362258904
F_gaussian_local_d2_rate1.5,FR--KL,2,1.5,0.75,74,0.1,1.9056795881641888,1.9994235988252456,1.999423598825246,0.0188410362258904
F_gaussian_local_d2_rate1.5,FR--KL,2,1.5,0.75,75,0.1,1.9057272133180774,1.9994759852028263,1.9994759852028263,0.0188410362258904
F_gaussian_local_d2_rate1.5,FR--KL,2,1.5,0.75,76,0.1,1.905770510991121,1.999523611564633,1.9995236115646335,0.0188410362258904
F_gaussian_local_d2_rate1.5,FR--KL,2,1.5,0.75,77,0.1,1.9058098742102263,1.9995669102260771,1.9995669102260776,0.0188410362258904
F_gaussian_local_d2_rate1.5,FR--KL,2,1.5,0.75,78,0.1,1.9058456604353675,1.9996062742728615,1.9996062742728615,0.0188410362258904
F_gaussian_local_d2_rate1.5,FR--KL,2,1.5,0.75,79,0.1,1.9058781944313001,1.999642061114886,1.9996420611148864,0.0188410362258904
F_gaussian_local_d2_rate1.5,FR--KL,2,1.5,0.75,80,0.1,1.9059077717960315,1.9996745957192208,1.9996745957192212,0.0188410362258904
F_gaussian_local_d2_rate1.5,FR--KL,2,1.5,0.75,81,0.1,1.9059346610938372,1.9997041735509649,1.9997041735509649,0.0188410362258904
F_gaussian_local_d2_rate1.5,FR--KL,2,1.5,0.75,82,0.1,1.9059591067288013,1.9997310632482124,1.9997310632482128,0.0188410362258904
F_gaussian_local_d2_rate1.5,FR--KL,2,1.5,0.75,83,0.1,1.905981330393767,1.9997555090550765,1.999755509055076,0.0188410362258904
F_gaussian_local_d2_rate1.5,FR--KL,2,1.5,0.75,84,0.1,1.9060015342217147,1.9997777330345123,1.9997777330345123,0.0188410362258904
F_gaussian_local_d2_rate1.5,FR--KL,2,1.5,0.75,85,0.1,1.9060199016183983,1.9997979370808336,1.9997979370808336,0.0188410362258904
F_gaussian_local_d2_rate1.5,FR--KL,2,1.5,0.75,86,0.1,1.906036599692675,1.9998163047499395,1.999816304749939,0.0188410362258904
F_gaussian_local_d2_rate1.5,FR--KL,2,1.5,0.75,87,0.1,1.9060517799757066,1.999833002923737,1.9998330029237368,0.0188410362258904
F_gaussian_local_d2_rate1.5,FR--KL,2,1.5,0.75,88,0.1,1.9060655804255657,1.9998481833237185,1.999848183323718,0.0188410362258904
F_gaussian_local_d2_rate1.5,FR--KL,2,1.5,0.75,89,0.1,1.9060781265601459,1.999861983887328,1.999861983887328,0.0188410362258904
F_gaussian_local_d2_rate1.5,FR--KL,2,1.5,0.75,90,0.1,1.9060895320609899,1.9998745300195315,1.9998745300195313,0.0188410362258904
F_gaussian_local_d2_rate1.5,FR--KL,2,1.5,0.75,91,0.1,1.9060999009908204,1.9998859357308625,1.9998859357308625,0.0188410362258904
F_gaussian_local_d2_rate1.5,FR--KL,2,1.5,0.75,92,0.1,1.9061093275487262,1.9998963046722416,1.9998963046722416,0.0188410362258904
F_gaussian_local_d2_rate1.5,FR--KL,2,1.5,0.75,93,0.1,1.9061178969895054,1.9999057310758908,1.9999057310758908,0.0188410362258904
F_gaussian_local_d2_rate1.5,FR--KL,2,1.5,0.75,94,0.1,1.9061256873354333,1.9999143006108653,1.9999143006108653,0.0188410362258904
F_gaussian_local_d2_rate1.5,FR--KL,2,1.5,0.75,95,0.1,1.9061327698530883,1.9999220911609343,1.9999220911609343,0.0188410362258904
F_gaussian_local_d2_rate1.5,FR--KL,2,1.5,0.75,96,0.1,1.9061392082324347,1.9999291735318496,1.9999291735318496,0.0188410362258904
F_gaussian_local_d2_rate1.5,FR--KL,2,1.5,0.75,97,0.1,1.9061450617378795,1.999935612094392,1.999935612094392,0.0188410362258904
F_gaussian_local_d2_rate1.5,FR--KL,2,1.5,0.75,98,0.1,1.9061503825922932,1.9999414653690424,1.9999414653690424,0.0188410362258904
F_gaussian_local_d2_rate1.5,FR--KL,2,1.5,0.75,99,0.1,1.9061552201244254,1.9999467865575455,1.9999467865575455,0.0188410362258904
F_gaussian_local_d2_rate1.5,FR--KL,2,1.5,0.75,100,0.1,1.9061596180233993,1.999951624026212,1.999951624026212,0.0188410362258904
F_gaussian_local_d2_rate1.5,FR--KL,2,1.5,0.75,101,0.1,1.9061636158681967,1.999956021745307,1.9999560217453072,0.0188410362258904
F_gaussian_local_d2_rate1.5,FR--KL,2,1.5,0.75,102,0.1,1.9061672504333604,1.99996001968854,1.99996001968854,0.0188410362258904
F_gaussian_local_d2_rate1.5,FR--KL,2,1.5,0.75,103,0.1,1.9061705548599808,1.9999636541962584,1.9999636541962584,0.0188410362258904
F_gaussian_local_d2_rate1.5,FR--KL,2,1.5,0.75,104,0.1,1.906173558347754,1.9999669583056483,1.999966958305648,0.0188410362258904
F_gaussian_local_d2_rate1.5,FR--KL,2,1.5,0.75,105,0.1,1.906176288564181,1.99996996205093,1.9999699620509304,0.0188410362258904
F_gaussian_local_d2_rate1.5,FR--KL,2,1.5,0.75,106,0.1,1.9061787713856466,1.999972692736288,1.999972692736288,0.0188410362258904
F_gaussian_local_d2_rate1.5,FR--KL,2,1.5,0.75,107,0.1,1.9061810281680374,1.999975175183994,1.999975175183994,0.0188410362258904
F_gaussian_local_d2_rate1.5,FR--KL,2,1.5,0.75,108,0.1,1.9061830797156565,1.9999774319599832,1.9999774319599832,0.0188410362258904
F_gaussian_local_d2_rate1.5,FR--KL,2,1.5,0.75,109,0.1,1.9061849455753472,1.999979483578939,1.9999794835789388,0.0188410362258904
F_gaussian_local_d2_rate1.5,FR--KL,2,1.5,0.75,110,0.1,1.9061866413864237,1.9999813486907327,1.9999813486907336,0.0188410362258904
F_gaussian_local_d2_rate1.5,FR--KL,2,1.5,0.75,111,0.1,1.9061881820724806,1.9999830442499291,1.9999830442499291,0.0188410362258904
F_gaussian_local_d2_rate1.5,FR--KL,2,1.5,0.75,112,0.1,1.9061895822567678,1.9999845856698737,1.999984585669874,0.0188410362258904
F_gaussian_local_d2_rate1.5,FR--KL,2,1.5,0.75,113,0.1,1.9061908574540734,1.9999859869627936,1.9999859869627936,0.0188410362258904
F_gaussian_local_d2_rate1.5,FR--KL,2,1.5,0.75,114,0.1,1.9061920153094454,1.9999872608671527,1.9999872608671532,0.0188410362258904
F_gaussian_local_d2_rate1.5,FR--KL,2,1.5,0.75,115,0.1,1.906193068013984,1.9999884189634332,1.9999884189634336,0.0188410362258904
F_gaussian_local_d2_rate1.5,FR--KL,2,1.5,0.75,116,0.1,1.9061940252557363,1.9999894717793971,1.9999894717793976,0.0188410362258904
F_gaussian_local_d2_rate1.5,FR--KL,2,1.5,0.75,117,0.1,1.9061948958762986,1.999990428885781,1.9999904288857808,0.0188410362258904
F_gaussian_local_d2_rate1.5,FR--KL,2,1.5,0.75,118,0.1,1.906195686048107,1.9999912989832889,1.9999912989832889,0.0188410362258904
F_gaussian_local_d2_rate1.5,FR--KL,2,1.5,0.75,119,0.1,1.9061964044979558,1.99999208998168,1.9999920899816792,0.0188410362258904
F_gaussian_local_d2_rate1.5,FR--KL,2,1.5,0.75,120,0.1,1.906197058567305,1.999992809071668,1.9999928090716683,0.0188410362258904
F_gaussian_local_d2_rate1.5,FR--KL,2,1.5,0.75,121,0.1,1.9061976541646422,1.999993462790289,1.999993462790289,0.0188410362258904
F_gaussian_local_d2_rate1.5,FR--KL,2,1.5,0.75,122,0.1,1.906198193414539,1.999994057080315,1.9999940570803152,0.0188410362258904
F_gaussian_local_d2_rate1.5,FR--KL,2,1.5,0.75,123,0.1,1.9061986862172033,1.9999945973442816,1.9999945973442816,0.0188410362258904
F_gaussian_local_d2_rate1.5,FR--KL,2,1.5,0.75,124,0.1,1.906199129702775,1.999995088493596,1.999995088493596,0.0188410362258904
F_gaussian_local_d2_rate1.5,FR--KL,2,1.5,0.75,125,0.1,1.906199533348201,1.9999955349931808,1.9999955349931808,0.0188410362258904
F_gaussian_local_d2_rate1.5,FR--KL,2,1.5,0.75,126,0.1,1.9061999026534977,1.9999959409020671,1.9999959409020671,0.0188410362258904
F_gaussian_local_d2_rate1.5,FR--KL,2,1.5,0.75,127,0.1,1.9062002437159697,1.9999963099102889,1.9999963099102889,0.0188410362258904
F_gaussian_local_d2_rate1.5,FR--KL,2,1.5,0.75,128,0.1,1.906200545629579,1.9999966453724276,1.9999966453724272,0.0188410362258904
F_gaussian_local_d2_rate1.5,FR--KL,2,1.5,0.75,129,0.1,1.9062008268470831,1.9999969503381048,1.9999969503381052,0.0188410362258904
F_gaussian_local_d2_rate1.5,FR--KL,2,1.5,0.75,130,0.1,1.9062010716332127,1.9999972275797115,1.999997227579712,0.0188410362258904
F_gaussian_local_d2_rate1.5,FR--KL,2,1.5,0.75,131,0.1,1.9062013019738326,1.9999974796176017,1.9999974796176017,0.0188410362258904
F_gaussian_local_d2_rate1.5,FR--KL,2,1.5,0.75,132,0.1,1.9062015072989063,1.9999977087430116,1.9999977087430112,0.0188410362258904
F_gaussian_local_d2_rate1.5,FR--KL,2,1.5,0.75,133,0.1,1.9062017047812987,1.999997917038884,1.999997917038884,0.0188410362258904
F_gaussian_local_d2_rate1.5,FR--KL,2,1.5,0.75,134,0.1,1.9062018735299626,1.9999981063988064,1.9999981063988064,0.0188410362258904
F_gaussian_local_d2_rate1.5,FR--KL,2,1.5,0.75,135,0.1,1.906202021676992,1.9999982785442207,1.9999982785442207,0.0188410362258904
F_gaussian_local_d2_rate1.5,FR--KL,2,1.5,0.75,136,0.1,1.9062021789374677,1.9999984350400772,1.9999984350400777,0.0188410362258904
F_gaussian_local_d2_rate1.5,FR--KL,2,1.5,0.75,137,0.1,1.9062022966171122,1.9999985773090605,1.9999985773090607,0.0188410362258904
F_gaussian_local_d2_rate1.5,FR--KL,2,1.5,0.75,138,0.1,1.9062024303723193,1.9999987066445168,1.9999987066445168,0.0188410362258904
F_gaussian_local_d2_rate1.5,FR--KL,2,1.5,0.75,139,0.1,1.9062025268227811,1.999998824222219,1.9999988242222193,0.0188410362258904
F_gaussian_local_d2_rate1.5,FR--KL,2,1.5,0.75,140,0.1,1.9062026147509799,1.9999989311110515,1.999998931111051,0.0188410362258904
F_gaussian_local_d2_rate1.5,FR--KL,2,1.5,0.75,141,0.1,1.9062027085637037,1.9999990282827265,1.9999990282827265,0.0188410362258904
F_gaussian_local_d2_rate1.5,FR--KL,2,1.5,0.75,142,0.1,1.9062027982757515,1.999999116620621,1.9999991166206208,0.0188410362258904
F_gaussian_local_d2_rate1.5,FR--KL,2,1.5,0.75,143,0.1,1.9062028440229632,1.9999991969278053,1.9999991969278053,0.0188410362258904
F_gaussian_local_d2_rate1.5,FR--KL,2,1.5,0.75,144,0.1,1.9062029202800168,1.9999992699343407,1.9999992699343407,0.0188410362258904
F_gaussian_local_d2_rate1.5,FR--KL,2,1.5,0.75,145,0.1,1.9062030052576784,1.999999336303924,1.999999336303924,0.0188410362258904
F_gaussian_local_d2_rate1.5,FR--KL,2,1.5,0.75,146,0.1,1.9062030830758094,1.999999396639913,1.9999993966399128,0.0188410362258904
F_gaussian_local_d2_rate1.5,FR--KL,2,1.5,0.75,147,0.1,1.9062030860199266,1.9999994514908157,1.999999451490816,0.0188410362258904
F_gaussian_local_d2_rate1.5,FR--KL,2,1.5,0.75,148,0.1,1.906203155243255,1.9999995013552745,1.9999995013552745,0.0188410362258904
F_gaussian_local_d2_rate1.5,FR--KL,2,1.5,0.75,149,0.1,1.9062031826735149,1.9999995466866032,1.9999995466866032,0.0188410362258904
F_gaussian_local_d2_rate1.5,FR--KL,2,1.5,0.75,150,0.1,1.9062031984459082,1.9999995878969032,1.9999995878969032,0.0188410362258904
F_gaussian_local_d2_rate1.5,FR--KL,2,1.5,0.75,151,0.1,1.9062032736635686,1.9999996253608137,1.9999996253608137,0.0188410362258904
F_gaussian_local_d2_rate1.5,FR--KL,2,1.5,0.75,152,0.1,1.9062032440291126,1.999999659418916,1.999999659418916,0.0188410362258904
F_gaussian_local_d2_rate1.5,FR--KL,2,1.5,0.75,153,0.1,1.9062032934475437,1.999999690380828,1.9999996903808273,0.0188410362258904
F_gaussian_local_d2_rate1.5,FR--KL,2,1.5,0.75,154,0.1,1.9062033278709347,1.9999997185280212,1.9999997185280207,0.0188410362258904
F_gaussian_local_d2_rate1.5,FR--KL,2,1.5,0.75,155,0.1,1.906203363527828,1.9999997441163797,1.9999997441163793,0.0188410362258904
F_gaussian_local_d2_rate1.5,FR--KL,2,1.5,0.75,156,0.1,1.9062034070891942,1.9999997673785237,1.9999997673785237,0.0188410362258904
F_gaussian_local_d2_rate1.5,FR--KL,2,1.5,0.75,157,0.1,1.9062033503900055,1.999999788525928,1.9999997885259289,0.0188410362258904
F_gaussian_local_d2_rate1.5,FR--KL,2,1.5,0.75,158,0.1,1.9062034366987715,1.9999998077508412,1.9999998077508416,0.0188410362258904
F_gaussian_local_d2_rate1.5,FR--KL,2,1.5,0.75,159,0.1,1.9062035249395175,1.9999998252280369,1.9999998252280369,0.0188410362258904
F_gaussian_local_d2_rate1.5,FR--KL,2,1.5,0.75,160,0.1,1.9062034814890312,1.9999998411163964,1.9999998411163964,0.0188410362258904
F_gaussian_local_d2_rate1.5,FR--KL,2,1.5,0.75,161,0.1,1.9062035253714833,1.9999998555603595,1.9999998555603595,0.0188410362258904
F_gaussian_local_d2_rate1.5,FR--KL,2,1.5,0.75,162,0.1,1.9062035149179528,1.9999998686912357,1.9999998686912352,0.0188410362258904
F_gaussian_local_d2_rate1.5,FR--KL,2,1.5,0.75,163,0.1,1.906203503080871,1.9999998806283952,1.9999998806283952,0.0188410362258904
F_gaussian_local_d2_rate1.5,FR--KL,2,1.5,0.75,164,0.1,1.9062034405811037,1.9999998914803585,1.9999998914803592,0.0188410362258904
F_gaussian_local_d2_rate1.5,FR--KL,2,1.5,0.75,165,0.1,1.9062035960864927,1.9999999013457803,1.99999990134578,0.0188410362258904
F_gaussian_local_d2_rate1.5,FR--KL,2,1.5,0.75,166,0.1,1.9062036753124008,1.999999910314345,1.9999999103143455,0.0188410362258904
F_gaussian_local_d2_rate1.5,FR--KL,2,1.5,0.75,167,0.1,1.9062036287671793,1.9999999184675872,1.9999999184675872,0.0188410362258904
F_gaussian_local_d2_rate1.5,FR--KL,2,1.5,0.75,168,0.1,1.9062034822487728,1.9999999258796244,1.9999999258796248,0.0188410362258904
F_gaussian_local_d2_rate1.5,FR--KL,2,1.5,0.75,169,0.1,1.9062035235898351,1.99999993261784,1.9999999326178404,0.0188410362258904
F_gaussian_local_d2_rate1.5,FR--KL,2,1.5,0.75,170,0.1,1.906203400345522,1.9999999387434912,1.9999999387434912,0.0188410362258904
F_gaussian_local_d2_rate1.5,FR--KL,2,1.5,0.75,171,0.1,1.9062036200103853,1.999999944312264,1.999999944312264,0.0188410362258904
F_gaussian_local_d2_rate1.5,FR--KL,2,1.5,0.75,172,0.1,1.9062034469608717,1.999999949374785,1.9999999493747855,0.0188410362258904
F_gaussian_local_d2_rate1.5,FR--KL,2,1.5,0.75,173,0.1,1.9062036250344072,1.999999953977077,1.9999999539770776,0.0188410362258904
F_gaussian_local_d2_rate1.5,FR--KL,2,1.5,0.75,174,0.1,1.9062034474871947,1.9999999581609795,1.9999999581609795,0.0188410362258904
F_gaussian_local_d2_rate1.5,FR--KL,2,1.5,0.75,175,0.1,1.9062040981398232,1.9999999619645263,1.9999999619645263,0.0188410362258904
F_gaussian_local_d2_rate1.5,FR--KL,2,1.5,0.75,176,0.1,1.9062039043238848,1.9999999654222984,1.9999999654222975,0.0188410362258904
F_gaussian_local_d2_rate1.5,FR--KL,2,1.5,0.75,177,0.1,1.9062033841732702,1.9999999685657253,1.9999999685657257,0.0188410362258904
F_gaussian_local_d2_rate1.5,FR--KL,2,1.5,0.75,178,0.1,1.9062035805461712,1.9999999714233871,1.9999999714233867,0.0188410362258904
F_gaussian_local_d2_rate1.5,FR--KL,2,1.5,0.75,179,0.1,1.906202963596188,1.9999999740212608,1.9999999740212608,0.0188410362258904
F_gaussian_local_d2_rate1.5,FR--KL,2,1.5,0.75,180,0.1,1.9062035208714028,1.999999976382964,1.9999999763829632,0.0188410362258904
F_gaussian_local_d2_rate1.5,FR--KL,2,1.5,0.75,181,0.1,1.9062033065084865,1.9999999785299667,1.9999999785299665,0.0188410362258904
F_gaussian_local_d2_rate1.5,FR--KL,2,1.5,0.75,182,0.1,1.9062040056324618,1.999999980481788,1.9999999804817876,0.0188410362258904
F_gaussian_local_d2_rate1.5,FR--KL,2,1.5,0.75,183,0.1,1.9062031455858433,1.9999999822561711,1.9999999822561711,0.0188410362258904
F_gaussian_local_d2_rate1.5,FR--KL,2,1.5,0.75,184,0.1,1.9062034584334826,1.9999999838692453,1.999999983869246,0.0188410362258904
F_gaussian_local_d2_rate1.5,FR--KL,2,1.5,0.75,185,0.1,1.9062034143845212,1.9999999853356785,1.999999985335678,0.0188410362258904
F_gaussian_local_d2_rate1.5,FR--KL,2,1.5,0.75,186,0.1,1.9062039625185911,1.9999999866687976,1.999999986668798,0.0188410362258904
F_gaussian_local_d2_rate1.5,FR--KL,2,1.5,0.75,187,0.1,1.9062032662974377,1.9999999878807255,1.9999999878807255,0.0188410362258904
F_gaussian_local_d2_rate1.5,FR--KL,2,1.5,0.75,188,0.1,1.9062015807095123,1.9999999889824776,1.9999999889824776,0.0188410362258904
F_gaussian_local_d2_rate1.5,FR--KL,2,1.5,0.75,189,0.1,1.9062047488818856,1.99999998998407,1.9999999899840697,0.0188410362258904
F_gaussian_local_d2_rate1.5,FR--KL,2,1.5,0.75,190,0.1,1.906202962048763,1.999999990894609,1.9999999908946096,0.0188410362258904
F_gaussian_local_d2_rate1.5,FR--KL,2,1.5,0.75,191,0.1,1.9062040789302577,1.999999991722372,1.999999991722372,0.0188410362258904
F_gaussian_local_d2_rate1.5,FR--KL,2,1.5,0.75,192,0.1,1.906204776371579,1.999999992474884,1.9999999924748837,0.0188410362258904
F_gaussian_local_d2_rate1.5,FR--KL,2,1.5,0.75,193,0.1,1.9062018433624723,1.9999999931589856,1.9999999931589856,0.0188410362258904
F_gaussian_local_d2_rate1.5,FR--KL,2,1.5,0.75,194,0.1,1.9062002399452285,1.9999999937808952,1.9999999937808952,0.0188410362258904
F_gaussian_local_d2_rate1.5,FR--KL,2,1.5,0.75,195,0.1,1.9062030462502366,1.999999994346268,1.9999999943462676,0.0188410362258904
F_gaussian_local_d2_rate1.5,FR--KL,2,1.5,0.75,196,0.1,1.906201004003107,1.9999999948602436,1.9999999948602432,0.0188410362258904
F_gaussian_local_d2_rate1.5,FR--KL,2,1.5,0.75,197,0.1,1.9062024555694774,1.9999999953274932,1.9999999953274932,0.0188410362258904
F_gaussian_local_d2_rate1.5,FR--KL,2,1.5,0.75,198,0.1,1.9062021324231384,1.9999999957522667,1.9999999957522665,0.0188410362258904
F_gaussian_local_d2_rate1.5,FR--KL,2,1.5,0.75,199,0.1,1.9062004910303225,1.9999999961384245,1.9999999961384236,0.0188410362258904
F_gaussian_local_d2_rate1.5,FR--R,2,1.5,0.75,0,0.1,1.5796815318453266,1.5,1.5,0.0188410362258904
F_gaussian_local_d2_rate1.5,FR--R,2,1.5,0.75,1,0.1,1.6197275363515256,1.5379726807866432,1.537972680786643,0.0188410362258904
F_gaussian_local_d2_rate1.5,FR--R,2,1.5,0.75,2,0.1,1.6576354781106106,1.573915516359268,1.573915516359268,0.0188410362258904
F_gaussian_local_d2_rate1.5,FR--R,2,1.5,0.75,3,0.1,1.693381498512081,1.607806291878989,1.607806291878989,0.0188410362258904
F_gaussian_local_d2_rate1.5,FR--R,2,1.5,0.75,4,0.1,1.7269662690948562,1.6396460307910807,1.639646030791081,0.0188410362258904
F_gaussian_local_d2_rate1.5,FR--R,2,1.5,0.75,5,0.1,1.7584122932728348,1.669456429483077,1.669456429483077,0.0188410362258904
F_gaussian_local_d2_rate1.5,FR--R,2,1.5,0.75,6,0.1,1.787761002563261,1.6972770992627249,1.697277099262725,0.0188410362258904
F_gaussian_local_d2_rate1.5,FR--R,2,1.5,0.75,7,0.1,1.8150697805805363,1.7231627418205775,1.723162741820578,0.0188410362258904
F_gaussian_local_d2_rate1.5,FR--R,2,1.5,0.75,8,0.1,1.8404090278574572,1.7471803651127156,1.7471803651127154,0.0188410362258904
F_gaussian_local_d2_rate1.5,FR--R,2,1.5,0.75,9,0.1,1.8638593579396656,1.7694066251171257,1.7694066251171259,0.0188410362258904
F_gaussian_local_d2_rate1.5,FR--R,2,1.5,0.75,10,0.1,1.885508992270269,1.789925357168896,1.7899253571688958,0.0188410362258904
F_gaussian_local_d2_rate1.5,FR--R,2,1.5,0.75,11,0.1,1.9054513997538975,1.8088253400862613,1.8088253400862613,0.0188410362258904
F_gaussian_local_d2_rate1.5,FR--R,2,1.5,0.75,12,0.1,1.923783207658894,1.826198318097407,1.8261983180974073,0.0188410362258904
F_gaussian_local_d2_rate1.5,FR--R,2,1.5,0.75,13,0.1,1.9406023943163404,1.842137290254375,1.8421372902543751,0.0188410362258904
F_gaussian_local_d2_rate1.5,FR--R,2,1.5,0.75,14,0.1,1.9560067611269705,1.8567350647900047,1.8567350647900052,0.0188410362258904
F_gaussian_local_d2_rate1.5,FR--R,2,1.5,0.75,15,0.1,1.970092671637483,1.8700830666674488,1.8700830666674488,0.0188410362258904
F_gaussian_local_d2_rate1.5,FR--R,2,1.5,0.75,16,0.1,1.9829540386062656,1.882270380127484,1.8822703801274836,0.0188410362258904
F_gaussian_local_d2_rate1.5,FR--R,2,1.5,0.75,17,0.1,1.994681535665527,1.893383003981228,1.893383003981228,0.0188410362258904
F_gaussian_local_d2_rate1.5,FR--R,2,1.5,0.75,18,0.1,2.0053620079484338,1.9035032953010944,1.9035032953010949,0.0188410362258904
F_gaussian_local_d2_rate1.5,FR--R,2,1.5,0.75,19,0.1,2.0150780554378014,1.9127095766058704,1.9127095766058704,0.0188410362258904
F_gaussian_local_d2_rate1.5,FR--R,2,1.5,0.75,20,0.1,2.0239077633930656,1.9210758822226155,1.9210758822226153,0.0188410362258904
F_gaussian_local_d2_rate1.5,FR--R,2,1.5,0.75,21,0.1,2.0319245556642653,1.928671820893628,1.928671820893628,0.0188410362258904
F_gaussian_local_d2_rate1.5,FR--R,2,1.5,0.75,22,0.1,2.039197148687698,1.9355625335935376,1.935562533593538,0.0188410362258904
F_gaussian_local_d2_rate1.5,FR--R,2,1.5,0.75,23,0.1,2.0457895862575315,1.941808727700213,1.9418087277002127,0.0188410362258904
F_gaussian_local_d2_rate1.5,FR--R,2,1.5,0.75,24,0.1,2.0517613375674904,1.94746677094844,1.94746677094844,0.0188410362258904
F_gaussian_local_d2_rate1.5,FR--R,2,1.5,0.75,25,0.1,2.05716744340966,1.952588830859623,1.952588830859623,0.0188410362258904
F_gaussian_local_d2_rate1.5,FR--R,2,1.5,0.75,26,0.1,2.0620586976888524,1.9572230474962344,1.9572230474962344,0.0188410362258904
F_gaussian_local_d2_rate1.5,FR--R,2,1.5,0.75,27,0.1,2.066481853511339,1.961413729380752,1.9614137293807516,0.0188410362258904
F_gaussian_local_d2_rate1.5,FR--R,2,1.5,0.75,28,0.1,2.0704798450049404,1.9652015642142209,1.9652015642142209,0.0188410362258904
F_gaussian_local_d2_rate1.5,FR--R,2,1.5,0.75,29,0.1,2.0740920177018967,1.968623837616811,1.9686238376168113,0.0188410362258904
F_gaussian_local_d2_rate1.5,FR--R,2,1.5,0.75,30,0.1,2.0773543617717958,1.971714654492224,1.971714654492224,0.0188410362258904
F_gaussian_local_d2_rate1.5,FR--R,2,1.5,0.75,31,0.1,2.0802997436446065,1.9745051587988185,1.9745051587988187,0.0188410362258904
F_gaussian_local_d2_rate1.5,FR--R,2,1.5,0.75,32,0.1,2.0829581326121467,1.977023748507608,1.9770237485076072,0.0188410362258904
F_gaussian_local_d2_rate1.5,FR--R,2,1.5,0.75,33,0.1,2.0853568198754475,1.9792962833585857,1.9792962833585857,0.0188410362258904
F_gaussian_local_d2_rate1.5,FR--R,2,1.5,0.75,34,0.1,2.0875206282382077,1.9813462837111828,1.9813462837111828,0.0188410362258904
F_gaussian_local_d2_rate1.5,FR--R,2,1.5,0.75,35,0.1,2.089472111224102,1.983195119340852,1.983195119340852,0.0188410362258904
F_gaussian_local_d2_rate1.5,FR--R,2,1.5,0.75,36,0.1,2.091231740862948,1.984862187480016,1.984862187480016,0.0188410362258904
F_gaussian_local_d2_rate1.5,FR--R,2,1.5,0.75,37,0.1,2.0928180837897044,1.9863650797544083,1.9863650797544088,0.0188410362258904
F_gaussian_local_d2_rate1.5,FR--R,2,1.5,0.75,38,0.1,2.0942479655600805,1.9877197379404024,1.9877197379404024,0.0188410362258904
F_gaussian_local_d2_rate1.5,FR--R,2,1.5,0.75,39,0.1,2.0955366233190604,1.9889405986784376,1.988940598678438,0.0188410362258904
F_gaussian_local_d2_rate1.5,FR--R,2,1.5,0.75,40,0.1,2.0966978471490068,1.9900407274338172,1.9900407274338172,0.0188410362258904
F_gaussian_local_d2_rate1.5,FR--R,2,1.5,0.75,41,0.1,2.0977441104900203,1.9910319421088785,1.9910319421088785,0.0188410362258904
F_gaussian_local_d2_rate1.5,FR--R,2,1.5,0.75,42,0.1,2.0986866901672627,1.9919249267883683,1.9919249267883687,0.0188410362258904
F_gaussian_local_d2_rate1.5,FR--R,2,1.5,0.75,43,0.1,2.0995357765568086,1.992729336149848,1.992729336149848,0.0188410362258904
F_gaussian_local_d2_rate1.5,FR--R,2,1.5,0.75,44,0.1,2.1003005745180205,1.9934538910991293,1.9934538910991288,0.0188410362258904
F_gaussian_local_d2_rate1.5,FR--R,2,1.5,0.75,45,0.1,2.1009893956526895,1.994106466201996,1.9941064662019952,0.0188410362258904
F_gaussian_local_d2_rate1.5,FR--R,2,1.5,0.75,46,0.1,2.101609742512891,1.99469416948174,1.9946941694817404,0.0188410362258904
F_gaussian_local_d2_rate1.5,FR--R,2,1.5,0.75,47,0.1,2.102168385355762,1.9952234151407824,1.9952234151407824,0.0188410362258904
F_gaussian_local_d2_rate1.5,FR--R,2,1.5,0.75,48,0.1,2.102671431989884,1.9956999897462688,1.9956999897462688,0.0188410362258904
F_gaussian_local_d2_rate1.5,FR--R,2,1.5,0.75,49,0.1,2.103124391271032,1.9961291123963745,1.9961291123963745,0.0188410362258904
F_gaussian_local_d2_rate1.5,FR--R,2,1.5,0.75,50,0.1,2.1035322307663225,1.9965154893575336,1.9965154893575336,0.0188410362258904
F_gaussian_local_d2_rate1.5,FR--R,2,1.5,0.75,51,0.1,2.10389942908266,1.9968633636344693,1.9968633636344697,0.0188410362258904
F_gaussian_local_d2_rate1.5,FR--R,2,1.5,0.75,52,0.1,2.104230023275714,1.9971765599055664,1.9971765599055664,0.0188410362258904
F_gaussian_local_d2_rate1.5,FR--R,2,1.5,0.75,53,0.1,2.104527651820176,1.9974585252266484,1.997458525226648,0.0188410362258904
F_gaussian_local_d2_rate1.5,FR--R,2,1.5,0.75,54,0.1,2.104795593501115,1.9977123658771807,1.9977123658771807,0.0188410362258904
F_gaussian_local_d2_rate1.5,FR--R,2,1.5,0.75,55,0.1,2.1050368025837716,1.9979408806946768,1.9979408806946772,0.0188410362258904
F_gaussian_local_d2_rate1.5,FR--R,2,1.5,0.75,56,0.1,2.105253940667253,1.9981465912159744,1.9981465912159744,0.0188410362258904
F_gaussian_local_d2_rate1.5,FR--R,2,1.5,0.75,57,0.1,2.105449405362395,1.998331768918288,1.998331768918288,0.0188410362258904
F_gaussian_local_d2_rate1.5,FR--R,2,1.5,0.75,58,0.1,2.10562535634358,1.9984984598285895,1.9984984598285895,0.0188410362258904
F_gaussian_local_d2_rate1.5,FR--R,2,1.5,0.75,59,0.1,2.1057837387700378,1.9986485067470523,1.9986485067470527,0.0188410362258904
F_gaussian_local_d2_rate1.5,FR--R,2,1.5,0.75,60,0.1,2.105926304471829,1.9987835693089984,1.9987835693089984,0.0188410362258904
F_gaussian_local_d2_rate1.5,FR--R,2,1.5,0.75,61,0.1,2.106054631009036,1.9989051420900017,1.9989051420900017,0.0188410362258904
F_gaussian_local_d2_rate1.5,FR--R,2,1.5,0.75,62,0.1,2.1061701390118905,1.999014570940508,1.999014570940508,0.0188410362258904
F_gaussian_local_d2_rate1.5,FR--R,2,1.5,0.75,63,0.1,2.106274107643197,1.9991130677194555,1.9991130677194553,0.0188410362258904
F_gaussian_local_d2_rate1.5,FR--R,2,1.5,0.75,64,0.1,2.1063676886913614,1.9992017235808448,1.9992017235808448,0.0188410362258904
F_gaussian_local_d2_rate1.5,FR--R,2,1.5,0.75,65,0.1,2.1064519191302153,1.999281520952997,1.9992815209529968,0.0188410362258904
F_gaussian_local_d2_rate1.5,FR--R,2,1.5,0.75,66,0.1,2.106527732594218,1.9993533443371725,1.9993533443371727,0.0188410362258904
F_gaussian_local_d2_rate1.5,FR--R,2,1.5,0.75,67,0.1,2.106595969639152,1.99941799004036,1.99941799004036,0.0188410362258904
F_gaussian_local_d2_rate1.5,FR--R,2,1.5,0.75,68,0.1,2.1066573869696756,1.9994761749461447,1.9994761749461447,0.0188410362258904
F_gaussian_local_d2_rate1.5,FR--R,2,1.5,0.75,69,0.1,2.1067126658199977,1.999528544417704,1.999528544417704,0.0188410362258904
F_gaussian_local_d2_rate1.5,FR--R,2,1.5,0.75,70,0.1,2.106762419393672,1.999575679417964,1.999575679417964,0.0188410362258904
F_gaussian_local_d2_rate1.5,FR--R,2,1.5,0.75,71,0.1,2.1068071997387134,1.9996181029237976,1.9996181029237976,0.0188410362258904
F_gaussian_local_d2_rate1.5,FR--R,2,1.5,0.75,72,0.1,2.1068475037340098,1.9996562857036957,1.9996562857036952,0.0188410362258904
F_gaussian_local_d2_rate1.5,FR--R,2,1.5,0.75,73,0.1,2.106883778747691,1.99969065152165,1.9996906515216497,0.0188410362258904
F_gaussian_local_d2_rate1.5,FR--R,2,1.5,0.75,74,0.1,2.106916427384609,1.999721581823866,1.999721581823866,0.0188410362258904
F_gaussian_local_d2_rate1.5,FR--R,2,1.5,0.75,75,0.1,2.1069458120546685,1.999749419959411,1.9997494199594112,0.0188410362258904
F_gaussian_local_d2_rate1.5,FR--R,2,1.5,0.75,76,0.1,2.1069722590243227,1.999774474980909,1.9997744749809088,0.0188410362258904
F_gaussian_local_d2_rate1.5,FR--R,2,1.5,0.75,77,0.1,2.10699606185341,1.9997970250668813,1.9997970250668813,0.0188410362258904
F_gaussian_local_d2_rate1.5,FR--R,2,1.5,0.75,78,0.1,2.1070174849401293,1.9998173206032384,1.9998173206032388,0.0188410362258904
F_gaussian_local_d2_rate1.5,FR--R,2,1.5,0.75,79,0.1,2.107036766091824,1.9998355869577489,1.9998355869577489,0.0188410362258904
F_gaussian_local_d2_rate1.5,FR--R,2,1.5,0.75,80,0.1,2.107054119470439,1.9998520269779647,1.9998520269779656,0.0188410362258904
F_gaussian_local_d2_rate1.5,FR--R,2,1.5,0.75,81,0.1,2.1070697377040006,1.9998668232401045,1.9998668232401045,0.0188410362258904
F_gaussian_local_d2_rate1.5,FR--R,2,1.5,0.75,82,0.1,2.1070837943592684,1.999880140073629,1.9998801400736288,0.0188410362258904
F_gaussian_local_d2_rate1.5,FR--R,2,1.5,0.75,83,0.1,2.1070964455054075,1.99989212538386,1.99989212538386,0.0188410362258904
F_gaussian_local_d2_rate1.5,FR--R,2,1.5,0.75,84,0.1,2.107107831710359,1.9999029122927177,1.9999029122927177,0.0188410362258904
F_gaussian_local_d2_rate1.5,FR--R,2,1.5,0.75,85,0.1,2.1071180793455437,1.9999126206157087,1.9999126206157087,0.0188410362258904
F_gaussian_local_d2_rate1.5,FR--R,2,1.5,0.75,86,0.1,2.1071273022924033,1.9999213581914672,1.9999213581914672,0.0188410362258904
F_gaussian_local_d2_rate1.5,FR--R,2,1.5,0.75,87,0.1,2.107135603148718,1.9999292220785545,1.9999292220785545,0.0188410362258904
F_gaussian_local_d2_rate1.5,FR--R,2,1.5,0.75,88,0.1,2.107143073717216,1.9999362996327463,1.9999362996327463,0.0188410362258904
F_gaussian_local_d2_rate1.5,FR--R,2,1.5,0.75,89,0.1,2.107149797601911,1.9999426694767288,1.9999426694767288,0.0188410362258904
F_gaussian_local_d2_rate1.5,FR--R,2,1.5,0.75,90,0.1,2.1071558489602804,1.9999484023729328,1.9999484023729328,0.0188410362258904
F_gaussian_local_d2_rate1.5,FR--R,2,1.5,0.75,91,0.1,2.107161295264664,1.9999535620091795,1.9999535620091795,0.0188410362258904
F_gaussian_local_d2_rate1.5,FR--R,2,1.5,0.75,92,0.1,2.107166196942283,1.9999582057058285,1.999958205705828,0.0188410362258904
F_gaussian_local_d2_rate1.5,FR--R,2,1.5,0.75,93,0.1,2.1071706084288953,1.9999623850522736,1.999962385052274,0.0188410362258904
F_gaussian_local_d2_rate1.5,FR--R,2,1.5,0.75,94,0.1,2.107174578983916,1.99996614647984,1.9999661464798395,0.0188410362258904
F_gaussian_local_d2_rate1.5,FR--R,2,1.5,0.75,95,0.1,2.107178152076804,1.9999695317774175,1.9999695317774175,0.0188410362258904
F_gaussian_local_d2_rate1.5,FR--R,2,1.5,0.75,96,0.1,2.107181367960517,1.9999725785555809,1.9999725785555809,0.0188410362258904
F_gaussian_local_d2_rate1.5,FR--R,2,1.5,0.75,97,0.1,2.1071842629573974,1.9999753206643052,1.9999753206643056,0.0188410362258904
F_gaussian_local_d2_rate1.5,FR--R,2,1.5,0.75,98,0.1,2.1071868679525627,1.9999777885689445,1.999977788568944,0.0188410362258904
F_gaussian_local_d2_rate1.5,FR--R,2,1.5,0.75,99,0.1,2.107189212655908,1.999980009688616,1.999980009688616,0.0188410362258904
F_gaussian_local_d2_rate1.5,FR--R,2,1.5,0.75,100,0.1,2.107191322352008,1.9999820087007727,1.9999820087007731,0.0188410362258904
F_gaussian_local_d2_rate1.5,FR--R,2,1.5,0.75,101,0.1,2.1071932212510225,1.9999838078153205,1.9999838078153207,0.0188410362258904
F_gaussian_local_d2_rate1.5,FR--R,2,1.5,0.75,102,0.1,2.1071949305955893,1.9999854270213349,1.9999854270213344,0.0188410362258904
F_gaussian_local_d2_rate1.5,FR--R,2,1.5,0.75,103,0.1,2.1071964692256038,1.9999868843091133,1.9999868843091135,0.0188410362258904
F_gaussian_local_d2_rate1.5,FR--R,2,1.5,0.75,104,0.1,2.1071978534174605,1.9999881958700316,1.9999881958700312,0.0188410362258904
F_gaussian_local_d2_rate1.5,FR--R,2,1.5,0.75,105,0.1,2.1071990990765963,1.9999893762764096,1.9999893762764096,0.0188410362258904
F_gaussian_local_d2_rate1.5,FR--R,2,1.5,0.75,106,0.1,2.107200221110279,1.999990438643408,1.999990438643408,0.0188410362258904
F_gaussian_local_d2_rate1.5,FR--R,2,1.5,0.75,107,0.1,2.107201229594469,1.9999913947747243,1.9999913947747248,0.0188410362258904
F_gaussian_local_d2_rate1.5,FR--R,2,1.5,0.75,108,0.1,2.1072021382428177,1.9999922552937348,1.9999922552937348,0.0188410362258904
F_gaussian_local_d2_rate1.5,FR--R,2,1.5,0.75,109,0.1,2.1072029553901688,1.999993029761512,1.999993029761512,0.0188410362258904
F_gaussian_local_d2_rate1.5,FR--R,2,1.5,0.75,110,0.1,2.107203691496332,1.9999937267830528,1.9999937267830532,0.0188410362258904
F_gaussian_local_d2_rate1.5,FR--R,2,1.5,0.75,111,0.1,2.107204354279493,1.9999943541028788,1.9999943541028784,0.0188410362258904
F_gaussian_local_d2_rate1.5,FR--R,2,1.5,0.75,112,0.1,2.1072049496268628,1.9999949186910768,1.9999949186910768,0.0188410362258904
F_gaussian_local_d2_rate1.5,FR--R,2,1.5,0.75,113,0.1,2.107205487030894,1.9999954268207425,1.9999954268207427,0.0188410362258904
F_gaussian_local_d2_rate1.5,FR--R,2,1.5,0.75,114,0.1,2.1072059694634278,1.9999958841376757,1.9999958841376753,0.0188410362258904
F_gaussian_local_d2_rate1.5,FR--R,2,1.5,0.75,115,0.1,2.10720640462212,1.999996295723103,1.9999962957231032,0.0188410362258904
F_gaussian_local_d2_rate1.5,FR--R,2,1.5,0.75,116,0.1,2.107206796367217,1.9999966661501412,1.9999966661501416,0.0188410362258904
F_gaussian_local_d2_rate1.5,FR--R,2,1.5,0.75,117,0.1,2.107207145976228,1.9999969995345996,1.9999969995345996,0.0188410362258904
F_gaussian_local_d2_rate1.5,FR--R,2,1.5,0.75,118,0.1,2.1072074628390363,1.9999972995807125,1.999997299580712,0.0188410362258904
F_gaussian_local_d2_rate1.5,FR--R,2,1.5,0.75,119,0.1,2.1072077491278716,1.9999975696222945,1.9999975696222945,0.0188410362258904
F_gaussian_local_d2_rate1.5,FR--R,2,1.5,0.75,120,0.1,2.107208005641555,1.9999978126597848,1.9999978126597848,0.0188410362258904
F_gaussian_local_d2_rate1.5,FR--R,2,1.5,0.75,121,0.1,2.107208234260242,1.999998031393579,1.9999980313935792,0.0188410362258904
F_gaussian_local_d2_rate1.5,FR--R,2,1.5,0.75,122,0.1,2.107208447480559,1.9999982282540367,1.9999982282540367,0.0188410362258904
F_gaussian_local_d2_rate1.5,FR--R,2,1.5,0.75,123,0.1,2.1072086288465313,1.9999984054284847,1.9999984054284847,0.0188410362258904
F_gaussian_local_d2_rate1.5,FR--R,2,1.5,0.75,124,0.1,2.1072088040957584,1.9999985648855152,1.9999985648855152,0.0188410362258904
F_gaussian_local_d2_rate1.5,FR--R,2,1.5,0.75,125,0.1,2.1072089447214783,1.9999987083968664,1.9999987083968664,0.0188410362258904
F_gaussian_local_d2_rate1.5,FR--R,2,1.5,0.75,126,0.1,2.1072090859881336,1.9999988375571005,1.9999988375571,0.0188410362258904
F_gaussian_local_d2_rate1.5,FR--R,2,1.5,0.75,127,0.1,2.107209205266759,1.9999989538013256,1.9999989538013256,0.0188410362258904
F_gaussian_local_d2_rate1.5,FR--R,2,1.5,0.75,128,0.1,2.1072093132730934,1.999999058421141,1.9999990584211411,0.0188410362258904
F_gaussian_local_d2_rate1.5,FR--R,2,1.5,0.75,129,0.1,2.1072094170346247,1.9999991525789849,1.9999991525789849,0.0188410362258904
F_gaussian_local_d2_rate1.5,FR--R,2,1.5,0.75,130,0.1,2.10720951349829,1.999999237321052,1.999999237321052,0.0188410362258904
F_gaussian_local_d2_rate1.5,FR--R,2,1.5,0.75,131,0.1,2.107209589266006,1.99999931358892,1.9999993135889191,0.0188410362258904
F_gaussian_local_d2_rate1.5,FR--R,2,1.5,0.75,132,0.1,2.1072096589953055,1.9999993822300048,1.9999993822300048,0.0188410362258904
F_gaussian_local_d2_rate1.5,FR--R,2,1.5,0.75,133,0.1,2.107209710557889,1.9999994440069864,1.9999994440069864,0.0188410362258904
F_gaussian_local_d2_rate1.5,FR--R,2,1.5,0.75,134,0.1,2.1072098063070865,1.9999994996062729,1.9999994996062729,0.0188410362258904
F_gaussian_local_d2_rate1.5,FR--R,2,1.5,0.75,135,0.1,2.1072098255906098,1.999999549645634,1.999999549645634,0.0188410362258904
F_gaussian_local_d2_rate1.5,FR--R,2,1.5,0.75,136,0.1,2.107209894373327,1.9999995946810607,1.9999995946810607,0.0188410362258904
F_gaussian_local_d2_rate1.5,FR--R,2,1.5,0.75,137,0.1,2.107209926296077,1.999999635212947,1.9999996352129472,0.0188410362258904
F_gaussian_local_d2_rate1.5,FR--R,2,1.5,0.75,138,0.1,2.1072099810036247,1.9999996716916464,1.999999671691646,0.0188410362258904
F_gaussian_local_d2_rate1.5,FR--R,2,1.5,0.75,139,0.1,2.1072100042159283,1.9999997045224764,1.9999997045224764,0.0188410362258904
F_gaussian_local_d2_rate1.5,FR--R,2,1.5,0.75,140,0.1,2.107210040398163,1.999999734070225,1.999999734070225,0.0188410362258904
F_gaussian_local_d2_rate1.5,FR--R,2,1.5,0.75,141,0.1,2.1072100904966384,1.999999760663199,1.9999997606631992,0.0188410362258904
F_gaussian_local_d2_rate1.5,FR--R,2,1.5,0.75,142,0.1,2.107210116152923,1.9999997845968764,1.9999997845968769,0.0188410362258904
F_gaussian_local_d2_rate1.5,FR--R,2,1.5,0.75,143,0.1,2.1072101044447047,1.9999998061371869,1.9999998061371873,0.0188410362258904
F_gaussian_local_d2_rate1.5,FR--R,2,1.5,0.75,144,0.1,2.107210168924776,1.9999998255234663,1.9999998255234663,0.0188410362258904
F_gaussian_local_d2_rate1.5,FR--R,2,1.5,0.75,145,0.1,2.1072101843220725,1.9999998429711183,1.9999998429711188,0.0188410362258904
F_gaussian_local_d2_rate1.5,FR--R,2,1.5,0.75,146,0.1,2.1072101595327846,1.999999858674006,1.999999858674006,0.0188410362258904
F_gaussian_local_d2_rate1.5,FR--R,2,1.5,0.75,147,0.1,2.1072102006542908,1.9999998728066049,1.9999998728066044,0.0188410362258904
F_gaussian_local_d2_rate1.5,FR--R,2,1.5,0.75,148,0.1,2.10721023125835,1.9999998855259435,1.999999885525943,0.0188410362258904
F_gaussian_local_d2_rate1.5,FR--R,2,1.5,0.75,149,0.1,2.1072102221585483,1.9999998969733483,1.9999998969733488,0.0188410362258904
F_gaussian_local_d2_rate1.5,FR--R,2,1.5,0.75,150,0.1,2.1072103025134914,1.9999999072760133,1.9999999072760133,0.0188410362258904
F_gaussian_local_d2_rate1.5,FR--R,2,1.5,0.75,151,0.1,2.1072102481157393,1.999999916548412,1.999999916548412,0.0188410362258904
F_gaussian_local_d2_rate1.5,FR--R,2,1.5,0.75,152,0.1,2.1072101292027803,1.9999999248935705,1.9999999248935705,0.0188410362258904
F_gaussian_local_d2_rate1.5,FR--R,2,1.5,0.75,153,0.1,2.107210225559512,1.9999999324042128,1.9999999324042128,0.0188410362258904
F_gaussian_local_d2_rate1.5,FR--R,2,1.5,0.75,154,0.1,2.107210175272327,1.9999999391637917,1.9999999391637913,0.0188410362258904
F_gaussian_local_d2_rate1.5,FR--R,2,1.5,0.75,155,0.1,2.1072102590842956,1.999999945247412,1.999999945247412,0.0188410362258904
F_gaussian_local_d2_rate1.5,FR--R,2,1.5,0.75,156,0.1,2.1072102831163932,1.999999950722671,1.9999999507226704,0.0188410362258904
F_gaussian_local_d2_rate1.5,FR--R,2,1.5,0.75,157,0.1,2.1072102352747093,1.9999999556504036,1.9999999556504031,0.0188410362258904
F_gaussian_local_d2_rate1.5,FR--R,2,1.5,0.75,158,0.1,2.1072102513455646,1.9999999600853628,1.9999999600853628,0.0188410362258904
F_gaussian_local_d2_rate1.5,FR--R,2,1.5,0.75,159,0.1,2.1072104367784577,1.9999999640768265,1.9999999640768265,0.0188410362258904
F_gaussian_local_d2_rate1.5,FR--R,2,1.5,0.75,160,0.1,2.107210297894558,1.999999967669144,1.999999967669144,0.0188410362258904
F_gaussian_local_d2_rate1.5,FR--R,2,1.5,0.75,161,0.1,2.1072101774945984,1.9999999709022296,1.9999999709022296,0.0188410362258904
F_gaussian_local_d2_rate1.5,FR--R,2,1.5,0.75,162,0.1,2.107210350840395,1.9999999738120064,1.9999999738120064,0.0188410362258904
F_gaussian_local_d2_rate1.5,FR--R,2,1.5,0.75,163,0.1,2.107210438769422,1.9999999764308056,1.9999999764308056,0.0188410362258904
F_gaussian_local_d2_rate1.5,FR--R,2,1.5,0.75,164,0.1,2.1072104992497036,1.9999999787877256,1.9999999787877256,0.0188410362258904
F_gaussian_local_d2_rate1.5,FR--R,2,1.5,0.75,165,0.1,2.107210519926731,1.999999980908953,1.9999999809089528,0.0188410362258904
F_gaussian_local_d2_rate1.5,FR--R,2,1.5,0.75,166,0.1,2.107210083411859,1.999999982818058,1.999999982818058,0.0188410362258904
F_gaussian_local_d2_rate1.5,FR--R,2,1.5,0.75,167,0.1,2.1072106322463466,1.999999984536252,1.999999984536252,0.0188410362258904
F_gaussian_local_d2_rate1.5,FR--R,2,1.5,0.75,168,0.1,2.107210454974225,1.999999986082627,1.9999999860826272,0.0188410362258904
F_gaussian_local_d2_rate1.5,FR--R,2,1.5,0.75,169,0.1,2.107209998006084,1.9999999874743644,1.9999999874743644,0.0188410362258904
F_gaussian_local_d2_rate1.5,FR--R,2,1.5,0.75,170,0.1,2.1072101380729493,1.999999988726928,1.999999988726928,0.0188410362258904
F_gaussian_local_d2_rate1.5,FR--R,2,1.5,0.75,171,0.1,2.1072101186192205,1.999999989854235,1.9999999898542349,0.0188410362258904
F_gaussian_local_d2_rate1.5,FR--R,2,1.5,0.75,172,0.1,2.107210421232806,1.999999990868811,1.9999999908688113,0.0188410362258904
F_gaussian_local_d2_rate1.5,FR--R,2,1.5,0.75,173,0.1,2.107210553326041,1.9999999917819304,1.9999999917819304,0.0188410362258904
F_gaussian_local_d2_rate1.5,FR--R,2,1.5,0.75,174,0.1,2.1072099128740045,1.9999999926037373,1.9999999926037373,0.0188410362258904
F_gaussian_local_d2_rate1.5,FR--R,2,1.5,0.75,175,0.1,2.1072098683981735,1.9999999933433636,1.9999999933433632,0.0188410362258904
F_gaussian_local_d2_rate1.5,FR--R,2,1.5,0.75,176,0.1,2.107209983705902,1.999999994009027,1.9999999940090272,0.0188410362258904
F_gaussian_local_d2_rate1.5,FR--R,2,1.5,0.75,177,0.1,2.107211228297159,1.999999994608124,1.999999994608124,0.0188410362258904
F_gaussian_local_d2_rate1.5,FR--R,2,1.5,0.75,178,0.1,2.107209906427351,1.999999995147312,1.999999995147312,0.0188410362258904
F_gaussian_local_d2_rate1.5,FR--R,2,1.5,0.75,179,0.1,2.1072094093139424,1.999999995632581,1.999999995632581,0.0188410362258904
F_gaussian_local_d2_rate1.5,FR--R,2,1.5,0.75,180,0.1,2.107210564223908,1.9999999960693224,1.9999999960693224,0.0188410362258904
F_gaussian_local_d2_rate1.5,FR--R,2,1.5,0.75,181,0.1,2.107210592120285,1.9999999964623905,1.9999999964623905,0.0188410362258904
F_gaussian_local_d2_rate1.5,FR--R,2,1.5,0.75,182,0.1,2.1072103131565267,1.9999999968161517,1.9999999968161513,0.0188410362258904
F_gaussian_local_d2_rate1.5,FR--R,2,1.5,0.75,183,0.1,2.1072099687568193,1.999999997134536,1.999999997134536,0.0188410362258904
F_gaussian_local_d2_rate1.5,FR--R,2,1.5,0.75,184,0.1,2.1072118438219145,1.9999999974210825,1.9999999974210825,0.0188410362258904
F_gaussian_local_d2_rate1.5,FR--R,2,1.5,0.75,185,0.1,2.107212439080871,1.9999999976789744,1.9999999976789744,0.0188410362258904
F_gaussian_local_d2_rate1.5,FR--R,2,1.5,0.75,186,0.1,2.1072122028672493,1.9999999979110772,1.9999999979110772,0.0188410362258904
F_gaussian_local_d2_rate1.5,FR--R,2,1.5,0.75,187,0.1,2.1072092633172113,1.9999999981199696,1.9999999981199696,0.0188410362258904
F_gaussian_local_d2_rate1.5,FR--R,2,1.5,0.75,188,0.1,2.10721206288874,1.9999999983079728,1.9999999983079728,0.0188410362258904
F_gaussian_local_d2_rate1.5,FR--R,2,1.5,0.75,189,0.1,2.10721290535268,1.9999999984771752,1.9999999984771752,0.0188410362258904
F_gaussian_local_d2_rate1.5,FR--R,2,1.5,0.75,190,0.1,2.1072131933748737,1.9999999986294577,1.999999998629458,0.0188410362258904
F_gaussian_local_d2_rate1.5,FR--R,2,1.5,0.75,191,0.1,2.1072127133387952,1.9999999987665125,1.9999999987665125,0.0188410362258904
F_gaussian_local_d2_rate1.5,FR--R,2,1.5,0.75,192,0.1,2.1072103131565223,1.9999999988898616,1.9999999988898616,0.0188410362258904
F_gaussian_local_d2_rate1.5,FR--R,2,1.5,0.75,193,0.1,2.1072113008859414,1.9999999990008752,1.9999999990008752,0.0188410362258904
F_gaussian_local_d2_rate1.5,FR--R,2,1.5,0.75,194,0.1,2.107214703065612,1.999999999100788,1.999999999100788,0.0188410362258904
F_gaussian_local_d2_rate1.5,FR--R,2,1.5,0.75,195,0.1,2.107209093737237,1.9999999991907087,1.9999999991907091,0.0188410362258904
F_gaussian_local_d2_rate1.5,FR--R,2,1.5,0.75,196,0.1,2.107217087709078,1.9999999992716384,1.9999999992716384,0.0188410362258904
F_gaussian_local_d2_rate1.5,FR--R,2,1.5,0.75,197,0.1,2.107207302243997,1.9999999993444744,1.9999999993444744,0.0188410362258904
F_gaussian_local_d2_rate1.5,FR--R,2,1.5,0.75,198,0.1,2.107208640427544,1.999999999410027,1.9999999994100273,0.0188410362258904
F_gaussian_local_d2_rate1.5,FR--R,2,1.5,0.75,199,0.1,2.107208454568926,1.9999999994690243,1.999999999469024,0.0188410362258904
