job_id,method,iteration,mean_gap,standard_error,rescaled_gap
K_decreasing_d8_rho1_B8,FR--R--STL,20.0,0.004647872025668917,0.00011942469971186976,0.09295744051337833
K_decreasing_d8_rho1_B8,FR--R--STL,40.0,0.0009065173083954333,4.381243915462242e-05,0.036260692335817336
K_decreasing_d8_rho1_B8,FR--R--STL,60.0,0.0003410739184895033,1.5734578036460743e-05,0.0204644351093702
K_decreasing_d8_rho1_B8,FR--R--STL,80.0,0.0002812149353997013,1.7889975787168526e-05,0.022497194831976104
K_decreasing_d8_rho1_B8,FR--R--STL,100.0,0.0002745031982874867,1.4640096338661838e-05,0.027450319828748668
K_decreasing_d8_rho1_B8,FR--R--STL,120.0,0.00024333936949033448,1.472181042016694e-05,0.029200724338840137
K_decreasing_d8_rho1_B8,FR--R--STL,140.0,0.00023744749010196008,1.546599034101804e-05,0.03324264861427441
K_decreasing_d8_rho1_B8,FR--R--STL,160.0,0.00021455750072681666,1.3152599562638761e-05,0.03432920011629066
K_decreasing_d8_rho1_B8,FR--R--STL,180.0,0.00017188423057516204,1.094559617455341e-05,0.030939161503529166
K_decreasing_d8_rho1_B8,FR--R--STL,200.0,0.00018042998690408183,1.5506810378540602e-05,0.036085997380816366
K_decreasing_d8_rho1_B8,FR--R--STL,220.0,0.0001958581331990902,1.5017732623141581e-05,0.04308878930379984
K_decreasing_d8_rho1_B8,FR--R--STL,240.0,0.00017482607008066384,1.0634683416430328e-05,0.04195825681935932
K_decreasing_d8_rho1_B8,FR--R--STL,260.0,0.00016868617440478473,1.0418075465986463e-05,0.04385840534524403
K_decreasing_d8_rho1_B8,FR--R--STL,280.0,0.00017622894305726271,1.0149206958010351e-05,0.04934410405603356
K_decreasing_d8_rho1_B8,FR--R--STL,300.0,0.00016802648728987877,9.862317165291932e-06,0.050407946186963634
K_decreasing_d8_rho1_B8,FR--R--STL,320.0,0.00016013255685372392,1.0635412351468794e-05,0.051242418193191655
K_decreasing_d8_rho1_B8,FR--R--STL,340.0,0.00017343428058741122,1.0005711297809916e-05,0.058967655399719814
K_decreasing_d8_rho1_B8,FR--R--STL,360.0,0.0001463466866959383,1.1283695007758088e-05,0.05268480721053779
K_decreasing_d8_rho1_B8,FR--R--STL,380.0,0.0001420928001632278,9.317733018909928e-06,0.053995264062026566
K_decreasing_d8_rho1_B8,FR--R--STL,400.0,0.00013586137154065009,1.6148517742905936e-05,0.054344548616260036
K_decreasing_d8_rho1_B8,FR--R--STL,420.0,0.00013951172323900738,8.162456393710302e-06,0.0585949237603831
K_decreasing_d8_rho1_B8,FR--R--STL,440.0,0.00013707065114393533,6.690142115457572e-06,0.06031108650333155
K_decreasing_d8_rho1_B8,FR--R--STL,460.0,0.00012616095014224532,7.011699032982716e-06,0.05803403706543284
K_decreasing_d8_rho1_B8,FR--R--STL,480.0,0.0001153399102603265,8.186468190171917e-06,0.05536315692495672
K_decreasing_d8_rho1_B8,FR--R--STL,500.0,0.00011171921985802148,8.01406713120149e-06,0.05585960992901074
K_decreasing_d8_rho1_B8,FR--R--STL,520.0,0.00011503977384365653,6.93930376913832e-06,0.0598206823987014
K_decreasing_d8_rho1_B8,FR--R--STL,540.0,0.00012197720185583016,8.918269550345479e-06,0.06586768900214829
K_decreasing_d8_rho1_B8,FR--R--STL,560.0,0.00011741550116710686,6.011000262593071e-06,0.06575268065357985
K_decreasing_d8_rho1_B8,FR--R--STL,580.0,0.00010636195008505788,6.552675944812758e-06,0.06168993104933357
K_decreasing_d8_rho1_B8,FR--R--STL,600.0,9.250795005582134e-05,6.414611233166446e-06,0.05550477003349281
K_decreasing_d8_rho1_B8,FR--R--STL,620.0,9.089192296858929e-05,6.0298356114104535e-06,0.05635299224052536
K_decreasing_d8_rho1_B8,FR--R--STL,640.0,9.234905771409996e-05,5.368389397757241e-06,0.059103396937023975
K_decreasing_d8_rho1_B8,FR--R--STL,660.0,9.819534076510898e-05,6.086937963388891e-06,0.06480892490497192
K_decreasing_d8_rho1_B8,FR--R--STL,680.0,9.387135356036554e-05,5.680851818594564e-06,0.06383252042104856
K_decreasing_d8_rho1_B8,FR--R--STL,700.0,9.436714628649657e-05,6.144312356723197e-06,0.0660570024005476
K_decreasing_d8_rho1_B8,FR--R--STL,720.0,9.254192932694775e-05,6.729790799392357e-06,0.06663018911540237
K_decreasing_d8_rho1_B8,FR--R--STL,740.0,9.373351426551568e-05,6.473709841058408e-06,0.0693628005564816
K_decreasing_d8_rho1_B8,FR--R--STL,760.0,9.169164875359026e-05,6.533914721580884e-06,0.0696856530527286
K_decreasing_d8_rho1_B8,FR--R--STL,780.0,9.275869944270302e-05,6.714355444037011e-06,0.07235178556530836
K_decreasing_d8_rho1_B8,FR--R--STL,800.0,9.517211381940318e-05,7.248751425592158e-06,0.07613769105552254
K_decreasing_d8_rho1_B8,FR--R--STL,820.0,7.678502882901364e-05,4.797623939855062e-06,0.06296372363979119
K_decreasing_d8_rho1_B8,FR--R--STL,840.0,7.63428690602994e-05,4.676813356062001e-06,0.06412801001065149
K_decreasing_d8_rho1_B8,FR--R--STL,860.0,7.832295023123913e-05,5.2638743563728015e-06,0.06735773719886565
K_decreasing_d8_rho1_B8,FR--R--STL,880.0,7.213572480365504e-05,4.698403007541644e-06,0.06347943782721643
K_decreasing_d8_rho1_B8,FR--R--STL,900.0,8.044978200201913e-05,4.6560063402226965e-06,0.07240480380181721
K_decreasing_d8_rho1_B8,FR--R--STL,920.0,7.426988769820943e-05,4.214652993683543e-06,0.06832829668235267
K_decreasing_d8_rho1_B8,FR--R--STL,940.0,7.731868860845993e-05,3.589788305613315e-06,0.07267956729195234
K_decreasing_d8_rho1_B8,FR--R--STL,960.0,7.061986703226053e-05,4.408409546770673e-06,0.06779507235097011
K_decreasing_d8_rho1_B8,FR--R--STL,980.0,6.589252877851606e-05,4.644927081371532e-06,0.06457467820294574
K_decreasing_d8_rho1_B8,FR--R--STL,1000.0,6.957312854206032e-05,4.227038604486963e-06,0.06957312854206031
K_decreasing_d8_rho1_B8,FR--R--STL,1020.0,7.428206189082851e-05,4.3569452418704965e-06,0.07576770312864509
K_decreasing_d8_rho1_B8,FR--R--STL,1040.0,7.385163573802599e-05,5.424476487180713e-06,0.07680570116754704
K_decreasing_d8_rho1_B8,FR--R--STL,1060.0,7.157972640391961e-05,4.822037384183563e-06,0.07587450998815479
K_decreasing_d8_rho1_B8,FR--R--STL,1080.0,6.728751646202136e-05,4.076604254919325e-06,0.07267051777898308
K_decreasing_d8_rho1_B8,FR--R--STL,1100.0,5.784008125022666e-05,3.5768263122738978e-06,0.06362408937524933
K_decreasing_d8_rho1_B8,FR--R--STL,1120.0,6.25649082347004e-05,4.326188580804518e-06,0.07007269722286445
K_decreasing_d8_rho1_B8,FR--R--STL,1140.0,7.226911635796296e-05,5.4477591241604705e-06,0.08238679264807777
K_decreasing_d8_rho1_B8,FR--R--STL,1160.0,7.011753038179524e-05,3.5726743262330916e-06,0.08133633524288247
K_decreasing_d8_rho1_B8,FR--R--STL,1180.0,6.445298202359845e-05,3.469213488826482e-06,0.07605451878784618
K_decreasing_d8_rho1_B8,FR--R--STL,1200.0,6.24860136828905e-05,3.5182284668043003e-06,0.0749832164194686
K_decreasing_d8_rho1_B8,FR--R--STL,1220.0,5.979808559954603e-05,4.2492170322803695e-06,0.07295366443144616
K_decreasing_d8_rho1_B8,FR--R--STL,1240.0,5.5562295467363176e-05,3.364363917469949e-06,0.06889724637953033
K_decreasing_d8_rho1_B8,FR--R--STL,1260.0,5.5974376650431896e-05,3.509427065829681e-06,0.07052771457954418
K_decreasing_d8_rho1_B8,FR--R--STL,1280.0,5.557220198314568e-05,3.52421341295107e-06,0.07113241853842647
K_decreasing_d8_rho1_B8,FR--R--STL,1300.0,5.373978923026418e-05,3.756639886149929e-06,0.06986172599934343
K_decreasing_d8_rho1_B8,FR--R--STL,1320.0,5.170495419290782e-05,3.38192023249012e-06,0.06825053953463832
K_decreasing_d8_rho1_B8,FR--R--STL,1340.0,4.627628733017512e-05,2.920924101939173e-06,0.062010225022434654
K_decreasing_d8_rho1_B8,FR--R--STL,1360.0,5.1223354060425666e-05,2.671554197964959e-06,0.0696637615221789
K_decreasing_d8_rho1_B8,FR--R--STL,1380.0,5.157058887880576e-05,3.134544575145081e-06,0.07116741265275195
K_decreasing_d8_rho1_B8,FR--R--STL,1400.0,5.2929131381151964e-05,3.2803250533650283e-06,0.07410078393361275
K_decreasing_d8_rho1_B8,FR--R--STL,1420.0,5.283128663275846e-05,3.916874670777133e-06,0.07502042701851701
K_decreasing_d8_rho1_B8,FR--R--STL,1440.0,5.0730526918337424e-05,3.621728273008064e-06,0.07305195876240589
K_decreasing_d8_rho1_B8,FR--R--STL,1460.0,4.976964332576254e-05,3.0832566282216427e-06,0.0726636792556133
K_decreasing_d8_rho1_B8,FR--R--STL,1480.0,5.661785257563186e-05,3.0114100743781693e-06,0.08379442181193515
K_decreasing_d8_rho1_B8,FR--R--STL,1500.0,5.540106709993475e-05,3.7447411792967206e-06,0.08310160064990213
K_decreasing_d8_rho1_B8,FR--R--STL,1520.0,5.5036609914049874e-05,3.7191911738387663e-06,0.08365564706935581
K_decreasing_d8_rho1_B8,FR--R--STL,1540.0,5.121137979158992e-05,3.3895622028937515e-06,0.07886552487904848
K_decreasing_d8_rho1_B8,FR--R--STL,1560.0,4.934224820682213e-05,3.0460758591720033e-06,0.07697390720264252
K_decreasing_d8_rho1_B8,FR--R--STL,1580.0,5.1191582023187246e-05,3.128884207200615e-06,0.08088269959663585
K_decreasing_d8_rho1_B8,FR--R--STL,1600.0,5.0685307721209937e-05,3.6698167401158594e-06,0.0810964923539359
K_decreasing_d8_rho1_B8,FR--R--STL,1620.0,4.8293643925488234e-05,3.751965194230142e-06,0.07823570315929095
K_decreasing_d8_rho1_B8,FR--R--STL,1640.0,4.6992602572822524e-05,3.0623850187977536e-06,0.07706786821942894
K_decreasing_d8_rho1_B8,FR--R--STL,1660.0,4.37628639605947e-05,2.8189432659344713e-06,0.0726463541745872
K_decreasing_d8_rho1_B8,FR--R--STL,1680.0,4.757232377154234e-05,3.008681539998922e-06,0.07992150393619113
K_decreasing_d8_rho1_B8,FR--R--STL,1700.0,4.7759870418140336e-05,3.2669925339392597e-06,0.08119177971083857
K_decreasing_d8_rho1_B8,FR--R--STL,1720.0,5.106146739558189e-05,3.5535287533890723e-06,0.08782572392040085
K_decreasing_d8_rho1_B8,FR--R--STL,1740.0,4.962994889282276e-05,3.5736425549976858e-06,0.0863561110735116
K_decreasing_d8_rho1_B8,FR--R--STL,1760.0,5.024113277537544e-05,4.0391301152691406e-06,0.08842439368466078
K_decreasing_d8_rho1_B8,FR--R--STL,1780.0,4.712849119607483e-05,3.843753861599717e-06,0.0838887143290132
K_decreasing_d8_rho1_B8,FR--R--STL,1800.0,4.46838533600058e-05,3.111738709317242e-06,0.08043093604801044
K_decreasing_d8_rho1_B8,FR--R--STL,1820.0,4.414929890887246e-05,2.8926106136485464e-06,0.08035172401414788
K_decreasing_d8_rho1_B8,FR--R--STL,1840.0,4.2441338888199454e-05,2.6942980936973757e-06,0.078092063554287
K_decreasing_d8_rho1_B8,FR--R--STL,1860.0,4.189030690078052e-05,3.1557631325423218e-06,0.07791597083545176
K_decreasing_d8_rho1_B8,FR--R--STL,1880.0,4.2397209175306715e-05,3.3896134094033223e-06,0.07970675324957663
K_decreasing_d8_rho1_B8,FR--R--STL,1900.0,3.93846216116008e-05,2.6393282697004283e-06,0.07483078106204151
K_decreasing_d8_rho1_B8,FR--R--STL,1920.0,3.667030976449344e-05,2.914431465300471e-06,0.07040699474782741
K_decreasing_d8_rho1_B8,FR--R--STL,1940.0,4.350986146371601e-05,3.2382229136681953e-06,0.08440913123960905
K_decreasing_d8_rho1_B8,FR--R--STL,1960.0,4.13690922881275e-05,2.626714394141608e-06,0.0810834208847299
K_decreasing_d8_rho1_B8,FR--R--STL,1980.0,4.2891899513719525e-05,2.4025882087161643e-06,0.08492596103716465
K_decreasing_d8_rho1_B8,FR--R--STL,2000.0,4.2271572182617234e-05,2.523505864500772e-06,0.08454314436523447
K_decreasing_d8_rho1_B8,FR--R--STL,2020.0,4.427130285833414e-05,2.4254339365637224e-06,0.08942803177383496
K_decreasing_d8_rho1_B8,FR--R--STL,2040.0,4.292521763010389e-05,2.3557426206991814e-06,0.08756744396541194
K_decreasing_d8_rho1_B8,FR--R--STL,2060.0,4.400421854816964e-05,2.61929400166168e-06,0.09064869020922946
K_decreasing_d8_rho1_B8,FR--R--STL,2080.0,4.173786223787464e-05,2.443929517288088e-06,0.08681475345477925
K_decreasing_d8_rho1_B8,FR--R--STL,2100.0,4.288552915481248e-05,2.7046950590402236e-06,0.0900596112251062
K_decreasing_d8_rho1_B8,FR--R--STL,2120.0,4.149133073131731e-05,2.618746902851102e-06,0.0879616211503927
K_decreasing_d8_rho1_B8,FR--R--STL,2140.0,3.973506040274207e-05,2.35217735849433e-06,0.08503302926186804
K_decreasing_d8_rho1_B8,FR--R--STL,2160.0,4.230861740660193e-05,2.6109326911630894e-06,0.09138661359826017
K_decreasing_d8_rho1_B8,FR--R--STL,2180.0,3.861775247854619e-05,2.5880468353571885e-06,0.08418670040323069
K_decreasing_d8_rho1_B8,FR--R--STL,2200.0,3.846615525082697e-05,3.048563912684798e-06,0.08462554155181934
K_decreasing_d8_rho1_B8,FR--R--STL,2220.0,3.9181025117744164e-05,3.0922036716231114e-06,0.08698187576139205
K_decreasing_d8_rho1_B8,FR--R--STL,2240.0,3.693688383584378e-05,2.2891649379161786e-06,0.08273861979229007
K_decreasing_d8_rho1_B8,FR--R--STL,2260.0,3.756303448202066e-05,2.303062465246169e-06,0.08489245792936669
K_decreasing_d8_rho1_B8,FR--R--STL,2280.0,3.711869051370442e-05,2.5295554508039735e-06,0.08463061437124608
K_decreasing_d8_rho1_B8,FR--R--STL,2300.0,3.5581396663560603e-05,2.3136308074733595e-06,0.08183721232618939
K_decreasing_d8_rho1_B8,FR--R--STL,2320.0,3.513043334182342e-05,2.834697879875766e-06,0.08150260535303033
K_decreasing_d8_rho1_B8,FR--R--STL,2340.0,3.655615185363577e-05,2.7668106896489726e-06,0.08554139533750771
K_decreasing_d8_rho1_B8,FR--R--STL,2360.0,3.63897997460505e-05,2.5296752996843132e-06,0.08587992740067918
K_decreasing_d8_rho1_B8,FR--R--STL,2380.0,3.8990373348823934e-05,2.265924279567187e-06,0.09279708857020097
K_decreasing_d8_rho1_B8,FR--R--STL,2400.0,3.5602352528218974e-05,2.3585921697471542e-06,0.08544564606772553
K_decreasing_d8_rho1_B8,FR--R--STL,2420.0,3.4790763310225496e-05,2.1641823622397422e-06,0.0841936472107457
K_decreasing_d8_rho1_B8,FR--R--STL,2440.0,3.52239435289133e-05,2.0095731158674102e-06,0.08594642221054846
K_decreasing_d8_rho1_B8,FR--R--STL,2460.0,3.5256691675951875e-05,2.3961031402172578e-06,0.08673146152284161
K_decreasing_d8_rho1_B8,FR--R--STL,2480.0,3.3540875022867546e-05,2.5475992579696208e-06,0.08318137005671151
K_decreasing_d8_rho1_B8,FR--R--STL,2500.0,3.35358096273275e-05,2.5176009547967684e-06,0.08383952406831874
K_decreasing_d8_rho1_B8,FR--R--STL,2520.0,3.379593437718616e-05,2.280758126576595e-06,0.08516575463050913
K_decreasing_d8_rho1_B8,FR--R--STL,2540.0,3.41622629427422e-05,2.060035484771175e-06,0.08677214787456519
K_decreasing_d8_rho1_B8,FR--R--STL,2560.0,3.534263443893219e-05,1.765908223511655e-06,0.09047714416366641
K_decreasing_d8_rho1_B8,FR--R--STL,2580.0,3.287599060926757e-05,1.450728510013323e-06,0.08482005577191032
K_decreasing_d8_rho1_B8,FR--R--STL,2600.0,3.224610294081387e-05,1.7318977291572241e-06,0.08383986764611606
K_decreasing_d8_rho1_B8,FR--R--STL,2620.0,3.203382998527478e-05,1.858655789619676e-06,0.08392863456141993
K_decreasing_d8_rho1_B8,FR--R--STL,2640.0,3.3729009586380696e-05,1.919706980957588e-06,0.08904458530804503
K_decreasing_d8_rho1_B8,FR--R--STL,2660.0,3.2738313253114865e-05,1.730047572559029e-06,0.08708391325328554
K_decreasing_d8_rho1_B8,FR--R--STL,2680.0,3.305052116055289e-05,2.4256016867271266e-06,0.08857539671028174
K_decreasing_d8_rho1_B8,FR--R--STL,2700.0,3.242063950107029e-05,2.4641737191695215e-06,0.08753572665288978
K_decreasing_d8_rho1_B8,FR--R--STL,2720.0,3.2200766679994315e-05,2.0703833443437038e-06,0.08758608536958454
K_decreasing_d8_rho1_B8,FR--R--STL,2740.0,3.412379417264688e-05,2.1254152876170848e-06,0.09349919603305246
K_decreasing_d8_rho1_B8,FR--R--STL,2760.0,3.486819491769211e-05,2.4171200418668847e-06,0.09623621797283022
K_decreasing_d8_rho1_B8,FR--R--STL,2780.0,3.520491747887415e-05,1.9040923764632427e-06,0.09786967059127014
K_decreasing_d8_rho1_B8,FR--R--STL,2800.0,3.171648854802811e-05,1.9891041682090922e-06,0.08880616793447871
K_decreasing_d8_rho1_B8,FR--R--STL,2820.0,3.1653376697704513e-05,1.9982743103211836e-06,0.08926252228752672
K_decreasing_d8_rho1_B8,FR--R--STL,2840.0,3.153492104625381e-05,1.980298384174735e-06,0.08955917577136083
K_decreasing_d8_rho1_B8,FR--R--STL,2860.0,3.0433730145270252e-05,1.8529033150766685e-06,0.08704046821547293
K_decreasing_d8_rho1_B8,FR--R--STL,2880.0,3.0024788115431043e-05,2.13095411803543e-06,0.0864713897724414
K_decreasing_d8_rho1_B8,FR--R--STL,2900.0,2.9309501891757368e-05,2.0325794751540745e-06,0.08499755548609637
K_decreasing_d8_rho1_B8,FR--R--STL,2920.0,2.98544893684749e-05,2.0283724070729777e-06,0.08717510895594671
K_decreasing_d8_rho1_B8,FR--R--STL,2940.0,2.9933920868134103e-05,1.814922827475466e-06,0.08800572735231427
K_decreasing_d8_rho1_B8,FR--R--STL,2960.0,2.7885648092211094e-05,2.199028720468187e-06,0.08254151835294483
K_decreasing_d8_rho1_B8,FR--R--STL,2980.0,2.8543694379390417e-05,2.0529515775965933e-06,0.08506020925058344
K_decreasing_d8_rho1_B8,FR--R--STL,3000.0,2.843741158529885e-05,2.4027332953652877e-06,0.08531223475589655
K_decreasing_d8_rho1_B8,FR--R--STL,3020.0,2.7292917022917843e-05,2.031680467311164e-06,0.08242460940921188
K_decreasing_d8_rho1_B8,FR--R--STL,3040.0,2.617580081777741e-05,1.7082003244998345e-06,0.07957443448604333
K_decreasing_d8_rho1_B8,FR--R--STL,3060.0,2.5980430182700095e-05,1.5100657409187315e-06,0.07950011635906229
K_decreasing_d8_rho1_B8,FR--R--STL,3080.0,2.651430599683498e-05,1.502153128975107e-06,0.08166406247025174
K_decreasing_d8_rho1_B8,FR--R--STL,3100.0,2.5419100204615576e-05,1.342117023727918e-06,0.07879921063430828
K_decreasing_d8_rho1_B8,FR--R--STL,3120.0,2.5377415991674943e-05,1.4114766207153916e-06,0.07917753789402582
K_decreasing_d8_rho1_B8,FR--R--STL,3140.0,2.6229546059989654e-05,1.4002420822399605e-06,0.08236077462836751
K_decreasing_d8_rho1_B8,FR--R--STL,3160.0,2.5994892901011943e-05,1.350826662160201e-06,0.08214386156719775
K_decreasing_d8_rho1_B8,FR--R--STL,3180.0,2.4958362292644883e-05,1.597539425751692e-06,0.07936759209061073
K_decreasing_d8_rho1_B8,FR--R--STL,3200.0,2.5274433678716215e-05,1.5007806060294112e-06,0.08087818777189189
K_decreasing_d8_rho1_B8,FR--R--STL,3220.0,2.427583194781017e-05,1.5949737799605176e-06,0.07816817887194874
K_decreasing_d8_rho1_B8,FR--R--STL,3240.0,2.3873565723479354e-05,1.5890972802224995e-06,0.07735035294407311
K_decreasing_d8_rho1_B8,FR--R--STL,3260.0,2.481674867708487e-05,1.665697797414868e-06,0.08090260068729668
K_decreasing_d8_rho1_B8,FR--R--STL,3280.0,2.5583066809116892e-05,1.6287749979946712e-06,0.08391245913390341
K_decreasing_d8_rho1_B8,FR--R--STL,3300.0,2.6328665416800826e-05,1.5757961547817905e-06,0.08688459587544273
K_decreasing_d8_rho1_B8,FR--R--STL,3320.0,2.6521102518047476e-05,1.5345719890740116e-06,0.08805006035991762
K_decreasing_d8_rho1_B8,FR--R--STL,3340.0,2.492834160220762e-05,1.2275226486409048e-06,0.08326066095137345
K_decreasing_d8_rho1_B8,FR--R--STL,3360.0,2.3646830552278195e-05,1.3410753528770902e-06,0.07945335065565473
K_decreasing_d8_rho1_B8,FR--R--STL,3380.0,2.3758290525114727e-05,1.2470878633453214e-06,0.08030302197488777
K_decreasing_d8_rho1_B8,FR--R--STL,3400.0,2.329282188003508e-05,1.612911921881726e-06,0.07919559439211928
K_decreasing_d8_rho1_B8,FR--R--STL,3420.0,2.2257804752889853e-05,1.6655596982381165e-06,0.0761216922548833
K_decreasing_d8_rho1_B8,FR--R--STL,3440.0,2.1279905238191787e-05,1.5871955311906555e-06,0.07320287401937975
K_decreasing_d8_rho1_B8,FR--R--STL,3460.0,2.1405758392252968e-05,1.543467690244219e-06,0.07406392403719526
K_decreasing_d8_rho1_B8,FR--R--STL,3480.0,2.3087667812138336e-05,1.606224706349192e-06,0.0803450839862414
K_decreasing_d8_rho1_B8,FR--R--STL,3500.0,2.428825150619929e-05,1.8040847388859636e-06,0.0850088802716975
K_decreasing_d8_rho1_B8,FR--R--STL,3520.0,2.5270405882871218e-05,2.24303969756544e-06,0.08895182870770668
K_decreasing_d8_rho1_B8,FR--R--STL,3540.0,2.5284222426247282e-05,2.031302278609105e-06,0.08950614738891538
K_decreasing_d8_rho1_B8,FR--R--STL,3560.0,2.6079459253776822e-05,1.9890350611406104e-06,0.09284287494344548
K_decreasing_d8_rho1_B8,FR--R--STL,3580.0,2.6625663828886795e-05,1.852040906670749e-06,0.09531987650741472
K_decreasing_d8_rho1_B8,FR--R--STL,3600.0,2.812587671205217e-05,1.956792734534128e-06,0.10125315616338781
K_decreasing_d8_rho1_B8,FR--R--STL,3620.0,2.6648203899319137e-05,1.816285475437558e-06,0.09646649811553527
K_decreasing_d8_rho1_B8,FR--R--STL,3640.0,2.6071184432770642e-05,1.8244082612790417e-06,0.09489911133528514
K_decreasing_d8_rho1_B8,FR--R--STL,3660.0,2.4399128632079937e-05,1.6431936212438026e-06,0.08930081079341257
K_decreasing_d8_rho1_B8,FR--R--STL,3680.0,2.370986358597449e-05,1.3960501047994288e-06,0.08725229799638612
K_decreasing_d8_rho1_B8,FR--R--STL,3700.0,2.2676498524335878e-05,1.3749640951115731e-06,0.08390304454004274
K_decreasing_d8_rho1_B8,FR--R--STL,3720.0,2.073311290988755e-05,1.3122351370516165e-06,0.0771271800247817
K_decreasing_d8_rho1_B8,FR--R--STL,3740.0,2.0348471033108476e-05,1.5133024351577783e-06,0.0761032816638257
K_decreasing_d8_rho1_B8,FR--R--STL,3760.0,2.0820845660048566e-05,1.4991997965567313e-06,0.0782863796817826
K_decreasing_d8_rho1_B8,FR--R--STL,3780.0,2.1025187904773663e-05,1.481890861290422e-06,0.07947521028004445
K_decreasing_d8_rho1_B8,FR--R--STL,3800.0,2.115494307733575e-05,1.566232680061411e-06,0.08038878369387585
K_decreasing_d8_rho1_B8,FR--R--STL,3820.0,2.131686224601618e-05,1.6345197512329929e-06,0.08143041377978182
K_decreasing_d8_rho1_B8,FR--R--STL,3840.0,2.2099996013717296e-05,1.6686613981584415e-06,0.08486398469267442
K_decreasing_d8_rho1_B8,FR--R--STL,3860.0,2.204915790944284e-05,1.588807805428587e-06,0.08510974953044936
K_decreasing_d8_rho1_B8,FR--R--STL,3880.0,2.1704212346721855e-05,1.3344214616028921e-06,0.0842123439052808
K_decreasing_d8_rho1_B8,FR--R--STL,3900.0,2.087089615550042e-05,1.4024280833831774e-06,0.08139649500645163
K_decreasing_d8_rho1_B8,FR--R--STL,3920.0,2.1131699372922698e-05,1.4910258029236054e-06,0.08283626154185697
K_decreasing_d8_rho1_B8,FR--R--STL,3940.0,2.0423260266226133e-05,1.38385251620928e-06,0.08046764544893097
K_decreasing_d8_rho1_B8,FR--R--STL,3960.0,2.061334336304436e-05,1.3111573454721703e-06,0.08162883971765567
K_decreasing_d8_rho1_B8,FR--R--STL,3980.0,2.0873700675109555e-05,1.2757812315828365e-06,0.08307732868693603
K_decreasing_d8_rho1_B8,FR--R--STL,4000.0,2.1588762633969102e-05,1.3195088043067263e-06,0.08635505053587642
K_decreasing_d8_rho1_B8,FR--R--STL,4020.0,2.1328653494675128e-05,1.2375180361467698e-06,0.08574118704859401
K_decreasing_d8_rho1_B8,FR--R--STL,4040.0,2.056330590815373e-05,1.3865260526160408e-06,0.08307575586894107
K_decreasing_d8_rho1_B8,FR--R--STL,4060.0,2.102862396204941e-05,1.2840921712686308e-06,0.0853762132859206
K_decreasing_d8_rho1_B8,FR--R--STL,4080.0,1.954989602944342e-05,1.0160481520079253e-06,0.07976357580012916
K_decreasing_d8_rho1_B8,FR--R--STL,4100.0,1.908837760525491e-05,1.1416569463186268e-06,0.07826234818154514
K_decreasing_d8_rho1_B8,FR--R--STL,4120.0,1.9233077006042266e-05,1.3199099839510289e-06,0.07924027726489413
K_decreasing_d8_rho1_B8,FR--R--STL,4140.0,1.7880319708811025e-05,1.2629921239347031e-06,0.07402452359447764
K_decreasing_d8_rho1_B8,FR--R--STL,4160.0,1.819370665095595e-05,1.2786155461058874e-06,0.07568581966797676
K_decreasing_d8_rho1_B8,FR--R--STL,4180.0,1.95920908166336e-05,1.440977646774676e-06,0.08189493961352845
K_decreasing_d8_rho1_B8,FR--R--STL,4200.0,1.934419195513589e-05,1.4884155029360287e-06,0.08124560621157073
K_decreasing_d8_rho1_B8,FR--R--STL,4220.0,1.972081480137907e-05,1.4642012840607872e-06,0.08322183846181967
K_decreasing_d8_rho1_B8,FR--R--STL,4240.0,1.932539764218551e-05,1.457200533829064e-06,0.08193968600286657
K_decreasing_d8_rho1_B8,FR--R--STL,4260.0,1.895033111910157e-05,1.7763866457741197e-06,0.08072841056737268
K_decreasing_d8_rho1_B8,FR--R--STL,4280.0,1.888950155691423e-05,1.961222548416983e-06,0.08084706666359291
K_decreasing_d8_rho1_B8,FR--R--STL,4300.0,1.8646567215530042e-05,1.7281394937063812e-06,0.08018023902677918
K_decreasing_d8_rho1_B8,FR--R--STL,4320.0,1.897563119432159e-05,1.3821110071028464e-06,0.08197472675946926
K_decreasing_d8_rho1_B8,FR--R--STL,4340.0,1.962401287762816e-05,1.4151105101791341e-06,0.08516821588890622
K_decreasing_d8_rho1_B8,FR--R--STL,4360.0,1.9005702104083848e-05,1.4287523293067335e-06,0.08286486117380558
K_decreasing_d8_rho1_B8,FR--R--STL,4380.0,1.919145700099989e-05,1.5282610491004281e-06,0.08405858166437952
K_decreasing_d8_rho1_B8,FR--R--STL,4400.0,1.9504666158542962e-05,1.4848401683083481e-06,0.08582053109758903
K_decreasing_d8_rho1_B8,FR--R--STL,4420.0,1.9769791222460736e-05,1.6046459799487367e-06,0.08738247720327645
K_decreasing_d8_rho1_B8,FR--R--STL,4440.0,1.9497559965249896e-05,1.5810608233975975e-06,0.08656916624570954
K_decreasing_d8_rho1_B8,FR--R--STL,4460.0,1.994429401568354e-05,1.4805246687128851e-06,0.08895155130994858
K_decreasing_d8_rho1_B8,FR--R--STL,4480.0,1.9819484347246193e-05,1.2496186811224742e-06,0.08879128987566294
K_decreasing_d8_rho1_B8,FR--R--STL,4500.0,2.0251583421189896e-05,1.3849901336022307e-06,0.09113212539535454
K_decreasing_d8_rho1_B8,FR--R--STL,4520.0,2.0351386443776914e-05,1.473169157783351e-06,0.09198826672587165
K_decreasing_d8_rho1_B8,FR--R--STL,4540.0,2.056716009578944e-05,1.4801571757150044e-06,0.09337490683488406
K_decreasing_d8_rho1_B8,FR--R--STL,4560.0,2.0473283126865027e-05,1.3348385738676692e-06,0.09335817105850452
K_decreasing_d8_rho1_B8,FR--R--STL,4580.0,2.0870598138422735e-05,1.4066963217996877e-06,0.09558733947397613
K_decreasing_d8_rho1_B8,FR--R--STL,4600.0,2.137175969689764e-05,1.7631026314654063e-06,0.09831009460572915
K_decreasing_d8_rho1_B8,FR--R--STL,4620.0,2.0856331694218964e-05,1.5945359839444342e-06,0.09635625242729162
K_decreasing_d8_rho1_B8,FR--R--STL,4640.0,2.068102423174641e-05,1.57416375852731e-06,0.09595995243530335
K_decreasing_d8_rho1_B8,FR--R--STL,4660.0,2.0001183591370856e-05,1.387198028088042e-06,0.0932055155357882
K_decreasing_d8_rho1_B8,FR--R--STL,4680.0,2.0510373919080393e-05,1.39973065055855e-06,0.09598854994129624
K_decreasing_d8_rho1_B8,FR--R--STL,4700.0,2.0255582902558207e-05,1.3717522261610282e-06,0.09520123964202358
K_decreasing_d8_rho1_B8,FR--R--STL,4720.0,1.9697023475995224e-05,1.4027589018172297e-06,0.09296995080669745
K_decreasing_d8_rho1_B8,FR--R--STL,4740.0,1.866511411074967e-05,1.1261988067608518e-06,0.08847264088495344
K_decreasing_d8_rho1_B8,FR--R--STL,4760.0,1.8135995855287727e-05,1.0545714814805347e-06,0.08632734027116958
K_decreasing_d8_rho1_B8,FR--R--STL,4780.0,1.8678803950707608e-05,1.1549904642811324e-06,0.08928468288438236
K_decreasing_d8_rho1_B8,FR--R--STL,4800.0,1.936144815385769e-05,1.0851422778559873e-06,0.09293495113851691
K_decreasing_d8_rho1_B8,FR--R--STL,4820.0,1.911913235949451e-05,1.0945155838735294e-06,0.09215421797276353
K_decreasing_d8_rho1_B8,FR--R--STL,4840.0,1.975389147486813e-05,1.2539690219259482e-06,0.09560883473836175
K_decreasing_d8_rho1_B8,FR--R--STL,4860.0,1.9559413137256363e-05,1.1870870127260774e-06,0.09505874784706593
K_decreasing_d8_rho1_B8,FR--R--STL,4880.0,1.9001860248272586e-05,1.2042905725005356e-06,0.09272907801157022
K_decreasing_d8_rho1_B8,FR--R--STL,4900.0,1.870782367620431e-05,1.200175077598594e-06,0.09166833601340112
K_decreasing_d8_rho1_B8,FR--R--STL,4920.0,1.8810714236424295e-05,9.304794290815138e-07,0.09254871404320753
K_decreasing_d8_rho1_B8,FR--R--STL,4940.0,1.8237884829375163e-05,9.7443960908162e-07,0.0900951510571133
K_decreasing_d8_rho1_B8,FR--R--STL,4960.0,1.8205575318663846e-05,1.0520852135901555e-06,0.09029965358057268
K_decreasing_d8_rho1_B8,FR--R--STL,4980.0,1.790999931049105e-05,1.1357539632792902e-06,0.08919179656624543
K_decreasing_d8_rho1_B8,FR--R--STL,5000.0,1.7459762419136383e-05,1.1408810055230492e-06,0.08729881209568191
K_decreasing_d8_rho1_B8,FR--R--STL,5020.0,1.681708854090284e-05,1.0997425595508704e-06,0.08442178447533225
K_decreasing_d8_rho1_B8,FR--R--STL,5040.0,1.680313492817831e-05,1.1006107652462724e-06,0.08468780003801868
K_decreasing_d8_rho1_B8,FR--R--STL,5060.0,1.5988085071179844e-05,9.594967470977538e-07,0.08089971046017001
K_decreasing_d8_rho1_B8,FR--R--STL,5080.0,1.6167207369092532e-05,8.37464948719842e-07,0.08212941343499007
K_decreasing_d8_rho1_B8,FR--R--STL,5100.0,1.6106247342081066e-05,9.788410874353998e-07,0.08214186144461344
K_decreasing_d8_rho1_B8,FR--R--STL,5120.0,1.6917092998536275e-05,1.0364878664436057e-06,0.08661551615250573
K_decreasing_d8_rho1_B8,FR--R--STL,5140.0,1.7106751630239594e-05,8.19958748926518e-07,0.08792870337943151
K_decreasing_d8_rho1_B8,FR--R--STL,5160.0,1.829240242932073e-05,1.013006651247325e-06,0.09438879653529496
K_decreasing_d8_rho1_B8,FR--R--STL,5180.0,1.9215039685841854e-05,1.2716105451841611e-06,0.0995339055726608
K_decreasing_d8_rho1_B8,FR--R--STL,5200.0,1.8618715570835794e-05,1.1593162116435012e-06,0.09681732096834612
K_decreasing_d8_rho1_B8,FR--R--STL,5220.0,1.9243852307256522e-05,1.369538735160831e-06,0.10045290904387905
K_decreasing_d8_rho1_B8,FR--R--STL,5240.0,1.951090340227187e-05,1.4077133366462702e-06,0.10223713382790459
K_decreasing_d8_rho1_B8,FR--R--STL,5260.0,2.0180954341479188e-05,1.3759276342184501e-06,0.10615181983618052
K_decreasing_d8_rho1_B8,FR--R--STL,5280.0,2.0137037174243014e-05,1.3356890631145354e-06,0.10632355628000312
K_decreasing_d8_rho1_B8,FR--R--STL,5300.0,1.8662897294419168e-05,1.2273518728573164e-06,0.09891335566042159
K_decreasing_d8_rho1_B8,FR--R--STL,5320.0,1.8479400611888983e-05,1.3157791803683158e-06,0.09831041125524939
K_decreasing_d8_rho1_B8,FR--R--STL,5340.0,1.8458089897125756e-05,1.3183865661052772e-06,0.09856620005065153
K_decreasing_d8_rho1_B8,FR--R--STL,5360.0,1.8215761514402593e-05,1.1789168966443502e-06,0.0976364817171979
K_decreasing_d8_rho1_B8,FR--R--STL,5380.0,1.7461622115622077e-05,1.0468171563310428e-06,0.09394352698204678
K_decreasing_d8_rho1_B8,FR--R--STL,5400.0,1.7305651277954582e-05,9.893294719450673e-07,0.09345051690095474
K_decreasing_d8_rho1_B8,FR--R--STL,5420.0,1.6640550342324664e-05,9.576820100538513e-07,0.09019178285539968
K_decreasing_d8_rho1_B8,FR--R--STL,5440.0,1.5897387942172734e-05,9.463743313004153e-07,0.08648179040541967
K_decreasing_d8_rho1_B8,FR--R--STL,5460.0,1.5749112650394656e-05,8.861276579529888e-07,0.08599015507115482
K_decreasing_d8_rho1_B8,FR--R--STL,5480.0,1.5191599205355289e-05,8.466999407233029e-07,0.08324996364534698
K_decreasing_d8_rho1_B8,FR--R--STL,5500.0,1.4622117954517696e-05,7.520328461084197e-07,0.08042164874984734
K_decreasing_d8_rho1_B8,FR--R--STL,5520.0,1.4386768793143527e-05,7.431869748063392e-07,0.07941496373815227
K_decreasing_d8_rho1_B8,FR--R--STL,5540.0,1.4587038581274451e-05,9.049662281121446e-07,0.08081219374026045
K_decreasing_d8_rho1_B8,FR--R--STL,5560.0,1.4638485105322729e-05,8.976568794034677e-07,0.08138997718559438
K_decreasing_d8_rho1_B8,FR--R--STL,5580.0,1.363056979325113e-05,7.460891886109547e-07,0.07605857944634131
K_decreasing_d8_rho1_B8,FR--R--STL,5600.0,1.3595935861143715e-05,7.421704851648104e-07,0.0761372408224048
K_decreasing_d8_rho1_B8,FR--R--STL,5620.0,1.3480895557578993e-05,7.164234896916929e-07,0.07576263303359394
K_decreasing_d8_rho1_B8,FR--R--STL,5640.0,1.3986184877179397e-05,7.436904657201843e-07,0.0788820827072918
K_decreasing_d8_rho1_B8,FR--R--STL,5660.0,1.4338670544352302e-05,8.1532339163233e-07,0.08115687528103403
K_decreasing_d8_rho1_B8,FR--R--STL,5680.0,1.475829812160138e-05,7.490589370566777e-07,0.08382713333069584
K_decreasing_d8_rho1_B8,FR--R--STL,5700.0,1.465194735518575e-05,7.723445649384052e-07,0.08351609992455877
K_decreasing_d8_rho1_B8,FR--R--STL,5720.0,1.4263939778983807e-05,7.82075079324613e-07,0.08158973553578737
K_decreasing_d8_rho1_B8,FR--R--STL,5740.0,1.4082447872650523e-05,7.871121852662012e-07,0.080833250789014
K_decreasing_d8_rho1_B8,FR--R--STL,5760.0,1.4338310108434153e-05,7.136087962182598e-07,0.08258866622458072
K_decreasing_d8_rho1_B8,FR--R--STL,5780.0,1.4814762477192527e-05,7.990775518492522e-07,0.08562932711817281
K_decreasing_d8_rho1_B8,FR--R--STL,5800.0,1.4298865458724681e-05,7.770006629279144e-07,0.08293341966060315
K_decreasing_d8_rho1_B8,FR--R--STL,5820.0,1.423481378812023e-05,6.594860327290915e-07,0.08284661624685974
K_decreasing_d8_rho1_B8,FR--R--STL,5840.0,1.5056093517914112e-05,8.183329340411833e-07,0.08792758614461842
K_decreasing_d8_rho1_B8,FR--R--STL,5860.0,1.5217220877102495e-05,8.642879365552492e-07,0.08917291433982062
K_decreasing_d8_rho1_B8,FR--R--STL,5880.0,1.5388620137457566e-05,8.190157352427142e-07,0.09048508640825048
K_decreasing_d8_rho1_B8,FR--R--STL,5900.0,1.5007821335869902e-05,9.295932419891984e-07,0.08854614588163243
K_decreasing_d8_rho1_B8,FR--R--STL,5920.0,1.6175865929479726e-05,1.200704590306153e-06,0.09576112630251997
K_decreasing_d8_rho1_B8,FR--R--STL,5940.0,1.5321327750061897e-05,1.164936896686505e-06,0.09100868683536767
K_decreasing_d8_rho1_B8,FR--R--STL,5960.0,1.5353533480381524e-05,1.07370180317196e-06,0.09150705954307388
K_decreasing_d8_rho1_B8,FR--R--STL,5980.0,1.4988341935377273e-05,1.09538058461359e-06,0.0896302847735561
K_decreasing_d8_rho1_B8,FR--R--STL,6000.0,1.4768726477676352e-05,1.0695453952029998e-06,0.08861235886605812
K_decreasing_d8_rho1_B8,FR--R--STL,6020.0,1.4724574700212637e-05,1.1384793160619187e-06,0.08864193969528007
K_decreasing_d8_rho1_B8,FR--R--STL,6040.0,1.5736400075135513e-05,1.0801788399117571e-06,0.0950478564538185
K_decreasing_d8_rho1_B8,FR--R--STL,6060.0,1.4998400724260582e-05,1.0326252887781322e-06,0.09089030838901913
K_decreasing_d8_rho1_B8,FR--R--STL,6080.0,1.5010933193426724e-05,9.561144296200766e-07,0.09126647381603448
K_decreasing_d8_rho1_B8,FR--R--STL,6100.0,1.4669039616480953e-05,9.636840184610265e-07,0.08948114166053381
K_decreasing_d8_rho1_B8,FR--R--STL,6120.0,1.4544962414605086e-05,1.0138277481941582e-06,0.08901516997738312
K_decreasing_d8_rho1_B8,FR--R--STL,6140.0,1.4003576755516889e-05,8.932118210233173e-07,0.0859819612788737
K_decreasing_d8_rho1_B8,FR--R--STL,6160.0,1.3932790802950734e-05,9.969138640492885e-07,0.08582599134617652
K_decreasing_d8_rho1_B8,FR--R--STL,6180.0,1.38463216755369e-05,9.58065514790558e-07,0.08557026795481804
K_decreasing_d8_rho1_B8,FR--R--STL,6200.0,1.4167572151950008e-05,1.0114487988989522e-06,0.08783894734209005
K_decreasing_d8_rho1_B8,FR--R--STL,6220.0,1.4400350901203987e-05,9.017519597044785e-07,0.0895701826054888
K_decreasing_d8_rho1_B8,FR--R--STL,6240.0,1.3999275490395036e-05,9.089131795472986e-07,0.08735547906006502
K_decreasing_d8_rho1_B8,FR--R--STL,6260.0,1.4227937620573765e-05,8.909179899652831e-07,0.08906688950479177
K_decreasing_d8_rho1_B8,FR--R--STL,6280.0,1.4249216771252312e-05,9.193405265889723e-07,0.08948508132346453
K_decreasing_d8_rho1_B8,FR--R--STL,6300.0,1.4617413029623568e-05,9.733296966929704e-07,0.09208970208662848
K_decreasing_d8_rho1_B8,FR--R--STL,6320.0,1.4643653173133468e-05,9.873053183281157e-07,0.09254788805420353
K_decreasing_d8_rho1_B8,FR--R--STL,6340.0,1.4505268122425955e-05,9.60890977367923e-07,0.09196339989618056
K_decreasing_d8_rho1_B8,FR--R--STL,6360.0,1.418063233241303e-05,8.746207134961971e-07,0.09018882163414688
K_decreasing_d8_rho1_B8,FR--R--STL,6380.0,1.4229288582405057e-05,9.454361586539557e-07,0.09078286115574426
K_decreasing_d8_rho1_B8,FR--R--STL,6400.0,1.463266109498207e-05,9.151282339916828e-07,0.09364903100788524
K_decreasing_d8_rho1_B8,FR--R--STL,6420.0,1.4256350069796753e-05,9.679290440019772e-07,0.09152576744809515
K_decreasing_d8_rho1_B8,FR--R--STL,6440.0,1.405747336787518e-05,1.006956628313326e-06,0.09053012848911617
K_decreasing_d8_rho1_B8,FR--R--STL,6460.0,1.3455260868777686e-05,7.739122526072419e-07,0.08692098521230385
K_decreasing_d8_rho1_B8,FR--R--STL,6480.0,1.3244604701808289e-05,7.925198009291752e-07,0.08582503846771772
K_decreasing_d8_rho1_B8,FR--R--STL,6500.0,1.2520130745574676e-05,8.346853412167269e-07,0.08138084984623539
K_decreasing_d8_rho1_B8,FR--R--STL,6520.0,1.2076757288189318e-05,8.114523339224575e-07,0.07874045751899435
K_decreasing_d8_rho1_B8,FR--R--STL,6540.0,1.2848394267569081e-05,8.617456904103996e-07,0.0840284985099018
K_decreasing_d8_rho1_B8,FR--R--STL,6560.0,1.3440778931646709e-05,9.594509480778297e-07,0.0881715097916024
K_decreasing_d8_rho1_B8,FR--R--STL,6580.0,1.3094271298156693e-05,9.042025721026342e-07,0.08616030514187105
K_decreasing_d8_rho1_B8,FR--R--STL,6600.0,1.3350785021278474e-05,8.70037722976016e-07,0.08811518114043793
K_decreasing_d8_rho1_B8,FR--R--STL,6620.0,1.3682499649784556e-05,8.953595926699873e-07,0.09057814768157377
K_decreasing_d8_rho1_B8,FR--R--STL,6640.0,1.3640959836151249e-05,9.554967593353317e-07,0.0905759733120443
K_decreasing_d8_rho1_B8,FR--R--STL,6660.0,1.3919796854278133e-05,9.199046171985741e-07,0.09270584704949236
K_decreasing_d8_rho1_B8,FR--R--STL,6680.0,1.3736562475112162e-05,9.366462699215325e-07,0.09176023733374924
K_decreasing_d8_rho1_B8,FR--R--STL,6700.0,1.3397951433802292e-05,8.75841510318885e-07,0.08976627460647535
K_decreasing_d8_rho1_B8,FR--R--STL,6720.0,1.3357172717221033e-05,8.693723680279963e-07,0.08976020065972534
K_decreasing_d8_rho1_B8,FR--R--STL,6740.0,1.3191420134806009e-05,9.204410181583317e-07,0.0889101717085925
K_decreasing_d8_rho1_B8,FR--R--STL,6760.0,1.308665401561863e-05,9.303544383230051e-07,0.08846578114558194
K_decreasing_d8_rho1_B8,FR--R--STL,6780.0,1.2623937356230168e-05,9.289706566303678e-07,0.08559029527524054
K_decreasing_d8_rho1_B8,FR--R--STL,6800.0,1.2127713230262552e-05,9.064714951981161e-07,0.08246844996578535
K_decreasing_d8_rho1_B8,FR--R--STL,6820.0,1.1834177025763874e-05,9.547778292194085e-07,0.08070908731570962
K_decreasing_d8_rho1_B8,FR--R--STL,6840.0,1.149386585082013e-05,9.501586491021078e-07,0.07861804241960968
K_decreasing_d8_rho1_B8,FR--R--STL,6860.0,1.1333861244248549e-05,8.37960995344714e-07,0.07775028813554505
K_decreasing_d8_rho1_B8,FR--R--STL,6880.0,1.1174051748567374e-05,7.927255742229844e-07,0.07687747603014354
K_decreasing_d8_rho1_B8,FR--R--STL,6900.0,1.1136742265094312e-05,6.998115116627732e-07,0.07684352162915076
K_decreasing_d8_rho1_B8,FR--R--STL,6920.0,1.1178238742666953e-05,7.17136983592693e-07,0.07735341209925531
K_decreasing_d8_rho1_B8,FR--R--STL,6940.0,1.1134037220135913e-05,7.078976072084174e-07,0.07727021830774324
K_decreasing_d8_rho1_B8,FR--R--STL,6960.0,1.1074424906235928e-05,6.76629864341106e-07,0.07707799734740206
K_decreasing_d8_rho1_B8,FR--R--STL,6980.0,1.0936425523914533e-05,6.682723964125527e-07,0.07633625015692344
K_decreasing_d8_rho1_B8,FR--R--STL,7000.0,1.1216993980944779e-05,6.592118535291143e-07,0.07851895786661345
K_decreasing_d8_rho1_B8,FR--R--STL,7020.0,1.0570583739225962e-05,7.373966224915729e-07,0.07420549784936625
K_decreasing_d8_rho1_B8,FR--R--STL,7040.0,1.0628183394138328e-05,7.644598567531812e-07,0.07482241109473382
K_decreasing_d8_rho1_B8,FR--R--STL,7060.0,1.0412198675376535e-05,6.893807349573083e-07,0.07351012264815833
K_decreasing_d8_rho1_B8,FR--R--STL,7080.0,1.0908264442891873e-05,7.710542879512035e-07,0.07723051225567445
K_decreasing_d8_rho1_B8,FR--R--STL,7100.0,1.1201094157738586e-05,7.580738299140362e-07,0.07952776851994396
K_decreasing_d8_rho1_B8,FR--R--STL,7120.0,1.131420268718486e-05,7.106837707284454e-07,0.0805571231327562
K_decreasing_d8_rho1_B8,FR--R--STL,7140.0,1.1211841376231509e-05,6.816456581822979e-07,0.08005254742629297
K_decreasing_d8_rho1_B8,FR--R--STL,7160.0,1.1532515452146915e-05,6.440285183160797e-07,0.08257281063737192
K_decreasing_d8_rho1_B8,FR--R--STL,7180.0,1.1467184395256661e-05,6.583479120469601e-07,0.08233438395794283
K_decreasing_d8_rho1_B8,FR--R--STL,7200.0,1.1331524068166251e-05,5.885478730566135e-07,0.081586973290797
K_decreasing_d8_rho1_B8,FR--R--STL,7220.0,1.1568495431942457e-05,6.224242663299857e-07,0.08352453701862454
K_decreasing_d8_rho1_B8,FR--R--STL,7240.0,1.1980600179898697e-05,6.421292639408439e-07,0.08673954530246657
K_decreasing_d8_rho1_B8,FR--R--STL,7260.0,1.1671577627285027e-05,6.346156517117246e-07,0.0847356535740893
K_decreasing_d8_rho1_B8,FR--R--STL,7280.0,1.2340609328376218e-05,7.629383486365527e-07,0.08983963591057886
K_decreasing_d8_rho1_B8,FR--R--STL,7300.0,1.2145781685912738e-05,7.343548957664744e-07,0.08866420630716298
K_decreasing_d8_rho1_B8,FR--R--STL,7320.0,1.2057875954596398e-05,6.553393724107495e-07,0.08826365198764563
K_decreasing_d8_rho1_B8,FR--R--STL,7340.0,1.2012250186839898e-05,6.136505119867182e-07,0.08816991637140485
K_decreasing_d8_rho1_B8,FR--R--STL,7360.0,1.2473597286148201e-05,6.643142627917524e-07,0.09180567602605076
K_decreasing_d8_rho1_B8,FR--R--STL,7380.0,1.2933019495697806e-05,7.224672715127445e-07,0.09544568387824981
K_decreasing_d8_rho1_B8,FR--R--STL,7400.0,1.2462005393280388e-05,7.054981516859266e-07,0.09221883991027487
K_decreasing_d8_rho1_B8,FR--R--STL,7420.0,1.2536247789925644e-05,6.190015057955617e-07,0.09301895860124829
K_decreasing_d8_rho1_B8,FR--R--STL,7440.0,1.2831152451742156e-05,6.298962436154598e-07,0.09546377424096164
K_decreasing_d8_rho1_B8,FR--R--STL,7460.0,1.2653377257620946e-05,5.944453315075813e-07,0.09439419434185226
K_decreasing_d8_rho1_B8,FR--R--STL,7480.0,1.2191536229681314e-05,6.202835841662462e-07,0.09119269099801623
K_decreasing_d8_rho1_B8,FR--R--STL,7500.0,1.2110566338770686e-05,6.19122949129859e-07,0.09082924754078014
K_decreasing_d8_rho1_B8,FR--R--STL,7520.0,1.1731865804609498e-05,6.593943750192596e-07,0.08822363085066343
K_decreasing_d8_rho1_B8,FR--R--STL,7540.0,1.1207861915796257e-05,6.950496049819973e-07,0.08450727884510378
K_decreasing_d8_rho1_B8,FR--R--STL,7560.0,1.1031039542608312e-05,6.693860367529029e-07,0.08339465894211884
K_decreasing_d8_rho1_B8,FR--R--STL,7580.0,1.0958334999096782e-05,6.760699465948184e-07,0.08306417929315361
K_decreasing_d8_rho1_B8,FR--R--STL,7600.0,1.0640699122266284e-05,7.234770262452187e-07,0.08086931332922376
K_decreasing_d8_rho1_B8,FR--R--STL,7620.0,1.0598206118928033e-05,6.989972780244777e-07,0.08075833062623161
K_decreasing_d8_rho1_B8,FR--R--STL,7640.0,1.0510546910798742e-05,7.384711910950709e-07,0.0803005783985024
K_decreasing_d8_rho1_B8,FR--R--STL,7660.0,1.0297595649018849e-05,6.819214166092755e-07,0.07887958267148439
K_decreasing_d8_rho1_B8,FR--R--STL,7680.0,1.0543138332389882e-05,7.216583746088485e-07,0.0809713023927543
K_decreasing_d8_rho1_B8,FR--R--STL,7700.0,1.0434664744263245e-05,7.544215260141054e-07,0.08034691853082698
K_decreasing_d8_rho1_B8,FR--R--STL,7720.0,1.0466236116031998e-05,7.908042913651132e-07,0.08079934281576702
K_decreasing_d8_rho1_B8,FR--R--STL,7740.0,1.059975634391345e-05,7.99047778577728e-07,0.0820421141018901
K_decreasing_d8_rho1_B8,FR--R--STL,7760.0,1.0709183717239057e-05,8.195490675558049e-07,0.08310326564577508
K_decreasing_d8_rho1_B8,FR--R--STL,7780.0,1.0694287490971751e-05,8.266358416407597e-07,0.08320155667976023
K_decreasing_d8_rho1_B8,FR--R--STL,7800.0,1.0764748014668868e-05,8.700701664830616e-07,0.08396503451441717
K_decreasing_d8_rho1_B8,FR--R--STL,7820.0,1.1253722695177733e-05,9.581865281622176e-07,0.08800411147628988
K_decreasing_d8_rho1_B8,FR--R--STL,7840.0,1.132346722201305e-05,1.064991778720391e-06,0.08877598302058232
K_decreasing_d8_rho1_B8,FR--R--STL,7860.0,1.1473795435712476e-05,1.044103664188027e-06,0.09018403212470005
K_decreasing_d8_rho1_B8,FR--R--STL,7880.0,1.1518553976112381e-05,1.0711781054411217e-06,0.09076620533176556
K_decreasing_d8_rho1_B8,FR--R--STL,7900.0,1.1236967010900637e-05,1.2255593936928034e-06,0.08877203938611504
K_decreasing_d8_rho1_B8,FR--R--STL,7920.0,1.0745980316932228e-05,9.991290602086084e-07,0.08510816411010325
K_decreasing_d8_rho1_B8,FR--R--STL,7940.0,1.0670776558541207e-05,8.261780521342333e-07,0.08472596587481718
K_decreasing_d8_rho1_B8,FR--R--STL,7960.0,1.1199053586175011e-05,8.02652886713977e-07,0.0891444665459531
K_decreasing_d8_rho1_B8,FR--R--STL,7980.0,1.0875116695145219e-05,7.68862228142293e-07,0.08678343122725884
K_decreasing_d8_rho1_B8,FR--R--STL,8000.0,1.1295615391245425e-05,8.16323720699011e-07,0.0903649231299634
K_decreasing_d8_rho1_B8,FR--R--STL,8020.0,1.1354080857373106e-05,8.301262312525004e-07,0.0910597284761323
K_decreasing_d8_rho1_B8,FR--R--STL,8040.0,1.1700277012109221e-05,9.002325174560919e-07,0.09407022717735813
K_decreasing_d8_rho1_B8,FR--R--STL,8060.0,1.1398249898775249e-05,9.472042509858495e-07,0.0918698941841285
K_decreasing_d8_rho1_B8,FR--R--STL,8080.0,1.1684141890870119e-05,9.93279918252504e-07,0.09440786647823056
K_decreasing_d8_rho1_B8,FR--R--STL,8100.0,1.149650064663869e-05,9.762421080624906e-07,0.09312165523777338
K_decreasing_d8_rho1_B8,FR--R--STL,8120.0,1.1563435652176917e-05,1.0379367351575714e-06,0.09389509749567657
K_decreasing_d8_rho1_B8,FR--R--STL,8140.0,1.1392888457913604e-05,1.036212258418291e-06,0.09273811204741673
K_decreasing_d8_rho1_B8,FR--R--STL,8160.0,1.1454023454267788e-05,1.0780274531546469e-06,0.09346483138682515
K_decreasing_d8_rho1_B8,FR--R--STL,8180.0,1.1371116082041037e-05,1.1248695624291468e-06,0.09301572955109569
K_decreasing_d8_rho1_B8,FR--R--STL,8200.0,1.14645945107128e-05,1.1386934821156872e-06,0.09400967498784496
K_decreasing_d8_rho1_B8,FR--R--STL,8220.0,1.177941299325506e-05,1.0510513895540463e-06,0.09682677480455659
K_decreasing_d8_rho1_B8,FR--R--STL,8240.0,1.160783209905129e-05,8.662727639138355e-07,0.09564853649618263
K_decreasing_d8_rho1_B8,FR--R--STL,8260.0,1.1448702883765093e-05,8.041376098767833e-07,0.09456628581989968
K_decreasing_d8_rho1_B8,FR--R--STL,8280.0,1.0992406444406318e-05,7.501897628275147e-07,0.09101712535968431
K_decreasing_d8_rho1_B8,FR--R--STL,8300.0,1.0863312331850967e-05,8.13166865657735e-07,0.09016549235436302
K_decreasing_d8_rho1_B8,FR--R--STL,8320.0,1.0517827925582424e-05,6.267330127503775e-07,0.08750832834084576
K_decreasing_d8_rho1_B8,FR--R--STL,8340.0,1.1228140059404978e-05,7.187635902449763e-07,0.09364268809543752
K_decreasing_d8_rho1_B8,FR--R--STL,8360.0,1.1131572164983321e-05,7.465585535197869e-07,0.09305994329926057
K_decreasing_d8_rho1_B8,FR--R--STL,8380.0,1.1527694389013022e-05,7.823478247797559e-07,0.09660207897992912
K_decreasing_d8_rho1_B8,FR--R--STL,8400.0,1.1356302765482459e-05,8.221572308029689e-07,0.09539294323005265
K_decreasing_d8_rho1_B8,FR--R--STL,8420.0,1.112851495369919e-05,8.01891774586486e-07,0.09370209591014718
K_decreasing_d8_rho1_B8,FR--R--STL,8440.0,1.1098501696308698e-05,8.582919596709548e-07,0.09367135431684541
K_decreasing_d8_rho1_B8,FR--R--STL,8460.0,1.0850226613889901e-05,7.470555637547575e-07,0.09179291715350857
K_decreasing_d8_rho1_B8,FR--R--STL,8480.0,1.1112035142257781e-05,7.028105285096184e-07,0.09423005800634598
K_decreasing_d8_rho1_B8,FR--R--STL,8500.0,1.1036825300732762e-05,6.928445578112672e-07,0.09381301505622848
K_decreasing_d8_rho1_B8,FR--R--STL,8520.0,1.1287182612207403e-05,7.559212907082364e-07,0.09616679585600707
K_decreasing_d8_rho1_B8,FR--R--STL,8540.0,1.1179490373140292e-05,7.054780191918958e-07,0.09547284778661809
K_decreasing_d8_rho1_B8,FR--R--STL,8560.0,9.934121855940484e-06,6.10591407418201e-07,0.08503608308685054
K_decreasing_d8_rho1_B8,FR--R--STL,8580.0,1.009951516828996e-05,6.435587341624314e-07,0.08665384014392785
K_decreasing_d8_rho1_B8,FR--R--STL,8600.0,9.930257846265296e-06,6.840906018774905e-07,0.08540021747788154
K_decreasing_d8_rho1_B8,FR--R--STL,8620.0,1.0083858798578167e-05,7.60145083170308e-07,0.0869228628437438
K_decreasing_d8_rho1_B8,FR--R--STL,8640.0,1.0211944047474238e-05,7.671494606641705e-07,0.08823119657017742
K_decreasing_d8_rho1_B8,FR--R--STL,8660.0,1.0080071955679652e-05,6.667457173986005e-07,0.08729342313618578
K_decreasing_d8_rho1_B8,FR--R--STL,8680.0,1.0419485850121646e-05,7.320775564739609e-07,0.09044113717905589
K_decreasing_d8_rho1_B8,FR--R--STL,8700.0,1.0296082056419445e-05,6.994741121957119e-07,0.08957591389084918
K_decreasing_d8_rho1_B8,FR--R--STL,8720.0,1.045837512799371e-05,6.787443977306732e-07,0.09119703111610515
K_decreasing_d8_rho1_B8,FR--R--STL,8740.0,1.0291593577231121e-05,6.9142649825553e-07,0.089948527865
K_decreasing_d8_rho1_B8,FR--R--STL,8760.0,9.928317792754864e-06,6.682485878517333e-07,0.0869720638645326
K_decreasing_d8_rho1_B8,FR--R--STL,8780.0,9.840133429506182e-06,6.883808975334305e-07,0.08639637151106427
K_decreasing_d8_rho1_B8,FR--R--STL,8800.0,1.0495413411396962e-05,7.593160538094273e-07,0.09235963802029326
K_decreasing_d8_rho1_B8,FR--R--STL,8820.0,1.044686904361214e-05,7.121581618218593e-07,0.09214138496465907
K_decreasing_d8_rho1_B8,FR--R--STL,8840.0,1.0653834197989671e-05,7.134023116864764e-07,0.09417989431022869
K_decreasing_d8_rho1_B8,FR--R--STL,8860.0,1.0787249576260649e-05,6.852349827845684e-07,0.09557503124566935
K_decreasing_d8_rho1_B8,FR--R--STL,8880.0,1.0888481320877238e-05,6.909891054516332e-07,0.09668971412938987
K_decreasing_d8_rho1_B8,FR--R--STL,8900.0,1.072058704820004e-05,6.548057064406214e-07,0.09541322472898035
K_decreasing_d8_rho1_B8,FR--R--STL,8920.0,1.061033201343875e-05,5.918661435481453e-07,0.09464416155987365
K_decreasing_d8_rho1_B8,FR--R--STL,8940.0,1.0629132034090105e-05,6.277860950589867e-07,0.09502444038476554
K_decreasing_d8_rho1_B8,FR--R--STL,8960.0,1.0547044317910093e-05,5.52241537823399e-07,0.09450151708847443
K_decreasing_d8_rho1_B8,FR--R--STL,8980.0,1.0481578917283703e-05,5.557168481140752e-07,0.09412457867720765
K_decreasing_d8_rho1_B8,FR--R--STL,9000.0,1.0417537920096957e-05,5.186735571034578e-07,0.09375784128087261
K_decreasing_d8_rho1_B8,FR--R--STL,9020.0,1.01211664937928e-05,5.730829923956279e-07,0.09129292177401105
K_decreasing_d8_rho1_B8,FR--R--STL,9040.0,9.990756543783636e-06,5.515319626510787e-07,0.09031643915580408
K_decreasing_d8_rho1_B8,FR--R--STL,9060.0,1.0023221234304695e-05,5.177467431851003e-07,0.09081038438280054
K_decreasing_d8_rho1_B8,FR--R--STL,9080.0,1.0396168806744062e-05,6.275111033124403e-07,0.09439721276523608
K_decreasing_d8_rho1_B8,FR--R--STL,9100.0,1.0546109516962333e-05,6.004610520923106e-07,0.09596959660435722
K_decreasing_d8_rho1_B8,FR--R--STL,9120.0,1.0471235145370628e-05,5.051280558487015e-07,0.09549766452578012
K_decreasing_d8_rho1_B8,FR--R--STL,9140.0,1.0187939231798282e-05,5.179858085576476e-07,0.0931177645786363
K_decreasing_d8_rho1_B8,FR--R--STL,9160.0,1.059310442066419e-05,4.62853361662667e-07,0.09703283649328398
K_decreasing_d8_rho1_B8,FR--R--STL,9180.0,1.087318612823888e-05,4.821178379032855e-07,0.09981584865723292
K_decreasing_d8_rho1_B8,FR--R--STL,9200.0,1.04745612903893e-05,5.814519040989228e-07,0.09636596387158156
K_decreasing_d8_rho1_B8,FR--R--STL,9220.0,1.0655872078165392e-05,6.114311100661868e-07,0.09824714056068491
K_decreasing_d8_rho1_B8,FR--R--STL,9240.0,1.0715261521276887e-05,6.532679604433044e-07,0.09900901645659843
K_decreasing_d8_rho1_B8,FR--R--STL,9260.0,1.0443773780366427e-05,6.401037038873652e-07,0.09670934520619312
K_decreasing_d8_rho1_B8,FR--R--STL,9280.0,9.995913142368806e-06,6.400883431043278e-07,0.09276207396118252
K_decreasing_d8_rho1_B8,FR--R--STL,9300.0,9.679865672721869e-06,6.692038514612631e-07,0.09002275075631339
K_decreasing_d8_rho1_B8,FR--R--STL,9320.0,9.664038016587995e-06,6.287997370296896e-07,0.09006883431460011
K_decreasing_d8_rho1_B8,FR--R--STL,9340.0,9.531624972443827e-06,5.853132012959035e-07,0.08902537724262534
K_decreasing_d8_rho1_B8,FR--R--STL,9360.0,9.645659064124364e-06,6.753751744433741e-07,0.09028336884020405
K_decreasing_d8_rho1_B8,FR--R--STL,9380.0,9.602332087214431e-06,6.947932746333954e-07,0.09006987497807137
K_decreasing_d8_rho1_B8,FR--R--STL,9400.0,9.591708808454058e-06,6.133680788904246e-07,0.09016206279946815
K_decreasing_d8_rho1_B8,FR--R--STL,9420.0,9.547505426255043e-06,6.061941995781728e-07,0.0899375011153225
K_decreasing_d8_rho1_B8,FR--R--STL,9440.0,9.268258477224123e-06,5.720844286626332e-07,0.08749236002499572
K_decreasing_d8_rho1_B8,FR--R--STL,9460.0,9.189917749630184e-06,5.448833476147303e-07,0.08693662191150153
K_decreasing_d8_rho1_B8,FR--R--STL,9480.0,8.839673444456982e-06,5.298905603709108e-07,0.08380010425345219
K_decreasing_d8_rho1_B8,FR--R--STL,9500.0,8.818656170076859e-06,5.394366787658466e-07,0.08377723361573015
K_decreasing_d8_rho1_B8,FR--R--STL,9520.0,8.695051805555446e-06,4.517629696390892e-07,0.08277689318888785
K_decreasing_d8_rho1_B8,FR--R--STL,9540.0,8.658282041847562e-06,4.830945867766408e-07,0.08260001067922573
K_decreasing_d8_rho1_B8,FR--R--STL,9560.0,8.508909755544636e-06,4.4816449610123734e-07,0.08134517726300672
K_decreasing_d8_rho1_B8,FR--R--STL,9580.0,8.617552863832146e-06,4.5792555097505115e-07,0.08255615643551195
K_decreasing_d8_rho1_B8,FR--R--STL,9600.0,8.652476769407021e-06,4.932477723748792e-07,0.0830637769863074
K_decreasing_d8_rho1_B8,FR--R--STL,9620.0,9.007797434327594e-06,5.570428527776681e-07,0.08665501131823146
K_decreasing_d8_rho1_B8,FR--R--STL,9640.0,8.9309600945775e-06,5.508261754458229e-07,0.0860944553117271
K_decreasing_d8_rho1_B8,FR--R--STL,9660.0,9.217125875456607e-06,5.362571780660394e-07,0.08903743595691083
K_decreasing_d8_rho1_B8,FR--R--STL,9680.0,9.156752972720265e-06,5.902022832549703e-07,0.08863736877593217
K_decreasing_d8_rho1_B8,FR--R--STL,9700.0,9.189047614703109e-06,5.507046866575049e-07,0.08913376186262016
K_decreasing_d8_rho1_B8,FR--R--STL,9720.0,9.045045672658366e-06,5.855549830226569e-07,0.08791784393823932
K_decreasing_d8_rho1_B8,FR--R--STL,9740.0,9.109837807811752e-06,6.780711762511435e-07,0.08872982024808647
K_decreasing_d8_rho1_B8,FR--R--STL,9760.0,9.000731809383212e-06,6.892621509411088e-07,0.08784714245958014
K_decreasing_d8_rho1_B8,FR--R--STL,9780.0,8.890178116486661e-06,7.038992898748605e-07,0.08694594197923955
K_decreasing_d8_rho1_B8,FR--R--STL,9800.0,8.870866792539308e-06,7.158426678013505e-07,0.08693449456688522
K_decreasing_d8_rho1_B8,FR--R--STL,9820.0,8.692817190632714e-06,7.100972002079441e-07,0.08536346481201325
K_decreasing_d8_rho1_B8,FR--R--STL,9840.0,8.441164274586299e-06,6.378617861628313e-07,0.08306105646192918
K_decreasing_d8_rho1_B8,FR--R--STL,9860.0,8.710976719091453e-06,6.446977258148433e-07,0.08589023045024172
K_decreasing_d8_rho1_B8,FR--R--STL,9880.0,8.670965243891734e-06,5.833947518701049e-07,0.08566913660965034
K_decreasing_d8_rho1_B8,FR--R--STL,9900.0,8.85906372021239e-06,6.312650934690733e-07,0.08770473083010266
K_decreasing_d8_rho1_B8,FR--R--STL,9920.0,8.946726648447385e-06,5.72790345268718e-07,0.08875152835259806
K_decreasing_d8_rho1_B8,FR--R--STL,9940.0,9.115620625029426e-06,6.171106105357181e-07,0.0906092690127925
K_decreasing_d8_rho1_B8,FR--R--STL,9960.0,9.03251327445768e-06,6.646868106303137e-07,0.0899638322135985
K_decreasing_d8_rho1_B8,FR--R--STL,9980.0,9.183794960036333e-06,6.58634520917037e-07,0.09165427370116261
K_decreasing_d8_rho1_B8,FR--R--STL,10000.0,9.192429976974855e-06,7.194886831482397e-07,0.09192429976974854
K_decreasing_d8_rho1_B8,FR--R--STL,10020.0,9.432595675414509e-06,7.456268627932939e-07,0.09451460866765338
K_decreasing_d8_rho1_B8,FR--R--STL,10040.0,9.364101022620493e-06,7.872604918797998e-07,0.09401557426710974
K_decreasing_d8_rho1_B8,FR--R--STL,10060.0,8.962655624659514e-06,7.429524251621267e-07,0.09016431558407471
K_decreasing_d8_rho1_B8,FR--R--STL,10080.0,9.056346949283996e-06,7.621329410120577e-07,0.09128797724878268
K_decreasing_d8_rho1_B8,FR--R--STL,10100.0,8.993471925252313e-06,7.031268388027691e-07,0.09083406644504836
K_decreasing_d8_rho1_B8,FR--R--STL,10120.0,9.028853969302493e-06,7.466263040844544e-07,0.09137200216934123
K_decreasing_d8_rho1_B8,FR--R--STL,10140.0,9.171419132740036e-06,6.941801792327455e-07,0.09299819000598397
K_decreasing_d8_rho1_B8,FR--R--STL,10160.0,9.150914231762879e-06,6.793455800966369e-07,0.09297328859471085
K_decreasing_d8_rho1_B8,FR--R--STL,10180.0,9.20582689536431e-06,6.335281517046222e-07,0.09371531779480868
K_decreasing_d8_rho1_B8,FR--R--STL,10200.0,9.104203112819676e-06,5.828569838313646e-07,0.09286287175076069
K_decreasing_d8_rho1_B8,FR--R--STL,10220.0,9.232467017650237e-06,6.195548164783501e-07,0.09435581292038542
K_decreasing_d8_rho1_B8,FR--R--STL,10240.0,1.0025007546084671e-05,6.968123072858097e-07,0.10265607727190704
K_decreasing_d8_rho1_B8,FR--R--STL,10260.0,9.979845934478722e-06,7.391292981345179e-07,0.10239321928775168
K_decreasing_d8_rho1_B8,FR--R--STL,10280.0,9.961878499472239e-06,7.365434452012754e-07,0.10240811097457461
K_decreasing_d8_rho1_B8,FR--R--STL,10300.0,9.979325426960155e-06,7.240399829907404e-07,0.1027870518976896
K_decreasing_d8_rho1_B8,FR--R--STL,10320.0,9.635726125474993e-06,6.943816542250663e-07,0.09944069361490193
K_decreasing_d8_rho1_B8,FR--R--STL,10340.0,9.27423570828978e-06,6.796947132427867e-07,0.09589559722371632
K_decreasing_d8_rho1_B8,FR--R--STL,10360.0,9.353488793510204e-06,7.048622877000501e-07,0.09690214390076571
K_decreasing_d8_rho1_B8,FR--R--STL,10380.0,9.731732505032417e-06,7.292144480656659e-07,0.10101538340223648
K_decreasing_d8_rho1_B8,FR--R--STL,10400.0,9.66111479524893e-06,7.848496931570773e-07,0.10047559387058888
K_decreasing_d8_rho1_B8,FR--R--STL,10420.0,9.60200803226859e-06,7.494228724340208e-07,0.10005292369623871
K_decreasing_d8_rho1_B8,FR--R--STL,10440.0,9.371379592841105e-06,6.815001451183878e-07,0.09783720294926114
K_decreasing_d8_rho1_B8,FR--R--STL,10460.0,9.059959150607236e-06,6.966888922206723e-07,0.09476717271535169
K_decreasing_d8_rho1_B8,FR--R--STL,10480.0,9.140774132928205e-06,6.936563300139583e-07,0.0957953129130876
K_decreasing_d8_rho1_B8,FR--R--STL,10500.0,9.040143749879567e-06,6.523344689304387e-07,0.09492150937373545
K_decreasing_d8_rho1_B8,FR--R--STL,10520.0,9.066493671857263e-06,6.387919481991007e-07,0.0953795134279384
K_decreasing_d8_rho1_B8,FR--R--STL,10540.0,8.884192735673462e-06,6.163072624209523e-07,0.09363939143399828
K_decreasing_d8_rho1_B8,FR--R--STL,10560.0,8.70801523354577e-06,5.465928392961949e-07,0.09195664086624333
K_decreasing_d8_rho1_B8,FR--R--STL,10580.0,8.62301988201845e-06,5.319107124687114e-07,0.09123155035175519
K_decreasing_d8_rho1_B8,FR--R--STL,10600.0,8.445453109384716e-06,5.202734479352028e-07,0.08952180295947798
K_decreasing_d8_rho1_B8,FR--R--STL,10620.0,8.069796459301651e-06,4.767244822506269e-07,0.08570123839778354
K_decreasing_d8_rho1_B8,FR--R--STL,10640.0,8.041753159234352e-06,5.211677939543937e-07,0.0855642536142535
K_decreasing_d8_rho1_B8,FR--R--STL,10660.0,7.969305436835345e-06,5.66438150730062e-07,0.08495279595666479
K_decreasing_d8_rho1_B8,FR--R--STL,10680.0,7.918419937317604e-06,5.740811088941656e-07,0.08456872493055201
K_decreasing_d8_rho1_B8,FR--R--STL,10700.0,7.953091000079127e-06,5.945435172378799e-07,0.08509807370084665
K_decreasing_d8_rho1_B8,FR--R--STL,10720.0,7.983438602732207e-06,5.412906789496081e-07,0.08558246182128926
K_decreasing_d8_rho1_B8,FR--R--STL,10740.0,7.909526188350687e-06,5.336350100523264e-07,0.08494831126288638
K_decreasing_d8_rho1_B8,FR--R--STL,10760.0,7.802467529138824e-06,5.094331657685899e-07,0.08395455061353375
K_decreasing_d8_rho1_B8,FR--R--STL,10780.0,8.085854959431298e-06,5.526553510821393e-07,0.08716551646266939
K_decreasing_d8_rho1_B8,FR--R--STL,10800.0,8.297222318631725e-06,5.488756316861429e-07,0.08961000104122263
K_decreasing_d8_rho1_B8,FR--R--STL,10820.0,8.146971222651918e-06,5.228810669419872e-07,0.08815022862909376
K_decreasing_d8_rho1_B8,FR--R--STL,10840.0,8.098403165668343e-06,4.829710334809831e-07,0.08778669031584484
K_decreasing_d8_rho1_B8,FR--R--STL,10860.0,8.163061168087183e-06,4.729801059384254e-07,0.08865084428542681
K_decreasing_d8_rho1_B8,FR--R--STL,10880.0,8.244391424187351e-06,5.015296589050535e-07,0.08969897869515839
K_decreasing_d8_rho1_B8,FR--R--STL,10900.0,8.388056089299785e-06,5.333496648307631e-07,0.09142981137336766
K_decreasing_d8_rho1_B8,FR--R--STL,10920.0,8.243300433837437e-06,5.427561160476757e-07,0.09001684073750482
K_decreasing_d8_rho1_B8,FR--R--STL,10940.0,8.414818310272428e-06,5.357470092335401e-07,0.09205811231438037
K_decreasing_d8_rho1_B8,FR--R--STL,10960.0,8.24502150165903e-06,5.217369358080414e-07,0.09036543565818296
K_decreasing_d8_rho1_B8,FR--R--STL,10980.0,8.251550704141409e-06,5.316955121706474e-07,0.09060202673147266
K_decreasing_d8_rho1_B8,FR--R--STL,11000.0,8.281025843182021e-06,5.169705185925889e-07,0.09109128427500224
K_decreasing_d8_rho1_B8,FR--R--STL,11020.0,8.488537853187002e-06,5.352966417921336e-07,0.09354368714212076
K_decreasing_d8_rho1_B8,FR--R--STL,11040.0,8.28209488776821e-06,4.938668994046353e-07,0.09143432756096104
K_decreasing_d8_rho1_B8,FR--R--STL,11060.0,8.185859803481558e-06,5.113574087875309e-07,0.09053560942650603
K_decreasing_d8_rho1_B8,FR--R--STL,11080.0,8.365528127729505e-06,5.357810194800841e-07,0.09269005165524292
K_decreasing_d8_rho1_B8,FR--R--STL,11100.0,8.02769765616181e-06,4.700417061703374e-07,0.0891074439833961
K_decreasing_d8_rho1_B8,FR--R--STL,11120.0,7.996520647453782e-06,5.019397090447481e-07,0.08892130959968605
K_decreasing_d8_rho1_B8,FR--R--STL,11140.0,7.945916001173003e-06,4.6899418242178836e-07,0.08851750425306726
K_decreasing_d8_rho1_B8,FR--R--STL,11160.0,7.694960095901611e-06,4.866791330651786e-07,0.08587575467026198
K_decreasing_d8_rho1_B8,FR--R--STL,11180.0,7.649127522727876e-06,4.3827772855420137e-07,0.08551724570409765
K_decreasing_d8_rho1_B8,FR--R--STL,11200.0,7.784113429387673e-06,4.6931223137145556e-07,0.08718207040914194
K_decreasing_d8_rho1_B8,FR--R--STL,11220.0,7.48046599866233e-06,4.2470188078991024e-07,0.08393082850499134
K_decreasing_d8_rho1_B8,FR--R--STL,11240.0,7.618341790246082e-06,4.3278846453320214e-07,0.08563016172236597
K_decreasing_d8_rho1_B8,FR--R--STL,11260.0,7.529480043218702e-06,4.123805242465277e-07,0.0847819452866426
K_decreasing_d8_rho1_B8,FR--R--STL,11280.0,7.738373673434513e-06,4.259828677249109e-07,0.08728885503634132
K_decreasing_d8_rho1_B8,FR--R--STL,11300.0,7.5940569437863795e-06,4.671908253095504e-07,0.08581284346478608
K_decreasing_d8_rho1_B8,FR--R--STL,11320.0,7.258662267695115e-06,3.96800625052831e-07,0.0821680568703087
K_decreasing_d8_rho1_B8,FR--R--STL,11340.0,7.114788504066401e-06,3.700120139087119e-07,0.08068170163611299
K_decreasing_d8_rho1_B8,FR--R--STL,11360.0,7.330812478212323e-06,4.274080403325066e-07,0.08327802975249199
K_decreasing_d8_rho1_B8,FR--R--STL,11380.0,7.50072208273167e-06,4.1119745250534176e-07,0.0853582173014864
K_decreasing_d8_rho1_B8,FR--R--STL,11400.0,7.372897441400757e-06,4.217725044948309e-07,0.08405103083196863
K_decreasing_d8_rho1_B8,FR--R--STL,11420.0,7.469396631905786e-06,4.106123114238858e-07,0.08530050953636407
K_decreasing_d8_rho1_B8,FR--R--STL,11440.0,7.428937635989286e-06,4.3364244893607125e-07,0.08498704655571743
K_decreasing_d8_rho1_B8,FR--R--STL,11460.0,7.4427208466213795e-06,4.2700893023623256e-07,0.08529358090228101
K_decreasing_d8_rho1_B8,FR--R--STL,11480.0,7.415413901560678e-06,4.325586900155274e-07,0.08512895158991658
K_decreasing_d8_rho1_B8,FR--R--STL,11500.0,7.229778736247046e-06,4.0812149499576256e-07,0.08314245546684103
K_decreasing_d8_rho1_B8,FR--R--STL,11520.0,7.403033743654437e-06,4.3572731994636737e-07,0.08528294872689912
K_decreasing_d8_rho1_B8,FR--R--STL,11540.0,7.428503048837835e-06,4.4392369348824077e-07,0.08572492518358862
K_decreasing_d8_rho1_B8,FR--R--STL,11560.0,7.611455247502619e-06,4.706795554796118e-07,0.08798842266113027
K_decreasing_d8_rho1_B8,FR--R--STL,11580.0,7.519836384902353e-06,4.864441990525599e-07,0.08707970533716924
K_decreasing_d8_rho1_B8,FR--R--STL,11600.0,7.296640289874053e-06,4.6650470454729035e-07,0.08464102736253902
K_decreasing_d8_rho1_B8,FR--R--STL,11620.0,7.201341803053651e-06,4.2256839021030165e-07,0.08367959175148343
K_decreasing_d8_rho1_B8,FR--R--STL,11640.0,7.273624807435653e-06,4.007528221436776e-07,0.084664992758551
K_decreasing_d8_rho1_B8,FR--R--STL,11660.0,7.270266798956963e-06,3.8731232025244164e-07,0.0847713108758382
K_decreasing_d8_rho1_B8,FR--R--STL,11680.0,7.612737904742298e-06,4.047986556999926e-07,0.08891677872739004
K_decreasing_d8_rho1_B8,FR--R--STL,11700.0,7.670049442953796e-06,3.974095696794287e-07,0.08973957848255941
K_decreasing_d8_rho1_B8,FR--R--STL,11720.0,7.618974627821018e-06,4.386966550479126e-07,0.08929438263806233
K_decreasing_d8_rho1_B8,FR--R--STL,11740.0,7.687524208381074e-06,4.5676423431055015e-07,0.0902515342063938
K_decreasing_d8_rho1_B8,FR--R--STL,11760.0,7.558399745436854e-06,4.4131125072784584e-07,0.0888867810063374
K_decreasing_d8_rho1_B8,FR--R--STL,11780.0,7.510673125743495e-06,4.659278574496908e-07,0.08847572942125836
K_decreasing_d8_rho1_B8,FR--R--STL,11800.0,7.610275483749262e-06,4.809308610306893e-07,0.0898012507082413
K_decreasing_d8_rho1_B8,FR--R--STL,11820.0,7.329006280235954e-06,4.7180676100906197e-07,0.08662885423238897
K_decreasing_d8_rho1_B8,FR--R--STL,11840.0,7.039491231175532e-06,4.558922603825032e-07,0.0833475761771183
K_decreasing_d8_rho1_B8,FR--R--STL,11860.0,6.917612315030889e-06,4.592602383567137e-07,0.08204288205626635
K_decreasing_d8_rho1_B8,FR--R--STL,11880.0,6.757500733941176e-06,4.018646208766965e-07,0.08027910871922117
K_decreasing_d8_rho1_B8,FR--R--STL,11900.0,6.523364467240592e-06,4.043885818429018e-07,0.07762803716016305
K_decreasing_d8_rho1_B8,FR--R--STL,11920.0,6.658128391467954e-06,3.744556217522799e-07,0.07936489042629802
K_decreasing_d8_rho1_B8,FR--R--STL,11940.0,6.793958186050256e-06,3.801954016439573e-07,0.08111986074144006
K_decreasing_d8_rho1_B8,FR--R--STL,11960.0,6.930058966621762e-06,3.974412391802948e-07,0.08288350524079628
K_decreasing_d8_rho1_B8,FR--R--STL,11980.0,6.681479110633622e-06,3.8566299982051187e-07,0.0800441197453908
K_decreasing_d8_rho1_B8,FR--R--STL,12000.0,6.50757852958724e-06,3.8773186657754643e-07,0.07809094235504688
K_decreasing_d8_rho1_B8,FR--R--STL,12020.0,6.3637161108391165e-06,4.233630291475671e-07,0.07649186765228617
K_decreasing_d8_rho1_B8,FR--R--STL,12040.0,6.194287272028495e-06,3.6855484946803516e-07,0.07457921875522308
K_decreasing_d8_rho1_B8,FR--R--STL,12060.0,6.217857058861871e-06,3.718972407045011e-07,0.07498735612987417
K_decreasing_d8_rho1_B8,FR--R--STL,12080.0,6.281092636199285e-06,3.3806902498872257e-07,0.07587559904528736
K_decreasing_d8_rho1_B8,FR--R--STL,12100.0,6.604797826348374e-06,3.389299381995674e-07,0.07991805369881533
K_decreasing_d8_rho1_B8,FR--R--STL,12120.0,6.785655008615758e-06,3.3645656955313806e-07,0.08224213870442298
K_decreasing_d8_rho1_B8,FR--R--STL,12140.0,6.897860803848724e-06,3.3621012038725306e-07,0.08374003015872351
K_decreasing_d8_rho1_B8,FR--R--STL,12160.0,7.02239414165362e-06,3.6924517428854296e-07,0.08539231276250803
K_decreasing_d8_rho1_B8,FR--R--STL,12180.0,7.1583174900228625e-06,3.732392532214266e-07,0.08718830702847846
K_decreasing_d8_rho1_B8,FR--R--STL,12200.0,7.128981244471552e-06,3.7357574687261627e-07,0.08697357118255293
K_decreasing_d8_rho1_B8,FR--R--STL,12220.0,7.0405612797289996e-06,3.7219787400736985e-07,0.08603565883828837
K_decreasing_d8_rho1_B8,FR--R--STL,12240.0,7.117730271991955e-06,3.896600710070263e-07,0.08712101852918153
K_decreasing_d8_rho1_B8,FR--R--STL,12260.0,7.279893094362203e-06,4.304464391411553e-07,0.08925148933688061
K_decreasing_d8_rho1_B8,FR--R--STL,12280.0,7.187722311563505e-06,4.3698554594450975e-07,0.08826522998599984
K_decreasing_d8_rho1_B8,FR--R--STL,12300.0,6.941746657762593e-06,4.201550832756938e-07,0.0853834838904799
K_decreasing_d8_rho1_B8,FR--R--STL,12320.0,6.851204572851562e-06,4.47170156292647e-07,0.08440684033753124
K_decreasing_d8_rho1_B8,FR--R--STL,12340.0,6.8351929927897475e-06,4.7179847585301787e-07,0.08434628153102548
K_decreasing_d8_rho1_B8,FR--R--STL,12360.0,7.052438492305413e-06,5.081835917107844e-07,0.0871681397648949
K_decreasing_d8_rho1_B8,FR--R--STL,12380.0,7.292560001885088e-06,5.201843892259346e-07,0.09028189282333739
K_decreasing_d8_rho1_B8,FR--R--STL,12400.0,7.138721124159512e-06,4.953451422818432e-07,0.08852014193957795
K_decreasing_d8_rho1_B8,FR--R--STL,12420.0,7.201233189846335e-06,5.140487779017361e-07,0.08943931621789147
K_decreasing_d8_rho1_B8,FR--R--STL,12440.0,7.143844105872432e-06,5.254013086441837e-07,0.08886942067705306
K_decreasing_d8_rho1_B8,FR--R--STL,12460.0,7.025245670681339e-06,5.1840914571597e-07,0.08753456105668948
K_decreasing_d8_rho1_B8,FR--R--STL,12480.0,6.742198875908656e-06,5.083271649010313e-07,0.08414264197134003
K_decreasing_d8_rho1_B8,FR--R--STL,12500.0,6.571382592005885e-06,4.776232844802532e-07,0.08214228240007357
K_decreasing_d8_rho1_B8,FR--R--STL,12520.0,6.2664106065331755e-06,4.5416183286180135e-07,0.07845546079379535
K_decreasing_d8_rho1_B8,FR--R--STL,12540.0,6.065716194184981e-06,4.287325556110517e-07,0.07606408107507967
K_decreasing_d8_rho1_B8,FR--R--STL,12560.0,6.177118684824734e-06,4.0662990654932814e-07,0.07758461068139866
K_decreasing_d8_rho1_B8,FR--R--STL,12580.0,6.316050097006827e-06,4.100604749949963e-07,0.07945591022034589
K_decreasing_d8_rho1_B8,FR--R--STL,12600.0,6.23886795686109e-06,4.151607737898157e-07,0.07860973625644974
K_decreasing_d8_rho1_B8,FR--R--STL,12620.0,6.167741763925723e-06,4.33930413746014e-07,0.07783690106074263
K_decreasing_d8_rho1_B8,FR--R--STL,12640.0,6.2191091776261e-06,4.137101092261964e-07,0.0786095400051939
K_decreasing_d8_rho1_B8,FR--R--STL,12660.0,6.50682166375797e-06,4.440034339978934e-07,0.0823763622631759
K_decreasing_d8_rho1_B8,FR--R--STL,12680.0,6.649936183134031e-06,4.4135586264924763e-07,0.08432119080213951
K_decreasing_d8_rho1_B8,FR--R--STL,12700.0,6.569534172159071e-06,3.846995566294081e-07,0.0834330839864202
K_decreasing_d8_rho1_B8,FR--R--STL,12720.0,6.777561548047354e-06,3.522682111758334e-07,0.08621058289116235
K_decreasing_d8_rho1_B8,FR--R--STL,12740.0,6.722217554777643e-06,4.033586734496647e-07,0.08564105164786717
K_decreasing_d8_rho1_B8,FR--R--STL,12760.0,6.817463158773999e-06,3.9495606147094205e-07,0.08699082990595623
K_decreasing_d8_rho1_B8,FR--R--STL,12780.0,6.813989763928182e-06,3.9326163671326105e-07,0.08708278918300216
K_decreasing_d8_rho1_B8,FR--R--STL,12800.0,6.950010669667014e-06,3.6495634708925423e-07,0.08896013657173778
K_decreasing_d8_rho1_B8,FR--R--STL,12820.0,7.067052905984639e-06,3.754531364589015e-07,0.09059961825472307
K_decreasing_d8_rho1_B8,FR--R--STL,12840.0,6.973495050447791e-06,3.6451997075031024e-07,0.08953967644774963
K_decreasing_d8_rho1_B8,FR--R--STL,12860.0,7.035877367804014e-06,3.752785198328825e-07,0.09048138294995962
K_decreasing_d8_rho1_B8,FR--R--STL,12880.0,6.9934622940692744e-06,3.685505974977693e-07,0.09007579434761226
K_decreasing_d8_rho1_B8,FR--R--STL,12900.0,6.891070616147724e-06,3.5611379628289464e-07,0.08889481094830565
K_decreasing_d8_rho1_B8,FR--R--STL,12920.0,6.94151191575898e-06,3.429883862984499e-07,0.08968433395160602
K_decreasing_d8_rho1_B8,FR--R--STL,12940.0,6.9608478934668485e-06,3.745403860661262e-07,0.09007337174146102
K_decreasing_d8_rho1_B8,FR--R--STL,12960.0,7.033370167786046e-06,3.7633706788131835e-07,0.09115247737450716
K_decreasing_d8_rho1_B8,FR--R--STL,12980.0,7.181597262206907e-06,3.548947788089645e-07,0.09321713246344565
K_decreasing_d8_rho1_B8,FR--R--STL,13000.0,7.092707480034951e-06,3.6000772241220964e-07,0.09220519724045437
K_decreasing_d8_rho1_B8,FR--R--STL,13020.0,7.223348284165117e-06,3.6317709372533744e-07,0.09404799465982983
K_decreasing_d8_rho1_B8,FR--R--STL,13040.0,7.019907014527149e-06,3.578585581440227e-07,0.09153958746943403
K_decreasing_d8_rho1_B8,FR--R--STL,13060.0,7.044482412066344e-06,3.6557027544696484e-07,0.09200094030158645
K_decreasing_d8_rho1_B8,FR--R--STL,13080.0,7.174064753456833e-06,3.791261103447199e-07,0.09383676697521537
K_decreasing_d8_rho1_B8,FR--R--STL,13100.0,7.077307726651346e-06,3.9924899810940717e-07,0.09271273121913264
K_decreasing_d8_rho1_B8,FR--R--STL,13120.0,7.156401120915016e-06,3.523588028686388e-07,0.09389198270640502
K_decreasing_d8_rho1_B8,FR--R--STL,13140.0,7.356343273586437e-06,3.6989193590925516e-07,0.09666235061492578
K_decreasing_d8_rho1_B8,FR--R--STL,13160.0,7.3538446537568806e-06,3.855920517312387e-07,0.09677659564344054
K_decreasing_d8_rho1_B8,FR--R--STL,13180.0,7.178135434286285e-06,3.8383298614165773e-07,0.09460782502389323
K_decreasing_d8_rho1_B8,FR--R--STL,13200.0,7.153054651679961e-06,3.9383284953673866e-07,0.09442032140217549
K_decreasing_d8_rho1_B8,FR--R--STL,13220.0,7.091921000294358e-06,3.949777196729113e-07,0.09375519562389141
K_decreasing_d8_rho1_B8,FR--R--STL,13240.0,7.3469084004962324e-06,4.4538701214399677e-07,0.09727306722257012
K_decreasing_d8_rho1_B8,FR--R--STL,13260.0,6.9544258077591795e-06,4.194476740211758e-07,0.09221568621088672
K_decreasing_d8_rho1_B8,FR--R--STL,13280.0,7.039145381012209e-06,4.544231505755065e-07,0.09347985065984214
K_decreasing_d8_rho1_B8,FR--R--STL,13300.0,6.986641714175808e-06,3.890896227227623e-07,0.09292233479853824
K_decreasing_d8_rho1_B8,FR--R--STL,13320.0,6.917831972774735e-06,3.916525730784834e-07,0.09214552187735947
K_decreasing_d8_rho1_B8,FR--R--STL,13340.0,6.914377158651064e-06,4.2507131373480175e-07,0.09223779129640519
K_decreasing_d8_rho1_B8,FR--R--STL,13360.0,6.661408300849085e-06,4.0358657122137395e-07,0.08899641489934378
K_decreasing_d8_rho1_B8,FR--R--STL,13380.0,6.608523770819848e-06,4.2346109102333263e-07,0.08842204805356957
K_decreasing_d8_rho1_B8,FR--R--STL,13400.0,6.678169343950676e-06,4.5837170251025813e-07,0.08948746920893906
K_decreasing_d8_rho1_B8,FR--R--STL,13420.0,6.741573099144915e-06,4.4426713937964873e-07,0.09047191099052476
K_decreasing_d8_rho1_B8,FR--R--STL,13440.0,6.621463150313645e-06,4.610467647603008e-07,0.08899246474021538
K_decreasing_d8_rho1_B8,FR--R--STL,13460.0,6.815903648800988e-06,4.6245102383231323e-07,0.0917420631128613
K_decreasing_d8_rho1_B8,FR--R--STL,13480.0,6.78105584572819e-06,4.6186268134167257e-07,0.091408632800416
K_decreasing_d8_rho1_B8,FR--R--STL,13500.0,6.7782051842435465e-06,4.492050583115815e-07,0.09150576998728788
K_decreasing_d8_rho1_B8,FR--R--STL,13520.0,6.89422491539915e-06,5.015085626770807e-07,0.0932099208561965
K_decreasing_d8_rho1_B8,FR--R--STL,13540.0,7.127777954263337e-06,5.093681785026692e-07,0.09651011350072558
K_decreasing_d8_rho1_B8,FR--R--STL,13560.0,7.029486043119704e-06,5.672822378990907e-07,0.09531983074470318
K_decreasing_d8_rho1_B8,FR--R--STL,13580.0,7.010449566606051e-06,6.195082185404038e-07,0.09520190511451017
K_decreasing_d8_rho1_B8,FR--R--STL,13600.0,7.100245983071573e-06,6.125507512479601e-07,0.0965633453697734
K_decreasing_d8_rho1_B8,FR--R--STL,13620.0,7.154678341070308e-06,6.170289530288008e-07,0.0974467190053776
K_decreasing_d8_rho1_B8,FR--R--STL,13640.0,7.2104060262330925e-06,5.839935449791478e-07,0.09834993819781938
K_decreasing_d8_rho1_B8,FR--R--STL,13660.0,7.47167402084988e-06,5.871255845240283e-07,0.10206306712480936
K_decreasing_d8_rho1_B8,FR--R--STL,13680.0,7.456440759057159e-06,5.936861480538209e-07,0.10200410958390194
K_decreasing_d8_rho1_B8,FR--R--STL,13700.0,7.685449367311748e-06,6.023753671328759e-07,0.10529065633217095
K_decreasing_d8_rho1_B8,FR--R--STL,13720.0,7.237353403066749e-06,5.548735547865224e-07,0.09929648869007579
K_decreasing_d8_rho1_B8,FR--R--STL,13740.0,7.267410407685304e-06,5.613692558743735e-07,0.09985421900159608
K_decreasing_d8_rho1_B8,FR--R--STL,13760.0,7.362497736570125e-06,5.633763656790084e-07,0.10130796885520492
K_decreasing_d8_rho1_B8,FR--R--STL,13780.0,7.425703694667144e-06,5.392596670921899e-07,0.10232619691251325
K_decreasing_d8_rho1_B8,FR--R--STL,13800.0,7.554187336437461e-06,5.6179907302282e-07,0.10424778524283695
K_decreasing_d8_rho1_B8,FR--R--STL,13820.0,7.551998967040655e-06,5.067069355930142e-07,0.10436862572450185
K_decreasing_d8_rho1_B8,FR--R--STL,13840.0,7.423757806209371e-06,4.5351539484457737e-07,0.10274480803793769
K_decreasing_d8_rho1_B8,FR--R--STL,13860.0,7.391318584293316e-06,4.453022208875848e-07,0.10244367557830536
K_decreasing_d8_rho1_B8,FR--R--STL,13880.0,7.353403054673654e-06,4.2781919808143447e-07,0.10206523439887032
K_decreasing_d8_rho1_B8,FR--R--STL,13900.0,7.305721141529868e-06,4.3031775852341435e-07,0.10154952386726517
K_decreasing_d8_rho1_B8,FR--R--STL,13920.0,7.001196362447596e-06,4.5177515709941477e-07,0.09745665336527054
K_decreasing_d8_rho1_B8,FR--R--STL,13940.0,7.022908824142841e-06,4.5609440817165917e-07,0.0978993490085512
K_decreasing_d8_rho1_B8,FR--R--STL,13960.0,6.855006236487308e-06,4.61072603985562e-07,0.09569588706136282
K_decreasing_d8_rho1_B8,FR--R--STL,13980.0,6.966739616072933e-06,4.5514303040094656e-07,0.0973950198326996
K_decreasing_d8_rho1_B8,FR--R--STL,14000.0,7.010045842855324e-06,5.046633568496981e-07,0.09814064179997455
K_decreasing_d8_rho1_B8,FR--R--STL,14020.0,6.887133431732195e-06,4.957469253720308e-07,0.09655761071288538
K_decreasing_d8_rho1_B8,FR--R--STL,14040.0,6.765226186988826e-06,4.722863231278808e-07,0.09498377566532312
K_decreasing_d8_rho1_B8,FR--R--STL,14060.0,6.727670523047162e-06,4.964421406953742e-07,0.0945910475540431
K_decreasing_d8_rho1_B8,FR--R--STL,14080.0,6.754729668756454e-06,4.954154152787122e-07,0.09510659373609087
K_decreasing_d8_rho1_B8,FR--R--STL,14100.0,6.527673192883535e-06,4.789228066146809e-07,0.09204019201965785
K_decreasing_d8_rho1_B8,FR--R--STL,14120.0,6.574604367474516e-06,4.6705139759419105e-07,0.09283341366874016
K_decreasing_d8_rho1_B8,FR--R--STL,14140.0,6.63835735267663e-06,4.733865842228842e-07,0.09386637296684755
K_decreasing_d8_rho1_B8,FR--R--STL,14160.0,6.539205262020194e-06,4.78803582680956e-07,0.09259514651020595
K_decreasing_d8_rho1_B8,FR--R--STL,14180.0,6.492942770700931e-06,4.2631865437001926e-07,0.0920699284885392
K_decreasing_d8_rho1_B8,FR--R--STL,14200.0,6.454694475680848e-06,4.398556198673738e-07,0.09165666155466805
K_decreasing_d8_rho1_B8,FR--R--STL,14220.0,6.291615318835634e-06,4.1992452687316616e-07,0.08946676983384272
K_decreasing_d8_rho1_B8,FR--R--STL,14240.0,6.032509032956786e-06,3.805360920351529e-07,0.08590292862930464
K_decreasing_d8_rho1_B8,FR--R--STL,14260.0,6.00775134043848e-06,3.536924742806294e-07,0.08567053411465272
K_decreasing_d8_rho1_B8,FR--R--STL,14280.0,5.981564892110214e-06,3.487164133946948e-07,0.08541674665933385
K_decreasing_d8_rho1_B8,FR--R--STL,14300.0,6.029590278681477e-06,3.5765581780970326e-07,0.08622314098514512
K_decreasing_d8_rho1_B8,FR--R--STL,14320.0,6.168138488356808e-06,3.750147044681009e-07,0.08832774315326948
K_decreasing_d8_rho1_B8,FR--R--STL,14340.0,6.1105355139960215e-06,4.083297652979801e-07,0.08762507927070295
K_decreasing_d8_rho1_B8,FR--R--STL,14360.0,6.142888962183216e-06,4.024891776714215e-07,0.08821188549695098
K_decreasing_d8_rho1_B8,FR--R--STL,14380.0,6.325157769519288e-06,4.35260962391442e-07,0.09095576872568736
K_decreasing_d8_rho1_B8,FR--R--STL,14400.0,6.277972234839761e-06,4.501693635957052e-07,0.09040280018169256
K_decreasing_d8_rho1_B8,FR--R--STL,14420.0,6.397648256791418e-06,4.53703182731063e-07,0.09225408786293224
K_decreasing_d8_rho1_B8,FR--R--STL,14440.0,6.363802352193915e-06,4.744738352052323e-07,0.09189330596568013
K_decreasing_d8_rho1_B8,FR--R--STL,14460.0,6.255316453263049e-06,4.7629916366147236e-07,0.09045187591418369
K_decreasing_d8_rho1_B8,FR--R--STL,14480.0,6.218708118084966e-06,5.010633493592324e-07,0.0900468935498703
K_decreasing_d8_rho1_B8,FR--R--STL,14500.0,6.3213478126063665e-06,5.279349099099246e-07,0.09165954328279231
K_decreasing_d8_rho1_B8,FR--R--STL,14520.0,6.24726749534806e-06,5.10696473735404e-07,0.09071032403245383
K_decreasing_d8_rho1_B8,FR--R--STL,14540.0,6.094446304949486e-06,5.033081875734524e-07,0.08861324927396552
K_decreasing_d8_rho1_B8,FR--R--STL,14560.0,6.001509295542699e-06,4.264820050328073e-07,0.08738197534310169
K_decreasing_d8_rho1_B8,FR--R--STL,14580.0,5.994904331411514e-06,4.3588317165103664e-07,0.08740570515197987
K_decreasing_d8_rho1_B8,FR--R--STL,14600.0,6.02258643439176e-06,4.314728074642874e-07,0.0879297619421197
K_decreasing_d8_rho1_B8,FR--R--STL,14620.0,6.054054346608477e-06,4.43301640058177e-07,0.08851027454741593
K_decreasing_d8_rho1_B8,FR--R--STL,14640.0,6.352925014526297e-06,5.12608290185499e-07,0.09300682221266499
K_decreasing_d8_rho1_B8,FR--R--STL,14660.0,6.347194588703549e-06,5.529408341817325e-07,0.09304987267039404
K_decreasing_d8_rho1_B8,FR--R--STL,14680.0,6.24244736660747e-06,5.331843647075906e-07,0.09163912734179766
K_decreasing_d8_rho1_B8,FR--R--STL,14700.0,6.084259243917719e-06,5.136864544915113e-07,0.08943861088559046
K_decreasing_d8_rho1_B8,FR--R--STL,14720.0,6.052645635534759e-06,5.046008846444493e-07,0.08909494375507165
K_decreasing_d8_rho1_B8,FR--R--STL,14740.0,6.074710559467178e-06,5.057134474188674e-07,0.0895412336465462
K_decreasing_d8_rho1_B8,FR--R--STL,14760.0,6.069609845689901e-06,5.266093951272007e-07,0.08958744132238294
K_decreasing_d8_rho1_B8,FR--R--STL,14780.0,5.843504362967877e-06,4.860300340693553e-07,0.08636699448466523
K_decreasing_d8_rho1_B8,FR--R--STL,14800.0,5.9254073684419e-06,4.82768569562841e-07,0.08769602905294012
K_decreasing_d8_rho1_B8,FR--R--STL,14820.0,6.046652755387072e-06,4.964247785619035e-07,0.0896113938348364
K_decreasing_d8_rho1_B8,FR--R--STL,14840.0,6.034578101280867e-06,5.020744474245695e-07,0.08955313902300806
K_decreasing_d8_rho1_B8,FR--R--STL,14860.0,6.111756732973817e-06,5.33456427936235e-07,0.09082070505199091
K_decreasing_d8_rho1_B8,FR--R--STL,14880.0,6.157322911715113e-06,5.449645925140785e-07,0.09162096492632088
K_decreasing_d8_rho1_B8,FR--R--STL,14900.0,6.185362213528833e-06,5.334150716088586e-07,0.09216189698157962
K_decreasing_d8_rho1_B8,FR--R--STL,14920.0,6.155916781362218e-06,5.399050620072419e-07,0.09184627837792429
K_decreasing_d8_rho1_B8,FR--R--STL,14940.0,5.886396437926323e-06,4.991472578496999e-07,0.08794276278261925
K_decreasing_d8_rho1_B8,FR--R--STL,14960.0,6.022441860557374e-06,4.821993927664391e-07,0.09009573023393831
K_decreasing_d8_rho1_B8,FR--R--STL,14980.0,6.072394487925218e-06,4.827824848938636e-07,0.09096446942911976
K_decreasing_d8_rho1_B8,FR--R--STL,15000.0,5.944935217290966e-06,4.3563164678733743e-07,0.08917402825936449
K_decreasing_d8_rho1_B8,FR--R--STL,15020.0,6.005135758879732e-06,4.2384521219618016e-07,0.09019713909837357
K_decreasing_d8_rho1_B8,FR--R--STL,15040.0,6.10159523531569e-06,4.5618680165049076e-07,0.09176799233914798
K_decreasing_d8_rho1_B8,FR--R--STL,15060.0,5.956177825646355e-06,4.571137755261908e-07,0.0897000380542341
K_decreasing_d8_rho1_B8,FR--R--STL,15080.0,5.87110327122294e-06,4.3942515636608273e-07,0.08853623733004194
K_decreasing_d8_rho1_B8,FR--R--STL,15100.0,5.735413028506997e-06,3.899308202828051e-07,0.08660473673045566
K_decreasing_d8_rho1_B8,FR--R--STL,15120.0,5.800359607377459e-06,4.0492344849661914e-07,0.08770143726354718
K_decreasing_d8_rho1_B8,FR--R--STL,15140.0,5.730684949512011e-06,3.697478289397314e-07,0.08676257013561184
K_decreasing_d8_rho1_B8,FR--R--STL,15160.0,5.624057887398948e-06,3.612168450768496e-07,0.08526071757296805
K_decreasing_d8_rho1_B8,FR--R--STL,15180.0,5.73861816706156e-06,3.4496514022723517e-07,0.08711222377599448
K_decreasing_d8_rho1_B8,FR--R--STL,15200.0,5.788618890445463e-06,3.5336055593880466e-07,0.08798700713477103
K_decreasing_d8_rho1_B8,FR--R--STL,15220.0,5.703223831599047e-06,3.523120499436737e-07,0.0868030667169375
K_decreasing_d8_rho1_B8,FR--R--STL,15240.0,5.721065824963271e-06,3.561925044504838e-07,0.08718904317244025
K_decreasing_d8_rho1_B8,FR--R--STL,15260.0,5.6513272584564804e-06,3.6322118643950126e-07,0.08623925396404589
K_decreasing_d8_rho1_B8,FR--R--STL,15280.0,5.57787693153955e-06,3.643565529054062e-07,0.08522995951392431
K_decreasing_d8_rho1_B8,FR--R--STL,15300.0,5.436283104772362e-06,3.506955254149325e-07,0.08317513150301714
K_decreasing_d8_rho1_B8,FR--R--STL,15320.0,5.5098217284369845e-06,3.723497715076834e-07,0.0844104688796546
K_decreasing_d8_rho1_B8,FR--R--STL,15340.0,5.528240785886614e-06,3.4493482584007387e-07,0.08480321365550066
K_decreasing_d8_rho1_B8,FR--R--STL,15360.0,5.559568460119142e-06,3.754661320606487e-07,0.08539497154743003
K_decreasing_d8_rho1_B8,FR--R--STL,15380.0,5.389637432706706e-06,3.753098939379774e-07,0.08289262371502915
K_decreasing_d8_rho1_B8,FR--R--STL,15400.0,5.451366029992262e-06,3.9638788179141693e-07,0.08395103686188084
K_decreasing_d8_rho1_B8,FR--R--STL,15420.0,5.391196986111642e-06,4.5273764860873786e-07,0.08313225752584152
K_decreasing_d8_rho1_B8,FR--R--STL,15440.0,5.512018469033819e-06,4.789207172611275e-07,0.08510556516188217
K_decreasing_d8_rho1_B8,FR--R--STL,15460.0,5.72432114974338e-06,5.012118621571078e-07,0.08849800497503266
K_decreasing_d8_rho1_B8,FR--R--STL,15480.0,5.899400951836498e-06,5.110469255426643e-07,0.09132272673442898
K_decreasing_d8_rho1_B8,FR--R--STL,15500.0,5.989686138837177e-06,5.083181588424532e-07,0.09284013515197624
K_decreasing_d8_rho1_B8,FR--R--STL,15520.0,5.8866912522622295e-06,4.932441025712587e-07,0.0913614482351098
K_decreasing_d8_rho1_B8,FR--R--STL,15540.0,5.743470009189622e-06,4.872699350820894e-07,0.08925352394280672
K_decreasing_d8_rho1_B8,FR--R--STL,15560.0,5.61019015957361e-06,5.064297953530619e-07,0.08729455888296538
K_decreasing_d8_rho1_B8,FR--R--STL,15580.0,5.633517668387119e-06,5.133319560524825e-07,0.08777020527347132
K_decreasing_d8_rho1_B8,FR--R--STL,15600.0,5.587754611398784e-06,4.699349481225739e-07,0.08716897193782103
K_decreasing_d8_rho1_B8,FR--R--STL,15620.0,5.5534701433638626e-06,4.34083950713528e-07,0.08674520363934353
K_decreasing_d8_rho1_B8,FR--R--STL,15640.0,5.469643537825419e-06,4.304074401179382e-07,0.08554522493158956
K_decreasing_d8_rho1_B8,FR--R--STL,15660.0,5.38559400506955e-06,3.8604126865793467e-07,0.08433840211938914
K_decreasing_d8_rho1_B8,FR--R--STL,15680.0,5.477360626008713e-06,4.0745840033908327e-07,0.08588501461581662
K_decreasing_d8_rho1_B8,FR--R--STL,15700.0,5.6195461530942716e-06,4.2236298574999787e-07,0.08822687460358006
K_decreasing_d8_rho1_B8,FR--R--STL,15720.0,5.617878777997021e-06,4.3753148253212797e-07,0.08831305439011317
K_decreasing_d8_rho1_B8,FR--R--STL,15740.0,5.559694554306086e-06,4.176174840515491e-07,0.0875095922847778
K_decreasing_d8_rho1_B8,FR--R--STL,15760.0,5.7049262864576155e-06,4.3877024479967024e-07,0.08990963827457202
K_decreasing_d8_rho1_B8,FR--R--STL,15780.0,5.660018008679657e-06,4.4036308461123446e-07,0.08931508417696499
K_decreasing_d8_rho1_B8,FR--R--STL,15800.0,5.642007473956785e-06,4.2914962904135726e-07,0.0891437180885172
K_decreasing_d8_rho1_B8,FR--R--STL,15820.0,5.64192369643853e-06,4.373513450692395e-07,0.08925523287765755
K_decreasing_d8_rho1_B8,FR--R--STL,15840.0,5.6223162140452605e-06,4.2964340646889557e-07,0.08905748883047693
K_decreasing_d8_rho1_B8,FR--R--STL,15860.0,5.675180804113704e-06,3.9075870900444593e-07,0.09000836755324335
K_decreasing_d8_rho1_B8,FR--R--STL,15880.0,5.742572986111583e-06,3.9899894556179793e-07,0.09119205901945193
K_decreasing_d8_rho1_B8,FR--R--STL,15900.0,5.7121885330838985e-06,3.791179282517381e-07,0.09082379767603399
K_decreasing_d8_rho1_B8,FR--R--STL,15920.0,5.864081933252644e-06,4.223106905891003e-07,0.09335618437738209
K_decreasing_d8_rho1_B8,FR--R--STL,15940.0,5.577110081903906e-06,3.998345829745852e-07,0.08889913470554826
K_decreasing_d8_rho1_B8,FR--R--STL,15960.0,5.735145785449684e-06,4.0665590344204567e-07,0.09153292673577695
K_decreasing_d8_rho1_B8,FR--R--STL,15980.0,5.787215803998436e-06,4.033106984850626e-07,0.092479708547895
K_decreasing_d8_rho1_B8,FR--R--STL,16000.0,5.750883026234277e-06,3.8040449347759237e-07,0.09201412841974843
K_decreasing_d8_rho1_B8,FR--R--STL,16020.0,5.519163523211764e-06,3.533982240713146e-07,0.08841699964185246
K_decreasing_d8_rho1_B8,FR--R--STL,16040.0,5.482837389525486e-06,3.491213130459409e-07,0.08794471172798879
K_decreasing_d8_rho1_B8,FR--R--STL,16060.0,5.466240887959847e-06,3.4747752874510896e-07,0.08778782866063514
K_decreasing_d8_rho1_B8,FR--R--STL,16080.0,5.596196915499026e-06,3.7337880778994604e-07,0.08998684640122434
K_decreasing_d8_rho1_B8,FR--R--STL,16100.0,5.6386787425921625e-06,4.0662267448952303e-07,0.09078272775573382
K_decreasing_d8_rho1_B8,FR--R--STL,16120.0,5.584255731279815e-06,4.138742564006461e-07,0.09001820238823062
K_decreasing_d8_rho1_B8,FR--R--STL,16140.0,5.619598097439393e-06,4.255689629368056e-07,0.09070031329267181
K_decreasing_d8_rho1_B8,FR--R--STL,16160.0,5.690974704405013e-06,4.5752375108055774e-07,0.09196615122318501
K_decreasing_d8_rho1_B8,FR--R--STL,16180.0,5.625867100356174e-06,4.395732174809359e-07,0.0910265296837629
K_decreasing_d8_rho1_B8,FR--R--STL,16200.0,5.576755865869624e-06,3.7298962964729753e-07,0.09034344502708791
K_decreasing_d8_rho1_B8,FR--R--STL,16220.0,5.6843193843765976e-06,3.642099925000524e-07,0.09219966041458841
K_decreasing_d8_rho1_B8,FR--R--STL,16240.0,5.527473991170003e-06,3.36947827281072e-07,0.08976617761660086
K_decreasing_d8_rho1_B8,FR--R--STL,16260.0,5.571119028354351e-06,3.371970531189531e-07,0.09058639540104174
K_decreasing_d8_rho1_B8,FR--R--STL,16280.0,5.404193067359842e-06,3.175881052967439e-07,0.08798026313661822
K_decreasing_d8_rho1_B8,FR--R--STL,16300.0,5.310031529089561e-06,3.2537047115347556e-07,0.08655351392415984
K_decreasing_d8_rho1_B8,FR--R--STL,16320.0,5.4879196628832e-06,3.237330327940102e-07,0.08956284889825383
K_decreasing_d8_rho1_B8,FR--R--STL,16340.0,5.5242730735649556e-06,3.001678470631468e-07,0.09026662202205138
K_decreasing_d8_rho1_B8,FR--R--STL,16360.0,5.441436914092416e-06,3.277305872777452e-07,0.08902190791455193
K_decreasing_d8_rho1_B8,FR--R--STL,16380.0,5.469859750443599e-06,3.1377474255109015e-07,0.08959630271226615
K_decreasing_d8_rho1_B8,FR--R--STL,16400.0,5.326757780288461e-06,2.8771882917802364e-07,0.08735882759673075
K_decreasing_d8_rho1_B8,FR--R--STL,16420.0,5.332511975986165e-06,2.923929449379308e-07,0.08755984664569283
K_decreasing_d8_rho1_B8,FR--R--STL,16440.0,5.32283063874317e-06,2.9145760023398154e-07,0.08750733570093772
K_decreasing_d8_rho1_B8,FR--R--STL,16460.0,5.299821848107437e-06,2.715215044648387e-07,0.08723506761984841
K_decreasing_d8_rho1_B8,FR--R--STL,16480.0,5.356522757793414e-06,2.7364964276379787e-07,0.08827549504843546
K_decreasing_d8_rho1_B8,FR--R--STL,16500.0,5.392262723802332e-06,2.843336225492961e-07,0.08897233494273848
K_decreasing_d8_rho1_B8,FR--R--STL,16520.0,5.267171753005803e-06,2.859934417914841e-07,0.08701367735965586
K_decreasing_d8_rho1_B8,FR--R--STL,16540.0,5.30259572538346e-06,3.03755155658859e-07,0.08770493329784243
K_decreasing_d8_rho1_B8,FR--R--STL,16560.0,5.278921031888947e-06,3.215081485752073e-07,0.08741893228808095
K_decreasing_d8_rho1_B8,FR--R--STL,16580.0,5.308748090756173e-06,3.2753997656186776e-07,0.08801904334473734
K_decreasing_d8_rho1_B8,FR--R--STL,16600.0,5.353666787399902e-06,2.8975202594402393e-07,0.08887086867083838
K_decreasing_d8_rho1_B8,FR--R--STL,16620.0,5.3050925336250995e-06,3.0815072933604493e-07,0.08817063790884916
K_decreasing_d8_rho1_B8,FR--R--STL,16640.0,5.322051960051274e-06,3.3436205319878484e-07,0.0885589446152532
K_decreasing_d8_rho1_B8,FR--R--STL,16660.0,5.231097771603762e-06,3.1865598375865004e-07,0.08715008887491868
K_decreasing_d8_rho1_B8,FR--R--STL,16680.0,5.147780497930891e-06,2.772303117619502e-07,0.08586497870548726
K_decreasing_d8_rho1_B8,FR--R--STL,16700.0,5.0150887181743545e-06,2.5561896142762204e-07,0.08375198159351172
K_decreasing_d8_rho1_B8,FR--R--STL,16720.0,5.076531303090567e-06,2.74070110853577e-07,0.08487960338767428
K_decreasing_d8_rho1_B8,FR--R--STL,16740.0,4.909925331286758e-06,2.6746285292973064e-07,0.08219215004574032
K_decreasing_d8_rho1_B8,FR--R--STL,16760.0,4.9066150564177255e-06,2.596814794290429e-07,0.08223486834556108
K_decreasing_d8_rho1_B8,FR--R--STL,16780.0,4.957245518462846e-06,2.5750845758580173e-07,0.08318257979980655
K_decreasing_d8_rho1_B8,FR--R--STL,16800.0,4.899854395616169e-06,2.7647651026513994e-07,0.08231755384635164
K_decreasing_d8_rho1_B8,FR--R--STL,16820.0,4.841039396937438e-06,2.4726335970224004e-07,0.0814262826564877
K_decreasing_d8_rho1_B8,FR--R--STL,16840.0,4.776808234681814e-06,1.9876277933289081e-07,0.08044145067204174
K_decreasing_d8_rho1_B8,FR--R--STL,16860.0,4.733830235744326e-06,1.9261194942025135e-07,0.07981237777464933
K_decreasing_d8_rho1_B8,FR--R--STL,16880.0,4.702687780463085e-06,2.1424079260259176e-07,0.07938136973421688
K_decreasing_d8_rho1_B8,FR--R--STL,16900.0,4.750956851129473e-06,2.416832813710017e-07,0.0802911707840881
K_decreasing_d8_rho1_B8,FR--R--STL,16920.0,4.79811454458338e-06,2.544284135328044e-07,0.08118409809435079
K_decreasing_d8_rho1_B8,FR--R--STL,16940.0,4.868236078673741e-06,2.73197489688072e-07,0.08246791917273318
K_decreasing_d8_rho1_B8,FR--R--STL,16960.0,4.962672006580959e-06,2.787254377148728e-07,0.08416691723161307
K_decreasing_d8_rho1_B8,FR--R--STL,16980.0,4.941838362941079e-06,2.964951911964548e-07,0.08391241540273953
K_decreasing_d8_rho1_B8,FR--R--STL,17000.0,5.159818182942644e-06,3.095697255878763e-07,0.08771690911002494
K_decreasing_d8_rho1_B8,FR--R--STL,17020.0,4.999222100347348e-06,2.918267703844286e-07,0.08508676014791187
K_decreasing_d8_rho1_B8,FR--R--STL,17040.0,5.030874202531047e-06,2.9897167045889715e-07,0.08572609641112905
K_decreasing_d8_rho1_B8,FR--R--STL,17060.0,5.008398215059865e-06,3.032366103165874e-07,0.0854432735489213
K_decreasing_d8_rho1_B8,FR--R--STL,17080.0,5.013513602462419e-06,3.0624890065019203e-07,0.08563081233005812
K_decreasing_d8_rho1_B8,FR--R--STL,17100.0,5.022027908848278e-06,3.119126069130757e-07,0.08587667724130554
K_decreasing_d8_rho1_B8,FR--R--STL,17120.0,5.127999842328516e-06,3.092008704273376e-07,0.08779135730066419
K_decreasing_d8_rho1_B8,FR--R--STL,17140.0,5.306870268177259e-06,3.0979212810173947e-07,0.09095975639655822
K_decreasing_d8_rho1_B8,FR--R--STL,17160.0,5.282154160172562e-06,3.046507972012656e-07,0.09064176538856117
K_decreasing_d8_rho1_B8,FR--R--STL,17180.0,5.183878554889295e-06,2.8860276053316196e-07,0.08905903357299809
K_decreasing_d8_rho1_B8,FR--R--STL,17200.0,5.075515749197734e-06,2.959987121102389e-07,0.08729887088620103
K_decreasing_d8_rho1_B8,FR--R--STL,17220.0,5.027343845664944e-06,2.833288153047967e-07,0.08657086102235034
K_decreasing_d8_rho1_B8,FR--R--STL,17240.0,4.879244974246669e-06,2.4965973034854114e-07,0.08411818335601258
K_decreasing_d8_rho1_B8,FR--R--STL,17260.0,4.8061170444313465e-06,2.504694617283363e-07,0.08295358018688503
K_decreasing_d8_rho1_B8,FR--R--STL,17280.0,4.781555788350526e-06,2.601429380830114e-07,0.08262528402269709
K_decreasing_d8_rho1_B8,FR--R--STL,17300.0,4.897778226631289e-06,2.9102622593049264e-07,0.08473156332072129
K_decreasing_d8_rho1_B8,FR--R--STL,17320.0,4.8626196355409474e-06,2.8966428160934886e-07,0.08422057208756921
K_decreasing_d8_rho1_B8,FR--R--STL,17340.0,4.828394257009687e-06,2.727467813391594e-07,0.08372435641654796
K_decreasing_d8_rho1_B8,FR--R--STL,17360.0,4.919498365622369e-06,2.608110590312456e-07,0.08540249162720433
K_decreasing_d8_rho1_B8,FR--R--STL,17380.0,4.96499865076198e-06,2.432352721913687e-07,0.08629167655024321
K_decreasing_d8_rho1_B8,FR--R--STL,17400.0,4.918475780761137e-06,2.851544477507149e-07,0.08558147858524379
K_decreasing_d8_rho1_B8,FR--R--STL,17420.0,4.739245396449358e-06,2.6370437354099417e-07,0.08255765480614781
K_decreasing_d8_rho1_B8,FR--R--STL,17440.0,4.646201680724715e-06,2.479910932981645e-07,0.08102975731183903
K_decreasing_d8_rho1_B8,FR--R--STL,17460.0,4.621670514382004e-06,2.5013983112508184e-07,0.08069436718110978
K_decreasing_d8_rho1_B8,FR--R--STL,17480.0,4.711555987195008e-06,2.5475277618281246e-07,0.08235799865616873
K_decreasing_d8_rho1_B8,FR--R--STL,17500.0,4.623481022717849e-06,2.3274402669834393e-07,0.08091091789756236
K_decreasing_d8_rho1_B8,FR--R--STL,17520.0,4.69394847340728e-06,2.2588696874153754e-07,0.08223797725409554
K_decreasing_d8_rho1_B8,FR--R--STL,17540.0,4.6944288459194185e-06,2.4901631500896967e-07,0.0823402819574266
K_decreasing_d8_rho1_B8,FR--R--STL,17560.0,4.640104609728486e-06,2.1183912582006786e-07,0.08148023694683222
K_decreasing_d8_rho1_B8,FR--R--STL,17580.0,4.660655307553441e-06,2.208466021914432e-07,0.08193432030678949
K_decreasing_d8_rho1_B8,FR--R--STL,17600.0,4.797700672594847e-06,2.6246841517518956e-07,0.08443953183766931
K_decreasing_d8_rho1_B8,FR--R--STL,17620.0,4.772032512049643e-06,2.5661940899543667e-07,0.08408321286231471
K_decreasing_d8_rho1_B8,FR--R--STL,17640.0,4.80043772445408e-06,2.7716290876750745e-07,0.08467972145936997
K_decreasing_d8_rho1_B8,FR--R--STL,17660.0,4.839318792123256e-06,2.6829786627476206e-07,0.0854623698688967
K_decreasing_d8_rho1_B8,FR--R--STL,17680.0,4.710269259226389e-06,2.897154019171619e-07,0.08327756050312256
K_decreasing_d8_rho1_B8,FR--R--STL,17700.0,4.808375284752013e-06,3.0450578457344207e-07,0.08510824254011062
K_decreasing_d8_rho1_B8,FR--R--STL,17720.0,4.916087825712623e-06,3.1381763891657805e-07,0.08711307627162768
K_decreasing_d8_rho1_B8,FR--R--STL,17740.0,4.7885710271107955e-06,2.7853009700278544e-07,0.08494925002094551
K_decreasing_d8_rho1_B8,FR--R--STL,17760.0,4.730598017429107e-06,3.126647712094234e-07,0.08401542078954094
K_decreasing_d8_rho1_B8,FR--R--STL,17780.0,4.852343883203029e-06,3.1327705949742707e-07,0.08627467424334985
K_decreasing_d8_rho1_B8,FR--R--STL,17800.0,4.8972221435406025e-06,3.166077126237979e-07,0.08717055415502273
K_decreasing_d8_rho1_B8,FR--R--STL,17820.0,4.922062803617659e-06,3.164818106893437e-07,0.08771115916046668
K_decreasing_d8_rho1_B8,FR--R--STL,17840.0,5.001459751123131e-06,2.979229031907595e-07,0.08922604196003665
K_decreasing_d8_rho1_B8,FR--R--STL,17860.0,4.942144134497302e-06,2.991073269773022e-07,0.08826669424212182
K_decreasing_d8_rho1_B8,FR--R--STL,17880.0,4.930456592215175e-06,3.1179909125232276e-07,0.08815656386880732
K_decreasing_d8_rho1_B8,FR--R--STL,17900.0,4.965546295595165e-06,3.064921437793458e-07,0.08888327869115346
K_decreasing_d8_rho1_B8,FR--R--STL,17920.0,4.980952166603695e-06,2.948110817966713e-07,0.08925866282553822
K_decreasing_d8_rho1_B8,FR--R--STL,17940.0,5.001040023255854e-06,2.771721739135644e-07,0.08971865801721002
K_decreasing_d8_rho1_B8,FR--R--STL,17960.0,5.147909672172564e-06,2.773076225809732e-07,0.09245645771221925
K_decreasing_d8_rho1_B8,FR--R--STL,17980.0,5.044697099136167e-06,2.9406790018602526e-07,0.09070365384246828
K_decreasing_d8_rho1_B8,FR--R--STL,18000.0,5.136372724567906e-06,2.979552496654238e-07,0.0924547090422223
K_decreasing_d8_rho1_B8,FR--R--STL,18020.0,5.213503649118915e-06,3.3567018212724993e-07,0.09394733575712284
K_decreasing_d8_rho1_B8,FR--R--STL,18040.0,5.144873238223842e-06,3.3035411600803087e-07,0.09281351321755811
K_decreasing_d8_rho1_B8,FR--R--STL,18060.0,5.015383290067158e-06,3.304500703836811e-07,0.09057782221861288
K_decreasing_d8_rho1_B8,FR--R--STL,18080.0,5.019680464624088e-06,3.2762292538664713e-07,0.09075582280040351
K_decreasing_d8_rho1_B8,FR--R--STL,18100.0,5.051394509258955e-06,3.1714642593766394e-07,0.09143024061758709
K_decreasing_d8_rho1_B8,FR--R--STL,18120.0,4.990034956916152e-06,2.999306260440357e-07,0.09041943341932068
K_decreasing_d8_rho1_B8,FR--R--STL,18140.0,4.868790139174924e-06,3.309631040590833e-07,0.08831985312463313
K_decreasing_d8_rho1_B8,FR--R--STL,18160.0,4.8569844635082404e-06,3.31176400331703e-07,0.08820283785730965
K_decreasing_d8_rho1_B8,FR--R--STL,18180.0,4.778193778687268e-06,3.1538890904185696e-07,0.08686756289653452
K_decreasing_d8_rho1_B8,FR--R--STL,18200.0,4.673497538950263e-06,3.2645911908643204e-07,0.08505765520889479
K_decreasing_d8_rho1_B8,FR--R--STL,18220.0,4.630055686494217e-06,3.2562962719926784e-07,0.08435961460792463
K_decreasing_d8_rho1_B8,FR--R--STL,18240.0,4.772607935403054e-06,3.4148434756413374e-07,0.0870523687417517
K_decreasing_d8_rho1_B8,FR--R--STL,18260.0,4.881022519379978e-06,3.425092442467076e-07,0.08912747120387839
K_decreasing_d8_rho1_B8,FR--R--STL,18280.0,4.93742305816743e-06,3.591476360913207e-07,0.09025609350330063
K_decreasing_d8_rho1_B8,FR--R--STL,18300.0,4.826214555464503e-06,3.415338450645315e-07,0.0883197263650004
K_decreasing_d8_rho1_B8,FR--R--STL,18320.0,4.84537746447226e-06,3.381837378255089e-07,0.08876731514913179
K_decreasing_d8_rho1_B8,FR--R--STL,18340.0,4.7389590018080225e-06,3.3434663882517844e-07,0.08691250809315913
K_decreasing_d8_rho1_B8,FR--R--STL,18360.0,4.635433048516546e-06,3.2099401323827637e-07,0.08510655077076379
K_decreasing_d8_rho1_B8,FR--R--STL,18380.0,4.63220358799532e-06,3.3983823652561646e-07,0.08513990194735399
K_decreasing_d8_rho1_B8,FR--R--STL,18400.0,4.58207434605266e-06,3.5071359019143553e-07,0.08431016796736894
K_decreasing_d8_rho1_B8,FR--R--STL,18420.0,4.624221743476653e-06,3.5433731862823014e-07,0.08517816451483995
K_decreasing_d8_rho1_B8,FR--R--STL,18440.0,4.633613678262094e-06,3.514783609581507e-07,0.08544383622715301
K_decreasing_d8_rho1_B8,FR--R--STL,18460.0,4.5618824133638235e-06,3.5512033528563064e-07,0.08421234935069619
K_decreasing_d8_rho1_B8,FR--R--STL,18480.0,4.6591595557643474e-06,3.5622598796574214e-07,0.08610126859052514
K_decreasing_d8_rho1_B8,FR--R--STL,18500.0,4.664406612035302e-06,3.3759354717039063e-07,0.0862915223226531
K_decreasing_d8_rho1_B8,FR--R--STL,18520.0,4.649127934304905e-06,3.465166425988579e-07,0.08610184934332683
K_decreasing_d8_rho1_B8,FR--R--STL,18540.0,4.7651030479064126e-06,3.4655900416649204e-07,0.08834501050818488
K_decreasing_d8_rho1_B8,FR--R--STL,18560.0,4.7209318439674535e-06,3.272471150577644e-07,0.08762049502403593
K_decreasing_d8_rho1_B8,FR--R--STL,18580.0,4.7627877738006435e-06,2.999446088679556e-07,0.08849259683721596
K_decreasing_d8_rho1_B8,FR--R--STL,18600.0,4.800042749497635e-06,2.951285710788139e-07,0.08928079514065601
K_decreasing_d8_rho1_B8,FR--R--STL,18620.0,4.7767079700555826e-06,3.005798754666614e-07,0.08894230240243495
K_decreasing_d8_rho1_B8,FR--R--STL,18640.0,4.895642019716225e-06,2.9284067759651696e-07,0.09125476724751043
K_decreasing_d8_rho1_B8,FR--R--STL,18660.0,4.841001568500758e-06,3.0653441113181987e-07,0.09033308926822414
K_decreasing_d8_rho1_B8,FR--R--STL,18680.0,4.776339368343467e-06,2.92417162814808e-07,0.08922201940065595
K_decreasing_d8_rho1_B8,FR--R--STL,18700.0,4.808389581197522e-06,2.937725113927237e-07,0.08991688516839366
K_decreasing_d8_rho1_B8,FR--R--STL,18720.0,4.760823243987744e-06,3.163126600108137e-07,0.08912261112745057
K_decreasing_d8_rho1_B8,FR--R--STL,18740.0,4.67686183561374e-06,3.101508663052069e-07,0.08764439079940149
K_decreasing_d8_rho1_B8,FR--R--STL,18760.0,4.597288090479879e-06,2.9510787022798813e-07,0.08624512457740252
K_decreasing_d8_rho1_B8,FR--R--STL,18780.0,4.614161723459631e-06,3.1162912662849257e-07,0.08665395716657187
K_decreasing_d8_rho1_B8,FR--R--STL,18800.0,4.736963100171465e-06,3.104712110257955e-07,0.08905490628322354
K_decreasing_d8_rho1_B8,FR--R--STL,18820.0,4.774010951565562e-06,3.0689678922541307e-07,0.08984688610846388
K_decreasing_d8_rho1_B8,FR--R--STL,18840.0,4.930777652282596e-06,3.3875352887259616e-07,0.0928958509690041
K_decreasing_d8_rho1_B8,FR--R--STL,18860.0,4.972600867218328e-06,3.554277749851875e-07,0.09378325235573767
K_decreasing_d8_rho1_B8,FR--R--STL,18880.0,4.940543855032805e-06,3.676351986959827e-07,0.09327746798301935
K_decreasing_d8_rho1_B8,FR--R--STL,18900.0,4.839500053381111e-06,3.5139610916013444e-07,0.091466551008903
K_decreasing_d8_rho1_B8,FR--R--STL,18920.0,4.836533014499859e-06,3.409015793658661e-07,0.09150720463433733
K_decreasing_d8_rho1_B8,FR--R--STL,18940.0,4.86763714378687e-06,3.350235683012455e-07,0.09219304750332333
K_decreasing_d8_rho1_B8,FR--R--STL,18960.0,4.865526490682726e-06,3.380461074010622e-07,0.09225038226334448
K_decreasing_d8_rho1_B8,FR--R--STL,18980.0,4.71691028467447e-06,3.1258898434866363e-07,0.08952695720312143
K_decreasing_d8_rho1_B8,FR--R--STL,19000.0,4.7025231842153426e-06,3.036479678602984e-07,0.08934794050009151
K_decreasing_d8_rho1_B8,FR--R--STL,19020.0,4.839079957127031e-06,3.1310070220480544e-07,0.09203930078455613
K_decreasing_d8_rho1_B8,FR--R--STL,19040.0,4.8351930497977e-06,3.187773431632576e-07,0.0920620756681482
K_decreasing_d8_rho1_B8,FR--R--STL,19060.0,4.826503761012901e-06,3.083725669591243e-07,0.0919931616849059
K_decreasing_d8_rho1_B8,FR--R--STL,19080.0,4.763421609244034e-06,3.0311675512138497e-07,0.09088608430437617
K_decreasing_d8_rho1_B8,FR--R--STL,19100.0,4.747860193739702e-06,2.9371339690164046e-07,0.0906841297004283
K_decreasing_d8_rho1_B8,FR--R--STL,19120.0,4.788308690676738e-06,2.6395373437705505e-07,0.09155246216573923
K_decreasing_d8_rho1_B8,FR--R--STL,19140.0,4.72397852157395e-06,2.489820800323227e-07,0.0904169489029254
K_decreasing_d8_rho1_B8,FR--R--STL,19160.0,4.765244253501777e-06,2.465766210216039e-07,0.09130207989709405
K_decreasing_d8_rho1_B8,FR--R--STL,19180.0,4.948274011370065e-06,2.826829329014097e-07,0.09490789553807784
K_decreasing_d8_rho1_B8,FR--R--STL,19200.0,5.037775870301668e-06,3.0389120705840714e-07,0.09672529670979202
K_decreasing_d8_rho1_B8,FR--R--STL,19220.0,5.00771849291463e-06,3.0012523373341766e-07,0.09624834943381919
K_decreasing_d8_rho1_B8,FR--R--STL,19240.0,5.009196614894999e-06,2.836867495235772e-07,0.09637694287057978
K_decreasing_d8_rho1_B8,FR--R--STL,19260.0,4.933435674351709e-06,2.830100812134241e-07,0.09501797108801391
K_decreasing_d8_rho1_B8,FR--R--STL,19280.0,4.882557017419723e-06,3.034829123838264e-07,0.09413569929585226
K_decreasing_d8_rho1_B8,FR--R--STL,19300.0,4.957222879860742e-06,3.189035513731667e-07,0.09567440158131231
K_decreasing_d8_rho1_B8,FR--R--STL,19320.0,4.891269378148877e-06,3.1747647357656413e-07,0.0944993243858363
K_decreasing_d8_rho1_B8,FR--R--STL,19340.0,4.961491150456965e-06,3.0915751592086196e-07,0.0959552388498377
K_decreasing_d8_rho1_B8,FR--R--STL,19360.0,4.851577611031388e-06,2.988666102988471e-07,0.09392654254956767
K_decreasing_d8_rho1_B8,FR--R--STL,19380.0,4.801785701680217e-06,3.110647538949354e-07,0.0930586068985626
K_decreasing_d8_rho1_B8,FR--R--STL,19400.0,4.83841960337017e-06,3.186706824207556e-07,0.0938653403053813
K_decreasing_d8_rho1_B8,FR--R--STL,19420.0,4.7409696033895445e-06,3.176024615196041e-07,0.09206962969782495
K_decreasing_d8_rho1_B8,FR--R--STL,19440.0,4.678074998813268e-06,3.2920463577942414e-07,0.09094177797692993
K_decreasing_d8_rho1_B8,FR--R--STL,19460.0,4.653892430569092e-06,3.1989693520112617e-07,0.09056474669887453
K_decreasing_d8_rho1_B8,FR--R--STL,19480.0,4.681597152374669e-06,3.5464370974338567e-07,0.09119751252825856
K_decreasing_d8_rho1_B8,FR--R--STL,19500.0,4.537025344989824e-06,3.2189570289773434e-07,0.08847199422730156
K_decreasing_d8_rho1_B8,FR--R--STL,19520.0,4.423514358690521e-06,3.151584488969481e-07,0.08634700028163896
K_decreasing_d8_rho1_B8,FR--R--STL,19540.0,4.379073307347881e-06,2.960312552655215e-07,0.08556709242557758
K_decreasing_d8_rho1_B8,FR--R--STL,19560.0,4.376349346113529e-06,2.7619883246414075e-07,0.08560139320998061
K_decreasing_d8_rho1_B8,FR--R--STL,19580.0,4.461030898520827e-06,2.444469855709522e-07,0.0873469849930378
K_decreasing_d8_rho1_B8,FR--R--STL,19600.0,4.387795116696698e-06,2.1824539229366966e-07,0.08600078428725529
K_decreasing_d8_rho1_B8,FR--R--STL,19620.0,4.51655076082839e-06,2.3471088086264282e-07,0.08861472592745301
K_decreasing_d8_rho1_B8,FR--R--STL,19640.0,4.56321059481013e-06,2.3752615686215803e-07,0.08962145608207095
K_decreasing_d8_rho1_B8,FR--R--STL,19660.0,4.717379195451343e-06,2.500574987788043e-07,0.09274367498257341
K_decreasing_d8_rho1_B8,FR--R--STL,19680.0,4.632476409346017e-06,2.527727845063711e-07,0.0911671357359296
K_decreasing_d8_rho1_B8,FR--R--STL,19700.0,4.597959305711422e-06,2.495934708324419e-07,0.09057979832251502
K_decreasing_d8_rho1_B8,FR--R--STL,19720.0,4.598383945175755e-06,2.601386015875881e-07,0.09068013139886588
K_decreasing_d8_rho1_B8,FR--R--STL,19740.0,4.552466816942769e-06,2.7532102858128036e-07,0.08986569496645025
K_decreasing_d8_rho1_B8,FR--R--STL,19760.0,4.633070565566537e-06,2.806747726401248e-07,0.09154947437559477
K_decreasing_d8_rho1_B8,FR--R--STL,19780.0,4.591008724948627e-06,2.8529627577183197e-07,0.09081015257948385
K_decreasing_d8_rho1_B8,FR--R--STL,19800.0,4.463882267143523e-06,2.6594707103274877e-07,0.08838486888944175
K_decreasing_d8_rho1_B8,FR--R--STL,19820.0,4.453761587441818e-06,2.7705817452594543e-07,0.08827355466309683
K_decreasing_d8_rho1_B8,FR--R--STL,19840.0,4.515460151921502e-06,2.8656167836964226e-07,0.0895867294141226
K_decreasing_d8_rho1_B8,FR--R--STL,19860.0,4.711606256021147e-06,2.902102606246238e-07,0.09357250024457997
K_decreasing_d8_rho1_B8,FR--R--STL,19880.0,4.732266451679124e-06,2.885514256837348e-07,0.09407745705938098
K_decreasing_d8_rho1_B8,FR--R--STL,19900.0,4.528536900287132e-06,2.8759104470348196e-07,0.09011788431571392
K_decreasing_d8_rho1_B8,FR--R--STL,19920.0,4.611554233502346e-06,2.7201289412191766e-07,0.09186216033136674
K_decreasing_d8_rho1_B8,FR--R--STL,19940.0,4.542283475098922e-06,2.642069168618464e-07,0.0905731324934725
K_decreasing_d8_rho1_B8,FR--R--STL,19960.0,4.552378986577565e-06,2.8943208928612786e-07,0.0908654845720882
K_decreasing_d8_rho1_B8,FR--R--STL,19980.0,4.546025826683101e-06,2.982614053044632e-07,0.09082959601712837
K_decreasing_d8_rho1_B8,FR--R--STL,20000.0,4.526685036913373e-06,2.909355201434882e-07,0.09053370073826746
K_decreasing_d8_rho1_B8,FR--KL--STL,20.0,0.005079419684579557,0.00012139828402475672,0.10158839369159114
K_decreasing_d8_rho1_B8,FR--KL--STL,40.0,0.0010171091492666266,4.628636396205842e-05,0.04068436597066506
K_decreasing_d8_rho1_B8,FR--KL--STL,60.0,0.00036020637061384334,1.52784795523558e-05,0.0216123822368306
K_decreasing_d8_rho1_B8,FR--KL--STL,80.0,0.00027795688088137554,1.769015894860008e-05,0.02223655047051004
K_decreasing_d8_rho1_B8,FR--KL--STL,100.0,0.00026859600823607996,1.4102311377445903e-05,0.026859600823607995
K_decreasing_d8_rho1_B8,FR--KL--STL,120.0,0.00023772675007079888,1.4238568775871743e-05,0.028527210008495864
K_decreasing_d8_rho1_B8,FR--KL--STL,140.0,0.00023220863139473432,1.4999818772893831e-05,0.032509208395262806
K_decreasing_d8_rho1_B8,FR--KL--STL,160.0,0.00020966406558809667,1.2857001115674302e-05,0.033546250494095466
K_decreasing_d8_rho1_B8,FR--KL--STL,180.0,0.0001679235961740856,1.076234942508525e-05,0.030226247311335407
K_decreasing_d8_rho1_B8,FR--KL--STL,200.0,0.00017639552755874247,1.5038824249157125e-05,0.035279105511748496
K_decreasing_d8_rho1_B8,FR--KL--STL,220.0,0.00019188161110208257,1.4664664536299568e-05,0.042213954442458165
K_decreasing_d8_rho1_B8,FR--KL--STL,240.0,0.00017090059848624963,1.0413904085512158e-05,0.04101614363669991
K_decreasing_d8_rho1_B8,FR--KL--STL,260.0,0.0001656762404128156,1.0298661125144575e-05,0.04307582250733206
K_decreasing_d8_rho1_B8,FR--KL--STL,280.0,0.0001730460979508221,9.977025491258684e-06,0.048452907426230186
K_decreasing_d8_rho1_B8,FR--KL--STL,300.0,0.00016504982283230285,9.709141301060094e-06,0.049514946849690857
K_decreasing_d8_rho1_B8,FR--KL--STL,320.0,0.0001573680868088237,1.0365727166111242e-05,0.05035778777882359
K_decreasing_d8_rho1_B8,FR--KL--STL,340.0,0.00017029648338209516,9.78561302368768e-06,0.057900804349912356
K_decreasing_d8_rho1_B8,FR--KL--STL,360.0,0.0001440032224404973,1.1016206691259922e-05,0.05184116007857903
K_decreasing_d8_rho1_B8,FR--KL--STL,380.0,0.00013986946554169752,9.152405144900404e-06,0.053150396905845054
K_decreasing_d8_rho1_B8,FR--KL--STL,400.0,0.00013407377273720516,1.590585373613536e-05,0.053629509094882066
K_decreasing_d8_rho1_B8,FR--KL--STL,420.0,0.00013754287996615224,8.083485645469454e-06,0.05776800958578394
K_decreasing_d8_rho1_B8,FR--KL--STL,440.0,0.00013526742667753505,6.645388592728399e-06,0.05951766773811542
K_decreasing_d8_rho1_B8,FR--KL--STL,460.0,0.0001245187681662119,6.969342967266627e-06,0.05727863335645748
K_decreasing_d8_rho1_B8,FR--KL--STL,480.0,0.00011375849643370802,8.0661638792576e-06,0.05460407828817985
K_decreasing_d8_rho1_B8,FR--KL--STL,500.0,0.00011023661856318363,7.93251848829602e-06,0.05511830928159182
K_decreasing_d8_rho1_B8,FR--KL--STL,520.0,0.00011347728978069096,6.839567822610783e-06,0.0590081906859593
K_decreasing_d8_rho1_B8,FR--KL--STL,540.0,0.00012044083756797225,8.755151762109612e-06,0.065038052286705
K_decreasing_d8_rho1_B8,FR--KL--STL,560.0,0.00011599578210355448,5.936410412804978e-06,0.0649576379779905
K_decreasing_d8_rho1_B8,FR--KL--STL,580.0,0.00010522556154033766,6.4753037446848944e-06,0.061030825693395845
K_decreasing_d8_rho1_B8,FR--KL--STL,600.0,9.153537139744176e-05,6.352520080719851e-06,0.05492122283846505
K_decreasing_d8_rho1_B8,FR--KL--STL,620.0,8.966331879721309e-05,5.925779793412501e-06,0.055591257654272114
K_decreasing_d8_rho1_B8,FR--KL--STL,640.0,9.124932889557228e-05,5.325244538371558e-06,0.05839957049316626
K_decreasing_d8_rho1_B8,FR--KL--STL,660.0,9.695646771390847e-05,6.010438388933508e-06,0.06399126869117959
K_decreasing_d8_rho1_B8,FR--KL--STL,680.0,9.275492511677518e-05,5.618707096188277e-06,0.06307334907940712
K_decreasing_d8_rho1_B8,FR--KL--STL,700.0,9.335561914069271e-05,6.051023822173653e-06,0.0653489333984849
K_decreasing_d8_rho1_B8,FR--KL--STL,720.0,9.150824629228479e-05,6.673733047997867e-06,0.06588593733044505
K_decreasing_d8_rho1_B8,FR--KL--STL,740.0,9.280403311345036e-05,6.439814996761942e-06,0.06867498450395328
K_decreasing_d8_rho1_B8,FR--KL--STL,760.0,9.081122005783364e-05,6.503516799351947e-06,0.06901652724395357
K_decreasing_d8_rho1_B8,FR--KL--STL,780.0,9.193384632533952e-05,6.678987158575263e-06,0.07170840013376482
K_decreasing_d8_rho1_B8,FR--KL--STL,800.0,9.433106858473299e-05,7.196652193816034e-06,0.0754648548677864
K_decreasing_d8_rho1_B8,FR--KL--STL,820.0,7.620163280291597e-05,4.785077975710202e-06,0.06248533889839109
K_decreasing_d8_rho1_B8,FR--KL--STL,840.0,7.568915079674606e-05,4.646041794720062e-06,0.0635788866692667
K_decreasing_d8_rho1_B8,FR--KL--STL,860.0,7.754225333057154e-05,5.1891326733957374e-06,0.06668633786429153
K_decreasing_d8_rho1_B8,FR--KL--STL,880.0,7.148994701552368e-05,4.662529921599055e-06,0.06291115337366084
K_decreasing_d8_rho1_B8,FR--KL--STL,900.0,7.970668558994847e-05,4.609651824215923e-06,0.07173601703095363
K_decreasing_d8_rho1_B8,FR--KL--STL,920.0,7.358215049445956e-05,4.156557179826486e-06,0.0676955784549028
K_decreasing_d8_rho1_B8,FR--KL--STL,940.0,7.66455907186493e-05,3.5450297801839073e-06,0.07204685527553034
K_decreasing_d8_rho1_B8,FR--KL--STL,960.0,7.002049033767278e-05,4.360781273508156e-06,0.06721967072416586
K_decreasing_d8_rho1_B8,FR--KL--STL,980.0,6.53652051769943e-05,4.610501290377468e-06,0.06405790107345441
K_decreasing_d8_rho1_B8,FR--KL--STL,1000.0,6.893786017020177e-05,4.173791795850805e-06,0.06893786017020177
K_decreasing_d8_rho1_B8,FR--KL--STL,1020.0,7.366661759532783e-05,4.306147773796892e-06,0.07513994994723439
K_decreasing_d8_rho1_B8,FR--KL--STL,1040.0,7.323431425683573e-05,5.391396013390011e-06,0.07616368682710917
K_decreasing_d8_rho1_B8,FR--KL--STL,1060.0,7.095870379703544e-05,4.778127755303138e-06,0.07521622602485757
K_decreasing_d8_rho1_B8,FR--KL--STL,1080.0,6.679209024955497e-05,4.0444661071077705e-06,0.07213545746951937
K_decreasing_d8_rho1_B8,FR--KL--STL,1100.0,5.743106257097471e-05,3.559406879980165e-06,0.06317416882807218
K_decreasing_d8_rho1_B8,FR--KL--STL,1120.0,6.21119363008985e-05,4.306403696581594e-06,0.06956536865700631
K_decreasing_d8_rho1_B8,FR--KL--STL,1140.0,7.168506971811086e-05,5.398294204560026e-06,0.08172097947864637
K_decreasing_d8_rho1_B8,FR--KL--STL,1160.0,6.959587164591394e-05,3.54623755743765e-06,0.08073121110926017
K_decreasing_d8_rho1_B8,FR--KL--STL,1180.0,6.402863274024044e-05,3.4309000488321957e-06,0.07555378663348372
K_decreasing_d8_rho1_B8,FR--KL--STL,1200.0,6.206688942057189e-05,3.4920598849314154e-06,0.07448026730468627
K_decreasing_d8_rho1_B8,FR--KL--STL,1220.0,5.9374044727383226e-05,4.217878401345496e-06,0.07243633456740754
K_decreasing_d8_rho1_B8,FR--KL--STL,1240.0,5.519573218931973e-05,3.3398688667708495e-06,0.06844270791475647
K_decreasing_d8_rho1_B8,FR--KL--STL,1260.0,5.5603344297591206e-05,3.4822901150536595e-06,0.07006021381496493
K_decreasing_d8_rho1_B8,FR--KL--STL,1280.0,5.5198044329871705e-05,3.499256194136151e-06,0.07065349674223578
K_decreasing_d8_rho1_B8,FR--KL--STL,1300.0,5.338297006689347e-05,3.7283679527781403e-06,0.06939786108696151
K_decreasing_d8_rho1_B8,FR--KL--STL,1320.0,5.1373820769974695e-05,3.353626584380352e-06,0.0678134434163666
K_decreasing_d8_rho1_B8,FR--KL--STL,1340.0,4.5960708267174985e-05,2.8905332192408475e-06,0.06158734907801448
K_decreasing_d8_rho1_B8,FR--KL--STL,1360.0,5.085383941153173e-05,2.642111585144806e-06,0.06916122159968315
K_decreasing_d8_rho1_B8,FR--KL--STL,1380.0,5.1169303659263456e-05,3.1084171090693905e-06,0.07061363904978357
K_decreasing_d8_rho1_B8,FR--KL--STL,1400.0,5.2551952020163385e-05,3.2471935685387366e-06,0.07357273282822874
K_decreasing_d8_rho1_B8,FR--KL--STL,1420.0,5.245999542075929e-05,3.877296691583594e-06,0.0744931934974782
K_decreasing_d8_rho1_B8,FR--KL--STL,1440.0,5.0389376870096926e-05,3.595892631992743e-06,0.07256070269293957
K_decreasing_d8_rho1_B8,FR--KL--STL,1460.0,4.949877640019196e-05,3.0698445574490706e-06,0.07226821354428026
K_decreasing_d8_rho1_B8,FR--KL--STL,1480.0,5.6304106937835975e-05,3.0071644061349015e-06,0.08333007826799724
K_decreasing_d8_rho1_B8,FR--KL--STL,1500.0,5.509109046126776e-05,3.7305160303507373e-06,0.08263663569190165
K_decreasing_d8_rho1_B8,FR--KL--STL,1520.0,5.471215163084694e-05,3.703469613614849e-06,0.08316247047888735
K_decreasing_d8_rho1_B8,FR--KL--STL,1540.0,5.093388674630717e-05,3.376540536780804e-06,0.07843818558931304
K_decreasing_d8_rho1_B8,FR--KL--STL,1560.0,4.906024095845396e-05,3.0326185521625e-06,0.07653397589518818
K_decreasing_d8_rho1_B8,FR--KL--STL,1580.0,5.09086141545817e-05,3.111523335592736e-06,0.08043561036423909
K_decreasing_d8_rho1_B8,FR--KL--STL,1600.0,5.043884523162253e-05,3.6489870468838805e-06,0.08070215237059604
K_decreasing_d8_rho1_B8,FR--KL--STL,1620.0,4.806139051985319e-05,3.732061291472835e-06,0.07785945264216217
K_decreasing_d8_rho1_B8,FR--KL--STL,1640.0,4.676296064521542e-05,3.054893002856181e-06,0.07669125545815328
K_decreasing_d8_rho1_B8,FR--KL--STL,1660.0,4.356228216394105e-05,2.808791654106267e-06,0.07231338839214214
K_decreasing_d8_rho1_B8,FR--KL--STL,1680.0,4.7332870928240564e-05,2.9863061265635337e-06,0.07951922315944415
K_decreasing_d8_rho1_B8,FR--KL--STL,1700.0,4.753999998188263e-05,3.2479909280266305e-06,0.08081799996920047
K_decreasing_d8_rho1_B8,FR--KL--STL,1720.0,5.079209251084294e-05,3.5310756236155254e-06,0.08736239911864985
K_decreasing_d8_rho1_B8,FR--KL--STL,1740.0,4.939045215600994e-05,3.559686072356428e-06,0.08593938675145729
K_decreasing_d8_rho1_B8,FR--KL--STL,1760.0,4.999321890061491e-05,4.018266311509739e-06,0.08798806526508224
K_decreasing_d8_rho1_B8,FR--KL--STL,1780.0,4.689280644436397e-05,3.828785387021069e-06,0.08346919547096787
K_decreasing_d8_rho1_B8,FR--KL--STL,1800.0,4.446768421679792e-05,3.0972338792521574e-06,0.08004183159023626
K_decreasing_d8_rho1_B8,FR--KL--STL,1820.0,4.39495626676667e-05,2.8794725428531496e-06,0.07998820405515339
K_decreasing_d8_rho1_B8,FR--KL--STL,1840.0,4.226777597766684e-05,2.6818855092072524e-06,0.07777270779890699
K_decreasing_d8_rho1_B8,FR--KL--STL,1860.0,4.170651477144344e-05,3.1388198705221782e-06,0.0775741174748848
K_decreasing_d8_rho1_B8,FR--KL--STL,1880.0,4.219063211185267e-05,3.3685693564658173e-06,0.07931838837028302
K_decreasing_d8_rho1_B8,FR--KL--STL,1900.0,3.920996720380524e-05,2.6237778855095936e-06,0.07449893768722997
K_decreasing_d8_rho1_B8,FR--KL--STL,1920.0,3.651985069413518e-05,2.8915682929722064e-06,0.07011811333273954
K_decreasing_d8_rho1_B8,FR--KL--STL,1940.0,4.330634117846917e-05,3.210411604328592e-06,0.0840143018862302
K_decreasing_d8_rho1_B8,FR--KL--STL,1960.0,4.1175833460579034e-05,2.6114923773481654e-06,0.0807046335827349
K_decreasing_d8_rho1_B8,FR--KL--STL,1980.0,4.268793512283153e-05,2.3857625217505627e-06,0.08452211154320644
K_decreasing_d8_rho1_B8,FR--KL--STL,2000.0,4.206376425699432e-05,2.5084133636285597e-06,0.08412752851398864
K_decreasing_d8_rho1_B8,FR--KL--STL,2020.0,4.406289925794245e-05,2.4082344594776015e-06,0.08900705650104375
K_decreasing_d8_rho1_B8,FR--KL--STL,2040.0,4.274428738299344e-05,2.3421910490253494e-06,0.08719834626130663
K_decreasing_d8_rho1_B8,FR--KL--STL,2060.0,4.380428128110125e-05,2.603928139445468e-06,0.09023681943906858
K_decreasing_d8_rho1_B8,FR--KL--STL,2080.0,4.1549428961040745e-05,2.4353778463686676e-06,0.08642281223896475
K_decreasing_d8_rho1_B8,FR--KL--STL,2100.0,4.268584387385014e-05,2.690233825923955e-06,0.0896402721350853
K_decreasing_d8_rho1_B8,FR--KL--STL,2120.0,4.133946465148715e-05,2.606175160875091e-06,0.08763966506115277
K_decreasing_d8_rho1_B8,FR--KL--STL,2140.0,3.95870742667744e-05,2.3396650445152447e-06,0.08471633893089721
K_decreasing_d8_rho1_B8,FR--KL--STL,2160.0,4.215248817489581e-05,2.5987893717002727e-06,0.09104937445777495
K_decreasing_d8_rho1_B8,FR--KL--STL,2180.0,3.8489675819756525e-05,2.5799705658066508e-06,0.08390749328706923
K_decreasing_d8_rho1_B8,FR--KL--STL,2200.0,3.832610391993896e-05,3.0402864595281734e-06,0.08431742862386571
K_decreasing_d8_rho1_B8,FR--KL--STL,2220.0,3.9029814630146355e-05,3.083567889268982e-06,0.08664618847892491
K_decreasing_d8_rho1_B8,FR--KL--STL,2240.0,3.6786937503219265e-05,2.2833645468774782e-06,0.08240274000721115
K_decreasing_d8_rho1_B8,FR--KL--STL,2260.0,3.739414674811906e-05,2.2916946536801285e-06,0.08451077165074908
K_decreasing_d8_rho1_B8,FR--KL--STL,2280.0,3.6958631614917677e-05,2.5150005452399558e-06,0.08426568008201231
K_decreasing_d8_rho1_B8,FR--KL--STL,2300.0,3.5423488907741314e-05,2.2949699595106156e-06,0.08147402448780502
K_decreasing_d8_rho1_B8,FR--KL--STL,2320.0,3.49818387700059e-05,2.814471742436908e-06,0.0811578659464137
K_decreasing_d8_rho1_B8,FR--KL--STL,2340.0,3.6395282247791985e-05,2.7465867201159776e-06,0.08516496045983324
K_decreasing_d8_rho1_B8,FR--KL--STL,2360.0,3.623702535933878e-05,2.513566253377155e-06,0.08551937984803952
K_decreasing_d8_rho1_B8,FR--KL--STL,2380.0,3.8830257732058723e-05,2.252292166205275e-06,0.09241601340229977
K_decreasing_d8_rho1_B8,FR--KL--STL,2400.0,3.5468074621884206e-05,2.349517213332395e-06,0.0851233790925221
K_decreasing_d8_rho1_B8,FR--KL--STL,2420.0,3.4665318347363676e-05,2.156429400733205e-06,0.08389007040062009
K_decreasing_d8_rho1_B8,FR--KL--STL,2440.0,3.509437005853044e-05,2.0035927292618263e-06,0.08563026294281428
K_decreasing_d8_rho1_B8,FR--KL--STL,2460.0,3.513325643750657e-05,2.3844024170708405e-06,0.08642781083626616
K_decreasing_d8_rho1_B8,FR--KL--STL,2480.0,3.3424836547713e-05,2.537717179184528e-06,0.08289359463832824
K_decreasing_d8_rho1_B8,FR--KL--STL,2500.0,3.342414282846799e-05,2.507421799953737e-06,0.08356035707116997
K_decreasing_d8_rho1_B8,FR--KL--STL,2520.0,3.368192976547964e-05,2.2721451070009238e-06,0.08487846300900868
K_decreasing_d8_rho1_B8,FR--KL--STL,2540.0,3.4039901371289244e-05,2.048134931613511e-06,0.08646134948307468
K_decreasing_d8_rho1_B8,FR--KL--STL,2560.0,3.521101884894999e-05,1.7564824845437651e-06,0.09014020825331197
K_decreasing_d8_rho1_B8,FR--KL--STL,2580.0,3.2753129143377656e-05,1.444189211553018e-06,0.08450307318991435
K_decreasing_d8_rho1_B8,FR--KL--STL,2600.0,3.212765107694082e-05,1.7203027611083031e-06,0.08353189280004614
K_decreasing_d8_rho1_B8,FR--KL--STL,2620.0,3.19328479391127e-05,1.8519952171259575e-06,0.08366406160047528
K_decreasing_d8_rho1_B8,FR--KL--STL,2640.0,3.362694894685584e-05,1.9127207953119945e-06,0.08877514521969943
K_decreasing_d8_rho1_B8,FR--KL--STL,2660.0,3.2630599845084876e-05,1.7218981291294405e-06,0.08679739558792578
K_decreasing_d8_rho1_B8,FR--KL--STL,2680.0,3.295277964729948e-05,2.416032373177506e-06,0.0883134494547626
K_decreasing_d8_rho1_B8,FR--KL--STL,2700.0,3.2331654371139014e-05,2.457732962204136e-06,0.08729546680207534
K_decreasing_d8_rho1_B8,FR--KL--STL,2720.0,3.210402816717916e-05,2.0641063082539992e-06,0.08732295661472732
K_decreasing_d8_rho1_B8,FR--KL--STL,2740.0,3.4022903064586293e-05,2.1194445813940717e-06,0.09322275439696645
K_decreasing_d8_rho1_B8,FR--KL--STL,2760.0,3.4764250651431185e-05,2.410331454581781e-06,0.09594933179795007
K_decreasing_d8_rho1_B8,FR--KL--STL,2780.0,3.510755710030011e-05,1.9013564184897326e-06,0.0975990087388343
K_decreasing_d8_rho1_B8,FR--KL--STL,2800.0,3.1633034331779444e-05,1.986132135006511e-06,0.08857249612898245
K_decreasing_d8_rho1_B8,FR--KL--STL,2820.0,3.1569590953820874e-05,1.9917613126245915e-06,0.08902624648977486
K_decreasing_d8_rho1_B8,FR--KL--STL,2840.0,3.144738620672882e-05,1.9736121343228943e-06,0.08931057682710986
K_decreasing_d8_rho1_B8,FR--KL--STL,2860.0,3.0350390062731473e-05,1.8477918140967744e-06,0.08680211557941202
K_decreasing_d8_rho1_B8,FR--KL--STL,2880.0,2.9945252014288807e-05,2.1217407343243616e-06,0.08624232580115176
K_decreasing_d8_rho1_B8,FR--KL--STL,2900.0,2.9233009299378666e-05,2.0238923035498742e-06,0.08477572696819813
K_decreasing_d8_rho1_B8,FR--KL--STL,2920.0,2.9771334250720353e-05,2.0198107674645526e-06,0.08693229601210344
K_decreasing_d8_rho1_B8,FR--KL--STL,2940.0,2.984692984491962e-05,1.8068326627989212e-06,0.08774997374406368
K_decreasing_d8_rho1_B8,FR--KL--STL,2960.0,2.781485909428838e-05,2.1891317914953395e-06,0.0823319829190936
K_decreasing_d8_rho1_B8,FR--KL--STL,2980.0,2.8469319724540772e-05,2.043697164017714e-06,0.0848385727791315
K_decreasing_d8_rho1_B8,FR--KL--STL,3000.0,2.836050545796572e-05,2.3908655162312596e-06,0.08508151637389716
K_decreasing_d8_rho1_B8,FR--KL--STL,3020.0,2.722268374804789e-05,2.0234686271083702e-06,0.08221250491910463
K_decreasing_d8_rho1_B8,FR--KL--STL,3040.0,2.6107003505722777e-05,1.7038575203711501e-06,0.07936529065739724
K_decreasing_d8_rho1_B8,FR--KL--STL,3060.0,2.5907811250588016e-05,1.5054836314565533e-06,0.07927790242679933
K_decreasing_d8_rho1_B8,FR--KL--STL,3080.0,2.6444630661111763e-05,1.4989104981120732e-06,0.08144946243622422
K_decreasing_d8_rho1_B8,FR--KL--STL,3100.0,2.5356037784292814e-05,1.3397409505275429e-06,0.07860371713130772
K_decreasing_d8_rho1_B8,FR--KL--STL,3120.0,2.5307475638995194e-05,1.4082144011047102e-06,0.07895932399366501
K_decreasing_d8_rho1_B8,FR--KL--STL,3140.0,2.615546823306521e-05,1.3963738277399622e-06,0.08212817025182477
K_decreasing_d8_rho1_B8,FR--KL--STL,3160.0,2.5920847110209404e-05,1.3457062761170707e-06,0.08190987686826172
K_decreasing_d8_rho1_B8,FR--KL--STL,3180.0,2.4894926876258456e-05,1.589699495392348e-06,0.0791658674665019
K_decreasing_d8_rho1_B8,FR--KL--STL,3200.0,2.520816190362633e-05,1.4937334168500747e-06,0.08066611809160425
K_decreasing_d8_rho1_B8,FR--KL--STL,3220.0,2.4216390830715064e-05,1.5895571426711654e-06,0.0779767784749025
K_decreasing_d8_rho1_B8,FR--KL--STL,3240.0,2.3816405535607523e-05,1.5828209061823473e-06,0.07716515393536838
K_decreasing_d8_rho1_B8,FR--KL--STL,3260.0,2.4760077942668582e-05,1.6603123591501358e-06,0.08071785409309958
K_decreasing_d8_rho1_B8,FR--KL--STL,3280.0,2.5524183720933755e-05,1.6246609639415394e-06,0.08371932260466272
K_decreasing_d8_rho1_B8,FR--KL--STL,3300.0,2.6270055421958222e-05,1.571083999837883e-06,0.08669118289246214
K_decreasing_d8_rho1_B8,FR--KL--STL,3320.0,2.644930648732687e-05,1.5295793642283199e-06,0.08781169753792521
K_decreasing_d8_rho1_B8,FR--KL--STL,3340.0,2.486018795787951e-05,1.2215180356451163e-06,0.08303302777931756
K_decreasing_d8_rho1_B8,FR--KL--STL,3360.0,2.3586514792839353e-05,1.3347592472779333e-06,0.07925068970394022
K_decreasing_d8_rho1_B8,FR--KL--STL,3380.0,2.3694974703995322e-05,1.242421642629247e-06,0.08008901449950419
K_decreasing_d8_rho1_B8,FR--KL--STL,3400.0,2.322983831595238e-05,1.6057772606125713e-06,0.07898145027423809
K_decreasing_d8_rho1_B8,FR--KL--STL,3420.0,2.2196875699472448e-05,1.6599477249799187e-06,0.07591331489219577
K_decreasing_d8_rho1_B8,FR--KL--STL,3440.0,2.1222035920942518e-05,1.5829068222707275e-06,0.07300380356804226
K_decreasing_d8_rho1_B8,FR--KL--STL,3460.0,2.1342883222915296e-05,1.5397266106444411e-06,0.07384637595128693
K_decreasing_d8_rho1_B8,FR--KL--STL,3480.0,2.3018805435714996e-05,1.6019235261431014e-06,0.08010544291628818
K_decreasing_d8_rho1_B8,FR--KL--STL,3500.0,2.421646549593722e-05,1.8002131883907974e-06,0.08475762923578027
K_decreasing_d8_rho1_B8,FR--KL--STL,3520.0,2.5198102914044303e-05,2.238259184619398e-06,0.08869732225743594
K_decreasing_d8_rho1_B8,FR--KL--STL,3540.0,2.5217224665633844e-05,2.0264313246814582e-06,0.08926897531634381
K_decreasing_d8_rho1_B8,FR--KL--STL,3560.0,2.6007470732884266e-05,1.984529924717229e-06,0.09258659580906799
K_decreasing_d8_rho1_B8,FR--KL--STL,3580.0,2.6548468870254045e-05,1.8472240829352955e-06,0.09504351855550948
K_decreasing_d8_rho1_B8,FR--KL--STL,3600.0,2.804935871078366e-05,1.951811268517961e-06,0.10097769135882118
K_decreasing_d8_rho1_B8,FR--KL--STL,3620.0,2.6585322026514054e-05,1.8121760385583733e-06,0.09623886573598088
K_decreasing_d8_rho1_B8,FR--KL--STL,3640.0,2.6013195052065895e-05,1.819999629569873e-06,0.09468802998951986
K_decreasing_d8_rho1_B8,FR--KL--STL,3660.0,2.4348401629895968e-05,1.640846343805322e-06,0.08911514996541925
K_decreasing_d8_rho1_B8,FR--KL--STL,3680.0,2.3658372776343603e-05,1.3940384250428616e-06,0.08706281181694446
K_decreasing_d8_rho1_B8,FR--KL--STL,3700.0,2.2629260812756513e-05,1.3743368558963833e-06,0.0837282650071991
K_decreasing_d8_rho1_B8,FR--KL--STL,3720.0,2.0690279878277096e-05,1.3121490123036584e-06,0.0769678411471908
K_decreasing_d8_rho1_B8,FR--KL--STL,3740.0,2.031041372691315e-05,1.512700411301123e-06,0.07596094733865517
K_decreasing_d8_rho1_B8,FR--KL--STL,3760.0,2.0780908274501777e-05,1.4963274693357973e-06,0.07813621511212668
K_decreasing_d8_rho1_B8,FR--KL--STL,3780.0,2.0981733285433772e-05,1.4785662512599775e-06,0.07931095181893966
K_decreasing_d8_rho1_B8,FR--KL--STL,3800.0,2.1111002268447977e-05,1.5614395503175564e-06,0.08022180862010231
K_decreasing_d8_rho1_B8,FR--KL--STL,3820.0,2.1271607196619394e-05,1.6300511817261896e-06,0.08125753949108608
K_decreasing_d8_rho1_B8,FR--KL--STL,3840.0,2.205032697419895e-05,1.6647008255053058e-06,0.08467325558092398
K_decreasing_d8_rho1_B8,FR--KL--STL,3860.0,2.2002461603657744e-05,1.5834744810867728e-06,0.08492950179011889
K_decreasing_d8_rho1_B8,FR--KL--STL,3880.0,2.165776560948037e-05,1.330953382678794e-06,0.08403213056478384
K_decreasing_d8_rho1_B8,FR--KL--STL,3900.0,2.083331103669058e-05,1.3992520946995156e-06,0.08124991304309326
K_decreasing_d8_rho1_B8,FR--KL--STL,3920.0,2.1093342065695945e-05,1.4878424682110299e-06,0.0826859008975281
K_decreasing_d8_rho1_B8,FR--KL--STL,3940.0,2.0385067082499358e-05,1.3811873700661505e-06,0.08031716430504747
K_decreasing_d8_rho1_B8,FR--KL--STL,3960.0,2.0573583934672494e-05,1.3088978108372029e-06,0.08147139238130308
K_decreasing_d8_rho1_B8,FR--KL--STL,3980.0,2.0827796954373905e-05,1.2723917034389684e-06,0.08289463187840815
K_decreasing_d8_rho1_B8,FR--KL--STL,4000.0,2.153680475851516e-05,1.3147612710764321e-06,0.08614721903406064
K_decreasing_d8_rho1_B8,FR--KL--STL,4020.0,2.127757190987604e-05,1.2334052931070526e-06,0.08553583907770168
K_decreasing_d8_rho1_B8,FR--KL--STL,4040.0,2.0511000118765092e-05,1.3805442835138432e-06,0.08286444047981097
K_decreasing_d8_rho1_B8,FR--KL--STL,4060.0,2.096792609250405e-05,1.2791827952231709e-06,0.08512977993556643
K_decreasing_d8_rho1_B8,FR--KL--STL,4080.0,1.9499878514809647e-05,1.0137109490455697e-06,0.07955950434042336
K_decreasing_d8_rho1_B8,FR--KL--STL,4100.0,1.9040364712245387e-05,1.1374404586832834e-06,0.07806549532020608
K_decreasing_d8_rho1_B8,FR--KL--STL,4120.0,1.918379382613485e-05,1.3153244180496634e-06,0.07903723056367558
K_decreasing_d8_rho1_B8,FR--KL--STL,4140.0,1.783852820385808e-05,1.2582826494315965e-06,0.07385150676397245
K_decreasing_d8_rho1_B8,FR--KL--STL,4160.0,1.8147578671978693e-05,1.27460342935575e-06,0.07549392727543136
K_decreasing_d8_rho1_B8,FR--KL--STL,4180.0,1.9542801973463733e-05,1.4374318282129236e-06,0.0816889122490784
K_decreasing_d8_rho1_B8,FR--KL--STL,4200.0,1.930099948026509e-05,1.4851036018183514e-06,0.08106419781711338
K_decreasing_d8_rho1_B8,FR--KL--STL,4220.0,1.967602401853341e-05,1.4604336444739498e-06,0.083032821358211
K_decreasing_d8_rho1_B8,FR--KL--STL,4240.0,1.9279825915733777e-05,1.4529373332091834e-06,0.08174646188271122
K_decreasing_d8_rho1_B8,FR--KL--STL,4260.0,1.890766560004309e-05,1.7714324639978425e-06,0.08054665545618356
K_decreasing_d8_rho1_B8,FR--KL--STL,4280.0,1.8850019031457776e-05,1.9560987802808143e-06,0.08067808145463928
K_decreasing_d8_rho1_B8,FR--KL--STL,4300.0,1.8607657099926436e-05,1.7240411100985576e-06,0.08001292552968367
K_decreasing_d8_rho1_B8,FR--KL--STL,4320.0,1.8932693763347905e-05,1.3788929651917217e-06,0.08178923705766294
K_decreasing_d8_rho1_B8,FR--KL--STL,4340.0,1.9588720071291496e-05,1.413323168426107e-06,0.0850150451094051
K_decreasing_d8_rho1_B8,FR--KL--STL,4360.0,1.8972501509099498e-05,1.4268039345805358e-06,0.08272010657967381
K_decreasing_d8_rho1_B8,FR--KL--STL,4380.0,1.9156355524163614e-05,1.5261264267786302e-06,0.08390483719583663
K_decreasing_d8_rho1_B8,FR--KL--STL,4400.0,1.946533930139438e-05,1.48230201680154e-06,0.08564749292613527
K_decreasing_d8_rho1_B8,FR--KL--STL,4420.0,1.972850014775318e-05,1.6020433767385995e-06,0.08719997065306906
K_decreasing_d8_rho1_B8,FR--KL--STL,4440.0,1.9458338057631865e-05,1.578318873531722e-06,0.08639502097588547
K_decreasing_d8_rho1_B8,FR--KL--STL,4460.0,1.9905484572705726e-05,1.4782626985806962e-06,0.08877846119426754
K_decreasing_d8_rho1_B8,FR--KL--STL,4480.0,1.9777891498377423e-05,1.2473125618433922e-06,0.08860495391273085
K_decreasing_d8_rho1_B8,FR--KL--STL,4500.0,2.020605427510702e-05,1.3813173540926526e-06,0.0909272442379816
K_decreasing_d8_rho1_B8,FR--KL--STL,4520.0,2.030892289350087e-05,1.4693514731258614e-06,0.09179633147862394
K_decreasing_d8_rho1_B8,FR--KL--STL,4540.0,2.0525465995913095e-05,1.4770009992995533e-06,0.09318561562144545
K_decreasing_d8_rho1_B8,FR--KL--STL,4560.0,2.0430255942294196e-05,1.332181199377955e-06,0.09316196709686153
K_decreasing_d8_rho1_B8,FR--KL--STL,4580.0,2.082093864436511e-05,1.4026133780324665e-06,0.0953598989911922
K_decreasing_d8_rho1_B8,FR--KL--STL,4600.0,2.132144971621249e-05,1.7578375102060298e-06,0.09807866869457744
K_decreasing_d8_rho1_B8,FR--KL--STL,4620.0,2.0810596847139114e-05,1.5897413524634654e-06,0.09614495743378271
K_decreasing_d8_rho1_B8,FR--KL--STL,4640.0,2.06370364221146e-05,1.5705150344002167e-06,0.09575584899861175
K_decreasing_d8_rho1_B8,FR--KL--STL,4660.0,1.9961543345529503e-05,1.383394813048204e-06,0.09302079199016748
K_decreasing_d8_rho1_B8,FR--KL--STL,4680.0,2.0467131522690826e-05,1.3974816246798217e-06,0.09578617552619306
K_decreasing_d8_rho1_B8,FR--KL--STL,4700.0,2.0215278027150654e-05,1.3702638387344343e-06,0.09501180672760808
K_decreasing_d8_rho1_B8,FR--KL--STL,4720.0,1.9659881804212632e-05,1.4012866416814996e-06,0.09279464211588362
K_decreasing_d8_rho1_B8,FR--KL--STL,4740.0,1.8630990934731528e-05,1.125231159969295e-06,0.08831089703062744
K_decreasing_d8_rho1_B8,FR--KL--STL,4760.0,1.8101238755926137e-05,1.053049256659468e-06,0.08616189647820842
K_decreasing_d8_rho1_B8,FR--KL--STL,4780.0,1.864211342355778e-05,1.1525208537232824e-06,0.08910930216460619
K_decreasing_d8_rho1_B8,FR--KL--STL,4800.0,1.932228225311287e-05,1.0824257735424945e-06,0.09274695481494177
K_decreasing_d8_rho1_B8,FR--KL--STL,4820.0,1.9080363802803645e-05,1.0919407801349315e-06,0.09196735352951357
K_decreasing_d8_rho1_B8,FR--KL--STL,4840.0,1.971147462581276e-05,1.2502489316358173e-06,0.09540353718893377
K_decreasing_d8_rho1_B8,FR--KL--STL,4860.0,1.9518797910341354e-05,1.1832708187146394e-06,0.09486135784425898
K_decreasing_d8_rho1_B8,FR--KL--STL,4880.0,1.8963083826939454e-05,1.2009105661932847e-06,0.09253984907546453
K_decreasing_d8_rho1_B8,FR--KL--STL,4900.0,1.8669695442212014e-05,1.1966810001485177e-06,0.09148150766683887
K_decreasing_d8_rho1_B8,FR--KL--STL,4920.0,1.8773155220023576e-05,9.27458321106223e-07,0.09236392368251599
K_decreasing_d8_rho1_B8,FR--KL--STL,4940.0,1.8203108995222077e-05,9.718329966387865e-07,0.08992335843639705
K_decreasing_d8_rho1_B8,FR--KL--STL,4960.0,1.8170669703643226e-05,1.0498404425242268e-06,0.09012652173007041
K_decreasing_d8_rho1_B8,FR--KL--STL,4980.0,1.7877316701693975e-05,1.1324874808197069e-06,0.089029037174436
K_decreasing_d8_rho1_B8,FR--KL--STL,5000.0,1.742746869431618e-05,1.1378130535709728e-06,0.0871373434715809
K_decreasing_d8_rho1_B8,FR--KL--STL,5020.0,1.6786456745787603e-05,1.0968406311119885e-06,0.08426801286385377
K_decreasing_d8_rho1_B8,FR--KL--STL,5040.0,1.6773142992339747e-05,1.098648325781173e-06,0.08453664068139233
K_decreasing_d8_rho1_B8,FR--KL--STL,5060.0,1.5960044383245275e-05,9.573598977125227e-07,0.0807578245792211
K_decreasing_d8_rho1_B8,FR--KL--STL,5080.0,1.6140667927070733e-05,8.353357614269475e-07,0.08199459306951933
K_decreasing_d8_rho1_B8,FR--KL--STL,5100.0,1.6077732065837107e-05,9.760146059464204e-07,0.08199643353576924
K_decreasing_d8_rho1_B8,FR--KL--STL,5120.0,1.688846892387019e-05,1.0332026388524228e-06,0.08646896089021539
K_decreasing_d8_rho1_B8,FR--KL--STL,5140.0,1.7079242145149703e-05,8.16435080619465e-07,0.08778730462606947
K_decreasing_d8_rho1_B8,FR--KL--STL,5160.0,1.8262021070380997e-05,1.0093451357664445e-06,0.09423202872316595
K_decreasing_d8_rho1_B8,FR--KL--STL,5180.0,1.918092235365284e-05,1.2680911997807777e-06,0.0993571777919217
K_decreasing_d8_rho1_B8,FR--KL--STL,5200.0,1.858905114528279e-05,1.1564698617544867e-06,0.09666306595547051
K_decreasing_d8_rho1_B8,FR--KL--STL,5220.0,1.9211668944230097e-05,1.3657060825631434e-06,0.1002849118888811
K_decreasing_d8_rho1_B8,FR--KL--STL,5240.0,1.947787953045695e-05,1.4039783089024167e-06,0.10206408873959441
K_decreasing_d8_rho1_B8,FR--KL--STL,5260.0,2.014387162496689e-05,1.3722942212475097e-06,0.10595676474732585
K_decreasing_d8_rho1_B8,FR--KL--STL,5280.0,2.0097239400011328e-05,1.332379096441113e-06,0.10611342403205981
K_decreasing_d8_rho1_B8,FR--KL--STL,5300.0,1.8627116793101804e-05,1.2246975531484758e-06,0.09872371900343956
K_decreasing_d8_rho1_B8,FR--KL--STL,5320.0,1.8444034883469128e-05,1.3133636726270277e-06,0.09812226558005575
K_decreasing_d8_rho1_B8,FR--KL--STL,5340.0,1.8425274872146956e-05,1.315310774398189e-06,0.09839096781726474
K_decreasing_d8_rho1_B8,FR--KL--STL,5360.0,1.8185635134582158e-05,1.17661448470916e-06,0.09747500432136037
K_decreasing_d8_rho1_B8,FR--KL--STL,5380.0,1.7435706976047052e-05,1.0453372121446648e-06,0.09380410353113314
K_decreasing_d8_rho1_B8,FR--KL--STL,5400.0,1.727877953442795e-05,9.885992479746724e-07,0.09330540948591093
K_decreasing_d8_rho1_B8,FR--KL--STL,5420.0,1.661317143317002e-05,9.566126302298932e-07,0.09004338916778151
K_decreasing_d8_rho1_B8,FR--KL--STL,5440.0,1.587065830751892e-05,9.451973073223942e-07,0.08633638119290292
K_decreasing_d8_rho1_B8,FR--KL--STL,5460.0,1.5719765834483943e-05,8.84856134354355e-07,0.08582992145628233
K_decreasing_d8_rho1_B8,FR--KL--STL,5480.0,1.5161778647806064e-05,8.454834536535342e-07,0.08308654698997724
K_decreasing_d8_rho1_B8,FR--KL--STL,5500.0,1.4595421293310078e-05,7.502646330691531e-07,0.08027481711320543
K_decreasing_d8_rho1_B8,FR--KL--STL,5520.0,1.4362586980768791e-05,7.40805261171951e-07,0.07928148013384373
K_decreasing_d8_rho1_B8,FR--KL--STL,5540.0,1.4562993811099526e-05,9.022156305085091e-07,0.08067898571349137
K_decreasing_d8_rho1_B8,FR--KL--STL,5560.0,1.4613166737594459e-05,8.949765457651836e-07,0.08124920706102519
K_decreasing_d8_rho1_B8,FR--KL--STL,5580.0,1.3606858685803284e-05,7.442053999207592e-07,0.07592627146678232
K_decreasing_d8_rho1_B8,FR--KL--STL,5600.0,1.357373639141457e-05,7.40024521245884e-07,0.0760129237919216
K_decreasing_d8_rho1_B8,FR--KL--STL,5620.0,1.3460990128807045e-05,7.153736797288906e-07,0.07565076452389559
K_decreasing_d8_rho1_B8,FR--KL--STL,5640.0,1.396355937837157e-05,7.421282340425905e-07,0.07875447489401566
K_decreasing_d8_rho1_B8,FR--KL--STL,5660.0,1.431399219695706e-05,8.137344675219904e-07,0.08101719583477696
K_decreasing_d8_rho1_B8,FR--KL--STL,5680.0,1.4731424832525875e-05,7.471780536026939e-07,0.08367449304874697
K_decreasing_d8_rho1_B8,FR--KL--STL,5700.0,1.4628042481312775e-05,7.709041072041821e-07,0.08337984214348282
K_decreasing_d8_rho1_B8,FR--KL--STL,5720.0,1.424003500929416e-05,7.799024610467804e-07,0.0814530002531626
K_decreasing_d8_rho1_B8,FR--KL--STL,5740.0,1.4060483541082174e-05,7.850608825515668e-07,0.08070717552581168
K_decreasing_d8_rho1_B8,FR--KL--STL,5760.0,1.4313949958744132e-05,7.121857133890659e-07,0.0824483517623662
K_decreasing_d8_rho1_B8,FR--KL--STL,5780.0,1.4787263378905161e-05,7.969978401892614e-07,0.08547038233007183
K_decreasing_d8_rho1_B8,FR--KL--STL,5800.0,1.4273848303473594e-05,7.746784556132447e-07,0.08278832016014684
K_decreasing_d8_rho1_B8,FR--KL--STL,5820.0,1.4209933043426068e-05,6.577858337852884e-07,0.08270181031273971
K_decreasing_d8_rho1_B8,FR--KL--STL,5840.0,1.5028793932033342e-05,8.162853856936769e-07,0.08776815656307471
K_decreasing_d8_rho1_B8,FR--KL--STL,5860.0,1.5189785024786554e-05,8.620121429711035e-07,0.08901214024524921
K_decreasing_d8_rho1_B8,FR--KL--STL,5880.0,1.5363075229046786e-05,8.17419265509144e-07,0.0903348823467951
K_decreasing_d8_rho1_B8,FR--KL--STL,5900.0,1.4981448228172194e-05,9.274967606599849e-07,0.08839054454621595
K_decreasing_d8_rho1_B8,FR--KL--STL,5920.0,1.6147206913637763e-05,1.1983063757835186e-06,0.09559146492873556
K_decreasing_d8_rho1_B8,FR--KL--STL,5940.0,1.5295274620038175e-05,1.1627689235260483e-06,0.09085393124302676
K_decreasing_d8_rho1_B8,FR--KL--STL,5960.0,1.5326451977474658e-05,1.0714289278805204e-06,0.09134565378574896
K_decreasing_d8_rho1_B8,FR--KL--STL,5980.0,1.4963743230052747e-05,1.0935965222731534e-06,0.08948318451571542
K_decreasing_d8_rho1_B8,FR--KL--STL,6000.0,1.4744521218072274e-05,1.0672848747434572e-06,0.08846712730843365
K_decreasing_d8_rho1_B8,FR--KL--STL,6020.0,1.4700742056561467e-05,1.1362296273729181e-06,0.08849846718050003
K_decreasing_d8_rho1_B8,FR--KL--STL,6040.0,1.5711757615359072e-05,1.0777751853705826e-06,0.0948990159967688
K_decreasing_d8_rho1_B8,FR--KL--STL,6060.0,1.497592291617167e-05,1.0304368074542461e-06,0.09075409287200031
K_decreasing_d8_rho1_B8,FR--KL--STL,6080.0,1.498876928704244e-05,9.539692733713104e-07,0.09113171726521804
K_decreasing_d8_rho1_B8,FR--KL--STL,6100.0,1.4647314525747153e-05,9.616199986370473e-07,0.08934861860705763
K_decreasing_d8_rho1_B8,FR--KL--STL,6120.0,1.4523611800232316e-05,1.0120010409327664e-06,0.08888450421742178
K_decreasing_d8_rho1_B8,FR--KL--STL,6140.0,1.3982151931320648e-05,8.914508995399151e-07,0.08585041285830877
K_decreasing_d8_rho1_B8,FR--KL--STL,6160.0,1.3909748148499546e-05,9.951873759507416e-07,0.0856840485947572
K_decreasing_d8_rho1_B8,FR--KL--STL,6180.0,1.3822414530325251e-05,9.5631845815592e-07,0.08542252179741006
K_decreasing_d8_rho1_B8,FR--KL--STL,6200.0,1.4143444172335744e-05,1.0092102157127955e-06,0.08768935386848162
K_decreasing_d8_rho1_B8,FR--KL--STL,6220.0,1.4376750920893262e-05,8.998888924872326e-07,0.08942339072795609
K_decreasing_d8_rho1_B8,FR--KL--STL,6240.0,1.3977884484865181e-05,9.071680994846514e-07,0.08722199918555873
K_decreasing_d8_rho1_B8,FR--KL--STL,6260.0,1.4205865306286351e-05,8.890884077000553e-07,0.08892871681735257
K_decreasing_d8_rho1_B8,FR--KL--STL,6280.0,1.4225466374906403e-05,9.171546081252033e-07,0.08933592883441221
K_decreasing_d8_rho1_B8,FR--KL--STL,6300.0,1.4590574678112015e-05,9.706111513556092e-07,0.0919206204721057
K_decreasing_d8_rho1_B8,FR--KL--STL,6320.0,1.4616902845165925e-05,9.846093651732625e-07,0.09237882598144864
K_decreasing_d8_rho1_B8,FR--KL--STL,6340.0,1.4478834918948042e-05,9.588462191701269e-07,0.09179581338613059
K_decreasing_d8_rho1_B8,FR--KL--STL,6360.0,1.4157446400956768e-05,8.729560021932559e-07,0.09004135911008504
K_decreasing_d8_rho1_B8,FR--KL--STL,6380.0,1.420598101627609e-05,9.435307086499275e-07,0.09063415888384145
K_decreasing_d8_rho1_B8,FR--KL--STL,6400.0,1.4608099698302605e-05,9.129028042953725e-07,0.09349183806913668
K_decreasing_d8_rho1_B8,FR--KL--STL,6420.0,1.423288056875786e-05,9.65060439328874e-07,0.09137509325142545
K_decreasing_d8_rho1_B8,FR--KL--STL,6440.0,1.4034004128316014e-05,1.0045316013429849e-06,0.09037898658635513
K_decreasing_d8_rho1_B8,FR--KL--STL,6460.0,1.343194902414524e-05,7.721978473524124e-07,0.08677039069597825
K_decreasing_d8_rho1_B8,FR--KL--STL,6480.0,1.3220740792796448e-05,7.902912339019903e-07,0.08567040033732098
K_decreasing_d8_rho1_B8,FR--KL--STL,6500.0,1.2497100738902608e-05,8.321459238310001e-07,0.08123115480286695
K_decreasing_d8_rho1_B8,FR--KL--STL,6520.0,1.2054360974348792e-05,8.089871437235312e-07,0.07859443355275413
K_decreasing_d8_rho1_B8,FR--KL--STL,6540.0,1.2823899257607962e-05,8.597202977983409e-07,0.08386830114475607
K_decreasing_d8_rho1_B8,FR--KL--STL,6560.0,1.3414508502525754e-05,9.565739669439895e-07,0.08799917577656895
K_decreasing_d8_rho1_B8,FR--KL--STL,6580.0,1.3069323895790556e-05,9.017199500262949e-07,0.08599615123430186
K_decreasing_d8_rho1_B8,FR--KL--STL,6600.0,1.332513038185823e-05,8.675780232800417e-07,0.08794586052026432
K_decreasing_d8_rho1_B8,FR--KL--STL,6620.0,1.3655818027598817e-05,8.930822565657812e-07,0.09040151534270417
K_decreasing_d8_rho1_B8,FR--KL--STL,6640.0,1.3616515525249894e-05,9.537417579841899e-07,0.0904136630876593
K_decreasing_d8_rho1_B8,FR--KL--STL,6660.0,1.3893864599327326e-05,9.182370944849916e-07,0.09253313823151998
K_decreasing_d8_rho1_B8,FR--KL--STL,6680.0,1.3710995389448755e-05,9.350531853589163e-07,0.09158944920151768
K_decreasing_d8_rho1_B8,FR--KL--STL,6700.0,1.337484807670819e-05,8.746256844225805e-07,0.08961148211394487
K_decreasing_d8_rho1_B8,FR--KL--STL,6720.0,1.3335359437771644e-05,8.681217383518199e-07,0.08961361542182544
K_decreasing_d8_rho1_B8,FR--KL--STL,6740.0,1.3170058135969498e-05,9.191135286644776e-07,0.08876619183643442
K_decreasing_d8_rho1_B8,FR--KL--STL,6760.0,1.306433114276473e-05,9.292924198592039e-07,0.08831487852508957
K_decreasing_d8_rho1_B8,FR--KL--STL,6780.0,1.2602075010666643e-05,9.27567194255883e-07,0.08544206857231984
K_decreasing_d8_rho1_B8,FR--KL--STL,6800.0,1.2107763156047706e-05,9.050134297386924e-07,0.0823327894611244
K_decreasing_d8_rho1_B8,FR--KL--STL,6820.0,1.1816268222464288e-05,9.532328016751395e-07,0.08058694927720644
K_decreasing_d8_rho1_B8,FR--KL--STL,6840.0,1.147772594078944e-05,9.490334481402915e-07,0.07850764543499977
K_decreasing_d8_rho1_B8,FR--KL--STL,6860.0,1.1317295113795941e-05,8.371210770275342e-07,0.07763664448064016
K_decreasing_d8_rho1_B8,FR--KL--STL,6880.0,1.1159707146142969e-05,7.921676727738741e-07,0.07677878516546362
K_decreasing_d8_rho1_B8,FR--KL--STL,6900.0,1.1121303642832221e-05,6.992385528621099e-07,0.07673699513554233
K_decreasing_d8_rho1_B8,FR--KL--STL,6920.0,1.1162748949574326e-05,7.164925772846972e-07,0.07724622273105433
K_decreasing_d8_rho1_B8,FR--KL--STL,6940.0,1.1118373645431963e-05,7.07368299866135e-07,0.07716151309929782
K_decreasing_d8_rho1_B8,FR--KL--STL,6960.0,1.1059197014902841e-05,6.761399856336419e-07,0.07697201122372377
K_decreasing_d8_rho1_B8,FR--KL--STL,6980.0,1.0921424216991937e-05,6.676777405409561e-07,0.07623154103460372
K_decreasing_d8_rho1_B8,FR--KL--STL,7000.0,1.1200631592137947e-05,6.584202827829504e-07,0.07840442114496562
K_decreasing_d8_rho1_B8,FR--KL--STL,7020.0,1.0556071200795714e-05,7.36103163711448e-07,0.07410361982958591
K_decreasing_d8_rho1_B8,FR--KL--STL,7040.0,1.0612746147635004e-05,7.627752459193841e-07,0.07471373287935043
K_decreasing_d8_rho1_B8,FR--KL--STL,7060.0,1.0396766257958489e-05,6.880173542365693e-07,0.07340116978118694
K_decreasing_d8_rho1_B8,FR--KL--STL,7080.0,1.0892187629944298e-05,7.696507681956484e-07,0.07711668842000563
K_decreasing_d8_rho1_B8,FR--KL--STL,7100.0,1.1183378646813698e-05,7.569469858837485e-07,0.07940198839237726
K_decreasing_d8_rho1_B8,FR--KL--STL,7120.0,1.1296668053647115e-05,7.096470426245995e-07,0.08043227654196745
K_decreasing_d8_rho1_B8,FR--KL--STL,7140.0,1.1193233224500906e-05,6.808625873959571e-07,0.07991968522293647
K_decreasing_d8_rho1_B8,FR--KL--STL,7160.0,1.1514231224651895e-05,6.433556237249703e-07,0.08244189556850756
K_decreasing_d8_rho1_B8,FR--KL--STL,7180.0,1.1449141671911653e-05,6.576329598298844e-07,0.08220483720432567
K_decreasing_d8_rho1_B8,FR--KL--STL,7200.0,1.1313139671524178e-05,5.879301262281615e-07,0.08145460563497409
K_decreasing_d8_rho1_B8,FR--KL--STL,7220.0,1.1549573473275861e-05,6.214009856160549e-07,0.08338792047705172
K_decreasing_d8_rho1_B8,FR--KL--STL,7240.0,1.1960516193602425e-05,6.414133229372549e-07,0.08659413724168155
K_decreasing_d8_rho1_B8,FR--KL--STL,7260.0,1.165321955030052e-05,6.340859023359849e-07,0.08460237393518177
K_decreasing_d8_rho1_B8,FR--KL--STL,7280.0,1.2320638668702108e-05,7.623582070811254e-07,0.08969424950815134
K_decreasing_d8_rho1_B8,FR--KL--STL,7300.0,1.212758530346747e-05,7.337044999387927e-07,0.08853137271531253
K_decreasing_d8_rho1_B8,FR--KL--STL,7320.0,1.2040470655853378e-05,6.547201519967582e-07,0.08813624520084673
K_decreasing_d8_rho1_B8,FR--KL--STL,7340.0,1.1994080503215562e-05,6.127823688365122e-07,0.08803655089360223
K_decreasing_d8_rho1_B8,FR--KL--STL,7360.0,1.2454715224722671e-05,6.635820197175007e-07,0.09166670405395887
K_decreasing_d8_rho1_B8,FR--KL--STL,7380.0,1.2912316113163531e-05,7.211446487553145e-07,0.09529289291514687
K_decreasing_d8_rho1_B8,FR--KL--STL,7400.0,1.2442560948174492e-05,7.044086314625341e-07,0.09207495101649124
K_decreasing_d8_rho1_B8,FR--KL--STL,7420.0,1.251709441794091e-05,6.180877977495159e-07,0.09287684058112156
K_decreasing_d8_rho1_B8,FR--KL--STL,7440.0,1.281162960197572e-05,6.288832975179476e-07,0.09531852423869935
K_decreasing_d8_rho1_B8,FR--KL--STL,7460.0,1.2633792540099147e-05,5.935673513178385e-07,0.09424809234913964
K_decreasing_d8_rho1_B8,FR--KL--STL,7480.0,1.2173487278488437e-05,6.194753591435974e-07,0.09105768484309351
K_decreasing_d8_rho1_B8,FR--KL--STL,7500.0,1.2092771754446118e-05,6.186382142438828e-07,0.09069578815834589
K_decreasing_d8_rho1_B8,FR--KL--STL,7520.0,1.1715101347379667e-05,6.582599500861981e-07,0.0880975621322951
K_decreasing_d8_rho1_B8,FR--KL--STL,7540.0,1.1192657811687212e-05,6.940227760393702e-07,0.08439263990012158
K_decreasing_d8_rho1_B8,FR--KL--STL,7560.0,1.1016702591900203e-05,6.683173342607199e-07,0.08328627159476554
K_decreasing_d8_rho1_B8,FR--KL--STL,7580.0,1.0944137191012024e-05,6.750138950584625e-07,0.08295655990787114
K_decreasing_d8_rho1_B8,FR--KL--STL,7600.0,1.0627825979477497e-05,7.223993943208011e-07,0.08077147744402897
K_decreasing_d8_rho1_B8,FR--KL--STL,7620.0,1.0586917281566837e-05,6.983430026800658e-07,0.08067230968553929
K_decreasing_d8_rho1_B8,FR--KL--STL,7640.0,1.0499782239303812e-05,7.377536534709045e-07,0.08021833630828112
K_decreasing_d8_rho1_B8,FR--KL--STL,7660.0,1.0287500542431142e-05,6.814352828644257e-07,0.07880225415502255
K_decreasing_d8_rho1_B8,FR--KL--STL,7680.0,1.0532412487644175e-05,7.21239741291779e-07,0.08088892790510727
K_decreasing_d8_rho1_B8,FR--KL--STL,7700.0,1.0424667019245012e-05,7.540730960455196e-07,0.0802699360481866
K_decreasing_d8_rho1_B8,FR--KL--STL,7720.0,1.045646941658281e-05,7.900608351382675e-07,0.08072394389601929
K_decreasing_d8_rho1_B8,FR--KL--STL,7740.0,1.0590096007530766e-05,7.986804618319664e-07,0.08196734309828813
K_decreasing_d8_rho1_B8,FR--KL--STL,7760.0,1.0699610208260898e-05,8.19069309845607e-07,0.08302897521610457
K_decreasing_d8_rho1_B8,FR--KL--STL,7780.0,1.0684318020596588e-05,8.262196312013616e-07,0.08312399420024146
K_decreasing_d8_rho1_B8,FR--KL--STL,7800.0,1.0754646876994418e-05,8.696140669206253e-07,0.08388624564055647
K_decreasing_d8_rho1_B8,FR--KL--STL,7820.0,1.1243214939297511e-05,9.577886234116922e-07,0.08792194082530654
K_decreasing_d8_rho1_B8,FR--KL--STL,7840.0,1.131268653390786e-05,1.0646303594840398e-06,0.08869146242583761
K_decreasing_d8_rho1_B8,FR--KL--STL,7860.0,1.1462296347986011e-05,1.0435760805342005e-06,0.09009364929517005
K_decreasing_d8_rho1_B8,FR--KL--STL,7880.0,1.1507025633061829e-05,1.0707500291004285e-06,0.09067536198852721
K_decreasing_d8_rho1_B8,FR--KL--STL,7900.0,1.1225936525161017e-05,1.2250575938840268e-06,0.08868489854877204
K_decreasing_d8_rho1_B8,FR--KL--STL,7920.0,1.073510403341397e-05,9.990633806688058e-07,0.08502202394463865
K_decreasing_d8_rho1_B8,FR--KL--STL,7940.0,1.0659231888521247e-05,8.261463166584307e-07,0.08463430119485871
K_decreasing_d8_rho1_B8,FR--KL--STL,7960.0,1.1186155039529428e-05,8.022789278867479e-07,0.08904179411465425
K_decreasing_d8_rho1_B8,FR--KL--STL,7980.0,1.0863114119323096e-05,7.678511139212035e-07,0.0866876506721983
K_decreasing_d8_rho1_B8,FR--KL--STL,8000.0,1.128151782599692e-05,8.149943747710519e-07,0.09025214260797536
K_decreasing_d8_rho1_B8,FR--KL--STL,8020.0,1.133967942283931e-05,8.289748949243437e-07,0.09094422897117127
K_decreasing_d8_rho1_B8,FR--KL--STL,8040.0,1.1684923619241043e-05,8.989600630230825e-07,0.09394678589869798
K_decreasing_d8_rho1_B8,FR--KL--STL,8060.0,1.1384315557686856e-05,9.45689391536616e-07,0.09175758339495606
K_decreasing_d8_rho1_B8,FR--KL--STL,8080.0,1.1669955639318866e-05,9.915954775579181e-07,0.09429324156569643
K_decreasing_d8_rho1_B8,FR--KL--STL,8100.0,1.1483603235470004e-05,9.745788655439187e-07,0.09301718620730703
K_decreasing_d8_rho1_B8,FR--KL--STL,8120.0,1.155075796228644e-05,1.0361237281996753e-06,0.09379215465376589
K_decreasing_d8_rho1_B8,FR--KL--STL,8140.0,1.1380342935899771e-05,1.034460129762024e-06,0.09263599149822414
K_decreasing_d8_rho1_B8,FR--KL--STL,8160.0,1.1441734911580663e-05,1.0766250313034742e-06,0.0933645568784982
K_decreasing_d8_rho1_B8,FR--KL--STL,8180.0,1.1358671041516999e-05,1.123605350575854e-06,0.09291392911960905
K_decreasing_d8_rho1_B8,FR--KL--STL,8200.0,1.1452758378519927e-05,1.13758670129023e-06,0.0939126187038634
K_decreasing_d8_rho1_B8,FR--KL--STL,8220.0,1.1767403994511483e-05,1.0499508591341635e-06,0.09672806083488439
K_decreasing_d8_rho1_B8,FR--KL--STL,8240.0,1.1596539999617998e-05,8.656558628516078e-07,0.0955554895968523
K_decreasing_d8_rho1_B8,FR--KL--STL,8260.0,1.1437336464640662e-05,8.035256383075142e-07,0.09447239919793186
K_decreasing_d8_rho1_B8,FR--KL--STL,8280.0,1.0981863506653866e-05,7.495274903064429e-07,0.09092982983509401
K_decreasing_d8_rho1_B8,FR--KL--STL,8300.0,1.0852682579572578e-05,8.123608219379075e-07,0.0900772654104524
K_decreasing_d8_rho1_B8,FR--KL--STL,8320.0,1.050836074180476e-05,6.262949368820277e-07,0.08742956137181561
K_decreasing_d8_rho1_B8,FR--KL--STL,8340.0,1.1217165347687796e-05,7.179844368991788e-07,0.09355115899971622
K_decreasing_d8_rho1_B8,FR--KL--STL,8360.0,1.1121007038935223e-05,7.456005719996703e-07,0.09297161884549847
K_decreasing_d8_rho1_B8,FR--KL--STL,8380.0,1.1516591251462907e-05,7.814160948035892e-07,0.09650903468725916
K_decreasing_d8_rho1_B8,FR--KL--STL,8400.0,1.134488746383037e-05,8.213930559231752e-07,0.09529705469617511
K_decreasing_d8_rho1_B8,FR--KL--STL,8420.0,1.1116965339456424e-05,8.008584080515085e-07,0.09360484815822309
K_decreasing_d8_rho1_B8,FR--KL--STL,8440.0,1.108521418498043e-05,8.569971356150273e-07,0.09355920772123483
K_decreasing_d8_rho1_B8,FR--KL--STL,8460.0,1.0837719571169895e-05,7.458861302957541e-07,0.0916871075720973
K_decreasing_d8_rho1_B8,FR--KL--STL,8480.0,1.1099291143394178e-05,7.016720871597595e-07,0.09412198889598263
K_decreasing_d8_rho1_B8,FR--KL--STL,8500.0,1.1023323348643052e-05,6.916134437444037e-07,0.09369824846346594
K_decreasing_d8_rho1_B8,FR--KL--STL,8520.0,1.1272338301597054e-05,7.545573855956078e-07,0.09604032232960691
K_decreasing_d8_rho1_B8,FR--KL--STL,8540.0,1.1165796399303928e-05,7.043075721566042e-07,0.09535590125005555
K_decreasing_d8_rho1_B8,FR--KL--STL,8560.0,9.92347835954514e-06,6.096325296770257e-07,0.08494497475770639
K_decreasing_d8_rho1_B8,FR--KL--STL,8580.0,1.008775918596901e-05,6.424776620795732e-07,0.08655297381561411
K_decreasing_d8_rho1_B8,FR--KL--STL,8600.0,9.917902805304617e-06,6.832626035740217e-07,0.08529396412561971
K_decreasing_d8_rho1_B8,FR--KL--STL,8620.0,1.0071217090186953e-05,7.591575012273457e-07,0.08681389131741153
K_decreasing_d8_rho1_B8,FR--KL--STL,8640.0,1.0198595163490864e-05,7.6601133560485e-07,0.08811586221256107
K_decreasing_d8_rho1_B8,FR--KL--STL,8660.0,1.0067205741659536e-05,6.658028177726961e-07,0.08718200172277157
K_decreasing_d8_rho1_B8,FR--KL--STL,8680.0,1.040566275909427e-05,7.312963234089985e-07,0.09032115274893826
K_decreasing_d8_rho1_B8,FR--KL--STL,8700.0,1.0282749601545997e-05,6.986712459231456e-07,0.08945992153345017
K_decreasing_d8_rho1_B8,FR--KL--STL,8720.0,1.0445530692907805e-05,6.781580223737154e-07,0.09108502764215606
K_decreasing_d8_rho1_B8,FR--KL--STL,8740.0,1.0278662275690445e-05,6.906439363522328e-07,0.08983550828953449
K_decreasing_d8_rho1_B8,FR--KL--STL,8760.0,9.91615856289485e-06,6.674669365784852e-07,0.08686554901095889
K_decreasing_d8_rho1_B8,FR--KL--STL,8780.0,9.827927926201834e-06,6.875643018823213e-07,0.0862892071920521
K_decreasing_d8_rho1_B8,FR--KL--STL,8800.0,1.0481232911304279e-05,7.582868577782279e-07,0.09223484961947766
K_decreasing_d8_rho1_B8,FR--KL--STL,8820.0,1.0433208748583667e-05,7.113398308457352e-07,0.09202090116250794
K_decreasing_d8_rho1_B8,FR--KL--STL,8840.0,1.0640535630113136e-05,7.125563730118116e-07,0.09406233497020011
K_decreasing_d8_rho1_B8,FR--KL--STL,8860.0,1.0774582435472506e-05,6.846083873001959e-07,0.0954628003782864
K_decreasing_d8_rho1_B8,FR--KL--STL,8880.0,1.0875965679228254e-05,6.900787904367215e-07,0.0965785752315469
K_decreasing_d8_rho1_B8,FR--KL--STL,8900.0,1.0708804456408908e-05,6.539862461932839e-07,0.09530835966203928
K_decreasing_d8_rho1_B8,FR--KL--STL,8920.0,1.0598809467558349e-05,5.910453976728727e-07,0.09454138045062047
K_decreasing_d8_rho1_B8,FR--KL--STL,8940.0,1.0617943227201702e-05,6.272668498600706e-07,0.09492441245118322
K_decreasing_d8_rho1_B8,FR--KL--STL,8960.0,1.053620548671456e-05,5.518137533032992e-07,0.09440440116096246
K_decreasing_d8_rho1_B8,FR--KL--STL,8980.0,1.0471232179446825e-05,5.551232146159319e-07,0.09403166497143249
K_decreasing_d8_rho1_B8,FR--KL--STL,9000.0,1.0408112868483717e-05,5.180055304081328e-07,0.09367301581635346
K_decreasing_d8_rho1_B8,FR--KL--STL,9020.0,1.0112172253358882e-05,5.72332927991364e-07,0.09121179372529711
K_decreasing_d8_rho1_B8,FR--KL--STL,9040.0,9.98174933129666e-06,5.506120707630098e-07,0.0902350139549218
K_decreasing_d8_rho1_B8,FR--KL--STL,9060.0,1.0014077441263444e-05,5.168567510954998e-07,0.0907275416178468
K_decreasing_d8_rho1_B8,FR--KL--STL,9080.0,1.0385718572525348e-05,6.263911027095166e-07,0.09430232463853017
K_decreasing_d8_rho1_B8,FR--KL--STL,9100.0,1.0535296781218524e-05,5.995575541533697e-07,0.09587120070908857
K_decreasing_d8_rho1_B8,FR--KL--STL,9120.0,1.0460482019987912e-05,5.044579196971331e-07,0.09539959602228976
K_decreasing_d8_rho1_B8,FR--KL--STL,9140.0,1.0177437482254229e-05,5.175257163020027e-07,0.09302177858780365
K_decreasing_d8_rho1_B8,FR--KL--STL,9160.0,1.0582132946150106e-05,4.6253300838631146e-07,0.09693233778673498
K_decreasing_d8_rho1_B8,FR--KL--STL,9180.0,1.0861599253371897e-05,4.81761739958366e-07,0.09970948114595402
K_decreasing_d8_rho1_B8,FR--KL--STL,9200.0,1.046315856682393e-05,5.808594528217557e-07,0.09626105881478016
K_decreasing_d8_rho1_B8,FR--KL--STL,9220.0,1.0644223327075745e-05,6.106974469976539e-07,0.09813973907563837
K_decreasing_d8_rho1_B8,FR--KL--STL,9240.0,1.0703758420967564e-05,6.524728370869659e-07,0.0989027278097403
K_decreasing_d8_rho1_B8,FR--KL--STL,9260.0,1.0432399575736422e-05,6.393829964480829e-07,0.09660402007131927
K_decreasing_d8_rho1_B8,FR--KL--STL,9280.0,9.98500679942893e-06,6.392819648070262e-07,0.09266086309870047
K_decreasing_d8_rho1_B8,FR--KL--STL,9300.0,9.668922545102986e-06,6.683859412509243e-07,0.08992097966945778
K_decreasing_d8_rho1_B8,FR--KL--STL,9320.0,9.652861184387499e-06,6.281600420406207e-07,0.08996466623849149
K_decreasing_d8_rho1_B8,FR--KL--STL,9340.0,9.521039082382998e-06,5.850309735801026e-07,0.0889265050294572
K_decreasing_d8_rho1_B8,FR--KL--STL,9360.0,9.634982917727797e-06,6.749864422013808e-07,0.09018344010993218
K_decreasing_d8_rho1_B8,FR--KL--STL,9380.0,9.5918302616127e-06,6.942290241280434e-07,0.08997136785392712
K_decreasing_d8_rho1_B8,FR--KL--STL,9400.0,9.581492331693179e-06,6.128560546776278e-07,0.09006602791791588
K_decreasing_d8_rho1_B8,FR--KL--STL,9420.0,9.537711140072958e-06,6.056004227381983e-07,0.08984523893948726
K_decreasing_d8_rho1_B8,FR--KL--STL,9440.0,9.25814034135423e-06,5.715034188608388e-07,0.08739684482238393
K_decreasing_d8_rho1_B8,FR--KL--STL,9460.0,9.180051721221124e-06,5.444823556675738e-07,0.08684328928275183
K_decreasing_d8_rho1_B8,FR--KL--STL,9480.0,8.831128527890068e-06,5.297014249094122e-07,0.08371909844439784
K_decreasing_d8_rho1_B8,FR--KL--STL,9500.0,8.810518259938505e-06,5.39096314217289e-07,0.0836999234694158
K_decreasing_d8_rho1_B8,FR--KL--STL,9520.0,8.686745156231504e-06,4.5140793564886336e-07,0.08269781388732392
K_decreasing_d8_rho1_B8,FR--KL--STL,9540.0,8.650158302388652e-06,4.827065332299951e-07,0.08252251020478774
K_decreasing_d8_rho1_B8,FR--KL--STL,9560.0,8.500955047541226e-06,4.479446062938365e-07,0.08126913025449412
K_decreasing_d8_rho1_B8,FR--KL--STL,9580.0,8.610068413528183e-06,4.577403707640971e-07,0.08248445540159999
K_decreasing_d8_rho1_B8,FR--KL--STL,9600.0,8.643918448954697e-06,4.928630021722419e-07,0.08298161710996509
K_decreasing_d8_rho1_B8,FR--KL--STL,9620.0,8.998484283987789e-06,5.564592160826557e-07,0.08656541881196253
K_decreasing_d8_rho1_B8,FR--KL--STL,9640.0,8.921654331158399e-06,5.502254476407027e-07,0.08600474775236697
K_decreasing_d8_rho1_B8,FR--KL--STL,9660.0,9.207294365598528e-06,5.357027532267692e-07,0.08894246357168178
K_decreasing_d8_rho1_B8,FR--KL--STL,9680.0,9.147314178440761e-06,5.893665055641713e-07,0.08854600124730656
K_decreasing_d8_rho1_B8,FR--KL--STL,9700.0,9.179279799613008e-06,5.500792049832827e-07,0.08903901405624619
K_decreasing_d8_rho1_B8,FR--KL--STL,9720.0,9.035417669434053e-06,5.849814653500203e-07,0.087824259746899
K_decreasing_d8_rho1_B8,FR--KL--STL,9740.0,9.09959817085119e-06,6.772444147901918e-07,0.08863008618409059
K_decreasing_d8_rho1_B8,FR--KL--STL,9760.0,8.990533826125357e-06,6.8836803185299e-07,0.08774761014298349
K_decreasing_d8_rho1_B8,FR--KL--STL,9780.0,8.88059404372162e-06,7.029413393199371e-07,0.08685220974759744
K_decreasing_d8_rho1_B8,FR--KL--STL,9800.0,8.861458933336526e-06,7.148626288662734e-07,0.08684229754669795
K_decreasing_d8_rho1_B8,FR--KL--STL,9820.0,8.684625765405703e-06,7.091188612467013e-07,0.085283025016284
K_decreasing_d8_rho1_B8,FR--KL--STL,9840.0,8.432758080149464e-06,6.369252389118643e-07,0.08297833950867073
K_decreasing_d8_rho1_B8,FR--KL--STL,9860.0,8.702210420915198e-06,6.438170109922907e-07,0.08580379475022386
K_decreasing_d8_rho1_B8,FR--KL--STL,9880.0,8.66177800628402e-06,5.828924299218316e-07,0.08557836670208611
K_decreasing_d8_rho1_B8,FR--KL--STL,9900.0,8.850108959546077e-06,6.306618666740503e-07,0.08761607869950616
K_decreasing_d8_rho1_B8,FR--KL--STL,9920.0,8.93788006660993e-06,5.72121775933336e-07,0.0886637702607705
K_decreasing_d8_rho1_B8,FR--KL--STL,9940.0,9.106448424904082e-06,6.16393841384664e-07,0.09051809734354659
K_decreasing_d8_rho1_B8,FR--KL--STL,9960.0,9.023235559268983e-06,6.638455755795595e-07,0.08987142617031907
K_decreasing_d8_rho1_B8,FR--KL--STL,9980.0,9.174053818779744e-06,6.576540256752919e-07,0.09155705711142184
K_decreasing_d8_rho1_B8,FR--KL--STL,10000.0,9.182648488644436e-06,7.185414176468816e-07,0.09182648488644436
K_decreasing_d8_rho1_B8,FR--KL--STL,10020.0,9.422271926862181e-06,7.447533968757469e-07,0.09441116470715905
K_decreasing_d8_rho1_B8,FR--KL--STL,10040.0,9.354006867538326e-06,7.864309246357828e-07,0.09391422895008479
K_decreasing_d8_rho1_B8,FR--KL--STL,10060.0,8.953553003217726e-06,7.421418832165283e-07,0.09007274321237031
K_decreasing_d8_rho1_B8,FR--KL--STL,10080.0,9.046729199072938e-06,7.611134877658156e-07,0.09119103032665521
K_decreasing_d8_rho1_B8,FR--KL--STL,10100.0,8.98381444522182e-06,7.020432550993531e-07,0.09073652589674039
K_decreasing_d8_rho1_B8,FR--KL--STL,10120.0,9.019046733804714e-06,7.453152264031906e-07,0.09127275294610371
K_decreasing_d8_rho1_B8,FR--KL--STL,10140.0,9.160933893041327e-06,6.928003218906419e-07,0.09289186967543905
K_decreasing_d8_rho1_B8,FR--KL--STL,10160.0,9.140941695751082e-06,6.78065027354155e-07,0.09287196762883099
K_decreasing_d8_rho1_B8,FR--KL--STL,10180.0,9.195672466895862e-06,6.325006581602739e-07,0.09361194571299988
K_decreasing_d8_rho1_B8,FR--KL--STL,10200.0,9.094926997240311e-06,5.822721021705775e-07,0.09276825537185117
K_decreasing_d8_rho1_B8,FR--KL--STL,10220.0,9.223202308502227e-06,6.190654356972158e-07,0.09426112759289276
K_decreasing_d8_rho1_B8,FR--KL--STL,10240.0,1.0014943990673449e-05,6.963231343002469e-07,0.10255302646449611
K_decreasing_d8_rho1_B8,FR--KL--STL,10260.0,9.969916007020647e-06,7.386052701326686e-07,0.10229133823203185
K_decreasing_d8_rho1_B8,FR--KL--STL,10280.0,9.952240295370747e-06,7.359555688302856e-07,0.10230903023641127
K_decreasing_d8_rho1_B8,FR--KL--STL,10300.0,9.969663476579645e-06,7.23447804701806e-07,0.10268753380877034
K_decreasing_d8_rho1_B8,FR--KL--STL,10320.0,9.626871694597601e-06,6.939471869044103e-07,0.09934931588824725
K_decreasing_d8_rho1_B8,FR--KL--STL,10340.0,9.265846378229508e-06,6.793358681702054e-07,0.09580885155089311
K_decreasing_d8_rho1_B8,FR--KL--STL,10360.0,9.34537392701292e-06,7.045291578571174e-07,0.09681807388385386
K_decreasing_d8_rho1_B8,FR--KL--STL,10380.0,9.722821949775806e-06,7.288884784492433e-07,0.10092289183867287
K_decreasing_d8_rho1_B8,FR--KL--STL,10400.0,9.65289169035562e-06,7.845121117647951e-07,0.10039007357969845
K_decreasing_d8_rho1_B8,FR--KL--STL,10420.0,9.593947698179524e-06,7.493247790830873e-07,0.09996893501503064
K_decreasing_d8_rho1_B8,FR--KL--STL,10440.0,9.363608226150195e-06,6.814872543181865e-07,0.09775606988100805
K_decreasing_d8_rho1_B8,FR--KL--STL,10460.0,9.053079079871887e-06,6.965815045840457e-07,0.09469520717545994
K_decreasing_d8_rho1_B8,FR--KL--STL,10480.0,9.134257996556982e-06,6.935700545890856e-07,0.09572702380391718
K_decreasing_d8_rho1_B8,FR--KL--STL,10500.0,9.03360343335417e-06,6.523949793569026e-07,0.09485283605021878
K_decreasing_d8_rho1_B8,FR--KL--STL,10520.0,9.060052687577997e-06,6.388290209937649e-07,0.09531175427332053
K_decreasing_d8_rho1_B8,FR--KL--STL,10540.0,8.878346139399677e-06,6.163972295816826e-07,0.09357776830927259
K_decreasing_d8_rho1_B8,FR--KL--STL,10560.0,8.702619076631871e-06,5.46667853456041e-07,0.09189965744923256
K_decreasing_d8_rho1_B8,FR--KL--STL,10580.0,8.618170787411118e-06,5.320548010953963e-07,0.09118024693080963
K_decreasing_d8_rho1_B8,FR--KL--STL,10600.0,8.440797370449598e-06,5.204535790809077e-07,0.08947245212676573
K_decreasing_d8_rho1_B8,FR--KL--STL,10620.0,8.06533427487229e-06,4.7679364307230935e-07,0.08565384999914372
K_decreasing_d8_rho1_B8,FR--KL--STL,10640.0,8.037720728578297e-06,5.210790573484448e-07,0.08552134855207308
K_decreasing_d8_rho1_B8,FR--KL--STL,10660.0,7.965045944935411e-06,5.662843307969886e-07,0.08490738977301149
K_decreasing_d8_rho1_B8,FR--KL--STL,10680.0,7.914569810966536e-06,5.740272197895184e-07,0.0845276055811226
K_decreasing_d8_rho1_B8,FR--KL--STL,10700.0,7.949453534609556e-06,5.945185400629406e-07,0.08505915282032225
K_decreasing_d8_rho1_B8,FR--KL--STL,10720.0,7.979807348590384e-06,5.41358692566186e-07,0.08554353477688892
K_decreasing_d8_rho1_B8,FR--KL--STL,10740.0,7.90607588534442e-06,5.335761551060452e-07,0.08491125500859907
K_decreasing_d8_rho1_B8,FR--KL--STL,10760.0,7.799493105853372e-06,5.093912027244539e-07,0.08392254581898227
K_decreasing_d8_rho1_B8,FR--KL--STL,10780.0,8.082251996466283e-06,5.525949620288896e-07,0.08712667652190653
K_decreasing_d8_rho1_B8,FR--KL--STL,10800.0,8.29280279021442e-06,5.486839196529404e-07,0.08956227013431572
K_decreasing_d8_rho1_B8,FR--KL--STL,10820.0,8.14235335277284e-06,5.227654597461051e-07,0.08810026327700211
K_decreasing_d8_rho1_B8,FR--KL--STL,10840.0,8.093866233120177e-06,4.828523905478098e-07,0.08773750996702272
K_decreasing_d8_rho1_B8,FR--KL--STL,10860.0,8.157853950082246e-06,4.729453829278891e-07,0.08859429389789318
K_decreasing_d8_rho1_B8,FR--KL--STL,10880.0,8.238423623267248e-06,5.013231929004185e-07,0.08963404902114766
K_decreasing_d8_rho1_B8,FR--KL--STL,10900.0,8.381895725939614e-06,5.330739701764801e-07,0.0913626634127418
K_decreasing_d8_rho1_B8,FR--KL--STL,10920.0,8.237391099008562e-06,5.423766080109878e-07,0.0899523108011735
K_decreasing_d8_rho1_B8,FR--KL--STL,10940.0,8.408658514991175e-06,5.354703691179486e-07,0.09199072415400346
K_decreasing_d8_rho1_B8,FR--KL--STL,10960.0,8.239402281488376e-06,5.215014363934849e-07,0.0903038490051126
K_decreasing_d8_rho1_B8,FR--KL--STL,10980.0,8.245950661933677e-06,5.316657311945418e-07,0.09054053826803177
K_decreasing_d8_rho1_B8,FR--KL--STL,11000.0,8.275422141827231e-06,5.168758993652744e-07,0.09102964356009954
K_decreasing_d8_rho1_B8,FR--KL--STL,11020.0,8.482400374780023e-06,5.350800463388194e-07,0.09347605213007584
K_decreasing_d8_rho1_B8,FR--KL--STL,11040.0,8.276191893082558e-06,4.939027762957602e-07,0.09136915849963144
K_decreasing_d8_rho1_B8,FR--KL--STL,11060.0,8.18022760959991e-06,5.113716705369144e-07,0.09047331736217501
K_decreasing_d8_rho1_B8,FR--KL--STL,11080.0,8.359350298015044e-06,5.356398828695145e-07,0.09262160130200668
K_decreasing_d8_rho1_B8,FR--KL--STL,11100.0,8.021684539697797e-06,4.700675202312687e-07,0.08904069839064555
K_decreasing_d8_rho1_B8,FR--KL--STL,11120.0,7.990968964577404e-06,5.019165917700062e-07,0.08885957488610073
K_decreasing_d8_rho1_B8,FR--KL--STL,11140.0,7.939861724803875e-06,4.6883245345631597e-07,0.08845005961431517
K_decreasing_d8_rho1_B8,FR--KL--STL,11160.0,7.689374001529359e-06,4.864831764346794e-07,0.08581341385706764
K_decreasing_d8_rho1_B8,FR--KL--STL,11180.0,7.643784188715586e-06,4.380547885202644e-07,0.08545750722984025
K_decreasing_d8_rho1_B8,FR--KL--STL,11200.0,7.778582794593091e-06,4.6898127904847034e-07,0.08712012729944262
K_decreasing_d8_rho1_B8,FR--KL--STL,11220.0,7.4756049873059284e-06,4.2433226677074773e-07,0.08387628795757252
K_decreasing_d8_rho1_B8,FR--KL--STL,11240.0,7.612714118139981e-06,4.323644138371038e-07,0.0855669066878934
K_decreasing_d8_rho1_B8,FR--KL--STL,11260.0,7.524311012563345e-06,4.1199951065301344e-07,0.08472374200146326
K_decreasing_d8_rho1_B8,FR--KL--STL,11280.0,7.732936457956659e-06,4.256545720168278e-07,0.08722752324575112
K_decreasing_d8_rho1_B8,FR--KL--STL,11300.0,7.588170109773529e-06,4.6689178996811265e-07,0.08574632224044088
K_decreasing_d8_rho1_B8,FR--KL--STL,11320.0,7.253182123564036e-06,3.967694595551599e-07,0.08210602163874489
K_decreasing_d8_rho1_B8,FR--KL--STL,11340.0,7.109643820069067e-06,3.6966474935530624e-07,0.08062336091958322
K_decreasing_d8_rho1_B8,FR--KL--STL,11360.0,7.325433263775475e-06,4.2692853423335827e-07,0.0832169218764894
K_decreasing_d8_rho1_B8,FR--KL--STL,11380.0,7.4944097739226835e-06,4.104961809893351e-07,0.08528638322724014
K_decreasing_d8_rho1_B8,FR--KL--STL,11400.0,7.366783204343363e-06,4.2113944900534884e-07,0.08398132852951434
K_decreasing_d8_rho1_B8,FR--KL--STL,11420.0,7.463653458561481e-06,4.100247718618958e-07,0.08523492249677211
K_decreasing_d8_rho1_B8,FR--KL--STL,11440.0,7.423387241208464e-06,4.33088824846973e-07,0.08492355003942482
K_decreasing_d8_rho1_B8,FR--KL--STL,11460.0,7.437065691876891e-06,4.2653797876725454e-07,0.08522877282890917
K_decreasing_d8_rho1_B8,FR--KL--STL,11480.0,7.40992410239727e-06,4.322245652877943e-07,0.08506592869552065
K_decreasing_d8_rho1_B8,FR--KL--STL,11500.0,7.224541560931404e-06,4.0764203454233866e-07,0.08308222795071114
K_decreasing_d8_rho1_B8,FR--KL--STL,11520.0,7.397725732172233e-06,4.3522524060135073e-07,0.08522180043462413
K_decreasing_d8_rho1_B8,FR--KL--STL,11540.0,7.423799908234941e-06,4.4352016163267304e-07,0.08567065094103121
K_decreasing_d8_rho1_B8,FR--KL--STL,11560.0,7.60641848819669e-06,4.7024417367390296e-07,0.08793019772355373
K_decreasing_d8_rho1_B8,FR--KL--STL,11580.0,7.5151039043023594e-06,4.859258970390353e-07,0.08702490321182133
K_decreasing_d8_rho1_B8,FR--KL--STL,11600.0,7.291596057701355e-06,4.6607933794902316e-07,0.08458251426933572
K_decreasing_d8_rho1_B8,FR--KL--STL,11620.0,7.196495501856267e-06,4.2224244710890454e-07,0.08362327773156981
K_decreasing_d8_rho1_B8,FR--KL--STL,11640.0,7.268435069255711e-06,4.004117110332961e-07,0.08460458420613648
K_decreasing_d8_rho1_B8,FR--KL--STL,11660.0,7.265288656910229e-06,3.871125533346493e-07,0.08471326573957327
K_decreasing_d8_rho1_B8,FR--KL--STL,11680.0,7.607737685570252e-06,4.046414394787763e-07,0.08885837616746053
K_decreasing_d8_rho1_B8,FR--KL--STL,11700.0,7.664872071385294e-06,3.9726539852156873e-07,0.08967900323520794
K_decreasing_d8_rho1_B8,FR--KL--STL,11720.0,7.613875050704877e-06,4.385153972403746e-07,0.08923461559426116
K_decreasing_d8_rho1_B8,FR--KL--STL,11740.0,7.682489603588749e-06,4.565539804937271e-07,0.09019242794613191
K_decreasing_d8_rho1_B8,FR--KL--STL,11760.0,7.5532981222240876e-06,4.4101983627605386e-07,0.08882678591735527
K_decreasing_d8_rho1_B8,FR--KL--STL,11780.0,7.505609129232482e-06,4.6567360149691315e-07,0.08841607554235864
K_decreasing_d8_rho1_B8,FR--KL--STL,11800.0,7.604678706041312e-06,4.807538801503089e-07,0.08973520873128749
K_decreasing_d8_rho1_B8,FR--KL--STL,11820.0,7.323578919008848e-06,4.7175906472430484e-07,0.08656470282268458
K_decreasing_d8_rho1_B8,FR--KL--STL,11840.0,7.034240134373704e-06,4.5580030059519033e-07,0.08328540319098465
K_decreasing_d8_rho1_B8,FR--KL--STL,11860.0,6.912617677912181e-06,4.5902832710334836e-07,0.08198364566003846
K_decreasing_d8_rho1_B8,FR--KL--STL,11880.0,6.752840011288915e-06,4.0166366458180773e-07,0.08022373933411231
K_decreasing_d8_rho1_B8,FR--KL--STL,11900.0,6.5189085950360475e-06,4.04294237355611e-07,0.07757501228092896
K_decreasing_d8_rho1_B8,FR--KL--STL,11920.0,6.653568999019181e-06,3.7426386742519684e-07,0.07931054246830864
K_decreasing_d8_rho1_B8,FR--KL--STL,11940.0,6.788933403327017e-06,3.8006898499891396e-07,0.08105986483572458
K_decreasing_d8_rho1_B8,FR--KL--STL,11960.0,6.92468962633086e-06,3.971006339568456e-07,0.08281928793091708
K_decreasing_d8_rho1_B8,FR--KL--STL,11980.0,6.676547311042688e-06,3.8525178001402436e-07,0.0799850367862914
K_decreasing_d8_rho1_B8,FR--KL--STL,12000.0,6.503149034446191e-06,3.873049126848339e-07,0.07803778841335429
K_decreasing_d8_rho1_B8,FR--KL--STL,12020.0,6.3593481159548064e-06,4.2289315319230607e-07,0.07643936435377677
K_decreasing_d8_rho1_B8,FR--KL--STL,12040.0,6.190327087759092e-06,3.6834825671139286e-07,0.07453153813661946
K_decreasing_d8_rho1_B8,FR--KL--STL,12060.0,6.213567111856832e-06,3.716347882607706e-07,0.0749356193689934
K_decreasing_d8_rho1_B8,FR--KL--STL,12080.0,6.276637936923161e-06,3.3777196543529443e-07,0.07582178627803178
K_decreasing_d8_rho1_B8,FR--KL--STL,12100.0,6.600321756404052e-06,3.386726759042465e-07,0.07986389325248903
K_decreasing_d8_rho1_B8,FR--KL--STL,12120.0,6.780761627093549e-06,3.3630075654904845e-07,0.08218283092037382
K_decreasing_d8_rho1_B8,FR--KL--STL,12140.0,6.8926087936738155e-06,3.361579754130133e-07,0.08367627075520012
K_decreasing_d8_rho1_B8,FR--KL--STL,12160.0,7.017157737365665e-06,3.6893522197797873e-07,0.08532863808636648
K_decreasing_d8_rho1_B8,FR--KL--STL,12180.0,7.153310138363622e-06,3.7303461020214975e-07,0.08712731748526892
K_decreasing_d8_rho1_B8,FR--KL--STL,12200.0,7.124372922895361e-06,3.7350433019256684e-07,0.0869173496593234
K_decreasing_d8_rho1_B8,FR--KL--STL,12220.0,7.0361600547445375e-06,3.7218830950972633e-07,0.08598187586897825
K_decreasing_d8_rho1_B8,FR--KL--STL,12240.0,7.113444230573881e-06,3.8983338128282766e-07,0.0870685573822243
K_decreasing_d8_rho1_B8,FR--KL--STL,12260.0,7.27538157890469e-06,4.304354281503776e-07,0.0891961781573715
K_decreasing_d8_rho1_B8,FR--KL--STL,12280.0,7.183301494428917e-06,4.3718181719898575e-07,0.08821094235158711
K_decreasing_d8_rho1_B8,FR--KL--STL,12300.0,6.9375666933879644e-06,4.204407818428939e-07,0.08533207032867196
K_decreasing_d8_rho1_B8,FR--KL--STL,12320.0,6.847032448279815e-06,4.472656589182751e-07,0.08435543976280732
K_decreasing_d8_rho1_B8,FR--KL--STL,12340.0,6.831051675219394e-06,4.718046601624922e-07,0.08429517767220732
K_decreasing_d8_rho1_B8,FR--KL--STL,12360.0,7.048452251634529e-06,5.079999258720641e-07,0.08711886983020278
K_decreasing_d8_rho1_B8,FR--KL--STL,12380.0,7.288523228599076e-06,5.199273317348824e-07,0.09023191757005655
K_decreasing_d8_rho1_B8,FR--KL--STL,12400.0,7.134739366391566e-06,4.951894974145189e-07,0.08847076814325541
K_decreasing_d8_rho1_B8,FR--KL--STL,12420.0,7.196995475548343e-06,5.137834746540686e-07,0.08938668380631043
K_decreasing_d8_rho1_B8,FR--KL--STL,12440.0,7.139696993530009e-06,5.2522643959156e-07,0.08881783059951331
K_decreasing_d8_rho1_B8,FR--KL--STL,12460.0,7.020814799011769e-06,5.18260644347899e-07,0.08747935239568665
K_decreasing_d8_rho1_B8,FR--KL--STL,12480.0,6.738030416523581e-06,5.080941100180493e-07,0.08409061959821429
K_decreasing_d8_rho1_B8,FR--KL--STL,12500.0,6.5671947476234985e-06,4.774421993629954e-07,0.08208993434529373
K_decreasing_d8_rho1_B8,FR--KL--STL,12520.0,6.262461282998307e-06,4.5400114220482837e-07,0.0784060152631388
K_decreasing_d8_rho1_B8,FR--KL--STL,12540.0,6.062068114391176e-06,4.2858374389119244e-07,0.07601833415446535
K_decreasing_d8_rho1_B8,FR--KL--STL,12560.0,6.173585091170016e-06,4.0653367256251284e-07,0.0775402287450954
K_decreasing_d8_rho1_B8,FR--KL--STL,12580.0,6.312412025473909e-06,4.0992027313921864e-07,0.07941014328046177
K_decreasing_d8_rho1_B8,FR--KL--STL,12600.0,6.23525319941957e-06,4.1511343076563797e-07,0.07856419031268658
K_decreasing_d8_rho1_B8,FR--KL--STL,12620.0,6.164661075835909e-06,4.339333924408535e-07,0.07779802277704917
K_decreasing_d8_rho1_B8,FR--KL--STL,12640.0,6.215475350135335e-06,4.1372400482402594e-07,0.07856360842571064
K_decreasing_d8_rho1_B8,FR--KL--STL,12660.0,6.503122156183612e-06,4.4407968367561286e-07,0.08232952649728453
K_decreasing_d8_rho1_B8,FR--KL--STL,12680.0,6.645826083850892e-06,4.4145279994759997e-07,0.08426907474322931
K_decreasing_d8_rho1_B8,FR--KL--STL,12700.0,6.5651655534774514e-06,3.847308957803503e-07,0.08337760252916364
K_decreasing_d8_rho1_B8,FR--KL--STL,12720.0,6.772587637312218e-06,3.5218664915961775e-07,0.08614731474661141
K_decreasing_d8_rho1_B8,FR--KL--STL,12740.0,6.717396000540295e-06,4.031618640918903e-07,0.08557962504688336
K_decreasing_d8_rho1_B8,FR--KL--STL,12760.0,6.812944983399423e-06,3.9479542096677527e-07,0.08693317798817664
K_decreasing_d8_rho1_B8,FR--KL--STL,12780.0,6.809328361849035e-06,3.9299561785259734e-07,0.08702321646443067
K_decreasing_d8_rho1_B8,FR--KL--STL,12800.0,6.9451767281828815e-06,3.648436973207421e-07,0.08889826212074088
K_decreasing_d8_rho1_B8,FR--KL--STL,12820.0,7.0624221119845265e-06,3.752642889427468e-07,0.09054025147564163
K_decreasing_d8_rho1_B8,FR--KL--STL,12840.0,6.968853958640627e-06,3.6437293155682195e-07,0.08948008482894565
K_decreasing_d8_rho1_B8,FR--KL--STL,12860.0,7.030824802889413e-06,3.751963427398206e-07,0.09041640696515785
K_decreasing_d8_rho1_B8,FR--KL--STL,12880.0,6.988809945281578e-06,3.6837890141315806e-07,0.09001587209522673
K_decreasing_d8_rho1_B8,FR--KL--STL,12900.0,6.886794424065812e-06,3.560067261476715e-07,0.08883964807044897
K_decreasing_d8_rho1_B8,FR--KL--STL,12920.0,6.936843301907913e-06,3.428350376796736e-07,0.08962401546065024
K_decreasing_d8_rho1_B8,FR--KL--STL,12940.0,6.956157103843452e-06,3.743520398023208e-07,0.09001267292373427
K_decreasing_d8_rho1_B8,FR--KL--STL,12960.0,7.028489106926846e-06,3.7605356627851243e-07,0.09108921882577192
K_decreasing_d8_rho1_B8,FR--KL--STL,12980.0,7.176551599237987e-06,3.545863459114455e-07,0.09315163975810907
K_decreasing_d8_rho1_B8,FR--KL--STL,13000.0,7.088208000964139e-06,3.597318293387788e-07,0.0921467040125338
K_decreasing_d8_rho1_B8,FR--KL--STL,13020.0,7.218117579110838e-06,3.628470021508647e-07,0.09397989088002312
K_decreasing_d8_rho1_B8,FR--KL--STL,13040.0,7.015065258790069e-06,3.5759434648805695e-07,0.0914764509746225
K_decreasing_d8_rho1_B8,FR--KL--STL,13060.0,7.039406421505134e-06,3.652925911953675e-07,0.09193464786485706
K_decreasing_d8_rho1_B8,FR--KL--STL,13080.0,7.168698798694824e-06,3.789100509788465e-07,0.0937665802869283
K_decreasing_d8_rho1_B8,FR--KL--STL,13100.0,7.0719580921678e-06,3.989305679048411e-07,0.09264265100739819
K_decreasing_d8_rho1_B8,FR--KL--STL,13120.0,7.151139792179369e-06,3.5220917928940817e-07,0.09382295407339332
K_decreasing_d8_rho1_B8,FR--KL--STL,13140.0,7.351055457268293e-06,3.6977564339582103e-07,0.09659286870850536
K_decreasing_d8_rho1_B8,FR--KL--STL,13160.0,7.348795811346065e-06,3.8541543350917466e-07,0.09671015287731421
K_decreasing_d8_rho1_B8,FR--KL--STL,13180.0,7.173576382631571e-06,3.8367126703111987e-07,0.0945477367230841
K_decreasing_d8_rho1_B8,FR--KL--STL,13200.0,7.148330258062903e-06,3.935888806031196e-07,0.09435795940643033
K_decreasing_d8_rho1_B8,FR--KL--STL,13220.0,7.087415979463904e-06,3.947213204620484e-07,0.0936956392485128
K_decreasing_d8_rho1_B8,FR--KL--STL,13240.0,7.342448462270094e-06,4.451290856532851e-07,0.09721401764045605
K_decreasing_d8_rho1_B8,FR--KL--STL,13260.0,6.950373737909151e-06,4.1923036141683054e-07,0.09216195576467534
K_decreasing_d8_rho1_B8,FR--KL--STL,13280.0,7.03480809066311e-06,4.5411846704393374e-07,0.09342225144400611
K_decreasing_d8_rho1_B8,FR--KL--STL,13300.0,6.982730249246079e-06,3.888118736615341e-07,0.09287031231497285
K_decreasing_d8_rho1_B8,FR--KL--STL,13320.0,6.914044123629281e-06,3.914724888511883e-07,0.09209506772674203
K_decreasing_d8_rho1_B8,FR--KL--STL,13340.0,6.910472870143754e-06,4.248813851391982e-07,0.09218570808771769
K_decreasing_d8_rho1_B8,FR--KL--STL,13360.0,6.657758939561849e-06,4.033242135676142e-07,0.0889476594325463
K_decreasing_d8_rho1_B8,FR--KL--STL,13380.0,6.6049425890983095e-06,4.231873334681142e-07,0.08837413184213538
K_decreasing_d8_rho1_B8,FR--KL--STL,13400.0,6.674263856284076e-06,4.579867557536823e-07,0.08943513567420662
K_decreasing_d8_rho1_B8,FR--KL--STL,13420.0,6.737895277098005e-06,4.438801636206584e-07,0.09042255461865523
K_decreasing_d8_rho1_B8,FR--KL--STL,13440.0,6.6177924012459735e-06,4.606344572809728e-07,0.08894312987274589
K_decreasing_d8_rho1_B8,FR--KL--STL,13460.0,6.8118849624987375e-06,4.6192256570523104e-07,0.09168797159523301
K_decreasing_d8_rho1_B8,FR--KL--STL,13480.0,6.777523963682104e-06,4.6139727054165887e-07,0.09136102303043477
K_decreasing_d8_rho1_B8,FR--KL--STL,13500.0,6.774414452218973e-06,4.4885864508902646e-07,0.09145459510495613
K_decreasing_d8_rho1_B8,FR--KL--STL,13520.0,6.890092533229364e-06,5.012128326399576e-07,0.093154051049261
K_decreasing_d8_rho1_B8,FR--KL--STL,13540.0,7.123839031445793e-06,5.0909585686998e-07,0.09645678048577604
K_decreasing_d8_rho1_B8,FR--KL--STL,13560.0,7.025485968773874e-06,5.669149026005994e-07,0.09526558973657373
K_decreasing_d8_rho1_B8,FR--KL--STL,13580.0,7.0060390172284786e-06,6.190036680898603e-07,0.09514200985396273
K_decreasing_d8_rho1_B8,FR--KL--STL,13600.0,7.096054923483308e-06,6.120924231230637e-07,0.09650634695937299
K_decreasing_d8_rho1_B8,FR--KL--STL,13620.0,7.1505339681957975e-06,6.166323065364152e-07,0.09739027264682676
K_decreasing_d8_rho1_B8,FR--KL--STL,13640.0,7.206119298608371e-06,5.837021898161329e-07,0.09829146723301818
K_decreasing_d8_rho1_B8,FR--KL--STL,13660.0,7.467244567127551e-06,5.8687381547156e-07,0.10200256078696235
K_decreasing_d8_rho1_B8,FR--KL--STL,13680.0,7.451829044343346e-06,5.934245553862347e-07,0.10194102132661698
K_decreasing_d8_rho1_B8,FR--KL--STL,13700.0,7.680714784837524e-06,6.020434659713228e-07,0.10522579255227409
K_decreasing_d8_rho1_B8,FR--KL--STL,13720.0,7.232874943152723e-06,5.545740951849897e-07,0.09923504422005536
K_decreasing_d8_rho1_B8,FR--KL--STL,13740.0,7.263010516626404e-06,5.610494089771754e-07,0.09979376449844679
K_decreasing_d8_rho1_B8,FR--KL--STL,13760.0,7.357963647673197e-06,5.630899707106042e-07,0.10124557979198319
K_decreasing_d8_rho1_B8,FR--KL--STL,13780.0,7.420976894856324e-06,5.390482468862817e-07,0.10226106161112014
K_decreasing_d8_rho1_B8,FR--KL--STL,13800.0,7.5495030053810785e-06,5.61604515482434e-07,0.10418314147425889
K_decreasing_d8_rho1_B8,FR--KL--STL,13820.0,7.54705731124498e-06,5.065712474141284e-07,0.10430033204140562
K_decreasing_d8_rho1_B8,FR--KL--STL,13840.0,7.419023861388041e-06,4.534601754794866e-07,0.10267929024161049
K_decreasing_d8_rho1_B8,FR--KL--STL,13860.0,7.3864496598889195e-06,4.4515770857982147e-07,0.10237619228606043
K_decreasing_d8_rho1_B8,FR--KL--STL,13880.0,7.348782016277274e-06,4.2769646674605645e-07,0.10200109438592857
K_decreasing_d8_rho1_B8,FR--KL--STL,13900.0,7.300964852063885e-06,4.302160177781305e-07,0.101483411443688
K_decreasing_d8_rho1_B8,FR--KL--STL,13920.0,6.997113705953239e-06,4.5162270183258386e-07,0.0973998227868691
K_decreasing_d8_rho1_B8,FR--KL--STL,13940.0,7.018921702102906e-06,4.5596986990592326e-07,0.09784376852731451
K_decreasing_d8_rho1_B8,FR--KL--STL,13960.0,6.851044663166069e-06,4.610049779504393e-07,0.09564058349779833
K_decreasing_d8_rho1_B8,FR--KL--STL,13980.0,6.962579449876216e-06,4.5508769764260117e-07,0.0973368607092695
K_decreasing_d8_rho1_B8,FR--KL--STL,14000.0,7.005862387465811e-06,5.04579066230453e-07,0.09808207342452135
K_decreasing_d8_rho1_B8,FR--KL--STL,14020.0,6.8832560488137535e-06,4.956657685558656e-07,0.09650324980436882
K_decreasing_d8_rho1_B8,FR--KL--STL,14040.0,6.761463303946632e-06,4.7233988336565677e-07,0.09493094478741071
K_decreasing_d8_rho1_B8,FR--KL--STL,14060.0,6.724059112439562e-06,4.965076906696304e-07,0.09454027112090024
K_decreasing_d8_rho1_B8,FR--KL--STL,14080.0,6.7509748944575655e-06,4.955113844933217e-07,0.09505372651396252
K_decreasing_d8_rho1_B8,FR--KL--STL,14100.0,6.524198319783162e-06,4.790304503200295e-07,0.09199119630894259
K_decreasing_d8_rho1_B8,FR--KL--STL,14120.0,6.571158385308233e-06,4.6711193921409716e-07,0.09278475640055224
K_decreasing_d8_rho1_B8,FR--KL--STL,14140.0,6.6351648446409206e-06,4.734026041776833e-07,0.09382123090322261
K_decreasing_d8_rho1_B8,FR--KL--STL,14160.0,6.5360707833583834e-06,4.788390172841403e-07,0.0925507622923547
K_decreasing_d8_rho1_B8,FR--KL--STL,14180.0,6.489826041455871e-06,4.2634948136629217e-07,0.09202573326784425
K_decreasing_d8_rho1_B8,FR--KL--STL,14200.0,6.451612290447884e-06,4.398744114874538e-07,0.09161289452435994
K_decreasing_d8_rho1_B8,FR--KL--STL,14220.0,6.2887670743509245e-06,4.199518526064832e-07,0.08942626779727014
K_decreasing_d8_rho1_B8,FR--KL--STL,14240.0,6.0299116748948245e-06,3.804989402605743e-07,0.0858659422505023
K_decreasing_d8_rho1_B8,FR--KL--STL,14260.0,6.005064848935149e-06,3.5359769737971576e-07,0.08563222474581522
K_decreasing_d8_rho1_B8,FR--KL--STL,14280.0,5.978812419371593e-06,3.4859195177755423e-07,0.08537744134862635
K_decreasing_d8_rho1_B8,FR--KL--STL,14300.0,6.026713044467631e-06,3.5753227691348363e-07,0.08618199653588712
K_decreasing_d8_rho1_B8,FR--KL--STL,14320.0,6.165294651901595e-06,3.748556478227206e-07,0.08828701941523084
K_decreasing_d8_rho1_B8,FR--KL--STL,14340.0,6.10751154672684e-06,4.081227961263561e-07,0.08758171558006289
K_decreasing_d8_rho1_B8,FR--KL--STL,14360.0,6.140235127075992e-06,4.0227011493575563e-07,0.08817377642481124
K_decreasing_d8_rho1_B8,FR--KL--STL,14380.0,6.322413332160437e-06,4.349340165834648e-07,0.09091630371646708
K_decreasing_d8_rho1_B8,FR--KL--STL,14400.0,6.275166853786374e-06,4.499205683945017e-07,0.09036240269452378
K_decreasing_d8_rho1_B8,FR--KL--STL,14420.0,6.3943999808617015e-06,4.534603228004337e-07,0.09220724772402573
K_decreasing_d8_rho1_B8,FR--KL--STL,14440.0,6.360493447014429e-06,4.741273489331814e-07,0.09184552537488835
K_decreasing_d8_rho1_B8,FR--KL--STL,14460.0,6.252272751587166e-06,4.7602517028716297e-07,0.09040786398795042
K_decreasing_d8_rho1_B8,FR--KL--STL,14480.0,6.215734687516535e-06,5.007965704985277e-07,0.09000383827523943
K_decreasing_d8_rho1_B8,FR--KL--STL,14500.0,6.318101534663612e-06,5.276303300725996e-07,0.09161247225262237
K_decreasing_d8_rho1_B8,FR--KL--STL,14520.0,6.244064400669677e-06,5.103416684568951e-07,0.0906638150977237
K_decreasing_d8_rho1_B8,FR--KL--STL,14540.0,6.0914451323057506e-06,5.029058217475642e-07,0.08856961222372561
K_decreasing_d8_rho1_B8,FR--KL--STL,14560.0,5.998683982374094e-06,4.261863065441013e-07,0.0873408387833668
K_decreasing_d8_rho1_B8,FR--KL--STL,14580.0,5.992012525031972e-06,4.354954733761622e-07,0.08736354261496615
K_decreasing_d8_rho1_B8,FR--KL--STL,14600.0,6.019680903879276e-06,4.3101555406599194e-07,0.08788734119663744
K_decreasing_d8_rho1_B8,FR--KL--STL,14620.0,6.050853862345681e-06,4.4276802972157004e-07,0.08846348346749384
K_decreasing_d8_rho1_B8,FR--KL--STL,14640.0,6.3495942407361856e-06,5.119912878378604e-07,0.09295805968437776
K_decreasing_d8_rho1_B8,FR--KL--STL,14660.0,6.343954508795472e-06,5.522999582135012e-07,0.09300237309894162
K_decreasing_d8_rho1_B8,FR--KL--STL,14680.0,6.239307055100341e-06,5.325279421016826e-07,0.091593027568873
K_decreasing_d8_rho1_B8,FR--KL--STL,14700.0,6.081177695627105e-06,5.13078088800471e-07,0.08939331212571844
K_decreasing_d8_rho1_B8,FR--KL--STL,14720.0,6.049524794704553e-06,5.039511147167136e-07,0.08904900497805102
K_decreasing_d8_rho1_B8,FR--KL--STL,14740.0,6.0714720384898635e-06,5.050707260845489e-07,0.08949349784734059
K_decreasing_d8_rho1_B8,FR--KL--STL,14760.0,6.066398010506901e-06,5.259613469677421e-07,0.08954003463508187
K_decreasing_d8_rho1_B8,FR--KL--STL,14780.0,5.84075128466921e-06,4.854272264487596e-07,0.08632630398741092
K_decreasing_d8_rho1_B8,FR--KL--STL,14800.0,5.922614160554692e-06,4.821247900780678e-07,0.08765468957620944
K_decreasing_d8_rho1_B8,FR--KL--STL,14820.0,6.043764997413585e-06,4.958524414816482e-07,0.08956859726166932
K_decreasing_d8_rho1_B8,FR--KL--STL,14840.0,6.031579435343086e-06,5.014607957014764e-07,0.08950863882049138
K_decreasing_d8_rho1_B8,FR--KL--STL,14860.0,6.1085729669526264e-06,5.327227034316649e-07,0.09077339428891602
K_decreasing_d8_rho1_B8,FR--KL--STL,14880.0,6.154065072679534e-06,5.442197544373495e-07,0.09157248828147146
K_decreasing_d8_rho1_B8,FR--KL--STL,14900.0,6.182194039479801e-06,5.327406144810807e-07,0.09211469118824904
K_decreasing_d8_rho1_B8,FR--KL--STL,14920.0,6.152621552502069e-06,5.391968238880855e-07,0.09179711356333087
K_decreasing_d8_rho1_B8,FR--KL--STL,14940.0,5.8835868047187505e-06,4.985699276925621e-07,0.08790078686249814
K_decreasing_d8_rho1_B8,FR--KL--STL,14960.0,6.019589548422744e-06,4.815989249150912e-07,0.09005305964440424
K_decreasing_d8_rho1_B8,FR--KL--STL,14980.0,6.069408477316074e-06,4.821994316380481e-07,0.09091973899019479
K_decreasing_d8_rho1_B8,FR--KL--STL,15000.0,5.941952775737984e-06,4.35037593887506e-07,0.08912929163606975
K_decreasing_d8_rho1_B8,FR--KL--STL,15020.0,6.00194612380515e-06,4.2326023791097044e-07,0.09014923077955336
K_decreasing_d8_rho1_B8,FR--KL--STL,15040.0,6.09841279848311e-06,4.555391099302997e-07,0.09172012848918598
K_decreasing_d8_rho1_B8,FR--KL--STL,15060.0,5.953132366887104e-06,4.56512694739605e-07,0.08965417344531978
K_decreasing_d8_rho1_B8,FR--KL--STL,15080.0,5.868139907357536e-06,4.3887060567385053e-07,0.08849154980295164
K_decreasing_d8_rho1_B8,FR--KL--STL,15100.0,5.732981698021907e-06,3.8945900099217513e-07,0.0865680236401308
K_decreasing_d8_rho1_B8,FR--KL--STL,15120.0,5.79797878940506e-06,4.0438309556098847e-07,0.0876654392958045
K_decreasing_d8_rho1_B8,FR--KL--STL,15140.0,5.7281135913633815e-06,3.69227306359158e-07,0.0867236397732416
K_decreasing_d8_rho1_B8,FR--KL--STL,15160.0,5.6216696209254735e-06,3.607616082334832e-07,0.08522451145323018
K_decreasing_d8_rho1_B8,FR--KL--STL,15180.0,5.736300179333872e-06,3.4452967228709483e-07,0.08707703672228817
K_decreasing_d8_rho1_B8,FR--KL--STL,15200.0,5.786213748670832e-06,3.5287743744161967e-07,0.08795044897979665
K_decreasing_d8_rho1_B8,FR--KL--STL,15220.0,5.700799511713465e-06,3.518277455707722e-07,0.08676616856827894
K_decreasing_d8_rho1_B8,FR--KL--STL,15240.0,5.718800076663181e-06,3.5581073633946315e-07,0.08715451316834688
K_decreasing_d8_rho1_B8,FR--KL--STL,15260.0,5.649138936725251e-06,3.628348245874498e-07,0.08620586017442733
K_decreasing_d8_rho1_B8,FR--KL--STL,15280.0,5.5758418448625944e-06,3.6397320109488136e-07,0.08519886338950045
K_decreasing_d8_rho1_B8,FR--KL--STL,15300.0,5.434287014161043e-06,3.5039748604230633e-07,0.08314459131666396
K_decreasing_d8_rho1_B8,FR--KL--STL,15320.0,5.507597987364221e-06,3.7199627571488864e-07,0.08437640116641987
K_decreasing_d8_rho1_B8,FR--KL--STL,15340.0,5.525931219244976e-06,3.4463188060263803e-07,0.08476778490321793
K_decreasing_d8_rho1_B8,FR--KL--STL,15360.0,5.557246645023402e-06,3.752012696217618e-07,0.08535930846755946
K_decreasing_d8_rho1_B8,FR--KL--STL,15380.0,5.387576333000984e-06,3.7501368972689256e-07,0.08286092400155513
K_decreasing_d8_rho1_B8,FR--KL--STL,15400.0,5.449245020550109e-06,3.9606573120365954e-07,0.08391837331647167
K_decreasing_d8_rho1_B8,FR--KL--STL,15420.0,5.389200709723004e-06,4.523824515363817e-07,0.08310147494392872
K_decreasing_d8_rho1_B8,FR--KL--STL,15440.0,5.509643065485885e-06,4.785609603924442e-07,0.08506888893110207
K_decreasing_d8_rho1_B8,FR--KL--STL,15460.0,5.7218284361818896e-06,5.008970911596495e-07,0.088459467623372
K_decreasing_d8_rho1_B8,FR--KL--STL,15480.0,5.897101268844315e-06,5.107512952653456e-07,0.09128712764170999
K_decreasing_d8_rho1_B8,FR--KL--STL,15500.0,5.987344609585203e-06,5.079899521666497e-07,0.09280384144857065
K_decreasing_d8_rho1_B8,FR--KL--STL,15520.0,5.884448389596268e-06,4.929411892187654e-07,0.09132663900653408
K_decreasing_d8_rho1_B8,FR--KL--STL,15540.0,5.74118224753543e-06,4.86929528846155e-07,0.08921797212670057
K_decreasing_d8_rho1_B8,FR--KL--STL,15560.0,5.6079213626307e-06,5.060713966127229e-07,0.0872592564025337
K_decreasing_d8_rho1_B8,FR--KL--STL,15580.0,5.631059989082606e-06,5.12968789137878e-07,0.087731914629907
K_decreasing_d8_rho1_B8,FR--KL--STL,15600.0,5.5852102547326865e-06,4.6959574241392693e-07,0.08712927997382991
K_decreasing_d8_rho1_B8,FR--KL--STL,15620.0,5.550969056322685e-06,4.338125781737923e-07,0.08670613665976035
K_decreasing_d8_rho1_B8,FR--KL--STL,15640.0,5.467371981400978e-06,4.3018080776094917e-07,0.0855096977891113
K_decreasing_d8_rho1_B8,FR--KL--STL,15660.0,5.383451853872382e-06,3.858829780445548e-07,0.0843048560316415
K_decreasing_d8_rho1_B8,FR--KL--STL,15680.0,5.4750763941828024e-06,4.0729821689380377e-07,0.08584919786078635
K_decreasing_d8_rho1_B8,FR--KL--STL,15700.0,5.617102447145564e-06,4.2225377079911193e-07,0.08818850842018536
K_decreasing_d8_rho1_B8,FR--KL--STL,15720.0,5.6154531475449685e-06,4.374499395445795e-07,0.08827492347940691
K_decreasing_d8_rho1_B8,FR--KL--STL,15740.0,5.557147791623862e-06,4.17500766678832e-07,0.08746950624015959
K_decreasing_d8_rho1_B8,FR--KL--STL,15760.0,5.70224523845179e-06,4.3861668982526134e-07,0.0898673849580002
K_decreasing_d8_rho1_B8,FR--KL--STL,15780.0,5.657517939875826e-06,4.402279885945157e-07,0.08927563309124054
K_decreasing_d8_rho1_B8,FR--KL--STL,15800.0,5.639506320420651e-06,4.290745152800132e-07,0.08910419986264628
K_decreasing_d8_rho1_B8,FR--KL--STL,15820.0,5.639675462010274e-06,4.373065564670899e-07,0.08921966580900254
K_decreasing_d8_rho1_B8,FR--KL--STL,15840.0,5.620082294595837e-06,4.2961316032433375e-07,0.08902210354639806
K_decreasing_d8_rho1_B8,FR--KL--STL,15860.0,5.672581079826007e-06,3.9071027591440677e-07,0.08996713592604047
K_decreasing_d8_rho1_B8,FR--KL--STL,15880.0,5.739902357119557e-06,3.9888092747885304e-07,0.09114964943105856
K_decreasing_d8_rho1_B8,FR--KL--STL,15900.0,5.70924230188415e-06,3.789225131543017e-07,0.090776952599958
K_decreasing_d8_rho1_B8,FR--KL--STL,15920.0,5.860841453753096e-06,4.2207397970676064e-07,0.09330459594374929
K_decreasing_d8_rho1_B8,FR--KL--STL,15940.0,5.574072505432071e-06,3.996246821275287e-07,0.0888507157365872
K_decreasing_d8_rho1_B8,FR--KL--STL,15960.0,5.731653937986654e-06,4.063984200066164e-07,0.091477196850267
K_decreasing_d8_rho1_B8,FR--KL--STL,15980.0,5.7835579841736265e-06,4.0312403026896476e-07,0.09242125658709455
K_decreasing_d8_rho1_B8,FR--KL--STL,16000.0,5.747409631358854e-06,3.802845832911106e-07,0.09195855410174167
K_decreasing_d8_rho1_B8,FR--KL--STL,16020.0,5.516110404505762e-06,3.5327459815199375e-07,0.08836808868018231
K_decreasing_d8_rho1_B8,FR--KL--STL,16040.0,5.479688493803536e-06,3.4894645105021275e-07,0.08789420344060872
K_decreasing_d8_rho1_B8,FR--KL--STL,16060.0,5.463192082277857e-06,3.473819615745757e-07,0.08773886484138238
K_decreasing_d8_rho1_B8,FR--KL--STL,16080.0,5.593251863711402e-06,3.7329385630438133e-07,0.08993948996847934
K_decreasing_d8_rho1_B8,FR--KL--STL,16100.0,5.63571870217198e-06,4.065247000976049e-07,0.09073507110496888
K_decreasing_d8_rho1_B8,FR--KL--STL,16120.0,5.581428479898657e-06,4.1380666243306956e-07,0.08997262709596636
K_decreasing_d8_rho1_B8,FR--KL--STL,16140.0,5.616982634570888e-06,4.25451508474253e-07,0.09065809972197414
K_decreasing_d8_rho1_B8,FR--KL--STL,16160.0,5.688261290733483e-06,4.57369575694684e-07,0.09192230245825309
K_decreasing_d8_rho1_B8,FR--KL--STL,16180.0,5.6232328993803074e-06,4.39466310080098e-07,0.09098390831197338
K_decreasing_d8_rho1_B8,FR--KL--STL,16200.0,5.573854073611292e-06,3.729138606483567e-07,0.09029643599250292
K_decreasing_d8_rho1_B8,FR--KL--STL,16220.0,5.6811755260769795e-06,3.6408639116604933e-07,0.0921486670329686
K_decreasing_d8_rho1_B8,FR--KL--STL,16240.0,5.5245293702081234e-06,3.367292674043887e-07,0.08971835697217992
K_decreasing_d8_rho1_B8,FR--KL--STL,16260.0,5.567984738282424e-06,3.369287726260434e-07,0.09053543184447221
K_decreasing_d8_rho1_B8,FR--KL--STL,16280.0,5.401317338756447e-06,3.1738946586346515e-07,0.08793344627495496
K_decreasing_d8_rho1_B8,FR--KL--STL,16300.0,5.307127533615841e-06,3.252391131459429e-07,0.0865061787979382
K_decreasing_d8_rho1_B8,FR--KL--STL,16320.0,5.484816747950797e-06,3.236357621393151e-07,0.08951220932655701
K_decreasing_d8_rho1_B8,FR--KL--STL,16340.0,5.5212986121470445e-06,3.001207626030714e-07,0.0902180193224827
K_decreasing_d8_rho1_B8,FR--KL--STL,16360.0,5.438421917721333e-06,3.276275727334365e-07,0.08897258257392102
K_decreasing_d8_rho1_B8,FR--KL--STL,16380.0,5.466678520556675e-06,3.1369248522001e-07,0.08954419416671833
K_decreasing_d8_rho1_B8,FR--KL--STL,16400.0,5.323538110157955e-06,2.8757947172819986e-07,0.08730602500659046
K_decreasing_d8_rho1_B8,FR--KL--STL,16420.0,5.329190053722973e-06,2.921623715363747e-07,0.08750530068213122
K_decreasing_d8_rho1_B8,FR--KL--STL,16440.0,5.319461892868323e-06,2.912815894697944e-07,0.08745195351875523
K_decreasing_d8_rho1_B8,FR--KL--STL,16460.0,5.296420956923953e-06,2.7141183635560366e-07,0.08717908895096826
K_decreasing_d8_rho1_B8,FR--KL--STL,16480.0,5.3531430851331645e-06,2.7356710263674416e-07,0.08821979804299455
K_decreasing_d8_rho1_B8,FR--KL--STL,16500.0,5.389074499539959e-06,2.8426300731453995e-07,0.08891972924240932
K_decreasing_d8_rho1_B8,FR--KL--STL,16520.0,5.264211719483806e-06,2.859640204788465e-07,0.08696477760587247
K_decreasing_d8_rho1_B8,FR--KL--STL,16540.0,5.299600517124267e-06,3.0371168943721527e-07,0.08765539255323537
K_decreasing_d8_rho1_B8,FR--KL--STL,16560.0,5.275922849801163e-06,3.2136303180643317e-07,0.08736928239270725
K_decreasing_d8_rho1_B8,FR--KL--STL,16580.0,5.305680992950812e-06,3.2737992629162053e-07,0.08796819086312446
K_decreasing_d8_rho1_B8,FR--KL--STL,16600.0,5.350583507279793e-06,2.8955899256593617e-07,0.08881968622084457
K_decreasing_d8_rho1_B8,FR--KL--STL,16620.0,5.302027754320686e-06,3.0793564963454624e-07,0.08811970127680979
K_decreasing_d8_rho1_B8,FR--KL--STL,16640.0,5.318887077709889e-06,3.340759479769026e-07,0.08850628097309254
K_decreasing_d8_rho1_B8,FR--KL--STL,16660.0,5.2280452950211515e-06,3.183602105933932e-07,0.08709923461505238
K_decreasing_d8_rho1_B8,FR--KL--STL,16680.0,5.144994618640671e-06,2.7702700970269974e-07,0.0858185102389264
K_decreasing_d8_rho1_B8,FR--KL--STL,16700.0,5.012464091228945e-06,2.5547868673893387e-07,0.08370815032352337
K_decreasing_d8_rho1_B8,FR--KL--STL,16720.0,5.073894967940381e-06,2.7388413204498515e-07,0.08483552386396317
K_decreasing_d8_rho1_B8,FR--KL--STL,16740.0,4.907499283361242e-06,2.6723311943979626e-07,0.0821515380034672
K_decreasing_d8_rho1_B8,FR--KL--STL,16760.0,4.904176713260711e-06,2.595378903678233e-07,0.08219400171424951
K_decreasing_d8_rho1_B8,FR--KL--STL,16780.0,4.954826701789964e-06,2.573872168556115e-07,0.08314199205603559
K_decreasing_d8_rho1_B8,FR--KL--STL,16800.0,4.897264328610855e-06,2.7630808909711304e-07,0.08227404072066236
K_decreasing_d8_rho1_B8,FR--KL--STL,16820.0,4.838260508647588e-06,2.470287500677599e-07,0.08137954175545244
K_decreasing_d8_rho1_B8,FR--KL--STL,16840.0,4.774062729021959e-06,1.9861939104857075e-07,0.08039521635672979
K_decreasing_d8_rho1_B8,FR--KL--STL,16860.0,4.731140468905437e-06,1.9250594369697317e-07,0.07976702830574567
K_decreasing_d8_rho1_B8,FR--KL--STL,16880.0,4.700232441893585e-06,2.141907122766619e-07,0.07933992361916371
K_decreasing_d8_rho1_B8,FR--KL--STL,16900.0,4.748428302292495e-06,2.4166219487703483e-07,0.08024843830874318
K_decreasing_d8_rho1_B8,FR--KL--STL,16920.0,4.795454419544617e-06,2.543261261979148e-07,0.08113908877869491
K_decreasing_d8_rho1_B8,FR--KL--STL,16940.0,4.865466242787164e-06,2.730461314014534e-07,0.08242099815281456
K_decreasing_d8_rho1_B8,FR--KL--STL,16960.0,4.959760231966944e-06,2.785757926543817e-07,0.08411753353415936
K_decreasing_d8_rho1_B8,FR--KL--STL,16980.0,4.938925023919201e-06,2.963050544867579e-07,0.08386294690614804
K_decreasing_d8_rho1_B8,FR--KL--STL,17000.0,5.156728057631454e-06,3.093541663184451e-07,0.08766437697973473
K_decreasing_d8_rho1_B8,FR--KL--STL,17020.0,4.996221955385257e-06,2.9168779621858134e-07,0.08503569768065707
K_decreasing_d8_rho1_B8,FR--KL--STL,17040.0,5.027636190035878e-06,2.9881320889988887e-07,0.08567092067821136
K_decreasing_d8_rho1_B8,FR--KL--STL,17060.0,5.004965140879373e-06,3.03121950261607e-07,0.0853847053034021
K_decreasing_d8_rho1_B8,FR--KL--STL,17080.0,5.01022512201151e-06,3.0609264954325716e-07,0.08557464508395658
K_decreasing_d8_rho1_B8,FR--KL--STL,17100.0,5.018748453000654e-06,3.117891204004745e-07,0.08582059854631119
K_decreasing_d8_rho1_B8,FR--KL--STL,17120.0,5.124481059848307e-06,3.090999855529745e-07,0.08773111574460302
K_decreasing_d8_rho1_B8,FR--KL--STL,17140.0,5.30330808216443e-06,3.0971814596650064e-07,0.09089870052829833
K_decreasing_d8_rho1_B8,FR--KL--STL,17160.0,5.2788398707074675e-06,3.046100547576101e-07,0.09058489218134014
K_decreasing_d8_rho1_B8,FR--KL--STL,17180.0,5.180586882384356e-06,2.8857288175299367e-07,0.08900248263936324
K_decreasing_d8_rho1_B8,FR--KL--STL,17200.0,5.0723120023003315e-06,2.9595989861012197e-07,0.0872437664395657
K_decreasing_d8_rho1_B8,FR--KL--STL,17220.0,5.0240513582859116e-06,2.832505531366525e-07,0.0865141643896834
K_decreasing_d8_rho1_B8,FR--KL--STL,17240.0,4.876075522316133e-06,2.496084099833494e-07,0.08406354200473012
K_decreasing_d8_rho1_B8,FR--KL--STL,17260.0,4.8030058796832975e-06,2.504568866603575e-07,0.08289988148333371
K_decreasing_d8_rho1_B8,FR--KL--STL,17280.0,4.7787146770043405e-06,2.6013691936074243e-07,0.082576189618635
K_decreasing_d8_rho1_B8,FR--KL--STL,17300.0,4.8948304638862796e-06,2.909951361305366e-07,0.08468056702523263
K_decreasing_d8_rho1_B8,FR--KL--STL,17320.0,4.859779396622817e-06,2.89716952058441e-07,0.08417137914950719
K_decreasing_d8_rho1_B8,FR--KL--STL,17340.0,4.825643958857503e-06,2.7285316741195263e-07,0.0836766662465891
K_decreasing_d8_rho1_B8,FR--KL--STL,17360.0,4.916739989635488e-06,2.609467271833849e-07,0.08535460622007207
K_decreasing_d8_rho1_B8,FR--KL--STL,17380.0,4.9621863871252e-06,2.434236778661165e-07,0.08624279940823598
K_decreasing_d8_rho1_B8,FR--KL--STL,17400.0,4.915754255208071e-06,2.8518532558567067e-07,0.08553412404062044
K_decreasing_d8_rho1_B8,FR--KL--STL,17420.0,4.7367714051560485e-06,2.63744124851317e-07,0.08251455787781836
K_decreasing_d8_rho1_B8,FR--KL--STL,17440.0,4.643638995993626e-06,2.479300668912614e-07,0.08098506409012884
K_decreasing_d8_rho1_B8,FR--KL--STL,17460.0,4.6191581843935126e-06,2.500042817558694e-07,0.08065050189951073
K_decreasing_d8_rho1_B8,FR--KL--STL,17480.0,4.708850894571034e-06,2.5456084766634406e-07,0.08231071363710167
K_decreasing_d8_rho1_B8,FR--KL--STL,17500.0,4.620785422707977e-06,2.3254296061427312e-07,0.0808637448973896
K_decreasing_d8_rho1_B8,FR--KL--STL,17520.0,4.691157335686332e-06,2.2571963507930794e-07,0.08218907652122454
K_decreasing_d8_rho1_B8,FR--KL--STL,17540.0,4.691703921011481e-06,2.48811184349632e-07,0.08229248677454137
K_decreasing_d8_rho1_B8,FR--KL--STL,17560.0,4.637453321028791e-06,2.1168042289180994e-07,0.08143368031726557
K_decreasing_d8_rho1_B8,FR--KL--STL,17580.0,4.657865882625363e-06,2.206607631059994e-07,0.08188528221655389
K_decreasing_d8_rho1_B8,FR--KL--STL,17600.0,4.794685136566557e-06,2.622394055852046e-07,0.0843864584035714
K_decreasing_d8_rho1_B8,FR--KL--STL,17620.0,4.769246017784686e-06,2.56422701157573e-07,0.08403411483336616
K_decreasing_d8_rho1_B8,FR--KL--STL,17640.0,4.797440126846908e-06,2.768834634441286e-07,0.08462684383757946
K_decreasing_d8_rho1_B8,FR--KL--STL,17660.0,4.836354013152781e-06,2.6799149185220214e-07,0.0854100118722781
K_decreasing_d8_rho1_B8,FR--KL--STL,17680.0,4.7073444560711645e-06,2.893649108719965e-07,0.0832258499833382
K_decreasing_d8_rho1_B8,FR--KL--STL,17700.0,4.805537684937633e-06,3.0417717069642294e-07,0.0850580170233961
K_decreasing_d8_rho1_B8,FR--KL--STL,17720.0,4.913126252059641e-06,3.1350384848032176e-07,0.08706059718649684
K_decreasing_d8_rho1_B8,FR--KL--STL,17740.0,4.785732388986238e-06,2.7819177179483057e-07,0.08489889258061585
K_decreasing_d8_rho1_B8,FR--KL--STL,17760.0,4.72777039588479e-06,3.123022207163471e-07,0.08396520223091386
K_decreasing_d8_rho1_B8,FR--KL--STL,17780.0,4.849249071536832e-06,3.129675124993377e-07,0.08621964849192487
K_decreasing_d8_rho1_B8,FR--KL--STL,17800.0,4.893985940324086e-06,3.162678942310956e-07,0.08711294973776873
K_decreasing_d8_rho1_B8,FR--KL--STL,17820.0,4.918853883465839e-06,3.161914220773654e-07,0.08765397620336124
K_decreasing_d8_rho1_B8,FR--KL--STL,17840.0,4.998212707659396e-06,2.9757937225712876e-07,0.08916811470464363
K_decreasing_d8_rho1_B8,FR--KL--STL,17860.0,4.9389613957432726e-06,2.98772341872754e-07,0.08820985052797485
K_decreasing_d8_rho1_B8,FR--KL--STL,17880.0,4.9274232716574795e-06,3.114385045015872e-07,0.08810232809723574
K_decreasing_d8_rho1_B8,FR--KL--STL,17900.0,4.962396586005724e-06,3.0616313215373554e-07,0.08882689888950246
K_decreasing_d8_rho1_B8,FR--KL--STL,17920.0,4.977884140089373e-06,2.94445031914901e-07,0.08920368379040156
K_decreasing_d8_rho1_B8,FR--KL--STL,17940.0,4.9978925009834065e-06,2.7686502765527906e-07,0.08966219146764232
K_decreasing_d8_rho1_B8,FR--KL--STL,17960.0,5.144572227067101e-06,2.769788520782513e-07,0.09239651719812514
K_decreasing_d8_rho1_B8,FR--KL--STL,17980.0,5.041356930550004e-06,2.9378358443602223e-07,0.09064359761128907
K_decreasing_d8_rho1_B8,FR--KL--STL,18000.0,5.133000954475145e-06,2.9766709517390496e-07,0.09239401718055261
K_decreasing_d8_rho1_B8,FR--KL--STL,18020.0,5.2099984534000514e-06,3.352875965825273e-07,0.09388417213026892
K_decreasing_d8_rho1_B8,FR--KL--STL,18040.0,5.141371542697707e-06,3.300189431961114e-07,0.09275034263026663
K_decreasing_d8_rho1_B8,FR--KL--STL,18060.0,5.012077167905934e-06,3.3015825478173275e-07,0.09051811365238116
K_decreasing_d8_rho1_B8,FR--KL--STL,18080.0,5.016326046162571e-06,3.2726793282420483e-07,0.09069517491461927
K_decreasing_d8_rho1_B8,FR--KL--STL,18100.0,5.048019835414882e-06,3.1679349077429476e-07,0.09136915902100935
K_decreasing_d8_rho1_B8,FR--KL--STL,18120.0,4.986957722389699e-06,2.996275185091672e-07,0.09036367392970135
K_decreasing_d8_rho1_B8,FR--KL--STL,18140.0,4.865786933668422e-06,3.3068812170124144e-07,0.08826537497674516
K_decreasing_d8_rho1_B8,FR--KL--STL,18160.0,4.854125277316731e-06,3.308679853896695e-07,0.08815091503607184
K_decreasing_d8_rho1_B8,FR--KL--STL,18180.0,4.775488511625052e-06,3.150612817116008e-07,0.08681838114134344
K_decreasing_d8_rho1_B8,FR--KL--STL,18200.0,4.670771290005149e-06,3.261363074925498e-07,0.08500803747809371
K_decreasing_d8_rho1_B8,FR--KL--STL,18220.0,4.627507949332236e-06,3.2533315371392835e-07,0.08431319483683335
K_decreasing_d8_rho1_B8,FR--KL--STL,18240.0,4.769777686863819e-06,3.411643169429144e-07,0.08700074500839605
K_decreasing_d8_rho1_B8,FR--KL--STL,18260.0,4.87803314266344e-06,3.421978607779395e-07,0.08907288518503442
K_decreasing_d8_rho1_B8,FR--KL--STL,18280.0,4.934447307173665e-06,3.5886242854311694e-07,0.0902016967751346
K_decreasing_d8_rho1_B8,FR--KL--STL,18300.0,4.8234704530377336e-06,3.412954687217189e-07,0.08826950929059052
K_decreasing_d8_rho1_B8,FR--KL--STL,18320.0,4.842511649745991e-06,3.3796032694383426e-07,0.08871481342334656
K_decreasing_d8_rho1_B8,FR--KL--STL,18340.0,4.7360711203481285e-06,3.340975306371857e-07,0.08685954434718468
K_decreasing_d8_rho1_B8,FR--KL--STL,18360.0,4.632604392806883e-06,3.208257394360348e-07,0.08505461665193437
K_decreasing_d8_rho1_B8,FR--KL--STL,18380.0,4.629427248659113e-06,3.3964771692306673e-07,0.08508887283035449
K_decreasing_d8_rho1_B8,FR--KL--STL,18400.0,4.579264912211537e-06,3.5045730172826557e-07,0.08425847438469229
K_decreasing_d8_rho1_B8,FR--KL--STL,18420.0,4.621480301085038e-06,3.5404836528008825e-07,0.0851276671459864
K_decreasing_d8_rho1_B8,FR--KL--STL,18440.0,4.630903770408423e-06,3.5120447970224735e-07,0.08539386552633133
K_decreasing_d8_rho1_B8,FR--KL--STL,18460.0,4.559371421919422e-06,3.548384677548825e-07,0.08416599644863254
K_decreasing_d8_rho1_B8,FR--KL--STL,18480.0,4.656470496448388e-06,3.55909923740358e-07,0.0860515747743662
K_decreasing_d8_rho1_B8,FR--KL--STL,18500.0,4.661823900094693e-06,3.373238685536101e-07,0.08624374215175182
K_decreasing_d8_rho1_B8,FR--KL--STL,18520.0,4.646605595937104e-06,3.4622010812609526e-07,0.08605513563675515
K_decreasing_d8_rho1_B8,FR--KL--STL,18540.0,4.762534936493997e-06,3.46254137699173e-07,0.0882973977225987
K_decreasing_d8_rho1_B8,FR--KL--STL,18560.0,4.718230267878691e-06,3.2694330001000356e-07,0.0875703537718285
K_decreasing_d8_rho1_B8,FR--KL--STL,18580.0,4.760023250819738e-06,2.996936531262793e-07,0.08844123200023073
K_decreasing_d8_rho1_B8,FR--KL--STL,18600.0,4.7971851281580765e-06,2.9489203089864687e-07,0.08922764338374023
K_decreasing_d8_rho1_B8,FR--KL--STL,18620.0,4.773795883838971e-06,3.0035982801070807e-07,0.08888807935708165
K_decreasing_d8_rho1_B8,FR--KL--STL,18640.0,4.8926846172747675e-06,2.9264312443706594e-07,0.09119964126600166
K_decreasing_d8_rho1_B8,FR--KL--STL,18660.0,4.838102967852365e-06,3.063529133172541e-07,0.09027900138012512
K_decreasing_d8_rho1_B8,FR--KL--STL,18680.0,4.773553763026684e-06,2.922579115695902e-07,0.08916998429333844
K_decreasing_d8_rho1_B8,FR--KL--STL,18700.0,4.805476900463882e-06,2.935563606966539e-07,0.0898624180386746
K_decreasing_d8_rho1_B8,FR--KL--STL,18720.0,4.757991089447226e-06,3.160746143094571e-07,0.08906959319445207
K_decreasing_d8_rho1_B8,FR--KL--STL,18740.0,4.674129050622848e-06,3.099274352963441e-07,0.08759317840867217
K_decreasing_d8_rho1_B8,FR--KL--STL,18760.0,4.594702380137742e-06,2.948212941990426e-07,0.08619661665138403
K_decreasing_d8_rho1_B8,FR--KL--STL,18780.0,4.611509151430937e-06,3.113908456800498e-07,0.086604141863873
K_decreasing_d8_rho1_B8,FR--KL--STL,18800.0,4.734297499335108e-06,3.102251838567344e-07,0.08900479298750004
K_decreasing_d8_rho1_B8,FR--KL--STL,18820.0,4.771199823198439e-06,3.066524227433918e-07,0.08979398067259461
K_decreasing_d8_rho1_B8,FR--KL--STL,18840.0,4.927660811215873e-06,3.3849339391673866e-07,0.09283712968330704
K_decreasing_d8_rho1_B8,FR--KL--STL,18860.0,4.969410510942869e-06,3.5514158288179217e-07,0.09372308223638251
K_decreasing_d8_rho1_B8,FR--KL--STL,18880.0,4.937357387557739e-06,3.673145896593699e-07,0.09321730747709012
K_decreasing_d8_rho1_B8,FR--KL--STL,18900.0,4.8362899190597846e-06,3.511167481233632e-07,0.09140587947022993
K_decreasing_d8_rho1_B8,FR--KL--STL,18920.0,4.8332206165587385e-06,3.406909176967515e-07,0.09144453406529134
K_decreasing_d8_rho1_B8,FR--KL--STL,18940.0,4.864206812982275e-06,3.3480076892353864e-07,0.09212807703788428
K_decreasing_d8_rho1_B8,FR--KL--STL,18960.0,4.8621068860536335e-06,3.3783863600822484e-07,0.09218554655957689
K_decreasing_d8_rho1_B8,FR--KL--STL,18980.0,4.713690919751675e-06,3.1242830289432304e-07,0.08946585365688679
K_decreasing_d8_rho1_B8,FR--KL--STL,19000.0,4.699309695007277e-06,3.034845938803737e-07,0.08928688420513826
K_decreasing_d8_rho1_B8,FR--KL--STL,19020.0,4.835696892809456e-06,3.129844843191195e-07,0.09197495490123586
K_decreasing_d8_rho1_B8,FR--KL--STL,19040.0,4.831996222195064e-06,3.1869496662820534e-07,0.09200120807059402
K_decreasing_d8_rho1_B8,FR--KL--STL,19060.0,4.8232689942769485e-06,3.082738937738546e-07,0.09193150703091864
K_decreasing_d8_rho1_B8,FR--KL--STL,19080.0,4.7602230709505495e-06,3.029900088940921e-07,0.09082505619373649
K_decreasing_d8_rho1_B8,FR--KL--STL,19100.0,4.744655828877361e-06,2.93555483283039e-07,0.0906229263315576
K_decreasing_d8_rho1_B8,FR--KL--STL,19120.0,4.785101897801051e-06,2.638789324792367e-07,0.09149114828595609
K_decreasing_d8_rho1_B8,FR--KL--STL,19140.0,4.7207110360621605e-06,2.4887438170387907e-07,0.09035440923022975
K_decreasing_d8_rho1_B8,FR--KL--STL,19160.0,4.762069512143086e-06,2.464265435429968e-07,0.09124125185266152
K_decreasing_d8_rho1_B8,FR--KL--STL,19180.0,4.945068930014192e-06,2.8251655538976704e-07,0.0948464220776722
K_decreasing_d8_rho1_B8,FR--KL--STL,19200.0,5.034651232745565e-06,3.037138749733608e-07,0.09666530366871484
K_decreasing_d8_rho1_B8,FR--KL--STL,19220.0,5.004729745798168e-06,2.9994869502684513e-07,0.09619090571424078
K_decreasing_d8_rho1_B8,FR--KL--STL,19240.0,5.006227604346473e-06,2.834889898981775e-07,0.09631981910762615
K_decreasing_d8_rho1_B8,FR--KL--STL,19260.0,4.930517286331574e-06,2.827521318696352e-07,0.09496176293474612
K_decreasing_d8_rho1_B8,FR--KL--STL,19280.0,4.879540643335881e-06,3.0321535608338306e-07,0.09407754360351579
K_decreasing_d8_rho1_B8,FR--KL--STL,19300.0,4.954048867222838e-06,3.1866530702620546e-07,0.09561314313740077
K_decreasing_d8_rho1_B8,FR--KL--STL,19320.0,4.888116235246542e-06,3.172150940052443e-07,0.0944384056649632
K_decreasing_d8_rho1_B8,FR--KL--STL,19340.0,4.958256802733985e-06,3.089029398143789e-07,0.09589268656487526
K_decreasing_d8_rho1_B8,FR--KL--STL,19360.0,4.848413110103422e-06,2.9861829234841833e-07,0.09386527781160225
K_decreasing_d8_rho1_B8,FR--KL--STL,19380.0,4.79874520902257e-06,3.1076762749761004e-07,0.09299968215085741
K_decreasing_d8_rho1_B8,FR--KL--STL,19400.0,4.835537376675821e-06,3.1832866342162556e-07,0.09380942510751093
K_decreasing_d8_rho1_B8,FR--KL--STL,19420.0,4.738162246346415e-06,3.1721793512041045e-07,0.09201511082404737
K_decreasing_d8_rho1_B8,FR--KL--STL,19440.0,4.675309799336466e-06,3.2877088730873603e-07,0.0908880224991009
K_decreasing_d8_rho1_B8,FR--KL--STL,19460.0,4.651063680594092e-06,3.1947636889074404e-07,0.09050969922436103
K_decreasing_d8_rho1_B8,FR--KL--STL,19480.0,4.678821466441718e-06,3.5418050999331094e-07,0.09114344216628467
K_decreasing_d8_rho1_B8,FR--KL--STL,19500.0,4.53444001224194e-06,3.2148073843508284e-07,0.08842158023871782
K_decreasing_d8_rho1_B8,FR--KL--STL,19520.0,4.420916427190965e-06,3.1479704368541367e-07,0.08629628865876764
K_decreasing_d8_rho1_B8,FR--KL--STL,19540.0,4.376513653792103e-06,2.956675058482349e-07,0.08551707679509768
K_decreasing_d8_rho1_B8,FR--KL--STL,19560.0,4.373842414887955e-06,2.7591177019327937e-07,0.0855523576352084
K_decreasing_d8_rho1_B8,FR--KL--STL,19580.0,4.458317327197629e-06,2.442019189019221e-07,0.08729385326652957
K_decreasing_d8_rho1_B8,FR--KL--STL,19600.0,4.385325073622918e-06,2.1810730742219477e-07,0.0859523714430092
K_decreasing_d8_rho1_B8,FR--KL--STL,19620.0,4.513784903448226e-06,2.3450081717646612e-07,0.08856045980565419
K_decreasing_d8_rho1_B8,FR--KL--STL,19640.0,4.560362526273565e-06,2.3729296123385505e-07,0.08956552001601281
K_decreasing_d8_rho1_B8,FR--KL--STL,19660.0,4.7143798037533696e-06,2.4983167352855024e-07,0.09268470694179125
K_decreasing_d8_rho1_B8,FR--KL--STL,19680.0,4.629541683668729e-06,2.525830566284922e-07,0.09110938033460059
K_decreasing_d8_rho1_B8,FR--KL--STL,19700.0,4.5948871496411435e-06,2.4936087599335964e-07,0.09051927684793053
K_decreasing_d8_rho1_B8,FR--KL--STL,19720.0,4.5954372903149e-06,2.5989539961566116e-07,0.09062202336500984
K_decreasing_d8_rho1_B8,FR--KL--STL,19740.0,4.549629296383509e-06,2.7505762113019646e-07,0.08980968231061047
K_decreasing_d8_rho1_B8,FR--KL--STL,19760.0,4.6303641886661735e-06,2.8038447101284297e-07,0.09149599636804359
K_decreasing_d8_rho1_B8,FR--KL--STL,19780.0,4.588429795878331e-06,2.8499410430071673e-07,0.0907591413624734
K_decreasing_d8_rho1_B8,FR--KL--STL,19800.0,4.461606363796259e-06,2.656826015447548e-07,0.08833980600316593
K_decreasing_d8_rho1_B8,FR--KL--STL,19820.0,4.451526330839783e-06,2.767810133956514e-07,0.08822925187724451
K_decreasing_d8_rho1_B8,FR--KL--STL,19840.0,4.5132593522604715e-06,2.862852988982971e-07,0.08954306554884775
K_decreasing_d8_rho1_B8,FR--KL--STL,19860.0,4.709298202361841e-06,2.898609326215008e-07,0.09352666229890616
K_decreasing_d8_rho1_B8,FR--KL--STL,19880.0,4.729937975718931e-06,2.8823344483358596e-07,0.09403116695729234
K_decreasing_d8_rho1_B8,FR--KL--STL,19900.0,4.526426250439641e-06,2.8728343435888805e-07,0.09007588238374886
K_decreasing_d8_rho1_B8,FR--KL--STL,19920.0,4.609473294999352e-06,2.7171772600011907e-07,0.09182070803638709
K_decreasing_d8_rho1_B8,FR--KL--STL,19940.0,4.540251926924791e-06,2.638651703023796e-07,0.09053262342288033
K_decreasing_d8_rho1_B8,FR--KL--STL,19960.0,4.550306564817438e-06,2.890875624026304e-07,0.09082411903375605
K_decreasing_d8_rho1_B8,FR--KL--STL,19980.0,4.543911488437876e-06,2.979393074572179e-07,0.09078735153898877
K_decreasing_d8_rho1_B8,FR--KL--STL,20000.0,4.524525244331557e-06,2.906786869682407e-07,0.09049050488663113
