tier,experiment,job_id,method,seed,iteration,step_size,objective,objective_gap,exact_gaussian_kl,w2_squared,mean_error,covariance_error,covariance_min_eigenvalue,covariance_max_eigenvalue,relative_covariance_min_eigenvalue,relative_covariance_max_eigenvalue,fisher_rao_residual_squared,bures_wasserstein_residual_squared,wall_time_seconds,repair,equivariance_error_mean,equivariance_error_covariance,local_gamma,local_lambda,predictive_nll,classification_error,brier,iterations,gradient_evaluations,hessian_evaluations,oracle_pairs,expectation_evaluations,matrix_exponentials,matrix_square_roots,eigendecompositions,cholesky_factorizations,cholesky_solves,roundoff_repairs,batch_size,quadratic_rescue,raw_mean_ablation,normalized_step_size,source_file,record_type,source_experiment
core,L,L_logistic_d10_n100_core,FB--GVI,3677949255,0,0.0,98.44506177378256,26.24989217387062,nan,6.358129167392517,3.9972584412189462,26.395414121217144,1.0,1.0,1.184105395713135,23.94532020669651,392.80048568424934,615.0360487952705,0.0006383200525306165,,nan,nan,nan,nan,0.6930587329324073,0.49,0.2499557779932144,0,0,0,0,0,0,0,0,0,0,0,1,False,False,0.0,results/raw/core/L/L_logistic_d10_n100_core/fb-gvi_seed0.csv,trajectory_input,L
core,L,L_logistic_d10_n100_core,FB--GVI,3677949255,1,0.01,92.63778738820044,20.4426177882885,nan,5.495543663643799,3.654391153594928,18.831437155875484,0.6819011646008243,0.9968386499436674,1.1803507669072946,16.35658876157058,245.90131432288405,490.90088159876495,0.019151419051922858,,nan,nan,nan,nan,0.6884845108590641,0.44333333333333336,0.2476706313443719,1,1,1,1,1,0,1,1,0,0,0,1,False,False,0.01,results/raw/core/L/L_logistic_d10_n100_core/fb-gvi_seed0.csv,trajectory_input,L
core,L,L_logistic_d10_n100_core,FB--GVI,3677949255,2,0.01,88.05464419783682,15.859474597924887,nan,4.809674726404131,3.360058187789122,13.504812450763664,0.45644942606892003,0.9936106626563102,1.1765184879660653,10.985603652339066,154.36513910703866,379.7120566671153,0.037438878032844514,,nan,nan,nan,nan,0.6850305009175153,0.44,0.24595425743249957,2,2,2,2,2,0,2,2,0,0,0,1,False,False,0.01,results/raw/core/L/L_logistic_d10_n100_core/fb-gvi_seed0.csv,trajectory_input,L
core,L,L_logistic_d10_n100_core,FB--GVI,3677949255,3,0.01,84.55166884288839,12.356499242976454,nan,4.266425552913104,3.1087781765219646,9.896620345844909,0.30309707443235345,0.9903365691654712,1.172632546730245,7.36503846266393,99.05679025888821,285.75069898979734,0.055633338051848114,,nan,nan,nan,nan,0.682575689083007,0.44666666666666666,0.24474683207392317,3,3,3,3,3,0,3,3,0,0,0,1,False,False,0.01,results/raw/core/L/L_logistic_d10_n100_core/fb-gvi_seed0.csv,trajectory_input,L
core,L,L_logistic_d10_n100_core,FB--GVI,3677949255,4,0.01,81.94392393497598,9.74875433506405,nan,3.834482370223593,2.894718632231418,7.513903690272609,0.20276519628114503,0.9870393751330786,1.1687197367527378,5.267110581138947,65.97540092229468,210.98627681516854,0.07382377702742815,,nan,nan,nan,nan,0.6809299684950012,0.45666666666666667,0.24394862185966446,4,4,4,4,4,0,4,4,0,0,0,1,False,False,0.01,results/raw/core/L/L_logistic_d10_n100_core/fb-gvi_seed0.csv,trajectory_input,L
core,L,L_logistic_d10_n100_core,FB--GVI,3677949255,5,0.01,80.03356232977958,7.83839272986765,nan,3.487066228288402,2.712198704387203,5.940874064130849,0.13928629199387513,0.9837418584659015,1.1648065197147432,4.305646755256855,45.92880757915199,154.68664360941466,0.09200277703348547,,nan,nan,nan,nan,0.6798879966644983,0.45666666666666667,0.2434515924824181,5,5,5,5,5,0,5,5,0,0,0,1,False,False,0.01,results/raw/core/L/L_logistic_d10_n100_core/fb-gvi_seed0.csv,trajectory_input,L
core,L,L_logistic_d10_n100_core,FB--GVI,3677949255,6,0.01,78.63749675572467,6.442327155812734,nan,3.202806268850736,2.5560340886819426,4.87224363691276,0.10013495436460342,0.9804641251684295,1.1609161988309775,3.7206906141187712,33.402923606735186,114.10142678490394,0.1101487260311842,,nan,nan,nan,nan,0.6792762066836046,0.45666666666666667,0.24316543302037283,6,6,6,6,6,0,6,6,0,0,0,1,False,False,0.01,results/raw/core/L/L_logistic_d10_n100_core/fb-gvi_seed0.csv,trajectory_input,L
core,L,L_logistic_d10_n100_core,FB--GVI,3677949255,7,0.01,77.60557653545726,5.410406935545325,nan,2.9656409855921053,2.4217035801327964,4.111397305910658,0.0763759698883033,0.9772221909674699,1.1570672712964423,3.2975181425121733,25.26978451475268,85.61982911107633,0.12823888601269573,,nan,nan,nan,nan,0.6789698613500103,0.46,0.24302602784133523,7,7,7,7,7,0,7,7,0,0,0,1,False,False,0.01,results/raw/core/L/L_logistic_d10_n100_core/fb-gvi_seed0.csv,trajectory_input,L
core,L,L_logistic_d10_n100_core,FB--GVI,3677949255,8,0.01,76.82635654984674,4.631186949934801,nan,2.7640034594154623,2.305378753180383,3.542635437812303,0.062067466919855804,0.9740277672420101,1.1532731548320607,2.9488897712515603,19.781927060589368,65.75895064975929,0.14633568504359573,,nan,nan,nan,nan,0.6788850277365003,0.45666666666666667,0.24299061716170636,8,8,8,8,8,0,8,8,0,0,0,1,False,False,0.01,results/raw/core/L/L_logistic_d10_n100_core/fb-gvi_seed0.csv,trajectory_input,L
core,L,L_logistic_d10_n100_core,FB--GVI,3677949255,9,0.01,76.22306203700661,4.027892437094678,nan,2.589714966037433,2.2038764683632563,3.0999138574634766,0.053463582498873036,0.9708888608769811,1.149542799472545,2.654569120016776,15.94612009264248,51.723456897840386,0.16442258504685014,,nan,nan,nan,nan,0.6789634114739914,0.45666666666666667,0.24302979430979832,9,9,9,9,9,0,9,9,0,0,0,1,False,False,0.01,results/raw/core/L/L_logistic_d10_n100_core/fb-gvi_seed0.csv,trajectory_input,L
core,L,L_logistic_d10_n100_core,FB--GVI,3677949255,10,0.01,75.74490096279571,3.549731362883776,nan,2.4369557084938287,2.11457978294983,2.74460010843766,0.04828239766810413,0.9678106501514379,1.145843651303483,2.4079313178719315,13.178645391725006,41.547929619148995,0.18254472402622923,,nan,nan,nan,nan,0.6791613481262313,0.4633333333333333,0.24312192155622522,10,10,10,10,10,0,10,10,0,0,0,1,False,False,0.01,results/raw/core/L/L_logistic_d10_n100_core/fb-gvi_seed0.csv,trajectory_input,L
core,L,L_logistic_d10_n100_core,FB--GVI,3677949255,11,0.01,75.35835096259785,3.1631813626859184,nan,2.3014908594907837,2.0353524299969354,2.4528039837754223,0.0451566705279355,0.9647962895048758,1.0739502808077617,2.2783349782760363,11.123919914866644,33.963672487381906,0.20059033401776105,,nan,nan,nan,nan,0.6794443004556876,0.4666666666666667,0.24325032609506972,11,11,11,11,11,0,11,11,0,0,0,1,False,False,0.01,results/raw/core/L/L_logistic_d10_n100_core/fb-gvi_seed0.csv,trajectory_input,L
core,L,L_logistic_d10_n100_core,FB--GVI,3677949255,12,0.01,75.04069553903243,2.845525939120492,nan,2.180156674919606,1.964458196558696,2.2088280993098603,0.043270328722208345,0.9618475255009613,1.029863858829614,2.175687535944384,9.558201594573575,28.176517918660096,0.21866556303575635,,nan,nan,nan,nan,0.6797845145052871,0.46,0.24340201104629913,12,12,12,12,12,0,12,12,0,0,0,1,False,False,0.01,results/raw/core/L/L_logistic_d10_n100_core/fb-gvi_seed0.csv,trajectory_input,L
core,L,L_logistic_d10_n100_core,FB--GVI,3677949255,13,0.01,74.77596355233975,2.580793952427811,nan,2.070535370421273,1.9004894662669278,2.001821018604289,0.04213478689831699,0.958965131741063,1.0033539857133968,2.081687332289772,8.336669451669412,23.679944567756188,0.236679632042069,,nan,nan,nan,nan,0.6801598856367671,0.46,0.2435669453053706,13,13,13,13,13,0,13,13,0,0,0,1,False,False,0.01,results/raw/core/L/L_logistic_d10_n100_core/fb-gvi_seed0.csv,trajectory_input,L
core,L,L_logistic_d10_n100_core,FB--GVI,3677949255,14,0.01,74.55255485682926,2.3573852569173255,nan,1.9707467722117802,1.8423060267541875,1.823991672040653,0.041455913833196814,0.9561492072688315,0.9875520697313022,1.9954178525120148,7.363194454974323,20.135986310512827,0.2547316720010713,,nan,nan,nan,nan,0.68055315013647,0.46,0.24373753558012795,14,14,14,14,14,0,14,14,0,0,0,1,False,False,0.01,results/raw/core/L/L_logistic_d10_n100_core/fb-gvi_seed0.csv,trajectory_input,L
core,L,L_logistic_d10_n100_core,FB--GVI,3677949255,15,0.01,74.36184407522393,2.166674475311993,nan,1.8793087289164983,1.7889838534129825,1.6695897705580856,0.04105564790886829,0.9533993808578207,0.9782692754185885,1.9161958746156642,6.572479451864792,17.308624244267488,0.27281359100015834,,nan,nan,nan,nan,0.680951140599073,0.45666666666666667,0.2439081686295052,15,15,15,15,15,0,15,15,0,0,0,1,False,False,0.01,results/raw/core/L/L_logistic_d10_n100_core/fb-gvi_seed0.csv,trajectory_input,L
core,L,L_logistic_d10_n100_core,FB--GVI,3677949255,16,0.01,74.19731382232838,2.0021442224164474,nan,1.795039184496344,1.7397729509081838,1.5342819434110406,0.04082566900725791,0.9507149522209294,0.9729480750615329,1.8434359496186676,5.919207288322299,15.02751698180678,0.29098438104847446,,nan,nan,nan,nan,0.6813440759610232,0.45666666666666667,0.24407480829386435,16,16,16,16,16,0,16,16,0,0,0,1,False,False,0.01,results/raw/core/L/L_logistic_d10_n100_core/fb-gvi_seed0.csv,trajectory_input,L
core,L,L_logistic_d10_n100_core,FB--GVI,3677949255,17,0.01,74.05398044755835,1.85881084764641,nan,1.7169851882643026,1.6940630728456043,1.4147473653375222,0.040699815546552665,0.948094990987936,0.9700212797796243,1.7766191280037957,5.371286869117327,13.167224707987707,0.3090885800193064,,nan,nan,nan,nan,0.6817249110493435,0.46,0.24423465088555418,17,17,17,17,17,0,17,17,0,0,0,1,False,False,0.01,results/raw/core/L/L_logistic_d10_n100_core/fb-gvi_seed0.csv,trajectory_input,L
core,L,L_logistic_d10_n100_core,FB--GVI,3677949255,18,0.01,73.92799411986107,1.7328245199491334,nan,1.6443704246892505,1.651356089738115,1.3084040833227952,0.04063753872155964,0.9455384071052593,0.968523772122224,1.7152829077395417,4.905558020838612,11.634238960865366,0.3272315400536172,,nan,nan,nan,nan,0.6820887671598592,0.46,0.24438583986525061,18,18,18,18,18,0,18,18,0,0,0,1,False,False,0.01,results/raw/core/L/L_logistic_d10_n100_core/fb-gvi_seed0.csv,trajectory_input,L
core,L,L_logistic_d10_n100_core,FB--GVI,3677949255,19,0.01,73.8163519848087,1.6211823848967697,nan,1.576555991671753,1.6112438468104444,1.213217991957977,0.040613915125044815,0.9430440015973439,0.967856902821186,1.6590208015873429,4.505004919179781,10.358244097621032,0.34527611901285127,,nan,nan,nan,nan,0.682432451452091,0.4666666666666667,0.24452723570712645,19,19,19,19,19,0,19,19,0,0,0,1,False,False,0.01,results/raw/core/L/L_logistic_d10_n100_core/fb-gvi_seed0.csv,trajectory_input,L
core,L,L_logistic_d10_n100_core,FB--GVI,3677949255,20,0.01,73.71668923663135,1.5215196367194181,nan,1.5130108505328037,1.5733904854450926,1.1275665348351995,0.04061358818739484,0.9406105035997381,0.9676453038107102,1.6074918215210219,4.156914043255382,9.285950625836765,0.36332015902735293,,nan,nan,nan,nan,0.6827540622312576,0.4666666666666667,0.24465823388608007,20,20,20,20,20,0,20,20,0,0,0,1,False,False,0.01,results/raw/core/L/L_logistic_d10_n100_core/fb-gvi_seed0.csv,trajectory_input,L
core,L,L_logistic_d10_n100_core,FB--GVI,3677949255,21,0.01,73.62712563205372,1.431956032141784,nan,1.4532894038673367,1.5375183550094143,1.0501398748937805,0.04062707817974759,0.9382365976280282,0.9676504786396118,1.560448486006583,3.8516348389255466,8.376649995636026,0.38134542800253257,,nan,nan,nan,nan,0.6830526712806044,0.4633333333333333,0.24477862301385855,21,21,21,21,21,0,21,21,0,0,0,1,False,False,0.01,results/raw/core/L/L_logistic_d10_n100_core/fb-gvi_seed0.csv,trajectory_input,L
core,L,L_logistic_d10_n100_core,FB--GVI,3677949255,22,0.01,73.54615200373314,1.350982403821206,nan,1.397014355412252,1.503396791769469,0.9798683370623916,0.040648527059421256,0.9359209437871303,0.9677207068103376,1.5178058660948055,3.581731927213157,7.598984479009395,0.39935947803314775,,nan,nan,nan,nan,0.6833280721137549,0.46,0.24488847549892118,22,22,22,22,22,0,22,22,0,0,0,1,False,False,0.01,results/raw/core/L/L_logistic_d10_n100_core/fb-gvi_seed0.csv,trajectory_input,L
core,L,L_logistic_d10_n100_core,FB--GVI,3677949255,23,0.01,73.47254580184988,1.2773762019379404,nan,1.3438635039465106,1.4708331767266407,0.9158685909822094,0.040674315828027496,0.933662192800287,0.9677659197898542,1.4797788987123421,3.3413960141398666,6.928591586592955,0.4173814470414072,,nan,nan,nan,nan,0.683580582882326,0.46,0.2449880640332673,23,23,23,23,23,0,23,23,0,0,0,1,False,False,0.01,results/raw/core/L/L_logistic_d10_n100_core/fb-gvi_seed0.csv,trajectory_input,L
core,L,L_logistic_d10_n100_core,FB--GVI,3677949255,24,0.01,73.40530778692838,1.2101381870164403,nan,1.2935594846261704,1.4396658000420217,0.8574033724650636,0.040702214158584445,0.9314589971883861,0.9677494929257814,1.4469139183401647,3.1260284715777638,6.346380141370786,0.43539667705772445,,nan,nan,nan,nan,0.6838108936335364,0.46,0.24507779830892748,24,24,24,24,24,0,24,24,0,0,0,1,False,False,0.01,results/raw/core/L/L_logistic_d10_n100_core/fb-gvi_seed0.csv,trajectory_input,L
core,L,L_logistic_d10_n100_core,FB--GVI,3677949255,25,0.01,73.34361420879496,1.1484446088830254,nan,1.2458617337704017,1.409758155906,0.8038510837936332,0.04073085568252808,0.9293100195588399,0.9676853236634436,1.419263699729167,2.9319442634666206,5.837262278791924,0.4534699160140008,,nan,nan,nan,nan,0.6840199490105502,0.46,0.24515817742754714,25,25,25,25,25,0,25,25,0,0,0,1,False,False,0.01,results/raw/core/L/L_logistic_d10_n100_core/fb-gvi_seed0.csv,trajectory_input,L
core,L,L_logistic_d10_n100_core,FB--GVI,3677949255,26,0.01,73.28678039416293,1.0916107942509967,nan,1.2005601434746829,1.3809943699505,0.7546826621283087,0.0407594131004702,0.9272139387070601,0.9676247417041243,1.3955571684380268,2.756156658941862,5.389214715458665,0.4716462950455025,,nan,nan,nan,nan,0.6842088589630887,0.4633333333333333,0.24522975439883501,26,26,26,26,26,0,26,26,0,0,0,1,False,False,0.01,results/raw/core/L/L_logistic_d10_n100_core/fb-gvi_seed0.csv,trajectory_input,L
core,L,L_logistic_d10_n100_core,FB--GVI,3677949255,27,0.01,73.23423279978307,1.039063199871137,nan,1.1574700103227964,1.3532755240583219,0.7094438344254995,0.040787396269131464,0.9251694540531947,0.9676289532377812,1.3743609525917693,2.596219222148012,4.99257861970208,0.48967370501486585,,nan,nan,nan,nan,0.684378831408553,0.4633333333333333,0.24529310990216677,27,27,27,27,27,0,27,27,0,0,0,1,False,False,0.01,results/raw/core/L/L_logistic_d10_n100_core/fb-gvi_seed0.csv,trajectory_input,L
core,L,L_logistic_d10_n100_core,FB--GVI,3677949255,28,0.01,73.18548739567245,0.990317795760518,nan,1.1164279826318453,1.3265166932915762,0.6677413916984974,0.040814526211874994,0.9231752888073849,0.9677425260551729,1.3548604529676505,2.4501084211349946,4.639533412852427,0.5076908540213481,,nan,nan,nan,nan,0.6845311219808546,0.46,0.24534883311584185,28,28,28,28,28,0,28,28,0,0,0,1,False,False,0.01,results/raw/core/L/L_logistic_d10_n100_core/fb-gvi_seed0.csv,trajectory_input,L
core,L,L_logistic_d10_n100_core,FB--GVI,3677949255,29,0.01,73.14013281788239,0.9449632179704537,nan,1.0772887838267633,1.3006445490404777,0.6292324824162083,0.04084065616694929,0.921230192162286,0.9679831476273991,1.3366574548102264,2.3161353895203196,4.3236983157788975,0.5256959640537389,,nan,nan,nan,nan,0.6846669970078813,0.46,0.24539750791859216,29,29,29,29,29,0,29,29,0,0,0,1,False,False,0.01,results/raw/core/L/L_logistic_d10_n100_core/fb-gvi_seed0.csv,trajectory_input,L
core,L,L_logistic_d10_n100_core,FB--GVI,3677949255,30,0.01,73.09781714132214,0.9026475414102038,nan,1.0399225433753767,1.2755954134668985,0.5936161887996865,0.04086572189050174,0.9193329407414521,0.9683459964169617,1.3195415442808212,2.192878852456308,4.039828478924092,0.543699293048121,,nan,nan,nan,nan,0.6847877066794246,0.45666666666666667,0.2454397031596354,30,30,30,30,30,0,30,30,0,0,0,1,False,False,0.01,results/raw/core/L/L_logistic_d10_n100_core/fb-gvi_seed0.csv,trajectory_input,L
core,L,L_logistic_d10_n100_core,FB--GVI,3677949255,31,0.01,73.05823741917285,0.8630678192609196,nan,1.0042126066446806,1.2513136746219071,0.5606268409210049,0.040889710233227364,0.9174823394794874,0.9688130544865805,1.3033857855638458,2.079133587606084,3.7835816922483763,0.5616909530363046,,nan,nan,nan,nan,0.6848944660275422,0.45666666666666667,0.24547596599768942,31,31,31,31,31,0,31,31,0,0,0,1,False,False,0.01,results/raw/core/L/L_logistic_d10_n100_core/fb-gvi_seed0.csv,trajectory_input,L
core,L,L_logistic_d10_n100_core,FB--GVI,3677949255,32,0.01,73.02113135048866,0.8259617505767238,nan,0.9700537248837218,1.2277504906679173,0.5300286627144628,0.04091263918667184,0.915677222069796,0.9693610573250343,1.2881035665858187,1.9738704109665968,3.551338140249692,0.5796477620024234,,nan,nan,nan,nan,0.6849884418660829,0.45666666666666667,0.24550681754411205,32,32,32,32,32,0,32,32,0,0,0,1,False,False,0.01,results/raw/core/L/L_logistic_d10_n100_core/fb-gvi_seed0.csv,trajectory_input,L
core,L,L_logistic_d10_n100_core,FB--GVI,3677949255,33,0.01,72.98627059524853,0.791100995336592,nan,0.9373505490018872,1.2048627265677256,0.5016114459231663,0.040934545167207605,0.9139164510851329,0.9699664760602399,1.2736298879150203,1.8762048009319694,3.3400602766284897,0.5977547420188785,,nan,nan,nan,nan,0.6850707442498893,0.45666666666666667,0.24553275022586907,33,33,33,33,33,0,33,33,0,0,0,1,False,False,0.01,results/raw/core/L/L_logistic_d10_n100_core/fb-gvi_seed0.csv,trajectory_input,L
core,L,L_logistic_d10_n100_core,FB--GVI,3677949255,34,0.01,72.95345537269066,0.75828577277872,nan,0.9060163678210171,1.182612078312659,0.4751870229974273,0.04095547489398261,0.9121989178524654,0.970608053701259,1.259912658222689,1.7853720618327864,3.147183213694348,0.6157740510534495,,nan,nan,nan,nan,0.6851424213386449,0.45666666666666667,0.2455542264225429,34,34,34,34,34,0,34,34,0,0,0,1,False,False,0.01,results/raw/core/L/L_logistic_d10_n100_core/fb-gvi_seed0.csv,trajectory_input,L
core,L,L_logistic_d10_n100_core,FB--GVI,3677949255,35,0.01,72.92251006557103,0.7273404656590969,nan,0.8759720444306466,1.1609643489565311,0.4505863654320704,0.04097548020111777,0.9105235421453947,0.9712677963736808,1.2469084114294862,1.7007074861463398,2.9705284404569268,0.6338952110381797,,nan,nan,nan,nan,0.6852044568037278,0.4533333333333333,0.24557167803772534,35,35,35,35,35,0,35,35,0,0,0,1,False,False,0.01,results/raw/core/L/L_logistic_d10_n100_core/fb-gvi_seed0.csv,trajectory_input,L
core,L,L_logistic_d10_n100_core,FB--GVI,3677949255,36,0.01,72.89327961803176,0.6981100181198201,nan,0.8471451141811075,1.1398888479535205,0.42765717527864866,0.04099461473628217,0.9088892717430958,0.9719311216670264,1.2345801799363567,1.6216303735069624,2.8082354631771898,0.6518983200076036,,nan,nan,nan,nan,0.6852577691138236,0.4533333333333333,0.24558550674641605,36,36,36,36,36,0,36,36,0,0,0,1,False,False,0.01,results/raw/core/L/L_logistic_d10_n100_core/fb-gvi_seed0.csv,trajectory_input,L
core,L,L_logistic_d10_n100_core,FB--GVI,3677949255,37,0.01,72.8656265637419,0.6704569638299631,nan,0.8194690154626041,1.1193578909971766,0.4062618684107633,0.04101293187986439,0.9072950818936946,0.9725866058399122,1.2228965743616063,1.5476310525042947,2.6587072827146594,0.6698665400035679,,nan,nan,nan,nan,0.6853032121885019,0.4533333333333333,0.2455960847222687,37,37,37,37,37,0,37,37,0,0,0,1,False,False,0.01,results/raw/core/L/L_logistic_d10_n100_core/fb-gvi_seed0.csv,trajectory_input,L
core,L,L_logistic_d10_n100_core,FB--GVI,3677949255,38,0.01,72.83942855801152,0.6442589580995843,nan,0.7928824302938793,1.0993463820597613,0.3862758713114921,0.04103048345870499,0.905739974711321,0.9732255813635509,1.211831698031081,1.4782602608186084,2.52056660911341,0.6878950490499847,,nan,nan,nan,nan,0.6853415770281153,0.4533333333333333,0.24560375569617937,38,38,38,38,38,0,38,38,0,0,0,1,False,False,0.01,results/raw/core/L/L_logistic_d10_n100_core/fb-gvi_seed0.csv,trajectory_input,L
core,L,L_logistic_d10_n100_core,FB--GVI,3677949255,39,0.01,72.81457631569074,0.6194067157788083,nan,0.7673287163023719,1.0798314628966172,0.36758617068864263,0.04104731897966959,0.9042229785293346,0.9738417186080033,1.2013658156657623,1.4131203931221576,2.3926204537197684,0.7059421190060675,,nan,nan,nan,nan,0.68537359402081,0.45666666666666667,0.24560883623419366,39,39,39,39,39,0,39,39,0,0,0,1,False,False,0.01,results/raw/core/L/L_logistic_d10_n100_core/fb-gvi_seed0.csv,trajectory_input,L
core,L,L_logistic_d10_n100_core,FB--GVI,3677949255,40,0.01,72.79097187808213,0.595802278170197,nan,0.7427554152300411,1.0607922181118723,0.350090068559423,0.04106348520442762,0.9027431472269203,0.9744306568183141,1.1914868357165558,1.351858240123452,2.273831296125799,0.7239193280111067,,nan,nan,nan,nan,0.6853999356990709,0.45666666666666667,0.24561161715066068,40,40,40,40,40,0,40,40,0,0,0,1,False,False,0.01,results/raw/core/L/L_logistic_d10_n100_core/fb-gvi_seed0.csv,trajectory_input,L
core,L,L_logistic_d10_n100_core,FB--GVI,3677949255,41,0.01,72.7685271484686,0.5733575485566718,nan,0.7191138258845013,1.0422094261371029,0.333694105643414,0.04107902594827561,0.9012995595421547,0.9749897087649609,1.182192555323717,1.2941589272055976,2.1632934436515256,0.7418908670078963,,nan,nan,nan,nan,0.6854212197736956,0.45666666666666667,0.24561236499395775,41,41,41,41,41,0,41,41,0,0,0,1,False,False,0.01,results/raw/core/L/L_logistic_d10_n100_core/fb-gvi_seed0.csv,trajectory_input,L
core,L,L_logistic_d10_n100_core,FB--GVI,3677949255,42,0.01,72.74716264843217,0.5519930485202309,nan,0.6963586316509647,1.0240653482763422,0.3183131237409533,0.0410939820255057,0.899891318381419,0.9755176366697038,1.17349274024885,1.2397408251417878,2.060213519080495,0.7598997970344499,,nan,nan,nan,nan,0.6854380123160185,0.45666666666666667,0.2456113235584913,42,42,42,42,42,0,42,42,0,0,0,1,False,False,0.01,results/raw/core/L/L_logistic_d10_n100_core/fb-gvi_seed0.csv,trajectory_input,L
core,L,L_logistic_d10_n100_core,FB--GVI,3677949255,43,0.01,72.72680645683238,0.5316368569204428,nan,0.6744475744230906,1.006343549414699,0.3038694438290536,0.041108391289611954,0.8985175501325267,0.9760144772673309,1.1654074267938996,1.188351253947644,1.963894253382796,0.7778331760200672,,nan,nan,nan,nan,0.6854508309923594,0.45666666666666667,0.24560871538920517,43,43,43,43,43,0,43,43,0,0,0,1,False,False,0.01,results/raw/core/L/L_logistic_d10_n100_core/fb-gvi_seed0.csv,trajectory_input,L
core,L,L_logistic_d10_n100_core,FB--GVI,3677949255,44,0.01,72.70739330082996,0.5122237009180282,nan,0.6533411682040555,0.9890287451486148,0.2902921413057018,0.0411222887336033,0.8971774039869596,0.9764813806639938,1.157954052971368,1.1397628380698464,1.8737209432370432,0.7957890460384078,,nan,nan,nan,nan,0.6854601482802481,0.45666666666666667,0.2456047432543896,44,44,44,44,44,0,44,44,0,0,0,1,False,False,0.01,results/raw/core/L/L_logistic_d10_n100_core/fb-gvi_seed0.csv,trajectory_input,L
core,L,L_logistic_d10_n100_core,FB--GVI,3677949255,45,0.01,72.6888637741987,0.4936941742867589,nan,0.6330024467488149,0.9721066710319571,0.2775164034753664,0.04113570662693793,0.8958700512751687,0.9769204253426546,1.1511211120017162,1.0937703997232184,1.7891500725939735,0.8138008450041525,,nan,nan,nan,nan,0.6854663946156707,0.45666666666666667,0.2455995915698697,45,45,45,45,45,0,45,45,0,0,0,1,False,False,0.01,results/raw/core/L/L_logistic_d10_n100_core/fb-gvi_seed0.csv,trajectory_input,L
core,L,L_logistic_d10_n100_core,FB--GVI,3677949255,46,0.01,72.6711636627636,0.4759940628516688,nan,0.6133967405268473,0.9555639703896189,0.26548295723341103,0.041148674673154945,0.8945946848176396,0.9773343848274461,1.1448496556594039,1.0501882993974312,1.709699704055465,0.8317933350335807,,nan,nan,nan,nan,0.6854699614356748,0.4533333333333333,0.245593427763181,46,46,46,46,46,0,46,46,0,0,0,1,False,False,0.01,results/raw/core/L/L_logistic_d10_n100_core/fb-gvi_seed0.csv,trajectory_input,L
core,L,L_logistic_d10_n100_core,FB--GVI,3677949255,47,0.01,72.65424336043276,0.45907376052082327,nan,0.5944914790252573,0.9393880977651721,0.2541375571564602,0.0411612201774041,0.8933505182935808,0.9777264481462365,1.1390486833260782,1.0088481499190456,1.634941327555469,0.8498278540209867,,nan,nan,nan,nan,0.6854712040922253,0.4533333333333333,0.24558640357051956,47,47,47,47,47,0,47,47,0,0,0,1,False,False,0.01,results/raw/core/L/L_logistic_d10_n100_core/fb-gvi_seed0.csv,trajectory_input,L
core,L,L_logistic_d10_n100_core,FB--GVI,3677949255,48,0.01,72.63805736217488,0.44288776226294146,nan,0.5762560150209799,0.9235672355698901,0.2434305259780487,0.04117336821656521,0.8921367856283867,0.9780999245919725,1.1336280469745625,0.9695968441285189,1.5644929167983928,0.8678447840502486,,nan,nan,nan,nan,0.6854704446219702,0.45,0.2455786562623906,48,48,48,48,48,0,48,48,0,0,0,1,False,False,0.01,results/raw/core/L/L_logistic_d10_n100_core/fb-gvi_seed0.csv,trajectory_input,L
core,L,L_logistic_d10_n100_core,FB--GVI,3677949255,49,0.01,72.62256382260765,0.42739422269571037,nan,0.5586614679538365,0.9080902219095789,0.2333163408298154,0.041185141807086705,0.8909527404004988,0.9784579780342773,1.1285171590159817,0.9322948470740032,1.4980129926995212,0.8858352730167098,,nan,nan,nan,nan,0.6854679743632143,0.45,0.245570309796217,49,49,49,49,49,0,49,49,0,0,0,1,False,False,0.01,results/raw/core/L/L_logistic_d10_n100_core/fb-gvi_seed0.csv,trajectory_input,L
core,L,L_logistic_d10_n100_core,FB--GVI,3677949255,50,0.01,72.60772417072677,0.4125545708148337,nan,0.5416805839515195,0.8929464879010076,0.22375325973994908,0.04119656206734705,0.8897976552679052,0.9788034297573968,1.1236662383326628,0.896814712278076,1.4351955311078681,0.9038128230022267,,nan,nan,nan,nan,0.6854640564163503,0.45,0.24556147589588884,50,50,50,50,50,0,50,50,0,0,0,1,False,False,0.01,results/raw/core/L/L_logistic_d10_n100_core/fb-gvi_seed0.csv,trajectory_input,L
core,L,L_logistic_d10_n100_core,FR--KL--STL,3677949255,0,0.0,98.44506177378256,26.24989217387062,nan,6.358129167392517,3.9972584412189462,26.395414121217144,1.0,1.0,1.184105395713135,23.94532020669651,392.80048568424934,615.0360487952705,0.0006444599712267518,,nan,nan,nan,nan,0.6930587329324073,0.49,0.2499557779932144,0,0,0,0,0,0,0,0,0,0,0,16,False,False,0.0,results/raw/core/L/L_logistic_d10_n100_core/fr-kl-stl-b16_seed0.csv,trajectory_input,L
core,L,L_logistic_d10_n100_core,FR--KL--STL,3677949255,1,0.008,95.30380357387385,23.108633973961915,nan,5.82295495247966,3.709819516288758,23.0410973885045,0.8581621476453499,0.9986662066944069,1.1825238300504475,20.554982884309155,315.74846563691005,552.5306298939794,0.014106849965173751,,nan,nan,nan,nan,0.6870549562180075,0.41333333333333333,0.2469557471528812,1,16,16,16,0,0,1,1,3,3,0,16,False,False,0.008,results/raw/core/L/L_logistic_d10_n100_core/fr-kl-stl-b16_seed0.csv,trajectory_input,L
core,L,L_logistic_d10_n100_core,FR--KL--STL,3677949255,2,0.008,92.89915322728642,20.703983627374484,nan,5.409220958976339,3.4530496140992266,20.881161982984853,0.7697729693374084,0.9974313039843459,1.181059298245759,18.459486594875187,261.16505296674427,501.7731779686861,0.027527760015800595,,nan,nan,nan,nan,0.6836103644966054,0.44666666666666666,0.24524212073976723,2,32,32,32,0,0,2,2,6,6,0,16,False,False,0.008,results/raw/core/L/L_logistic_d10_n100_core/fr-kl-stl-b16_seed0.csv,trajectory_input,L
core,L,L_logistic_d10_n100_core,FR--KL--STL,3677949255,3,0.008,90.76138794498806,18.566218345076123,nan,5.043991820718376,3.2472430367200817,18.748619671664997,0.682007220490437,0.9960483692191355,1.1794181485577206,16.355725233745392,215.0502785034908,453.04668568593917,0.0408605289994739,,nan,nan,nan,nan,0.6808637788199107,0.43666666666666665,0.24388488121167967,3,48,48,48,0,0,3,3,9,9,0,16,False,False,0.008,results/raw/core/L/L_logistic_d10_n100_core/fr-kl-stl-b16_seed0.csv,trajectory_input,L
core,L,L_logistic_d10_n100_core,FR--KL--STL,3677949255,4,0.008,89.15034515305153,16.955175553139597,nan,4.763241848264805,3.098171771872531,17.124588583461307,0.6164866934509049,0.9947339274540016,1.1778588318159524,14.787543021219694,183.04483893665105,416.22913923883056,0.05422559898579493,,nan,nan,nan,nan,0.6785699244159079,0.43333333333333335,0.24275828183272333,4,64,64,64,0,0,4,4,12,12,0,16,False,False,0.008,results/raw/core/L/L_logistic_d10_n100_core/fr-kl-stl-b16_seed0.csv,trajectory_input,L
core,L,L_logistic_d10_n100_core,FR--KL--STL,3677949255,5,0.008,87.76795036170452,15.572780761792586,nan,4.501357558694577,2.946368775466622,15.885043681028323,0.5674074866441233,0.9935515495615385,1.1764564177099022,13.613326101065224,158.05673166366154,384.4948549888292,0.0676002079853788,,nan,nan,nan,nan,0.6774652017024249,0.44666666666666666,0.24222699334715306,5,80,80,80,0,0,5,5,15,15,0,16,False,False,0.008,results/raw/core/L/L_logistic_d10_n100_core/fr-kl-stl-b16_seed0.csv,trajectory_input,L
core,L,L_logistic_d10_n100_core,FR--KL--STL,3677949255,6,0.008,86.32341063837374,14.128241038461809,nan,4.238817031004209,2.7813060920182493,14.641971219240604,0.5184518741834059,0.9922033500872826,1.1748581196970516,12.445915703931924,133.10360490465047,349.0070170643102,0.08095067797694355,,nan,nan,nan,nan,0.6768148872584678,0.44666666666666666,0.24192801972488165,6,96,96,96,0,0,6,6,18,18,0,16,False,False,0.008,results/raw/core/L/L_logistic_d10_n100_core/fr-kl-stl-b16_seed0.csv,trajectory_input,L
core,L,L_logistic_d10_n100_core,FR--KL--STL,3677949255,7,0.008,85.31876417647047,13.123594576558531,nan,4.027299137710001,2.6773218474371805,13.653788602680375,0.4796695184033215,0.9909110008683187,1.1733261518839695,11.517267314459215,117.80110892604024,326.7132821271945,0.0942763079656288,,nan,nan,nan,nan,0.6754588099124942,0.44,0.24127562448155657,7,112,112,112,0,0,7,7,21,21,0,16,False,False,0.008,results/raw/core/L/L_logistic_d10_n100_core/fr-kl-stl-b16_seed0.csv,trajectory_input,L
core,L,L_logistic_d10_n100_core,FR--KL--STL,3677949255,8,0.008,84.47397217364252,12.278802573730587,nan,3.849082127549501,2.586451358719558,12.879663840861948,0.4506580795691629,0.9896990567792207,1.1718874904777103,10.824744722486937,105.24559770045187,306.87437956298896,0.10765434696804732,,nan,nan,nan,nan,0.6737411800060937,0.44,0.2404504382767142,8,128,128,128,0,0,8,8,24,24,0,16,False,False,0.008,results/raw/core/L/L_logistic_d10_n100_core/fr-kl-stl-b16_seed0.csv,trajectory_input,L
core,L,L_logistic_d10_n100_core,FR--KL--STL,3677949255,9,0.008,83.73818907371191,11.543019473799973,nan,3.693661582915729,2.511316233351022,12.175897594609896,0.42438117810846276,0.9885019519591468,1.170466972493932,10.197251479398796,94.75169341794853,289.1550472898018,0.12097239698050544,,nan,nan,nan,nan,0.6736778017958953,0.44333333333333336,0.24043312923881682,9,144,144,144,0,0,9,9,27,27,0,16,False,False,0.008,results/raw/core/L/L_logistic_d10_n100_core/fr-kl-stl-b16_seed0.csv,trajectory_input,L
core,L,L_logistic_d10_n100_core,FR--KL--STL,3677949255,10,0.008,83.05625431125765,10.861084711345711,nan,3.5418981150850835,2.4441696634007632,11.49870654613601,0.3988571470042326,0.987249511924993,1.1689805827199649,9.585407317347666,85.53349950714968,272.2968739058689,0.13432231597835198,,nan,nan,nan,nan,0.675173552532606,0.4533333333333333,0.2411712600088803,10,160,160,160,0,0,10,10,30,30,0,16,False,False,0.008,results/raw/core/L/L_logistic_d10_n100_core/fr-kl-stl-b16_seed0.csv,trajectory_input,L
core,L,L_logistic_d10_n100_core,FR--KL--STL,3677949255,11,0.008,82.35431623169032,10.159146631778384,nan,3.3883596841632437,2.3649413346204433,10.85903820736369,0.37453566696567453,0.9859903229784356,1.1674878165855676,9.000730903955589,76.37340212818889,254.2493718167945,0.1477005059714429,,nan,nan,nan,nan,0.675304068219428,0.45,0.2412446158783693,11,176,176,176,0,0,11,11,33,33,0,16,False,False,0.008,results/raw/core/L/L_logistic_d10_n100_core/fr-kl-stl-b16_seed0.csv,trajectory_input,L
core,L,L_logistic_d10_n100_core,FR--KL--STL,3677949255,12,0.008,81.81315934286715,9.617989742955217,nan,3.263237532937066,2.3105889426213486,10.302919856661594,0.35392444197709355,0.9847143452735544,1.1659734861651068,8.50097761384676,69.91888742429703,241.52040462238776,0.1610103760031052,,nan,nan,nan,nan,0.675297573442818,0.4633333333333333,0.24124982498573008,12,192,192,192,0,0,12,12,36,36,0,16,False,False,0.008,results/raw/core/L/L_logistic_d10_n100_core/fr-kl-stl-b16_seed0.csv,trajectory_input,L
core,L,L_logistic_d10_n100_core,FR--KL--STL,3677949255,13,0.008,81.29160137554867,9.09643177563673,nan,3.137451805587377,2.2482741245119304,9.814195962856939,0.33599891430920503,0.9834738484047372,1.164502441181325,8.070237031206336,63.95040893936073,229.20507668032528,0.17432617500890046,,nan,nan,nan,nan,0.6753389325142973,0.4633333333333333,0.24127792085913968,13,208,208,208,0,0,13,13,39,39,0,16,False,False,0.008,results/raw/core/L/L_logistic_d10_n100_core/fr-kl-stl-b16_seed0.csv,trajectory_input,L
core,L,L_logistic_d10_n100_core,FR--KL--STL,3677949255,14,0.008,80.81709911790183,8.621929517989898,nan,3.0202263643073377,2.185459260951225,9.392069857472341,0.320736250536251,0.9823122536334682,1.1631249383352789,7.701725005575826,58.73399842312092,217.98507238671996,0.18766725499881431,,nan,nan,nan,nan,0.674694272184372,0.45666666666666667,0.2409762900617131,14,224,224,224,0,0,14,14,42,42,0,16,False,False,0.008,results/raw/core/L/L_logistic_d10_n100_core/fr-kl-stl-b16_seed0.csv,trajectory_input,L
core,L,L_logistic_d10_n100_core,FR--KL--STL,3677949255,15,0.008,80.37575844366226,8.180588843750328,nan,2.9103960754861875,2.1300703131563634,8.99529242652578,0.3066064900124188,0.9811482100390225,1.1617445892580458,7.364336490571779,53.960617336412156,206.92903123121482,0.20098829397466034,,nan,nan,nan,nan,0.6761332520319697,0.4633333333333333,0.24167450290513584,15,240,240,240,0,0,15,15,45,45,0,16,False,False,0.008,results/raw/core/L/L_logistic_d10_n100_core/fr-kl-stl-b16_seed0.csv,trajectory_input,L
core,L,L_logistic_d10_n100_core,FR--KL--STL,3677949255,16,0.008,79.93302358269553,7.737853982783591,nan,2.801132936404159,2.0698795228246105,8.614823827315451,0.2930846370424762,0.9799316156478649,1.160300406852813,7.041730570815912,49.320995046027484,195.66187257270937,0.21441482397494838,,nan,nan,nan,nan,0.6772395927386486,0.4666666666666667,0.24221038195974132,16,256,256,256,0,0,16,16,48,48,0,16,False,False,0.008,results/raw/core/L/L_logistic_d10_n100_core/fr-kl-stl-b16_seed0.csv,trajectory_input,L
core,L,L_logistic_d10_n100_core,FR--KL--STL,3677949255,17,0.008,79.62648762283297,7.431318022921033,nan,2.7167093305759167,2.041681011946415,8.283775823321449,0.2810820173217152,0.9788160438311762,1.1589810495409945,6.753665430774968,46.31287441472426,187.94427925827057,0.22786118398653343,,nan,nan,nan,nan,0.6778107628472676,0.46,0.24248391744218992,17,272,272,272,0,0,17,17,51,51,0,16,False,False,0.008,results/raw/core/L/L_logistic_d10_n100_core/fr-kl-stl-b16_seed0.csv,trajectory_input,L
core,L,L_logistic_d10_n100_core,FR--KL--STL,3677949255,18,0.008,79.25802505202272,7.062855452110782,nan,2.6267024959609517,1.9926878167048607,7.952410231863923,0.2696239451807685,0.9776292232265725,1.1575740300379653,6.476757250441686,42.67751678890457,178.5483696141867,0.24128662300063297,,nan,nan,nan,nan,0.6773667797696233,0.4633333333333333,0.2422740169222469,18,288,288,288,0,0,18,18,54,54,0,16,False,False,0.008,results/raw/core/L/L_logistic_d10_n100_core/fr-kl-stl-b16_seed0.csv,trajectory_input,L
core,L,L_logistic_d10_n100_core,FR--KL--STL,3677949255,19,0.008,78.89136169451928,6.6961920946073406,nan,2.5337036153006793,1.941420103565198,7.635874653306442,0.2585306899560591,0.976421796809973,1.1561417794788038,6.210966959661642,39.14724952123508,168.8303962473959,0.25456534296972677,,nan,nan,nan,nan,0.677046741282896,0.46,0.24212146787087818,19,304,304,304,0,0,19,19,57,57,0,16,False,False,0.008,results/raw/core/L/L_logistic_d10_n100_core/fr-kl-stl-b16_seed0.csv,trajectory_input,L
core,L,L_logistic_d10_n100_core,FR--KL--STL,3677949255,20,0.008,78.63095864911546,6.435789049203521,nan,2.459493106125109,1.9077495570866856,7.390532519083392,0.25015137491283396,0.9753432195920728,1.1548640915586497,6.009818007291091,36.83306399099065,162.33038305478254,0.26788530201883987,,nan,nan,nan,nan,0.677459992494423,0.46,0.2423164803438786,20,320,320,320,0,0,20,20,60,60,0,16,False,False,0.008,results/raw/core/L/L_logistic_d10_n100_core/fr-kl-stl-b16_seed0.csv,trajectory_input,L
core,L,L_logistic_d10_n100_core,FR--KL--STL,3677949255,21,0.008,78.31445164786471,6.11928204795278,nan,2.376267144256219,1.8577277842851214,7.132233532863308,0.24154779627976602,0.9741712592958506,1.1534716583644191,5.803312688933284,33.99703391787195,154.1587230857009,0.2811889019794762,,nan,nan,nan,nan,0.6777908917507797,0.45666666666666667,0.24247077769294606,21,336,336,336,0,0,21,21,63,63,0,16,False,False,0.008,results/raw/core/L/L_logistic_d10_n100_core/fr-kl-stl-b16_seed0.csv,trajectory_input,L
core,L,L_logistic_d10_n100_core,FR--KL--STL,3677949255,22,0.008,78.05178239085673,5.856612790944794,nan,2.2986792268540346,1.822043653441242,6.884245311506988,0.23305777230475366,0.9729984565450055,1.1520808269652658,5.599951719488488,31.799041544731526,147.54969361949293,0.2944844519952312,,nan,nan,nan,nan,0.6782622736436416,0.45666666666666667,0.24268890331843712,22,352,352,352,0,0,22,22,66,66,0,16,False,False,0.008,results/raw/core/L/L_logistic_d10_n100_core/fr-kl-stl-b16_seed0.csv,trajectory_input,L
core,L,L_logistic_d10_n100_core,FR--KL--STL,3677949255,23,0.008,77.81110438518726,5.6159347852753285,nan,2.2313605308281503,1.7894758927216525,6.655271465999221,0.22540059607798324,0.9718541913597228,1.150723239951178,5.414913449412896,29.799087832240748,141.33348670929078,0.30778268101857975,,nan,nan,nan,nan,0.6782920437114547,0.46,0.2426996998552472,23,368,368,368,0,0,23,23,69,69,0,16,False,False,0.008,results/raw/core/L/L_logistic_d10_n100_core/fr-kl-stl-b16_seed0.csv,trajectory_input,L
core,L,L_logistic_d10_n100_core,FR--KL--STL,3677949255,24,0.008,77.57751069625141,5.3823410963394736,nan,2.165256029662468,1.7596946634996233,6.434091160840326,0.21823459468337342,0.9707055300209719,1.1493618412985505,5.244741376187964,27.89125114574165,135.17000667253137,0.32107320096110925,,nan,nan,nan,nan,0.6789080886998001,0.45666666666666667,0.2429822814331273,24,384,384,384,0,0,24,24,72,72,0,16,False,False,0.008,results/raw/core/L/L_logistic_d10_n100_core/fr-kl-stl-b16_seed0.csv,trajectory_input,L
core,L,L_logistic_d10_n100_core,FR--KL--STL,3677949255,25,0.008,77.35295084705264,5.157781247140704,nan,2.0987615253737397,1.722212590231027,6.235928941454051,0.2118370768598774,0.969601260796572,1.1480509815425386,5.091229145833899,26.156230282266243,129.6214847880366,0.3344484199769795,,nan,nan,nan,nan,0.6787617807505723,0.45666666666666667,0.24291035751503942,25,400,400,400,0,0,25,25,75,75,0,16,False,False,0.008,results/raw/core/L/L_logistic_d10_n100_core/fr-kl-stl-b16_seed0.csv,trajectory_input,L
core,L,L_logistic_d10_n100_core,FR--KL--STL,3677949255,26,0.008,77.14187329155817,4.946703691646235,nan,2.033446629272543,1.6862246349667536,6.04708444416533,0.2057979824271476,0.9684832776636542,1.1467220216275893,4.946385602792303,24.586472033219344,124.49631013390102,0.347924760018941,,nan,nan,nan,nan,0.6788449830475621,0.4633333333333333,0.24294764359286247,26,416,416,416,0,0,26,26,78,78,0,16,False,False,0.008,results/raw/core/L/L_logistic_d10_n100_core/fr-kl-stl-b16_seed0.csv,trajectory_input,L
core,L,L_logistic_d10_n100_core,FR--KL--STL,3677949255,27,0.008,76.97318938893017,4.778019789018231,nan,1.9799544696277223,1.662268224784201,5.8757788578476715,0.2002622926021716,0.9674157402077641,1.145457970408507,4.81301438045963,23.380089898826316,120.36105663625055,0.36125392001122236,,nan,nan,nan,nan,0.6787240838833231,0.45666666666666667,0.2428879882781742,27,432,432,432,0,0,27,27,81,81,0,16,False,False,0.008,results/raw/core/L/L_logistic_d10_n100_core/fr-kl-stl-b16_seed0.csv,trajectory_input,L
core,L,L_logistic_d10_n100_core,FR--KL--STL,3677949255,28,0.008,76.79448954218647,4.5993199422745334,nan,1.9253717041678502,1.633170175076164,5.71291141214462,0.1952098879494222,0.966362721348365,1.1442068454324803,4.691114258869999,22.084090998055217,115.83525935835438,0.3745549590094015,,nan,nan,nan,nan,0.6788465792305961,0.45666666666666667,0.2429422763753876,28,448,448,448,0,0,28,28,84,84,0,16,False,False,0.008,results/raw/core/L/L_logistic_d10_n100_core/fr-kl-stl-b16_seed0.csv,trajectory_input,L
core,L,L_logistic_d10_n100_core,FR--KL--STL,3677949255,29,0.008,76.61355009497039,4.418380495058457,nan,1.8687231031936817,1.6022594309522498,5.547870298970129,0.1899932012078857,0.9652785578803235,1.1429200226275409,4.5653819875676955,20.807257914187826,111.246168696905,0.3878684989758767,,nan,nan,nan,nan,0.6789793491500589,0.45666666666666667,0.2430023019340165,29,464,464,464,0,0,29,29,87,87,0,16,False,False,0.008,results/raw/core/L/L_logistic_d10_n100_core/fr-kl-stl-b16_seed0.csv,trajectory_input,L
core,L,L_logistic_d10_n100_core,FR--KL--STL,3677949255,30,0.008,76.44867162219037,4.25350202227844,nan,1.818416971718979,1.5775978855038244,5.3887002821740095,0.18493598888562074,0.9641649670303599,1.1415992987194559,4.4449772235609935,19.659441965513587,106.92932296872124,0.4011887679807842,,nan,nan,nan,nan,0.6795223538715919,0.45666666666666667,0.24324796158584316,30,480,480,480,0,0,30,30,90,90,0,16,False,False,0.008,results/raw/core/L/L_logistic_d10_n100_core/fr-kl-stl-b16_seed0.csv,trajectory_input,L
core,L,L_logistic_d10_n100_core,FR--KL--STL,3677949255,31,0.008,76.2960562721546,4.100886672242666,nan,1.7709101964014389,1.553324323451332,5.24040811512914,0.18024364224093814,0.9630948694203579,1.1403313710453569,4.332088013911755,18.629322105205727,102.97629764396913,0.4144795580068603,,nan,nan,nan,nan,0.6796391832625898,0.45666666666666667,0.24329870633296855,31,496,496,496,0,0,31,31,93,93,0,16,False,False,0.008,results/raw/core/L/L_logistic_d10_n100_core/fr-kl-stl-b16_seed0.csv,trajectory_input,L
core,L,L_logistic_d10_n100_core,FR--KL--STL,3677949255,32,0.008,76.15425507210905,3.959085472197117,nan,1.7216673392921509,1.529254126760065,5.10493327749142,0.17592984708997922,0.9620518022150913,1.1390932969121874,4.229050679639471,17.71686324074641,99.43204612017027,0.42780447797849774,,nan,nan,nan,nan,0.6802942152916827,0.45666666666666667,0.24359681243853315,32,512,512,512,0,0,32,32,96,96,0,16,False,False,0.008,results/raw/core/L/L_logistic_d10_n100_core/fr-kl-stl-b16_seed0.csv,trajectory_input,L
core,L,L_logistic_d10_n100_core,FR--KL--STL,3677949255,33,0.008,76.02130595569538,3.826136355783447,nan,1.6760939116579223,1.5030671636668163,4.980524349551895,0.17215967374572244,0.961042499299672,1.1378951204729737,4.137744123371377,16.888464078209893,96.2901242055607,0.44120616698637605,,nan,nan,nan,nan,0.6802949879797425,0.4533333333333333,0.24359879969776724,33,528,528,528,0,0,33,33,99,99,0,16,False,False,0.008,results/raw/core/L/L_logistic_d10_n100_core/fr-kl-stl-b16_seed0.csv,trajectory_input,L
core,L,L_logistic_d10_n100_core,FR--KL--STL,3677949255,34,0.008,75.89077324669901,3.6956036467870774,nan,1.6325161078452575,1.4807095705208688,4.855917305584883,0.16825027459903158,0.9600261415229272,1.1366896608582864,4.044587499408139,16.06376684529939,92.94864587498063,0.45446854701731354,,nan,nan,nan,nan,0.6811042399885553,0.4533333333333333,0.24396702313489205,34,544,544,544,0,0,34,34,102,102,0,16,False,False,0.008,results/raw/core/L/L_logistic_d10_n100_core/fr-kl-stl-b16_seed0.csv,trajectory_input,L
core,L,L_logistic_d10_n100_core,FR--KL--STL,3677949255,35,0.008,75.76329448061307,3.5681248807011343,nan,1.5915551931357337,1.4553147188570774,4.74036568814856,0.1649033910620743,0.9590220044764582,1.135496400325279,3.963991000741906,15.266324760777994,89.7343924744287,0.4678605069639161,,nan,nan,nan,nan,0.6808557231602755,0.4533333333333333,0.24385046329844173,35,560,560,560,0,0,35,35,105,105,0,16,False,False,0.008,results/raw/core/L/L_logistic_d10_n100_core/fr-kl-stl-b16_seed0.csv,trajectory_input,L
core,L,L_logistic_d10_n100_core,FR--KL--STL,3677949255,36,0.008,75.6339530546158,3.4387834547038665,nan,1.548932958250561,1.4328915473700357,4.615412740292235,0.16104691124320403,0.9579755528557392,1.1342545760429161,3.871714225364026,14.467029781048902,86.29440068803528,0.481221055961214,,nan,nan,nan,nan,0.6811039875105075,0.4533333333333333,0.24395532011034296,36,576,576,576,0,0,36,36,108,108,0,16,False,False,0.008,results/raw/core/L/L_logistic_d10_n100_core/fr-kl-stl-b16_seed0.csv,trajectory_input,L
core,L,L_logistic_d10_n100_core,FR--KL--STL,3677949255,37,0.008,75.51318436498975,3.3180147650778196,nan,1.5092350056853854,1.4080222137851102,4.507198897697593,0.15785519697067718,0.9570174241678779,1.1331181811872801,3.7956367063004017,13.734607239094183,83.17678804903443,0.49475098599214107,,nan,nan,nan,nan,0.681041804227485,0.4533333333333333,0.24391873619842588,37,592,592,592,0,0,37,37,111,111,0,16,False,False,0.008,results/raw/core/L/L_logistic_d10_n100_core/fr-kl-stl-b16_seed0.csv,trajectory_input,L
core,L,L_logistic_d10_n100_core,FR--KL--STL,3677949255,38,0.008,75.41094124916904,3.215771649257107,nan,1.4699038830131919,1.3894555132749207,4.401669797688771,0.15460235754008633,0.956047736108542,1.1319700532586787,3.7176101413773304,13.16051980789843,80.63384894504136,0.5081132049672306,,nan,nan,nan,nan,0.6812177378700214,0.4533333333333333,0.24399288889954937,38,608,608,608,0,0,38,38,114,114,0,16,False,False,0.008,results/raw/core/L/L_logistic_d10_n100_core/fr-kl-stl-b16_seed0.csv,trajectory_input,L
core,L,L_logistic_d10_n100_core,FR--KL--STL,3677949255,39,0.008,75.30050471166882,3.1053351117568866,nan,1.4300536141740758,1.364127692343232,4.303392724203929,0.15169624222821781,0.9551215217667102,1.1308710477151294,3.647272260069344,12.527618779990885,77.87554310648733,0.5214705849648453,,nan,nan,nan,nan,0.6808392083139625,0.4533333333333333,0.2438098544844635,39,624,624,624,0,0,39,39,117,117,0,16,False,False,0.008,results/raw/core/L/L_logistic_d10_n100_core/fr-kl-stl-b16_seed0.csv,trajectory_input,L
core,L,L_logistic_d10_n100_core,FR--KL--STL,3677949255,40,0.008,75.2080699349003,3.012900334988359,nan,1.3957816668827803,1.3472618467870965,4.207291339063893,0.1488073800426763,0.9541551418210732,1.129726602736443,3.578126704283269,12.017807273645731,75.52830038504052,0.5347788849612698,,nan,nan,nan,nan,0.6809319612903292,0.45,0.24384713209521086,40,640,640,640,0,0,40,40,120,120,0,16,False,False,0.008,results/raw/core/L/L_logistic_d10_n100_core/fr-kl-stl-b16_seed0.csv,trajectory_input,L
core,L,L_logistic_d10_n100_core,FR--KL--STL,3677949255,41,0.008,75.11063060359598,2.915461003684044,nan,1.3601143602131396,1.326705223422761,4.109251727567133,0.14588743237794777,0.9531735878393851,1.128564337383047,3.506905879568009,11.49061599621123,73.13175581082754,0.5480647839722224,,nan,nan,nan,nan,0.6806609670744365,0.44333333333333336,0.24371795150278255,41,656,656,656,0,0,41,41,123,123,0,16,False,False,0.008,results/raw/core/L/L_logistic_d10_n100_core/fr-kl-stl-b16_seed0.csv,trajectory_input,L
core,L,L_logistic_d10_n100_core,FR--KL--STL,3677949255,42,0.008,75.01296996668076,2.8178003667688216,nan,1.3253763470842208,1.3056050910765005,4.016509131758003,0.14314194252385687,0.9521891784563867,1.127395638325136,3.44107783284952,10.955222831380402,70.63535230229336,0.5613646939746104,,nan,nan,nan,nan,0.6811192750833097,0.44333333333333336,0.24392120792157565,42,672,672,672,0,0,42,42,126,126,0,16,False,False,0.008,results/raw/core/L/L_logistic_d10_n100_core/fr-kl-stl-b16_seed0.csv,trajectory_input,L
core,L,L_logistic_d10_n100_core,FR--KL--STL,3677949255,43,0.008,74.92338303251725,2.7282134326053153,nan,1.295278055644073,1.2894972579197377,3.9238351171459076,0.14036427701769036,0.9512140633336308,1.1262412351064013,3.3747632237724403,10.462815375507063,68.19234950799932,0.5746918829972856,,nan,nan,nan,nan,0.6814289385807566,0.44666666666666666,0.24405458640535868,43,688,688,688,0,0,43,43,129,129,0,16,False,False,0.008,results/raw/core/L/L_logistic_d10_n100_core/fr-kl-stl-b16_seed0.csv,trajectory_input,L
core,L,L_logistic_d10_n100_core,FR--KL--STL,3677949255,44,0.008,74.84298367425527,2.64781407434333,nan,1.2651292334229827,1.2745035453585334,3.840824547571058,0.13799515397666418,0.9502928126438458,1.1251507041011315,3.318110073951525,10.037072021344795,66.06816789551455,0.5879931729868986,,nan,nan,nan,nan,0.6815321185795711,0.44666666666666666,0.2440891113063294,44,704,704,704,0,0,44,44,132,132,0,16,False,False,0.008,results/raw/core/L/L_logistic_d10_n100_core/fr-kl-stl-b16_seed0.csv,trajectory_input,L
core,L,L_logistic_d10_n100_core,FR--KL--STL,3677949255,45,0.008,74.76856328366341,2.573393683751476,nan,1.2345614755116499,1.257575574934178,3.7635920562549554,0.13577307258249374,0.9493929603409308,1.1240836584657685,3.2640028824319187,9.669217857457104,64.29135678793389,0.6012955929618329,,nan,nan,nan,nan,0.6813885572813556,0.44333333333333336,0.24402117988412997,45,720,720,720,0,0,45,45,135,135,0,16,False,False,0.008,results/raw/core/L/L_logistic_d10_n100_core/fr-kl-stl-b16_seed0.csv,trajectory_input,L
core,L,L_logistic_d10_n100_core,FR--KL--STL,3677949255,46,0.008,74.69059325948899,2.4954236595770567,nan,1.203638515472429,1.2398432027215347,3.684253750669468,0.13345039861983476,0.9484459675472894,1.1229603393145418,3.208277608086213,9.279166751979101,62.34854909515577,0.6146016219863668,,nan,nan,nan,nan,0.6813825068488906,0.45,0.24401357070241866,46,736,736,736,0,0,46,46,138,138,0,16,False,False,0.008,results/raw/core/L/L_logistic_d10_n100_core/fr-kl-stl-b16_seed0.csv,trajectory_input,L
core,L,L_logistic_d10_n100_core,FR--KL--STL,3677949255,47,0.008,74.61838238292471,2.4232127830127723,nan,1.1758572218593835,1.2251509282727104,3.6062408199383382,0.13118305467502459,0.947523899109178,1.1218693668816528,3.1537495843866012,8.920899239002903,60.49221015600554,0.6279041519737802,,nan,nan,nan,nan,0.6814102346255625,0.45,0.24401979927962478,47,752,752,752,0,0,47,47,141,141,0,16,False,False,0.008,results/raw/core/L/L_logistic_d10_n100_core/fr-kl-stl-b16_seed0.csv,trajectory_input,L
core,L,L_logistic_d10_n100_core,FR--KL--STL,3677949255,48,0.008,74.54853183858349,2.3533622386715507,nan,1.1463627041664974,1.2098157575945645,3.533574993013209,0.12909361131211292,0.946630867639265,1.120811153897715,3.103894778104841,8.581358261521691,58.721861278618206,0.6411868910072371,,nan,nan,nan,nan,0.6816206174910694,0.44666666666666666,0.24410477143967332,48,768,768,768,0,0,48,48,144,144,0,16,False,False,0.008,results/raw/core/L/L_logistic_d10_n100_core/fr-kl-stl-b16_seed0.csv,trajectory_input,L
core,L,L_logistic_d10_n100_core,FR--KL--STL,3677949255,49,0.008,74.47865979637244,2.283490196460505,nan,1.118977414393055,1.1946159944582417,3.4594774753878443,0.12700950128324806,0.9457023954568264,1.1197125095086713,3.0536481949814416,8.241013686654323,56.91897653291936,0.6544793709763326,,nan,nan,nan,nan,0.6814301359346109,0.44666666666666666,0.24401039931631346,49,784,784,784,0,0,49,49,147,147,0,16,False,False,0.008,results/raw/core/L/L_logistic_d10_n100_core/fr-kl-stl-b16_seed0.csv,trajectory_input,L
core,L,L_logistic_d10_n100_core,FR--KL--STL,3677949255,50,0.008,74.41556250840983,2.2203929084978995,nan,1.095243560951042,1.1822447009811845,3.389432453853093,0.12503924422064228,0.94480728132607,1.1186545408991162,3.0062477546031765,7.935217947729257,55.24659594093808,0.6677531409659423,,nan,nan,nan,nan,0.6814649639842476,0.44666666666666666,0.2440176165453743,50,800,800,800,0,0,50,50,150,150,0,16,False,False,0.008,results/raw/core/L/L_logistic_d10_n100_core/fr-kl-stl-b16_seed0.csv,trajectory_input,L
core,L,L_logistic_d10_n100_core,FR--KL--STL,1772490794,0,0.0,98.44506177378256,26.24989217387062,nan,6.358129167392517,3.9972584412189462,26.395414121217144,1.0,1.0,1.184105395713135,23.94532020669651,392.80048568424934,615.0360487952705,0.0006438699783757329,,nan,nan,nan,nan,0.6930234787734824,0.48,0.24993814900108446,0,0,0,0,0,0,0,0,0,0,0,16,False,False,0.0,results/raw/core/L/L_logistic_d10_n100_core/fr-kl-stl-b16_seed1.csv,trajectory_input,L
core,L,L_logistic_d10_n100_core,FR--KL--STL,1772490794,1,0.008,95.9748492857607,23.779679685848762,nan,5.9041355345394635,3.79290928236006,23.65274647601861,0.8864340250530521,0.9988052631105484,1.1826856552619578,21.24733697524239,333.3102536943187,570.7237912967406,0.014103239984251559,,nan,nan,nan,nan,0.6864450824780588,0.38,0.2466504888639553,1,16,16,16,0,0,1,1,3,3,0,16,False,False,0.008,results/raw/core/L/L_logistic_d10_n100_core/fr-kl-stl-b16_seed1.csv,trajectory_input,L
core,L,L_logistic_d10_n100_core,FR--KL--STL,1772490794,2,0.008,93.4408398464137,21.24567024650176,nan,5.470078220317012,3.5366764105571575,21.223066575406918,0.7860499629992274,0.9975184798174723,1.1811573055435234,18.846663298332615,274.5839071844796,517.8052596111099,0.027563359995838255,,nan,nan,nan,nan,0.6830533146067067,0.41333333333333333,0.24496153666750908,2,32,32,32,0,0,2,2,6,6,0,16,False,False,0.008,results/raw/core/L/L_logistic_d10_n100_core/fr-kl-stl-b16_seed1.csv,trajectory_input,L
core,L,L_logistic_d10_n100_core,FR--KL--STL,1772490794,3,0.008,91.7293316197715,19.534162019859565,nan,5.155398514037966,3.410123274825252,19.21869294352509,0.7034111771224812,0.9962584710080048,1.179662149288918,16.861488714734634,237.47627125653537,482.4893829083796,0.04089981899596751,,nan,nan,nan,nan,0.680159625259826,0.4033333333333333,0.2435244254856463,3,48,48,48,0,0,3,3,9,9,0,16,False,False,0.008,results/raw/core/L/L_logistic_d10_n100_core/fr-kl-stl-b16_seed1.csv,trajectory_input,L
core,L,L_logistic_d10_n100_core,FR--KL--STL,1772490794,4,0.008,89.77892542261723,17.5837558227053,nan,4.819450953003674,3.1787831023522934,17.62641002976594,0.6393867018816329,0.995005512294134,1.1781740834925811,15.334970383507642,196.2360493379539,434.12730389680496,0.0542267489945516,,nan,nan,nan,nan,0.6818729891705104,0.45,0.24438917794902465,4,64,64,64,0,0,4,4,12,12,0,16,False,False,0.008,results/raw/core/L/L_logistic_d10_n100_core/fr-kl-stl-b16_seed1.csv,trajectory_input,L
core,L,L_logistic_d10_n100_core,FR--KL--STL,1772490794,5,0.008,88.18690703831435,15.99173743840241,nan,4.523821244894389,2.997967785649682,16.24066160205438,0.5839945704189652,0.9937166398705768,1.176645510863233,14.009023151144014,166.72881709944627,397.2024338295986,0.06761537800775841,,nan,nan,nan,nan,0.6817744261085157,0.4533333333333333,0.24435234170753511,5,80,80,80,0,0,5,5,15,15,0,16,False,False,0.008,results/raw/core/L/L_logistic_d10_n100_core/fr-kl-stl-b16_seed1.csv,trajectory_input,L
core,L,L_logistic_d10_n100_core,FR--KL--STL,1772490794,6,0.008,86.93279144931567,14.737621849403737,nan,4.291477945034956,2.875399630817757,14.997520367023792,0.5343277062853419,0.9923774112772021,1.17505429366644,12.817896237169036,144.88694472494782,368.11174563790087,0.0809423279715702,,nan,nan,nan,nan,0.6803437690461752,0.45666666666666667,0.243653532782232,6,96,96,96,0,0,6,6,18,18,0,16,False,False,0.008,results/raw/core/L/L_logistic_d10_n100_core/fr-kl-stl-b16_seed1.csv,trajectory_input,L
core,L,L_logistic_d10_n100_core,FR--KL--STL,1772490794,7,0.008,85.71281880844224,13.517649208530301,nan,4.067882891070052,2.7299521428110394,13.997041798673145,0.4957674352212649,0.9911148994717042,1.1735569774616053,11.897028861900203,124.44049829581915,337.5068939778609,0.09424804797163233,,nan,nan,nan,nan,0.6802996649401681,0.45,0.24364547149839982,7,112,112,112,0,0,7,7,21,21,0,16,False,False,0.008,results/raw/core/L/L_logistic_d10_n100_core/fr-kl-stl-b16_seed1.csv,trajectory_input,L
core,L,L_logistic_d10_n100_core,FR--KL--STL,1772490794,8,0.008,84.79777353891892,12.602603939006983,nan,3.8797233604260484,2.643062117945907,13.06155896955385,0.4592780282523473,0.9898186123743201,1.1720202972544385,11.021685114461715,110.49626199723934,316.0842378733428,0.10759664699435234,,nan,nan,nan,nan,0.6787316765087363,0.44666666666666666,0.24288216412428568,8,128,128,128,0,0,8,8,24,24,0,16,False,False,0.008,results/raw/core/L/L_logistic_d10_n100_core/fr-kl-stl-b16_seed1.csv,trajectory_input,L
core,L,L_logistic_d10_n100_core,FR--KL--STL,1772490794,9,0.008,83.92434982491041,11.729180224998473,nan,3.6879654680422744,2.54048918594624,12.284166664811675,0.4293394452894343,0.9885540176907224,1.1705178984975984,10.311466918057313,98.04633710946219,295.44104421520586,0.12091305700596422,,nan,nan,nan,nan,0.678857055120926,0.4533333333333333,0.24295285116970003,9,144,144,144,0,0,9,9,27,27,0,16,False,False,0.008,results/raw/core/L/L_logistic_d10_n100_core/fr-kl-stl-b16_seed1.csv,trajectory_input,L
core,L,L_logistic_d10_n100_core,FR--KL--STL,1772490794,10,0.008,83.20397540647069,11.008805806558755,nan,3.536466221186669,2.475326435444042,11.547185792340596,0.4011514990391323,0.9872439676858111,1.168964395539308,9.637379389661183,88.0436654160823,277.50162782704103,0.13423946598777547,,nan,nan,nan,nan,0.6795253680886627,0.44666666666666666,0.2432856278273071,10,160,160,160,0,0,10,10,30,30,0,16,False,False,0.008,results/raw/core/L/L_logistic_d10_n100_core/fr-kl-stl-b16_seed1.csv,trajectory_input,L
core,L,L_logistic_d10_n100_core,FR--KL--STL,1772490794,11,0.008,82.55683900069377,10.361669400781835,nan,3.397174227069665,2.4034065712325523,10.925858351502097,0.37784175263026043,0.98599980081976,1.167489341824433,9.076264466648581,79.70126698373151,262.2482259932097,0.147587435960304,,nan,nan,nan,nan,0.6787086363569692,0.46,0.2428950078042891,11,176,176,176,0,0,11,11,33,33,0,16,False,False,0.008,results/raw/core/L/L_logistic_d10_n100_core/fr-kl-stl-b16_seed1.csv,trajectory_input,L
core,L,L_logistic_d10_n100_core,FR--KL--STL,1772490794,12,0.008,81.96536817635999,9.770198576448053,nan,3.260268796480236,2.332178584632798,10.379155964057402,0.3576655541828976,0.984784668362967,1.1660489243277252,8.589678051433745,72.51839375361763,248.4535127092258,0.16088205599226058,,nan,nan,nan,nan,0.6778276997507982,0.46,0.2424740197143447,12,192,192,192,0,0,12,12,36,36,0,16,False,False,0.008,results/raw/core/L/L_logistic_d10_n100_core/fr-kl-stl-b16_seed1.csv,trajectory_input,L
core,L,L_logistic_d10_n100_core,FR--KL--STL,1772490794,13,0.008,81.45910778782613,9.263938187914192,nan,3.1432645662941416,2.2806583088659975,9.879294731935508,0.3389790775386527,0.9835998443642412,1.1646467718042193,8.14382568937207,66.40028055999056,235.54767089891442,0.17421485495287925,,nan,nan,nan,nan,0.6778643015057589,0.46,0.24249448511441934,13,208,208,208,0,0,13,13,39,39,0,16,False,False,0.008,results/raw/core/L/L_logistic_d10_n100_core/fr-kl-stl-b16_seed1.csv,trajectory_input,L
core,L,L_logistic_d10_n100_core,FR--KL--STL,1772490794,14,0.008,80.98704006639873,8.791870466486799,nan,3.0302242685874035,2.221401299094948,9.451584120096916,0.3240178641182882,0.9824076404708917,1.163232080917966,7.783605601863381,61.127332758336124,224.6925328060121,0.187606674968265,,nan,nan,nan,nan,0.676789720532226,0.46,0.24198233049266643,14,224,224,224,0,0,14,14,42,42,0,16,False,False,0.008,results/raw/core/L/L_logistic_d10_n100_core/fr-kl-stl-b16_seed1.csv,trajectory_input,L
core,L,L_logistic_d10_n100_core,FR--KL--STL,1772490794,15,0.008,80.5422104552299,8.347040855317971,nan,2.9184412406005933,2.1646736880792012,9.045882507418062,0.30929908344940954,0.9812308892388141,1.1618365384755318,7.429208815358928,56.329444674457314,214.11139744674398,0.20088913396466523,,nan,nan,nan,nan,0.6759589409690315,0.45666666666666667,0.24158805584653625,15,240,240,240,0,0,15,15,45,45,0,16,False,False,0.008,results/raw/core/L/L_logistic_d10_n100_core/fr-kl-stl-b16_seed1.csv,trajectory_input,L
core,L,L_logistic_d10_n100_core,FR--KL--STL,1772490794,16,0.008,80.10058897096388,7.9054193710519485,nan,2.8132810219498428,2.111063649695531,8.637573696171867,0.29460984438600074,0.9799726799850882,1.160346553710967,7.07545854003983,51.599935853116506,202.77904014750067,0.21422069397522137,,nan,nan,nan,nan,0.6759290795972847,0.45666666666666667,0.24157965841370885,16,256,256,256,0,0,16,16,48,48,0,16,False,False,0.008,results/raw/core/L/L_logistic_d10_n100_core/fr-kl-stl-b16_seed1.csv,trajectory_input,L
core,L,L_logistic_d10_n100_core,FR--KL--STL,1772490794,17,0.008,79.69143720130207,7.49626760139013,nan,2.7145583779932423,2.0574450812468617,8.27994875165622,0.2820047658723408,0.9787505079628633,1.158895913021955,6.774401830443431,47.29947846005735,191.8222677003348,0.22754014399833977,,nan,nan,nan,nan,0.6763223648451476,0.46,0.2417712824241255,17,272,272,272,0,0,17,17,51,51,0,16,False,False,0.008,results/raw/core/L/L_logistic_d10_n100_core/fr-kl-stl-b16_seed1.csv,trajectory_input,L
core,L,L_logistic_d10_n100_core,FR--KL--STL,1772490794,18,0.008,79.34514404365119,7.149974443739254,nan,2.623308545910364,2.0117413353330877,7.964669628838985,0.2710645091101153,0.977572278186698,1.1574963448671247,6.511651668740045,43.939285716607046,183.2805952286377,0.2409160429961048,,nan,nan,nan,nan,0.6768198269711633,0.4633333333333333,0.24201506568324485,18,288,288,288,0,0,18,18,54,54,0,16,False,False,0.008,results/raw/core/L/L_logistic_d10_n100_core/fr-kl-stl-b16_seed1.csv,trajectory_input,L
core,L,L_logistic_d10_n100_core,FR--KL--STL,1772490794,19,0.008,79.02406549745032,6.828895897538388,nan,2.5398587652663775,1.9717162501853218,7.662842484773446,0.26059928419077094,0.9763850741872641,1.156089458461754,6.2616489264033905,40.87591721648548,175.10265844818852,0.2542713529546745,,nan,nan,nan,nan,0.6770895254608993,0.4633333333333333,0.24214760834264032,19,304,304,304,0,0,19,19,57,57,0,16,False,False,0.008,results/raw/core/L/L_logistic_d10_n100_core/fr-kl-stl-b16_seed1.csv,trajectory_input,L
core,L,L_logistic_d10_n100_core,FR--KL--STL,1772490794,20,0.008,78.66912166995704,6.473952070045101,nan,2.4490824804542237,1.9153756821784491,7.37345389667808,0.2509047629446349,0.9751735804939695,1.1546509453609108,6.029446641973581,37.58567607438088,166.20764139218346,0.2676739619928412,,nan,nan,nan,nan,0.6770793341350347,0.4666666666666667,0.24214870797454704,20,320,320,320,0,0,20,20,60,60,0,16,False,False,0.008,results/raw/core/L/L_logistic_d10_n100_core/fr-kl-stl-b16_seed1.csv,trajectory_input,L
core,L,L_logistic_d10_n100_core,FR--KL--STL,1772490794,21,0.008,78.36283964236931,6.167670042457374,nan,2.369258735449412,1.87199666674846,7.102822696635939,0.2416527464733972,0.9739883317220221,1.153244039312367,5.8084708370305655,34.79574936781977,157.9851348968696,0.2810044320067391,,nan,nan,nan,nan,0.6774059184452567,0.4633333333333333,0.2423046348221504,21,336,336,336,0,0,21,21,63,63,0,16,False,False,0.008,results/raw/core/L/L_logistic_d10_n100_core/fr-kl-stl-b16_seed1.csv,trajectory_input,L
core,L,L_logistic_d10_n100_core,FR--KL--STL,1772490794,22,0.008,78.09950287231622,5.904333272404287,nan,2.2962348622643227,1.8347142754590944,6.8634244670915106,0.23360696707064094,0.9728578089205224,1.1519048013501,5.616471472153834,32.52457724632284,151.17303414723986,0.29434837197186425,,nan,nan,nan,nan,0.6776004735626805,0.46,0.24239596802451474,22,352,352,352,0,0,22,22,66,66,0,16,False,False,0.008,results/raw/core/L/L_logistic_d10_n100_core/fr-kl-stl-b16_seed1.csv,trajectory_input,L
core,L,L_logistic_d10_n100_core,FR--KL--STL,1772490794,23,0.008,77.85498426769134,5.659814667779401,nan,2.2287490884359764,1.8010450343033064,6.635160464510013,0.2260625465785569,0.9716971795473546,1.1505280649523573,5.4352538431186845,30.471317434821223,144.863682897224,0.3078037909581326,,nan,nan,nan,nan,0.6776961534368752,0.46,0.24244024733985464,23,368,368,368,0,0,23,23,69,69,0,16,False,False,0.008,results/raw/core/L/L_logistic_d10_n100_core/fr-kl-stl-b16_seed1.csv,trajectory_input,L
core,L,L_logistic_d10_n100_core,FR--KL--STL,1772490794,24,0.008,77.62202786807755,5.426858268165617,nan,2.1628382645998645,1.7667875617556732,6.423140503196501,0.2188341546915323,0.9706075875602594,1.1492381003847456,5.260817441411218,28.556778819688695,138.58735665596618,0.32115284097380936,,nan,nan,nan,nan,0.677658214337556,0.46,0.24241611924783266,24,384,384,384,0,0,24,24,72,72,0,16,False,False,0.008,results/raw/core/L/L_logistic_d10_n100_core/fr-kl-stl-b16_seed1.csv,trajectory_input,L
core,L,L_logistic_d10_n100_core,FR--KL--STL,1772490794,25,0.008,77.43329160907689,5.238122009164954,nan,2.10700692573383,1.7431088196740507,6.230578603950276,0.21240372044897018,0.9695553069376843,1.1479909527469727,5.1042456862101675,27.079348468887062,133.7101032905914,0.3344697299762629,,nan,nan,nan,nan,0.6771924817384394,0.46,0.24219602055441267,25,400,400,400,0,0,25,25,75,75,0,16,False,False,0.008,results/raw/core/L/L_logistic_d10_n100_core/fr-kl-stl-b16_seed1.csv,trajectory_input,L
core,L,L_logistic_d10_n100_core,FR--KL--STL,1772490794,26,0.008,77.23010562827554,5.034936028363603,nan,2.0434213299226975,1.7115169541033388,6.041278947505666,0.20621326796803927,0.968439769284496,1.1466660311562322,4.955485478638891,25.55161743446426,128.69691501329092,0.3479117800015956,,nan,nan,nan,nan,0.6774558255015545,0.4633333333333333,0.24232015321707734,26,416,416,416,0,0,26,26,78,78,0,16,False,False,0.008,results/raw/core/L/L_logistic_d10_n100_core/fr-kl-stl-b16_seed1.csv,trajectory_input,L
core,L,L_logistic_d10_n100_core,FR--KL--STL,1772490794,27,0.008,77.05204995414493,4.856880354232999,nan,1.9839919251428948,1.6841415792312946,5.871035559291269,0.20043452641291956,0.967404997591043,1.145439042005777,4.816387050943162,24.24948782245074,124.16171044456156,0.3612364499713294,,nan,nan,nan,nan,0.6774325141348303,0.45666666666666667,0.2423049312446854,27,432,432,432,0,0,27,27,81,81,0,16,False,False,0.008,results/raw/core/L/L_logistic_d10_n100_core/fr-kl-stl-b16_seed1.csv,trajectory_input,L
core,L,L_logistic_d10_n100_core,FR--KL--STL,1772490794,28,0.008,76.86116214352496,4.665992543613029,nan,1.9258415702473566,1.652476400622401,5.698379144174639,0.1950054992903148,0.9663032211823487,1.1441323228853342,4.68551064688113,22.848043620210525,119.38675446833658,0.3745258490089327,,nan,nan,nan,nan,0.6768084635069038,0.45666666666666667,0.24201062559857053,28,448,448,448,0,0,28,28,84,84,0,16,False,False,0.008,results/raw/core/L/L_logistic_d10_n100_core/fr-kl-stl-b16_seed1.csv,trajectory_input,L
core,L,L_logistic_d10_n100_core,FR--KL--STL,1772490794,29,0.008,76.68305783520732,4.487888235295387,nan,1.8702761402594983,1.6233863816299314,5.535656759352727,0.18990946667840714,0.9652374061562462,1.1428687635951684,4.562358396695868,21.56405684459896,114.79133281860034,0.38784190895967185,,nan,nan,nan,nan,0.6761358297726995,0.45666666666666667,0.24169113529168404,29,464,464,464,0,0,29,29,87,87,0,16,False,False,0.008,results/raw/core/L/L_logistic_d10_n100_core/fr-kl-stl-b16_seed1.csv,trajectory_input,L
core,L,L_logistic_d10_n100_core,FR--KL--STL,1772490794,30,0.008,76.52388296766057,4.328713367748634,nan,1.8214135603769366,1.5998290988067154,5.379902415748872,0.18482908519463642,0.9641478137473748,1.1415768108164677,4.440631105155939,20.438261977138808,110.47292545485014,0.40113576798466966,,nan,nan,nan,nan,0.6764729904003857,0.4533333333333333,0.24184439578464834,30,480,480,480,0,0,30,30,90,90,0,16,False,False,0.008,results/raw/core/L/L_logistic_d10_n100_core/fr-kl-stl-b16_seed1.csv,trajectory_input,L
core,L,L_logistic_d10_n100_core,FR--KL--STL,1772490794,31,0.008,76.3773830433238,4.182213443411868,nan,1.7722895350139887,1.5756969578132842,5.237236281111992,0.18032914737695466,0.9631190810247626,1.140358177401381,4.33120894645274,19.466992789204017,106.92776311183943,0.4144366179825738,,nan,nan,nan,nan,0.6761703149295577,0.4533333333333333,0.241702741266346,31,496,496,496,0,0,31,31,93,93,0,16,False,False,0.008,results/raw/core/L/L_logistic_d10_n100_core/fr-kl-stl-b16_seed1.csv,trajectory_input,L
core,L,L_logistic_d10_n100_core,FR--KL--STL,1772490794,32,0.008,76.22465616423398,4.029486564322042,nan,1.7232336434752193,1.5498815841060596,5.094247499144114,0.17580126518070832,0.9620515180961305,1.1390932557523274,4.223827355671063,18.432916230688523,102.84926581850446,0.42774062795797363,,nan,nan,nan,nan,0.6766206984480918,0.45,0.2419092089404103,32,512,512,512,0,0,32,32,96,96,0,16,False,False,0.008,results/raw/core/L/L_logistic_d10_n100_core/fr-kl-stl-b16_seed1.csv,trajectory_input,L
core,L,L_logistic_d10_n100_core,FR--KL--STL,1772490794,33,0.008,76.08161315952955,3.886443559617618,nan,1.6772054988886098,1.5238898522927422,4.963440614369211,0.1717111542236272,0.9610142589946093,1.1378613990127655,4.125410287130951,17.489452466733873,99.10687689526414,0.44109987700358033,,nan,nan,nan,nan,0.6770875985238667,0.45,0.2421243599169309,33,528,528,528,0,0,33,33,99,99,0,16,False,False,0.008,results/raw/core/L/L_logistic_d10_n100_core/fr-kl-stl-b16_seed1.csv,trajectory_input,L
core,L,L_logistic_d10_n100_core,FR--KL--STL,1772490794,34,0.008,75.9495984654699,3.754428865557969,nan,1.635072838138832,1.501404395223799,4.839217169891199,0.16791695876912843,0.9600038248649951,1.1366635301837833,4.035363766888504,16.626239869559008,95.54332924077224,0.45439541700761765,,nan,nan,nan,nan,0.677627082948354,0.4533333333333333,0.24237038226609287,34,544,544,544,0,0,34,34,102,102,0,16,False,False,0.008,results/raw/core/L/L_logistic_d10_n100_core/fr-kl-stl-b16_seed1.csv,trajectory_input,L
core,L,L_logistic_d10_n100_core,FR--KL--STL,1772490794,35,0.008,75.8050754894279,3.6099058895159715,nan,1.5890080589353643,1.4719644149190256,4.713338237466483,0.16408347540252366,0.9589555715291774,1.135418373277631,3.943335773814834,15.703864431887123,91.83757495378376,0.46777388599002734,,nan,nan,nan,nan,0.6778719046328586,0.4533333333333333,0.24248270260346283,35,560,560,560,0,0,35,35,105,105,0,16,False,False,0.008,results/raw/core/L/L_logistic_d10_n100_core/fr-kl-stl-b16_seed1.csv,trajectory_input,L
core,L,L_logistic_d10_n100_core,FR--KL--STL,1772490794,36,0.008,75.69442648781352,3.4992568879015806,nan,1.549596673076021,1.452112735207,4.606211521035554,0.1609467255371118,0.9580028541329897,1.1342901686615543,3.8683155516746592,15.031517929179893,89.02783929896388,0.48107382596936077,,nan,nan,nan,nan,0.6777745028635801,0.45,0.24243222182755222,36,576,576,576,0,0,36,36,108,108,0,16,False,False,0.008,results/raw/core/L/L_logistic_d10_n100_core/fr-kl-stl-b16_seed1.csv,trajectory_input,L
core,L,L_logistic_d10_n100_core,FR--KL--STL,1772490794,37,0.008,75.5823335145468,3.3871639146348684,nan,1.511789984628523,1.432521212638446,4.4967512926361906,0.15759755870934797,0.9570162019016666,1.1331202896671477,3.7880706399511714,14.346721089400956,86.0040751734253,0.49441820598440245,,nan,nan,nan,nan,0.6782594282794929,0.45,0.24265057619588382,37,592,592,592,0,0,37,37,111,111,0,16,False,False,0.008,results/raw/core/L/L_logistic_d10_n100_core/fr-kl-stl-b16_seed1.csv,trajectory_input,L
core,L,L_logistic_d10_n100_core,FR--KL--STL,1772490794,38,0.008,75.46393653391857,3.268766934006635,nan,1.4721260160274152,1.4096201154978478,4.385825409155924,0.15425409755507194,0.955982628318841,1.1318954659327938,3.708458585800545,13.634283622625366,82.88145285458516,0.5077018750016578,,nan,nan,nan,nan,0.678583103176695,0.45,0.24279609496681095,38,608,608,608,0,0,38,38,114,114,0,16,False,False,0.008,results/raw/core/L/L_logistic_d10_n100_core/fr-kl-stl-b16_seed1.csv,trajectory_input,L
core,L,L_logistic_d10_n100_core,FR--KL--STL,1772490794,39,0.008,75.3600699673718,3.1649003674598646,nan,1.4349759305504957,1.388306412888801,4.286091829310331,0.15120414878447203,0.9550288861853826,1.1307649487099267,3.634591421865073,13.039556807597828,80.30262590251913,0.5209928649710491,,nan,nan,nan,nan,0.6785212393413864,0.4533333333333333,0.24276322078605408,39,624,624,624,0,0,39,39,117,117,0,16,False,False,0.008,results/raw/core/L/L_logistic_d10_n100_core/fr-kl-stl-b16_seed1.csv,trajectory_input,L
core,L,L_logistic_d10_n100_core,FR--KL--STL,1772490794,40,0.008,75.25849793332905,3.063328333417118,nan,1.3977790631074716,1.367092103758673,4.189671598966586,0.14826046587680236,0.9540694646017327,1.1296265915648984,3.5641121562534326,12.464383384130235,77.70009977419036,0.5342806639964692,,nan,nan,nan,nan,0.6789691076929406,0.4533333333333333,0.2429627126162754,40,640,640,640,0,0,40,40,120,120,0,16,False,False,0.008,results/raw/core/L/L_logistic_d10_n100_core/fr-kl-stl-b16_seed1.csv,trajectory_input,L
core,L,L_logistic_d10_n100_core,FR--KL--STL,1772490794,41,0.008,75.15567894565639,2.9605093457444553,nan,1.3616912628458944,1.345116916104361,4.094141817362766,0.1455379819731058,0.9530826815550506,1.1284547862168566,3.498884133147364,11.881403253761034,75.08578254371218,0.5475646539707668,,nan,nan,nan,nan,0.6790880530344243,0.4533333333333333,0.2430141020341921,41,656,656,656,0,0,41,41,123,123,0,16,False,False,0.008,results/raw/core/L/L_logistic_d10_n100_core/fr-kl-stl-b16_seed1.csv,trajectory_input,L
core,L,L_logistic_d10_n100_core,FR--KL--STL,1772490794,42,0.008,75.06406351618304,2.868893916271105,nan,1.3289526901582587,1.3267437618881919,4.003377707481578,0.14284927493888874,0.952104864112364,1.1272933318290386,3.4346770866271195,11.375107216030436,72.71652353651587,0.5613673339830711,,nan,nan,nan,nan,0.6793733141990073,0.4533333333333333,0.24314111263275653,42,672,672,672,0,0,42,42,126,126,0,16,False,False,0.008,results/raw/core/L/L_logistic_d10_n100_core/fr-kl-stl-b16_seed1.csv,trajectory_input,L
core,L,L_logistic_d10_n100_core,FR--KL--STL,1772490794,43,0.008,74.97612137426812,2.7809517743561827,nan,1.2980159085323608,1.308689327310877,3.917555188648703,0.1403548116521609,0.9511576717663406,1.1261682816465182,3.3746328559873207,10.890099396314717,70.40790883646875,0.5815639229840599,,nan,nan,nan,nan,0.679492924867822,0.4533333333333333,0.24319106981680677,43,688,688,688,0,0,43,43,129,129,0,16,False,False,0.008,results/raw/core/L/L_logistic_d10_n100_core/fr-kl-stl-b16_seed1.csv,trajectory_input,L
core,L,L_logistic_d10_n100_core,FR--KL--STL,1772490794,44,0.008,74.88854119902614,2.693371599114201,nan,1.26633152604134,1.29094941390941,3.8304505727764346,0.1377940297201232,0.9501890250756962,1.1250211646172512,3.3133890650038147,10.416647750698376,68.06134802366597,0.6010755919851363,,nan,nan,nan,nan,0.6796118009378046,0.4533333333333333,0.2432341422989043,44,704,704,704,0,0,44,44,132,132,0,16,False,False,0.008,results/raw/core/L/L_logistic_d10_n100_core/fr-kl-stl-b16_seed1.csv,trajectory_input,L
core,L,L_logistic_d10_n100_core,FR--KL--STL,1772490794,45,0.008,74.80227019589502,2.607100595983084,nan,1.2325294836477108,1.2705695130209118,3.7476916258905963,0.13539952958730297,0.9492245197750715,1.1238757202274483,3.255637970762781,9.970758984270137,65.9260808474964,0.6179131619865075,,nan,nan,nan,nan,0.6797999095170681,0.4533333333333333,0.24331325327325762,45,720,720,720,0,0,45,45,135,135,0,16,False,False,0.008,results/raw/core/L/L_logistic_d10_n100_core/fr-kl-stl-b16_seed1.csv,trajectory_input,L
core,L,L_logistic_d10_n100_core,FR--KL--STL,1772490794,46,0.008,74.72307310983169,2.527903509919753,nan,1.2016129379468603,1.251736951560592,3.670149128718574,0.13315420145866558,0.9483074616275179,1.1227896530407355,3.200826774418155,9.567563834472427,63.97343357124581,0.6313298819586635,,nan,nan,nan,nan,0.6796065432987466,0.45666666666666667,0.24322159444719374,46,736,736,736,0,0,46,46,138,138,0,16,False,False,0.008,results/raw/core/L/L_logistic_d10_n100_core/fr-kl-stl-b16_seed1.csv,trajectory_input,L
core,L,L_logistic_d10_n100_core,FR--KL--STL,1772490794,47,0.008,74.65277151776306,2.4576019178511217,nan,1.1739458664905031,1.2366256902103139,3.5951026655897005,0.13093482373604065,0.9473971416969273,1.1217102605174751,3.146799368075859,9.219594525979815,62.229616870057036,0.6447875309968367,,nan,nan,nan,nan,0.6795684500659005,0.45666666666666667,0.24320130701214437,47,752,752,752,0,0,47,47,141,141,0,16,False,False,0.008,results/raw/core/L/L_logistic_d10_n100_core/fr-kl-stl-b16_seed1.csv,trajectory_input,L
core,L,L_logistic_d10_n100_core,FR--KL--STL,1772490794,48,0.008,74.57083614209968,2.3756665421877443,nan,1.1438136191939852,1.2156282046378801,3.5189151386584068,0.12877709135639873,0.9464491853071327,1.1205832642570481,3.0947657771024915,8.802980185123179,60.178295624417565,0.6581658509676345,,nan,nan,nan,nan,0.6797172236610532,0.4533333333333333,0.24326477331304772,48,768,768,768,0,0,48,48,144,144,0,16,False,False,0.008,results/raw/core/L/L_logistic_d10_n100_core/fr-kl-stl-b16_seed1.csv,trajectory_input,L
core,L,L_logistic_d10_n100_core,FR--KL--STL,1772490794,49,0.008,74.49953944827791,2.3043698483659796,nan,1.1157621749234132,1.1990544447220841,3.445337225181775,0.12666009011528573,0.9455008104618737,1.119455946736367,3.043977775457435,8.454896087959789,58.38614827207029,0.6714462299714796,,nan,nan,nan,nan,0.6799540043182299,0.4533333333333333,0.24336976315405395,49,784,784,784,0,0,49,49,147,147,0,16,False,False,0.008,results/raw/core/L/L_logistic_d10_n100_core/fr-kl-stl-b16_seed1.csv,trajectory_input,L
core,L,L_logistic_d10_n100_core,FR--KL--STL,1772490794,50,0.008,74.43812603345705,2.2429564335451175,nan,1.0919561275707115,1.1861925829862778,3.3784702558250848,0.12474808625846923,0.9446448943645561,1.1184423496319509,2.9982074252055084,8.156521642816637,56.76443125824078,0.6847284300019965,,nan,nan,nan,nan,0.6801374532962957,0.45666666666666667,0.24344705325073107,50,800,800,800,0,0,50,50,150,150,0,16,False,False,0.008,results/raw/core/L/L_logistic_d10_n100_core/fr-kl-stl-b16_seed1.csv,trajectory_input,L
core,L,L_logistic_d10_n100_core,FR--KL--STL,1131559491,0,0.0,98.44506177378256,26.24989217387062,nan,6.358129167392517,3.9972584412189462,26.395414121217144,1.0,1.0,1.184105395713135,23.94532020669651,392.80048568424934,615.0360487952705,0.0006509499507956207,,nan,nan,nan,nan,0.6925719245389862,0.4633333333333333,0.2497123808042387,0,0,0,0,0,0,0,0,0,0,0,16,False,False,0.0,results/raw/core/L/L_logistic_d10_n100_core/fr-kl-stl-b16_seed2.csv,trajectory_input,L
core,L,L_logistic_d10_n100_core,FR--KL--STL,1131559491,1,0.008,95.22434607716889,23.029176477256954,nan,5.812104141032008,3.63286960886268,23.703731492420918,0.889223633622589,0.9987600835428472,1.1826321882617594,21.31614692138558,313.5187560316987,547.7025591663765,0.014114208985120058,,nan,nan,nan,nan,0.6890215292774907,0.44666666666666666,0.2479394596864885,1,16,16,16,0,0,1,1,3,3,0,16,False,False,0.008,results/raw/core/L/L_logistic_d10_n100_core/fr-kl-stl-b16_seed2.csv,trajectory_input,L
core,L,L_logistic_d10_n100_core,FR--KL--STL,1131559491,2,0.008,93.05638171433993,20.861212114428,nan,5.434762619650879,3.445558190581983,21.325373864086224,0.7915442429143312,0.9974893520691087,1.1811232956199913,18.979884492467207,263.9507553470246,503.66139749881694,0.027525058947503567,,nan,nan,nan,nan,0.6860104536924176,0.45,0.2464404715019189,2,32,32,32,0,0,2,2,6,6,0,16,False,False,0.008,results/raw/core/L/L_logistic_d10_n100_core/fr-kl-stl-b16_seed2.csv,trajectory_input,L
core,L,L_logistic_d10_n100_core,FR--KL--STL,1131559491,3,0.008,91.25542188858378,19.060252288671848,nan,5.112208859071512,3.2624348428273273,19.619624821010873,0.723139349847519,0.9962808236821579,1.179685279158064,17.347188586904025,225.78502771017742,464.7603535651409,0.04081947897793725,,nan,nan,nan,nan,0.6841654568565927,0.4533333333333333,0.24552825867672265,3,48,48,48,0,0,3,3,9,9,0,16,False,False,0.008,results/raw/core/L/L_logistic_d10_n100_core/fr-kl-stl-b16_seed2.csv,trajectory_input,L
core,L,L_logistic_d10_n100_core,FR--KL--STL,1131559491,4,0.008,89.68214677488886,17.48697717497693,nan,4.820043685120661,3.1027443042145664,18.125187587463397,0.6634979463370543,0.9950759984176636,1.1782517607068692,15.927780409027111,194.3670790613408,429.80198721488784,0.05420086794765666,,nan,nan,nan,nan,0.6832541658159342,0.45666666666666667,0.24508329942866364,4,64,64,64,0,0,4,4,12,12,0,16,False,False,0.008,results/raw/core/L/L_logistic_d10_n100_core/fr-kl-stl-b16_seed2.csv,trajectory_input,L
core,L,L_logistic_d10_n100_core,FR--KL--STL,1131559491,5,0.008,88.18501755244209,15.989847952530155,nan,4.5347789150618985,2.949594719544836,16.65046055756806,0.6045959649083831,0.9937920325019183,1.176727437304167,14.517733812522485,166.94054707366007,397.18672308796084,0.06752135796705261,,nan,nan,nan,nan,0.6805963846504718,0.45,0.2437771698497509,5,80,80,80,0,0,5,5,15,15,0,16,False,False,0.008,results/raw/core/L/L_logistic_d10_n100_core/fr-kl-stl-b16_seed2.csv,trajectory_input,L
core,L,L_logistic_d10_n100_core,FR--KL--STL,1131559491,6,0.008,87.03846804098177,14.843298441069834,nan,4.315427860072987,2.8462374957217236,15.43874872500731,0.5560895456709357,0.9925899830505374,1.1753015792517032,13.35159744870707,146.71418410922809,370.72590996242747,0.08086578699294478,,nan,nan,nan,nan,0.67983819422309,0.44666666666666666,0.2434103927804757,6,96,96,96,0,0,6,6,18,18,0,16,False,False,0.008,results/raw/core/L/L_logistic_d10_n100_core/fr-kl-stl-b16_seed2.csv,trajectory_input,L
core,L,L_logistic_d10_n100_core,FR--KL--STL,1131559491,7,0.008,85.80085299499366,13.605683395081726,nan,4.086153768916553,2.701472927549747,14.400606387695138,0.5152072321761989,0.9913712897896011,1.1738557731393635,12.372725908989818,125.83093961547684,339.25035307248635,0.09418752696365118,,nan,nan,nan,nan,0.6813296282481474,0.4533333333333333,0.24415550451222567,7,112,112,112,0,0,7,7,21,21,0,16,False,False,0.008,results/raw/core/L/L_logistic_d10_n100_core/fr-kl-stl-b16_seed2.csv,trajectory_input,L
core,L,L_logistic_d10_n100_core,FR--KL--STL,1131559491,8,0.008,84.88883658842477,12.693666988512831,nan,3.901795676402181,2.607303648591047,13.530786534966806,0.48190595294395344,0.9901535653829637,1.1724113211851659,11.577250293957801,111.61480856473764,317.3210463188549,0.10747073695529252,,nan,nan,nan,nan,0.680332377508789,0.45,0.24367181520604334,8,128,128,128,0,0,8,8,24,24,0,16,False,False,0.008,results/raw/core/L/L_logistic_d10_n100_core/fr-kl-stl-b16_seed2.csv,trajectory_input,L
core,L,L_logistic_d10_n100_core,FR--KL--STL,1131559491,9,0.008,84.10068318662582,11.90551358671388,nan,3.738550262034512,2.5385928267897744,12.680645427168356,0.4487751458223799,0.9888693298569962,1.1708865144366598,10.779965315241718,100.12135847829958,298.5714510513806,0.12078285595634952,,nan,nan,nan,nan,0.6804713885137988,0.45666666666666667,0.24374329935121777,9,144,144,144,0,0,9,9,27,27,0,16,False,False,0.008,results/raw/core/L/L_logistic_d10_n100_core/fr-kl-stl-b16_seed2.csv,trajectory_input,L
core,L,L_logistic_d10_n100_core,FR--KL--STL,1131559491,10,0.008,83.27258388703262,11.077414287120689,nan,3.5619567331720967,2.4380248495090844,11.922715984464391,0.41996973598339415,0.9876235638926052,1.1694124603761877,10.086113503975422,88.81820899738621,279.0548592299314,0.13415456598158926,,nan,nan,nan,nan,0.6790075019173499,0.4533333333333333,0.24303761097797055,10,160,160,160,0,0,10,10,30,30,0,16,False,False,0.008,results/raw/core/L/L_logistic_d10_n100_core/fr-kl-stl-b16_seed2.csv,trajectory_input,L
core,L,L_logistic_d10_n100_core,FR--KL--STL,1131559491,11,0.008,82.57222682754323,10.377057227631298,nan,3.401756674968545,2.347205688115578,11.307486709245223,0.3960631970967114,0.9864639733700558,1.168036635778224,9.516654781773614,79.80402470050961,262.26798461868174,0.1474471549736336,,nan,nan,nan,nan,0.6792873994342303,0.46,0.24317900922646368,11,176,176,176,0,0,11,11,33,33,0,16,False,False,0.008,results/raw/core/L/L_logistic_d10_n100_core/fr-kl-stl-b16_seed2.csv,trajectory_input,L
core,L,L_logistic_d10_n100_core,FR--KL--STL,1131559491,12,0.008,81.97684641005573,9.781676810143793,nan,3.2642518472075213,2.2719196371883865,10.762854667789586,0.3760451703171367,0.9852923073943449,1.16664682618673,9.03574434221859,72.50025549155569,248.34417764598504,0.16078373498748988,,nan,nan,nan,nan,0.6778757978287739,0.4666666666666667,0.24250350432328607,12,192,192,192,0,0,12,12,36,36,0,16,False,False,0.008,results/raw/core/L/L_logistic_d10_n100_core/fr-kl-stl-b16_seed2.csv,trajectory_input,L
core,L,L_logistic_d10_n100_core,FR--KL--STL,1131559491,13,0.008,81.39048314389558,9.195313543983644,nan,3.1462826098050796,2.208328584813228,10.193955120330243,0.35457573951758437,0.9840344622213678,1.1651556272197297,8.52081815044093,65.2656797713118,233.17589004302056,0.17413007497088984,,nan,nan,nan,nan,0.6775612161750229,0.46,0.24235775762954753,13,208,208,208,0,0,13,13,39,39,0,16,False,False,0.008,results/raw/core/L/L_logistic_d10_n100_core/fr-kl-stl-b16_seed2.csv,trajectory_input,L
core,L,L_logistic_d10_n100_core,FR--KL--STL,1131559491,14,0.008,80.86807091123227,8.67290131132033,nan,3.0240426297375653,2.1469580850191847,9.700821345355022,0.3363497834942013,0.9827703797548836,1.1636542667530816,8.085483718466147,59.27339514728372,220.08382981981384,0.1874651139951311,,nan,nan,nan,nan,0.6773686931271204,0.4633333333333333,0.2422680869745183,14,224,224,224,0,0,14,14,42,42,0,16,False,False,0.008,results/raw/core/L/L_logistic_d10_n100_core/fr-kl-stl-b16_seed2.csv,trajectory_input,L
core,L,L_logistic_d10_n100_core,FR--KL--STL,1131559491,15,0.008,80.46627174591838,8.271102146006442,nan,2.9222340890095064,2.1005433503158772,9.303843429914824,0.32205681308565615,0.9816271218355145,1.1622972478071978,7.741474883964666,54.97766467070424,210.50243657299316,0.20077839394798502,,nan,nan,nan,nan,0.6768536134407933,0.4633333333333333,0.24202599177080822,15,240,240,240,0,0,15,15,45,45,0,16,False,False,0.008,results/raw/core/L/L_logistic_d10_n100_core/fr-kl-stl-b16_seed2.csv,trajectory_input,L
core,L,L_logistic_d10_n100_core,FR--KL--STL,1131559491,16,0.008,80.07687121099214,7.881701611080203,nan,2.8255336703712595,2.06397564584733,8.898995646447302,0.30703759633752337,0.9804444879119674,1.1608968020758599,7.3836625803994425,50.79646589780831,200.13823858726852,0.21416708297329023,,nan,nan,nan,nan,0.6779472537044805,0.4633333333333333,0.24254612079858845,16,256,256,256,0,0,16,16,48,48,0,16,False,False,0.008,results/raw/core/L/L_logistic_d10_n100_core/fr-kl-stl-b16_seed2.csv,trajectory_input,L
core,L,L_logistic_d10_n100_core,FR--KL--STL,1131559491,17,0.008,79.66760416556848,7.472434565656542,nan,2.7228845923005682,2.011843079556493,8.52569298472137,0.293684313570008,0.9792356891261651,1.159463099366891,7.061731532231634,46.61109248589966,189.6433280475187,0.2276198329636827,,nan,nan,nan,nan,0.6783058358905512,0.4633333333333333,0.2427149286566874,17,272,272,272,0,0,17,17,51,51,0,16,False,False,0.008,results/raw/core/L/L_logistic_d10_n100_core/fr-kl-stl-b16_seed2.csv,trajectory_input,L
core,L,L_logistic_d10_n100_core,FR--KL--STL,1131559491,18,0.008,79.30623821300948,7.111068613097544,nan,2.633816227542132,1.9669736098729858,8.19080300887762,0.2821018023797637,0.9780431569109576,1.158047890364238,6.782848689182821,43.03737636100717,180.43449066182757,0.24106027296511456,,nan,nan,nan,nan,0.6789627055453265,0.4633333333333333,0.2430257251943173,18,288,288,288,0,0,18,18,54,54,0,16,False,False,0.008,results/raw/core/L/L_logistic_d10_n100_core/fr-kl-stl-b16_seed2.csv,trajectory_input,L
core,L,L_logistic_d10_n100_core,FR--KL--STL,1131559491,19,0.008,78.99111640025632,6.795946800344382,nan,2.552504499088532,1.929956549904953,7.881794185947592,0.27124590468882004,0.9769217495258754,1.1567188684076781,6.519771073441025,40.03308750428234,172.28439087115112,0.2543739719549194,,nan,nan,nan,nan,0.6789339093347383,0.4633333333333333,0.24300935420054667,19,304,304,304,0,0,19,19,57,57,0,16,False,False,0.008,results/raw/core/L/L_logistic_d10_n100_core/fr-kl-stl-b16_seed2.csv,trajectory_input,L
core,L,L_logistic_d10_n100_core,FR--KL--STL,1131559491,20,0.008,78.66475781004578,6.46958821013385,nan,2.465387815324393,1.8860641509460803,7.5781646872144615,0.26075221364486806,0.9757489633320506,1.1553273105232318,6.264932322372101,37.029228975147205,163.88518623824524,0.2677083619637415,,nan,nan,nan,nan,0.6781379000088837,0.45666666666666667,0.2426265868652627,20,320,320,320,0,0,20,20,60,60,0,16,False,False,0.008,results/raw/core/L/L_logistic_d10_n100_core/fr-kl-stl-b16_seed2.csv,trajectory_input,L
core,L,L_logistic_d10_n100_core,FR--KL--STL,1131559491,21,0.008,78.3798025643477,6.184632964435764,nan,2.390140530303458,1.8545611635271597,7.287827426651149,0.2506080239124115,0.9745366930398404,1.153890966044389,6.021306225284132,34.48685252795509,156.40109385553615,0.28399976098444313,,nan,nan,nan,nan,0.6784068686140864,0.45666666666666667,0.24275036911913422,21,336,336,336,0,0,21,21,63,63,0,16,False,False,0.008,results/raw/core/L/L_logistic_d10_n100_core/fr-kl-stl-b16_seed2.csv,trajectory_input,L
core,L,L_logistic_d10_n100_core,FR--KL--STL,1131559491,22,0.008,78.08469956741266,5.889529967500721,nan,2.3134773177176373,1.8127057560596436,7.021678602853871,0.24140771188537702,0.9733653065074481,1.1525017272668587,5.801079568838636,31.912292301914405,148.64231083375543,0.29794664098881185,,nan,nan,nan,nan,0.6787402229068527,0.45666666666666667,0.24290184967667244,22,352,352,352,0,0,22,22,66,66,0,16,False,False,0.008,results/raw/core/L/L_logistic_d10_n100_core/fr-kl-stl-b16_seed2.csv,trajectory_input,L
core,L,L_logistic_d10_n100_core,FR--KL--STL,1131559491,23,0.008,77.81742739964847,5.622257799736531,nan,2.2386800348421567,1.7771148730019988,6.770605943156139,0.23289225117561696,0.9721823465527147,1.1511010932492134,5.59780252760949,29.67948562236265,141.63638451965525,0.31130578997544944,,nan,nan,nan,nan,0.6790832595847417,0.4533333333333333,0.24305544459628758,23,368,368,368,0,0,23,23,69,69,0,16,False,False,0.008,results/raw/core/L/L_logistic_d10_n100_core/fr-kl-stl-b16_seed2.csv,trajectory_input,L
core,L,L_logistic_d10_n100_core,FR--KL--STL,1131559491,24,0.008,77.59569847850683,5.400528878594898,nan,2.176594625458626,1.7476656557262822,6.552754191274066,0.2255738755878111,0.9710828359658482,1.1497981860583197,5.421690284412796,27.892282648379243,135.89007805733746,0.3246071699541062,,nan,nan,nan,nan,0.6786072354731337,0.45666666666666667,0.2428292106669275,24,384,384,384,0,0,24,24,72,72,0,16,False,False,0.008,results/raw/core/L/L_logistic_d10_n100_core/fr-kl-stl-b16_seed2.csv,trajectory_input,L
core,L,L_logistic_d10_n100_core,FR--KL--STL,1131559491,25,0.008,77.38206283863951,5.186893238727578,nan,2.112237580799831,1.7215203899312803,6.339884042159765,0.2184040861997184,0.9699412914261751,1.148442567675915,5.250679096570982,26.224525682267707,130.32252588467404,0.33791149995522574,,nan,nan,nan,nan,0.6795029227197511,0.4533333333333333,0.24324050049486354,25,400,400,400,0,0,25,25,75,75,0,16,False,False,0.008,results/raw/core/L/L_logistic_d10_n100_core/fr-kl-stl-b16_seed2.csv,trajectory_input,L
core,L,L_logistic_d10_n100_core,FR--KL--STL,1131559491,26,0.008,77.17709856162007,4.981928961708135,nan,2.0493776648375532,1.6902369573688607,6.147220837724173,0.2119729361196851,0.9688637956956652,1.1471639933240645,5.095912418226578,24.681113807608323,125.12280034229875,0.3513805489637889,,nan,nan,nan,nan,0.6797591503511425,0.45666666666666667,0.24335443853431604,26,416,416,416,0,0,26,26,78,78,0,16,False,False,0.008,results/raw/core/L/L_logistic_d10_n100_core/fr-kl-stl-b16_seed2.csv,trajectory_input,L
core,L,L_logistic_d10_n100_core,FR--KL--STL,1131559491,27,0.008,77.00276515486807,4.807595554956137,nan,1.9953161532772756,1.666287579861379,5.968163589804227,0.2059129470707137,0.9678042167765588,1.1459095078084096,4.950500783071506,23.417461351507242,120.72622215978453,0.3647267389460467,,nan,nan,nan,nan,0.6799582578336537,0.4533333333333333,0.24344259959792286,27,432,432,432,0,0,27,27,81,81,0,16,False,False,0.008,results/raw/core/L/L_logistic_d10_n100_core/fr-kl-stl-b16_seed2.csv,trajectory_input,L
core,L,L_logistic_d10_n100_core,FR--KL--STL,1131559491,28,0.008,76.79686232841048,4.6016927284985485,nan,1.9310049666228433,1.6247120265425663,5.7949780783441955,0.20040728054934007,0.9667181854278262,1.144621443080114,4.817307437739837,21.950924657655005,115.74219414265737,0.37799984897719696,,nan,nan,nan,nan,0.6793065495254612,0.4633333333333333,0.2431352579530375,28,448,448,448,0,0,28,28,84,84,0,16,False,False,0.008,results/raw/core/L/L_logistic_d10_n100_core/fr-kl-stl-b16_seed2.csv,trajectory_input,L
core,L,L_logistic_d10_n100_core,FR--KL--STL,1131559491,29,0.008,76.63283137510592,4.4376617751939875,nan,1.8758477403167464,1.5986421863784566,5.63120991742847,0.19497142477799606,0.9656502327865242,1.1433558099003451,4.6862433852773915,20.835367512223854,111.69173631625111,0.39131257799454033,,nan,nan,nan,nan,0.6793853179465933,0.4633333333333333,0.24316777517679958,29,464,464,464,0,0,29,29,87,87,0,16,False,False,0.008,results/raw/core/L/L_logistic_d10_n100_core/fr-kl-stl-b16_seed2.csv,trajectory_input,L
core,L,L_logistic_d10_n100_core,FR--KL--STL,1131559491,30,0.008,76.47097956893049,4.275809969018553,nan,1.8247242781301685,1.5733987339853162,5.46982848203894,0.18965842421580156,0.9645642340375182,1.1420696756252668,4.558220355059904,19.735474677997708,107.5968068407557,0.404580848000478,,nan,nan,nan,nan,0.6797526226440846,0.45666666666666667,0.24333576308861937,30,480,480,480,0,0,30,30,90,90,0,16,False,False,0.008,results/raw/core/L/L_logistic_d10_n100_core/fr-kl-stl-b16_seed2.csv,trajectory_input,L
core,L,L_logistic_d10_n100_core,FR--KL--STL,1131559491,31,0.008,76.31809296793872,4.12292336802679,nan,1.7752559231086327,1.5490086395580613,5.321899262293712,0.18486254779012937,0.9635462975428456,1.1408631892959993,4.442749062366759,18.70752539491049,103.66348575228362,0.4178607369540259,,nan,nan,nan,nan,0.6802490950701483,0.46,0.24356047545845239,31,496,496,496,0,0,31,31,93,93,0,16,False,False,0.008,results/raw/core/L/L_logistic_d10_n100_core/fr-kl-stl-b16_seed2.csv,trajectory_input,L
core,L,L_logistic_d10_n100_core,FR--KL--STL,1131559491,32,0.008,76.1782966771586,3.983127077246664,nan,1.7283363127597964,1.5239457004061279,5.183992871437408,0.18042648013386925,0.9625140689868622,1.139637691996548,4.33543846137797,17.814830490081746,100.26709121385628,0.4311595669714734,,nan,nan,nan,nan,0.6802875998683198,0.46,0.24357570474282667,32,512,512,512,0,0,32,32,96,96,0,16,False,False,0.008,results/raw/core/L/L_logistic_d10_n100_core/fr-kl-stl-b16_seed2.csv,trajectory_input,L
core,L,L_logistic_d10_n100_core,FR--KL--STL,1131559491,33,0.008,76.03252625254927,3.8373566526373395,nan,1.6778230828098797,1.499479553885897,5.045843972753838,0.17604631223950146,0.9614651107589067,1.1383944397446908,4.231078336239551,16.879824659974485,96.54794028430825,0.44446718698600307,,nan,nan,nan,nan,0.6807969301401058,0.4533333333333333,0.24379528218448349,33,528,528,528,0,0,33,33,99,99,0,16,False,False,0.008,results/raw/core/L/L_logistic_d10_n100_core/fr-kl-stl-b16_seed2.csv,trajectory_input,L
core,L,L_logistic_d10_n100_core,FR--KL--STL,1131559491,34,0.008,75.89372135115906,3.6985517512471233,nan,1.6300636300369256,1.472946104252271,4.917148772875516,0.17195825783695656,0.9604532357843585,1.1371942259215668,4.132920223531124,16.00703716531245,93.01553407239862,0.4577712959726341,,nan,nan,nan,nan,0.6806603690535261,0.4533333333333333,0.2437220441159848,34,544,544,544,0,0,34,34,102,102,0,16,False,False,0.008,results/raw/core/L/L_logistic_d10_n100_core/fr-kl-stl-b16_seed2.csv,trajectory_input,L
core,L,L_logistic_d10_n100_core,FR--KL--STL,1131559491,35,0.008,75.7440186111222,3.5488490112102653,nan,1.581414178039462,1.4439624165839477,4.782136022740851,0.1677581480275465,0.9593617945212249,1.1359001681287886,4.032396302222287,15.063621909135595,89.11817189723585,0.47108887595823035,,nan,nan,nan,nan,0.6807958781250784,0.4533333333333333,0.2437710853474267,35,560,560,560,0,0,35,35,105,105,0,16,False,False,0.008,results/raw/core/L/L_logistic_d10_n100_core/fr-kl-stl-b16_seed2.csv,trajectory_input,L
core,L,L_logistic_d10_n100_core,FR--KL--STL,1131559491,36,0.008,75.62987831662923,3.434708716717296,nan,1.542723225168221,1.4253856819770123,4.662671770413651,0.1640885231054513,0.9583381147500106,1.1346865494331153,3.9436958556093025,14.379805532862466,86.17013253502023,0.48438699496909976,,nan,nan,nan,nan,0.6807377826007787,0.4533333333333333,0.24373837332635617,36,576,576,576,0,0,36,36,108,108,0,16,False,False,0.008,results/raw/core/L/L_logistic_d10_n100_core/fr-kl-stl-b16_seed2.csv,trajectory_input,L
core,L,L_logistic_d10_n100_core,FR--KL--STL,1131559491,37,0.008,75.51713749650622,3.3219678965942876,nan,1.5031479032179011,1.4041008924422649,4.549886566881139,0.16056797682411336,0.9573311243749906,1.1334927043448453,3.8587495734212887,13.72200677265787,83.35373218098303,0.4977064549457282,,nan,nan,nan,nan,0.6810459921551306,0.45666666666666667,0.2438752483029441,37,592,592,592,0,0,37,37,111,111,0,16,False,False,0.008,results/raw/core/L/L_logistic_d10_n100_core/fr-kl-stl-b16_seed2.csv,trajectory_input,L
core,L,L_logistic_d10_n100_core,FR--KL--STL,1131559491,38,0.008,75.4120074316214,3.2168378317094692,nan,1.4667944185189925,1.387101954594189,4.440928576021425,0.15722067448700727,0.9563384706647908,1.1323161476020838,3.778784136962738,13.108130625599586,80.58823641407652,0.5109927449957468,,nan,nan,nan,nan,0.6812951421799657,0.45666666666666667,0.24397996179913936,38,608,608,608,0,0,38,38,114,114,0,16,False,False,0.008,results/raw/core/L/L_logistic_d10_n100_core/fr-kl-stl-b16_seed2.csv,trajectory_input,L
core,L,L_logistic_d10_n100_core,FR--KL--STL,1131559491,39,0.008,75.30926408692909,3.114094487017155,nan,1.4307151427421658,1.3702134385521743,4.334482407774066,0.15396460805576784,0.9553674197542361,1.1311675451193999,3.7010141152976215,12.518249918178816,77.87581741082514,0.5242563840001822,,nan,nan,nan,nan,0.6815267377244305,0.4533333333333333,0.24407400027241938,39,624,624,624,0,0,39,39,117,117,0,16,False,False,0.008,results/raw/core/L/L_logistic_d10_n100_core/fr-kl-stl-b16_seed2.csv,trajectory_input,L
core,L,L_logistic_d10_n100_core,FR--KL--STL,1131559491,40,0.008,75.2081626541229,3.012993054210966,nan,1.3930921002388024,1.3485116031879634,4.233969562710929,0.1509076171073998,0.9543639041311253,1.1299758633230732,3.626989280326932,11.966580974271949,75.40272571341794,0.5375310739618726,,nan,nan,nan,nan,0.6814168121566038,0.4533333333333333,0.24401901052387673,40,640,640,640,0,0,40,40,120,120,0,16,False,False,0.008,results/raw/core/L/L_logistic_d10_n100_core/fr-kl-stl-b16_seed2.csv,trajectory_input,L
core,L,L_logistic_d10_n100_core,FR--KL--STL,1131559491,41,0.008,75.1121203098825,2.916950709970564,nan,1.3593181932675442,1.3308630639379435,4.134209705887978,0.1478449337760068,0.9533651780134486,1.1287926755284057,3.5530342675902378,11.436580648237765,72.90338768062948,0.5508558729779907,,nan,nan,nan,nan,0.6815149790524035,0.45,0.24405439936251022,41,656,656,656,0,0,41,41,123,123,0,16,False,False,0.008,results/raw/core/L/L_logistic_d10_n100_core/fr-kl-stl-b16_seed2.csv,trajectory_input,L
core,L,L_logistic_d10_n100_core,FR--KL--STL,1131559491,42,0.008,75.02934864315438,2.834179043242443,nan,1.3307253465002067,1.3167179044337651,4.043224903402482,0.14515608539806443,0.9524143102836975,1.1276681049333654,3.488005203827753,10.988354377080379,70.72747856865384,0.5641340430011041,,nan,nan,nan,nan,0.681336520165162,0.45,0.2439682826150432,42,672,672,672,0,0,42,42,126,126,0,16,False,False,0.008,results/raw/core/L/L_logistic_d10_n100_core/fr-kl-stl-b16_seed2.csv,trajectory_input,L
core,L,L_logistic_d10_n100_core,FR--KL--STL,1131559491,43,0.008,74.94803982230147,2.7528702223895323,nan,1.2997714148098034,1.2998851792655846,3.9579945362743834,0.1425571593938972,0.9515025319047419,1.1265864695673624,3.425091351907454,10.565585904094497,68.70384203286702,0.5777542929863557,,nan,nan,nan,nan,0.6813971317471044,0.45,0.243993633540128,43,688,688,688,0,0,43,43,129,129,0,16,False,False,0.008,results/raw/core/L/L_logistic_d10_n100_core/fr-kl-stl-b16_seed2.csv,trajectory_input,L
core,L,L_logistic_d10_n100_core,FR--KL--STL,1131559491,44,0.008,74.86082163724544,2.6656520373335013,nan,1.2656057837013082,1.2804759183809047,3.8729352067299576,0.14010117341539446,0.9505657200304216,1.1254729445630947,3.366129250141777,10.1118865624146,66.53243516802434,0.5910452519892715,,nan,nan,nan,nan,0.6814910475902897,0.45,0.2440279861798673,44,704,704,704,0,0,44,44,132,132,0,16,False,False,0.008,results/raw/core/L/L_logistic_d10_n100_core/fr-kl-stl-b16_seed2.csv,trajectory_input,L
core,L,L_logistic_d10_n100_core,FR--KL--STL,1131559491,45,0.008,74.78401895857554,2.5888493586636088,nan,1.235676013663445,1.2632952176647472,3.792835073551827,0.13769996024990244,0.9496698918435222,1.124413339221443,3.3076536971478903,9.725337129097035,64.63037445329188,0.6043567119631916,,nan,nan,nan,nan,0.6813239517995714,0.45,0.24394823719204656,45,720,720,720,0,0,45,45,135,135,0,16,False,False,0.008,results/raw/core/L/L_logistic_d10_n100_core/fr-kl-stl-b16_seed2.csv,trajectory_input,L
core,L,L_logistic_d10_n100_core,FR--KL--STL,1131559491,46,0.008,74.71475406221683,2.5195844623048913,nan,1.2057547702061688,1.2467274515755158,3.720398835135793,0.13554181971755241,0.9487997544052181,1.1233821388387826,3.2554571476350542,9.39317498461883,63.00822183916327,0.6176380909746513,,nan,nan,nan,nan,0.6812008107048424,0.45,0.2438861771501081,46,736,736,736,0,0,46,46,138,138,0,16,False,False,0.008,results/raw/core/L/L_logistic_d10_n100_core/fr-kl-stl-b16_seed2.csv,trajectory_input,L
core,L,L_logistic_d10_n100_core,FR--KL--STL,1131559491,47,0.008,74.64473100164014,2.4495614017282037,nan,1.1794919146328744,1.2329483283135327,3.644256054802217,0.1332717122303943,0.9479050058230599,1.1223230760435408,3.2008082290510522,9.04166992742277,61.18737929838963,0.6308856109972112,,nan,nan,nan,nan,0.6813379703875554,0.45,0.24393936558833582,47,752,752,752,0,0,47,47,141,141,0,16,False,False,0.008,results/raw/core/L/L_logistic_d10_n100_core/fr-kl-stl-b16_seed2.csv,trajectory_input,L
core,L,L_logistic_d10_n100_core,FR--KL--STL,1131559491,48,0.008,74.57372728324783,2.378557683335899,nan,1.1530162161135347,1.2190207310240024,3.5680697046550685,0.13103007563074084,0.9469975511703954,1.1212476785732088,3.147148004440646,8.684698104897485,59.298052613931276,0.6442019109963439,,nan,nan,nan,nan,0.6814886274334403,0.45,0.24399953394491064,48,768,768,768,0,0,48,48,144,144,0,16,False,False,0.008,results/raw/core/L/L_logistic_d10_n100_core/fr-kl-stl-b16_seed2.csv,trajectory_input,L
core,L,L_logistic_d10_n100_core,FR--KL--STL,1131559491,49,0.008,74.5076352957758,2.312465695863864,nan,1.1269080950072892,1.204258259497663,3.4979028378084873,0.1289694004874773,0.9461155145156026,1.1202049868170063,3.0974567439248326,8.365375363117863,57.63063975438653,0.6574378899531439,,nan,nan,nan,nan,0.6815155908633728,0.44666666666666666,0.2440038595176676,49,784,784,784,0,0,49,49,147,147,0,16,False,False,0.008,results/raw/core/L/L_logistic_d10_n100_core/fr-kl-stl-b16_seed2.csv,trajectory_input,L
core,L,L_logistic_d10_n100_core,FR--KL--STL,1131559491,50,0.008,74.44225373940753,2.2470841394955983,nan,1.1015998626056784,1.188833092586564,3.430802747680694,0.12708362008601204,0.9452325222953752,1.1191578067921077,3.052089952118771,8.04837611652341,55.97186504880001,0.6706749699660577,,nan,nan,nan,nan,0.681461111273649,0.44333333333333336,0.24397243374318472,50,800,800,800,0,0,50,50,150,150,0,16,False,False,0.008,results/raw/core/L/L_logistic_d10_n100_core/fr-kl-stl-b16_seed2.csv,trajectory_input,L
core,L,L_logistic_d10_n100_core,FR--KL,3677949255,0,0.0,98.44506177378256,26.24989217387062,nan,6.358129167392517,3.9972584412189462,26.395414121217144,1.0,1.0,1.184105395713135,23.94532020669651,392.80048568424934,615.0360487952705,0.0006472999812103808,,nan,nan,nan,nan,0.6930587329324073,0.49,0.2499557779932144,0,0,0,0,0,0,0,0,0,0,0,1,False,False,0.0,results/raw/core/L/L_logistic_d10_n100_core/fr-kl_seed0.csv,trajectory_input,L
core,L,L_logistic_d10_n100_core,FR--KL,3677949255,1,0.015,93.31576064096342,21.120591041051483,nan,5.4876859149992825,3.489302221576028,21.399480479573057,0.7932754064567447,0.9976443249667291,1.1813079100479307,19.01075794379041,268.8430615916851,508.33670077997954,0.01925386901712045,,nan,nan,nan,nan,0.6866973610681751,0.44333333333333336,0.24678087636968782,1,1,1,1,1,0,0,0,2,2,0,1,False,False,0.015,results/raw/core/L/L_logistic_d10_n100_core/fr-kl_seed0.csv,trajectory_input,L
core,L,L_logistic_d10_n100_core,FR--KL,3677949255,2,0.015,89.7419040521755,17.546734452263564,nan,4.851283661925539,3.127130567409928,17.968265192893746,0.6538315854632782,0.9952702287726681,1.1784894052584716,15.680338150438619,194.86579394441094,429.9740655815058,0.03776320902397856,,nan,nan,nan,nan,0.6828592919074178,0.44666666666666666,0.24488362158550786,2,2,2,2,2,0,0,0,4,4,0,1,False,False,0.015,results/raw/core/L/L_logistic_d10_n100_core/fr-kl_seed0.csv,trajectory_input,L
core,L,L_logistic_d10_n100_core,FR--KL,3677949255,3,0.015,87.11684369780937,14.921674097897437,nan,4.359284603703027,2.8540409019402473,15.47733644347427,0.5545290925875425,0.9928963505974644,1.1756718105116633,13.306822115219251,147.35086815939653,370.0878889802823,0.056174358003772795,,nan,nan,nan,nan,0.6805326933981525,0.46,0.24375071736859955,3,3,3,3,3,0,0,0,6,6,0,1,False,False,0.015,results/raw/core/L/L_logistic_d10_n100_core/fr-kl_seed0.csv,trajectory_input,L
core,L,L_logistic_d10_n100_core,FR--KL,3677949255,4,0.015,85.11125383908231,12.916084239170374,nan,3.9632270941129715,2.6396363842547292,13.589726454349659,0.48073345454904237,0.9905341246002893,1.1728685764989863,11.541559468881712,115.12531645237374,322.95039245115,0.07452317798743024,,nan,nan,nan,nan,0.6791396993531272,0.45666666666666667,0.2430849376814262,4,4,4,4,4,0,0,0,8,8,0,1,False,False,0.015,results/raw/core/L/L_logistic_d10_n100_core/fr-kl_seed0.csv,trajectory_input,L
core,L,L_logistic_d10_n100_core,FR--KL,3677949255,5,0.015,83.53122596701449,11.336056367102557,nan,3.634614699173024,2.4658995987070997,12.110332552318644,0.42400514058754674,0.9881909606953554,1.170088404927345,10.183536753105017,92.31821199181147,284.9734952215746,0.09282860701205209,,nan,nan,nan,nan,0.6783360314916407,0.45666666666666667,0.2427094064053055,5,5,5,5,5,0,0,0,10,10,0,1,False,False,0.015,results/raw/core/L/L_logistic_d10_n100_core/fr-kl_seed0.csv,trajectory_input,L
core,L,L_logistic_d10_n100_core,FR--KL,3677949255,6,0.015,82.25552989556999,10.060360295658057,nan,3.355581232111812,2.321448484048563,10.919268237605793,0.379189106389881,0.9858718292360713,1.1673371183928465,9.10994506152987,75.61133038468401,253.78990284222857,0.11112571699777618,,nan,nan,nan,nan,0.6779103740767922,0.46,0.242516489049141,6,6,6,6,6,0,0,0,12,12,0,1,False,False,0.015,results/raw/core/L/L_logistic_d10_n100_core/fr-kl_seed0.csv,trajectory_input,L
core,L,L_logistic_d10_n100_core,FR--KL,3677949255,7,0.015,81.20470003515928,9.009530435247342,nan,3.1143327113680073,2.1987545111325772,9.939138054306257,0.34298122251813373,0.9835801333963485,1.164618692309822,8.242034695016272,63.01975709511354,227.77529154694344,0.12939410598482937,,nan,nan,nan,nan,0.6777297925334025,0.4633333333333333,0.24243933793703884,7,7,7,7,7,0,0,0,14,14,0,1,False,False,0.015,results/raw/core/L/L_logistic_d10_n100_core/fr-kl_seed0.csv,trajectory_input,L
core,L,L_logistic_d10_n100_core,FR--KL,3677949255,8,0.015,80.32459106383087,8.12942146391893,nan,2.9027448801075058,2.092655413186609,9.11788133734363,0.3131765183700057,0.9813182242284331,1.1619358641749766,7.5272235011788355,53.30016017575502,205.77937374817583,0.14765038597397506,,nan,nan,nan,nan,0.6777089015295911,0.4633333333333333,0.24243567836500252,8,8,8,8,8,0,0,0,16,16,0,1,False,False,0.015,results/raw/core/L/L_logistic_d10_n100_core/fr-kl_seed0.csv,trajectory_input,L
core,L,L_logistic_d10_n100_core,FR--KL,3677949255,9,0.015,79.57709560927228,7.381926009360342,nan,2.7150173874642753,1.9995047972913063,8.41924869263924,0.288252557199968,0.9790877213785729,1.159290512485233,6.9291838348173656,45.64321261894495,186.9657937800312,0.16591260500717908,,nan,nan,nan,nan,0.6777918945444864,0.46,0.2424783622450495,9,9,9,9,9,0,0,0,18,18,0,1,False,False,0.015,results/raw/core/L/L_logistic_d10_n100_core/fr-kl_seed0.csv,trajectory_input,L
core,L,L_logistic_d10_n100_core,FR--KL,3677949255,10,0.015,78.93464493652695,6.7394753366150155,nan,2.5468809023113232,1.916661089943484,7.817249006700963,0.2671272088616637,0.9768897215534833,1.1566839026174633,6.422078711791322,39.50460552056699,170.71260791481856,0.1841757349902764,,nan,nan,nan,nan,0.677941777153915,0.4633333333333333,0.242549739922954,10,10,10,10,10,0,0,0,20,20,0,1,False,False,0.015,results/raw/core/L/L_logistic_d10_n100_core/fr-kl_seed0.csv,trajectory_input,L
core,L,L_logistic_d10_n100_core,FR--KL,3677949255,11,0.015,78.37681588751859,6.181646287606654,nan,2.395109597825121,1.8421680892666141,7.2927717858467735,0.24901186106606277,0.9747249389667374,1.154116852181807,5.9870680403959735,34.50781699691245,156.54820588553378,0.2025041040033102,,nan,nan,nan,nan,0.6781337539966992,0.46,0.24263823326173564,11,11,11,11,11,0,0,0,22,22,0,1,False,False,0.015,results/raw/core/L/L_logistic_d10_n100_core/fr-kl_seed0.csv,trajectory_input,L
core,L,L_logistic_d10_n100_core,FR--KL,3677949255,12,0.015,77.88816342190435,5.692993821992417,nan,2.2572101690440887,1.7745486989889403,6.831456222405567,0.23331921036684325,0.9725938028747871,1.1515898456577571,5.6101131084455265,30.385923540021913,144.10880565951263,0.22077689302386716,,nan,nan,nan,nan,0.6783510750137698,0.45666666666666667,0.24273620611771443,12,12,12,12,12,0,0,0,24,24,0,1,False,False,0.015,results/raw/core/L/L_logistic_d10_n100_core/fr-kl_seed0.csv,trajectory_input,L
core,L,L_logistic_d10_n100_core,FR--KL,3677949255,13,0.015,77.45679376425224,5.261624164340304,nan,2.13121700093364,1.712668018391184,6.422303394544878,0.21960349294534307,0.970496527089219,1.1491031159674336,5.280552849420311,26.94557146501849,133.10952372829234,0.23904842301271856,,nan,nan,nan,nan,0.6785823735262103,0.45666666666666667,0.24283861609483107,13,13,13,13,13,0,0,0,26,26,0,1,False,False,0.015,results/raw/core/L/L_logistic_d10_n100_core/fr-kl_seed0.csv,trajectory_input,L
core,L,L_logistic_d10_n100_core,FR--KL,3677949255,14,0.015,77.07340000026925,4.87823040035731,nan,2.015553395970116,1.6556402655995255,6.056746914252809,0.20752066026553648,0.9684331606271588,1.1466567038348667,4.9901547635008745,24.043994889044058,123.32423590484181,0.25734858197392896,,nan,nan,nan,nan,0.6788199295647611,0.45666666666666667,0.2429421464353318,14,14,14,14,14,0,0,0,28,28,0,1,False,False,0.015,results/raw/core/L/L_logistic_d10_n100_core/fr-kl_seed0.csv,trajectory_input,L
core,L,L_logistic_d10_n100_core,FR--KL,3677949255,15,0.015,76.73059486725336,4.535425267341424,nan,1.9089351752500996,1.6027641507179486,5.7280150914377055,0.19680118961918613,0.9664036253272668,1.1442505018197184,4.732466638700595,21.5739650033046,114.57127444963022,0.2755499220220372,,nan,nan,nan,nan,0.6790585187142083,0.45666666666666667,0.24304463859497205,15,15,15,15,15,0,0,0,30,30,0,1,False,False,0.015,results/raw/core/L/L_logistic_d10_n100_core/fr-kl_seed0.csv,trajectory_input,L
core,L,L_logistic_d10_n100_core,FR--KL,3677949255,16,0.015,76.42243946944414,4.227269869532208,nan,1.810302200982957,1.5534771497968436,5.430683507697106,0.18723111416975818,0.9644077442478661,1.141884287528844,4.502364033656558,19.453699745454422,106.7030870160891,0.29375999100739136,,nan,nan,nan,nan,0.6792946382911876,0.45666666666666667,0.24314471640479254,16,16,16,16,16,0,0,0,32,32,0,1,False,False,0.015,results/raw/core/L/L_logistic_d10_n100_core/fr-kl_seed0.csv,trajectory_input,L
core,L,L_logistic_d10_n100_core,FR--KL,3677949255,17,0.015,76.14410412953593,3.9489345296239975,nan,1.7187687458148346,1.5073225983740983,5.1603549716364,0.17863852843912126,0.9624452634126014,1.1395577490276247,4.295728222891701,17.619955349277504,99.59863880459304,0.31200215098215267,,nan,nan,nan,nan,0.6795259807232709,0.4533333333333333,0.24324153424047656,17,17,17,17,17,0,0,0,34,34,0,1,False,False,0.015,results/raw/core/L/L_logistic_d10_n100_core/fr-kl_seed0.csv,trajectory_input,L
core,L,L_logistic_d10_n100_core,FR--KL,3677949255,18,0.015,75.8916201963497,3.6964505964377707,nan,1.6335868627345458,1.4639256429612824,4.9134265387472364,0.1708838197778996,0.9605158686684465,1.1372705045266653,4.109212958732118,16.023205866168897,93.15774835975922,0.3303199799847789,,nan,nan,nan,nan,0.6797510712916903,0.45,0.24333460660692205,18,18,18,18,18,0,0,0,36,36,0,1,False,False,0.015,results/raw/core/L/L_logistic_d10_n100_core/fr-kl_seed0.csv,trajectory_input,L
core,L,L_logistic_d10_n100_core,FR--KL,3677949255,19,0.015,75.66169562954086,3.4665260296289233,nan,1.5541189008339353,1.4229754168413549,4.6869172013871045,0.1638524845204569,0.958619198895431,1.1350221177993813,3.940072871104523,14.624221266731745,87.2968085885452,0.34857203997671604,,nan,nan,nan,nan,0.6799690166235028,0.45,0.24342369186225332,19,19,19,19,19,0,0,0,38,38,0,1,False,False,0.015,results/raw/core/L/L_logistic_d10_n100_core/fr-kl_seed0.csv,trajectory_input,L
core,L,L_logistic_d10_n100_core,FR--KL,3677949255,20,0.015,75.45157606022534,3.2564064603134,nan,1.4798165713266211,1.3842116570671021,4.4783386031661365,0.15744976862251114,0.9567548564546419,1.1328121103703723,3.7860353948337573,13.391599991314898,81.9455148495304,0.3668419789755717,,nan,nan,nan,nan,0.6801793287040241,0.45,0.2435087123569391,20,20,20,20,20,0,0,0,40,40,0,1,False,False,0.015,results/raw/core/L/L_logistic_d10_n100_core/fr-kl_seed0.csv,trajectory_input,L
core,L,L_logistic_d10_n100_core,FR--KL,3677949255,21,0.015,75.25893877804026,3.063769178128325,nan,1.4102047822634725,1.3474145351661322,4.285596754339235,0.1515966167595702,0.9549224155191895,1.1306399712299395,3.645203926380041,12.299964039302726,77.04433513131502,0.3850363789824769,,nan,nan,nan,nan,0.6803818009396714,0.45,0.24358969931555455,21,21,21,21,21,0,0,0,42,42,0,1,False,False,0.015,results/raw/core/L/L_logistic_d10_n100_core/fr-kl_seed0.csv,trajectory_input,L
core,L,L_logistic_d10_n100_core,FR--KL,3677949255,22,0.015,75.08181089486271,2.8866412949507776,nan,1.3448689974826853,1.3123968436009787,4.106916412370529,0.14622657351886292,0.9531214287639741,1.1285051646317663,3.5159837135951575,11.32862119531859,72.54253387559874,0.4032183479866944,,nan,nan,nan,nan,0.6805764204380048,0.44666666666666666,0.2436667546801092,22,22,22,22,22,0,0,0,44,44,0,1,False,False,0.015,results/raw/core/L/L_logistic_d10_n100_core/fr-kl_seed0.csv,trajectory_input,L
core,L,L_logistic_d10_n100_core,FR--KL,3677949255,23,0.015,74.91850549087151,2.723335890959575,nan,1.283445236374985,1.2789979298809442,3.9407822559483425,0.14128338665655332,0.9513514327701622,1.12640713639005,3.3970245150901626,10.460561379655111,68.3966135986688,0.42141745798289776,,nan,nan,nan,nan,0.6807633057008879,0.44666666666666666,0.24374002467028286,23,23,23,23,23,0,0,0,46,46,0,1,False,False,0.015,results/raw/core/L/L_logistic_d10_n100_core/fr-kl_seed0.csv,trajectory_input,L
core,L,L_logistic_d10_n100_core,FR--KL,3677949255,24,0.015,74.76757129571843,2.572401695806491,nan,1.2256120779421684,1.2470789417074017,3.785892655676819,0.1367191344337599,0.949611952413841,1.1243453189910857,3.2871757824664587,9.681695170025328,64.56907514707834,0.4395931669860147,,nan,nan,nan,nan,0.6809426622814465,0.44666666666666666,0.24380968148999385,24,24,24,24,24,0,0,0,48,48,0,1,False,False,0.015,results/raw/core/L/L_logistic_d10_n100_core/fr-kl_seed0.csv,trajectory_input,L
core,L,L_logistic_d10_n100_core,FR--KL,3677949255,25,0.015,74.6277526702015,2.432583070289567,nan,1.1710842041605307,1.2165190658808913,3.6411230012351026,0.13249274862058455,0.9479025044451246,1.122319135760276,3.1854513004075153,8.980270013069418,61.02742335528342,0.45785246597370133,,nan,nan,nan,nan,0.6811147512199516,0.45,0.2438759107274641,25,25,25,25,25,0,0,0,50,50,0,1,False,False,0.015,results/raw/core/L/L_logistic_d10_n100_core/fr-kl_seed0.csv,trajectory_input,L
core,L,L_logistic_d10_n100_core,FR--KL,3677949255,26,0.015,74.49795750735073,2.3027879074387982,nan,1.1196071385965245,1.1872125278347265,3.505496355086361,0.12856883936947083,0.9462226004172157,1.1203280042708608,3.091001044976047,8.346418306151286,57.7433634375167,0.4761685960111208,,nan,nan,nan,nan,0.6812798666189246,0.45,0.24393890275017516,26,26,26,26,26,0,0,0,52,52,0,1,False,False,0.015,results/raw/core/L/L_logistic_d10_n100_core/fr-kl_seed0.csv,trajectory_input,L
core,L,L_logistic_d10_n100_core,FR--KL,3677949255,27,0.015,74.37723128043993,2.182061680527994,nan,1.0709529226563606,1.1590661786883487,3.378159778189215,0.1249167526498457,0.944571749089919,1.1183713391396684,3.003088604658658,7.771804388181062,54.692146892759766,0.4943942449754104,,nan,nan,nan,nan,0.6814383197827272,0.45,0.24399884691002582,27,27,27,27,27,0,0,0,54,54,0,1,False,False,0.015,results/raw/core/L/L_logistic_d10_n100_core/fr-kl_seed0.csv,trajectory_input,L
core,L,L_logistic_d10_n100_core,FR--KL,3677949255,28,0.015,74.26473590467063,2.0695663047586947,nan,1.024916534416422,1.131997540023206,3.2583650868505987,0.12150980848169368,0.9429494584055829,1.1164485543242662,2.9210729273760534,7.2493464547770134,51.85203554801049,0.5126564350211993,,nan,nan,nan,nan,0.6815904280876711,0.4533333333333333,0.24405592772729667,28,28,28,28,28,0,0,0,56,56,0,1,False,False,0.015,results/raw/core/L/L_logistic_d10_n100_core/fr-kl_seed0.csv,trajectory_input,L
core,L,L_logistic_d10_n100_core,FR--KL,3677949255,29,0.015,74.15973239986273,1.964562799950798,nan,0.9813129008106289,1.1059332081596327,3.1454531007702515,0.11832468092231405,0.9413552371152175,1.114559065012213,2.8443934602205947,6.772995757157347,49.20385964891101,0.5326386640081182,,nan,nan,nan,nan,0.6817365072683087,0.4533333333333333,0.24411032246687892,29,29,29,29,29,0,0,0,58,58,0,1,False,False,0.015,results/raw/core/L/L_logistic_d10_n100_core/fr-kl_seed0.csv,trajectory_input,L
core,L,L_logistic_d10_n100_core,FR--KL,3677949255,30,0.015,74.06156657794888,1.8663969780369456,nan,0.9399743878956737,1.0808075429612707,3.0388406635914027,0.11534089007721122,0.939788596116906,1.1127022891748795,2.772557971143999,6.337559979460207,46.730651346738895,0.5519188739708625,,nan,nan,nan,nan,0.6818768661729017,0.45,0.24416219969117284,30,30,30,30,30,0,0,0,60,60,0,1,False,False,0.015,results/raw/core/L/L_logistic_d10_n100_core/fr-kl_seed0.csv,trajectory_input,L
core,L,L_logistic_d10_n100_core,FR--KL,3677949255,31,0.015,73.96965715521402,1.7744875553020876,nan,0.9007486793221574,1.056561583469251,2.9380098816284375,0.11254038330131892,0.9382490495564924,1.1108776488441514,2.705132506510848,5.938560966462095,44.417339030112466,0.570081912970636,,nan,nan,nan,nan,0.6820118033025938,0.45,0.24421171849420545,31,31,31,31,31,0,0,0,62,62,0,1,False,False,0.015,results/raw/core/L/L_logistic_d10_n100_core/fr-kl_seed0.csv,trajectory_input,L
core,L,L_logistic_d10_n100_core,FR--KL,3677949255,32,0.015,73.88348582165405,1.688316221742113,nan,0.8634969723427829,1.0331421456183811,2.8424991496920797,0.10990718790843237,0.9367361157310204,1.1090845711592265,2.641733061519395,5.572119365892775,42.250491065032676,0.5883349030045792,,nan,nan,nan,nan,0.6821416046361954,0.4533333333333333,0.24425902820644818,32,32,32,32,32,0,0,0,64,64,0,1,False,False,0.015,results/raw/core/L/L_logistic_d10_n100_core/fr-kl_seed0.csv,trajectory_input,L
core,L,L_logistic_d10_n100_core,FR--KL,3677949255,33,0.015,73.80258890026244,1.6074193003505002,nan,0.828092435338374,1.010501067075409,2.7518956261854246,0.10742712159024478,0.935249317827867,1.107322489221914,2.5820186333036648,5.23486051239572,40.21809989318755,0.6066095819696784,,nan,nan,nan,nan,0.6822665423775541,0.4533333333333333,0.24430426842017663,33,33,33,33,33,0,0,0,66,66,0,1,False,False,0.015,results/raw/core/L/L_logistic_d10_n100_core/fr-kl_seed0.csv,trajectory_input,L
core,L,L_logistic_d10_n100_core,FR--KL,3677949255,34,0.015,73.72655030585753,1.531380705945594,nan,0.7944188821165395,0.9885945716952514,2.6658288907952508,0.10508754969850104,0.9337881845265661,1.10559084279194,2.5256853971042488,4.923837190931708,38.309399280103506,0.6247705710120499,,nan,nan,nan,nan,0.6823868743603375,0.45666666666666667,0.2443475692282947,34,34,34,34,34,0,0,0,68,68,0,1,False,False,0.015,results/raw/core/L/L_logistic_d10_n100_core/fr-kl_seed0.csv,trajectory_input,L
core,L,L_logistic_d10_n100_core,FR--KL,3677949255,35,0.015,73.654995572246,1.459825972334059,nan,0.7623696269841368,0.9673827318127621,2.5839655728223683,0.10287718080570658,0.9323522504855173,1.103889078848129,2.4724617999837113,4.636465900287141,36.5147089361736,0.642970010987483,,nan,nan,nan,nan,0.6825028439162811,0.45666666666666667,0.2443890516004161,35,35,35,35,35,0,0,0,70,70,0,1,False,False,0.015,results/raw/core/L/L_logistic_d10_n100_core/fr-kl_seed0.csv,trajectory_input,L
core,L,L_logistic_d10_n100_core,FR--KL,3677949255,36,0.015,73.58758676246183,1.39241716254989,nan,0.7318464914361349,0.9468290110095713,2.506004780592366,0.10078589370594356,0.9309410567319536,1.102216652036904,2.4221044083269025,4.370473980266873,34.82530185368452,0.6611563499900512,,nan,nan,nan,nan,0.68261468006502,0.45666666666666667,0.24442882784217157,36,36,36,36,36,0,0,0,72,72,0,1,False,False,0.015,results/raw/core/L/L_logistic_d10_n100_core/fr-kl_seed0.csv,trajectory_input,L
core,L,L_logistic_d10_n100_core,FR--KL,3677949255,37,0.015,73.52401811273515,1.328848512823214,nan,0.7027589386907982,0.9268998734360274,2.4316741954719547,0.09880459037481096,0.9295541509704097,1.1005730250258634,2.374394377843195,4.123855531974365,33.23329058503022,0.6793646099977195,,nan,nan,nan,nan,0.682722597921796,0.45666666666666667,0.24446700209968397,37,37,37,37,37,0,0,0,74,74,0,1,False,False,0.015,results/raw/core/L/L_logistic_d10_n100_core/fr-kl_seed0.csv,trajectory_input,L
core,L,L_logistic_d10_n100_core,FR--KL,3677949255,38,0.015,73.46401228910368,1.268842689191743,nan,0.6750233165770337,0.9075644484623577,2.3607267200051547,0.09692507046986311,0.9281910878224062,1.0989576687772826,2.3291344402112975,3.8948344946319833,31.731529386133552,0.6976267190184444,,nan,nan,nan,nan,0.6828267992474313,0.4533333333333333,0.2445036708826659,38,38,38,38,38,0,0,0,76,76,0,1,False,False,0.015,results/raw/core/L/L_logistic_d10_n100_core/fr-kl_seed0.csv,trajectory_input,L
core,L,L_logistic_d10_n100_core,FR--KL,3677949255,39,0.015,73.40731715795583,1.2121475580438954,nan,0.64856219269263,0.8887942415557007,2.292937590229682,0.09513992378973087,0.9268514290080067,1.097370062753959,2.2861463205362518,3.6818335776427373,30.313529705963955,0.7158460589707829,,nan,nan,nan,nan,0.6829274730856472,0.4533333333333333,0.244538923587891,39,39,39,39,39,0,0,0,78,78,0,1,False,False,0.015,results/raw/core/L/L_logistic_d10_n100_core/fr-kl_seed0.csv,trajectory_input,L
core,L,L_logistic_d10_n100_core,FR--KL,3677949255,40,0.015,73.35370298961676,1.1585333897048287,nan,0.6233037684965904,0.8705628839617457,2.2281018785748117,0.09344243777312003,0.9255347434781731,1.0958096950678045,2.2452685156622563,3.483448007217798,28.973386949206304,0.7340254079899751,,nan,nan,nan,nan,0.683024796448106,0.4533333333333333,0.24457284301077195,40,40,40,40,40,0,0,0,80,80,0,1,False,False,0.015,results/raw/core/L/L_logistic_d10_n100_core/fr-kl_seed0.csv,trajectory_input,L
core,L,L_logistic_d10_n100_core,FR--KL,3677949255,41,0.015,73.30296002836549,1.107790428453555,nan,0.599181361216001,0.8528459151102021,2.166032326813548,0.09182651764730497,0.9242406075054751,1.0942760625800092,2.206354376038709,3.29842325076117,27.705716798497978,0.7522355879773386,,nan,nan,nan,nan,0.6831189350188398,0.4533333333333333,0.2446055058370655,41,41,41,41,41,0,0,0,82,82,0,1,False,False,0.015,results/raw/core/L/L_logistic_d10_n100_core/fr-kl_seed0.csv,trajectory_input,L
core,L,L_logistic_d10_n100_core,FR--KL,3677949255,42,0.015,73.25489637376936,1.0597267738574203,nan,0.5761329442522083,0.8356205927373768,2.106557459055047,0.09028661725913421,0.9229686047395119,1.0927686709601838,2.169270443978084,3.1256360426177805,26.505599673526692,0.7704545269953087,,nan,nan,nan,nan,0.6832100438580783,0.4533333333333333,0.2446369831097996,42,42,42,42,42,0,0,0,84,84,0,1,False,False,0.015,results/raw/core/L/L_logistic_d10_n100_core/fr-kl_seed0.csv,trajectory_input,L
core,L,L_logistic_d10_n100_core,FR--KL,3677949255,43,0.015,73.20933612753015,1.0141665276182152,nan,0.5541007382452949,0.8188657265841357,2.049519933263093,0.08881767896264889,0.9217183262324544,1.0912870347107866,2.133895009314958,2.9640781617266216,25.368532140863767,0.7886247669812292,,nan,nan,nan,nan,0.6832982680916424,0.4533333333333333,0.24466734066869156,43,43,43,43,43,0,0,0,86,86,0,1,False,False,0.015,results/raw/core/L/L_logistic_d10_n100_core/fr-kl_seed0.csv,trajectory_input,L
core,L,L_logistic_d10_n100_core,FR--KL,3677949255,44,0.015,73.16611776760874,0.9709481676968039,nan,0.5330308461675357,0.8025615322276425,1.9947750966925761,0.08741508121346625,0.9204893704393019,1.0898306771621948,2.100116850090636,2.812842512707012,24.290384281697737,0.806731435994152,,nan,nan,nan,nan,0.6833837435766045,0.4533333333333333,0.24469663956086446,44,44,44,44,44,0,0,0,88,88,0,1,False,False,0.015,results/raw/core/L/L_logistic_d10_n100_core/fr-kl_seed0.csv,trajectory_input,L
core,L,L_logistic_d10_n100_core,FR--KL,3677949255,45,0.015,73.12509271758437,0.9299231176724305,nan,0.5128729268176677,0.7866895021746214,1.9421897162738944,0.08607459274467545,0.9192813431967655,1.0883991304429812,2.067834131269549,2.6711111426627845,23.267362183248906,0.8249024649849162,,nan,nan,nan,nan,0.6834665975372453,0.45666666666666667,0.24472493642272586,45,45,45,45,45,0,0,0,90,90,0,1,False,False,0.015,results/raw/core/L/L_logistic_d10_n100_core/fr-kl_seed0.csv,trajectory_input,L
core,L,L_logistic_d10_n100_core,FR--KL,3677949255,46,0.015,73.08612408428645,0.8909544843745181,nan,0.4935799019178488,0.7712322918090512,1.8916408595988379,0.08479233238243401,0.9180938576841096,1.0869919354292787,2.0369534388913335,2.5381448908857482,22.295974850356338,0.8431185249937698,,nan,nan,nan,nan,0.6835469491677552,0.45666666666666667,0.24475228383359635,46,46,46,46,46,0,0,0,92,92,0,1,False,False,0.015,results/raw/core/L/L_logistic_d10_n100_core/fr-kl_seed0.csv,trajectory_input,L
core,L,L_logistic_d10_n100_core,FR--KL,3677949255,47,0.015,73.04908554092768,0.8539159410157424,nan,0.47510769270763725,0.7561736181688962,1.8430149059697603,0.08356473371004933,0.9169265343688271,1.085608641676585,2.0073889306721515,2.4132744210412147,21.373004941866675,0.8619577040080912,,nan,nan,nan,nan,0.6836249101998898,0.45666666666666667,0.24477873064214606,47,47,47,47,47,0,0,0,94,94,0,1,False,False,0.015,results/raw/core/L/L_logistic_d10_n100_core/fr-kl_seed0.csv,trajectory_input,L
core,L,L_logistic_d10_n100_core,FR--KL,3677949255,48,0.015,73.01386033643625,0.8186907365243172,nan,0.45741498250856716,0.7414981698410564,1.796206670123513,0.0823885139133679,0.915779000939582,1.0842488073368495,1.979061587043741,2.295892427919061,20.495482826276316,0.8804253640118986,,nan,nan,nan,nan,0.6837005854350431,0.4533333333333333,0.2448043222669952,48,48,48,48,48,0,0,0,96,96,0,1,False,False,0.015,results/raw/core/L/L_logistic_d10_n100_core/fr-kl_seed0.csv,trajectory_input,L
core,L,L_logistic_d10_n100_core,FR--KL,3677949255,49,0.015,72.98034041457021,0.7851708146582723,nan,0.4404630022203844,0.7271915265240028,1.751118623857149,0.08126064624297955,0.9146508922285302,1.0829119990632858,1.9518985490802725,2.1854468454567746,19.660663525950415,0.8987486130208708,,nan,nan,nan,nan,0.6837740732410813,0.4533333333333333,0.2448291009729987,49,49,49,49,49,0,0,0,98,98,0,1,False,False,0.015,results/raw/core/L/L_logistic_d10_n100_core/fr-kl_seed0.csv,trajectory_input,L
core,L,L_logistic_d10_n100_core,FR--KL,3677949255,50,0.015,72.94842562880284,0.7532560288909025,nan,0.4242153361201707,0.7132400870238399,1.7076602029624999,0.08017833561396534,0.9135418501248214,1.0815977919050423,1.9258325318080272,2.081434911063148,18.866006181884334,0.9179054429987445,,nan,nan,nan,nan,0.6838454660148958,0.45666666666666667,0.2448531061248164,50,50,50,50,50,0,0,0,100,100,0,1,False,False,0.015,results/raw/core/L/L_logistic_d10_n100_core/fr-kl_seed0.csv,trajectory_input,L
core,L,L_logistic_d10_n100_core,FR--R--STL,3677949255,0,0.0,98.44506177378256,26.24989217387062,nan,6.358129167392517,3.9972584412189462,26.395414121217144,1.0,1.0,1.184105395713135,23.94532020669651,392.80048568424934,615.0360487952705,0.0006486300262622535,,nan,nan,nan,nan,0.6930587329324073,0.49,0.2499557779932144,0,0,0,0,0,0,0,0,0,0,0,16,False,False,0.0,results/raw/core/L/L_logistic_d10_n100_core/fr-r-stl-b16_seed0.csv,trajectory_input,L
core,L,L_logistic_d10_n100_core,FR--R--STL,3677949255,1,0.008,95.17955860021873,22.98438900030679,nan,5.810374620862739,3.709819516288758,22.787156398620066,0.8465354546477849,0.9986546465168447,1.1825100976725647,20.277353964178648,312.2210442255166,549.5592119579736,0.014060690009500831,,nan,nan,nan,nan,0.6870466940281286,0.41333333333333333,0.2469516237247015,1,16,16,16,0,1,2,3,1,1,0,16,False,False,0.008,results/raw/core/L/L_logistic_d10_n100_core/fr-r-stl-b16_seed0.csv,trajectory_input,L
core,L,L_logistic_d10_n100_core,FR--R--STL,3677949255,2,0.008,92.73415240420069,20.53898280428875,nan,5.392450527255804,3.4538253840244386,20.55558773337751,0.75500692167417,0.997407463426753,1.18103100398674,18.108364130063663,256.8482078510752,497.6943725401349,0.02746643003774807,,nan,nan,nan,nan,0.683597626256536,0.44666666666666666,0.24523577492555718,2,32,32,32,0,2,4,6,2,2,0,16,False,False,0.008,results/raw/core/L/L_logistic_d10_n100_core/fr-r-stl-b16_seed0.csv,trajectory_input,L
core,L,L_logistic_d10_n100_core,FR--R--STL,3677949255,3,0.008,90.56448370476396,18.369314104852023,nan,5.024160382370303,3.249247374202769,18.36693321658562,0.6647002315679376,0.9960110504901294,1.1793738665142557,15.943512181872016,210.40959424261143,447.965642791506,0.04080383904511109,,nan,nan,nan,nan,0.6808372675519924,0.43666666666666665,0.2438716545310354,3,48,48,48,0,3,6,9,3,3,0,16,False,False,0.008,results/raw/core/L/L_logistic_d10_n100_core/fr-r-stl-b16_seed0.csv,trajectory_input,L
core,L,L_logistic_d10_n100_core,FR--R--STL,3677949255,4,0.008,88.9425909646639,16.747421364751972,nan,4.742380797862722,3.101040139141587,16.730696498532883,0.5987034372019815,0.9946828403133874,1.17779824777849,14.363888197732338,178.5203145420967,410.67341189384786,0.05410882900469005,,nan,nan,nan,nan,0.6785538028441939,0.43333333333333335,0.2427501759661412,4,64,64,64,0,4,8,12,4,4,0,16,False,False,0.008,results/raw/core/L/L_logistic_d10_n100_core/fr-r-stl-b16_seed0.csv,trajectory_input,L
core,L,L_logistic_d10_n100_core,FR--R--STL,3677949255,5,0.008,87.56153008106631,15.366360481154373,nan,4.480667891962612,2.950235012325002,15.497379365441839,0.5500027580245418,0.9934871065271175,1.1763800221630702,13.198598357754104,153.86867469513288,378.83328434544114,0.06741003802744672,,nan,nan,nan,nan,0.6774404749076681,0.44333333333333336,0.24221453667936194,5,80,80,80,0,5,10,15,5,5,0,16,False,False,0.008,results/raw/core/L/L_logistic_d10_n100_core/fr-r-stl-b16_seed0.csv,trajectory_input,L
core,L,L_logistic_d10_n100_core,FR--R--STL,3677949255,6,0.008,86.12086163661502,13.925692036703083,nan,4.21850311542615,2.7863610230128755,14.262019848572624,0.501489093663219,0.9921251913322252,1.1747654787927313,12.041905653954208,129.34350692273122,343.33238633911,0.08070575800957158,,nan,nan,nan,nan,0.6767477696663352,0.44666666666666666,0.24189451636566967,6,96,96,96,0,6,12,18,6,6,0,16,False,False,0.008,results/raw/core/L/L_logistic_d10_n100_core/fr-r-stl-b16_seed0.csv,trajectory_input,L
core,L,L_logistic_d10_n100_core,FR--R--STL,3677949255,7,0.008,85.12019750140902,12.925027901497089,nan,4.007444855877752,2.682825921899489,13.288322210673824,0.4634291454045453,0.9908190620437876,1.1732172143694959,11.130481183081791,114.31143468092881,320.97198648661316,0.09397904801880941,,nan,nan,nan,nan,0.6754365100944152,0.44333333333333336,0.2412641498668196,7,112,112,112,0,7,14,21,7,7,0,16,False,False,0.008,results/raw/core/L/L_logistic_d10_n100_core/fr-r-stl-b16_seed0.csv,trajectory_input,L
core,L,L_logistic_d10_n100_core,FR--R--STL,3677949255,8,0.008,84.28205553822184,12.086885938309905,nan,3.82985421016798,2.5924126373756966,12.529043739281308,0.43518608531238095,0.9895933419843609,1.1717622656734417,10.456321281019862,102.04726186710923,301.21748756181836,0.10729328700108454,,nan,nan,nan,nan,0.6737444833111219,0.44,0.24045134673831223,8,128,128,128,0,8,16,24,8,8,0,16,False,False,0.008,results/raw/core/L/L_logistic_d10_n100_core/fr-r-stl-b16_seed0.csv,trajectory_input,L
core,L,L_logistic_d10_n100_core,FR--R--STL,3677949255,9,0.008,83.55304925063965,11.35787965072771,nan,3.6750536856661578,2.517572629670076,11.840263341939185,0.40967088699403936,0.9883820563587532,1.1703249856759148,9.846995117303324,91.82441538629116,283.6157506578961,0.12060708703938872,,nan,nan,nan,nan,0.6736669489936185,0.44,0.24042707259779944,9,144,144,144,0,9,18,27,9,9,0,16,False,False,0.008,results/raw/core/L/L_logistic_d10_n100_core/fr-r-stl-b16_seed0.csv,trajectory_input,L
core,L,L_logistic_d10_n100_core,FR--R--STL,3677949255,10,0.008,82.87801097478072,10.682841374868786,nan,3.5239148298467207,2.450447230492524,11.178690087071821,0.3849169520351274,0.9871163912820126,1.1688228989225011,9.25350323880658,82.86748851690177,266.9006874756543,0.13410053600091487,,nan,nan,nan,nan,0.6750957159481362,0.45666666666666667,0.2411327251312511,10,160,160,160,0,10,20,30,10,10,0,16,False,False,0.008,results/raw/core/L/L_logistic_d10_n100_core/fr-r-stl-b16_seed0.csv,trajectory_input,L
core,L,L_logistic_d10_n100_core,FR--R--STL,3677949255,11,0.008,82.18462433175215,9.989454731840212,nan,3.371142697210912,2.371303179907153,10.555351787571064,0.3613825557544328,0.9858447409756261,1.1673153305440862,8.687561110667811,73.98651865406987,249.0551917948622,0.14741126605076715,,nan,nan,nan,nan,0.6751871564165319,0.45,0.2411872589514623,11,176,176,176,0,11,22,33,11,11,0,16,False,False,0.008,results/raw/core/L/L_logistic_d10_n100_core/fr-r-stl-b16_seed0.csv,trajectory_input,L
core,L,L_logistic_d10_n100_core,FR--R--STL,3677949255,12,0.008,81.65011683949149,9.454947239579553,nan,3.246717551126842,2.317133805796945,10.014105840284374,0.3414958366295475,0.9845559127370186,1.165785730449481,8.204944820865322,67.71694038062974,236.43411742866454,0.1607062160037458,,nan,nan,nan,nan,0.6751963063745058,0.4633333333333333,0.24120018331330523,12,192,192,192,0,12,24,36,12,12,0,16,False,False,0.008,results/raw/core/L/L_logistic_d10_n100_core/fr-r-stl-b16_seed0.csv,trajectory_input,L
core,L,L_logistic_d10_n100_core,FR--R--STL,3677949255,13,0.008,81.13552811340514,8.940358513493209,nan,3.1216606402200955,2.255128784390709,9.538915833073043,0.3242310443698549,0.9833024413755739,1.16429933902493,7.789943065773069,61.92584679029815,224.25451512358472,0.17399212502641603,,nan,nan,nan,nan,0.6752495131541325,0.4633333333333333,0.24123412160797197,13,208,208,208,0,13,26,39,13,13,0,16,False,False,0.008,results/raw/core/L/L_logistic_d10_n100_core/fr-r-stl-b16_seed0.csv,trajectory_input,L
core,L,L_logistic_d10_n100_core,FR--R--STL,3677949255,14,0.008,80.66794545051108,8.472775850599149,nan,3.0051428704795393,2.1926769569359106,9.129249327621334,0.30957031363177645,0.9821286952541722,1.1629074368652117,7.435734446171143,56.87052365401411,213.1781066250045,0.18748362502083182,,nan,nan,nan,nan,0.6746435813124712,0.45666666666666667,0.24095114856342487,14,224,224,224,0,14,28,42,14,14,0,16,False,False,0.008,results/raw/core/L/L_logistic_d10_n100_core/fr-r-stl-b16_seed0.csv,trajectory_input,L
core,L,L_logistic_d10_n100_core,FR--R--STL,3677949255,15,0.008,80.23285688067469,8.037687280762754,nan,2.8959183637191193,2.1372459967088933,8.744042125684555,0.2960032920664063,0.9809524227125396,1.1615126298389653,7.111816930994425,52.24934678645635,202.28866263783488,0.2009467440075241,,nan,nan,nan,nan,0.6760241423580928,0.4633333333333333,0.24162158069020326,15,240,240,240,0,15,30,45,15,15,0,16,False,False,0.008,results/raw/core/L/L_logistic_d10_n100_core/fr-r-stl-b16_seed0.csv,trajectory_input,L
core,L,L_logistic_d10_n100_core,FR--R--STL,3677949255,16,0.008,79.79664049475653,7.601470894844596,nan,2.78726583319588,2.077010381267424,8.374872582090859,0.2830267114048591,0.979723847307461,1.1600542125831526,6.8022682808302575,47.76023358447933,191.2009128559969,0.21419018402229995,,nan,nan,nan,nan,0.6770858361469873,0.4633333333333333,0.2421364862657784,16,256,256,256,0,16,32,48,16,16,0,16,False,False,0.008,results/raw/core/L/L_logistic_d10_n100_core/fr-r-stl-b16_seed0.csv,trajectory_input,L
core,L,L_logistic_d10_n100_core,FR--R--STL,3677949255,17,0.008,79.49489189917162,7.299722299259685,nan,2.7032922649865574,2.048449130863759,8.054509689763139,0.2715304618293726,0.9785973854906994,1.1587219801118345,6.52628501409231,44.853386736382205,183.60369186806702,0.22746321401791647,,nan,nan,nan,nan,0.6776322813535114,0.4666666666666667,0.24239846352084393,17,272,272,272,0,17,34,51,17,17,0,16,False,False,0.008,results/raw/core/L/L_logistic_d10_n100_core/fr-r-stl-b16_seed0.csv,trajectory_input,L
core,L,L_logistic_d10_n100_core,FR--R--STL,3677949255,18,0.008,79.13265837590878,6.93748877599684,nan,2.613877676044744,1.9997002049658539,7.733099644283735,0.26054732746387216,0.9773992090664277,1.1573014712999043,6.260645678067241,41.34091360072202,174.37159158459954,0.2407995630055666,,nan,nan,nan,nan,0.6772072288230981,0.4633333333333333,0.2421978064948685,18,288,288,288,0,18,36,54,18,18,0,16,False,False,0.008,results/raw/core/L/L_logistic_d10_n100_core/fr-r-stl-b16_seed0.csv,trajectory_input,L
core,L,L_logistic_d10_n100_core,FR--R--STL,3677949255,19,0.008,78.77213686561971,6.576967265707779,nan,2.521434630909231,1.9484543232707827,7.426258920480962,0.24991468009785878,0.9761807627705366,1.1558561333568804,6.005863537388635,37.93228225706261,164.83510920311625,0.25407088303472847,,nan,nan,nan,nan,0.6768900211630708,0.46,0.2420469700980187,19,304,304,304,0,19,38,57,19,19,0,16,False,False,0.008,results/raw/core/L/L_logistic_d10_n100_core/fr-r-stl-b16_seed0.csv,trajectory_input,L
core,L,L_logistic_d10_n100_core,FR--R--STL,3677949255,20,0.008,78.51600716477823,6.320837564866295,nan,2.447652303722623,1.9146666291687555,7.188614877390918,0.24190337440559048,0.9750909514127827,1.1545651500795173,5.813489324551803,35.69554366186641,158.45417146386382,0.2673943820409477,,nan,nan,nan,nan,0.6772869478294119,0.46,0.24223456575555805,20,320,320,320,0,20,40,60,20,20,0,16,False,False,0.008,results/raw/core/L/L_logistic_d10_n100_core/fr-r-stl-b16_seed0.csv,trajectory_input,L
core,L,L_logistic_d10_n100_core,FR--R--STL,3677949255,21,0.008,78.20451023712965,6.0093406372177185,nan,2.3648899910753984,1.86459303244403,6.9380092196529715,0.23366616729875692,0.9739077178351442,1.1531593396237962,5.615717460197115,32.952249218858036,150.4345805608333,0.2806654220330529,,nan,nan,nan,nan,0.6776026489495421,0.45666666666666667,0.2423822383608563,21,336,336,336,0,21,42,63,21,21,0,16,False,False,0.008,results/raw/core/L/L_logistic_d10_n100_core/fr-r-stl-b16_seed0.csv,trajectory_input,L
core,L,L_logistic_d10_n100_core,FR--R--STL,3677949255,22,0.008,77.94589490843953,5.750725308527592,nan,2.287690282297235,1.8286602912994239,6.697630878155134,0.22553832317338163,0.972724335177265,1.1517559571585565,5.421018075328651,30.824406780819725,143.9416588129234,0.29394676204537973,,nan,nan,nan,nan,0.6780537145230366,0.46,0.24259123338843783,22,352,352,352,0,22,44,66,22,22,0,16,False,False,0.008,results/raw/core/L/L_logistic_d10_n100_core/fr-r-stl-b16_seed0.csv,trajectory_input,L
core,L,L_logistic_d10_n100_core,FR--R--STL,3677949255,23,0.008,77.70935967193378,5.514190072021847,nan,2.2207555556462144,1.79603198863221,6.475683122206693,0.2182112662730992,0.9715698751720526,1.1503862183989784,5.243834541959094,28.89181098620292,137.845531268618,0.3072304610395804,,nan,nan,nan,nan,0.6780878994597168,0.46,0.24260442948041855,23,368,368,368,0,23,46,69,23,23,0,16,False,False,0.008,results/raw/core/L/L_logistic_d10_n100_core/fr-r-stl-b16_seed0.csv,trajectory_input,L
core,L,L_logistic_d10_n100_core,FR--R--STL,3677949255,24,0.008,77.47936220802256,5.284192608110629,nan,2.154981208482797,1.765801040374169,6.261108576553381,0.21135399044968653,0.9704112123198598,1.149012929503911,5.081061870960471,27.04461554434174,131.79402099641194,0.32048185099847615,,nan,nan,nan,nan,0.678675520295895,0.45666666666666667,0.2428743630465763,24,384,384,384,0,24,48,72,24,24,0,16,False,False,0.008,results/raw/core/L/L_logistic_d10_n100_core/fr-r-stl-b16_seed0.csv,trajectory_input,L
core,L,L_logistic_d10_n100_core,FR--R--STL,3677949255,25,0.008,77.2586430938258,5.063473493913861,nan,2.0888642349852558,1.72847118448841,6.0688088113998395,0.20523014375486331,0.9692965436938386,1.147689708218443,4.9340788493806915,25.366062841998698,126.3560466656144,0.3337635600473732,,nan,nan,nan,nan,0.6785442132047078,0.45666666666666667,0.24280969314611933,25,400,400,400,0,25,50,75,25,25,0,16,False,False,0.008,results/raw/core/L/L_logistic_d10_n100_core/fr-r-stl-b16_seed0.csv,trajectory_input,L
core,L,L_logistic_d10_n100_core,FR--R--STL,3677949255,26,0.008,77.05112659650399,4.855956996592056,nan,2.0239089329605164,1.6925979405720215,5.885546615558084,0.19945038200983511,0.9681682542452679,1.146348491904377,4.795414949719749,23.846290279262263,121.33205540153173,0.34715570003027096,,nan,nan,nan,nan,0.6786343701757561,0.45666666666666667,0.2428504403881587,26,416,416,416,0,26,52,78,26,26,0,16,False,False,0.008,results/raw/core/L/L_logistic_d10_n100_core/fr-r-stl-b16_seed0.csv,trajectory_input,L
core,L,L_logistic_d10_n100_core,FR--R--STL,3677949255,27,0.008,76.8854821559807,4.690312556068761,nan,1.9707353551199842,1.668684353495391,5.719470607056627,0.19415794172165612,0.9670910962193856,1.1450730384541683,4.667839754880118,22.679601673534336,117.28125833240098,0.36042396002449095,,nan,nan,nan,nan,0.6785252281632735,0.4533333333333333,0.2427963080215637,27,432,432,432,0,27,54,81,27,27,0,16,False,False,0.008,results/raw/core/L/L_logistic_d10_n100_core/fr-r-stl-b16_seed0.csv,trajectory_input,L
core,L,L_logistic_d10_n100_core,FR--R--STL,3677949255,28,0.008,76.70982864286218,4.5146590429502425,nan,1.9164477625163259,1.6395184909973386,5.561431075030777,0.18932630292414807,0.9660286703866259,1.14381076172886,4.551188584771402,21.42563610249831,112.84933893986006,0.37369172903709114,,nan,nan,nan,nan,0.6786490416971892,0.4533333333333333,0.24285152401701993,28,448,448,448,0,28,56,84,28,28,0,16,False,False,0.008,results/raw/core/L/L_logistic_d10_n100_core/fr-r-stl-b16_seed0.csv,trajectory_input,L
core,L,L_logistic_d10_n100_core,FR--R--STL,3677949255,29,0.008,76.53207433708062,4.33690473716868,nan,1.8601159520222983,1.6085942186323867,5.401347066329375,0.18433548162557428,0.9649357114168358,1.142513488790437,4.430827869649684,20.190776430799545,108.35851721665014,0.3869438290130347,,nan,nan,nan,nan,0.6787862057658482,0.45666666666666667,0.24291387345005025,29,464,464,464,0,29,58,87,29,29,0,16,False,False,0.008,results/raw/core/L/L_logistic_d10_n100_core/fr-r-stl-b16_seed0.csv,trajectory_input,L
core,L,L_logistic_d10_n100_core,FR--R--STL,3677949255,30,0.008,76.3700004487047,4.174830848792766,nan,1.810077161633311,1.5836890676673194,5.246953625080975,0.17949690330241105,0.9638133611068312,1.1411823411906161,4.315662101212079,19.079915507876162,104.13144425989006,0.40014982904540375,,nan,nan,nan,nan,0.679311835179927,0.45666666666666667,0.24315198298369067,30,480,480,480,0,30,60,90,30,30,0,16,False,False,0.008,results/raw/core/L/L_logistic_d10_n100_core/fr-r-stl-b16_seed0.csv,trajectory_input,L
core,L,L_logistic_d10_n100_core,FR--R--STL,3677949255,31,0.008,76.22017020048311,4.025000600571175,nan,1.7628438524659251,1.5593592656964417,5.103125929730492,0.1750078392390526,0.9627348271035666,1.1399044181128322,4.207619027823057,18.084018509912937,100.2656177224824,0.4134632680215873,,nan,nan,nan,nan,0.679432434971533,0.45666666666666667,0.24320472179678898,31,496,496,496,0,31,62,93,31,31,0,16,False,False,0.008,results/raw/core/L/L_logistic_d10_n100_core/fr-r-stl-b16_seed0.csv,trajectory_input,L
core,L,L_logistic_d10_n100_core,FR--R--STL,3677949255,32,0.008,76.08062296816469,3.8854533682527546,nan,1.7138464045644064,1.5350296598196682,4.971721040847877,0.17087996735023314,0.9616833436929494,1.138656346591237,4.109036863414063,17.199205026908047,96.79256191681525,0.42667972802883014,,nan,nan,nan,nan,0.6800639145825909,0.45666666666666667,0.24349239833818995,32,512,512,512,0,32,64,96,32,32,0,16,False,False,0.008,results/raw/core/L/L_logistic_d10_n100_core/fr-r-stl-b16_seed0.csv,trajectory_input,L
core,L,L_logistic_d10_n100_core,FR--R--STL,3677949255,33,0.008,75.95012892453042,3.7549593246184827,nan,1.6685444255589759,1.509067721603888,4.850862012852811,0.16727037140667153,0.9606651283563739,1.1374475826153723,4.0215421233427335,16.397222713264085,93.72102137119862,0.4400082170031965,,nan,nan,nan,nan,0.680079864494593,0.4533333333333333,0.24350131589252527,33,528,528,528,0,33,66,99,33,33,0,16,False,False,0.008,results/raw/core/L/L_logistic_d10_n100_core/fr-r-stl-b16_seed0.csv,trajectory_input,L
core,L,L_logistic_d10_n100_core,FR--R--STL,3677949255,34,0.008,75.82170071921504,3.6265311193031096,nan,1.6251866880226267,1.486420747330912,4.729969825321053,0.1635290261135794,0.9596408503024625,1.1362327442068951,3.9324087278057815,15.597542849474896,90.44842734195271,0.4532545870169997,,nan,nan,nan,nan,0.6808614738718811,0.4533333333333333,0.24385734731881437,34,544,544,544,0,34,68,102,34,34,0,16,False,False,0.008,results/raw/core/L/L_logistic_d10_n100_core/fr-r-stl-b16_seed0.csv,trajectory_input,L
core,L,L_logistic_d10_n100_core,FR--R--STL,3677949255,35,0.008,75.69656572542513,3.501396125513196,nan,1.584448925258581,1.4611549534514254,4.617623464386734,0.16032367388374968,0.9586283430442503,1.1350295230774117,3.8551725231774876,14.826077033997606,87.30945481664357,0.46656889701262116,,nan,nan,nan,nan,0.6806349745212087,0.4533333333333333,0.24375099535425315,35,560,560,560,0,35,70,105,35,35,0,16,False,False,0.008,results/raw/core/L/L_logistic_d10_n100_core/fr-r-stl-b16_seed0.csv,trajectory_input,L
core,L,L_logistic_d10_n100_core,FR--R--STL,3677949255,36,0.008,75.56943787644678,3.374268276534849,nan,1.5420357149633235,1.4384804335282457,4.496341844607978,0.15662985916068053,0.9575745955261676,1.1337789969156102,3.766779441385084,14.05211002467591,83.94609657736572,0.4798039060551673,,nan,nan,nan,nan,0.6808747747592806,0.4533333333333333,0.24385246816858322,36,576,576,576,0,36,72,108,36,36,0,16,False,False,0.008,results/raw/core/L/L_logistic_d10_n100_core/fr-r-stl-b16_seed0.csv,trajectory_input,L
core,L,L_logistic_d10_n100_core,FR--R--STL,3677949255,37,0.008,75.45076189092622,3.255592291014281,nan,1.5025312320053223,1.4135323372309727,4.391254859688097,0.1535747058696448,0.9566093235447515,1.132634081158632,3.6939599269366816,13.342733708773672,80.90076224173397,0.49305037601152435,,nan,nan,nan,nan,0.6808214260535429,0.4533333333333333,0.2438202559175185,37,592,592,592,0,37,74,111,37,37,0,16,False,False,0.008,results/raw/core/L/L_logistic_d10_n100_core/fr-r-stl-b16_seed0.csv,trajectory_input,L
core,L,L_logistic_d10_n100_core,FR--R--STL,3677949255,38,0.008,75.35031637324454,3.1551467733326035,nan,1.4634108517528568,1.3948463567325238,4.288840145053601,0.1504598174103158,0.955632567636387,1.1314775345068093,3.619228544399656,12.786278549040963,78.41453296246158,0.5063598450506106,,nan,nan,nan,nan,0.6809920156390769,0.4533333333333333,0.24389217061627128,38,608,608,608,0,38,76,114,38,38,0,16,False,False,0.008,results/raw/core/L/L_logistic_d10_n100_core/fr-r-stl-b16_seed0.csv,trajectory_input,L
core,L,L_logistic_d10_n100_core,FR--R--STL,3677949255,39,0.008,75.24184766958702,3.0466780696750817,nan,1.4237638028735462,1.3695413294164152,4.193402912312947,0.14767722677741288,0.9546993799499641,1.1303702385741599,3.5518138213670687,12.173303520161667,75.72302651604781,0.5197035250021145,,nan,nan,nan,nan,0.6806311602926204,0.45,0.243717381412574,39,624,624,624,0,39,78,117,39,39,0,16,False,False,0.008,results/raw/core/L/L_logistic_d10_n100_core/fr-r-stl-b16_seed0.csv,trajectory_input,L
core,L,L_logistic_d10_n100_core,FR--R--STL,3677949255,40,0.008,75.15107889116061,2.9559092912486733,nan,1.3896692554317474,1.3525810435890413,4.100065800073805,0.14491061836401287,0.9537261620459531,1.1292176903420368,3.485586944583673,11.67934892587959,73.4302607091891,0.532936605042778,,nan,nan,nan,nan,0.680724600036228,0.44666666666666666,0.24375513480262176,40,640,640,640,0,40,80,120,40,40,0,16,False,False,0.008,results/raw/core/L/L_logistic_d10_n100_core/fr-r-stl-b16_seed0.csv,trajectory_input,L
core,L,L_logistic_d10_n100_core,FR--R--STL,3677949255,41,0.008,75.05547395050854,2.860304350596607,nan,1.3542101574146959,1.3321154905033825,4.004767426858366,0.14211042965901377,0.9527376602595878,1.1280472052940032,3.41719868465708,11.168596530120142,71.09086942395345,0.5461906040436588,,nan,nan,nan,nan,0.680469310362919,0.44333333333333336,0.2436330694945087,41,656,656,656,0,41,82,123,41,41,0,16,False,False,0.008,results/raw/core/L/L_logistic_d10_n100_core/fr-r-stl-b16_seed0.csv,trajectory_input,L
core,L,L_logistic_d10_n100_core,FR--R--STL,3677949255,42,0.008,74.95947133860469,2.764301738692751,nan,1.3196326513985916,1.3108768036293372,3.9146309481193127,0.13947861242613288,0.9517466934927857,1.1268706857145299,3.354078214781604,10.64936117819835,68.65230162251736,0.5594847540487535,,nan,nan,nan,nan,0.680917114603197,0.44333333333333336,0.243831902990316,42,672,672,672,0,42,84,126,42,42,0,16,False,False,0.008,results/raw/core/L/L_logistic_d10_n100_core/fr-r-stl-b16_seed0.csv,trajectory_input,L
core,L,L_logistic_d10_n100_core,FR--R--STL,3677949255,43,0.008,74.87145683236447,2.6762872324525375,nan,1.2896739948564644,1.2945257995067514,3.8246018580475023,0.13681528619109357,0.950765710157781,1.1257092755837725,3.290495104968652,10.172195769139872,66.26651892836313,0.5727412429987453,,nan,nan,nan,nan,0.6812186336401677,0.44666666666666666,0.2439619847596065,43,688,688,688,0,43,86,129,43,43,0,16,False,False,0.008,results/raw/core/L/L_logistic_d10_n100_core/fr-r-stl-b16_seed0.csv,trajectory_input,L
core,L,L_logistic_d10_n100_core,FR--R--STL,3677949255,44,0.008,74.79239289326415,2.597223293352215,nan,1.2596586846060438,1.2792764423564527,3.743898529268119,0.134544390007252,0.9498383464880881,1.1246115113374981,3.236181545097949,9.759111248179082,64.19089749194441,0.5859820530167781,,nan,nan,nan,nan,0.6813172326169811,0.44666666666666666,0.24399486910296886,44,704,704,704,0,44,88,132,44,44,0,16,False,False,0.008,results/raw/core/L/L_logistic_d10_n100_core/fr-r-stl-b16_seed0.csv,trajectory_input,L
core,L,L_logistic_d10_n100_core,FR--R--STL,3677949255,45,0.008,74.71937302871852,2.5242034288065867,nan,1.2292596572608598,1.2624228015933392,3.668786914264829,0.13241381041596936,0.9489322783800984,1.1235371023889202,3.184245555745909,9.402426364991225,62.45766550339078,0.5992114530527033,,nan,nan,nan,nan,0.6811855207991918,0.44666666666666666,0.24393221828813097,45,720,720,720,0,45,90,135,45,45,0,16,False,False,0.008,results/raw/core/L/L_logistic_d10_n100_core/fr-r-stl-b16_seed0.csv,trajectory_input,L
core,L,L_logistic_d10_n100_core,FR--R--STL,3677949255,46,0.008,74.64279764669834,2.4476280467864058,nan,1.1984938966609642,1.2446535764158275,3.591634009662792,0.13018533632235701,0.9479792970493013,1.1224066479865287,3.1307699612990834,9.024019646033146,60.56168243727287,0.6124860820127651,,nan,nan,nan,nan,0.6811843735384737,0.44666666666666666,0.24392691674733807,46,736,736,736,0,46,92,138,46,46,0,16,False,False,0.008,results/raw/core/L/L_logistic_d10_n100_core/fr-r-stl-b16_seed0.csv,trajectory_input,L
core,L,L_logistic_d10_n100_core,FR--R--STL,3677949255,47,0.008,74.57191414530496,2.3767445453930236,nan,1.1708583017578675,1.2298780250358259,3.515774875306841,0.1280099183126791,0.9470515979220914,1.1213089703197026,3.0784314914719872,8.676606242322718,58.75023883925799,0.6260214720387012,,nan,nan,nan,nan,0.681214303294023,0.45,0.24393428180109022,47,752,752,752,0,47,94,141,47,47,0,16,False,False,0.008,results/raw/core/L/L_logistic_d10_n100_core/fr-r-stl-b16_seed0.csv,trajectory_input,L
core,L,L_logistic_d10_n100_core,FR--R--STL,3677949255,48,0.008,74.503223985382,2.308054385470058,nan,1.141500000361661,1.2143482655722626,3.4451296258779838,0.12600573848282653,0.9461532797430938,1.1202444428984937,3.030613327072453,8.346777750635484,57.02086586439725,0.6392847710521892,,nan,nan,nan,nan,0.6814166999888155,0.44666666666666666,0.2440159861122343,48,768,768,768,0,48,96,144,48,48,0,16,False,False,0.008,results/raw/core/L/L_logistic_d10_n100_core/fr-r-stl-b16_seed0.csv,trajectory_input,L
core,L,L_logistic_d10_n100_core,FR--R--STL,3677949255,49,0.008,74.43462473850825,2.2394551385963126,nan,1.1142495269812096,1.1990651803510595,3.373029663573435,0.12400522336760422,0.9452195021262982,1.119139505698206,2.9823524231122254,8.016691697872009,55.26268848854994,0.6526438610162586,,nan,nan,nan,nan,0.6812361554401123,0.45,0.24392624193105775,49,784,784,784,0,49,98,147,49,49,0,16,False,False,0.008,results/raw/core/L/L_logistic_d10_n100_core/fr-r-stl-b16_seed0.csv,trajectory_input,L
core,L,L_logistic_d10_n100_core,FR--R--STL,3677949255,50,0.008,74.37266606704522,2.177496467133281,nan,1.090630617400484,1.1865387018836495,3.3048883050161018,0.12211425764762045,0.9443194855710842,1.1180757056000914,2.936836700890919,7.720003352060322,53.630791000551454,0.6660929810022935,,nan,nan,nan,nan,0.6812716327372952,0.44666666666666666,0.2439339757018935,50,800,800,800,0,50,100,150,50,50,0,16,False,False,0.008,results/raw/core/L/L_logistic_d10_n100_core/fr-r-stl-b16_seed0.csv,trajectory_input,L
core,L,L_logistic_d10_n100_core,FR--R--STL,1772490794,0,0.0,98.44506177378256,26.24989217387062,nan,6.358129167392517,3.9972584412189462,26.395414121217144,1.0,1.0,1.184105395713135,23.94532020669651,392.80048568424934,615.0360487952705,0.0006353000062517822,,nan,nan,nan,nan,0.6930234787734824,0.48,0.24993814900108446,0,0,0,0,0,0,0,0,0,0,0,16,False,False,0.0,results/raw/core/L/L_logistic_d10_n100_core/fr-r-stl-b16_seed1.csv,trajectory_input,L
core,L,L_logistic_d10_n100_core,FR--R--STL,1772490794,1,0.008,95.88894225689532,23.693772656983384,nan,5.895020749189408,3.79290928236006,23.4825282062674,0.878850508583803,0.9987949912857366,1.1826734082027484,21.068046919568022,330.7134410539397,568.7709633623616,0.014058369968552142,,nan,nan,nan,nan,0.686439587907281,0.37666666666666665,0.2466477460608402,1,16,16,16,0,1,2,3,1,1,0,16,False,False,0.008,results/raw/core/L/L_logistic_d10_n100_core/fr-r-stl-b16_seed1.csv,trajectory_input,L
core,L,L_logistic_d10_n100_core,FR--R--STL,1772490794,2,0.008,93.29698449474166,21.10181489482973,nan,5.4551800879131775,3.537462591793745,20.940796080433884,0.7734415310754952,0.9974960644390092,1.181130622296127,18.547156140762446,270.65046160385657,514.3383757870172,0.027373360004276037,,nan,nan,nan,nan,0.6830488254607804,0.41333333333333333,0.2449593007632914,2,32,32,32,0,2,4,6,2,2,0,16,False,False,0.008,results/raw/core/L/L_logistic_d10_n100_core/fr-r-stl-b16_seed1.csv,trajectory_input,L
core,L,L_logistic_d10_n100_core,FR--R--STL,1772490794,3,0.008,91.55028199321175,19.35511239329982,nan,5.137129974810996,3.410936404756557,18.88018699423644,0.6882638908952012,0.9962236722557613,1.1796207913992605,16.500463600614296,232.9361856671747,477.9428505102575,0.04065446899039671,,nan,nan,nan,nan,0.6801702515133159,0.4033333333333333,0.2435297350646771,3,48,48,48,0,3,6,9,3,3,0,16,False,False,0.008,results/raw/core/L/L_logistic_d10_n100_core/fr-r-stl-b16_seed1.csv,trajectory_input,L
core,L,L_logistic_d10_n100_core,FR--R--STL,1772490794,4,0.008,89.59243711553728,17.397267515625344,nan,4.800416521827254,3.1819252571728796,17.267275157974705,0.6233865155880401,0.9949572515177068,1.1781167424011807,14.9538648508209,192.0167783262683,429.3330117837022,0.053924168983940035,,nan,nan,nan,nan,0.6817810806376154,0.45,0.24434337566232614,4,64,64,64,0,4,8,12,4,4,0,16,False,False,0.008,results/raw/core/L/L_logistic_d10_n100_core/fr-r-stl-b16_seed1.csv,trajectory_input,L
core,L,L_logistic_d10_n100_core,FR--R--STL,1772490794,5,0.008,87.9953835660252,15.800213966113262,nan,4.50442999623896,3.002065370415753,15.875354990961261,0.5677788853807264,0.9936545255533193,1.1765717979438937,13.622654287211764,162.73699889484428,392.1245928458235,0.06722350796917453,,nan,nan,nan,nan,0.6816497514226164,0.4533333333333333,0.24429036039723578,5,80,80,80,0,5,10,15,5,5,0,16,False,False,0.008,results/raw/core/L/L_logistic_d10_n100_core/fr-r-stl-b16_seed1.csv,trajectory_input,L
core,L,L_logistic_d10_n100_core,FR--R--STL,1772490794,6,0.008,86.73901822019548,14.54384862028354,nan,4.271976671985642,2.8801431316390174,14.63466020356045,0.5182648255910779,0.9923013326254514,1.174964013144441,12.434991345625049,141.11603902514298,362.78447423781347,0.08051573799457401,,nan,nan,nan,nan,0.6802383366354424,0.4533333333333333,0.243601168816385,6,96,96,96,0,6,12,18,6,6,0,16,False,False,0.008,results/raw/core/L/L_logistic_d10_n100_core/fr-r-stl-b16_seed1.csv,trajectory_input,L
core,L,L_logistic_d10_n100_core,FR--R--STL,1772490794,7,0.008,85.52390830765063,13.328738707738694,nan,4.0488577199632925,2.735384559132453,13.643269420221026,0.4802069806017123,0.9910246125918661,1.1734499098307625,11.526138442893934,121.04303819390617,332.23066089756395,0.09379285795148462,,nan,nan,nan,nan,0.6801395215749307,0.4533333333333333,0.24356634781764872,7,112,112,112,0,7,14,21,7,7,0,16,False,False,0.008,results/raw/core/L/L_logistic_d10_n100_core/fr-r-stl-b16_seed1.csv,trajectory_input,L
core,L,L_logistic_d10_n100_core,FR--R--STL,1772490794,8,0.008,84.61248706433288,12.417317464420947,nan,3.8611049245005655,2.6490002631857026,12.719996409831488,0.4443204747284483,0.9897148419522199,1.171897270300065,10.66511820155166,107.34623862952637,310.74956252493206,0.10705689695896581,,nan,nan,nan,nan,0.6786121968672948,0.45,0.2428231042880042,8,128,128,128,0,8,16,24,8,8,0,16,False,False,0.008,results/raw/core/L/L_logistic_d10_n100_core/fr-r-stl-b16_seed1.csv,trajectory_input,L
core,L,L_logistic_d10_n100_core,FR--R--STL,1772490794,9,0.008,83.74540449869136,11.550234898779422,nan,3.670014847223591,2.546794471867519,11.957047842870388,0.4150928602029642,0.9884370028901751,1.1703791792890799,9.972140381709465,95.17103078584691,290.1814637453603,0.1203312769648619,,nan,nan,nan,nan,0.6787187997508367,0.4533333333333333,0.2428848078955175,9,144,144,144,0,9,18,27,9,9,0,16,False,False,0.008,results/raw/core/L/L_logistic_d10_n100_core/fr-r-stl-b16_seed1.csv,trajectory_input,L
core,L,L_logistic_d10_n100_core,FR--R--STL,1772490794,10,0.008,83.03063440159224,10.835464801680303,nan,3.519030722245982,2.4814119919975894,11.235121048600565,0.38763529218572385,0.9871142097497256,1.1688105078454667,9.31551479058217,85.41008912655738,272.3175582771778,0.13361644599353895,,nan,nan,nan,nan,0.6793519285698778,0.44666666666666666,0.24320071319778255,10,160,160,160,0,10,20,30,10,10,0,16,False,False,0.008,results/raw/core/L/L_logistic_d10_n100_core/fr-r-stl-b16_seed1.csv,trajectory_input,L
core,L,L_logistic_d10_n100_core,FR--R--STL,1772490794,11,0.008,82.39053015956044,10.195360559648506,nan,3.3804877050212685,2.410141359594675,10.628018631750914,0.3650171281138801,0.9858568191149314,1.1673197807951117,8.770814795951658,77.28290229203091,257.1553574335563,0.14689758600434288,,nan,nan,nan,nan,0.6785817368258488,0.45666666666666667,0.24283287301252637,11,176,176,176,0,11,22,33,11,11,0,16,False,False,0.008,results/raw/core/L/L_logistic_d10_n100_core/fr-r-stl-b16_seed1.csv,trajectory_input,L
core,L,L_logistic_d10_n100_core,FR--R--STL,1772490794,12,0.008,81.80606341745056,9.610893817538624,nan,3.2443206465447094,2.3394433612690477,10.094976370703135,0.3455033473147664,0.9846288349954277,1.1658641300647201,8.299940921162774,70.2945576243307,243.47021576382338,0.16018319595605135,,nan,nan,nan,nan,0.677744018428775,0.4633333333333333,0.24243293680142908,12,192,192,192,0,12,24,36,12,12,0,16,False,False,0.008,results/raw/core/L/L_logistic_d10_n100_core/fr-r-stl-b16_seed1.csv,trajectory_input,L
core,L,L_logistic_d10_n100_core,FR--R--STL,1772490794,13,0.008,81.30631593794325,9.111146338031318,nan,3.127916325029045,2.2878830295679546,9.608616015123673,0.3274626718135661,0.9834322671313482,1.1644480728129605,7.869551463693602,64.3618018385813,230.70882243930268,0.17348343500634655,,nan,nan,nan,nan,0.677765719539631,0.46,0.24244633062086143,13,208,208,208,0,13,26,39,13,13,0,16,False,False,0.008,results/raw/core/L/L_logistic_d10_n100_core/fr-r-stl-b16_seed1.csv,trajectory_input,L
core,L,L_logistic_d10_n100_core,FR--R--STL,1772490794,14,0.008,80.84023604356223,8.645066443650293,nan,3.0155209030115273,2.2290307371855693,9.192062095316878,0.31304849458685824,0.9822271229669017,1.163018072223341,7.522314511311791,59.23297020582286,219.95452985914386,0.18675016495399177,,nan,nan,nan,nan,0.6767471099659682,0.46,0.241961221849697,14,224,224,224,0,14,28,42,14,14,0,16,False,False,0.008,results/raw/core/L/L_logistic_d10_n100_core/fr-r-stl-b16_seed1.csv,trajectory_input,L
core,L,L_logistic_d10_n100_core,FR--R--STL,1772490794,15,0.008,80.40136215650604,8.206192556594104,nan,2.9043300274748045,2.172464389119664,8.797815566223514,0.29887874201575904,0.9810381786851061,1.1616080794208998,7.180976278251315,54.57558244642321,209.49241771777247,0.1999975239741616,,nan,nan,nan,nan,0.6759540543666337,0.45666666666666667,0.24158510977232392,15,240,240,240,0,15,30,45,15,15,0,16,False,False,0.008,results/raw/core/L/L_logistic_d10_n100_core/fr-r-stl-b16_seed1.csv,trajectory_input,L
core,L,L_logistic_d10_n100_core,FR--R--STL,1772490794,16,0.008,79.96629918842784,7.771129588515905,nan,2.7997865460390026,2.1190053501571575,8.40099887054003,0.2847388728567427,0.9797682261986745,1.1601041690242417,6.840297030565521,49.998833614342175,198.32572702241876,0.21336821396835148,,nan,nan,nan,nan,0.675917822433981,0.45666666666666667,0.24157366112596595,16,256,256,256,0,16,32,48,16,16,0,16,False,False,0.008,results/raw/core/L/L_logistic_d10_n100_core/fr-r-stl-b16_seed1.csv,trajectory_input,L
core,L,L_logistic_d10_n100_core,FR--R--STL,1772490794,17,0.008,79.5636694272493,7.368499827337359,nan,2.70164225286422,2.065522177081239,8.05373838866285,0.2726281958405822,0.9785345833565161,1.1586399192746921,6.551063509649415,45.845455208999134,187.56229749488858,0.22673285397468135,,nan,nan,nan,nan,0.676278039130062,0.46,0.24174954680530553,17,272,272,272,0,17,34,51,17,17,0,16,False,False,0.008,results/raw/core/L/L_logistic_d10_n100_core/fr-r-stl-b16_seed1.csv,trajectory_input,L
core,L,L_logistic_d10_n100_core,FR--R--STL,1772490794,18,0.008,79.22252115903368,7.02735155912174,nan,2.610916639732884,2.019872485729689,7.74763495692263,0.262125586784828,0.9773445770567081,1.1572263552971875,6.298742245619879,42.59018117161547,179.1514032294608,0.2401521029532887,,nan,nan,nan,nan,0.6767600286051384,0.4633333333333333,0.24198605175602164,18,288,288,288,0,18,36,54,18,18,0,16,False,False,0.008,results/raw/core/L/L_logistic_d10_n100_core/fr-r-stl-b16_seed1.csv,trajectory_input,L
core,L,L_logistic_d10_n100_core,FR--R--STL,1772490794,19,0.008,78.90649681297485,6.711327213062916,nan,2.5279588787902054,1.9798457640531668,7.454759684196309,0.25208666506524835,0.9761462563301674,1.1558062752622191,6.058930004524783,39.62604088754503,171.10865756709975,0.25344981299713254,,nan,nan,nan,nan,0.6770202958411395,0.46,0.2421142230752521,19,304,304,304,0,19,38,57,19,19,0,16,False,False,0.008,results/raw/core/L/L_logistic_d10_n100_core/fr-r-stl-b16_seed1.csv,trajectory_input,L
core,L,L_logistic_d10_n100_core,FR--R--STL,1772490794,20,0.008,78.55704289914118,6.361873299229245,nan,2.437714903748458,1.923749922092628,7.173609353154898,0.24278311690271578,0.9749231728273801,1.154353971055364,5.836046821177735,36.439405522453576,162.36304708739345,0.2667308420059271,,nan,nan,nan,nan,0.6770169351087201,0.4666666666666667,0.24211868173411327,20,320,320,320,0,20,40,60,20,20,0,16,False,False,0.008,results/raw/core/L/L_logistic_d10_n100_core/fr-r-stl-b16_seed1.csv,trajectory_input,L
core,L,L_logistic_d10_n100_core,FR--R--STL,1772490794,21,0.008,78.2558981201204,6.060728520208471,nan,2.3583601224785533,1.880378214350992,6.911108506350913,0.23391239484821763,0.9737271537342856,1.1529342493437575,5.624196325817319,33.74507761971994,154.29901749532638,0.2799795820028521,,nan,nan,nan,nan,0.6773233348879873,0.4633333333333333,0.2422652806704071,21,336,336,336,0,21,42,63,21,21,0,16,False,False,0.008,results/raw/core/L/L_logistic_d10_n100_core/fr-r-stl-b16_seed1.csv,trajectory_input,L
core,L,L_logistic_d10_n100_core,FR--R--STL,1772490794,22,0.008,77.9968689710362,5.801699371124272,nan,2.285743453402704,1.843033740320134,6.679022810045093,0.22620869081729242,0.9725863834222143,1.151582831383993,5.440361023163979,31.548806938630058,147.6139630448999,0.2933011219720356,,nan,nan,nan,nan,0.6775065382404403,0.46,0.24235145617743684,22,352,352,352,0,22,44,66,22,22,0,16,False,False,0.008,results/raw/core/L/L_logistic_d10_n100_core/fr-r-stl-b16_seed1.csv,trajectory_input,L
core,L,L_logistic_d10_n100_core,FR--R--STL,1772490794,23,0.008,77.75636181384182,5.5611922139298855,nan,2.2186309906982737,1.8093091991593904,6.457537766210915,0.21898063593273015,0.9714152310533436,1.1501936120288532,5.266672325957344,29.562345470099174,141.42085880263454,0.3065537109505385,,nan,nan,nan,nan,0.6775990143255596,0.4633333333333333,0.24239440960429776,23,368,368,368,0,23,46,69,23,23,0,16,False,False,0.008,results/raw/core/L/L_logistic_d10_n100_core/fr-r-stl-b16_seed1.csv,trajectory_input,L
core,L,L_logistic_d10_n100_core,FR--R--STL,1772490794,24,0.008,77.5273168602973,5.332147260385369,nan,2.153078194530228,1.7749210348383861,6.252080082046475,0.21205670466654108,0.9703157635490649,1.148891928830924,5.099493583531715,27.712916016486545,135.26986452920445,0.31982358096865937,,nan,nan,nan,nan,0.6775501862651843,0.46,0.24236544027911786,24,384,384,384,0,24,48,72,24,24,0,16,False,False,0.008,results/raw/core/L/L_logistic_d10_n100_core/fr-r-stl-b16_seed1.csv,trajectory_input,L
core,L,L_logistic_d10_n100_core,FR--R--STL,1772490794,25,0.008,77.34186337072009,5.146693770808156,nan,2.0975658807480335,1.7511517369731284,6.065474112389942,0.2059009554125028,0.9692540370988405,1.1476335597748628,4.949449883768926,26.284464703011135,130.48565972805008,0.33310146996518597,,nan,nan,nan,nan,0.6771050908499757,0.46,0.2421550686349333,25,400,400,400,0,25,50,75,25,25,0,16,False,False,0.008,results/raw/core/L/L_logistic_d10_n100_core/fr-r-stl-b16_seed1.csv,trajectory_input,L
core,L,L_logistic_d10_n100_core,FR--R--STL,1772490794,26,0.008,77.14194733813652,4.946777738224583,nan,2.0343235238812065,1.7195323477347924,5.881758440277226,0.19996966164773855,0.9681287266381967,1.1462970332324451,4.806866671345537,24.804112339217887,125.56554592593184,0.34653689997503534,,nan,nan,nan,nan,0.6773627299735467,0.46,0.24227664758284825,26,416,416,416,0,26,52,78,26,26,0,16,False,False,0.008,results/raw/core/L/L_logistic_d10_n100_core/fr-r-stl-b16_seed1.csv,trajectory_input,L
core,L,L_logistic_d10_n100_core,FR--R--STL,1772490794,27,0.008,76.9668704889547,4.771700889042762,nan,1.97519364129404,1.6920454223571044,5.716840470432135,0.19443839180604958,0.9670848741068344,1.1450592896455036,4.673675669351283,23.544420333780273,121.12232381565974,0.35980346996802837,,nan,nan,nan,nan,0.6773355270184221,0.45666666666666667,0.24225974891369134,27,432,432,432,0,27,54,81,27,27,0,16,False,False,0.008,results/raw/core/L/L_logistic_d10_n100_core/fr-r-stl-b16_seed1.csv,trajectory_input,L
core,L,L_logistic_d10_n100_core,FR--R--STL,1772490794,28,0.008,76.77916578570782,4.583996185795883,nan,1.9173619774881812,1.660389130750576,5.549224225493078,0.1892386377487914,0.9659740706157097,1.1437418271998627,4.548251387503455,22.186806952591148,116.4395294373741,0.37307250895537436,,nan,nan,nan,nan,0.6767407012576786,0.45666666666666667,0.24197914691326058,28,448,448,448,0,28,56,84,28,28,0,16,False,False,0.008,results/raw/core/L/L_logistic_d10_n100_core/fr-r-stl-b16_seed1.csv,trajectory_input,L
core,L,L_logistic_d10_n100_core,FR--R--STL,1772490794,29,0.008,76.60399320404025,4.408823604128315,nan,1.8620766544182858,1.6311842359858977,5.3912761548471755,0.18435775609967786,0.964899352814871,1.1424676710903,4.430211275555894,20.94344082179585,111.93564859393388,0.3863282589591108,,nan,nan,nan,nan,0.6760906006231682,0.4533333333333333,0.24167025555660354,29,464,464,464,0,29,58,87,29,29,0,16,False,False,0.008,results/raw/core/L/L_logistic_d10_n100_core/fr-r-stl-b16_seed1.csv,trajectory_input,L
core,L,L_logistic_d10_n100_core,FR--R--STL,1772490794,30,0.008,76.44764670267753,4.252477102765596,nan,1.8134766250051377,1.6074907433100665,5.240242456350449,0.17949352045765238,0.9638014150764087,1.141165797655574,4.313650805204032,19.855418636141582,107.71142272198543,0.3996142779942602,,nan,nan,nan,nan,0.6764128920062991,0.45,0.2418168052266492,30,480,480,480,0,30,60,90,30,30,0,16,False,False,0.008,results/raw/core/L/L_logistic_d10_n100_core/fr-r-stl-b16_seed1.csv,trajectory_input,L
core,L,L_logistic_d10_n100_core,FR--R--STL,1772490794,31,0.008,76.30355079495598,4.108381195044046,nan,1.764615625317669,1.5832970122472823,5.101754316291099,0.1751831543419761,0.9627641056902833,1.139936999605784,4.20872363214346,18.913077402717718,104.2339892760164,0.4128842679783702,,nan,nan,nan,nan,0.6761275023363409,0.45,0.24168316107160678,31,496,496,496,0,31,62,93,31,31,0,16,False,False,0.008,results/raw/core/L/L_logistic_d10_n100_core/fr-r-stl-b16_seed1.csv,trajectory_input,L
core,L,L_logistic_d10_n100_core,FR--R--STL,1772490794,32,0.008,76.15349023659101,3.958320636679076,nan,1.715825518885028,1.5573946328774,4.962989470975927,0.17084573906303271,0.9616885466409357,1.1386625688013925,4.105909079901503,17.912704681357635,100.24559578882639,0.4261667679529637,,nan,nan,nan,nan,0.6765592992481624,0.45,0.241881217834586,32,512,512,512,0,32,64,96,32,32,0,16,False,False,0.008,results/raw/core/L/L_logistic_d10_n100_core/fr-r-stl-b16_seed1.csv,trajectory_input,L
core,L,L_logistic_d10_n100_core,FR--R--STL,1772490794,33,0.008,76.01289211333427,3.817722513422339,nan,1.6700462056039078,1.5313386128911517,4.835981696104704,0.1669266457679778,0.9606430790141396,1.1374209510054238,4.011567200036749,16.999222530340006,96.58461573329582,0.43949817697284743,,nan,nan,nan,nan,0.6770098224187302,0.45,0.24208897501268084,33,528,528,528,0,33,66,99,33,33,0,16,False,False,0.008,results/raw/core/L/L_logistic_d10_n100_core/fr-r-stl-b16_seed1.csv,trajectory_input,L
core,L,L_logistic_d10_n100_core,FR--R--STL,1772490794,34,0.008,75.88313357041379,3.6879639705018548,nan,1.6281364082889798,1.5087081109852662,4.715346453911423,0.16329183482498238,0.9596248113106178,1.1362137740884994,3.925339338778495,16.163479560401306,93.09924675703837,0.45274689700454473,,nan,nan,nan,nan,0.6775262474779565,0.4533333333333333,0.24232462767321705,34,544,544,544,0,34,68,102,34,34,0,16,False,False,0.008,results/raw/core/L/L_logistic_d10_n100_core/fr-r-stl-b16_seed1.csv,trajectory_input,L
core,L,L_logistic_d10_n100_core,FR--R--STL,1772490794,35,0.008,75.74099685882423,3.545827258912297,nan,1.5823093721578603,1.4792301072541663,4.593026045916464,0.15961571282531478,0.9585687664891281,1.1349592878509065,3.837065634394943,15.269034843076291,89.47194712825097,0.46611062600277364,,nan,nan,nan,nan,0.6777674935960502,0.45666666666666667,0.24243549577177362,35,560,560,560,0,35,70,105,35,35,0,16,False,False,0.008,results/raw/core/L/L_logistic_d10_n100_core/fr-r-stl-b16_seed1.csv,trajectory_input,L
core,L,L_logistic_d10_n100_core,FR--R--STL,1772490794,36,0.008,75.63215697943986,3.4369873795279204,nan,1.5430862045224654,1.4592587103741352,4.488927299838208,0.15661148571564049,0.9576083043599488,1.1338219072621702,3.7651992133738883,14.61675727629812,86.72133006827156,0.47936102596577257,,nan,nan,nan,nan,0.6776740313865345,0.45,0.24238696960706127,36,576,576,576,0,36,72,108,36,36,0,16,False,False,0.008,results/raw/core/L/L_logistic_d10_n100_core/fr-r-stl-b16_seed1.csv,trajectory_input,L
core,L,L_logistic_d10_n100_core,FR--R--STL,1772490794,37,0.008,75.52195967647111,3.3267900765591776,nan,1.505466149389775,1.439493805235671,4.3826046728129295,0.1534010168194408,0.956614323824783,1.132643306535192,3.6882648549874384,13.953269404615398,83.76383196719557,0.4926112959510647,,nan,nan,nan,nan,0.678140396830625,0.45,0.24259708825562745,37,592,592,592,0,37,74,111,37,37,0,16,False,False,0.008,results/raw/core/L/L_logistic_d10_n100_core/fr-r-stl-b16_seed1.csv,trajectory_input,L
core,L,L_logistic_d10_n100_core,FR--R--STL,1772490794,38,0.008,75.40554393090022,3.2103743309882873,nan,1.466000908871726,1.4164659245678017,4.274790896138177,0.15019412864760073,0.9555736377283995,1.1314100164613279,3.6119176669736217,13.262487199534114,80.70911283755929,0.5059694349765778,,nan,nan,nan,nan,0.6784546836625593,0.45,0.24273855746865897,38,608,608,608,0,38,76,114,38,38,0,16,False,False,0.008,results/raw/core/L/L_logistic_d10_n100_core/fr-r-stl-b16_seed1.csv,trajectory_input,L
core,L,L_logistic_d10_n100_core,FR--R--STL,1772490794,39,0.008,75.30348190434297,3.1083123044310383,nan,1.4290479399488798,1.3951446737664142,4.177911610173383,0.14727003057177135,0.9546129629375806,1.1302712671821364,3.541045954346085,12.685543926493526,78.18728653741182,0.5192704049986787,,nan,nan,nan,nan,0.6784011288798575,0.4533333333333333,0.2427095540166195,39,624,624,624,0,39,78,117,39,39,0,16,False,False,0.008,results/raw/core/L/L_logistic_d10_n100_core/fr-r-stl-b16_seed1.csv,trajectory_input,L
core,L,L_logistic_d10_n100_core,FR--R--STL,1772490794,40,0.008,75.20360128396669,3.008431684054756,nan,1.3920362324790596,1.3738319696323704,4.084233883469794,0.14444716558789975,0.9536468705103651,1.1291249642795964,3.473455173339669,12.127445917221184,75.64223734790596,0.5324943449813873,,nan,nan,nan,nan,0.6788338615470171,0.4533333333333333,0.24290236271108048,40,640,640,640,0,40,80,120,40,40,0,16,False,False,0.008,results/raw/core/L/L_logistic_d10_n100_core/fr-r-stl-b16_seed1.csv,trajectory_input,L
core,L,L_logistic_d10_n100_core,FR--R--STL,1772490794,41,0.008,75.102472827272,2.9073032273600603,nan,1.3561176976315137,1.3517772717103747,3.9912896901332373,0.14183579050002174,0.9526533190012828,1.1279450725378866,3.4108723048138745,11.561454015401498,73.08514521787406,0.5458017140044831,,nan,nan,nan,nan,0.6789535147559232,0.4533333333333333,0.2429542531158907,41,656,656,656,0,41,82,123,41,41,0,16,False,False,0.008,results/raw/core/L/L_logistic_d10_n100_core/fr-r-stl-b16_seed1.csv,trajectory_input,L
core,L,L_logistic_d10_n100_core,FR--R--STL,1772490794,42,0.008,75.01240697801092,2.81723737809898,nan,1.3235350278268467,1.3332968113694978,3.9030482271598026,0.13925673285641124,0.9516691298909433,1.1267760012433947,3.3492860266594287,11.070039477347072,70.76849775153475,0.5590305439545773,,nan,nan,nan,nan,0.6792326915958256,0.4533333333333333,0.24307865420101318,42,672,672,672,0,42,84,126,42,42,0,16,False,False,0.008,results/raw/core/L/L_logistic_d10_n100_core/fr-r-stl-b16_seed1.csv,trajectory_input,L
core,L,L_logistic_d10_n100_core,FR--R--STL,1772490794,43,0.008,74.92595610731914,2.7307865074072026,nan,1.2927363200147497,1.3151195426540665,3.81960644887847,0.13686428999190847,0.9507156944847779,1.1256434870447374,3.2916694030492364,10.599456259041851,68.5123201923171,0.5722900929977186,,nan,nan,nan,nan,0.6793527956322457,0.4533333333333333,0.24312902450758458,43,688,688,688,0,43,86,129,43,43,0,16,False,False,0.008,results/raw/core/L/L_logistic_d10_n100_core/fr-r-stl-b16_seed1.csv,trajectory_input,L
core,L,L_logistic_d10_n100_core,FR--R--STL,1772490794,44,0.008,74.83983889854194,2.6446692986300064,nan,1.2612016751656843,1.2972063886703513,3.734905277937566,0.13440644012550265,0.9497410927166173,1.1244893004790657,3.2328814597402253,10.140016257778996,66.21861471540116,0.5855238629737869,,nan,nan,nan,nan,0.6794657704142575,0.4533333333333333,0.2431697456108095,44,704,704,704,0,44,88,132,44,44,0,16,False,False,0.008,results/raw/core/L/L_logistic_d10_n100_core/fr-r-stl-b16_seed1.csv,trajectory_input,L
core,L,L_logistic_d10_n100_core,FR--R--STL,1772490794,45,0.008,74.7549769069465,2.5598073070345606,nan,1.2275639138439023,1.2767693911182272,3.6543553413251955,0.13210662366904477,0.9487703349707554,1.123336394553717,3.1773848300693643,9.706643936383678,64.13066730231256,0.5987821129965596,,nan,nan,nan,nan,0.6796492510358628,0.4533333333333333,0.24324693044385295,45,720,720,720,0,45,90,135,45,45,0,16,False,False,0.008,results/raw/core/L/L_logistic_d10_n100_core/fr-r-stl-b16_seed1.csv,trajectory_input,L
core,L,L_logistic_d10_n100_core,FR--R--STL,1772490794,46,0.008,74.67712581586333,2.4819562159513993,nan,1.1967969312429454,1.257921645604628,3.5788992481243787,0.1299501213642374,0.9478473364565323,1.1222432708617474,3.1246797318158026,9.3149632730385,62.22272981849495,0.6120270319515839,,nan,nan,nan,nan,0.6794689130260607,0.45666666666666667,0.2431612033067096,46,736,736,736,0,46,92,138,46,46,0,16,False,False,0.008,results/raw/core/L/L_logistic_d10_n100_core/fr-r-stl-b16_seed1.csv,trajectory_input,L
core,L,L_logistic_d10_n100_core,FR--R--STL,1772490794,47,0.008,74.60808201416837,2.4129124142564393,nan,1.1692735693953424,1.2427901937935757,3.5059051944817563,0.1278190761234562,0.9469314517330206,1.1211572613267984,3.0727526382191632,8.977005858810355,60.519312690576314,0.6252654519630596,,nan,nan,nan,nan,0.6794376249906742,0.45666666666666667,0.2431439789416079,47,752,752,752,0,47,94,141,47,47,0,16,False,False,0.008,results/raw/core/L/L_logistic_d10_n100_core/fr-r-stl-b16_seed1.csv,trajectory_input,L
core,L,L_logistic_d10_n100_core,FR--R--STL,1772490794,48,0.008,74.52747847036395,2.3323088704520103,nan,1.1392764514510731,1.2217281990819997,3.4317229570193515,0.12574606414720094,0.9459776628112188,1.1200232545807065,3.022734623581335,8.57199792178959,58.51476416889488,0.6384936009999365,,nan,nan,nan,nan,0.6795871113343913,0.4533333333333333,0.24320790395257527,48,768,768,768,0,48,96,144,48,48,0,16,False,False,0.008,results/raw/core/L/L_logistic_d10_n100_core/fr-r-stl-b16_seed1.csv,trajectory_input,L
core,L,L_logistic_d10_n100_core,FR--R--STL,1772490794,49,0.008,74.45740174896848,2.262232149056544,nan,1.1113612852475647,1.2050977860426162,3.360094080595773,0.12371195328896392,0.9450239990475815,1.1188895673253507,2.9739259757324463,8.233692198966246,56.76396576904017,0.6517540409695357,,nan,nan,nan,nan,0.6798198216253021,0.4533333333333333,0.24331112196658514,49,784,784,784,0,49,98,147,49,49,0,16,False,False,0.008,results/raw/core/L/L_logistic_d10_n100_core/fr-r-stl-b16_seed1.csv,trajectory_input,L
core,L,L_logistic_d10_n100_core,FR--R--STL,1772490794,50,0.008,74.39706491857021,2.2018953186582735,nan,1.0876687679009809,1.1921308475313743,3.29502137808669,0.1218752236441362,0.9441630271692006,1.117869939467281,2.929949871914888,7.9439271971939185,55.18018670310412,0.6649826509528793,,nan,nan,nan,nan,0.6799984819366157,0.45666666666666667,0.24338639989083855,50,800,800,800,0,50,100,150,50,50,0,16,False,False,0.008,results/raw/core/L/L_logistic_d10_n100_core/fr-r-stl-b16_seed1.csv,trajectory_input,L
core,L,L_logistic_d10_n100_core,FR--R--STL,1131559491,0,0.0,98.44506177378256,26.24989217387062,nan,6.358129167392517,3.9972584412189462,26.395414121217144,1.0,1.0,1.184105395713135,23.94532020669651,392.80048568424934,615.0360487952705,0.0006454900139942765,,nan,nan,nan,nan,0.6925719245389862,0.4633333333333333,0.2497123808042387,0,0,0,0,0,0,0,0,0,0,0,16,False,False,0.0,results/raw/core/L/L_logistic_d10_n100_core/fr-r-stl-b16_seed2.csv,trajectory_input,L
core,L,L_logistic_d10_n100_core,FR--R--STL,1131559491,1,0.008,95.14111557659481,22.94594597668288,nan,5.803173075206101,3.63286960886268,23.5401421424894,0.8819912795396353,0.9987493952540678,1.1826194610736094,21.14545364462623,311.1369119741148,545.8101225439364,0.014048549986910075,,nan,nan,nan,nan,0.6890221802331475,0.44666666666666666,0.24793978546052856,1,16,16,16,0,1,2,3,1,1,0,16,False,False,0.008,results/raw/core/L/L_logistic_d10_n100_core/fr-r-stl-b16_seed2.csv,trajectory_input,L
core,L,L_logistic_d10_n100_core,FR--R--STL,1131559491,2,0.008,92.9154449452926,20.72027534538067,nan,5.419980846034996,3.4459728130468896,21.05339863070409,0.7794999687048457,0.9974666887505167,1.1810963447825267,18.69401671245946,260.2358280497796,500.2709015996671,0.027405179978813976,,nan,nan,nan,nan,0.6860175330672915,0.45,0.24644400062931082,2,32,32,32,0,2,4,6,2,2,0,16,False,False,0.008,results/raw/core/L/L_logistic_d10_n100_core/fr-r-stl-b16_seed2.csv,trajectory_input,L
core,L,L_logistic_d10_n100_core,FR--R--STL,1131559491,3,0.008,91.09241180296205,18.897242203050112,nan,5.09519952913461,3.2637518304505155,19.308257607823784,0.7094373055490741,0.9962454547501621,1.1796432206281566,17.021748877940095,221.8092772379843,460.7186638822002,0.04072008898947388,,nan,nan,nan,nan,0.6841707217336988,0.4533333333333333,0.24553084411123402,3,48,48,48,0,3,6,9,3,3,0,16,False,False,0.008,results/raw/core/L/L_logistic_d10_n100_core/fr-r-stl-b16_seed2.csv,trajectory_input,L
core,L,L_logistic_d10_n100_core,FR--R--STL,1131559491,4,0.008,89.50606040526769,17.310890805355754,nan,4.801735329717083,3.104921983951257,17.792302504259986,0.6489189018359784,0.9950274012849667,1.1781939751793489,15.581634134338435,190.3770302907522,425.3125440097412,0.05406539898831397,,nan,nan,nan,nan,0.6832507784284932,0.45666666666666667,0.24508152666005817,4,64,64,64,0,4,8,12,4,4,0,16,False,False,0.008,results/raw/core/L/L_logistic_d10_n100_core/fr-r-stl-b16_seed2.csv,trajectory_input,L
core,L,L_logistic_d10_n100_core,FR--R--STL,1131559491,5,0.008,87.997659007246,15.802489407334065,nan,4.515520600072415,2.9526104841915966,16.301870901382305,0.5893647497386919,0.99372996846271,1.1766536893584367,14.15584976586278,162.97413159696936,392.20472279866317,0.06737726798746735,,nan,nan,nan,nan,0.6806269435429644,0.45,0.2437921150356648,5,80,80,80,0,5,10,15,5,5,0,16,False,False,0.008,results/raw/core/L/L_logistic_d10_n100_core/fr-r-stl-b16_seed2.csv,trajectory_input,L
core,L,L_logistic_d10_n100_core,FR--R--STL,1131559491,6,0.008,86.84797651798995,14.652806918078014,nan,4.295944669854445,2.849805816057627,15.089118951478596,0.5408391959520665,0.9925149042085668,1.1752124585701405,12.988725828578877,142.93883844179547,365.5114911352854,0.08062494802288711,,nan,nan,nan,nan,0.679861430683113,0.44666666666666666,0.24342162677766074,6,96,96,96,0,6,12,18,6,6,0,16,False,False,0.008,results/raw/core/L/L_logistic_d10_n100_core/fr-r-stl-b16_seed2.csv,trajectory_input,L
core,L,L_logistic_d10_n100_core,FR--R--STL,1131559491,7,0.008,85.61467927210826,13.419509672196327,nan,4.067099626040546,2.7057616171107193,14.05648150962179,0.5002454650465407,0.9912823995563049,1.1737503406157361,12.016639073898865,122.44082898392229,334.10628955045297,0.09398505801800638,,nan,nan,nan,nan,0.6812581590970918,0.4533333333333333,0.2441201121450592,7,112,112,112,0,7,14,21,7,7,0,16,False,False,0.008,results/raw/core/L/L_logistic_d10_n100_core/fr-r-stl-b16_seed2.csv,trajectory_input,L
core,L,L_logistic_d10_n100_core,FR--R--STL,1131559491,8,0.008,84.70669754075674,12.5115279408448,nan,3.883128890852327,2.6120702772753797,13.196211329363711,0.467439811442534,0.9900513636061627,1.1722901517457236,11.232931181726768,108.4899852820561,312.1863105162132,0.10724949697032571,,nan,nan,nan,nan,0.6802647033166638,0.4533333333333333,0.24363832154641557,8,128,128,128,0,8,16,24,8,8,0,16,False,False,0.008,results/raw/core/L/L_logistic_d10_n100_core/fr-r-stl-b16_seed2.csv,trajectory_input,L
core,L,L_logistic_d10_n100_core,FR--R--STL,1131559491,9,0.008,83.9217344828877,11.726564882975765,nan,3.7202217037393233,2.543472808771894,12.357031075612886,0.43483232178788017,0.9887535045919981,1.170749217423865,10.447946989629804,97.21563138795901,293.40512611609716,0.12051252700621262,,nan,nan,nan,nan,0.6803984078468763,0.45666666666666667,0.24370732814310642,9,144,144,144,0,9,18,27,9,9,0,16,False,False,0.008,results/raw/core/L/L_logistic_d10_n100_core/fr-r-stl-b16_seed2.csv,trajectory_input,L
core,L,L_logistic_d10_n100_core,FR--R--STL,1131559491,10,0.008,83.10039300627938,10.90522340636744,nan,3.544384114506286,2.4438034888371005,11.611717882389282,0.40663987028319304,0.9874949279403511,1.1692599967222637,9.768500849889076,86.17141030965347,273.95556516483344,0.1337803159840405,,nan,nan,nan,nan,0.6789740440682743,0.4533333333333333,0.2430208344481837,10,160,160,160,0,10,20,30,10,10,0,16,False,False,0.008,results/raw/core/L/L_logistic_d10_n100_core/fr-r-stl-b16_seed2.csv,trajectory_input,L
core,L,L_logistic_d10_n100_core,FR--R--STL,1131559491,11,0.008,82.40692432398828,10.211754724076343,nan,3.3849011357859644,2.353402315698135,11.00956867478883,0.38334556703017564,0.9863224476595159,1.1678689279171766,9.213710375615712,77.39052015425449,257.28836688716706,0.1470698660123162,,nan,nan,nan,nan,0.6792442266063976,0.46,0.24315761589803975,11,176,176,176,0,11,22,33,11,11,0,16,False,False,0.008,results/raw/core/L/L_logistic_d10_n100_core/fr-r-stl-b16_seed2.csv,trajectory_input,L
core,L,L_logistic_d10_n100_core,FR--R--STL,1131559491,12,0.008,81.81821632375313,9.623046723841199,nan,3.2480883352400167,2.2787213866054414,10.477297091855764,0.36392606909276976,0.9851378611109881,1.166463804488851,8.746983284573773,70.28177936750674,243.47275176617296,0.16034295602003112,,nan,nan,nan,nan,0.677877386461884,0.4633333333333333,0.24250362806255518,12,192,192,192,0,12,24,36,12,12,0,16,False,False,0.008,results/raw/core/L/L_logistic_d10_n100_core/fr-r-stl-b16_seed2.csv,trajectory_input,L
core,L,L_logistic_d10_n100_core,FR--R--STL,1131559491,13,0.008,81.23890641533545,9.043736815423514,nan,3.130774912789055,2.2153432236644375,9.92166912461707,0.343079390333114,0.9838682585663254,1.164958629246228,8.246877860435658,63.25681014489134,228.45054639878018,0.17365985497599468,,nan,nan,nan,nan,0.6775667102853968,0.46,0.24235975246543784,13,208,208,208,0,13,26,39,13,13,0,16,False,False,0.008,results/raw/core/L/L_logistic_d10_n100_core/fr-r-stl-b16_seed2.csv,trajectory_input,L
core,L,L_logistic_d10_n100_core,FR--R--STL,1131559491,14,0.008,80.72262368750013,8.527454087588197,nan,3.0090939175523066,2.1540979947917864,9.440213262254343,0.3254110513187968,0.9825912149479157,1.163441911576216,7.824842224364392,57.43662468254749,215.4925593034042,0.18697372497990727,,nan,nan,nan,nan,0.6773732491861285,0.4633333333333333,0.24226965461931632,14,224,224,224,0,14,28,42,14,14,0,16,False,False,0.008,results/raw/core/L/L_logistic_d10_n100_core/fr-r-stl-b16_seed2.csv,trajectory_input,L
core,L,L_logistic_d10_n100_core,FR--R--STL,1131559491,15,0.008,80.32583566277899,8.13066606286705,nan,2.9077980928965843,2.1077925794908734,9.05346354383164,0.3116042126206328,0.981435039010264,1.1620696254486083,7.492410786920705,53.26447152723257,206.00632629736123,0.20027968398062512,,nan,nan,nan,nan,0.6768808482598129,0.4633333333333333,0.2420383575416806,15,240,240,240,0,15,30,45,15,15,0,16,False,False,0.008,results/raw/core/L/L_logistic_d10_n100_core/fr-r-stl-b16_seed2.csv,trajectory_input,L
core,L,L_logistic_d10_n100_core,FR--R--STL,1131559491,16,0.008,79.94192036883699,7.746750768925054,nan,2.8115843035528925,2.0708685160814704,8.65989183237688,0.2971110569476173,0.9802412154298685,1.1606559111181396,7.147177755083753,49.221080326103156,195.79469156868956,0.21357473399257287,,nan,nan,nan,nan,0.6779131434709303,0.4633333333333333,0.24252946979750664,16,256,256,256,0,16,32,48,16,16,0,16,False,False,0.008,results/raw/core/L/L_logistic_d10_n100_core/fr-r-stl-b16_seed2.csv,trajectory_input,L
core,L,L_logistic_d10_n100_core,FR--R--STL,1131559491,17,0.008,79.53830931697442,7.343139717062485,nan,2.709453032577018,2.01861738491023,8.296786744839133,0.28424169474278105,0.9790205969869041,1.1592081864885726,6.836759112962178,45.167018022427754,185.4529875055005,0.22685265401378274,,nan,nan,nan,nan,0.6782466523748563,0.4633333333333333,0.24268660550996923,17,272,272,272,0,17,34,51,17,17,0,16,False,False,0.008,results/raw/core/L/L_logistic_d10_n100_core/fr-r-stl-b16_seed2.csv,trajectory_input,L
core,L,L_logistic_d10_n100_core,FR--R--STL,1131559491,18,0.008,79.18207669860396,6.986907098692029,nan,2.620869073426976,1.9736289065826274,7.970971036878682,0.27308821729143823,0.9778162849593406,1.1577790441374927,6.5680738078176795,41.70457263289624,176.38092294279863,0.24017691297922283,,nan,nan,nan,nan,0.678876187103747,0.4633333333333333,0.24298478036055893,18,288,288,288,0,18,36,54,18,18,0,16,False,False,0.008,results/raw/core/L/L_logistic_d10_n100_core/fr-r-stl-b16_seed2.csv,trajectory_input,L
core,L,L_logistic_d10_n100_core,FR--R--STL,1131559491,19,0.008,78.87168391423833,6.676514314326397,nan,2.539995243359602,1.9364850700135057,7.670711862606819,0.26264069174479165,0.9766833771032686,1.1564363789568683,6.314714592338667,38.79732888067437,168.3567388433297,0.2534642129903659,,nan,nan,nan,nan,0.6788440049917188,0.4633333333333333,0.24296704151391646,19,304,304,304,0,19,38,57,19,19,0,16,False,False,0.008,results/raw/core/L/L_logistic_d10_n100_core/fr-r-stl-b16_seed2.csv,trajectory_input,L
core,L,L_logistic_d10_n100_core,FR--R--STL,1131559491,20,0.008,78.5503275444078,6.355157944495872,nan,2.453348698570967,1.8926068479392615,7.375554025272685,0.25253812319130525,0.9754994539143496,1.155031619012602,6.069152484564605,35.89092702285441,160.09317064544655,0.2667945220018737,,nan,nan,nan,nan,0.6780670969926264,0.45666666666666667,0.24259342256131863,20,320,320,320,0,20,40,60,20,20,0,16,False,False,0.008,results/raw/core/L/L_logistic_d10_n100_core/fr-r-stl-b16_seed2.csv,trajectory_input,L
core,L,L_logistic_d10_n100_core,FR--R--STL,1131559491,21,0.008,78.26982530575664,6.074655705844705,nan,2.378511127218596,1.8608617912713785,7.093607492865384,0.2427844109949579,0.9742764946338683,1.153582564326606,5.8348483445319665,33.43164695752502,152.73273317007738,0.2800488619832322,,nan,nan,nan,nan,0.6783235125135093,0.45666666666666667,0.2427115809971525,21,336,336,336,0,21,42,63,21,21,0,16,False,False,0.008,results/raw/core/L/L_logistic_d10_n100_core/fr-r-stl-b16_seed2.csv,trajectory_input,L
core,L,L_logistic_d10_n100_core,FR--R--STL,1131559491,22,0.008,77.97938956928756,5.784219969375627,nan,2.3022861305120577,1.8188514248454901,6.835184092891931,0.23394139230631078,0.9730946061726717,1.1521808366171842,5.62315545139961,30.94118456792134,145.1121323333579,0.2933101920061745,,nan,nan,nan,nan,0.6786417944262905,0.45666666666666667,0.24285642044773467,22,352,352,352,0,22,44,66,22,22,0,16,False,False,0.008,results/raw/core/L/L_logistic_d10_n100_core/fr-r-stl-b16_seed2.csv,trajectory_input,L
core,L,L_logistic_d10_n100_core,FR--R--STL,1131559491,23,0.008,77.71608548271355,5.520915882801617,nan,2.2278483337526613,1.7828907216893095,6.59131153132904,0.22575710001161148,0.9719014516711314,1.150768089882882,5.427787151326136,28.778922490971468,138.22661468036083,0.30660935101332143,,nan,nan,nan,nan,0.6789647471381218,0.4533333333333333,0.24300112615741876,23,368,368,368,0,23,46,69,23,23,0,16,False,False,0.008,results/raw/core/L/L_logistic_d10_n100_core/fr-r-stl-b16_seed2.csv,trajectory_input,L
core,L,L_logistic_d10_n100_core,FR--R--STL,1131559491,24,0.008,77.4981123215805,5.302942721668572,nan,2.1661169140349767,1.7534111579667149,6.379864359962556,0.2187336982009685,0.9707917999273539,1.149453169761142,5.258701654338641,27.051089844520796,132.58773135806197,0.3198646110249683,,nan,nan,nan,nan,0.6785067587426908,0.46,0.24278341841295353,24,384,384,384,0,24,48,72,24,24,0,16,False,False,0.008,results/raw/core/L/L_logistic_d10_n100_core/fr-r-stl-b16_seed2.csv,trajectory_input,L
core,L,L_logistic_d10_n100_core,FR--R--STL,1131559491,25,0.008,77.28764731172545,5.092477711813515,nan,2.1020687494265733,1.7268080060903717,6.173134650214729,0.2118472451229661,0.9696401745866015,1.1480855544642719,5.094463800043726,25.435067526769192,127.11640024726354,0.3331045910017565,,nan,nan,nan,nan,0.6793661927754557,0.4533333333333333,0.24317842681581606,25,400,400,400,0,25,50,75,25,25,0,16,False,False,0.008,results/raw/core/L/L_logistic_d10_n100_core/fr-r-stl-b16_seed2.csv,trajectory_input,L
core,L,L_logistic_d10_n100_core,FR--R--STL,1131559491,26,0.008,77.08604114112353,4.890871541211595,nan,2.039536780279105,1.6953822873374071,5.986215575130653,0.20567786572946067,0.9685532517760923,1.1467957686228638,4.945942904162214,23.941507784471234,122.0160676219035,0.3465594900189899,,nan,nan,nan,nan,0.6796149427093724,0.46,0.243289243911095,26,416,416,416,0,26,52,78,26,26,0,16,False,False,0.008,results/raw/core/L/L_logistic_d10_n100_core/fr-r-stl-b16_seed2.csv,trajectory_input,L
core,L,L_logistic_d10_n100_core,FR--R--STL,1131559491,27,0.008,76.91479423831734,4.719624638405406,nan,1.9858097438875042,1.671388574438486,5.812576366465304,0.19986635687819573,0.9674846126637454,1.145530554742802,4.806466691113033,22.71959069889865,117.70534270115775,0.35979267000220716,,nan,nan,nan,nan,0.6798106634556023,0.45666666666666667,0.24337602006534334,27,432,432,432,0,27,54,81,27,27,0,16,False,False,0.008,results/raw/core/L/L_logistic_d10_n100_core/fr-r-stl-b16_seed2.csv,trajectory_input,L
core,L,L_logistic_d10_n100_core,FR--R--STL,1131559491,28,0.008,76.71251590549198,4.517346305580048,nan,1.921884914902741,1.6301879821553755,5.644310605037597,0.1945830624849045,0.9663891361364931,1.144231282358851,4.678558721667319,21.300836834899698,112.82450652377409,0.3730376390158199,,nan,nan,nan,nan,0.6791938787582311,0.4633333333333333,0.24308480776569155,28,448,448,448,0,28,56,84,28,28,0,16,False,False,0.008,results/raw/core/L/L_logistic_d10_n100_core/fr-r-stl-b16_seed2.csv,trajectory_input,L
core,L,L_logistic_d10_n100_core,FR--R--STL,1131559491,29,0.008,76.5513414320298,4.356171832117866,nan,1.8670433872237897,1.604116916648833,5.4854024381863145,0.18936845056245255,0.9653124172441352,1.142955200819181,4.552769462083118,20.221407877515315,108.85537141724286,0.3863219990162179,,nan,nan,nan,nan,0.6792731291859366,0.46,0.24311765009696729,29,464,464,464,0,29,58,87,29,29,0,16,False,False,0.008,results/raw/core/L/L_logistic_d10_n100_core/fr-r-stl-b16_seed2.csv,trajectory_input,L
core,L,L_logistic_d10_n100_core,FR--R--STL,1131559491,30,0.008,76.39232170069528,4.197152100783342,nan,1.8162228138376497,1.5788289642751132,5.3287690913530295,0.18427145981402612,0.9642178111811908,1.1416588428706704,4.429903480753416,19.156956767555883,104.84334924400076,0.39956529898336157,,nan,nan,nan,nan,0.6796329975872807,0.45666666666666667,0.24328238997868187,30,480,480,480,0,30,60,90,30,30,0,16,False,False,0.008,results/raw/core/L/L_logistic_d10_n100_core/fr-r-stl-b16_seed2.csv,trajectory_input,L
core,L,L_logistic_d10_n100_core,FR--R--STL,1131559491,31,0.008,76.2419735643268,4.046803964414863,nan,1.7670133751334294,1.5542189283188077,5.185234478808173,0.17967282953668212,0.9631917950911879,1.1404427354302042,4.31914361137821,18.161409184129383,100.99019264054412,0.4127994279842824,,nan,nan,nan,nan,0.6801131240959039,0.46,0.24349993580662413,31,496,496,496,0,31,62,93,31,31,0,16,False,False,0.008,results/raw/core/L/L_logistic_d10_n100_core/fr-r-stl-b16_seed2.csv,trajectory_input,L
core,L,L_logistic_d10_n100_core,FR--R--STL,1131559491,32,0.008,76.104744480856,3.9095748809440636,nan,1.7203801546169655,1.529308485029528,5.051341769870755,0.1754181563195842,0.962151272410348,1.139207362319513,4.216158742352036,17.297441730248035,97.66548846387771,0.42605850799009204,,nan,nan,nan,nan,0.6801593716636414,0.45666666666666667,0.24351869410347457,32,512,512,512,0,32,64,96,32,32,0,16,False,False,0.008,results/raw/core/L/L_logistic_d10_n100_core/fr-r-stl-b16_seed2.csv,trajectory_input,L
core,L,L_logistic_d10_n100_core,FR--R--STL,1131559491,33,0.008,75.96115343781204,3.7659838379001087,nan,1.6700995235640699,1.504488920418741,4.917068637132531,0.17121158837297365,0.9610938586837477,1.1379540787349727,4.115950165911591,16.390083772501512,94.01912925059581,0.43939253699500114,,nan,nan,nan,nan,0.6806437237320624,0.4533333333333333,0.24372738713737885,33,528,528,528,0,33,66,99,33,33,0,16,False,False,0.008,results/raw/core/L/L_logistic_d10_n100_core/fr-r-stl-b16_seed2.csv,trajectory_input,L
core,L,L_logistic_d10_n100_core,FR--R--STL,1131559491,34,0.008,75.82470477195679,3.6295351720448537,nan,1.6225741092992714,1.4778698120045914,4.792109526652848,0.16728870476353191,0.9600743465876552,1.1367448036057963,4.021734920213546,15.544891762238347,90.56352093463991,0.45265905698761344,,nan,nan,nan,nan,0.68051326615209,0.4533333333333333,0.2436572117872335,34,544,544,544,0,34,68,102,34,34,0,16,False,False,0.008,results/raw/core/L/L_logistic_d10_n100_core/fr-r-stl-b16_seed2.csv,trajectory_input,L
core,L,L_logistic_d10_n100_core,FR--R--STL,1131559491,35,0.008,75.67740394135024,3.4822343414383,nan,1.5741478929861255,1.4486764546783468,4.6608590224680695,0.16325393833067622,0.9589752103382126,1.1354415822340262,3.9251578462115027,14.63038260140942,86.7485400983456,0.4659941170248203,,nan,nan,nan,nan,0.6806448616946263,0.4533333333333333,0.24370495751302873,35,560,560,560,0,35,70,105,35,35,0,16,False,False,0.008,results/raw/core/L/L_logistic_d10_n100_core/fr-r-stl-b16_seed2.csv,trajectory_input,L
core,L,L_logistic_d10_n100_core,FR--R--STL,1131559491,36,0.008,75.56531571143344,3.370146111521507,nan,1.5356654793148603,1.4300362831107853,4.544737974473783,0.15973198645372283,0.9579439754127204,1.1342189464152537,3.8399750134898785,13.968377680408265,83.86498247998986,0.47925986599875614,,nan,nan,nan,nan,0.6805936251374275,0.45666666666666667,0.2436754876896659,36,576,576,576,0,36,72,108,36,36,0,16,False,False,0.008,results/raw/core/L/L_logistic_d10_n100_core/fr-r-stl-b16_seed2.csv,trajectory_input,L
core,L,L_logistic_d10_n100_core,FR--R--STL,1131559491,37,0.008,75.4546051021104,3.259435502198471,nan,1.496309291997701,1.408757481490577,4.4351400953112075,0.15635341953506687,0.9569296162954488,1.1330163603163912,3.7584136786260176,13.331190435692506,81.11064929025603,0.4925503159756772,,nan,nan,nan,nan,0.6808981269322485,0.45666666666666667,0.24381080310098702,37,592,592,592,0,37,74,111,37,37,0,16,False,False,0.008,results/raw/core/L/L_logistic_d10_n100_core/fr-r-stl-b16_seed2.csv,trajectory_input,L
core,L,L_logistic_d10_n100_core,FR--R--STL,1131559491,38,0.008,75.35123576660224,3.1560661666903087,nan,1.4601330462405895,1.39149339814053,4.329272451528122,0.15314036781133158,0.9559300650453239,1.1318315869706221,3.6816524283448717,12.73605283635101,78.40477052716346,0.5058751450269483,,nan,nan,nan,nan,0.6811379363232519,0.4533333333333333,0.2439116250591126,38,608,608,608,0,38,76,114,38,38,0,16,False,False,0.008,results/raw/core/L/L_logistic_d10_n100_core/fr-r-stl-b16_seed2.csv,trajectory_input,L
core,L,L_logistic_d10_n100_core,FR--R--STL,1131559491,39,0.008,75.25018375308127,3.0550141531693384,nan,1.4242223083742722,1.374324529588072,4.225786639300881,0.15001283291232806,0.9549520968611466,1.1306747746653423,3.6069525975973082,12.164017087777319,75.750576291629,0.5192300449707545,,nan,nan,nan,nan,0.6813606291654347,0.4533333333333333,0.24400203391390576,39,624,624,624,0,39,78,117,39,39,0,16,False,False,0.008,results/raw/core/L/L_logistic_d10_n100_core/fr-r-stl-b16_seed2.csv,trajectory_input,L
core,L,L_logistic_d10_n100_core,FR--R--STL,1131559491,40,0.008,75.15095389445204,2.955784294540109,nan,1.386816739139269,1.3527314474733316,4.1280319970802815,0.14707661311014797,0.9539415503943826,1.1294747021943894,3.5358046299567003,11.629577435875396,73.3345495794204,0.5324501349823549,,nan,nan,nan,nan,0.6812605670196789,0.45,0.24395150040538538,40,640,640,640,0,40,80,120,40,40,0,16,False,False,0.008,results/raw/core/L/L_logistic_d10_n100_core/fr-r-stl-b16_seed2.csv,trajectory_input,L
core,L,L_logistic_d10_n100_core,FR--R--STL,1131559491,41,0.008,75.0566231717685,2.861453571856572,nan,1.3532167968402793,1.3349602078977787,4.031059882286666,0.14413540381269788,0.952936374282693,1.1282838417246444,3.464746608651413,11.115984707650963,70.89226633432116,0.5457022340269759,,nan,nan,nan,nan,0.6813572388933742,0.45,0.24398645366023666,41,656,656,656,0,41,82,123,41,41,0,16,False,False,0.008,results/raw/core/L/L_logistic_d10_n100_core/fr-r-stl-b16_seed2.csv,trajectory_input,L
core,L,L_logistic_d10_n100_core,FR--R--STL,1131559491,42,0.008,74.97544176202683,2.7802721621148976,nan,1.3247816839683155,1.3207939617394664,3.942564073384335,0.14155379358146455,0.9519791141189703,1.1271517057743028,3.402267363784342,10.682120964289027,68.76789340315673,0.5589836040162481,,nan,nan,nan,nan,0.6811902229198397,0.45,0.24390552770757873,42,672,672,672,0,42,84,126,42,42,0,16,False,False,0.008,results/raw/core/L/L_logistic_d10_n100_core/fr-r-stl-b16_seed2.csv,trajectory_input,L
core,L,L_logistic_d10_n100_core,FR--R--STL,1131559491,43,0.008,74.89564248025545,2.7004728803435114,nan,1.2940051890359965,1.3039673761029253,3.8597159790223325,0.13905826517424508,0.9510612703635636,1.1260628389468623,3.3418181354871392,10.272328519309566,66.79153201414536,0.5722701330087148,,nan,nan,nan,nan,0.6812528085704885,0.44666666666666666,0.2439317660213514,43,688,688,688,0,43,86,129,43,43,0,16,False,False,0.008,results/raw/core/L/L_logistic_d10_n100_core/fr-r-stl-b16_seed2.csv,trajectory_input,L
core,L,L_logistic_d10_n100_core,FR--R--STL,1131559491,44,0.008,74.80984138655249,2.6146717866405567,nan,1.259993519917547,1.2844202646829903,3.776933643647229,0.13669829297163572,0.9501181638481005,1.1249417638221226,3.2851464621380506,9.831667826408248,64.66856001659423,0.5855004530167207,,nan,nan,nan,nan,0.6813452931373464,0.45,0.24396570307233223,44,704,704,704,0,44,88,132,44,44,0,16,False,False,0.008,results/raw/core/L/L_logistic_d10_n100_core/fr-r-stl-b16_seed2.csv,trajectory_input,L
core,L,L_logistic_d10_n100_core,FR--R--STL,1131559491,45,0.008,74.73449909898672,2.539329499074782,nan,1.2302332173639263,1.267301058959854,3.699038281976914,0.1343920984577311,0.9492164128594084,1.1238751767219641,3.2289266178981935,9.457075205937917,62.81264153715212,0.5987731930217706,,nan,nan,nan,nan,0.6811887036984612,0.45,0.24389064408936734,45,720,720,720,0,45,90,135,45,45,0,16,False,False,0.008,results/raw/core/L/L_logistic_d10_n100_core/fr-r-stl-b16_seed2.csv,trajectory_input,L
core,L,L_logistic_d10_n100_core,FR--R--STL,1131559491,46,0.008,74.66652657168213,2.4713569717701915,nan,1.20048230408291,1.2508095284150413,3.6285861713330085,0.13231947925900459,0.9483404489774352,1.122837052279861,3.178764894542904,9.134823757261506,61.2294140222004,0.6119965920224786,,nan,nan,nan,nan,0.6810717342572541,0.45,0.24383131581263257,46,736,736,736,0,46,92,138,46,46,0,16,False,False,0.008,results/raw/core/L/L_logistic_d10_n100_core/fr-r-stl-b16_seed2.csv,trajectory_input,L
core,L,L_logistic_d10_n100_core,FR--R--STL,1131559491,47,0.008,74.59779008009971,2.402620480187778,nan,1.1743506526422969,1.2369401803434332,3.5545279988570013,0.13013849509803374,0.947440390834115,1.121771713043167,3.1262426870825926,8.794011542127405,59.45209874783029,0.625229021999985,,nan,nan,nan,nan,0.6812066642266271,0.45,0.24388366726878435,47,752,752,752,0,47,94,141,47,47,0,16,False,False,0.008,results/raw/core/L/L_logistic_d10_n100_core/fr-r-stl-b16_seed2.csv,trajectory_input,L
core,L,L_logistic_d10_n100_core,FR--R--STL,1131559491,48,0.008,74.52802811996405,2.3328585200521132,nan,1.1479952864215428,1.2228281124643223,3.4804178175835476,0.12798412366621525,0.9465277524627329,1.1206901057108802,3.074666466093461,8.447691868721822,57.607462906755686,0.6384998610010371,,nan,nan,nan,nan,0.6813537366091842,0.45,0.24394246539332806,48,768,768,768,0,48,96,144,48,48,0,16,False,False,0.008,results/raw/core/L/L_logistic_d10_n100_core/fr-r-stl-b16_seed2.csv,trajectory_input,L
core,L,L_logistic_d10_n100_core,FR--R--STL,1131559491,49,0.008,74.4631205663263,2.267950966414361,nan,1.1220198011538631,1.2080041293801704,3.4121340242959057,0.12600299056926342,0.9456404372388022,1.119641186448076,3.026869737950238,8.13774744619706,55.97972724852429,0.65174310101429,,nan,nan,nan,nan,0.6813810299141354,0.44666666666666666,0.24394706252284293,49,784,784,784,0,49,98,147,49,49,0,16,False,False,0.008,results/raw/core/L/L_logistic_d10_n100_core/fr-r-stl-b16_seed2.csv,trajectory_input,L
core,L,L_logistic_d10_n100_core,FR--R--STL,1131559491,50,0.008,74.39888862121198,2.2037190213000457,nan,1.0968267506696296,1.192516915726785,3.3467913688806057,0.12419024808793946,0.9447521733062436,1.1185877458332514,2.9832409007851113,7.830011824164456,54.36087566497964,0.6649448209791444,,nan,nan,nan,nan,0.6813322134569302,0.44333333333333336,0.2439182810240632,50,800,800,800,0,50,100,150,50,50,0,16,False,False,0.008,results/raw/core/L/L_logistic_d10_n100_core/fr-r-stl-b16_seed2.csv,trajectory_input,L
core,L,L_logistic_d10_n100_core,FR--R,3677949255,0,0.0,98.44506177378256,26.24989217387062,nan,6.358129167392517,3.9972584412189462,26.395414121217144,1.0,1.0,1.184105395713135,23.94532020669651,392.80048568424934,615.0360487952705,0.0006351500051096082,,nan,nan,nan,nan,0.6930587329324073,0.49,0.2499557779932144,0,0,0,0,0,0,0,0,0,0,0,1,False,False,0.0,results/raw/core/L/L_logistic_d10_n100_core/fr-r_seed0.csv,trajectory_input,L
core,L,L_logistic_d10_n100_core,FR--R,3677949255,1,0.015,93.02021005037278,20.825040450460847,nan,5.457167323100445,3.489302221576028,20.8276074336597,0.7675856647593846,0.9976062137855065,1.1812625368908007,18.39894975581073,261.0945938086332,501.1147617423072,0.01923452998744324,,nan,nan,nan,nan,0.6866885927510891,0.44333333333333336,0.24677652641564593,1,1,1,1,1,1,1,2,0,0,0,1,False,False,0.015,results/raw/core/L/L_logistic_d10_n100_core/fr-r_seed0.csv,trajectory_input,L
core,L,L_logistic_d10_n100_core,FR--R,3677949255,2,0.015,89.36336840781505,17.16819880790311,nan,4.812820925157265,3.130388852527326,17.257957339376812,0.6220615311712652,0.9951868910951484,1.1783903925010681,14.923727493396093,186.3976936861002,420.03937269314736,0.03741474897833541,,nan,nan,nan,nan,0.6828438013365277,0.44666666666666666,0.2448758645084563,2,2,2,2,2,2,2,4,0,0,0,1,False,False,0.015,results/raw/core/L/L_logistic_d10_n100_core/fr-r_seed0.csv,trajectory_input,L
core,L,L_logistic_d10_n100_core,FR--R,3677949255,3,0.015,86.7287395069566,14.533569907044665,nan,4.320157788412147,2.8604765146391555,14.764985396943986,0.5228983045840002,0.9927653061927548,1.175516276393711,12.553493220423377,139.7775585115813,359.31692837008495,0.05566257901955396,,nan,nan,nan,nan,0.6805165523142208,0.46,0.24374243203868767,3,3,3,3,3,3,3,6,0,0,0,1,False,False,0.015,results/raw/core/L/L_logistic_d10_n100_core/fr-r_seed0.csv,trajectory_input,L
core,L,L_logistic_d10_n100_core,FR--R,3677949255,4,0.015,84.7399407415016,12.544771141589663,nan,3.9258737009588405,2.6485611973353294,12.918771471877395,0.4512111007865067,0.9903549611124848,1.1726560448048768,10.838417801523512,108.70422269369493,312.1776253701385,0.07388250797521323,,nan,nan,nan,nan,0.6791217560047011,0.45666666666666667,0.2430755336640478,4,4,4,4,4,4,4,8,0,0,0,1,False,False,0.015,results/raw/core/L/L_logistic_d10_n100_core/fr-r_seed0.csv,trajectory_input,L
core,L,L_logistic_d10_n100_core,FR--R,3677949255,5,0.015,83.1853681758431,10.99019857593116,nan,3.5997634920871766,2.4766061228108747,11.492169601321661,0.39708438795279016,0.9879642806095884,1.1698195826031506,9.542348685572053,86.95225435970306,274.57269340480394,0.09206772700417787,,nan,nan,nan,nan,0.678312113842606,0.45666666666666667,0.242696938706821,5,5,5,5,5,5,5,10,0,0,0,1,False,False,0.015,results/raw/core/L/L_logistic_d10_n100_core/fr-r_seed0.csv,trajectory_input,L
core,L,L_logistic_d10_n100_core,FR--R,3677949255,6,0.015,81.93679753723333,9.741627937321397,nan,3.3233289610084173,2.3333485951775623,10.353810383318452,0.35483443469106357,0.9855987607178851,1.1670133275493213,8.529882884914427,71.12979549479792,243.9183285548686,0.11024052702123299,,nan,nan,nan,nan,0.6778762249969413,0.46,0.2424990571822958,6,6,6,6,6,6,6,12,0,0,0,1,False,False,0.015,results/raw/core/L/L_logistic_d10_n100_core/fr-r_seed0.csv,trajectory_input,L
core,L,L_logistic_d10_n100_core,FR--R,3677949255,7,0.015,80.91200673879187,8.716837138879939,nan,3.084546065251604,2.2113950801023523,9.422351978524537,0.32097796969939135,0.9832620823472271,1.1642415819775414,7.7179979074255245,59.25839494288821,218.4851045719603,0.12828783597797155,,nan,nan,nan,nan,0.6776821777584232,0.4633333333333333,0.24241557406643816,7,7,7,7,7,7,7,14,0,0,0,1,False,False,0.015,results/raw/core/L/L_logistic_d10_n100_core/fr-r_seed0.csv,trajectory_input,L
core,L,L_logistic_d10_n100_core,FR--R,3677949255,8,0.015,80.05585814966493,7.860688549752993,nan,2.8752177303798265,2.1056999317052076,8.644676886983966,0.29326512133240457,0.9809567400470081,1.161507253860489,7.053036664105775,50.120728524773334,197.07133062838437,0.14642747602192685,,nan,nan,nan,nan,0.6776457986871821,0.46,0.24240480020359106,8,8,8,8,8,8,8,16,0,0,0,1,False,False,0.015,results/raw/core/L/L_logistic_d10_n100_core/fr-r_seed0.csv,trajectory_input,L
core,L,L_logistic_d10_n100_core,FR--R,3677949255,9,0.015,79.33000174138145,7.134832141469516,nan,2.689532979033598,2.0127088304573992,7.984588261692341,0.2701798213744352,0.9786844205117218,1.1588123027352282,6.498819227130505,42.93459860678642,178.81611927223406,0.1645336549845524,,nan,nan,nan,nan,0.6777123339424646,0.46,0.24244007341281157,9,9,9,9,9,9,9,18,0,0,0,1,False,False,0.015,results/raw/core/L/L_logistic_d10_n100_core/fr-r_seed0.csv,trajectory_input,L
core,L,L_logistic_d10_n100_core,FR--R,3677949255,10,0.015,78.70693931053806,6.511769710626126,nan,2.5232354470225586,1.9298500581031997,7.416543491317741,0.25066424068013166,0.9764462422763156,1.156158021846031,6.03008483614199,37.178931317088946,163.08675742515248,0.18267680500866845,,nan,nan,nan,nan,0.6778455943666907,0.4633333333333333,0.242504100299509,10,10,10,10,10,10,10,20,0,0,0,1,False,False,0.015,results/raw/core/L/L_logistic_d10_n100_core/fr-r_seed0.csv,trajectory_input,L
core,L,L_logistic_d10_n100_core,FR--R,3677949255,11,0.015,78.1664382460016,5.971268646089669,nan,2.373119864135891,1.8552193676387494,6.921985550728759,0.23395842502988984,0.9742429139161446,1.1535452241673176,5.628674430052241,32.49581917895888,149.40797597035714,0.20078848401317373,,nan,nan,nan,nan,0.6780213549276031,0.46,0.24258554336405458,11,11,11,11,11,11,11,22,0,0,0,1,False,False,0.015,results/raw/core/L/L_logistic_d10_n100_core/fr-r_seed0.csv,trajectory_input,L
core,L,L_logistic_d10_n100_core,FR--R,3677949255,12,0.015,77.69327797110775,5.498108371195812,nan,2.2367144949528366,1.7873778896900292,6.487095779510599,0.21950270724419246,0.9720748421077837,1.1509743693384151,5.281206688398997,28.63287116695693,137.41597356957314,0.2188694939832203,,nan,nan,nan,nan,0.6782232441525159,0.46,0.2426769167083992,12,12,12,12,12,12,12,24,0,0,0,1,False,False,0.015,results/raw/core/L/L_logistic_d10_n100_core/fr-r_seed0.csv,trajectory_input,L
core,L,L_logistic_d10_n100_core,FR--R,3677949255,13,0.015,77.2757855944164,5.08061599450447,nan,2.112073762424073,1.7252186669262315,6.1013638180891325,0.20687603255813442,0.9699422075991602,1.148445652817923,4.977608666278913,25.407979968685375,126.8276414093314,0.23696987301809713,,nan,nan,nan,nan,0.6784401284099437,0.45666666666666667,0.24277326210481642,13,13,13,13,13,13,13,26,0,0,0,1,False,False,0.015,results/raw/core/L/L_logistic_d10_n100_core/fr-r_seed0.csv,trajectory_input,L
core,L,L_logistic_d10_n100_core,FR--R,3677949255,14,0.015,76.90485644471916,4.709686844807223,nan,1.9976386650541673,1.6678762460224492,5.7566473903675925,0.19575569649169555,0.9678450199350545,1.1459590700526605,4.710156117195207,22.68707701179835,117.41943354447776,0.2550633830251172,,nan,nan,nan,nan,0.6786644150280843,0.45666666666666667,0.24287130071432808,14,14,14,14,14,14,14,28,0,0,0,1,False,False,0.015,results/raw/core/L/L_logistic_d10_n100_core/fr-r_seed0.csv,trajectory_input,L
core,L,L_logistic_d10_n100_core,FR--R,3677949255,15,0.015,76.57328215306244,4.378112553150501,nan,1.8921402965266698,1.614664057732529,5.446536460423656,0.18589031186757835,0.9657831577032152,1.1435144636345427,4.472828827973108,20.369682586463444,109.01253363861711,0.27322626201203093,,nan,nan,nan,nan,0.6788909324859165,0.45666666666666667,0.24296888067050673,15,15,15,15,15,15,15,30,0,0,0,1,False,False,0.015,results/raw/core/L/L_logistic_d10_n100_core/fr-r_seed0.csv,trajectory_input,L
core,L,L_logistic_d10_n100_core,FR--R,3677949255,16,0.015,76.27527931447848,4.080109714566547,nan,1.7945315704650815,1.5650301784168885,5.165912501886067,0.17708120603758687,0.9637563986602025,1.1411115585776317,4.260866774241919,18.379281155163063,101.462235071751,0.2913806620053947,,nan,nan,nan,nan,0.6791161801665458,0.4533333333333333,0.2430646121466683,16,16,16,16,16,16,16,32,0,0,0,1,False,False,0.015,results/raw/core/L/L_logistic_d10_n100_core/fr-r_seed0.csv,trajectory_input,L
core,L,L_logistic_d10_n100_core,FR--R,3677949255,17,0.015,76.00615222704737,3.810982627135431,nan,1.7039378796936662,1.518525518814005,4.910636301241685,0.1691693382081479,0.9617644426268954,1.1387499891144377,4.070457828885494,16.656766002221186,94.650203088508,0.309443281032145,,nan,nan,nan,nan,0.6793378189767555,0.45,0.24315762324396017,17,17,17,17,17,17,17,34,0,0,0,1,False,False,0.015,results/raw/core/L/L_logistic_d10_n100_core/fr-r_seed0.csv,trajectory_input,L
core,L,L_logistic_d10_n100_core,FR--R,3677949255,18,0.015,75.762047242024,3.566877642112061,nan,1.6196207602659167,1.4747805799292917,4.677322502199673,0.16202591932878604,0.9598069291182832,1.136429319319997,3.8985137468908615,15.155884287240386,88.47874733032153,0.3275275499909185,,nan,nan,nan,nan,0.6795543214546773,0.45,0.24324739493173184,18,18,18,18,18,18,18,36,0,0,0,1,False,False,0.015,results/raw/core/L/L_logistic_d10_n100_core/fr-r_seed0.csv,trajectory_input,L
core,L,L_logistic_d10_n100_core,FR--R,3677949255,19,0.015,75.53977095253167,3.3446013526197333,nan,1.5409506731466227,1.4334882195823193,4.463173957661998,0.15554556928322755,0.9578834510730186,1.1341490591668801,3.7425066708736057,13.840014533463613,82.86652163633376,0.3459045499912463,,nan,nan,nan,nan,0.6797647289915603,0.45,0.24333364842105548,19,19,19,19,19,19,19,38,0,0,0,1,False,False,0.015,results/raw/core/L/L_logistic_d10_n100_core/fr-r_seed0.csv,trajectory_input,L
core,L,L_logistic_d10_n100_core,FR--R,3677949255,20,0.015,75.33665366444703,3.141484064535092,nan,1.467386298428596,1.3943907037650385,4.2658581199244185,0.1496412466351439,0.9559935656505986,1.1319086771465736,3.6003479345206975,12.679849241453631,77.74525339964792,0.3640184690011665,,nan,nan,nan,nan,0.6799684819146837,0.4533333333333333,0.24341626774179928,20,20,20,20,20,20,20,40,0,0,0,1,False,False,0.015,results/raw/core/L/L_logistic_d10_n100_core/fr-r_seed0.csv,trajectory_input,L
core,L,L_logistic_d10_n100_core,FR--R,3677949255,21,0.015,75.15044550850652,2.9552759085945866,nan,1.3984585607942346,1.3572698572946433,4.083413496152319,0.14424043836976624,0.9541368027944287,1.1297076102758645,3.47029694570109,11.651703420012495,73.05722642483757,0.3820262090303004,,nan,nan,nan,nan,0.6801652997002497,0.44666666666666666,0.24349524621236346,21,21,21,21,21,21,21,42,0,0,0,1,False,False,0.015,results/raw/core/L/L_logistic_d10_n100_core/fr-r_seed0.csv,trajectory_input,L
core,L,L_logistic_d10_n100_core,FR--R,3677949255,22,0.015,74.97923642955683,2.7840668296448996,nan,1.3337581457877294,1.3219394864153882,3.9141779468598368,0.13928225950678466,0.9523126720724095,1.127545272087736,3.350891799786294,10.736263052726537,68.75332259780552,0.40015753800980747,,nan,nan,nan,nan,0.6803550960296018,0.44666666666666666,0.24357064928059646,22,22,22,22,22,22,22,44,0,0,0,1,False,False,0.015,results/raw/core/L/L_logistic_d10_n100_core/fr-r_seed0.csv,trajectory_input,L
core,L,L_logistic_d10_n100_core,FR--R,3677949255,23,0.015,74.82139387842423,2.6262242785122965,nan,1.2729256285363006,1.2882394875252388,3.756733082519462,0.1347152192519363,0.9505206681752675,1.125421059052073,3.2408958181391596,9.91764742177062,64.79148304642264,0.418181358021684,,nan,nan,nan,nan,0.6805379182836311,0.44666666666666666,0.243642588675558,23,23,23,23,23,23,23,46,0,0,0,1,False,False,0.015,results/raw/core/L/L_logistic_d10_n100_core/fr-r_seed0.csv,trajectory_input,L
core,L,L_logistic_d10_n100_core,FR--R,3677949255,24,0.015,74.6755137918004,2.480344191888463,nan,1.2156435833156456,1.2560312216388343,3.609860680687047,0.1304954818879198,0.9487602753589098,1.123334355761348,3.139255911677231,9.182698431874096,61.135487748485374,0.4361976169748232,,nan,nan,nan,nan,0.6807139043147271,0.44666666666666666,0.2437112044294571,24,24,24,24,24,24,24,48,0,0,0,1,False,False,0.015,results/raw/core/L/L_logistic_d10_n100_core/fr-r_seed0.csv,trajectory_input,L
core,L,L_logistic_d10_n100_core,FR--R,3677949255,25,0.015,74.54038166080784,2.3452120608959035,nan,1.1616302133060588,1.2251938491628158,3.4725081873922496,0.1265854993452976,0.947030971048752,1.12128453913634,3.0450698315189944,8.520436203814821,57.753979395114854,0.4543665570090525,,nan,nan,nan,nan,0.6808832515190414,0.45,0.24377665240796526,25,25,25,25,25,25,25,50,0,0,0,1,False,False,0.015,results/raw/core/L/L_logistic_d10_n100_core/fr-r_seed0.csv,trajectory_input,L
core,L,L_logistic_d10_n100_core,FR--R,3677949255,26,0.015,74.41494134045429,2.219771740542356,nan,1.1106341601314464,1.19562140052236,3.343761160223473,0.12295292612771064,0.9453322287738218,1.1192709818482658,2.957560173312922,7.9216378890308645,54.619676408386475,0.47257136600092053,,nan,nan,nan,nan,0.6810461947180498,0.45,0.24383909571377402,26,26,26,26,26,26,26,52,0,0,0,1,False,False,0.015,results/raw/core/L/L_logistic_d10_n100_core/fr-r_seed0.csv,trajectory_input,L
core,L,L_logistic_d10_n100_core,FR--R,3677949255,27,0.015,74.2982698570101,2.1031002570981627,nan,1.062430238548279,1.1672204159041308,3.222821070450701,0.11956975095225736,0.9436635205609704,1.117293055109747,2.8760535670029688,7.378508801151033,51.708733754627964,0.49060921597993,,nan,nan,nan,nan,0.6812029903807144,0.4533333333333333,0.2438986988227322,27,27,27,27,27,27,27,54,0,0,0,1,False,False,0.015,results/raw/core/L/L_logistic_d10_n100_core/fr-r_seed0.csv,trajectory_input,L
core,L,L_logistic_d10_n100_core,FR--R,3677949255,28,0.015,74.18955690534827,1.9943873054363337,nan,1.0168159036428108,1.1399080290160246,3.1089872818207014,0.11641159632072777,0.942024318891456,1.1153501309542577,2.799963886074584,6.8844234152637025,49.000220202450315,0.508602955029346,,nan,nan,nan,nan,0.6813539054275775,0.4533333333333333,0.24395562365150208,28,28,28,28,28,28,28,56,0,0,0,1,False,False,0.015,results/raw/core/L/L_logistic_d10_n100_core/fr-r_seed0.csv,trajectory_input,L
core,L,L_logistic_d10_n100_core,FR--R,3677949255,29,0.015,74.08808804483598,1.8929184449240495,nan,0.9736083032449119,1.113610400117874,3.0016423133816175,0.11345714938000424,0.940414098300652,1.113441584098469,2.728778600242636,6.433719747306705,46.47568804105008,0.526653275010176,,nan,nan,nan,nan,0.6814992093556611,0.4533333333333333,0.24401002699091862,29,29,29,29,29,29,29,58,0,0,0,1,False,False,0.015,results/raw/core/L/L_logistic_d10_n100_core/fr-r_seed0.csv,trajectory_input,L
core,L,L_logistic_d10_n100_core,FR--R,3677949255,30,0.015,73.99323083522928,1.7980612353173484,nan,0.9326418018228492,1.0882614259303918,2.9002397058041995,0.11068769627867961,0.9388323366852762,1.1115667934628222,2.6620476068856367,6.021534879347035,44.11881675135332,0.5446787339751609,,nan,nan,nan,nan,0.6816391687745292,0.45,0.24406205890345517,30,30,30,30,30,30,30,60,0,0,0,1,False,False,0.015,results/raw/core/L/L_logistic_d10_n100_core/fr-r_seed0.csv,trajectory_input,L
core,L,L_logistic_d10_n100_core,FR--R,3677949255,31,0.015,73.90442332708143,1.7092537271694965,nan,0.8937658872177477,1.0638016706472326,2.804293967621116,0.10808673874469787,0.9372785163697682,1.1097251434106628,2.5993740322504717,5.643672464878186,41.91511623320715,0.5627751229912974,,nan,nan,nan,nan,0.6817740436940305,0.4533333333333333,0.24411186179863675,31,31,31,31,31,31,31,62,0,0,0,1,False,False,0.015,results/raw/core/L/L_logistic_d10_n100_core/fr-r_seed0.csv,trajectory_input,L
core,L,L_logistic_d10_n100_core,FR--R,3677949255,32,0.015,73.82116445101624,1.6259948511043092,nan,0.856843390532029,1.0401774747393187,2.7133721951094376,0.10563967645788537,0.9357521249734185,1.1079160247546234,2.5404066093398265,5.296495284777535,39.85167830425568,0.5808055429952219,,nan,nan,nan,nan,0.681904085083524,0.4533333333333333,0.2441595699819059,32,32,32,32,32,32,32,64,0,0,0,1,False,False,0.015,results/raw/core/L/L_logistic_d10_n100_core/fr-r_seed0.csv,trajectory_input,L
core,L,L_logistic_d10_n100_core,FR--R,3677949255,33,0.015,73.74300594851309,1.5478363486011517,nan,0.8217489639389721,1.0173402076684286,2.6270870480326094,0.10333354243268122,0.9342526561121707,1.1061388355698707,2.4848333264485136,4.976837570679402,37.91696756235612,0.5988071219762787,,nan,nan,nan,nan,0.6820295333516492,0.45666666666666667,0.24420530953053904,33,33,33,33,33,33,33,66,0,0,0,1,False,False,0.015,results/raw/core/L/L_logistic_d10_n100_core/fr-r_seed0.csv,trajectory_input,L
core,L,L_logistic_d10_n100_core,FR--R,3677949255,34,0.015,73.66954556189032,1.4743759619783816,nan,0.7883677722989845,0.995245637815101,2.5450908308004894,0.10115678138513866,0.9327796099626868,1.1043929818465155,2.432376106286243,4.681933035218041,36.10064453174908,0.6168212720076554,,nan,nan,nan,nan,0.6821506174894486,0.45666666666666667,0.2442491983917333,34,34,34,34,34,34,34,68,0,0,0,1,False,False,0.015,results/raw/core/L/L_logistic_d10_n100_core/fr-r_seed0.csv,trajectory_input,L
core,L,L_logistic_d10_n100_core,FR--R,3677949255,35,0.015,73.600421258919,1.4052516590070638,nan,0.7565943630923414,0.9738533984477035,2.467070480277109,0.09909906316559451,0.9313324937113568,1.1026778780076731,2.3827863260318787,4.40935546465902,34.39341543039767,0.634877250995487,,nan,nan,nan,nan,0.6822675546879637,0.45666666666666667,0.24429134662779092,35,35,35,35,35,35,35,70,0,0,0,1,False,False,0.015,results/raw/core/L/L_logistic_d10_n100_core/fr-r_seed0.csv,trajectory_input,L
core,L,L_logistic_d10_n100_core,FR--R,3677949255,36,0.015,73.53530631226963,1.3401367123576904,nan,0.7263316859212625,0.9531265328317458,2.3927433014209423,0.09715112496071483,0.9299108219069832,1.1009929473150877,2.3358410274812886,4.156969421380601,32.786904002094744,0.6530076410272159,,nan,nan,nan,nan,0.6823805502914465,0.45666666666666667,0.2443318567547972,36,36,36,36,36,36,36,72,0,0,0,1,False,False,0.015,results/raw/core/L/L_logistic_d10_n100_core/fr-r_seed0.csv,trajectory_input,L
core,L,L_logistic_d10_n100_core,FR--R,3677949255,37,0.015,73.47390508894998,1.2787354890380414,nan,0.6974902381453081,0.933031104906509,2.3218533230646754,0.09530463722675485,0.9285141167326453,1.099337622180445,2.291339696561302,3.922889130363586,31.273541726053935,0.6711452500312589,,nan,nan,nan,nan,0.6824897979840844,0.45666666666666667,0.2443708241366875,37,37,37,37,37,37,37,74,0,0,0,1,False,False,0.015,results/raw/core/L/L_logistic_d10_n100_core/fr-r_seed0.csv,trajectory_input,L
core,L,L_logistic_d10_n100_core,FR--R,3677949255,38,0.015,73.4159494323729,1.2207798324609627,nan,0.6699873174274426,0.913535864565357,2.254168170551407,0.09355208929833304,0.9271419082096017,1.0977113443973967,2.249101515002473,3.7054440277027414,29.84647340384712,0.6892455100314692,,nan,nan,nan,nan,0.682595480135242,0.4533333333333333,0.24440833740781756,38,38,38,38,38,38,38,76,0,0,0,1,False,False,0.015,results/raw/core/L/L_logistic_d10_n100_core/fr-r_seed0.csv,trajectory_input,L
core,L,L_logistic_d10_n100_core,FR--R,3677949255,39,0.015,73.36119554143045,1.1660259415185124,nan,0.643746365332959,0.8946119586345707,2.1894763712153575,0.09188669138933216,0.9257937343440444,1.0961135653069516,2.2089630054559204,3.503149760967186,28.499475670049602,0.707231578999199,,nan,nan,nan,nan,0.6826977682482752,0.4533333333333333,0.24444447890526702,39,39,39,39,39,39,39,78,0,0,0,1,False,False,0.015,results/raw/core/L/L_logistic_d10_n100_core/fr-r_seed0.csv,trajectory_input,L
core,L,L_logistic_d10_n100_core,FR--R,3677949255,40,0.015,73.30942126825255,1.1142516683406143,nan,0.6186963888272797,0.8762326802791113,2.1275850240035576,0.09030229031338557,0.9244691412257103,1.0945437459067455,2.170776005969964,3.3146836735806664,27.22688641005482,0.7252143790246919,,nan,nan,nan,nan,0.6827968234728193,0.4533333333333333,0.24447932509798728,40,40,40,40,40,40,40,80,0,0,0,1,False,False,0.015,results/raw/core/L/L_logistic_d10_n100_core/fr-r_seed0.csv,trajectory_input,L
core,L,L_logistic_d10_n100_core,FR--R,3677949255,41,0.015,73.26042377017849,1.0652541702665559,nan,0.5947714487053368,0.8583732508673952,2.068317776767988,0.08879329673745769,0.9231676830859296,1.0930013569130577,2.1344059213866227,3.138863994922847,26.023543420014843,0.7431810980197042,,nan,nan,nan,nan,0.6828927971514753,0.4533333333333333,0.24451294700414966,41,41,41,41,41,41,41,82,0,0,0,1,False,False,0.015,results/raw/core/L/L_logistic_d10_n100_core/fr-r_seed0.csv,trajectory_input,L
core,L,L_logistic_d10_n100_core,FR--R,3677949255,42,0.015,73.2140174626167,1.0188478627047601,nan,0.5719102057630678,0.8410106293732386,2.0115130645865738,0.0873546221709286,0.9218889223215425,1.0914858787830986,2.0997302085360663,2.974632106971712,24.884730927939987,0.7611426080111414,,nan,nan,nan,nan,0.6829858313800168,0.4533333333333333,0.24454541059111587,42,42,42,42,42,42,42,84,0,0,0,1,False,False,0.015,results/raw/core/L/L_logistic_d10_n100_core/fr-r_seed0.csv,trajectory_input,L
core,L,L_logistic_d10_n100_core,FR--R,3677949255,43,0.015,73.1700322284877,0.9748626285757638,nan,0.5500555169753502,0.8241233452368364,1.9570225704127795,0.08598162420544722,0.9206324294900514,1.0899968017038089,2.0666370596061565,2.821037376296037,23.80613282574738,0.7795173570048064,,nan,nan,nan,nan,0.6830760595662968,0.4533333333333333,0.244576777154642,43,43,43,43,43,43,43,86,0,0,0,1,False,False,0.015,results/raw/core/L/L_logistic_d10_n100_core/fr-r_seed0.csv,trajectory_input,L
core,L,L_logistic_d10_n100_core,FR--R,3677949255,44,0.015,73.12831184727972,0.9331422473677833,nan,0.52915407513938,0.8076913512905642,1.9047098758004877,0.08467005877379337,0.9193977832806428,1.0885336255526377,2.035024254127418,2.6772241340762215,22.783791650323863,0.7975492359837517,,nan,nan,nan,nan,0.6831636069775632,0.45666666666666667,0.2446071036754959,44,44,44,44,44,44,44,88,0,0,0,1,False,False,0.015,results/raw/core/L/L_logistic_d10_n100_core/fr-r_seed0.csv,trajectory_input,L
core,L,L_logistic_d10_n100_core,FR--R,3677949255,45,0.015,73.08871261273698,0.8935430128250488,nan,0.5091560864295495,0.7916958939123796,1.8544492747115795,0.08341603840149951,0.9181845704649412,1.0870958598347573,2.0047981549422884,2.5424204618999386,21.814072506011144,0.8155618360033259,,nan,nan,nan,nan,0.6832485912692141,0.45666666666666667,0.24463644315276484,45,45,45,45,45,45,45,90,0,0,0,1,False,False,0.015,results/raw/core/L/L_logistic_d10_n100_core/fr-r_seed0.csv,trajectory_input,L
core,L,L_logistic_d10_n100_core,FR--R,3677949255,46,0.015,73.05110211312102,0.8559325132090834,nan,0.4900149811286524,0.7761193980253822,1.8061247277250712,0.08221599559279247,0.916992385830835,1.0856830236006516,1.975872827550567,2.415928501410877,20.89363124795307,0.8335783749935217,,nan,nan,nan,nan,0.6833311229904899,0.45666666666666667,0.24466484491389495,46,46,46,46,46,46,46,92,0,0,0,1,False,False,0.015,results/raw/core/L/L_logistic_d10_n100_core/fr-r_seed0.csv,trajectory_input,L
core,L,L_logistic_d10_n100_core,FR--R,3677949255,47,0.015,73.01535815203658,0.8201885521246481,nan,0.4716871534833433,0.7609453649366407,1.759628937516956,0.08106665062994199,0.9158208321022148,1.0842946453473876,1.9481692655229423,2.2971160546083436,20.01938635076432,0.8516309250262566,,nan,nan,nan,nan,0.683411306064401,0.4533333333333333,0.2446923549020205,47,47,47,47,47,47,47,94,0,0,0,1,False,False,0.015,results/raw/core/L/L_logistic_d10_n100_core/fr-r_seed0.csv,trajectory_input,L
core,L,L_logistic_d10_n100_core,FR--R,3677949255,48,0.015,72.98136779117209,0.786198191260155,nan,0.4541317272029332,0.7461582813175344,1.714862529414247,0.07996498317841826,0.9146695198470037,1.0829302629063426,1.921614707391445,2.1854092811182175,19.18849397409888,0.8697237439919263,,nan,nan,nan,nan,0.6834892382405056,0.4533333333333333,0.24471901594148174,48,48,48,48,48,48,48,96,0,0,0,1,False,False,0.015,results/raw/core/L/L_logistic_d10_n100_core/fr-r_seed0.csv,trajectory_input,L
core,L,L_logistic_d10_n100_core,FR--R,3677949255,49,0.015,72.9490264990914,0.7538568991794676,nan,0.43731034360148435,0.7317435378840662,1.671733323263892,0.07890820718388979,0.9135380673756021,1.0815894233198635,1.896142032673345,2.0802863309572244,18.398325809290096,0.8877393439761363,,nan,nan,nan,nan,0.6835650115200936,0.4533333333333333,0.2447448679826382,49,49,49,49,49,49,49,98,0,0,0,1,False,False,0.015,results/raw/core/L/L_logistic_d10_n100_core/fr-r_seed0.csv,trajectory_input,L
core,L,L_logistic_d10_n100_core,FR--R,3677949255,50,0.015,72.91823739254211,0.7230677926301752,nan,0.42118696978854436,0.7176873565487539,1.6301556848870313,0.07789374862483531,0.9124261006314744,1.0802716827088927,1.8716892265501195,1.9812717776604623,17.646449351893413,0.9056841030251235,,nan,nan,nan,nan,0.6836387125540069,0.45666666666666667,0.2447699483272033,50,50,50,50,50,50,50,100,0,0,0,1,False,False,0.015,results/raw/core/L/L_logistic_d10_n100_core/fr-r_seed0.csv,trajectory_input,L
core,L,L_logistic_d10_n100_core,Laplace,3677949255,0,0.0,72.22534082813749,0.03017122822555507,nan,0.00941026826674465,0.23778454430244303,0.12402909813260586,0.03929183419127006,0.8367393117890654,0.9397583861558244,0.9909983710188908,0.055032212354120424,0.5531391234105388,0.0005817500059492886,,nan,nan,nan,nan,0.683828319919883,0.43666666666666665,0.2446751735170589,0,0,0,0,0,0,0,0,0,0,0,1,False,False,0.0,results/raw/core/L/L_logistic_d10_n100_core/laplace_seed0.csv,trajectory_input,L
core,L,L_logistic_d10_n100_core,S--FB--GVI,3677949255,0,0.0,98.44506177378256,26.24989217387062,nan,6.358129167392517,3.9972584412189462,26.395414121217144,1.0,1.0,1.184105395713135,23.94532020669651,392.80048568424934,615.0360487952705,0.0006638899794779718,,nan,nan,nan,nan,0.6930587329324073,0.49,0.2499557779932144,0,0,0,0,0,0,0,0,0,0,0,16,False,False,0.0,results/raw/core/L/L_logistic_d10_n100_core/s-fb-gvi-b16_seed0.csv,trajectory_input,L
core,L,L_logistic_d10_n100_core,S--FB--GVI,3677949255,1,0.006,94.50058347760886,22.30541387769692,nan,5.7653225469969085,3.77788043294258,20.95355996091603,0.7671968141967643,0.9979936745180532,1.1817262670700697,18.381790269208384,290.8297756126845,533.5780682767414,0.013987838989123702,,nan,nan,nan,nan,0.6882763794965564,0.41333333333333333,0.24756547474071747,1,16,16,16,0,0,2,2,0,0,0,16,False,False,0.006,results/raw/core/L/L_logistic_d10_n100_core/s-fb-gvi-b16_seed0.csv,trajectory_input,L
core,L,L_logistic_d10_n100_core,S--FB--GVI,3677949255,2,0.006,91.41904918401085,19.22387958409891,nan,5.309440357198646,3.563871735867674,17.406505040620193,0.6184884953528049,0.996118702689959,1.1795026302316587,14.862687782136412,220.9441539933164,464.21328569131407,0.027227519021835178,,nan,nan,nan,nan,0.685188595035707,0.44666666666666666,0.2460265664815811,2,32,32,32,0,0,4,4,0,0,0,16,False,False,0.006,results/raw/core/L/L_logistic_d10_n100_core/s-fb-gvi-b16_seed0.csv,trajectory_input,L
core,L,L_logistic_d10_n100_core,S--FB--GVI,3677949255,3,0.006,88.47916560355262,16.28399600364068,nan,4.871926900092282,3.3768667265490935,13.984067378822205,0.47177532104609365,0.994017025445258,1.177008410848293,11.356577202071815,162.81025753886775,390.2824253740057,0.04419945797417313,,nan,nan,nan,nan,0.6824763335361346,0.44,0.24468174567338372,3,48,48,48,0,0,6,6,0,0,0,16,False,False,0.006,results/raw/core/L/L_logistic_d10_n100_core/s-fb-gvi-b16_seed0.csv,trajectory_input,L
core,L,L_logistic_d10_n100_core,S--FB--GVI,3677949255,4,0.006,86.23471659119271,14.039546991280773,nan,4.547656849552229,3.237089992364173,11.517987927088889,0.3669757513810926,0.9919947040239823,1.174609716402423,8.869869901007418,124.15342712146288,330.538627213894,0.057509547972586006,,nan,nan,nan,nan,0.6801439247850114,0.44333333333333336,0.24353208735308196,4,64,64,64,0,0,8,8,0,0,0,16,False,False,0.006,results/raw/core/L/L_logistic_d10_n100_core/s-fb-gvi-b16_seed0.csv,trajectory_input,L
core,L,L_logistic_d10_n100_core,S--FB--GVI,3677949255,5,0.006,84.37293962568084,12.177770025768908,nan,4.245622590416292,3.0867617414426247,9.755005759728222,0.2929785345298723,0.9901446411561962,1.172415895410705,7.138075078182263,96.67396813185417,279.8179373884445,0.07071940798778087,,nan,nan,nan,nan,0.6789084436565238,0.44666666666666666,0.2429335467122125,5,80,80,80,0,0,10,10,0,0,0,16,False,False,0.006,results/raw/core/L/L_logistic_d10_n100_core/s-fb-gvi-b16_seed0.csv,trajectory_input,L
core,L,L_logistic_d10_n100_core,S--FB--GVI,3677949255,6,0.006,82.50486232577079,10.309692725858852,nan,3.948022928878661,2.9153601437434675,8.164036793882849,0.22608136674683232,0.9880682823434117,1.1699541837629135,5.734639213564095,72.45056705557808,225.4694332051899,0.0838633970124647,,nan,nan,nan,nan,0.6782759763151783,0.44666666666666666,0.24264058348944453,6,96,96,96,0,0,12,12,0,0,0,16,False,False,0.006,results/raw/core/L/L_logistic_d10_n100_core/s-fb-gvi-b16_seed0.csv,trajectory_input,L
core,L,L_logistic_d10_n100_core,S--FB--GVI,3677949255,7,0.006,81.2389301178607,9.043760517948769,nan,3.715396094034768,2.806452254471206,7.034315663225119,0.17920885782109228,0.9860666476965114,1.1675814964389872,5.0095050192229875,58.303792777010436,189.85669636738055,0.09701290697557852,,nan,nan,nan,nan,0.6766591546147133,0.44,0.24186172637594647,7,112,112,112,0,0,14,14,0,0,0,16,False,False,0.006,results/raw/core/L/L_logistic_d10_n100_core/s-fb-gvi-b16_seed0.csv,trajectory_input,L
core,L,L_logistic_d10_n100_core,S--FB--GVI,3677949255,8,0.006,80.22057707495114,8.025407475039202,nan,3.5259872937474928,2.7122646307605422,6.184908800975245,0.14690983976951266,0.9841416820064969,1.16529760640137,4.487496250879568,47.74643994379258,160.19168278915714,0.11013062600977719,,nan,nan,nan,nan,0.6744459546325167,0.44666666666666666,0.24079831255592873,8,128,128,128,0,0,16,16,0,0,0,16,False,False,0.006,results/raw/core/L/L_logistic_d10_n100_core/s-fb-gvi-b16_seed0.csv,trajectory_input,L
core,L,L_logistic_d10_n100_core,S--FB--GVI,3677949255,9,0.006,79.3867008868052,7.191531286893266,nan,3.3697314380691465,2.636241052632809,5.483205040066747,0.12120553875342695,0.9822128138126525,1.163010593552566,4.08809874370689,39.842871702097646,135.35211011324836,0.12327531597111374,,nan,nan,nan,nan,0.674531222563185,0.45,0.2408558129163094,9,144,144,144,0,0,18,18,0,0,0,16,False,False,0.006,results/raw/core/L/L_logistic_d10_n100_core/s-fb-gvi-b16_seed0.csv,trajectory_input,L
core,L,L_logistic_d10_n100_core,S--FB--GVI,3677949255,10,0.006,78.68382815430292,6.48865855439098,nan,3.217516571727326,2.5690344135678935,4.894730513555741,0.10037443010145303,0.9802523844647686,1.1606822799687018,3.762010692716071,33.832156686180255,114.6072052241881,0.1363752760225907,,nan,nan,nan,nan,0.6767811043952062,0.44666666666666666,0.24195439951294578,10,160,160,160,0,0,20,20,0,0,0,16,False,False,0.006,results/raw/core/L/L_logistic_d10_n100_core/s-fb-gvi-b16_seed0.csv,trajectory_input,L
core,L,L_logistic_d10_n100_core,S--FB--GVI,3677949255,11,0.006,78.00324842804767,5.808078828135734,nan,3.055817659458983,2.481395440251681,4.406048772715407,0.08432514514360386,0.9783017798750427,1.158366366369265,3.4933551522028155,28.428558647049854,95.3751779422276,0.1495316950022243,,nan,nan,nan,nan,0.6770475247665831,0.44,0.24208629369382084,11,176,176,176,0,0,22,22,0,0,0,16,False,False,0.006,results/raw/core/L/L_logistic_d10_n100_core/s-fb-gvi-b16_seed0.csv,trajectory_input,L
core,L,L_logistic_d10_n100_core,S--FB--GVI,3677949255,12,0.006,77.5211517890436,5.325982189131665,nan,2.9388708405380504,2.4238372761920575,4.005945926579388,0.07308480548587531,0.9763489846246866,1.1560445678834868,3.24918236470412,24.7258200424513,82.836038208589,0.16262856498360634,,nan,nan,nan,nan,0.6769439102975993,0.43333333333333335,0.24204810360480886,12,192,192,192,0,0,24,24,0,0,0,16,False,False,0.006,results/raw/core/L/L_logistic_d10_n100_core/s-fb-gvi-b16_seed0.csv,trajectory_input,L
core,L,L_logistic_d10_n100_core,S--FB--GVI,3677949255,13,0.006,77.0664728784996,4.871303278587661,nan,2.8162512697027635,2.3562588113412124,3.664186285445753,0.06462948085388628,0.9744182055061809,1.1537534017553728,3.035313671779185,21.45499203323255,71.80606960517045,0.17575969401514158,,nan,nan,nan,nan,0.6769945947873481,0.44666666666666666,0.24208236449621343,13,208,208,208,0,0,26,26,0,0,0,16,False,False,0.006,results/raw/core/L/L_logistic_d10_n100_core/s-fb-gvi-b16_seed0.csv,trajectory_input,L
core,L,L_logistic_d10_n100_core,S--FB--GVI,3677949255,14,0.006,76.65983150166088,4.46466190174894,nan,2.699708304324862,2.2839801095774686,3.38629563383921,0.05898723108278533,0.9725980036827668,1.151591540364352,2.8531067143168634,18.72926714765965,62.49311961583443,0.1889331039856188,,nan,nan,nan,nan,0.6760906430619006,0.4666666666666667,0.24166359836560958,14,224,224,224,0,0,28,28,0,0,0,16,False,False,0.006,results/raw/core/L/L_logistic_d10_n100_core/s-fb-gvi-b16_seed0.csv,trajectory_input,L
core,L,L_logistic_d10_n100_core,S--FB--GVI,3677949255,15,0.006,76.31168337305574,4.116513773143808,nan,2.598885551203772,2.2253087004123313,3.132272698937275,0.05426226068851943,0.9707642028279955,1.1494155502334946,2.6843403253939457,16.482801831605446,54.55959498692895,0.202032984001562,,nan,nan,nan,nan,0.6785398306093489,0.4633333333333333,0.2428281354830318,15,240,240,240,0,0,30,30,0,0,0,16,False,False,0.006,results/raw/core/L/L_logistic_d10_n100_core/s-fb-gvi-b16_seed0.csv,trajectory_input,L
core,L,L_logistic_d10_n100_core,S--FB--GVI,3677949255,16,0.006,75.9695215449298,3.7743519450178695,nan,2.4935823261853125,2.15776516150005,2.9038068922709575,0.050582089165530954,0.9688904132047096,1.1471856733555972,2.5273840365703264,14.440227222888625,47.1805172450536,0.21511058299802244,,nan,nan,nan,nan,0.6803339111657613,0.4633333333333333,0.2436712408741802,16,256,256,256,0,0,32,32,0,0,0,16,False,False,0.006,results/raw/core/L/L_logistic_d10_n100_core/s-fb-gvi-b16_seed0.csv,trajectory_input,L
core,L,L_logistic_d10_n100_core,S--FB--GVI,3677949255,17,0.006,75.78626978829477,3.591100188382839,nan,2.4221908279675572,2.1332862521625886,2.723558649333881,0.04831474399940011,0.9671730232989585,1.1450902922601685,2.4117045161538835,13.363307388084998,43.7065657530559,0.22827535297255963,,nan,nan,nan,nan,0.6810012458973549,0.4666666666666667,0.24398438768065897,17,272,272,272,0,0,34,34,0,0,0,16,False,False,0.006,results/raw/core/L/L_logistic_d10_n100_core/s-fb-gvi-b16_seed0.csv,trajectory_input,L
core,L,L_logistic_d10_n100_core,S--FB--GVI,3677949255,18,0.006,75.53219595383608,3.337026353924145,nan,2.3466875395872426,2.0804621822135854,2.541020054288549,0.046167498230187246,0.9653745017415513,1.0989524048329373,2.316159682591423,11.979546019393556,38.21970001780366,0.2414011220098473,,nan,nan,nan,nan,0.6800031289645604,0.46,0.2435152676755753,18,288,288,288,0,0,36,36,0,0,0,16,False,False,0.006,results/raw/core/L/L_logistic_d10_n100_core/s-fb-gvi-b16_seed0.csv,trajectory_input,L
core,L,L_logistic_d10_n100_core,S--FB--GVI,3677949255,19,0.006,75.28561111079642,3.0904415108844887,nan,2.2582351522470083,2.024565478930214,2.3747909212054905,0.044255708597501386,0.9635512770556489,1.0535994192294316,2.245510647520803,10.742013046209385,33.18160360701479,0.2544567320146598,,nan,nan,nan,nan,0.6795954004703553,0.4666666666666667,0.24331245989642766,19,304,304,304,0,0,38,38,0,0,0,16,False,False,0.006,results/raw/core/L/L_logistic_d10_n100_core/s-fb-gvi-b16_seed0.csv,trajectory_input,L
core,L,L_logistic_d10_n100_core,S--FB--GVI,3677949255,20,0.006,75.13695646793094,2.9417868680190082,nan,2.1962700618979176,1.9958633934192362,2.24004526704497,0.04375810432172387,0.9618528228435221,1.0426600313546066,2.1858307199028784,9.98593623773344,30.6969863662831,0.2675856819842011,,nan,nan,nan,nan,0.6802065847935508,0.46,0.24359460774487474,20,320,320,320,0,0,40,40,0,0,0,16,False,False,0.006,results/raw/core/L/L_logistic_d10_n100_core/s-fb-gvi-b16_seed0.csv,trajectory_input,L
core,L,L_logistic_d10_n100_core,S--FB--GVI,3677949255,21,0.006,74.92761064717632,2.7324410472643876,nan,2.1221108683477876,1.9422698232547249,2.1023686978572247,0.04271973772683894,0.9600603062090876,1.0178974009767607,2.1263385466113003,9.000907922524885,26.770608239961845,0.28063525102334097,,nan,nan,nan,nan,0.6808008130177076,0.46,0.2438555379947546,21,336,336,336,0,0,42,42,0,0,0,16,False,False,0.006,results/raw/core/L/L_logistic_d10_n100_core/s-fb-gvi-b16_seed0.csv,trajectory_input,L
core,L,L_logistic_d10_n100_core,S--FB--GVI,3677949255,22,0.006,74.7714207111901,2.576251111278168,nan,2.0504126640311258,1.9034497900751464,1.9801990589012897,0.04188139995713244,0.9583125831200788,0.9980941421492447,2.0695496807902205,8.279103122703578,24.39574308926953,0.29369334102375433,,nan,nan,nan,nan,0.681529240017717,0.46,0.24417805982680552,22,352,352,352,0,0,44,44,0,0,0,16,False,False,0.006,results/raw/core/L/L_logistic_d10_n100_core/s-fb-gvi-b16_seed0.csv,trajectory_input,L
core,L,L_logistic_d10_n100_core,S--FB--GVI,3677949255,23,0.006,74.63934076675913,2.444171166847198,nan,1.9939337687645673,1.8702819970501212,1.8720892180499966,0.04152479279450158,0.9566225364719204,0.9903219720680755,2.0177948673361406,7.703688452025584,22.099455927630068,0.30674398998962715,,nan,nan,nan,nan,0.6813424810621211,0.4633333333333333,0.2440850245776436,23,368,368,368,0,0,46,46,0,0,0,16,False,False,0.006,results/raw/core/L/L_logistic_d10_n100_core/s-fb-gvi-b16_seed0.csv,trajectory_input,L
core,L,L_logistic_d10_n100_core,S--FB--GVI,3677949255,24,0.006,74.52290982235121,2.3277402224392745,nan,1.9407089645611038,1.8432363646102496,1.7691593446638099,0.04113176111063906,0.9549395471447186,0.9804000297510806,1.9664689097945411,7.193702071099072,20.337689296678846,0.31979025999316946,,nan,nan,nan,nan,0.6825188680159232,0.4633333333333333,0.24460292360956132,24,384,384,384,0,0,48,48,0,0,0,16,False,False,0.006,results/raw/core/L/L_logistic_d10_n100_core/s-fb-gvi-b16_seed0.csv,trajectory_input,L
core,L,L_logistic_d10_n100_core,S--FB--GVI,3677949255,25,0.006,74.39121228157283,2.1960426816608987,nan,1.8859059469940909,1.8020137530190985,1.6764513277401687,0.040921268212846355,0.9532901091751932,0.9754511674901335,1.9194193933196506,6.6598400697606275,18.139301161321534,0.33285392000107095,,nan,nan,nan,nan,0.6817805907193183,0.4633333333333333,0.24426305216780533,25,400,400,400,0,0,50,50,0,0,0,16,False,False,0.006,results/raw/core/L/L_logistic_d10_n100_core/s-fb-gvi-b16_seed0.csv,trajectory_input,L
core,L,L_logistic_d10_n100_core,S--FB--GVI,3677949255,26,0.006,74.26734149868724,2.0721718987753093,nan,1.8244693260060674,1.7604864454597777,1.5912732827741236,0.04077627440859733,0.9516358673368118,0.9717123291729,1.87536284622175,6.1734166427634545,16.348461682162483,0.3460730090155266,,nan,nan,nan,nan,0.6815060792693607,0.46,0.24414003732453607,26,416,416,416,0,0,52,52,0,0,0,16,False,False,0.006,results/raw/core/L/L_logistic_d10_n100_core/s-fb-gvi-b16_seed0.csv,trajectory_input,L
core,L,L_logistic_d10_n100_core,S--FB--GVI,3677949255,27,0.006,74.19213265945167,1.9969630595397376,nan,1.7866345237588273,1.7395701688787104,1.5158129365202457,0.04090973285280079,0.9500675000171862,0.9758426606620051,1.8342202476982499,5.868066128524818,15.350274987861575,0.3591315990197472,,nan,nan,nan,nan,0.6809163541415043,0.45666666666666667,0.24387232142257365,27,432,432,432,0,0,54,54,0,0,0,16,False,False,0.006,results/raw/core/L/L_logistic_d10_n100_core/s-fb-gvi-b16_seed0.csv,trajectory_input,L
core,L,L_logistic_d10_n100_core,S--FB--GVI,3677949255,28,0.006,74.10384227031376,1.9086726704018275,nan,1.7429058985541293,1.7117249138652901,1.4438910943541514,0.04105099224027825,0.9485151242335906,0.9791477117405862,1.7948711714199554,5.5316780564359345,14.090816986751687,0.37220325897214934,,nan,nan,nan,nan,0.6811821060968939,0.45666666666666667,0.24398953133046636,28,448,448,448,0,0,56,56,0,0,0,16,False,False,0.006,results/raw/core/L/L_logistic_d10_n100_core/s-fb-gvi-b16_seed0.csv,trajectory_input,L
core,L,L_logistic_d10_n100_core,S--FB--GVI,3677949255,29,0.006,74.01116327962227,1.8159936797103313,nan,1.6905477092782424,1.6791755751465605,1.375113364690941,0.04087472275572437,0.9469560886075821,0.9749701728711143,1.755528854711968,5.195537556519255,12.861336619173201,0.3852688280167058,,nan,nan,nan,nan,0.6813743247050962,0.46,0.2440766507384437,29,464,464,464,0,0,58,58,0,0,0,16,False,False,0.006,results/raw/core/L/L_logistic_d10_n100_core/s-fb-gvi-b16_seed0.csv,trajectory_input,L
core,L,L_logistic_d10_n100_core,S--FB--GVI,3677949255,30,0.006,73.9384607813512,1.743291181439261,nan,1.650313255849326,1.656401666698202,1.3092121189561163,0.04064947796535655,0.9453781699991873,0.9688369686124687,1.7175699500683985,4.927045837657464,11.93511063857706,0.39840252802241594,,nan,nan,nan,nan,0.6829054493638554,0.4633333333333333,0.24475459191640592,30,480,480,480,0,0,60,60,0,0,0,16,False,False,0.006,results/raw/core/L/L_logistic_d10_n100_core/s-fb-gvi-b16_seed0.csv,trajectory_input,L
core,L,L_logistic_d10_n100_core,S--FB--GVI,3677949255,31,0.006,73.87516087468586,1.6799912747739256,nan,1.6145613541550659,1.635555121336115,1.2493342778868144,0.040608565584048364,0.943860390630504,0.9682284217480602,1.6818431188555494,4.701885055114698,11.094245269316385,0.41144012700533494,,nan,nan,nan,nan,0.6828840267556092,0.4633333333333333,0.24474273777438876,31,496,496,496,0,0,62,62,0,0,0,16,False,False,0.006,results/raw/core/L/L_logistic_d10_n100_core/s-fb-gvi-b16_seed0.csv,trajectory_input,L
core,L,L_logistic_d10_n100_core,S--FB--GVI,3677949255,32,0.006,73.81097461280324,1.6158050128913004,nan,1.570505985601239,1.6121595882303636,1.194891158022456,0.04055121934305142,0.9423690586594339,0.9658585054092949,1.648562574304913,4.464509500349847,10.609529831222392,0.4244607170112431,,nan,nan,nan,nan,0.6846368195215564,0.4633333333333333,0.24552091200353654,32,512,512,512,0,0,64,64,0,0,0,16,False,False,0.006,results/raw/core/L/L_logistic_d10_n100_core/s-fb-gvi-b16_seed0.csv,trajectory_input,L
core,L,L_logistic_d10_n100_core,S--FB--GVI,3677949255,33,0.006,73.74787370845074,1.552704108538805,nan,1.5348899599660224,1.5863252916064077,1.1433727424490376,0.0407604763930891,0.9409023416181268,0.9721981464477091,1.6177197435364126,4.251148820963337,9.792749198911668,0.4375147969694808,,nan,nan,nan,nan,0.6838203542428354,0.4633333333333333,0.24517404916535596,33,528,528,528,0,0,66,66,0,0,0,16,False,False,0.006,results/raw/core/L/L_logistic_d10_n100_core/s-fb-gvi-b16_seed0.csv,trajectory_input,L
core,L,L_logistic_d10_n100_core,S--FB--GVI,3677949255,34,0.006,73.69579758741722,1.5006279875052826,nan,1.5015065126235496,1.5678428590892952,1.0946840091157184,0.040669458082748015,0.9394559062981624,0.9687563606726362,1.5882805114779563,4.063821964628426,9.380529769106595,0.45053962600650266,,nan,nan,nan,nan,0.6860688448072374,0.46,0.2461721460590915,34,544,544,544,0,0,68,68,0,0,0,16,False,False,0.006,results/raw/core/L/L_logistic_d10_n100_core/s-fb-gvi-b16_seed0.csv,trajectory_input,L
core,L,L_logistic_d10_n100_core,S--FB--GVI,3677949255,35,0.006,73.63990363667376,1.4447340367618295,nan,1.4735167325030076,1.54502685987778,1.0477830665871477,0.04090961992452749,0.9380253726568303,0.9749271460315575,1.5599364594669167,3.886039472728836,8.479237623249563,0.4635868159821257,,nan,nan,nan,nan,0.6846710575965184,0.4633333333333333,0.2455541741884899,35,560,560,560,0,0,70,70,0,0,0,16,False,False,0.006,results/raw/core/L/L_logistic_d10_n100_core/s-fb-gvi-b16_seed0.csv,trajectory_input,L
core,L,L_logistic_d10_n100_core,S--FB--GVI,3677949255,36,0.006,73.58432157662145,1.3891519767095133,nan,1.4352579907602654,1.522326673295141,1.0028649357812016,0.040509341100435595,0.9365989027235988,0.963903330889785,1.5320218456868744,3.7005584949800623,7.8994634716502565,0.476644775015302,,nan,nan,nan,nan,0.6854826136112653,0.4633333333333333,0.2458919538788016,36,576,576,576,0,0,72,72,0,0,0,16,False,False,0.006,results/raw/core/L/L_logistic_d10_n100_core/s-fb-gvi-b16_seed0.csv,trajectory_input,L
core,L,L_logistic_d10_n100_core,S--FB--GVI,3677949255,37,0.006,73.53482556869602,1.3396559687840863,nan,1.4098021824095128,1.5012922058924265,0.9632109487363019,0.04071240856187281,0.9352637487856993,0.9662483737720579,1.5087847570456085,3.5393704397010617,7.248316833259426,0.48968276497907937,,nan,nan,nan,nan,0.6848286616949071,0.4666666666666667,0.245587419004333,37,592,592,592,0,0,74,74,0,0,0,16,False,False,0.006,results/raw/core/L/L_logistic_d10_n100_core/s-fb-gvi-b16_seed0.csv,trajectory_input,L
core,L,L_logistic_d10_n100_core,S--FB--GVI,3677949255,38,0.006,73.49189170840144,1.2967221084895044,nan,1.372397222720732,1.4815704459844041,0.9266162899323344,0.040715585000295415,0.9339389491829778,0.9655247921997244,1.4865205119614509,3.39628130114776,6.993914533489672,0.5027023750008084,,nan,nan,nan,nan,0.6854461180904124,0.4633333333333333,0.24585307583963825,38,608,608,608,0,0,76,76,0,0,0,16,False,False,0.006,results/raw/core/L/L_logistic_d10_n100_core/s-fb-gvi-b16_seed0.csv,trajectory_input,L
core,L,L_logistic_d10_n100_core,S--FB--GVI,3677949255,39,0.006,73.44211001517874,1.2469404152668062,nan,1.3372616362918326,1.4570902594381367,0.8919413409844086,0.04087111461880261,0.932651552068767,0.9689705963679406,1.4666128440016026,3.23822326122598,6.541164384814677,0.5157120439689606,,nan,nan,nan,nan,0.6836322882786652,0.47,0.2450312482608937,39,624,624,624,0,0,78,78,0,0,0,16,False,False,0.006,results/raw/core/L/L_logistic_d10_n100_core/s-fb-gvi-b16_seed0.csv,trajectory_input,L
core,L,L_logistic_d10_n100_core,S--FB--GVI,3677949255,40,0.006,73.40817266066924,1.213003060757302,nan,1.3085983475989933,1.4419646077496637,0.8572921892834654,0.04095665478570291,0.9313419243719054,0.9703508174784499,1.4460639586717776,3.1296596064819564,6.274697267062446,0.5287272440036759,,nan,nan,nan,nan,0.6838506926404009,0.47,0.2451248321837472,40,640,640,640,0,0,80,80,0,0,0,16,False,False,0.006,results/raw/core/L/L_logistic_d10_n100_core/s-fb-gvi-b16_seed0.csv,trajectory_input,L
core,L,L_logistic_d10_n100_core,S--FB--GVI,3677949255,41,0.006,73.37111233929521,1.1759427393832738,nan,1.2799256306726674,1.4238595227685433,0.8242206040610313,0.04067384685441014,0.9300314817151674,0.9687729158185442,1.4279276528652074,3.008694062507934,6.103522008938412,0.5417490929830819,,nan,nan,nan,nan,0.6826650892029481,0.4666666666666667,0.24459664186516647,41,656,656,656,0,0,82,82,0,0,0,16,False,False,0.006,results/raw/core/L/L_logistic_d10_n100_core/s-fb-gvi-b16_seed0.csv,trajectory_input,L
core,L,L_logistic_d10_n100_core,S--FB--GVI,3677949255,42,0.006,73.32833845985449,1.1331688599425576,nan,1.2512569930679172,1.4025335226019835,0.7910688355026205,0.040510937500488065,0.9286964503206084,0.9636392522766918,1.4106618002053224,2.880020184632865,5.622845244893517,0.5547921229735948,,nan,nan,nan,nan,0.6840477121656501,0.4666666666666667,0.24520431361743916,42,672,672,672,0,0,84,84,0,0,0,16,False,False,0.006,results/raw/core/L/L_logistic_d10_n100_core/s-fb-gvi-b16_seed0.csv,trajectory_input,L
core,L,L_logistic_d10_n100_core,S--FB--GVI,3677949255,43,0.006,73.30145643916812,1.1062868392561853,nan,1.235107789147552,1.391389582175022,0.7607828810197826,0.04030870567203031,0.9274209443063258,0.9567268194838737,1.3956190061453024,2.793978444929479,5.280628460746323,0.5681960330111906,,nan,nan,nan,nan,0.6852526972796094,0.4666666666666667,0.24571877714301232,43,688,688,688,0,0,86,86,0,0,0,16,False,False,0.006,results/raw/core/L/L_logistic_d10_n100_core/s-fb-gvi-b16_seed0.csv,trajectory_input,L
core,L,L_logistic_d10_n100_core,S--FB--GVI,3677949255,44,0.006,73.27587722457059,1.0807076246586576,nan,1.211379125017429,1.3799991784770802,0.73270783010232,0.04056912795969297,0.9262039979170857,0.9574526019740981,1.3827408018562504,2.712946935432326,5.108138053211258,0.5812142519862391,,nan,nan,nan,nan,0.6859191869260002,0.4633333333333333,0.24598086936446076,44,704,704,704,0,0,88,88,0,0,0,16,False,False,0.006,results/raw/core/L/L_logistic_d10_n100_core/s-fb-gvi-b16_seed0.csv,trajectory_input,L
core,L,L_logistic_d10_n100_core,S--FB--GVI,3677949255,45,0.006,73.24449636059451,1.0493267606825754,nan,1.1828300934315177,1.3622015981007956,0.7064468287951748,0.040880593579987114,0.9250148515445865,0.9673743383291259,1.3705924031582093,2.6203011549733692,4.9091283328220126,0.5942418919876218,,nan,nan,nan,nan,0.6848088248523232,0.4666666666666667,0.24550290351392542,45,720,720,720,0,0,90,90,0,0,0,16,False,False,0.006,results/raw/core/L/L_logistic_d10_n100_core/s-fb-gvi-b16_seed0.csv,trajectory_input,L
core,L,L_logistic_d10_n100_core,S--FB--GVI,3677949255,46,0.006,73.21091766274347,1.015748062831534,nan,1.1526640823790721,1.343206674996448,0.6807112146426867,0.04075216426894147,0.9237734178925747,0.9652269930271841,1.3591011872058756,2.520253660235666,4.701953369525888,0.6072849219781347,,nan,nan,nan,nan,0.6845928815339446,0.4633333333333333,0.24540435739172045,46,736,736,736,0,0,92,92,0,0,0,16,False,False,0.006,results/raw/core/L/L_logistic_d10_n100_core/s-fb-gvi-b16_seed0.csv,trajectory_input,L
core,L,L_logistic_d10_n100_core,S--FB--GVI,3677949255,47,0.006,73.18673902987062,0.9915694299586875,nan,1.1322320929141172,1.3305667837675221,0.6558008218758984,0.04065266858933894,0.9225813529792595,0.9635435783432262,1.3475594434896494,2.445751034783182,4.531152363409757,0.6203134310198948,,nan,nan,nan,nan,0.6846571976160579,0.46,0.24542474134890227,47,752,752,752,0,0,94,94,0,0,0,16,False,False,0.006,results/raw/core/L/L_logistic_d10_n100_core/s-fb-gvi-b16_seed0.csv,trajectory_input,L
core,L,L_logistic_d10_n100_core,S--FB--GVI,3677949255,48,0.006,73.1549224743654,0.9597528744534713,nan,1.098641528907687,1.3117604049443143,0.6335155571617274,0.04073513391118907,0.9214324019107423,0.9606812331553306,1.33706346967106,2.3523302252163893,4.387909068895103,0.6333815709804185,,nan,nan,nan,nan,0.6858673552767712,0.46,0.24593101131423167,48,768,768,768,0,0,96,96,0,0,0,16,False,False,0.006,results/raw/core/L/L_logistic_d10_n100_core/s-fb-gvi-b16_seed0.csv,trajectory_input,L
core,L,L_logistic_d10_n100_core,S--FB--GVI,3677949255,49,0.006,73.12761120511617,0.9324416052042324,nan,1.071674174090279,1.2958006909297612,0.6106066328993494,0.04066298305548521,0.9202610759703218,0.9586744182706641,1.326303145125187,2.2733024353092954,4.201008816149123,0.6464621900231577,,nan,nan,nan,nan,0.6847660929921042,0.46,0.24543503843027556,49,784,784,784,0,0,98,98,0,0,0,16,False,False,0.006,results/raw/core/L/L_logistic_d10_n100_core/s-fb-gvi-b16_seed0.csv,trajectory_input,L
core,L,L_logistic_d10_n100_core,S--FB--GVI,3677949255,50,0.006,73.11314456347422,0.9179749635622869,nan,1.059445866861609,1.289144787088287,0.5895654299799257,0.04068470177621241,0.9191392887777007,0.9576258613481844,1.3163378431883124,2.226105058484379,4.113264863906486,0.6594627400045283,,nan,nan,nan,nan,0.6849238772796489,0.46,0.2454876426970505,50,800,800,800,0,0,100,100,0,0,0,16,False,False,0.006,results/raw/core/L/L_logistic_d10_n100_core/s-fb-gvi-b16_seed0.csv,trajectory_input,L
core,L,L_logistic_d10_n100_core,S--FB--GVI,1772490794,0,0.0,98.44506177378256,26.24989217387062,nan,6.358129167392517,3.9972584412189462,26.395414121217144,1.0,1.0,1.184105395713135,23.94532020669651,392.80048568424934,615.0360487952705,0.0006151600391604006,,nan,nan,nan,nan,0.6930234787734824,0.48,0.24993814900108446,0,0,0,0,0,0,0,0,0,0,0,16,False,False,0.0,results/raw/core/L/L_logistic_d10_n100_core/s-fb-gvi-b16_seed1.csv,trajectory_input,L
core,L,L_logistic_d10_n100_core,S--FB--GVI,1772490794,1,0.006,95.31735828811297,23.122188688201035,nan,5.8574269423268746,3.845116181450302,22.006613696714023,0.8168244512998432,0.99820300158912,1.1819698013771094,19.596399270377816,310.96600851432675,555.5435328962124,0.01384052901994437,,nan,nan,nan,nan,0.6878095005152363,0.37333333333333335,0.24733189783440418,1,16,16,16,0,0,2,2,0,0,0,16,False,False,0.006,results/raw/core/L/L_logistic_d10_n100_core/s-fb-gvi-b16_seed1.csv,trajectory_input,L
core,L,L_logistic_d10_n100_core,S--FB--GVI,1772490794,2,0.006,92.05828047076214,19.863110870850207,nan,5.371531035523322,3.6354029658875158,18.01068532007651,0.6484166902819443,0.9962567169336466,1.1796580828899277,15.5736375393599,234.8264002205088,483.4173751571668,0.02707741904305294,,nan,nan,nan,nan,0.6848468231911723,0.4066666666666667,0.2458543332316893,2,32,32,32,0,0,4,4,0,0,0,16,False,False,0.006,results/raw/core/L/L_logistic_d10_n100_core/s-fb-gvi-b16_seed1.csv,trajectory_input,L
core,L,L_logistic_d10_n100_core,S--FB--GVI,1772490794,3,0.006,89.6072132558646,17.412043655952658,nan,4.997115594320936,3.5274250783159955,14.75416702863872,0.5094974729173595,0.9943371596858904,1.1773801885170954,12.240834645943247,184.02889369975102,425.6803870614117,0.04024360905168578,,nan,nan,nan,nan,0.6819485100222131,0.4033333333333333,0.2444116226228481,3,48,48,48,0,0,6,6,0,0,0,16,False,False,0.006,results/raw/core/L/L_logistic_d10_n100_core/s-fb-gvi-b16_seed1.csv,trajectory_input,L
core,L,L_logistic_d10_n100_core,S--FB--GVI,1772490794,4,0.006,87.00591708776014,14.810747487848204,nan,4.603784916663904,3.3094555080619985,12.242729138085906,0.4037998711796619,0.9924013401086296,1.1750811720594032,9.731939438827995,136.83798328936712,354.7111899791148,0.053411878005135804,,nan,nan,nan,nan,0.6839902625788642,0.44,0.245437961937407,4,64,64,64,0,0,8,8,0,0,0,16,False,False,0.006,results/raw/core/L/L_logistic_d10_n100_core/s-fb-gvi-b16_seed1.csv,trajectory_input,L
core,L,L_logistic_d10_n100_core,S--FB--GVI,1772490794,5,0.006,84.86319602190312,12.668026421991186,nan,4.262244944094065,3.132595452347072,10.202185723332603,0.3173548830060001,0.9904045978745692,1.1727139669432873,7.685244650948395,104.08762823817432,296.6344107926013,0.06659349804976955,,nan,nan,nan,nan,0.6840547960331864,0.4533333333333333,0.24547815839865492,5,80,80,80,0,0,10,10,0,0,0,16,False,False,0.006,results/raw/core/L/L_logistic_d10_n100_core/s-fb-gvi-b16_seed1.csv,trajectory_input,L
core,L,L_logistic_d10_n100_core,S--FB--GVI,1772490794,6,0.006,83.17784695822158,10.982677358309644,nan,4.000721685313403,3.0090721770553404,8.550594076222584,0.24681132749959053,0.9883355894096161,1.1702553540010678,6.076931151123827,81.31010342654953,248.67683094252135,0.07984377804677933,,nan,nan,nan,nan,0.6823876496911068,0.44333333333333336,0.24465903012273912,6,96,96,96,0,0,12,12,0,0,0,16,False,False,0.006,results/raw/core/L/L_logistic_d10_n100_core/s-fb-gvi-b16_seed1.csv,trajectory_input,L
core,L,L_logistic_d10_n100_core,S--FB--GVI,1772490794,7,0.006,81.62904830784079,9.433878707928855,nan,3.745225351592059,2.8581060315065767,7.303450849147875,0.1957490502038018,0.986337707868827,1.1678868019825854,5.13986708061485,62.627866699972515,202.76264873582386,0.09298952703829855,,nan,nan,nan,nan,0.6826097962344778,0.45,0.24477474911514666,7,112,112,112,0,0,14,14,0,0,0,16,False,False,0.006,results/raw/core/L/L_logistic_d10_n100_core/s-fb-gvi-b16_seed1.csv,trajectory_input,L
core,L,L_logistic_d10_n100_core,S--FB--GVI,1772490794,8,0.006,80.52149526600338,8.32632566609145,nan,3.5387899075651217,2.765727293549117,6.3140833661338185,0.15535894758233249,0.9843343866240093,1.1655108415861248,4.545797904864224,50.89020645689259,170.14329616789354,0.10612633702112362,,nan,nan,nan,nan,0.6806039321450572,0.44666666666666666,0.2437959498557081,8,128,128,128,0,0,16,16,0,0,0,16,False,False,0.006,results/raw/core/L/L_logistic_d10_n100_core/s-fb-gvi-b16_seed1.csv,trajectory_input,L
core,L,L_logistic_d10_n100_core,S--FB--GVI,1772490794,9,0.006,79.52861782473862,7.333448224826682,nan,3.3275488956949566,2.653377774368064,5.56356899603726,0.12637079751604746,0.982359842836383,1.16316471255754,4.123179002201263,41.40162478848666,142.00577053511665,0.11931120604276657,,nan,nan,nan,nan,0.6806780004301998,0.44666666666666666,0.2438371490726564,9,144,144,144,0,0,18,18,0,0,0,16,False,False,0.006,results/raw/core/L/L_logistic_d10_n100_core/s-fb-gvi-b16_seed1.csv,trajectory_input,L
core,L,L_logistic_d10_n100_core,S--FB--GVI,1772490794,10,0.006,78.78692493421565,6.591755334303713,nan,3.1762712265176685,2.5850973071999195,4.937868290073488,0.10332769090701031,0.9803561945789624,1.1607851459874536,3.7630419815805882,34.79318446389848,119.9221816534685,0.13247323600808159,,nan,nan,nan,nan,0.6814733352522173,0.44,0.24422513699310344,10,160,160,160,0,0,20,20,0,0,0,16,False,False,0.006,results/raw/core/L/L_logistic_d10_n100_core/s-fb-gvi-b16_seed1.csv,trajectory_input,L
core,L,L_logistic_d10_n100_core,S--FB--GVI,1772490794,11,0.006,78.14746308861783,5.952293488705891,nan,3.041911130201473,2.506473635265346,4.446016681886418,0.08722441964068593,0.9784193847844915,1.1584867909457535,3.484456635566991,29.44645728323995,102.13691218866305,0.14553658600198105,,nan,nan,nan,nan,0.6801687686553712,0.45,0.24360224683608872,11,176,176,176,0,0,22,22,0,0,0,16,False,False,0.006,results/raw/core/L/L_logistic_d10_n100_core/s-fb-gvi-b16_seed1.csv,trajectory_input,L
core,L,L_logistic_d10_n100_core,S--FB--GVI,1772490794,12,0.006,77.5873995350904,5.392229935178463,nan,2.901344764737056,2.4258845267165565,4.040206294795487,0.0754850167881691,0.9765140257295752,1.1562240165481685,3.2455991728421973,25.140168194678182,87.66878571987166,0.15864048502407968,,nan,nan,nan,nan,0.6788352716236584,0.46,0.2429696993965799,12,192,192,192,0,0,24,24,0,0,0,16,False,False,0.006,results/raw/core/L/L_logistic_d10_n100_core/s-fb-gvi-b16_seed1.csv,trajectory_input,L
core,L,L_logistic_d10_n100_core,S--FB--GVI,1772490794,13,0.006,77.16179714328267,4.966627543370734,nan,2.7961273382224827,2.371968127304501,3.7031252133218397,0.06638485532931081,0.9746774764949675,1.154049572845083,3.0425614916243022,22.037856552631077,76.13848666888586,0.17171528504695743,,nan,nan,nan,nan,0.6789516914572085,0.46,0.24302568693530827,13,208,208,208,0,0,26,26,0,0,0,16,False,False,0.006,results/raw/core/L/L_logistic_d10_n100_core/s-fb-gvi-b16_seed1.csv,trajectory_input,L
core,L,L_logistic_d10_n100_core,S--FB--GVI,1772490794,14,0.006,76.75876072868265,4.56359112877071,nan,2.6964323126734375,2.3079883971782946,3.4044699425504388,0.060210082529024156,0.9727965326326375,1.1518138870436916,2.8485445884303924,19.213552211751853,66.5997558098586,0.1848379040020518,,nan,nan,nan,nan,0.6773608931873842,0.46,0.24227859092296428,14,224,224,224,0,0,28,28,0,0,0,16,False,False,0.006,results/raw/core/L/L_logistic_d10_n100_core/s-fb-gvi-b16_seed1.csv,trajectory_input,L
core,L,L_logistic_d10_n100_core,S--FB--GVI,1772490794,15,0.006,76.39640554429215,4.201235944380215,nan,2.5891205861943973,2.2433361160582046,3.1501344194368115,0.055147915153636214,0.9709518123026937,1.1496224250479665,2.6812327263261087,16.879965754069847,58.52057475439368,0.19791823404375464,,nan,nan,nan,nan,0.6763535967943304,0.4533333333333333,0.2418097346249172,15,240,240,240,0,0,30,30,0,0,0,16,False,False,0.006,results/raw/core/L/L_logistic_d10_n100_core/s-fb-gvi-b16_seed1.csv,trajectory_input,L
core,L,L_logistic_d10_n100_core,S--FB--GVI,1772490794,16,0.006,76.06474595161237,3.869576351700431,nan,2.490140286902573,2.1834225731250463,2.9120248418886385,0.0508350218883854,0.9690463414940009,1.1473573653845932,2.5211027510140744,14.896162149357927,50.76382707945284,0.21109811402857304,,nan,nan,nan,nan,0.6766273195841007,0.45666666666666667,0.24194577783427756,16,256,256,256,0,0,32,32,0,0,0,16,False,False,0.006,results/raw/core/L/L_logistic_d10_n100_core/s-fb-gvi-b16_seed1.csv,trajectory_input,L
core,L,L_logistic_d10_n100_core,S--FB--GVI,1772490794,17,0.006,75.7682238189619,3.573054219049965,nan,2.39790132263969,2.124445585719218,2.709307158708304,0.0479967245364092,0.9671914747192076,1.1414936366550734,2.390037645677281,13.253549906098225,43.86244058024771,0.224307693017181,,nan,nan,nan,nan,0.6776788609241419,0.46,0.24243788011923798,17,272,272,272,0,0,34,34,0,0,0,16,False,False,0.006,results/raw/core/L/L_logistic_d10_n100_core/s-fb-gvi-b16_seed1.csv,trajectory_input,L
core,L,L_logistic_d10_n100_core,S--FB--GVI,1772490794,18,0.006,75.53027457921027,3.335104979298336,nan,2.3180848480451006,2.0758006544842345,2.5326851170565794,0.04610898525671253,0.9653801847289063,1.097357146463257,2.315366240604256,11.935924466155557,39.20665975572727,0.2375102630467154,,nan,nan,nan,nan,0.6786183074413269,0.46,0.24288692753146776,18,288,288,288,0,0,36,36,0,0,0,16,False,False,0.006,results/raw/core/L/L_logistic_d10_n100_core/s-fb-gvi-b16_seed1.csv,trajectory_input,L
core,L,L_logistic_d10_n100_core,S--FB--GVI,1772490794,19,0.006,75.3275015864622,3.1323319865502697,nan,2.246413957422334,2.035140831732751,2.371500789181075,0.044603937073055426,0.9635852883163766,1.061941472296851,2.2500009218815764,10.872055966740323,35.2270547101475,0.2505947620375082,,nan,nan,nan,nan,0.6791885807377281,0.4633333333333333,0.24315809592985918,19,304,304,304,0,0,38,38,0,0,0,16,False,False,0.006,results/raw/core/L/L_logistic_d10_n100_core/s-fb-gvi-b16_seed1.csv,trajectory_input,L
core,L,L_logistic_d10_n100_core,S--FB--GVI,1772490794,20,0.006,75.08105981863336,2.8858902187214284,nan,2.1630076114691956,1.9720717666127467,2.2164464021701975,0.04320061942578603,0.9617385191346663,1.0283232015276738,2.1847465744888206,9.667915118014122,30.503923245359807,0.26366903202142566,,nan,nan,nan,nan,0.6792430963063065,0.46,0.24318911175231137,20,320,320,320,0,0,40,40,0,0,0,16,False,False,0.006,results/raw/core/L/L_logistic_d10_n100_core/s-fb-gvi-b16_seed1.csv,trajectory_input,L
core,L,L_logistic_d10_n100_core,S--FB--GVI,1772490794,21,0.006,74.8977351509391,2.7025655510271633,nan,2.0920205219729042,1.9276654434198606,2.084097091915848,0.04227776226458236,0.9599639430977321,1.0057733126672512,2.124038078560305,8.834650902856286,26.94649480536242,0.2767357320408337,,nan,nan,nan,nan,0.6801441624809932,0.4633333333333333,0.243598231789555,21,336,336,336,0,0,42,42,0,0,0,16,False,False,0.006,results/raw/core/L/L_logistic_d10_n100_core/s-fb-gvi-b16_seed1.csv,trajectory_input,L
core,L,L_logistic_d10_n100_core,S--FB--GVI,1772490794,22,0.006,74.74842907923282,2.553259479320886,nan,2.0307360048373004,1.8906457346040082,1.9688007011842865,0.041932722337962226,0.9582732408409821,0.9975774138812767,2.0691042265348787,8.164428522663403,24.37167622110441,0.2898260610527359,,nan,nan,nan,nan,0.6806344674312707,0.4633333333333333,0.24381699878528507,22,352,352,352,0,0,44,44,0,0,0,16,False,False,0.006,results/raw/core/L/L_logistic_d10_n100_core/s-fb-gvi-b16_seed1.csv,trajectory_input,L
core,L,L_logistic_d10_n100_core,S--FB--GVI,1772490794,23,0.006,74.61529797817454,2.4201283782626035,nan,1.9723890493684595,1.8570325053188876,1.8601825993784111,0.04153676632874254,0.9565539081756596,0.9889568819327753,2.0172287335880172,7.5871910111236325,22.139991551775974,0.30288776103407145,,nan,nan,nan,nan,0.680735981281394,0.46,0.24385999277865922,23,368,368,368,0,0,46,46,0,0,0,16,False,False,0.006,results/raw/core/L/L_logistic_d10_n100_core/s-fb-gvi-b16_seed1.csv,trajectory_input,L
core,L,L_logistic_d10_n100_core,S--FB--GVI,1772490794,24,0.006,74.4957617780606,2.300592178148662,nan,1.9210396777030578,1.8258832557545754,1.764747518751256,0.04115012993597904,0.9549203388281425,0.9802296230902019,1.968213757223723,7.086198360517691,20.11059364350551,0.3159134000306949,,nan,nan,nan,nan,0.6809014849008903,0.46,0.24391364662675794,24,384,384,384,0,0,48,48,0,0,0,16,False,False,0.006,results/raw/core/L/L_logistic_d10_n100_core/s-fb-gvi-b16_seed1.csv,trajectory_input,L
core,L,L_logistic_d10_n100_core,S--FB--GVI,1772490794,25,0.006,74.41563609554407,2.220466495632138,nan,1.8810018419153454,1.807728830878674,1.68023915083038,0.0412399724159673,0.9533641810712123,0.9837744025989231,1.9237100059078278,6.750617288756713,18.897133752165722,0.32897835003677756,,nan,nan,nan,nan,0.6797593783612584,0.46,0.24339039690332556,25,400,400,400,0,0,50,50,0,0,0,16,False,False,0.006,results/raw/core/L/L_logistic_d10_n100_core/s-fb-gvi-b16_seed1.csv,trajectory_input,L
core,L,L_logistic_d10_n100_core,S--FB--GVI,1772490794,26,0.006,74.30611060820654,2.1109410082946027,nan,1.8233911671880447,1.774029269586522,1.5954619305587376,0.04096006396867199,0.9517293125194353,0.9772540882318899,1.879354421411285,6.3046512036968,17.4541935170732,0.3421649800147861,,nan,nan,nan,nan,0.680184511961932,0.4633333333333333,0.24358591234905508,26,416,416,416,0,0,52,52,0,0,0,16,False,False,0.006,results/raw/core/L/L_logistic_d10_n100_core/s-fb-gvi-b16_seed1.csv,trajectory_input,L
core,L,L_logistic_d10_n100_core,S--FB--GVI,1772490794,27,0.006,74.21842045033495,2.023250850423011,nan,1.7702650414098666,1.7470304626756674,1.5228896420116502,0.040948339375135666,0.9501946481166413,0.9770573222466638,1.838920380531361,5.956977714241089,16.397200970281478,0.3552164389984682,,nan,nan,nan,nan,0.6801784732734553,0.4633333333333333,0.24357153903113138,27,432,432,432,0,0,54,54,0,0,0,16,False,False,0.006,results/raw/core/L/L_logistic_d10_n100_core/s-fb-gvi-b16_seed1.csv,trajectory_input,L
core,L,L_logistic_d10_n100_core,S--FB--GVI,1772490794,28,0.006,74.12253423500694,1.927364635095003,nan,1.718663616081725,1.7155887902183615,1.448284363660315,0.04086047279899951,0.9486086344167716,0.97555848035691,1.797739749315058,5.596470496644863,15.15146420577081,0.3682754990295507,,nan,nan,nan,nan,0.6785923385092851,0.46,0.24284500334745313,28,448,448,448,0,0,56,56,0,0,0,16,False,False,0.006,results/raw/core/L/L_logistic_d10_n100_core/s-fb-gvi-b16_seed1.csv,trajectory_input,L
core,L,L_logistic_d10_n100_core,S--FB--GVI,1772490794,29,0.006,74.03787202687472,1.8427024269627879,nan,1.6671285301898706,1.6877919115273288,1.380449356746136,0.040780409377747795,0.9470698593465163,0.9738532379288479,1.75926169422553,5.284054778145174,14.151316152520671,0.38131107902154326,,nan,nan,nan,nan,0.6772844625933664,0.45666666666666667,0.24223619970223528,29,464,464,464,0,0,58,58,0,0,0,16,False,False,0.006,results/raw/core/L/L_logistic_d10_n100_core/s-fb-gvi-b16_seed1.csv,trajectory_input,L
core,L,L_logistic_d10_n100_core,S--FB--GVI,1772490794,30,0.006,73.96460321054377,1.769433610631836,nan,1.6252407362075543,1.6638385755495593,1.3173490387806421,0.040660374163585374,0.9455298521195133,0.9705517980069849,1.7223390386346438,5.023672335733276,12.97708922319013,0.3943583180080168,,nan,nan,nan,nan,0.6785325923696816,0.45666666666666667,0.2427915712679615,30,480,480,480,0,0,60,60,0,0,0,16,False,False,0.006,results/raw/core/L/L_logistic_d10_n100_core/s-fb-gvi-b16_seed1.csv,trajectory_input,L
core,L,L_logistic_d10_n100_core,S--FB--GVI,1772490794,31,0.006,73.90488306524954,1.7097134653376003,nan,1.5876135988221387,1.643836335690141,1.259257813297619,0.04065601808041248,0.944048387589924,0.9714710295984819,1.6880250399195595,4.793146218182171,12.597746678437662,0.40740047802682966,,nan,nan,nan,nan,0.6774986569877919,0.46,0.24232606940338552,31,496,496,496,0,0,62,62,0,0,0,16,False,False,0.006,results/raw/core/L/L_logistic_d10_n100_core/s-fb-gvi-b16_seed1.csv,trajectory_input,L
core,L,L_logistic_d10_n100_core,S--FB--GVI,1772490794,32,0.006,73.82868072375243,1.633511123840492,nan,1.5451362365908388,1.6150692099001795,1.2028454202299932,0.04051525938631127,0.9425463204728659,0.9664388060684929,1.6538764499961038,4.529898061924866,11.377124058084231,0.42045043699909,,nan,nan,nan,nan,0.6790769218621133,0.45666666666666667,0.24303048883001505,32,512,512,512,0,0,64,64,0,0,0,16,False,False,0.006,results/raw/core/L/L_logistic_d10_n100_core/s-fb-gvi-b16_seed1.csv,trajectory_input,L
core,L,L_logistic_d10_n100_core,S--FB--GVI,1772490794,33,0.006,73.7644239841822,1.5692543842702662,nan,1.5102384062607017,1.5908279220306958,1.1505472480067722,0.040479293277681,0.9410712839354958,0.9651100519478374,1.6221117384528259,4.3045953503527254,10.522569649790706,0.4335488170036115,,nan,nan,nan,nan,0.6802316198072998,0.46,0.24354713171151113,33,528,528,528,0,0,66,66,0,0,0,16,False,False,0.006,results/raw/core/L/L_logistic_d10_n100_core/s-fb-gvi-b16_seed1.csv,trajectory_input,L
core,L,L_logistic_d10_n100_core,S--FB--GVI,1772490794,34,0.006,73.71353827517757,1.5183686752656342,nan,1.4812381921403523,1.5734586834369761,1.1018735375264364,0.04058022857000823,0.9396456042312821,0.9647189865254747,1.5924238604145111,4.123164944188033,9.88075981576242,0.44659224699717015,,nan,nan,nan,nan,0.682029182795934,0.46,0.24434129190081805,34,544,544,544,0,0,68,68,0,0,0,16,False,False,0.006,results/raw/core/L/L_logistic_d10_n100_core/s-fb-gvi-b16_seed1.csv,trajectory_input,L
core,L,L_logistic_d10_n100_core,S--FB--GVI,1772490794,35,0.006,73.6398886223298,1.4447190224178712,nan,1.4418970758219207,1.541237016569769,1.053900267452412,0.04032886666506121,0.9381874997447172,0.9581931511824673,1.5639817418825943,3.8796161386580303,8.952640972755034,0.45966195600340143,,nan,nan,nan,nan,0.6823284035508668,0.4633333333333333,0.24447343817572612,35,560,560,560,0,0,70,70,0,0,0,16,False,False,0.006,results/raw/core/L/L_logistic_d10_n100_core/s-fb-gvi-b16_seed1.csv,trajectory_input,L
core,L,L_logistic_d10_n100_core,S--FB--GVI,1772490794,36,0.006,73.59810690954,1.402937309628058,nan,1.4118654443620384,1.524912734902959,1.012143592021547,0.040784323771089606,0.9368336808310689,0.967609143950623,1.5384957384889144,3.7384247134602036,8.549439779777483,0.47271892603021115,,nan,nan,nan,nan,0.6817871689864666,0.4633333333333333,0.2442218932831086,36,576,576,576,0,0,72,72,0,0,0,16,False,False,0.006,results/raw/core/L/L_logistic_d10_n100_core/s-fb-gvi-b16_seed1.csv,trajectory_input,L
core,L,L_logistic_d10_n100_core,S--FB--GVI,1772490794,37,0.006,73.55957048585323,1.3644008859412935,nan,1.3851348864513682,1.5109923538283336,0.9711876602938497,0.04074649765808229,0.9354618576646377,0.9660732045609222,1.5132117700206855,3.606380809377419,8.205655378191139,0.48576198500813916,,nan,nan,nan,nan,0.6833366482045229,0.46,0.2449008665913151,37,592,592,592,0,0,74,74,0,0,0,16,False,False,0.006,results/raw/core/L/L_logistic_d10_n100_core/s-fb-gvi-b16_seed1.csv,trajectory_input,L
core,L,L_logistic_d10_n100_core,S--FB--GVI,1772490794,38,0.006,73.50982329765857,1.3146536977466354,nan,1.3513493017106162,1.489348414775477,0.9306670533306399,0.040517251381278395,0.9340561802652865,0.9594658546126035,1.4884579112877527,3.4463852963580615,7.696676661501719,0.4988518350291997,,nan,nan,nan,nan,0.68398621676737,0.46,0.24518112978172563,38,608,608,608,0,0,76,76,0,0,0,16,False,False,0.006,results/raw/core/L/L_logistic_d10_n100_core/s-fb-gvi-b16_seed1.csv,trajectory_input,L
core,L,L_logistic_d10_n100_core,S--FB--GVI,1772490794,39,0.006,73.46456656253346,1.2693969626215278,nan,1.3225101316708887,1.4674888477650658,0.8945834253458993,0.0405944160287453,0.9327459435567951,0.9653806167413624,1.466789229588323,3.3042414762153665,7.175484757656845,0.5118783650104888,,nan,nan,nan,nan,0.6828072462130441,0.46,0.24465750642017356,39,624,624,624,0,0,78,78,0,0,0,16,False,False,0.006,results/raw/core/L/L_logistic_d10_n100_core/s-fb-gvi-b16_seed1.csv,trajectory_input,L
core,L,L_logistic_d10_n100_core,S--FB--GVI,1772490794,40,0.006,73.42285008178929,1.227680481877357,nan,1.2929991558502054,1.4480969799436043,0.8604236944335499,0.04052622815963043,0.9314326635203075,0.9631487590219321,1.4470867685949296,3.167627506760829,6.863133503658139,0.5248987340019085,,nan,nan,nan,nan,0.6841650136234535,0.46,0.2452486664237943,40,640,640,640,0,0,80,80,0,0,0,16,False,False,0.006,results/raw/core/L/L_logistic_d10_n100_core/s-fb-gvi-b16_seed1.csv,trajectory_input,L
core,L,L_logistic_d10_n100_core,S--FB--GVI,1772490794,41,0.006,73.37559943241415,1.1804298325022131,nan,1.261420350532513,1.4245140823417917,0.825985200172242,0.04063898972103288,0.9301042444641395,0.9632592309641285,1.4282617141948444,3.0251004574580302,6.3291313142521854,0.5379586840281263,,nan,nan,nan,nan,0.6838412943355089,0.46,0.24510154372844256,41,656,656,656,0,0,82,82,0,0,0,16,False,False,0.006,results/raw/core/L/L_logistic_d10_n100_core/s-fb-gvi-b16_seed1.csv,trajectory_input,L
core,L,L_logistic_d10_n100_core,S--FB--GVI,1772490794,42,0.006,73.33934432625193,1.1441747263399975,nan,1.2337663418508225,1.4068259650809105,0.7948102397158309,0.04068154122436568,0.9288085948544048,0.9634743082636759,1.4124654350082289,2.9139739832197753,6.010991159774539,0.5509842230239883,,nan,nan,nan,nan,0.6844528141093355,0.46,0.24536928110921583,42,672,672,672,0,0,84,84,0,0,0,16,False,False,0.006,results/raw/core/L/L_logistic_d10_n100_core/s-fb-gvi-b16_seed1.csv,trajectory_input,L
core,L,L_logistic_d10_n100_core,S--FB--GVI,1772490794,43,0.006,73.30804522921423,1.1128756293022946,nan,1.2112806590050633,1.391891480793441,0.7651844405033517,0.04082722351140455,0.9275410292010192,0.9663883109439239,1.397979001890991,2.8201057915101146,5.674795863844601,0.5643678430351429,,nan,nan,nan,nan,0.684216767369974,0.4633333333333333,0.2452574430972757,43,688,688,688,0,0,86,86,0,0,0,16,False,False,0.006,results/raw/core/L/L_logistic_d10_n100_core/s-fb-gvi-b16_seed1.csv,trajectory_input,L
core,L,L_logistic_d10_n100_core,S--FB--GVI,1772490794,44,0.006,73.27739998476562,1.0822303848536876,nan,1.1856807569850392,1.3772440589719794,0.7362520738850713,0.040658509304670416,0.9262768346123315,0.9614384989178818,1.3840392922212887,2.7232831084517675,5.440933077452204,0.5774018930387683,,nan,nan,nan,nan,0.6846956660298559,0.46,0.24544014906137837,44,704,704,704,0,0,88,88,0,0,0,16,False,False,0.006,results/raw/core/L/L_logistic_d10_n100_core/s-fb-gvi-b16_seed1.csv,trajectory_input,L
core,L,L_logistic_d10_n100_core,S--FB--GVI,1772490794,45,0.006,73.23685879158221,1.0416891916702724,nan,1.1535214851463225,1.354270238782907,0.7088716233616683,0.040518641369194794,0.9250145770670918,0.959709742437836,1.3718719347432478,2.6008666029788956,5.1519947166159445,0.5904096020385623,,nan,nan,nan,nan,0.6849590836988604,0.46,0.24554619602814762,45,720,720,720,0,0,90,90,0,0,0,16,False,False,0.006,results/raw/core/L/L_logistic_d10_n100_core/s-fb-gvi-b16_seed1.csv,trajectory_input,L
core,L,L_logistic_d10_n100_core,S--FB--GVI,1772490794,46,0.006,73.20384129546419,1.008671695552252,nan,1.126996534988669,1.3352175955926417,0.6832932678602459,0.040551111537810804,0.9238094339460969,0.9642852024498847,1.3600584154658604,2.5032299101625357,4.9097660446816,0.603450171998702,,nan,nan,nan,nan,0.6833000833858699,0.46,0.24481768526094266,46,736,736,736,0,0,92,92,0,0,0,16,False,False,0.006,results/raw/core/L/L_logistic_d10_n100_core/s-fb-gvi-b16_seed1.csv,trajectory_input,L
core,L,L_logistic_d10_n100_core,S--FB--GVI,1772490794,47,0.006,73.18271700441532,0.9875474045033883,nan,1.106700100597295,1.3238722795566866,0.6591743524969987,0.040575737388071395,0.9226350062395472,0.970073716300137,1.348592857021098,2.437415987331061,4.905828935338198,0.6165202520205639,,nan,nan,nan,nan,0.6825746663346438,0.4633333333333333,0.24450485487905743,47,752,752,752,0,0,94,94,0,0,0,16,False,False,0.006,results/raw/core/L/L_logistic_d10_n100_core/s-fb-gvi-b16_seed1.csv,trajectory_input,L
core,L,L_logistic_d10_n100_core,S--FB--GVI,1772490794,48,0.006,73.14980394041751,0.9546343405055779,nan,1.0828985370792494,1.3050894232486983,0.6345452174150495,0.04033915938936211,0.921388366456623,0.9644278265890104,1.3370303969619346,2.339051225139772,4.748715574669917,0.62958027102286,,nan,nan,nan,nan,0.6825554912778506,0.46,0.244493370385443,48,768,768,768,0,0,96,96,0,0,0,16,False,False,0.006,results/raw/core/L/L_logistic_d10_n100_core/s-fb-gvi-b16_seed1.csv,trajectory_input,L
core,L,L_logistic_d10_n100_core,S--FB--GVI,1772490794,49,0.006,73.11971255838594,0.9245429584740066,nan,1.058861471418823,1.2871307414872586,0.6114458950752554,0.0402642549598638,0.9201883269796239,0.9616519967888736,1.3262199866342308,2.251751097890502,4.4646755975765915,0.6425856210407801,,nan,nan,nan,nan,0.6833782772547319,0.46,0.24485817911503394,49,784,784,784,0,0,98,98,0,0,0,16,False,False,0.006,results/raw/core/L/L_logistic_d10_n100_core/s-fb-gvi-b16_seed1.csv,trajectory_input,L
core,L,L_logistic_d10_n100_core,S--FB--GVI,1772490794,50,0.006,73.10153749702471,0.9063678971127729,nan,1.0457782107503482,1.2774863929800646,0.5905557164260535,0.04045512182441641,0.9190915138189454,0.964272657711114,1.3159921623058661,2.198056974884442,4.199264983907336,0.6556113800033927,,nan,nan,nan,nan,0.6842490003413366,0.46,0.24523226737665074,50,800,800,800,0,0,100,100,0,0,0,16,False,False,0.006,results/raw/core/L/L_logistic_d10_n100_core/s-fb-gvi-b16_seed1.csv,trajectory_input,L
core,L,L_logistic_d10_n100_core,S--FB--GVI,1131559491,0,0.0,98.44506177378256,26.24989217387062,nan,6.358129167392517,3.9972584412189462,26.395414121217144,1.0,1.0,1.184105395713135,23.94532020669651,392.80048568424934,615.0360487952705,0.000649040041025728,,nan,nan,nan,nan,0.6925719245389862,0.4633333333333333,0.2497123808042387,0,0,0,0,0,0,0,0,0,0,0,16,False,False,0.0,results/raw/core/L/L_logistic_d10_n100_core/s-fb-gvi-b16_seed2.csv,trajectory_input,L
core,L,L_logistic_d10_n100_core,S--FB--GVI,1131559491,1,0.006,94.70774279411725,22.512573194205316,nan,5.780365949312097,3.712844013470272,22.093548827415535,0.8216325184052813,0.9981349949724105,1.1818893682696527,19.71492473217023,296.23540320075836,537.0003571046694,0.013969680003356189,,nan,nan,nan,nan,0.6897414245148513,0.44666666666666666,0.24829835460527638,1,16,16,16,0,0,2,2,0,0,0,16,False,False,0.006,results/raw/core/L/L_logistic_d10_n100_core/s-fb-gvi-b16_seed2.csv,trajectory_input,L
core,L,L_logistic_d10_n100_core,S--FB--GVI,1131559491,2,0.006,91.77553508241293,19.580365482500994,nan,5.34803677331023,3.561629514997736,18.174729381598677,0.6577296654734223,0.9962105548386786,1.1796042861275948,15.799415682739939,228.10300750938737,472.81932417778523,0.027202229015529156,,nan,nan,nan,nan,0.687140004978037,0.44666666666666666,0.24700143231250957,2,32,32,32,0,0,4,4,0,0,0,16,False,False,0.006,results/raw/core/L/L_logistic_d10_n100_core/s-fb-gvi-b16_seed2.csv,trajectory_input,L
core,L,L_logistic_d10_n100_core,S--FB--GVI,1131559491,3,0.006,89.33174058729915,17.136570987387216,nan,4.9771922630183925,3.400741142506233,15.35710208396773,0.5415082858038155,0.9943571439382399,1.1773989435301497,13.031526749597251,178.5511011399683,414.87791868537954,0.0403546990128234,,nan,nan,nan,nan,0.6854078361652125,0.4533333333333333,0.24614218471869465,3,48,48,48,0,0,6,6,0,0,0,16,False,False,0.006,results/raw/core/L/L_logistic_d10_n100_core/s-fb-gvi-b16_seed2.csv,trajectory_input,L
core,L,L_logistic_d10_n100_core,S--FB--GVI,1131559491,4,0.006,87.13227575359721,14.937106153685278,nan,4.631888726466264,3.2498470204015164,12.947124940645796,0.44175242022228556,0.9924880941037577,1.1751751093929401,10.668734910342101,138.9346155367807,359.4649299558276,0.05355736904311925,,nan,nan,nan,nan,0.6845821047703925,0.44333333333333336,0.24573683429336546,4,64,64,64,0,0,8,8,0,0,0,16,False,False,0.006,results/raw/core/L/L_logistic_d10_n100_core/s-fb-gvi-b16_seed2.csv,trajectory_input,L
core,L,L_logistic_d10_n100_core,S--FB--GVI,1131559491,5,0.006,85.02823331491113,12.833063714999199,nan,4.2927031192528755,3.0976197434976567,10.713015147322423,0.3478533935909984,0.9905052693526727,1.172820943271613,8.442711438946697,106.02564656484378,304.6312734327423,0.0667227380326949,,nan,nan,nan,nan,0.6816915914349398,0.45,0.24431141999935196,5,80,80,80,0,0,10,10,0,0,0,16,False,False,0.006,results/raw/core/L/L_logistic_d10_n100_core/s-fb-gvi-b16_seed2.csv,trajectory_input,L
core,L,L_logistic_d10_n100_core,S--FB--GVI,1131559491,6,0.006,83.43145673951926,11.236287139607327,nan,4.037718296655007,2.995057964806634,9.012343501670964,0.2754242469518957,0.9886267118393613,1.17059375171776,6.727391330787158,83.8909918831954,259.2615563812118,0.07986197801074013,,nan,nan,nan,nan,0.6808322121113423,0.44666666666666666,0.24389328415030462,6,96,96,96,0,0,12,12,0,0,0,16,False,False,0.006,results/raw/core/L/L_logistic_d10_n100_core/s-fb-gvi-b16_seed2.csv,trajectory_input,L
core,L,L_logistic_d10_n100_core,S--FB--GVI,1131559491,7,0.006,81.81942336720054,9.624253767288607,nan,3.7771996202280693,2.839941771842187,7.6721322981174245,0.21881512678372786,0.9866956271688524,1.168304666504268,5.46796785657853,64.32432665652865,210.98733804006125,0.09303185704629868,,nan,nan,nan,nan,0.6829490716649385,0.44666666666666666,0.24493963157879728,7,112,112,112,0,0,14,14,0,0,0,16,False,False,0.006,results/raw/core/L/L_logistic_d10_n100_core/s-fb-gvi-b16_seed2.csv,trajectory_input,L
core,L,L_logistic_d10_n100_core,S--FB--GVI,1131559491,8,0.006,80.67260306827664,8.477433468364708,nan,3.570010010559892,2.7414321526836853,6.648447212928562,0.17767806224310798,0.984769270311654,1.166020489141183,4.6997674490243595,51.91694361320522,176.99048611495698,0.10619022703031078,,nan,nan,nan,nan,0.681773994569903,0.44,0.24436311242575537,8,128,128,128,0,0,16,16,0,0,0,16,False,False,0.006,results/raw/core/L/L_logistic_d10_n100_core/s-fb-gvi-b16_seed2.csv,trajectory_input,L
core,L,L_logistic_d10_n100_core,S--FB--GVI,1131559491,9,0.006,79.75025969468835,7.555090094776418,nan,3.3994729673494306,2.670981525487817,5.7870121672084185,0.1424091566070601,0.9827631022723855,1.1636386405164187,4.17048449012125,42.985192394271905,149.1088919802048,0.11933730699820444,,nan,nan,nan,nan,0.6819782194935032,0.44666666666666666,0.24446131441161023,9,144,144,144,0,0,18,18,0,0,0,16,False,False,0.006,results/raw/core/L/L_logistic_d10_n100_core/s-fb-gvi-b16_seed2.csv,trajectory_input,L
core,L,L_logistic_d10_n100_core,S--FB--GVI,1131559491,10,0.006,78.83541846921436,6.640248869302425,nan,3.2074440773141113,2.5572836347545063,5.103160310737688,0.11651944955795535,0.9808246068158161,1.1613425339948744,3.799456940361774,34.95299934052058,122.95317437705498,0.13244889600900933,,nan,nan,nan,nan,0.6797400147044638,0.4533333333333333,0.24338145391094287,10,160,160,160,0,0,20,20,0,0,0,16,False,False,0.006,results/raw/core/L/L_logistic_d10_n100_core/s-fb-gvi-b16_seed2.csv,trajectory_input,L
core,L,L_logistic_d10_n100_core,S--FB--GVI,1131559491,11,0.006,78.10934795590752,5.914178355995588,nan,3.0408789319316867,2.4557172647694143,4.598168683049626,0.0977616844598628,0.9789719710166666,1.1591451493832523,3.5443014866614937,29.139252554050636,102.80646142660558,0.14557912602322176,,nan,nan,nan,nan,0.6801585651822628,0.46,0.24358475003946778,11,176,176,176,0,0,22,22,0,0,0,16,False,False,0.006,results/raw/core/L/L_logistic_d10_n100_core/s-fb-gvi-b16_seed2.csv,trajectory_input,L
core,L,L_logistic_d10_n100_core,S--FB--GVI,1131559491,12,0.006,77.53998017033877,5.34481057042683,nan,2.909216355707285,2.377149191962798,4.170065966189541,0.08446497352824164,0.9770930828010933,1.156915516603929,3.3103661326985914,24.833340049411344,87.40927583451855,0.15871304500615224,,nan,nan,nan,nan,0.6777422168460612,0.45666666666666667,0.24243618673525574,12,192,192,192,0,0,24,24,0,0,0,16,False,False,0.006,results/raw/core/L/L_logistic_d10_n100_core/s-fb-gvi-b16_seed2.csv,trajectory_input,L
core,L,L_logistic_d10_n100_core,S--FB--GVI,1131559491,13,0.006,77.039453585519,4.844283985607063,nan,2.8059919238172983,2.310466287805297,3.7896456971343895,0.07280654991987633,0.975175831850617,1.154639318747531,3.0949381002547987,21.24319035554269,73.08322961746316,0.17207325500203297,,nan,nan,nan,nan,0.6775558487585421,0.44666666666666666,0.2423541079147724,13,208,208,208,0,0,26,26,0,0,0,16,False,False,0.006,results/raw/core/L/L_logistic_d10_n100_core/s-fb-gvi-b16_seed2.csv,trajectory_input,L
core,L,L_logistic_d10_n100_core,S--FB--GVI,1131559491,14,0.006,76.60080147765305,4.405631877741115,nan,2.686528173173982,2.243437273801701,3.462036546668762,0.06398108451051054,0.9732076603125924,1.152299392371368,2.8911945191341433,18.35741136831583,61.805182445056985,0.18530753499362618,,nan,nan,nan,nan,0.6774787741880786,0.4533333333333333,0.2423184887546745,14,224,224,224,0,0,28,28,0,0,0,16,False,False,0.006,results/raw/core/L/L_logistic_d10_n100_core/s-fb-gvi-b16_seed2.csv,trajectory_input,L
core,L,L_logistic_d10_n100_core,S--FB--GVI,1131559491,15,0.006,76.29226051715821,4.097090917246277,nan,2.596182756711238,2.1979481922239055,3.204611322576113,0.05848688119695116,0.9713637690178073,1.1501108322255242,2.721892125974445,16.414659082085436,54.583879825271616,0.19840973400278017,,nan,nan,nan,nan,0.6769003996694805,0.46,0.2420541911299273,15,240,240,240,0,0,30,30,0,0,0,16,False,False,0.006,results/raw/core/L/L_logistic_d10_n100_core/s-fb-gvi-b16_seed2.csv,trajectory_input,L
core,L,L_logistic_d10_n100_core,S--FB--GVI,1131559491,16,0.006,76.02974315641617,3.834573556504239,nan,2.509592370041679,2.160667391329356,2.981113313370942,0.05399108037911657,0.9695612065395206,1.1479722375783417,2.5748302558980987,14.861856451087407,48.36391886864189,0.2114890140364878,,nan,nan,nan,nan,0.6786558369814109,0.4533333333333333,0.2428704469166753,16,256,256,256,0,0,32,32,0,0,0,16,False,False,0.006,results/raw/core/L/L_logistic_d10_n100_core/s-fb-gvi-b16_seed2.csv,trajectory_input,L
core,L,L_logistic_d10_n100_core,S--FB--GVI,1131559491,17,0.006,75.73266791290365,3.5374983129917155,nan,2.4150729272658196,2.1037619659304316,2.767374946279345,0.05042726467919307,0.9676936817390746,1.1457502922005711,2.4243790729367936,13.177978171832912,41.956139384586805,0.22458240302512422,,nan,nan,nan,nan,0.6794650157239673,0.4533333333333333,0.24323822621174107,17,272,272,272,0,0,34,34,0,0,0,16,False,False,0.006,results/raw/core/L/L_logistic_d10_n100_core/s-fb-gvi-b16_seed2.csv,trajectory_input,L
core,L,L_logistic_d10_n100_core,S--FB--GVI,1131559491,18,0.006,75.49295439953904,3.2977847996271095,nan,2.3391298242198553,2.058684325597772,2.5780842115316864,0.0479435856898143,0.9658561614660094,1.1392536995796105,2.324877650006868,11.85275582135422,37.0359130843905,0.2376895030029118,,nan,nan,nan,nan,0.6805101491123808,0.46,0.2437205247036781,18,288,288,288,0,0,36,36,0,0,0,16,False,False,0.006,results/raw/core/L/L_logistic_d10_n100_core/s-fb-gvi-b16_seed2.csv,trajectory_input,L
core,L,L_logistic_d10_n100_core,S--FB--GVI,1131559491,19,0.006,75.30381732531664,3.1086477254047082,nan,2.273504371924827,2.023858772043977,2.416958094503201,0.046163516343038946,0.9641072396989658,1.0982004200320539,2.2611839667514686,10.868329839122746,33.23070049476721,0.2508015730418265,,nan,nan,nan,nan,0.6804735961350601,0.45666666666666667,0.2436968398798053,19,304,304,304,0,0,38,38,0,0,0,16,False,False,0.006,results/raw/core/L/L_logistic_d10_n100_core/s-fb-gvi-b16_seed2.csv,trajectory_input,L
core,L,L_logistic_d10_n100_core,S--FB--GVI,1131559491,20,0.006,75.10351837956887,2.908348779656933,nan,2.1948225353636652,1.9787676710457607,2.267040972118507,0.044556566085207756,0.962335357735045,1.0611514797476698,2.201805062088136,9.902107221679458,29.358388406855035,0.2639896320179105,,nan,nan,nan,nan,0.679175445592096,0.46,0.2430805595444216,20,320,320,320,0,0,40,40,0,0,0,16,False,False,0.006,results/raw/core/L/L_logistic_d10_n100_core/s-fb-gvi-b16_seed2.csv,trajectory_input,L
core,L,L_logistic_d10_n100_core,S--FB--GVI,1131559491,21,0.006,74.94797831153728,2.752808711625349,nan,2.1297465143406837,1.947361020078615,2.1289606928421763,0.04329277886338909,0.9605407371147329,1.0314758595066071,2.140394321731989,9.150849130782285,26.63391408381597,0.2770662020193413,,nan,nan,nan,nan,0.6797157437678193,0.46,0.24332313874429606,21,336,336,336,0,0,42,42,0,0,0,16,False,False,0.006,results/raw/core/L/L_logistic_d10_n100_core/s-fb-gvi-b16_seed2.csv,trajectory_input,L
core,L,L_logistic_d10_n100_core,S--FB--GVI,1131559491,22,0.006,74.77919998884953,2.5840303889375917,nan,2.069748728838221,1.9056919764384763,2.003355264326594,0.042294010186976566,0.9587859116868391,1.0075413591881786,2.0834804474844892,8.371223626401644,23.593105471808137,0.2901313920156099,,nan,nan,nan,nan,0.6802475080550905,0.4633333333333333,0.24355536388871787,22,352,352,352,0,0,44,44,0,0,0,16,False,False,0.006,results/raw/core/L/L_logistic_d10_n100_core/s-fb-gvi-b16_seed2.csv,trajectory_input,L
core,L,L_logistic_d10_n100_core,S--FB--GVI,1131559491,23,0.006,74.63281778078151,2.437648180869573,nan,2.0040392395610858,1.8686885451316657,1.8895562666061982,0.0415680256570127,0.9570477498203823,0.989878987877548,2.0290227437168458,7.722972670985953,21.302319841575958,0.3032412310130894,,nan,nan,nan,nan,0.6809140864946397,0.4633333333333333,0.24384339988942297,23,368,368,368,0,0,46,46,0,0,0,16,False,False,0.006,results/raw/core/L/L_logistic_d10_n100_core/s-fb-gvi-b16_seed2.csv,trajectory_input,L
core,L,L_logistic_d10_n100_core,S--FB--GVI,1131559491,24,0.006,74.52522027955523,2.3300506796432927,nan,1.9587285292648642,1.8428441606891235,1.790487783478309,0.04149486515846017,0.955405001390368,0.9890300878384795,1.979667019353104,7.260111512152488,19.433382601839256,0.31625644100131467,,nan,nan,nan,nan,0.6797842230485156,0.4633333333333333,0.2433292409916095,24,384,384,384,0,0,48,48,0,0,0,16,False,False,0.006,results/raw/core/L/L_logistic_d10_n100_core/s-fb-gvi-b16_seed2.csv,trajectory_input,L
core,L,L_logistic_d10_n100_core,S--FB--GVI,1131559491,25,0.006,74.41970718227107,2.224537582359133,nan,1.8984789550073349,1.816440544506987,1.6956452069603505,0.04111079297235099,0.9537240107283226,0.9792500546729189,1.9309908137656067,6.806562627022369,18.17917625197719,0.3292932100011967,,nan,nan,nan,nan,0.6816930163718786,0.4666666666666667,0.24418246290093867,25,400,400,400,0,0,50,50,0,0,0,16,False,False,0.006,results/raw/core/L/L_logistic_d10_n100_core/s-fb-gvi-b16_seed2.csv,trajectory_input,L
core,L,L_logistic_d10_n100_core,S--FB--GVI,1131559491,26,0.006,74.312914701658,2.117745101746067,nan,1.8416359483829476,1.7838153442515448,1.6128760674869238,0.04112369440148985,0.9521280106022724,0.9796355065180772,1.8867213112594092,6.3763564397752095,16.747593606097553,0.34251020004739985,,nan,nan,nan,nan,0.6820245855919944,0.4666666666666667,0.24432617790532296,26,416,416,416,0,0,52,52,0,0,0,16,False,False,0.006,results/raw/core/L/L_logistic_d10_n100_core/s-fb-gvi-b16_seed2.csv,trajectory_input,L
core,L,L_logistic_d10_n100_core,S--FB--GVI,1131559491,27,0.006,74.2377570651059,2.042587465193961,nan,1.8030744066781703,1.7631341316853282,1.5377846199189402,0.04118443111978727,0.9505793813802641,0.9817905781269338,1.8462854933358201,6.066089483494423,15.753189277359176,0.3555638400139287,,nan,nan,nan,nan,0.6820678253379415,0.4666666666666667,0.24434842002430202,27,432,432,432,0,0,54,54,0,0,0,16,False,False,0.006,results/raw/core/L/L_logistic_d10_n100_core/s-fb-gvi-b16_seed2.csv,trajectory_input,L
core,L,L_logistic_d10_n100_core,S--FB--GVI,1131559491,28,0.006,74.11648192563403,1.9213123257220985,nan,1.744282013134081,1.717476936295028,1.4625625486932947,0.041145987588930164,0.9489919847355175,0.9818504158694513,1.805991419081023,5.619460514944208,13.91323081299559,0.36867683904711157,,nan,nan,nan,nan,0.6801027796878135,0.4533333333333333,0.2434627193457002,28,448,448,448,0,0,56,56,0,0,0,16,False,False,0.006,results/raw/core/L/L_logistic_d10_n100_core/s-fb-gvi-b16_seed2.csv,trajectory_input,L
core,L,L_logistic_d10_n100_core,S--FB--GVI,1131559491,29,0.006,74.03682545753965,1.841655857627714,nan,1.6934163428145643,1.6900138060526908,1.3964111758871969,0.041058419201183,0.947454796169749,0.9800862233463087,1.7678549265952006,5.316266519811142,13.068985945209018,0.38174431904917583,,nan,nan,nan,nan,0.6802403977519436,0.45666666666666667,0.24352287468500455,29,464,464,464,0,0,58,58,0,0,0,16,False,False,0.006,results/raw/core/L/L_logistic_d10_n100_core/s-fb-gvi-b16_seed2.csv,trajectory_input,L
core,L,L_logistic_d10_n100_core,S--FB--GVI,1131559491,30,0.006,73.96247030822394,1.767300708312007,nan,1.653132539842366,1.6651705662563923,1.3311984948434394,0.04088723455877337,0.9459095814966131,0.9760980509630497,1.7300754578132704,5.035603891503715,12.170201118332916,0.39480662799905986,,nan,nan,nan,nan,0.6811443445360751,0.45666666666666667,0.24393304896809112,30,480,480,480,0,0,60,60,0,0,0,16,False,False,0.006,results/raw/core/L/L_logistic_d10_n100_core/s-fb-gvi-b16_seed2.csv,trajectory_input,L
core,L,L_logistic_d10_n100_core,S--FB--GVI,1131559491,31,0.006,73.8929917368281,1.6978221369161588,nan,1.6112781653662758,1.641168675704995,1.2735801602077916,0.04096611364184291,0.9444494760441569,0.9770651971859647,1.6971202266690402,4.778617294970104,11.417309811212307,0.4078312680358067,,nan,nan,nan,nan,0.6824753739103238,0.45666666666666667,0.24452376400641393,31,496,496,496,0,0,62,62,0,0,0,16,False,False,0.006,results/raw/core/L/L_logistic_d10_n100_core/s-fb-gvi-b16_seed2.csv,trajectory_input,L
core,L,L_logistic_d10_n100_core,S--FB--GVI,1131559491,32,0.006,73.82640167970685,1.6312320797949127,nan,1.5711592399817347,1.6150720727521284,1.2191274320636603,0.04106804404918611,0.942982758691646,0.9805422290283937,1.664875235349757,4.545996638528617,10.6396389230835,0.4208914180053398,,nan,nan,nan,nan,0.6821600319652623,0.45666666666666667,0.2443902366016375,32,512,512,512,0,0,64,64,0,0,0,16,False,False,0.006,results/raw/core/L/L_logistic_d10_n100_core/s-fb-gvi-b16_seed2.csv,trajectory_input,L
core,L,L_logistic_d10_n100_core,S--FB--GVI,1131559491,33,0.006,73.75744692575121,1.5622773258392755,nan,1.5248739086756145,1.5895239382943631,1.1641081486134879,0.040700801406368024,0.941484354364638,0.9700314077957872,1.6319796345122026,4.294245999106618,10.068462882363647,0.4339983370155096,,nan,nan,nan,nan,0.6838154441781877,0.45666666666666667,0.24509550983324407,33,528,528,528,0,0,66,66,0,0,0,16,False,False,0.006,results/raw/core/L/L_logistic_d10_n100_core/s-fb-gvi-b16_seed2.csv,trajectory_input,L
core,L,L_logistic_d10_n100_core,S--FB--GVI,1131559491,34,0.006,73.6862766735174,1.4911070736054626,nan,1.4774099229728155,1.5588992009265494,1.1156979039302577,0.04067465962546632,0.9400647869237858,0.9691905280938911,1.6029236065647423,4.056510277034569,9.253594519010477,0.4470570069970563,,nan,nan,nan,nan,0.6832566634805346,0.4533333333333333,0.24482761289662694,34,544,544,544,0,0,68,68,0,0,0,16,False,False,0.006,results/raw/core/L/L_logistic_d10_n100_core/s-fb-gvi-b16_seed2.csv,trajectory_input,L
core,L,L_logistic_d10_n100_core,S--FB--GVI,1131559491,35,0.006,73.61130985415778,1.416140254245846,nan,1.4313221250460149,1.5265113993188355,1.0657018672580296,0.04022452112036208,0.9385625870615981,0.9571553276388344,1.5737654072234435,3.8070384550227705,8.403649672243276,0.4601025060401298,,nan,nan,nan,nan,0.6835324187053184,0.4533333333333333,0.24492126357162372,35,560,560,560,0,0,70,70,0,0,0,16,False,False,0.006,results/raw/core/L/L_logistic_d10_n100_core/s-fb-gvi-b16_seed2.csv,trajectory_input,L
core,L,L_logistic_d10_n100_core,S--FB--GVI,1131559491,36,0.006,73.56875377092975,1.3735841710178107,nan,1.4016327608766246,1.5100849009179147,1.020871118366896,0.04037240799791248,0.9371575779752989,0.9618997882686454,1.546241547564026,3.664887606494296,7.925221761961829,0.47319676604820415,,nan,nan,nan,nan,0.6830910639543047,0.4533333333333333,0.2447217773176547,36,576,576,576,0,0,72,72,0,0,0,16,False,False,0.006,results/raw/core/L/L_logistic_d10_n100_core/s-fb-gvi-b16_seed2.csv,trajectory_input,L
core,L,L_logistic_d10_n100_core,S--FB--GVI,1131559491,37,0.006,73.51906971169244,1.3239001117805032,nan,1.3662657246365306,1.4879021381840516,0.9785682446049366,0.040517211319971005,0.9357658633201307,0.9664764340805029,1.5200543999992546,3.508148763708661,7.422155006111643,0.48626456601778045,,nan,nan,nan,nan,0.6835747386884361,0.45666666666666667,0.24494073609581501,37,592,592,592,0,0,74,74,0,0,0,16,False,False,0.006,results/raw/core/L/L_logistic_d10_n100_core/s-fb-gvi-b16_seed2.csv,trajectory_input,L
core,L,L_logistic_d10_n100_core,S--FB--GVI,1131559491,38,0.006,73.48528909738432,1.2901194974723893,nan,1.3426498818896326,1.4755310877829133,0.940431611095357,0.040574709749969455,0.9344237965238051,0.9653751147570767,1.496838430567481,3.3884976580590176,7.173933443494642,0.4993254250148311,,nan,nan,nan,nan,0.6843604835243039,0.4533333333333333,0.2452715962387398,38,608,608,608,0,0,76,76,0,0,0,16,False,False,0.006,results/raw/core/L/L_logistic_d10_n100_core/s-fb-gvi-b16_seed2.csv,trajectory_input,L
core,L,L_logistic_d10_n100_core,S--FB--GVI,1131559491,39,0.006,73.45285460089565,1.257685000983713,nan,1.3171927921121345,1.4634850156574057,0.9029533540967796,0.040465977906966315,0.9331024396067708,0.9608313256472202,1.4741158149777842,3.274183489027304,7.000557292180612,0.5123902150080539,,nan,nan,nan,nan,0.6850392174804777,0.45666666666666667,0.24554805940304714,39,624,624,624,0,0,78,78,0,0,0,16,False,False,0.006,results/raw/core/L/L_logistic_d10_n100_core/s-fb-gvi-b16_seed2.csv,trajectory_input,L
core,L,L_logistic_d10_n100_core,S--FB--GVI,1131559491,40,0.006,73.40260432111255,1.2074347212006131,nan,1.2810433264336916,1.4373427194146797,0.8671494560466704,0.040510604631857086,0.9317494360812899,0.9649948347620845,1.4532673542728143,3.122184135522578,6.425604664904697,0.525432015012484,,nan,nan,nan,nan,0.6841139336318738,0.45666666666666667,0.24514504625573863,40,640,640,640,0,0,80,80,0,0,0,16,False,False,0.006,results/raw/core/L/L_logistic_d10_n100_core/s-fb-gvi-b16_seed2.csv,trajectory_input,L
core,L,L_logistic_d10_n100_core,S--FB--GVI,1131559491,41,0.006,73.36839941971621,1.173229819804277,nan,1.2571180838528904,1.4221308928952758,0.8328983643855175,0.04041887071791911,0.9304212868481536,0.9633021245762069,1.4337586117239522,3.010382475671379,6.1244668515218175,0.5384622139972635,,nan,nan,nan,nan,0.6842333364578984,0.45666666666666667,0.24518422734787076,41,656,656,656,0,0,82,82,0,0,0,16,False,False,0.006,results/raw/core/L/L_logistic_d10_n100_core/s-fb-gvi-b16_seed2.csv,trajectory_input,L
core,L,L_logistic_d10_n100_core,S--FB--GVI,1131559491,42,0.006,73.34855631865211,1.1533867187401796,nan,1.2433393269617596,1.4150203304499822,0.8012941146924083,0.040682327754471954,0.9291605157792888,0.9704616913593475,1.4171322193657974,2.9453673895886276,5.885801310091896,0.5515064040082507,,nan,nan,nan,nan,0.6830837458454907,0.4533333333333333,0.24467865776647546,42,672,672,672,0,0,84,84,0,0,0,16,False,False,0.006,results/raw/core/L/L_logistic_d10_n100_core/s-fb-gvi-b16_seed2.csv,trajectory_input,L
core,L,L_logistic_d10_n100_core,S--FB--GVI,1131559491,43,0.006,73.31834764811238,1.1231780482004439,nan,1.2196543545716012,1.3996756835500708,0.7730880177917082,0.04084369100237356,0.9279437971133644,0.9749571181551298,1.4034427907328895,2.8509973617749695,5.657084712437183,0.564893753034994,,nan,nan,nan,nan,0.6830404530253238,0.4533333333333333,0.24466731781332668,43,688,688,688,0,0,86,86,0,0,0,16,False,False,0.006,results/raw/core/L/L_logistic_d10_n100_core/s-fb-gvi-b16_seed2.csv,trajectory_input,L
core,L,L_logistic_d10_n100_core,S--FB--GVI,1131559491,44,0.006,73.27601253638048,1.0808429364685423,nan,1.183847890872146,1.3767033737304997,0.744650537267512,0.040858226920876956,0.9266892408756252,0.9700909386501867,1.3900129231143827,2.723049777804312,5.34527164930614,0.5779388230293989,,nan,nan,nan,nan,0.6834808658007624,0.4533333333333333,0.24484552697123718,44,704,704,704,0,0,88,88,0,0,0,16,False,False,0.006,results/raw/core/L/L_logistic_d10_n100_core/s-fb-gvi-b16_seed2.csv,trajectory_input,L
core,L,L_logistic_d10_n100_core,S--FB--GVI,1131559491,45,0.006,73.24713402689785,1.0519644269859185,nan,1.159317114744522,1.3609516632822072,0.7184649813482248,0.040990134246872915,0.9254989020462294,0.9756960410738515,1.3777007098524394,2.6356227706609863,5.182594952144097,0.5909572630189359,,nan,nan,nan,nan,0.6824202774248413,0.4533333333333333,0.2443845393478923,45,720,720,720,0,0,90,90,0,0,0,16,False,False,0.006,results/raw/core/L/L_logistic_d10_n100_core/s-fb-gvi-b16_seed2.csv,trajectory_input,L
core,L,L_logistic_d10_n100_core,S--FB--GVI,1131559491,46,0.006,73.21949397816859,1.024324378256651,nan,1.1336688647511322,1.3449123807614234,0.6947608392827466,0.04128321534449652,0.9243457267194717,0.9834485514146939,1.3666729079297106,2.5505781486467436,5.076456346989023,0.6039981620269828,,nan,nan,nan,nan,0.681880454791459,0.45,0.24414358565223807,46,736,736,736,0,0,92,92,0,0,0,16,False,False,0.006,results/raw/core/L/L_logistic_d10_n100_core/s-fb-gvi-b16_seed2.csv,trajectory_input,L
core,L,L_logistic_d10_n100_core,S--FB--GVI,1131559491,47,0.006,73.19859648931013,1.0034268893981988,nan,1.118833459986685,1.3351277311886391,0.669830418702098,0.041201609939294885,0.9231828855813832,0.9830209469420469,1.3546692710687056,2.4857634439397236,4.849294621986914,0.6170359020470642,,nan,nan,nan,nan,0.6825782286126175,0.45,0.2444375784775036,47,752,752,752,0,0,94,94,0,0,0,16,False,False,0.006,results/raw/core/L/L_logistic_d10_n100_core/s-fb-gvi-b16_seed2.csv,trajectory_input,L
core,L,L_logistic_d10_n100_core,S--FB--GVI,1131559491,48,0.006,73.17377858322025,0.9786089833083196,nan,1.0981103976289424,1.3224822195859904,0.6460118471796201,0.04106071392546667,0.9220070897514301,0.9758803050401806,1.3432966541506965,2.4104867283411076,4.625111493098897,0.630108931043651,,nan,nan,nan,nan,0.6832933596168375,0.45,0.2447376543543616,48,768,768,768,0,0,96,96,0,0,0,16,False,False,0.006,results/raw/core/L/L_logistic_d10_n100_core/s-fb-gvi-b16_seed2.csv,trajectory_input,L
core,L,L_logistic_d10_n100_core,S--FB--GVI,1131559491,49,0.006,73.15072862854989,0.9555590286379498,nan,1.0803349819807018,1.3097866212710683,0.624004619076595,0.04104165988586404,0.9208665920805211,0.9755185041621751,1.3327191770317106,2.339647777317344,4.459607925503384,0.643144611036405,,nan,nan,nan,nan,0.6834019781240975,0.45,0.2447751826313199,49,784,784,784,0,0,98,98,0,0,0,16,False,False,0.006,results/raw/core/L/L_logistic_d10_n100_core/s-fb-gvi-b16_seed2.csv,trajectory_input,L
core,L,L_logistic_d10_n100_core,S--FB--GVI,1131559491,50,0.006,73.12735546274806,0.9321858628361213,nan,1.0606836789607188,1.2966464452182815,0.6022486267179308,0.04116892275627706,0.919718865131188,0.9758235950298342,1.3221997235851497,2.2710255707894627,4.299708746556199,0.6561438710195944,,nan,nan,nan,nan,0.6827949813601456,0.45,0.24450147796561394,50,800,800,800,0,0,100,100,0,0,0,16,False,False,0.006,results/raw/core/L/L_logistic_d10_n100_core/s-fb-gvi-b16_seed2.csv,trajectory_input,L
