tier,experiment,job_id,method,seed,iteration,step_size,objective,objective_gap,exact_gaussian_kl,w2_squared,mean_error,covariance_error,covariance_min_eigenvalue,covariance_max_eigenvalue,relative_covariance_min_eigenvalue,relative_covariance_max_eigenvalue,gaussian_core_rate,fisher_rao_residual_squared,bures_wasserstein_residual_squared,wall_time_seconds,algorithm_seconds,repair,equivariance_error_mean,equivariance_error_covariance,equivariance_error_back,local_gamma,local_lambda,predictive_nll,classification_error,brier,iterations,gradient_evaluations,hessian_evaluations,oracle_pairs,expectation_evaluations,matrix_exponentials,matrix_square_roots,eigendecompositions,cholesky_factorizations,cholesky_solves,roundoff_repairs,batch_size,quadratic_rescue,raw_mean_ablation,normalized_step_size,problem_instance,local_kl_gamma,local_discrete_rate,predicted_contraction,local_radius,alpha,beta,alpha_star,beta_star,kappa_star,lambda_0_star,lambda_0_star_max,lambda_max_star,certified_gap,grid_condition,grid_dimension,grid_family,grid_rho,grid_role
manuscript-pilot,D,pilot_logcosh_d10_k10_rho1_fr-kl,FR--KL,2500492809,0,0.0,8.112338983637708,2.1598090063619697,nan,4.562957184844511,2.1361079525259266,2.9495198569914895e-15,1.0,1.0,0.9999999999999981,1.0000000000000013,2.0000000000000018,3.8248759027547212,3.8906654092881583,0.000670259993057698,0.0,,nan,nan,nan,nan,nan,nan,nan,nan,0,0,0,0,0,0,0,0,0,0,0,1,False,False,2.0,0,nan,nan,nan,nan,0.16209626917406456,1.7830589609147085,0.1620962691740644,1.7830589609147083,11.0,0.9999999999999993,1.0000000000000016,6.169173449181403,12.001094871314502,10.0,10,logcosh,1.0,stepsize_pilot
manuscript-pilot,D,pilot_logcosh_d10_k10_rho1_fr-kl,FR--KL,2500492809,1,1.121667899851164,5.970862136272328,0.01833215899659013,nan,0.029470647191645456,0.13282046735655048,0.22731915499101593,0.9991631972239046,1.2118799968660134,0.9991631972239048,1.2118799968660139,2.2721258243044713,0.03593711660099864,0.0471171360123442,0.0024671799619682133,0.0006702600512653589,,nan,nan,nan,nan,nan,nan,nan,nan,1,1,1,1,1,0,0,0,2,2,0,1,False,False,2.0,0,nan,nan,nan,nan,0.16209626917406456,1.7830589609147085,0.1620962691740644,1.7830589609147083,11.0,0.9999999999999993,1.0000000000000016,6.169173449181403,0.14533689224441138,10.0,10,logcosh,1.0,stepsize_pilot
manuscript-pilot,D,pilot_logcosh_d10_k10_rho1_fr-kl,FR--KL,2500492809,2,1.121667899851164,5.9555832389247385,0.0030532616490006603,nan,0.003970501914129319,0.024454287852298896,0.11896437335616054,0.9996651346488825,1.1112716281214965,0.9996651346488818,1.111271628121497,2.1913063807621334,0.005463760514011897,0.009407012155547297,0.004102359991520643,0.0013378000003285706,,nan,nan,nan,nan,nan,nan,nan,nan,2,2,2,2,2,0,0,0,4,4,0,1,False,False,2.0,0,nan,nan,nan,nan,0.16209626917406456,1.7830589609147085,0.1620962691740644,1.7830589609147083,11.0,0.9999999999999993,1.0000000000000016,6.169173449181403,0.02901674481306455,10.0,10,logcosh,1.0,stepsize_pilot
manuscript-pilot,D,pilot_logcosh_d10_k10_rho1_fr-kl,FR--KL,2500492809,3,1.121667899851164,5.9533669819254555,0.0008370046497176986,nan,0.0010270556871596346,0.004953340877305004,0.06415406487465368,0.9998022822377611,1.0597167825371185,0.9998022822377611,1.0597167825371185,2.106374906412944,0.0014383618801605735,0.002713195954476626,0.005675190011970699,0.0019603600376285613,,nan,nan,nan,nan,nan,nan,nan,nan,3,3,3,3,3,0,0,0,6,6,0,1,False,False,2.0,0,nan,nan,nan,nan,0.16209626917406456,1.7830589609147085,0.1620962691740644,1.7830589609147083,11.0,0.9999999999999993,1.0000000000000016,6.169173449181403,0.008369088222391798,10.0,10,logcosh,1.0,stepsize_pilot
manuscript-pilot,D,pilot_logcosh_d10_k10_rho1_fr-kl,FR--KL,2500492809,4,1.121667899851164,5.95278322457959,0.0002532473038519001,nan,0.0003063365501738235,0.0008945973228565442,0.035211426928074004,0.9998936953348583,1.0327597738804446,0.9998936953348573,1.032759773880445,2.0581868057075754,0.00042911649657988995,0.0008335784792786989,0.007244370004627854,0.00258651003241539,,nan,nan,nan,nan,nan,nan,nan,nan,4,4,4,4,4,0,0,0,8,8,0,1,False,False,2.0,0,nan,nan,nan,nan,0.16209626917406456,1.7830589609147085,0.1620962691740644,1.7830589609147083,11.0,0.9999999999999993,1.0000000000000016,6.169173449181403,0.00257124511108758,10.0,10,logcosh,1.0,stepsize_pilot
manuscript-pilot,D,pilot_logcosh_d10_k10_rho1_fr-kl,FR--KL,2500492809,5,1.121667899851164,5.952608190941604,7.821366586657774e-05,nan,9.454995844884951e-05,0.0005310306771480437,0.019495795008436387,0.9999416639511289,1.018106570779546,0.9999416639511276,1.018106570779546,2.0320663090655673,0.00013134762846418133,0.0002584848505926474,0.008804209996014833,0.003209610062185675,,nan,nan,nan,nan,nan,nan,nan,nan,5,5,5,5,5,0,0,0,10,10,0,1,False,False,2.0,0,nan,nan,nan,nan,0.16209626917406456,1.7830589609147085,0.1620962691740644,1.7830589609147083,11.0,0.9999999999999993,1.0000000000000016,6.169173449181403,0.0007973189386458911,10.0,10,logcosh,1.0,stepsize_pilot
manuscript-pilot,D,pilot_logcosh_d10_k10_rho1_fr-kl,FR--KL,2500492809,6,1.121667899851164,5.952554331495429,2.4354219690714274e-05,nan,2.942332450810569e-05,0.00025499241768930556,0.010860643403782318,0.9999681349354057,1.0100647416580066,0.9999681349354057,1.010064741658007,2.017749529396343,4.069155739849303e-05,8.06546269164512e-05,0.010399329999927431,0.0038599500549025834,,nan,nan,nan,nan,nan,nan,nan,nan,6,6,6,6,6,0,0,0,12,12,0,1,False,False,2.0,0,nan,nan,nan,nan,0.16209626917406456,1.7830589609147085,0.1620962691740644,1.7830589609147083,11.0,0.9999999999999993,1.0000000000000016,6.169173449181403,0.00024878619146330124,10.0,10,logcosh,1.0,stepsize_pilot
manuscript-pilot,D,pilot_logcosh_d10_k10_rho1_fr-kl,FR--KL,2500492809,7,1.121667899851164,5.952537600940987,7.623665249312239e-06,nan,9.218315892402306e-06,0.00014480152154612992,0.006072877806245096,0.9999825765048862,1.0056096602201845,0.9999825765048851,1.0056096602201847,2.00984171471688,1.2690132428729562e-05,2.5251728715084368e-05,0.011971110012382269,0.0044901600340381265,,nan,nan,nan,nan,nan,nan,nan,nan,7,7,7,7,7,0,0,0,14,14,0,1,False,False,2.0,0,nan,nan,nan,nan,0.16209626917406456,1.7830589609147085,0.1620962691740644,1.7830589609147083,11.0,0.9999999999999993,1.0000000000000016,6.169173449181403,7.789114716751506e-05,10.0,10,logcosh,1.0,stepsize_pilot
manuscript-pilot,D,pilot_logcosh_d10_k10_rho1_fr-kl,FR--KL,2500492809,8,1.121667899851164,5.952532373655113,2.396379374935975e-06,nan,2.9012775098562962e-06,7.91860524650742e-05,0.0034052642840808247,0.999990475257142,1.003131637732566,0.9999904752571418,1.0031316377325665,2.0054583131511285,3.9774533659494026e-06,7.932054419921616e-06,0.013522869965527207,0.005109440069645643,,nan,nan,nan,nan,nan,nan,nan,nan,8,8,8,8,8,0,0,0,16,16,0,1,False,False,2.0,0,nan,nan,nan,nan,0.16209626917406456,1.7830589609147085,0.1620962691740644,1.7830589609147083,11.0,0.9999999999999993,1.0000000000000016,6.169173449181403,2.4467109762421216e-05,10.0,10,logcosh,1.0,stepsize_pilot
manuscript-pilot,D,pilot_logcosh_d10_k10_rho1_fr-kl,FR--KL,2500492809,9,1.121667899851164,5.952530733289222,7.560134838158206e-07,nan,9.168474747225977e-07,4.389717574052993e-05,0.001913752753279383,0.9999947929424889,1.0017497849537673,0.999994792942488,1.0017497849537678,2.0030253126417326,1.251641774146954e-06,2.499150653455861e-06,0.015137740003410727,0.005750580050516874,,nan,nan,nan,nan,nan,nan,nan,nan,9,9,9,9,9,0,0,0,18,18,0,1,False,False,2.0,0,nan,nan,nan,nan,0.16209626917406456,1.7830589609147085,0.1620962691740644,1.7830589609147083,11.0,0.9999999999999993,1.0000000000000016,6.169173449181403,7.708846928402126e-06,10.0,10,logcosh,1.0,stepsize_pilot
manuscript-pilot,D,pilot_logcosh_d10_k10_rho1_fr-kl,FR--KL,2500492809,10,1.121667899851164,5.95253021661713,2.3934139203873883e-07,nan,2.9084331074202513e-07,2.435864466778298e-05,0.0010777225765978816,0.9999971534044969,1.0009781644863895,0.9999971534044967,1.00097816448639,2.0016749314881856,3.952927390175623e-07,7.898207575527806e-07,0.016687029972672462,0.0063594000530429184,,nan,nan,nan,nan,nan,nan,nan,nan,10,10,10,10,10,0,0,0,20,20,0,1,False,False,2.0,0,nan,nan,nan,nan,0.16209626917406456,1.7830589609147085,0.1620962691740644,1.7830589609147083,11.0,0.9999999999999993,1.0000000000000016,6.169173449181403,2.4362706235534786e-06,10.0,10,logcosh,1.0,stepsize_pilot
manuscript-pilot,D,pilot_logcosh_d10_k10_rho1_fr-kl,FR--KL,2500492809,11,1.121667899851164,5.95253005331647,7.60407319333467e-08,nan,9.26181219497211e-08,1.357334250911585e-05,0.0006081292035827917,0.9999984438198102,1.000546963130569,0.99999844381981,1.00054696313057,2.00092604120226,1.252783905520258e-07,2.50410061837195e-07,0.01824931998271495,0.006987360073253512,,nan,nan,nan,nan,nan,nan,nan,nan,11,11,11,11,11,0,0,0,22,22,0,1,False,False,2.0,0,nan,nan,nan,nan,0.16209626917406456,1.7830589609147085,0.1620962691740644,1.7830589609147083,11.0,0.9999999999999993,1.0000000000000016,6.169173449181403,7.724115524469485e-07,10.0,10,logcosh,1.0,stepsize_pilot
manuscript-pilot,D,pilot_logcosh_d10_k10_rho1_fr-kl,FR--KL,2500492809,12,1.121667899851164,5.952530001525251,2.4249513508323162e-08,nan,2.9613956720591914e-08,7.591471877421841e-06,0.0003438610143810339,0.9999991492664848,1.0003058939272713,0.9999991492664841,1.0003058939272718,2.0005112514841183,3.9846926659379576e-08,7.966418389979033e-08,0.019803219998721033,0.0076037400285713375,,nan,nan,nan,nan,nan,nan,nan,nan,12,12,12,12,12,0,0,0,24,24,0,1,False,False,2.0,0,nan,nan,nan,nan,0.16209626917406456,1.7830589609147085,0.1620962691740644,1.7830589609147083,11.0,0.9999999999999993,1.0000000000000016,6.169173449181403,2.4573108408264557e-07,10.0,10,logcosh,1.0,stepsize_pilot
manuscript-pilot,D,pilot_logcosh_d10_k10_rho1_fr-kl,FR--KL,2500492809,13,1.121667899851164,5.952529985040359,7.764620946204559e-09,nan,9.510424342851394e-09,4.263230462431248e-06,0.00019486316100901808,0.9999995349205564,1.000171088528134,0.9999995349205559,1.0001710885281343,2.0002818622045337,1.2722570656441615e-08,2.5438701592416522e-08,0.021359469974413514,0.0082258700276725,,nan,nan,nan,nan,nan,nan,nan,nan,13,13,13,13,13,0,0,0,26,26,0,1,False,False,2.0,0,nan,nan,nan,nan,0.16209626917406456,1.7830589609147085,0.1620962691740644,1.7830589609147083,11.0,0.9999999999999993,1.0000000000000016,6.169173449181403,7.846788122279234e-08,10.0,10,logcosh,1.0,stepsize_pilot
manuscript-pilot,D,pilot_logcosh_d10_k10_rho1_fr-kl,FR--KL,2500492809,14,1.121667899851164,5.952529979772995,2.4972575118908935e-09,nan,3.068883664769209e-09,2.4044642756487837e-06,0.0001106926941005316,0.9999997457501713,1.0000956955525655,0.999999745750169,1.000095695552566,2.0001552131553457,4.079038686108859e-09,8.156557019193184e-09,0.022936519992072135,0.008875129977241158,,nan,nan,nan,nan,nan,nan,nan,nan,14,14,14,14,14,0,0,0,28,28,0,1,False,False,2.0,0,nan,nan,nan,nan,0.16209626917406456,1.7830589609147085,0.1620962691740644,1.7830589609147083,11.0,0.9999999999999993,1.0000000000000016,6.169173449181403,2.51596074997704e-08,10.0,10,logcosh,1.0,stepsize_pilot
manuscript-pilot,D,pilot_logcosh_d10_k10_rho1_fr-kl,FR--KL,2500492809,15,1.121667899851164,5.952529978082828,8.070903945167629e-10,nan,9.9548866283927e-10,1.3623256548011275e-06,6.304457247626656e-05,0.9999998610066048,1.000053527168122,0.9999998610066041,1.0000535271681221,2.000085403358455,1.313760904614685e-09,2.6271303944112732e-09,0.024493650009389967,0.009498929954133928,,nan,nan,nan,nan,nan,nan,nan,nan,15,15,15,15,15,0,0,0,30,30,0,1,False,False,2.0,0,nan,nan,nan,nan,0.16209626917406456,1.7830589609147085,0.1620962691740644,1.7830589609147083,11.0,0.9999999999999993,1.0000000000000016,6.169173449181403,8.103611538369748e-09,10.0,10,logcosh,1.0,stepsize_pilot
manuscript-pilot,D,pilot_logcosh_d10_k10_rho1_fr-kl,FR--KL,2500492809,16,1.121667899851164,5.952529977537982,2.622444483790787e-10,nan,3.247857925382616e-10,7.756013964244791e-07,3.600993810917392e-05,0.9999999240150397,1.0000299407928281,0.999999924015039,1.0000299407928286,2.0000469817254434,4.2525229424545835e-10,8.503957196302488e-10,0.02605480997590348,0.010120689985342324,,nan,nan,nan,nan,nan,nan,nan,nan,16,16,16,16,16,0,0,0,32,32,0,1,False,False,2.0,0,nan,nan,nan,nan,0.16209626917406456,1.7830589609147085,0.1620962691740644,1.7830589609147083,11.0,0.9999999999999993,1.0000000000000016,6.169173449181403,2.6231193474202215e-09,10.0,10,logcosh,1.0,stepsize_pilot
manuscript-pilot,D,pilot_logcosh_d10_k10_rho1_fr-kl,FR--KL,2500492809,17,1.121667899851164,5.95252997736145,8.571188203632119e-11,nan,1.0662738743909649e-10,4.4381010176705673e-07,2.0632598214706617e-05,0.9999999584605143,1.000016747730723,0.9999999584605149,1.0000167477307231,2.0000258609983232,1.3840824582483957e-10,2.7678429500475216e-10,0.027587060001678765,0.010725520027335733,,nan,nan,nan,nan,nan,nan,nan,nan,17,17,17,17,17,0,0,0,34,34,0,1,False,False,2.0,0,nan,nan,nan,nan,0.16209626917406456,1.7830589609147085,0.1620962691740644,1.7830589609147083,11.0,0.9999999999999993,1.0000000000000016,6.169173449181403,8.53765161946855e-10,10.0,10,logcosh,1.0,stepsize_pilot
manuscript-pilot,D,pilot_logcosh_d10_k10_rho1_fr-kl,FR--KL,2500492809,18,1.121667899851164,5.952529977303931,2.8193447576541075e-11,nan,3.524325992369791e-11,2.5529836394901916e-07,1.186186731508152e-05,0.9999999772911805,1.0000093680819542,0.9999999772911796,1.0000093680819544,2.000014259067818,4.53195077340968e-11,9.062905347328765e-11,0.029153199982829392,0.011349240026902407,,nan,nan,nan,nan,nan,nan,nan,nan,18,18,18,18,18,0,0,0,36,36,0,1,False,False,2.0,0,nan,nan,nan,nan,0.16209626917406456,1.7830589609147085,0.1620962691740644,1.7830589609147083,11.0,0.9999999999999993,1.0000000000000016,6.169173449181403,2.7955317520592394e-10,10.0,10,logcosh,1.0,stepsize_pilot
manuscript-pilot,D,pilot_logcosh_d10_k10_rho1_fr-kl,FR--KL,2500492809,19,1.121667899851164,5.952529977285075,9.337419726307417e-12,nan,1.172710661707568e-11,1.4765914752473002e-07,6.8442400723042484e-06,0.9999999875855338,1.0000052401839616,0.9999999875855344,1.0000052401839619,2.0000078858326282,1.4936233422636275e-11,2.986928264145101e-11,0.03069817996583879,0.011957050068303943,,nan,nan,nan,nan,nan,nan,nan,nan,19,19,19,19,19,0,0,0,38,38,0,1,False,False,2.0,0,nan,nan,nan,nan,0.16209626917406456,1.7830589609147085,0.1620962691740644,1.7830589609147083,11.0,0.9999999999999993,1.0000000000000016,6.169173449181403,9.213439270886727e-11,10.0,10,logcosh,1.0,stepsize_pilot
manuscript-pilot,D,pilot_logcosh_d10_k10_rho1_fr-kl,FR--KL,2500492809,20,1.121667899851164,5.952529977278853,3.114841717888339e-12,nan,3.951775135451721e-12,8.587650181199043e-08,3.96428952520428e-06,0.9999999932132547,1.0000029311836096,0.9999999932132541,1.0000029311836098,2.0000043812207076,4.9573231393088335e-12,9.913603888022812e-12,0.03225653897970915,0.012579680071212351,,nan,nan,nan,nan,nan,nan,nan,nan,20,20,20,20,20,0,0,0,40,40,0,1,False,False,2.0,0,nan,nan,nan,nan,0.16209626917406456,1.7830589609147085,0.1620962691740644,1.7830589609147083,11.0,0.9999999999999993,1.0000000000000016,6.169173449181403,3.057937094584593e-11,10.0,10,logcosh,1.0,stepsize_pilot
manuscript-pilot,D,pilot_logcosh_d10_k10_rho1_fr-kl,FR--KL,2500492809,21,1.121667899851164,5.952529977276784,1.0462741784067475e-12,nan,1.3339017227739966e-12,5.0222222606221794e-08,2.3054341933772586e-06,0.99999999628982,1.000001639607402,0.9999999962898195,1.0000016396074023,2.0000024495059794,1.6576927545296757e-12,3.3150378711275523e-12,0.03381865896517411,0.013193970080465078,,nan,nan,nan,nan,nan,nan,nan,nan,21,21,21,21,21,0,0,0,42,42,0,1,False,False,2.0,0,nan,nan,nan,nan,0.16209626917406456,1.7830589609147085,0.1620962691740644,1.7830589609147083,11.0,0.9999999999999993,1.0000000000000016,6.169173449181403,1.022552180879547e-11,10.0,10,logcosh,1.0,stepsize_pilot
manuscript-pilot,D,pilot_logcosh_d10_k10_rho1_fr-kl,FR--KL,2500492809,22,1.121667899851164,5.952529977276092,3.5438318946034997e-13,nan,4.627249220352081e-13,2.9532080711372086e-08,1.3463138939720995e-06,0.9999999979717177,1.000000917142706,0.999999997971717,1.0000009171427062,2.0000013805357106,5.587077863365447e-13,1.117297843312919e-12,0.035383209004066885,0.013817360100802034,,nan,nan,nan,nan,nan,nan,nan,nan,22,22,22,22,22,0,0,0,44,44,0,1,False,False,2.0,0,nan,nan,nan,nan,0.16209626917406456,1.7830589609147085,0.1620962691740644,1.7830589609147083,11.0,0.9999999999999993,1.0000000000000016,6.169173449181403,3.4464020948968517e-12,10.0,10,logcosh,1.0,stepsize_pilot
manuscript-pilot,D,pilot_logcosh_d10_k10_rho1_fr-kl,FR--KL,2500492809,23,1.121667899851164,5.952529977275858,1.199040866595169e-13,nan,1.610650846298868e-13,1.7458254900308e-08,7.895528360863961e-07,0.9999999988911771,1.0000005130197365,0.9999999988911777,1.0000005130197367,2.000000785561887,1.8985657118050885e-13,3.796727375635007e-13,0.03693520900560543,0.014435640128795058,,nan,nan,nan,nan,nan,nan,nan,nan,23,23,23,23,23,0,0,0,46,46,0,1,False,False,2.0,0,nan,nan,nan,nan,0.16209626917406456,1.7830589609147085,0.1620962691740644,1.7830589609147083,11.0,0.9999999999999993,1.0000000000000016,6.169173449181403,1.1711334859773837e-12,10.0,10,logcosh,1.0,stepsize_pilot
manuscript-pilot,D,pilot_logcosh_d10_k10_rho1_fr-kl,FR--KL,2500492809,24,1.121667899851164,5.952529977275779,4.085620730620576e-14,nan,7.071778860093705e-14,1.0373246106070176e-08,4.650140841080925e-07,0.999999999393828,1.000000286966561,0.9999999993938277,1.0000002869665616,2.000000451854976,6.506060781114732e-14,1.3010718075678755e-13,0.0384770089876838,0.015061220154166222,,nan,nan,nan,nan,nan,nan,nan,nan,24,24,24,24,24,0,0,0,48,48,0,1,False,False,2.0,0,nan,nan,nan,nan,0.16209626917406456,1.7830589609147085,0.1620962691740644,1.7830589609147083,11.0,0.9999999999999993,1.0000000000000016,6.169173449181403,4.013268825363097e-13,10.0,10,logcosh,1.0,stepsize_pilot
manuscript-pilot,D,pilot_logcosh_d10_k10_rho1_fr-kl,FR--KL,2500492809,25,1.121667899851164,5.952529977275752,1.4210854715202004e-14,nan,2.3575082190766984e-14,6.193066180307294e-09,2.750317697922864e-07,0.9999999996686179,1.0000001605197757,0.9999999996686166,1.0000001605197764,2.000000262905659,2.248550967317271e-14,4.496609026535825e-14,0.0400201790034771,0.015683320118114352,,nan,nan,nan,nan,nan,nan,nan,nan,25,25,25,25,25,0,0,0,50,50,0,1,False,False,2.0,0,nan,nan,nan,nan,0.16209626917406456,1.7830589609147085,0.1620962691740644,1.7830589609147083,11.0,0.9999999999999993,1.0000000000000016,6.169173449181403,1.3870180508927124e-13,10.0,10,logcosh,1.0,stepsize_pilot
manuscript-pilot,D,pilot_logcosh_d10_k10_rho1_fr-kl,FR--KL,2500492809,26,1.121667899851164,5.952529977275742,4.440892098500626e-15,nan,3.12241705880913e-15,3.7138376187835215e-09,1.6333804062497462e-07,0.9999999998188397,1.0000000927982853,0.9999999998188389,1.0000000927982862,2.000000154744387,7.837301387559256e-15,1.567285339662808e-14,0.04155076900497079,0.0162936900742352,,nan,nan,nan,nan,nan,nan,nan,nan,26,26,26,26,26,0,0,0,52,52,0,1,False,False,2.0,0,nan,nan,nan,nan,0.16209626917406456,1.7830589609147085,0.1620962691740644,1.7830589609147083,11.0,0.9999999999999993,1.0000000000000016,6.169173449181403,4.834427552369526e-14,10.0,10,logcosh,1.0,stepsize_pilot
manuscript-pilot,D,pilot_logcosh_d10_k10_rho1_fr-kl,FR--KL,2500492809,27,1.121667899851164,5.95252997727574,1.7763568394002505e-15,nan,1.2439498261789188e-14,2.2361542852484e-09,9.73894825732024e-08,0.9999999999009628,1.0000000572752201,0.9999999999009624,1.00000005727522,2.0000000920907515,2.7545058330599475e-15,5.5083851822717494e-15,0.04308484896318987,0.01691302005201578,,nan,nan,nan,nan,nan,nan,nan,nan,27,27,27,27,27,0,0,0,54,54,0,1,False,False,2.0,0,nan,nan,nan,nan,0.16209626917406456,1.7830589609147085,0.1620962691740644,1.7830589609147083,11.0,0.9999999999999993,1.0000000000000016,6.169173449181403,1.6991091807167572e-14,10.0,10,logcosh,1.0,stepsize_pilot
manuscript-pilot,D,pilot_logcosh_d10_k10_rho1_fr-kl,FR--KL,2500492809,28,1.121667899851164,5.952529977275738,0.0,nan,0.0,1.3513626650393384e-09,5.8286769980452694e-08,0.9999999999458586,1.0000000353503393,0.9999999999458574,1.000000035350339,2.000000055355471,9.759317364611756e-16,1.9516372360225e-15,0.04461048898519948,0.017518560052849352,,nan,nan,nan,nan,nan,nan,nan,nan,28,28,28,28,28,0,0,0,56,56,0,1,False,False,2.0,0,nan,nan,nan,nan,0.16209626917406456,1.7830589609147085,0.1620962691740644,1.7830589609147083,11.0,0.9999999999999993,1.0000000000000016,6.169173449181403,6.0199943094518926e-15,10.0,10,logcosh,1.0,stepsize_pilot
manuscript-pilot,D,pilot_logcosh_d10_k10_rho1_fr-kl,FR--KL,2500492809,29,1.121667899851164,5.952529977275738,0.0,nan,2.1761042599323995e-14,8.193391672126302e-10,3.5007343673869526e-08,0.999999999970401,1.0000000218182747,0.9999999999704011,1.0000000218182745,2.0000000335631447,3.484470716850369e-16,6.968119296477566e-16,0.04615066898986697,0.018138720013666898,,nan,nan,nan,nan,nan,nan,nan,nan,29,29,29,29,29,0,0,0,58,58,0,1,False,False,2.0,0,nan,nan,nan,nan,0.16209626917406456,1.7830589609147085,0.1620962691740644,1.7830589609147083,11.0,0.9999999999999993,1.0000000000000016,6.169173449181403,2.1493768277279e-15,10.0,10,logcosh,1.0,stepsize_pilot
manuscript-pilot,D,pilot_logcosh_d10_k10_rho1_fr-kl,FR--KL,2500492809,30,1.121667899851164,5.952529977275739,8.881784197001252e-16,nan,9.326121621502402e-15,4.982114521843806e-10,2.1094417123475534e-08,0.999999999983819,1.000000013466267,0.9999999999838187,1.0000000134662672,2.0000000204961315,1.253158366381018e-16,2.5060142596380453e-16,0.047705809003673494,0.018752000003587455,,nan,nan,nan,nan,nan,nan,nan,nan,30,30,30,30,30,0,0,0,60,60,0,1,False,False,2.0,0,nan,nan,nan,nan,0.16209626917406456,1.7830589609147085,0.1620962691740644,1.7830589609147083,11.0,0.9999999999999993,1.0000000000000016,6.169173449181403,7.73001831691451e-16,10.0,10,logcosh,1.0,stepsize_pilot
manuscript-pilot,D,pilot_logcosh_d10_k10_rho1_fr-kl,FR--KL,2500492809,31,1.121667899851164,5.952529977275738,0.0,nan,1.3322768539206876e-14,3.0371648786125276e-10,1.2749046953316364e-08,0.9999999999911534,1.0000000083113978,0.9999999999911535,1.0000000083113976,2.000000012587583,4.5374569292863206e-17,9.073801759962636e-17,0.04927543899975717,0.019389549968764186,,nan,nan,nan,nan,nan,nan,nan,nan,31,31,31,31,31,0,0,0,62,62,0,1,False,False,2.0,0,nan,nan,nan,nan,0.16209626917406456,1.7830589609147085,0.1620962691740644,1.7830589609147083,11.0,0.9999999999999993,1.0000000000000016,6.169173449181403,2.798892845034849e-16,10.0,10,logcosh,1.0,stepsize_pilot
manuscript-pilot,D,pilot_logcosh_d10_k10_rho1_fr-kl,FR--KL,2500492809,32,1.121667899851164,5.952529977275737,-8.881784197001252e-16,nan,1.287862151856342e-14,1.8556107243762065e-10,7.726294848199694e-09,0.9999999999951638,1.0000000051298052,0.9999999999951631,1.0000000051298052,2.000000007763942,1.6532203263017207e-17,3.306023534096617e-17,0.05080261896364391,0.019992589950561523,,nan,nan,nan,nan,nan,nan,nan,nan,32,32,32,32,32,0,0,0,64,64,0,1,False,False,2.0,0,nan,nan,nan,nan,0.16209626917406456,1.7830589609147085,0.1620962691740644,1.7830589609147083,11.0,0.9999999999999993,1.0000000000000016,6.169173449181403,1.019771630445886e-16,10.0,10,logcosh,1.0,stepsize_pilot
manuscript-pilot,D,pilot_logcosh_d10_k10_rho1_fr-kl,FR--KL,2500492809,33,1.121667899851164,5.952529977275737,-8.881784197001252e-16,nan,0.0,1.1359058601539822e-10,4.693882254536494e-09,0.9999999999973561,1.0000000031661225,0.9999999999973556,1.0000000031661231,2.0000000048037743,6.057983875170259e-18,1.2114425076713652e-17,0.0523366589914076,0.020608989929314703,,nan,nan,nan,nan,nan,nan,nan,nan,33,33,33,33,33,0,0,0,66,66,0,1,False,False,2.0,0,nan,nan,nan,nan,0.16209626917406456,1.7830589609147085,0.1620962691740644,1.7830589609147083,11.0,0.9999999999999993,1.0000000000000016,6.169173449181403,3.736799476767962e-17,10.0,10,logcosh,1.0,stepsize_pilot
manuscript-pilot,D,pilot_logcosh_d10_k10_rho1_fr-kl,FR--KL,2500492809,34,1.121667899851164,5.952529977275738,0.0,nan,6.217253789045285e-15,6.965015727572553e-11,2.8579163362307967e-09,0.9999999999985538,1.0000000019541337,0.9999999999985539,1.0000000019541344,2.000000002978704,2.231414940366703e-18,4.4622598883931e-18,0.05386954901041463,0.0212170499144122,,nan,nan,nan,nan,nan,nan,nan,nan,34,34,34,34,34,0,0,0,68,68,0,1,False,False,2.0,0,nan,nan,nan,nan,0.16209626917406456,1.7830589609147085,0.1620962691740644,1.7830589609147083,11.0,0.9999999999999993,1.0000000000000016,6.169173449181403,1.3764227613410943e-17,10.0,10,logcosh,1.0,stepsize_pilot
manuscript-pilot,D,pilot_logcosh_d10_k10_rho1_fr-kl,FR--KL,2500492809,35,1.121667899851164,5.952529977275738,0.0,nan,6.217250767080485e-15,4.2768909364256397e-11,1.7434905452860835e-09,0.99999999999921,1.0000000012060946,0.9999999999992081,1.000000001206094,2.0000000018496604,8.258041251174797e-19,1.6513944525237281e-18,0.05541848897701129,0.021837609878275543,,nan,nan,nan,nan,nan,nan,nan,nan,35,35,35,35,35,0,0,0,70,70,0,1,False,False,2.0,0,nan,nan,nan,nan,0.16209626917406456,1.7830589609147085,0.1620962691740644,1.7830589609147083,11.0,0.9999999999999993,1.0000000000000016,6.169173449181403,5.093869405317422e-18,10.0,10,logcosh,1.0,stepsize_pilot
manuscript-pilot,D,pilot_logcosh_d10_k10_rho1_fr-kl,FR--KL,2500492809,36,1.121667899851164,5.952529977275737,-8.881784197001252e-16,nan,1.3322676986927651e-14,2.6294976192974336e-11,1.0654841283886188e-09,0.9999999999995673,1.0000000007444023,0.999999999999567,1.0000000007444023,2.000000001149561,3.0692455847517603e-19,6.137636882248208e-19,0.0569543190067634,0.022452869918197393,,nan,nan,nan,nan,nan,nan,nan,nan,36,36,36,36,36,0,0,0,72,72,0,1,False,False,2.0,0,nan,nan,nan,nan,0.16209626917406456,1.7830589609147085,0.1620962691740644,1.7830589609147083,11.0,0.9999999999999993,1.0000000000000016,6.169173449181403,1.8932073247341087e-18,10.0,10,logcosh,1.0,stepsize_pilot
manuscript-pilot,D,pilot_logcosh_d10_k10_rho1_fr-kl,FR--KL,2500492809,37,1.121667899851164,5.952529977275738,0.0,nan,1.6431301026374682e-14,1.6184015758689415e-11,6.52146426240011e-10,0.9999999999997639,1.0000000004594471,0.9999999999997625,1.000000000459446,2.00000000071478,1.1451951329678227e-19,2.290055348687e-19,0.05849445896456018,0.023082149913534522,,nan,nan,nan,nan,nan,nan,nan,nan,37,37,37,37,37,0,0,0,74,74,0,1,False,False,2.0,0,nan,nan,nan,nan,0.16209626917406456,1.7830589609147085,0.1620962691740644,1.7830589609147083,11.0,0.9999999999999993,1.0000000000000016,6.169173449181403,7.063874327137851e-19,10.0,10,logcosh,1.0,stepsize_pilot
manuscript-pilot,D,pilot_logcosh_d10_k10_rho1_fr-kl,FR--KL,2500492809,38,1.121667899851164,5.952529977275738,0.0,nan,9.940468558896977e-23,9.970189847187956e-12,3.9970179988868194e-10,0.9999999999998698,1.0000000002835703,0.9999999999998684,1.0000000002835707,2.00000000044452,4.2884191579065836e-20,8.575614244239162e-20,0.06003246898762882,0.023701579950284213,,nan,nan,nan,nan,nan,nan,nan,nan,38,38,38,38,38,0,0,0,76,76,0,1,False,False,2.0,0,nan,nan,nan,nan,0.16209626917406456,1.7830589609147085,0.1620962691740644,1.7830589609147083,11.0,0.9999999999999993,1.0000000000000016,6.169173449181403,2.645222585299104e-19,10.0,10,logcosh,1.0,stepsize_pilot
manuscript-pilot,D,pilot_logcosh_d10_k10_rho1_fr-kl,FR--KL,2500492809,39,1.121667899851164,5.952529977275739,8.881784197001252e-16,nan,3.778781232827386e-23,6.147179217191726e-12,2.4527384959759655e-10,0.9999999999999288,1.0000000001750204,0.9999999999999277,1.0000000001750198,2.0000000002764446,1.6114924611415275e-20,3.222513924244051e-20,0.061558218963909894,0.02430953993462026,,nan,nan,nan,nan,nan,nan,nan,nan,39,39,39,39,39,0,0,0,78,78,0,1,False,False,2.0,0,nan,nan,nan,nan,0.16209626917406456,1.7830589609147085,0.1620962691740644,1.7830589609147083,11.0,0.9999999999999993,1.0000000000000016,6.169173449181403,9.940123670531885e-20,10.0,10,logcosh,1.0,stepsize_pilot
manuscript-pilot,D,pilot_logcosh_d10_k10_rho1_fr-kl,FR--KL,2500492809,40,1.121667899851164,5.952529977275738,0.0,nan,3.1086244833350736e-15,3.7927081760015e-12,1.5067102351960403e-10,0.9999999999999609,1.000000000108023,0.9999999999999599,1.0000000001080227,2.0000000001719003,6.076638450928626e-21,1.2151993385285695e-20,0.0631002290174365,0.024927109945565462,,nan,nan,nan,nan,nan,nan,nan,nan,40,40,40,40,40,0,0,0,80,80,0,1,False,False,2.0,0,nan,nan,nan,nan,0.16209626917406456,1.7830589609147085,0.1620962691740644,1.7830589609147083,11.0,0.9999999999999993,1.0000000000000016,6.169173449181403,3.7483877473566275e-20,10.0,10,logcosh,1.0,stepsize_pilot
manuscript-pilot,D,pilot_logcosh_d10_k10_rho1_fr-kl,FR--KL,2500492809,41,1.121667899851164,5.952529977275739,8.881784197001252e-16,nan,0.0,2.3414734391262525e-12,9.26442356997246e-11,0.9999999999999784,1.0000000000666711,0.9999999999999777,1.0000000000666716,2.0000000001068736,2.3002798707266794e-21,4.59989541832221e-21,0.06462336896220222,0.02553477993933484,,nan,nan,nan,nan,nan,nan,nan,nan,41,41,41,41,41,0,0,0,82,82,0,1,False,False,2.0,0,nan,nan,nan,nan,0.16209626917406456,1.7830589609147085,0.1620962691740644,1.7830589609147083,11.0,0.9999999999999993,1.0000000000000016,6.169173449181403,1.418877634186228e-20,10.0,10,logcosh,1.0,stepsize_pilot
manuscript-pilot,D,pilot_logcosh_d10_k10_rho1_fr-kl,FR--KL,2500492809,42,1.121667899851164,5.952529977275738,0.0,nan,0.0,1.4464065045239098e-12,5.701259524054339e-11,0.9999999999999872,1.0000000000411498,0.9999999999999879,1.0000000000411493,2.0000000000664326,8.74675925238418e-22,1.7490053705829626e-21,0.06615668797167018,0.02615482994588092,,nan,nan,nan,nan,nan,nan,nan,nan,42,42,42,42,42,0,0,0,84,84,0,1,False,False,2.0,0,nan,nan,nan,nan,0.16209626917406456,1.7830589609147085,0.1620962691740644,1.7830589609147083,11.0,0.9999999999999993,1.0000000000000016,6.169173449181403,5.394958747338047e-21,10.0,10,logcosh,1.0,stepsize_pilot
manuscript-pilot,D,pilot_logcosh_d10_k10_rho1_fr-kl,FR--KL,2500492809,43,1.121667899851164,5.952529977275737,-8.881784197001252e-16,nan,3.552713679599572e-15,8.939078510523787e-13,3.511102467392595e-11,0.9999999999999937,1.0000000000253972,0.9999999999999928,1.000000000025398,2.0000000000412865,3.3438471723392866e-22,6.688432868727359e-22,0.06768367800395936,0.026764619920868427,,nan,nan,nan,nan,nan,nan,nan,nan,43,43,43,43,43,0,0,0,86,86,0,1,False,False,2.0,0,nan,nan,nan,nan,0.16209626917406456,1.7830589609147085,0.1620962691740644,1.7830589609147083,11.0,0.9999999999999993,1.0000000000000016,6.169173449181403,2.062877319371597e-21,10.0,10,logcosh,1.0,stepsize_pilot
manuscript-pilot,D,pilot_logcosh_d10_k10_rho1_fr-kl,FR--KL,2500492809,44,1.121667899851164,5.952529977275738,0.0,nan,9.325873407156721e-15,5.52635719444134e-13,2.1637569055218524e-11,0.9999999999999966,1.000000000015675,0.9999999999999948,1.000000000015675,2.000000000025655,1.289236075766549e-22,2.5782492226313887e-22,0.06923230801476166,0.027386739966459572,,nan,nan,nan,nan,nan,nan,nan,nan,44,44,44,44,44,0,0,0,88,88,0,1,False,False,2.0,0,nan,nan,nan,nan,0.16209626917406456,1.7830589609147085,0.1620962691740644,1.7830589609147083,11.0,0.9999999999999993,1.0000000000000016,6.169173449181403,7.952833324815078e-22,10.0,10,logcosh,1.0,stepsize_pilot
manuscript-pilot,D,pilot_logcosh_d10_k10_rho1_fr-kl,FR--KL,2500492809,45,1.121667899851164,5.952529977275739,8.881784197001252e-16,nan,8.43769498726807e-15,3.418789497151845e-13,1.3342368199183611e-11,0.9999999999999967,1.0000000000096747,0.9999999999999968,1.000000000009674,2.000000000015939,5.0288411335606905e-23,1.0056890018131802e-22,0.07075220800470561,0.02798443997744471,,nan,nan,nan,nan,nan,nan,nan,nan,45,45,45,45,45,0,0,0,90,90,0,1,False,False,2.0,0,nan,nan,nan,nan,0.16209626917406456,1.7830589609147085,0.1620962691740644,1.7830589609147083,11.0,0.9999999999999993,1.0000000000000016,6.169173449181403,3.10213494405981e-22,10.0,10,logcosh,1.0,stepsize_pilot
manuscript-pilot,D,pilot_logcosh_d10_k10_rho1_fr-kl,FR--KL,2500492809,46,1.121667899851164,5.952529977275738,0.0,nan,0.0,2.1161237336027554e-13,8.231343596277164e-12,0.9999999999999993,1.0000000000059708,0.9999999999999969,1.0000000000059706,2.0000000000099023,1.9964217120083944e-23,3.993148285305062e-23,0.07228073797887191,0.02859363000607118,,nan,nan,nan,nan,nan,nan,nan,nan,46,46,46,46,46,0,0,0,92,92,0,1,False,False,2.0,0,nan,nan,nan,nan,0.16209626917406456,1.7830589609147085,0.1620962691740644,1.7830589609147083,11.0,0.9999999999999993,1.0000000000000016,6.169173449181403,1.2316271819091476e-22,10.0,10,logcosh,1.0,stepsize_pilot
manuscript-pilot,D,pilot_logcosh_d10_k10_rho1_fr-kl,FR--KL,2500492809,47,1.121667899851164,5.952529977275738,0.0,nan,0.0,1.3105318078871367e-13,5.080601112340896e-12,0.9999999999999988,1.000000000003685,0.999999999999998,1.0000000000036857,2.00000000000615,8.148070184894912e-24,1.6310915244889777e-23,0.07380748796276748,0.029198440024629235,,nan,nan,nan,nan,nan,nan,nan,nan,47,47,47,47,47,0,0,0,94,94,0,1,False,False,2.0,0,nan,nan,nan,nan,0.16209626917406456,1.7830589609147085,0.1620962691740644,1.7830589609147083,11.0,0.9999999999999993,1.0000000000000016,6.169173449181403,5.026685824672036e-23,10.0,10,logcosh,1.0,stepsize_pilot
manuscript-pilot,D,pilot_logcosh_d10_k10_rho1_fr-kl,FR--KL,2500492809,48,1.121667899851164,5.952529977275739,8.881784197001252e-16,nan,1.7763568394068296e-15,8.111127508375302e-14,3.1370416052048275e-12,0.999999999999999,1.0000000000022744,0.9999999999999987,1.0000000000022742,2.00000000000382,3.477801407040241e-24,6.964521492916199e-24,0.07533307798439637,0.02980693004792556,,nan,nan,nan,nan,nan,nan,nan,nan,48,48,48,48,48,0,0,0,96,96,0,1,False,False,2.0,0,nan,nan,nan,nan,0.16209626917406456,1.7830589609147085,0.1620962691740644,1.7830589609147083,11.0,0.9999999999999993,1.0000000000000016,6.169173449181403,2.14551601018384e-23,10.0,10,logcosh,1.0,stepsize_pilot
manuscript-pilot,D,pilot_logcosh_d10_k10_rho1_fr-kl,FR--KL,2500492809,49,1.121667899851164,5.952529977275737,-8.881784197001252e-16,nan,4.884981308353229e-15,5.039927053313348e-14,1.937779428501935e-12,0.9999999999999994,1.000000000001404,0.9999999999999983,1.0000000000014038,2.0000000000023728,1.5980798491970902e-24,3.1847485682515118e-24,0.07685241801664233,0.030411220039241016,,nan,nan,nan,nan,nan,nan,nan,nan,49,49,49,49,49,0,0,0,98,98,0,1,False,False,2.0,0,nan,nan,nan,nan,0.16209626917406456,1.7830589609147085,0.1620962691740644,1.7830589609147083,11.0,0.9999999999999993,1.0000000000000016,6.169173449181403,9.823633154787857e-24,10.0,10,logcosh,1.0,stepsize_pilot
manuscript-pilot,D,pilot_logcosh_d10_k10_rho1_fr-kl,FR--KL,2500492809,50,1.121667899851164,5.952529977275739,8.881784197001252e-16,nan,3.108624468951417e-15,3.128287096742999e-14,1.197190312103631e-12,0.999999999999999,1.0000000000008664,0.9999999999999983,1.0000000000008662,2.0000000000014744,8.027648076480777e-25,1.6067439672857858e-24,0.07838511798763648,0.031025200034491718,,nan,nan,nan,nan,nan,nan,nan,nan,50,50,50,50,50,0,0,0,100,100,0,1,False,False,2.0,0,nan,nan,nan,nan,0.16209626917406456,1.7830589609147085,0.1620962691740644,1.7830589609147083,11.0,0.9999999999999993,1.0000000000000016,6.169173449181403,4.952395337279742e-24,10.0,10,logcosh,1.0,stepsize_pilot
manuscript-pilot,D,pilot_logcosh_d10_k10_rho1_fr-kl,FR--KL,2500492809,51,1.121667899851164,5.952529977275739,8.881784197001252e-16,nan,9.32587340685169e-15,1.938108591265555e-14,7.396909700857088e-13,0.9999999999999981,1.0000000000005342,0.9999999999999978,1.0000000000005342,2.000000000000916,4.608284100038271e-25,9.224998129911583e-25,0.07990973797859624,0.03163415001472458,,nan,nan,nan,nan,nan,nan,nan,nan,51,51,51,51,51,0,0,0,102,102,0,1,False,False,2.0,0,nan,nan,nan,nan,0.16209626917406456,1.7830589609147085,0.1620962691740644,1.7830589609147083,11.0,0.9999999999999993,1.0000000000000016,6.169173449181403,2.8429303916240973e-24,10.0,10,logcosh,1.0,stepsize_pilot
manuscript-pilot,D,pilot_logcosh_d10_k10_rho1_fr-kl,FR--KL,2500492809,52,1.121667899851164,5.952529977275738,0.0,nan,1.0214051826551587e-14,1.2097588900902077e-14,4.574298724661499e-13,0.9999999999999919,1.00000000000033,0.999999999999992,1.0000000000003297,2.0000000000005684,3.0455553389960445e-25,6.109231782426017e-25,0.08145727799274027,0.03226786002051085,,nan,nan,nan,nan,nan,nan,nan,nan,52,52,52,52,52,0,0,0,104,104,0,1,False,False,2.0,0,nan,nan,nan,nan,0.16209626917406456,1.7830589609147085,0.1620962691740644,1.7830589609147083,11.0,0.9999999999999993,1.0000000000000016,6.169173449181403,1.878855913534722e-24,10.0,10,logcosh,1.0,stepsize_pilot
manuscript-pilot,D,pilot_logcosh_d10_k10_rho1_fr-kl,FR--KL,2500492809,53,1.121667899851164,5.952529977275737,-8.881784197001252e-16,nan,7.549516567451123e-15,7.594815116143964e-15,2.830019144455932e-13,0.9999999999999887,1.0000000000002027,0.9999999999999885,1.0000000000002032,2.000000000000354,2.30347570847856e-25,4.602958438028198e-25,0.08299920801073313,0.032894189993385226,,nan,nan,nan,nan,nan,nan,nan,nan,53,53,53,53,53,0,0,0,106,106,0,1,False,False,2.0,0,nan,nan,nan,nan,0.16209626917406456,1.7830589609147085,0.1620962691740644,1.7830589609147083,11.0,0.9999999999999993,1.0000000000000016,6.169173449181403,1.419822449178453e-24,10.0,10,logcosh,1.0,stepsize_pilot
manuscript-pilot,D,pilot_logcosh_d10_k10_rho1_fr-kl,FR--KL,2500492809,54,1.121667899851164,5.952529977275738,0.0,nan,1.0214051826551464e-14,4.785789885262927e-15,1.753040592323521e-13,0.9999999999999868,1.0000000000001252,0.9999999999999867,1.0000000000001252,2.0000000000002185,1.9100584338209797e-25,3.8393526755475957e-25,0.08451049798168242,0.033496999996714294,,nan,nan,nan,nan,nan,nan,nan,nan,54,54,54,54,54,0,0,0,108,108,0,1,False,False,2.0,0,nan,nan,nan,nan,0.16209626917406456,1.7830589609147085,0.1620962691740644,1.7830589609147083,11.0,0.9999999999999993,1.0000000000000016,6.169173449181403,1.1783481776313558e-24,10.0,10,logcosh,1.0,stepsize_pilot
manuscript-pilot,D,pilot_logcosh_d10_k10_rho1_fr-kl,FR--KL,2500492809,55,1.121667899851164,5.952529977275738,0.0,nan,6.217248937900886e-15,3.060626465285801e-15,1.088891792389374e-13,0.9999999999999853,1.0000000000000775,0.999999999999986,1.0000000000000775,2.0000000000001337,1.7089650639488303e-25,3.4273523575121227e-25,0.08602744800737128,0.034108440042473376,,nan,nan,nan,nan,nan,nan,nan,nan,55,55,55,55,55,0,0,0,110,110,0,1,False,False,2.0,0,nan,nan,nan,nan,0.16209626917406456,1.7830589609147085,0.1620962691740644,1.7830589609147083,11.0,0.9999999999999993,1.0000000000000016,6.169173449181403,1.054290189809188e-24,10.0,10,logcosh,1.0,stepsize_pilot
manuscript-pilot,D,pilot_logcosh_d10_k10_rho1_fr-kl,FR--KL,2500492809,56,1.121667899851164,5.952529977275738,0.0,nan,5.773159728050818e-15,1.9753070067286556e-15,6.817418593235408e-14,0.9999999999999851,1.0000000000000466,0.9999999999999847,1.0000000000000473,2.000000000000079,1.6101903407181085e-25,3.1968977641796616e-25,0.08754253800725564,0.03470767004182562,,nan,nan,nan,nan,nan,nan,nan,nan,56,56,56,56,56,0,0,0,112,112,0,1,False,False,2.0,0,nan,nan,nan,nan,0.16209626917406456,1.7830589609147085,0.1620962691740644,1.7830589609147083,11.0,0.9999999999999993,1.0000000000000016,6.169173449181403,9.86110840326228e-25,10.0,10,logcosh,1.0,stepsize_pilot
manuscript-pilot,D,pilot_logcosh_d10_k10_rho1_fr-kl,FR--KL,2500492809,57,1.121667899851164,5.952529977275738,0.0,nan,0.0,1.25430944011832e-15,4.382923852836442e-14,0.9999999999999847,1.0000000000000293,0.9999999999999847,1.0000000000000289,2.0000000000000413,1.5350019916832705e-25,3.068144665593495e-25,0.0890644479659386,0.0353214000351727,,nan,nan,nan,nan,nan,nan,nan,nan,57,57,57,57,57,0,0,0,114,114,0,1,False,False,2.0,0,nan,nan,nan,nan,0.16209626917406456,1.7830589609147085,0.1620962691740644,1.7830589609147083,11.0,0.9999999999999993,1.0000000000000016,6.169173449181403,9.463958304613473e-25,10.0,10,logcosh,1.0,stepsize_pilot
manuscript-pilot,D,pilot_logcosh_d10_k10_rho1_fr-kl,FR--KL,2500492809,58,1.121667899851164,5.952529977275739,8.881784197001252e-16,nan,5.329070518200752e-15,9.573662102528403e-16,2.970725880523672e-14,0.9999999999999843,1.0000000000000178,0.9999999999999848,1.0000000000000175,2.000000000000014,1.5120345863794295e-25,2.988833165819439e-25,0.09057265799492598,0.03591763001168147,,nan,nan,nan,nan,nan,nan,nan,nan,58,58,58,58,58,0,0,0,116,116,0,1,False,False,2.0,0,nan,nan,nan,nan,0.16209626917406456,1.7830589609147085,0.1620962691740644,1.7830589609147083,11.0,0.9999999999999993,1.0000000000000016,6.169173449181403,9.219315105303042e-25,10.0,10,logcosh,1.0,stepsize_pilot
manuscript-pilot,D,pilot_logcosh_d10_k10_rho1_fr-kl,FR--KL,2500492809,59,1.121667899851164,5.952529977275737,-8.881784197001252e-16,nan,1.1546319456101628e-14,7.130536482749599e-16,2.235590180321128e-14,0.9999999999999845,1.0000000000000107,0.9999999999999842,1.000000000000011,1.9999999999999942,1.4651612373819688e-25,2.9484715184221703e-25,0.09211417799815536,0.036545060051139444,,nan,nan,nan,nan,nan,nan,nan,nan,59,59,59,59,59,0,0,0,118,118,0,1,False,False,2.0,0,nan,nan,nan,nan,0.16209626917406456,1.7830589609147085,0.1620962691740644,1.7830589609147083,11.0,0.9999999999999993,1.0000000000000016,6.169173449181403,9.038833804426754e-25,10.0,10,logcosh,1.0,stepsize_pilot
manuscript-pilot,D,pilot_logcosh_d10_k10_rho1_fr-kl,FR--KL,2500492809,60,1.121667899851164,5.952529977275736,-1.7763568394002505e-15,nan,1.199040866595169e-14,5.558915897699227e-16,1.8842777868691985e-14,0.9999999999999846,1.0000000000000073,0.9999999999999841,1.0000000000000067,1.9999999999999802,1.476761583464974e-25,2.918245086255021e-25,0.0936281579779461,0.03714510006830096,,nan,nan,nan,nan,nan,nan,nan,nan,60,60,60,60,60,0,0,0,120,120,0,1,False,False,2.0,0,nan,nan,nan,nan,0.16209626917406456,1.7830589609147085,0.1620962691740644,1.7830589609147083,11.0,0.9999999999999993,1.0000000000000016,6.169173449181403,9.001580052164285e-25,10.0,10,logcosh,1.0,stepsize_pilot
manuscript-pilot,D,pilot_logcosh_d10_k10_rho1_fr-kl,FR--KL,2500492809,61,1.121667899851164,5.952529977275739,8.881784197001252e-16,nan,1.1546319456101628e-14,5.038229517104572e-16,1.7398285182612546e-14,0.9999999999999839,1.0000000000000047,0.9999999999999843,1.0000000000000044,1.9999999999999736,1.4514780456084673e-25,2.904400034167863e-25,0.09516013797838241,0.03775838005822152,,nan,nan,nan,nan,nan,nan,nan,nan,61,61,61,61,61,0,0,0,122,122,0,1,False,False,2.0,0,nan,nan,nan,nan,0.16209626917406456,1.7830589609147085,0.1620962691740644,1.7830589609147083,11.0,0.9999999999999993,1.0000000000000016,6.169173449181403,8.954419821037614e-25,10.0,10,logcosh,1.0,stepsize_pilot
manuscript-pilot,D,pilot_logcosh_d10_k10_rho1_fr-kl,FR--KL,2500492809,62,1.121667899851164,5.952529977275738,0.0,nan,0.0,4.877010848171486e-16,1.6690264768452495e-14,0.999999999999984,1.0000000000000027,0.9999999999999845,1.000000000000003,1.9999999999999714,1.4341405329621562e-25,2.8922266183314086e-25,0.09668079798575491,0.03835389006417245,,nan,nan,nan,nan,nan,nan,nan,nan,62,62,62,62,62,0,0,0,124,124,0,1,False,False,2.0,0,nan,nan,nan,nan,0.16209626917406456,1.7830589609147085,0.1620962691740644,1.7830589609147083,11.0,0.9999999999999993,1.0000000000000016,6.169173449181403,8.847461698345143e-25,10.0,10,logcosh,1.0,stepsize_pilot
manuscript-pilot,D,pilot_logcosh_d10_k10_rho1_fr-kl,FR--KL,2500492809,63,1.121667899851164,5.952529977275737,-8.881784197001252e-16,nan,4.884981308350689e-15,4.653717033150432e-16,1.6593320238556924e-14,0.9999999999999838,1.000000000000002,0.9999999999999847,1.0000000000000024,1.99999999999997,1.4394130861346095e-25,2.8831396798897816e-25,0.09820556797785684,0.0389643800444901,,nan,nan,nan,nan,nan,nan,nan,nan,63,63,63,63,63,0,0,0,126,126,0,1,False,False,2.0,0,nan,nan,nan,nan,0.16209626917406456,1.7830589609147085,0.1620962691740644,1.7830589609147083,11.0,0.9999999999999993,1.0000000000000016,6.169173449181403,8.87998899338604e-25,10.0,10,logcosh,1.0,stepsize_pilot
manuscript-pilot,D,pilot_logcosh_d10_k10_rho1_fr-kl,FR--KL,2500492809,64,1.121667899851164,5.952529977275738,0.0,nan,1.4876988529977098e-14,4.2942728392019734e-16,1.6435275177662762e-14,0.9999999999999833,1.0000000000000018,0.9999999999999845,1.0000000000000022,1.9999999999999705,1.4277678676476706e-25,2.882376366421532e-25,0.0997227769694291,0.039567170082591474,,nan,nan,nan,nan,nan,nan,nan,nan,64,64,64,64,64,0,0,0,128,128,0,1,False,False,2.0,0,nan,nan,nan,nan,0.16209626917406456,1.7830589609147085,0.1620962691740644,1.7830589609147083,11.0,0.9999999999999993,1.0000000000000016,6.169173449181403,8.808147620686505e-25,10.0,10,logcosh,1.0,stepsize_pilot
manuscript-pilot,D,pilot_logcosh_d10_k10_rho1_fr-kl,FR--KL,2500492809,65,1.121667899851164,5.952529977275737,-8.881784197001252e-16,nan,1.7763568394002505e-15,3.7244476670305176e-16,1.650107816697287e-14,0.9999999999999843,1.0000000000000018,0.999999999999984,1.0000000000000018,1.9999999999999698,1.4408608736206912e-25,2.8801152110900774e-25,0.10124869697028771,0.040171470085624605,,nan,nan,nan,nan,nan,nan,nan,nan,65,65,65,65,65,0,0,0,130,130,0,1,False,False,2.0,0,nan,nan,nan,nan,0.16209626917406456,1.7830589609147085,0.1620962691740644,1.7830589609147083,11.0,0.9999999999999993,1.0000000000000016,6.169173449181403,8.883965145420198e-25,10.0,10,logcosh,1.0,stepsize_pilot
manuscript-pilot,D,pilot_logcosh_d10_k10_rho1_fr-kl,FR--KL,2500492809,66,1.121667899851164,5.952529977275737,-8.881784197001252e-16,nan,6.439293542825908e-15,3.980046958590439e-16,1.6569461061285722e-14,0.9999999999999839,1.000000000000001,0.9999999999999843,1.0000000000000016,1.9999999999999702,1.439019907814052e-25,2.8793609707065614e-25,0.10276779701234773,0.040766390098724514,,nan,nan,nan,nan,nan,nan,nan,nan,66,66,66,66,66,0,0,0,132,132,0,1,False,False,2.0,0,nan,nan,nan,nan,0.16209626917406456,1.7830589609147085,0.1620962691740644,1.7830589609147083,11.0,0.9999999999999993,1.0000000000000016,6.169173449181403,8.877563408130062e-25,10.0,10,logcosh,1.0,stepsize_pilot
manuscript-pilot,D,pilot_logcosh_d10_k10_rho1_fr-kl,FR--KL,2500492809,67,1.121667899851164,5.952529977275737,-8.881784197001252e-16,nan,5.773159728050814e-15,4.2395449291160814e-16,1.656685969798304e-14,0.9999999999999837,1.0000000000000013,0.9999999999999839,1.0000000000000018,1.9999999999999696,1.427351774655483e-25,2.8801157251786416e-25,0.10428833699552342,0.04137293010717258,,nan,nan,nan,nan,nan,nan,nan,nan,67,67,67,67,67,0,0,0,134,134,0,1,False,False,2.0,0,nan,nan,nan,nan,0.16209626917406456,1.7830589609147085,0.1620962691740644,1.7830589609147083,11.0,0.9999999999999993,1.0000000000000016,6.169173449181403,8.805580670846707e-25,10.0,10,logcosh,1.0,stepsize_pilot
manuscript-pilot,D,pilot_logcosh_d10_k10_rho1_fr-kl,FR--KL,2500492809,68,1.121667899851164,5.952529977275737,-8.881784197001252e-16,nan,1.5765166949677223e-14,3.8665270196011704e-16,1.6542555587964392e-14,0.9999999999999831,1.000000000000001,0.9999999999999838,1.0000000000000024,1.9999999999999696,1.438710248772441e-25,2.8801148114317327e-25,0.10580681700957939,0.041967530094552785,,nan,nan,nan,nan,nan,nan,nan,nan,68,68,68,68,68,0,0,0,136,136,0,1,False,False,2.0,0,nan,nan,nan,nan,0.16209626917406456,1.7830589609147085,0.1620962691740644,1.7830589609147083,11.0,0.9999999999999993,1.0000000000000016,6.169173449181403,8.875653067792265e-25,10.0,10,logcosh,1.0,stepsize_pilot
manuscript-pilot,D,pilot_logcosh_d10_k10_rho1_fr-kl,FR--KL,2500492809,69,1.121667899851164,5.952529977275737,-8.881784197001252e-16,nan,1.199040866595169e-14,4.6454327060952e-16,1.6531734766723742e-14,0.9999999999999841,1.000000000000001,0.9999999999999843,1.0000000000000013,1.999999999999969,1.4333482125426346e-25,2.880114525894168e-25,0.10732330696191639,0.042573040118440986,,nan,nan,nan,nan,nan,nan,nan,nan,69,69,69,69,69,0,0,0,138,138,0,1,False,False,2.0,0,nan,nan,nan,nan,0.16209626917406456,1.7830589609147085,0.1620962691740644,1.7830589609147083,11.0,0.9999999999999993,1.0000000000000016,6.169173449181403,8.842573736249785e-25,10.0,10,logcosh,1.0,stepsize_pilot
manuscript-pilot,D,pilot_logcosh_d10_k10_rho1_fr-kl,FR--KL,2500492809,70,1.121667899851164,5.952529977275738,0.0,nan,1.6209256159527285e-14,3.6802312880990555e-16,1.6521359207276352e-14,0.9999999999999839,1.0000000000000013,0.9999999999999843,1.0000000000000016,1.99999999999997,1.4659023008535592e-25,2.880114288604457e-25,0.10883612697944045,0.043169230106286705,,nan,nan,nan,nan,nan,nan,nan,nan,70,70,70,70,70,0,0,0,140,140,0,1,False,False,2.0,0,nan,nan,nan,nan,0.16209626917406456,1.7830589609147085,0.1620962691740644,1.7830589609147083,11.0,0.9999999999999993,1.0000000000000016,6.169173449181403,8.883962299933302e-25,10.0,10,logcosh,1.0,stepsize_pilot
manuscript-pilot,D,pilot_logcosh_d10_k10_rho1_fr-kl,FR--KL,2500492809,71,1.121667899851164,5.952529977275737,-8.881784197001252e-16,nan,1.2212453270876722e-14,4.0662155098524246e-16,1.652184220931001e-14,0.9999999999999839,1.0000000000000013,0.9999999999999845,1.000000000000002,1.9999999999999696,1.4356383327649914e-25,2.8801141511656985e-25,0.11036766698816791,0.04378182010259479,,nan,nan,nan,nan,nan,nan,nan,nan,71,71,71,71,71,0,0,0,142,142,0,1,False,False,2.0,0,nan,nan,nan,nan,0.16209626917406456,1.7830589609147085,0.1620962691740644,1.7830589609147083,11.0,0.9999999999999993,1.0000000000000016,6.169173449181403,8.856701885120985e-25,10.0,10,logcosh,1.0,stepsize_pilot
manuscript-pilot,D,pilot_logcosh_d10_k10_rho1_fr-kl,FR--KL,2500492809,72,1.121667899851164,5.952529977275737,-8.881784197001252e-16,nan,7.549516567451064e-15,3.699152910447379e-16,1.6522610238800293e-14,0.9999999999999839,1.0000000000000013,0.9999999999999833,1.0000000000000013,1.9999999999999702,1.4500352122118757e-25,2.8801144426456987e-25,0.11190604697912931,0.04439056006958708,,nan,nan,nan,nan,nan,nan,nan,nan,72,72,72,72,72,0,0,0,144,144,0,1,False,False,2.0,0,nan,nan,nan,nan,0.16209626917406456,1.7830589609147085,0.1620962691740644,1.7830589609147083,11.0,0.9999999999999993,1.0000000000000016,6.169173449181403,8.88396277508687e-25,10.0,10,logcosh,1.0,stepsize_pilot
manuscript-pilot,D,pilot_logcosh_d10_k10_rho1_fr-kl,FR--KL,2500492809,73,1.121667899851164,5.952529977275737,-8.881784197001252e-16,nan,1.176836406102666e-14,4.1662265449432716e-16,1.6523065213394327e-14,0.9999999999999841,1.000000000000001,0.9999999999999836,1.0000000000000018,1.9999999999999702,1.4333305090663978e-25,2.8801143092615447e-25,0.11343554698396474,0.045006000087596476,,nan,nan,nan,nan,nan,nan,nan,nan,73,73,73,73,73,0,0,0,146,146,0,1,False,False,2.0,0,nan,nan,nan,nan,0.16209626917406456,1.7830589609147085,0.1620962691740644,1.7830589609147083,11.0,0.9999999999999993,1.0000000000000016,6.169173449181403,8.842464520434228e-25,10.0,10,logcosh,1.0,stepsize_pilot
manuscript-pilot,D,pilot_logcosh_d10_k10_rho1_fr-kl,FR--KL,2500492809,74,1.121667899851164,5.952529977275737,-8.881784197001252e-16,nan,1.176836406102666e-14,3.574709104390078e-16,1.652265256287325e-14,0.9999999999999839,1.0000000000000009,0.999999999999984,1.0000000000000018,1.9999999999999698,1.4363911422468575e-25,2.880114746166294e-25,0.11496334697585553,0.04561312007717788,,nan,nan,nan,nan,nan,nan,nan,nan,74,74,74,74,74,0,0,0,148,148,0,1,False,False,2.0,0,nan,nan,nan,nan,0.16209626917406456,1.7830589609147085,0.1620962691740644,1.7830589609147083,11.0,0.9999999999999993,1.0000000000000016,6.169173449181403,8.861346097388804e-25,10.0,10,logcosh,1.0,stepsize_pilot
manuscript-pilot,D,pilot_logcosh_d10_k10_rho1_fr-kl,FR--KL,2500492809,75,1.121667899851164,5.952529977275737,-8.881784197001252e-16,nan,6.661338147750941e-16,4.873060251453351e-16,1.6522518361667185e-14,0.999999999999984,1.000000000000001,0.999999999999984,1.000000000000002,1.9999999999999698,1.4333449784551066e-25,2.88011460473843e-25,0.11647873697802424,0.04622395010665059,,nan,nan,nan,nan,nan,nan,nan,nan,75,75,75,75,75,0,0,0,150,150,0,1,False,False,2.0,0,nan,nan,nan,nan,0.16209626917406456,1.7830589609147085,0.1620962691740644,1.7830589609147083,11.0,0.9999999999999993,1.0000000000000016,6.169173449181403,8.842553784602876e-25,10.0,10,logcosh,1.0,stepsize_pilot
manuscript-pilot,D,pilot_logcosh_d10_k10_rho1_fr-kl,FR--KL,2500492809,76,1.121667899851164,5.952529977275737,-8.881784197001252e-16,nan,3.9968028886505635e-15,3.5142603444228697e-16,1.6516999588606554e-14,0.9999999999999839,1.000000000000001,0.9999999999999845,1.0000000000000009,1.9999999999999698,1.4386346395707934e-25,2.880114051571306e-25,0.11799806699855253,0.046831890125758946,,nan,nan,nan,nan,nan,nan,nan,nan,76,76,76,76,76,0,0,0,152,152,0,1,False,False,2.0,0,nan,nan,nan,nan,0.16209626917406456,1.7830589609147085,0.1620962691740644,1.7830589609147083,11.0,0.9999999999999993,1.0000000000000016,6.169173449181403,8.875186621512939e-25,10.0,10,logcosh,1.0,stepsize_pilot
manuscript-pilot,D,pilot_logcosh_d10_k10_rho1_fr-kl,FR--KL,2500492809,77,1.121667899851164,5.952529977275737,-8.881784197001252e-16,nan,0.0,3.7955178808716633e-16,1.6514561543876355e-14,0.9999999999999839,1.000000000000001,0.9999999999999843,1.0000000000000013,1.9999999999999698,1.4476814283993083e-25,2.8801139588221655e-25,0.11950633698143065,0.04742086015176028,,nan,nan,nan,nan,nan,nan,nan,nan,77,77,77,77,77,0,0,0,154,154,0,1,False,False,2.0,0,nan,nan,nan,nan,0.16209626917406456,1.7830589609147085,0.1620962691740644,1.7830589609147083,11.0,0.9999999999999993,1.0000000000000016,6.169173449181403,8.883961282691222e-25,10.0,10,logcosh,1.0,stepsize_pilot
manuscript-pilot,D,pilot_logcosh_d10_k10_rho1_fr-kl,FR--KL,2500492809,78,1.121667899851164,5.952529977275737,-8.881784197001252e-16,nan,1.0436096431476471e-14,3.899386735236353e-16,1.6518591045953356e-14,0.9999999999999835,1.0000000000000009,0.9999999999999842,1.0000000000000007,1.9999999999999694,1.4461871232480118e-25,2.880114021059392e-25,0.12102039699675515,0.0480259801261127,,nan,nan,nan,nan,nan,nan,nan,nan,78,78,78,78,78,0,0,0,156,156,0,1,False,False,2.0,0,nan,nan,nan,nan,0.16209626917406456,1.7830589609147085,0.1620962691740644,1.7830589609147083,11.0,0.9999999999999993,1.0000000000000016,6.169173449181403,8.883961474667345e-25,10.0,10,logcosh,1.0,stepsize_pilot
manuscript-pilot,D,pilot_logcosh_d10_k10_rho1_fr-kl,FR--KL,2500492809,79,1.121667899851164,5.952529977275737,-8.881784197001252e-16,nan,1.3100631690576847e-14,3.6414320901406517e-16,1.6521056502173436e-14,0.9999999999999836,1.0000000000000009,0.9999999999999839,1.0000000000000013,1.9999999999999698,1.4251558853200517e-25,2.8801145708107776e-25,0.12252290698233992,0.048620420100633055,,nan,nan,nan,nan,nan,nan,nan,nan,79,79,79,79,79,0,0,0,158,158,0,1,False,False,2.0,0,nan,nan,nan,nan,0.16209626917406456,1.7830589609147085,0.1620962691740644,1.7830589609147083,11.0,0.9999999999999993,1.0000000000000016,6.169173449181403,8.792033848661224e-25,10.0,10,logcosh,1.0,stepsize_pilot
manuscript-pilot,D,pilot_logcosh_d10_k10_rho1_fr-kl,FR--KL,2500492809,80,1.121667899851164,5.952529977275737,-8.881784197001252e-16,nan,7.771561172376096e-15,4.30882404652278e-16,1.6522328151757936e-14,0.999999999999984,1.0000000000000013,0.9999999999999842,1.0000000000000018,1.9999999999999702,1.4265685316272316e-25,2.8801142704549143e-25,0.12407252698903903,0.049223290116060525,,nan,nan,nan,nan,nan,nan,nan,nan,80,80,80,80,80,0,0,0,160,160,0,1,False,False,2.0,0,nan,nan,nan,nan,0.16209626917406456,1.7830589609147085,0.1620962691740644,1.7830589609147083,11.0,0.9999999999999993,1.0000000000000016,6.169173449181403,8.80074870875256e-25,10.0,10,logcosh,1.0,stepsize_pilot
manuscript-pilot,D,pilot_logcosh_d10_k10_rho1_fr-kl,FR--KL,2500492809,81,1.121667899851164,5.952529977275737,-8.881784197001252e-16,nan,4.218847493575595e-15,4.006572860496563e-16,1.6522951858753666e-14,0.9999999999999836,1.0000000000000016,0.9999999999999843,1.0000000000000018,1.9999999999999698,1.4221319546023583e-25,2.8801143086069895e-25,0.12556945701362565,0.04981852014316246,,nan,nan,nan,nan,nan,nan,nan,nan,81,81,81,81,81,0,0,0,162,162,0,1,False,False,2.0,0,nan,nan,nan,nan,0.16209626917406456,1.7830589609147085,0.1620962691740644,1.7830589609147083,11.0,0.9999999999999993,1.0000000000000016,6.169173449181403,8.773378695565466e-25,10.0,10,logcosh,1.0,stepsize_pilot
manuscript-pilot,D,pilot_logcosh_d10_k10_rho1_fr-kl,FR--KL,2500492809,82,1.121667899851164,5.952529977275737,-8.881784197001252e-16,nan,5.995204332975845e-15,4.488879820528887e-16,1.645066832848534e-14,0.9999999999999847,1.0000000000000016,0.9999999999999838,1.0000000000000016,1.9999999999999696,1.4484599775704363e-25,2.880114495595046e-25,0.12708213698351756,0.050422280153725296,,nan,nan,nan,nan,nan,nan,nan,nan,82,82,82,82,82,0,0,0,164,164,0,1,False,False,2.0,0,nan,nan,nan,nan,0.16209626917406456,1.7830589609147085,0.1620962691740644,1.7830589609147083,11.0,0.9999999999999993,1.0000000000000016,6.169173449181403,8.883962938413724e-25,10.0,10,logcosh,1.0,stepsize_pilot
manuscript-pilot,D,pilot_logcosh_d10_k10_rho1_fr-kl,FR--KL,2500492809,83,1.121667899851164,5.952529977275737,-8.881784197001252e-16,nan,2.4424906541753444e-15,3.8888770729223067e-16,1.6493408642213758e-14,0.9999999999999846,1.0000000000000016,0.9999999999999845,1.0000000000000013,1.9999999999999691,1.4499843586764665e-25,2.8801140347754294e-25,0.12858299701474607,0.051022910163737833,,nan,nan,nan,nan,nan,nan,nan,nan,83,83,83,83,83,0,0,0,166,166,0,1,False,False,2.0,0,nan,nan,nan,nan,0.16209626917406456,1.7830589609147085,0.1620962691740644,1.7830589609147083,11.0,0.9999999999999993,1.0000000000000016,6.169173449181403,8.883961516975651e-25,10.0,10,logcosh,1.0,stepsize_pilot
manuscript-pilot,D,pilot_logcosh_d10_k10_rho1_fr-kl,FR--KL,2500492809,84,1.121667899851164,5.952529977275737,-8.881784197001252e-16,nan,8.881784197001252e-15,4.744904746134193e-16,1.6436158765488662e-14,0.999999999999984,1.000000000000001,0.9999999999999839,1.0000000000000016,1.9999999999999696,1.4333813697939651e-25,2.8801144480197264e-25,0.13012420700397342,0.05163659021491185,,nan,nan,nan,nan,nan,nan,nan,nan,84,84,84,84,84,0,0,0,168,168,0,1,False,False,2.0,0,nan,nan,nan,nan,0.16209626917406456,1.7830589609147085,0.1620962691740644,1.7830589609147083,11.0,0.9999999999999993,1.0000000000000016,6.169173449181403,8.842778289084341e-25,10.0,10,logcosh,1.0,stepsize_pilot
manuscript-pilot,D,pilot_logcosh_d10_k10_rho1_fr-kl,FR--KL,2500492809,85,1.121667899851164,5.952529977275738,0.0,nan,1.6447441725066994e-31,4.055544565784846e-16,1.6486669702461673e-14,0.9999999999999833,1.0000000000000016,0.9999999999999835,1.0000000000000016,1.9999999999999694,1.4311664923326226e-25,2.880113891229504e-25,0.13165532698621973,0.05224725021980703,,nan,nan,nan,nan,nan,nan,nan,nan,85,85,85,85,85,0,0,0,170,170,0,1,False,False,2.0,0,nan,nan,nan,nan,0.16209626917406456,1.7830589609147085,0.1620962691740644,1.7830589609147083,11.0,0.9999999999999993,1.0000000000000016,6.169173449181403,8.829114325856643e-25,10.0,10,logcosh,1.0,stepsize_pilot
manuscript-pilot,D,pilot_logcosh_d10_k10_rho1_fr-kl,FR--KL,2500492809,86,1.121667899851164,5.952529977275737,-8.881784197001252e-16,nan,6.661338147750939e-15,4.382503436439236e-16,1.643300862939959e-14,0.9999999999999845,1.0000000000000013,0.9999999999999838,1.0000000000000013,1.9999999999999691,1.4447471020508263e-25,2.880113959801463e-25,0.13319312600651756,0.0528561202227138,,nan,nan,nan,nan,nan,nan,nan,nan,86,86,86,86,86,0,0,0,172,172,0,1,False,False,2.0,0,nan,nan,nan,nan,0.16209626917406456,1.7830589609147085,0.1620962691740644,1.7830589609147083,11.0,0.9999999999999993,1.0000000000000016,6.169173449181403,8.88396128571195e-25,10.0,10,logcosh,1.0,stepsize_pilot
manuscript-pilot,D,pilot_logcosh_d10_k10_rho1_fr-kl,FR--KL,2500492809,87,1.121667899851164,5.952529977275737,-8.881784197001252e-16,nan,4.884981308350689e-15,3.956995128613153e-16,1.6480197131096672e-14,0.9999999999999839,1.0000000000000013,0.999999999999984,1.0000000000000016,1.9999999999999687,1.447678980611566e-25,2.8801140523094604e-25,0.1347155059920624,0.053452410211320966,,nan,nan,nan,nan,nan,nan,nan,nan,87,87,87,87,87,0,0,0,174,174,0,1,False,False,2.0,0,nan,nan,nan,nan,0.16209626917406456,1.7830589609147085,0.1620962691740644,1.7830589609147083,11.0,0.9999999999999993,1.0000000000000016,6.169173449181403,8.883961571060892e-25,10.0,10,logcosh,1.0,stepsize_pilot
manuscript-pilot,D,pilot_logcosh_d10_k10_rho1_fr-kl,FR--KL,2500492809,88,1.121667899851164,5.952529977275737,-8.881784197001252e-16,nan,9.325873406851315e-15,3.8163916471489746e-16,1.6503012938886525e-14,0.9999999999999841,1.0000000000000009,0.9999999999999835,1.0000000000000016,1.9999999999999691,1.4378533365133095e-25,2.8801144030519605e-25,0.13623720599571243,0.05405732023064047,,nan,nan,nan,nan,nan,nan,nan,nan,88,88,88,88,88,0,0,0,176,176,0,1,False,False,2.0,0,nan,nan,nan,nan,0.16209626917406456,1.7830589609147085,0.1620962691740644,1.7830589609147083,11.0,0.9999999999999993,1.0000000000000016,6.169173449181403,8.870366627434944e-25,10.0,10,logcosh,1.0,stepsize_pilot
manuscript-pilot,D,pilot_logcosh_d10_k10_rho1_fr-kl,FR--KL,2500492809,89,1.121667899851164,5.952529977275737,-8.881784197001252e-16,nan,1.6259663555489239e-31,4.0323273125441146e-16,1.6513835431573572e-14,0.999999999999984,1.000000000000001,0.9999999999999839,1.0000000000000016,1.9999999999999698,1.430379798308373e-25,2.880114354123836e-25,0.13774797599762678,0.05465192021802068,,nan,nan,nan,nan,nan,nan,nan,nan,89,89,89,89,89,0,0,0,178,178,0,1,False,False,2.0,0,nan,nan,nan,nan,0.16209626917406456,1.7830589609147085,0.1620962691740644,1.7830589609147083,11.0,0.9999999999999993,1.0000000000000016,6.169173449181403,8.824261073969606e-25,10.0,10,logcosh,1.0,stepsize_pilot
manuscript-pilot,D,pilot_logcosh_d10_k10_rho1_fr-kl,FR--KL,2500492809,90,1.121667899851164,5.952529977275737,-8.881784197001252e-16,nan,4.218847493575595e-15,4.186977109895015e-16,1.6518951611266188e-14,0.9999999999999837,1.0000000000000013,0.9999999999999846,1.0000000000000016,1.9999999999999698,1.4176511654239066e-25,2.8801140122286713e-25,0.1392750259838067,0.05526985024334863,,nan,nan,nan,nan,nan,nan,nan,nan,90,90,90,90,90,0,0,0,180,180,0,1,False,False,2.0,0,nan,nan,nan,nan,0.16209626917406456,1.7830589609147085,0.1620962691740644,1.7830589609147083,11.0,0.9999999999999993,1.0000000000000016,6.169173449181403,8.74573592993438e-25,10.0,10,logcosh,1.0,stepsize_pilot
manuscript-pilot,D,pilot_logcosh_d10_k10_rho1_fr-kl,FR--KL,2500492809,91,1.121667899851164,5.952529977275737,-8.881784197001252e-16,nan,1.5543122344752194e-15,3.289943204290351e-16,1.6448789037374326e-14,0.9999999999999835,1.0000000000000013,0.999999999999984,1.0000000000000018,1.9999999999999696,1.4507435097976288e-25,2.8801146808386403e-25,0.1407888259855099,0.055864130263216794,,nan,nan,nan,nan,nan,nan,nan,nan,91,91,91,91,91,0,0,0,182,182,0,1,False,False,2.0,0,nan,nan,nan,nan,0.16209626917406456,1.7830589609147085,0.1620962691740644,1.7830589609147083,11.0,0.9999999999999993,1.0000000000000016,6.169173449181403,8.883963509813656e-25,10.0,10,logcosh,1.0,stepsize_pilot
manuscript-pilot,D,pilot_logcosh_d10_k10_rho1_fr-kl,FR--KL,2500492809,92,1.121667899851164,5.952529977275737,-8.881784197001252e-16,nan,1.3322676295501878e-14,4.467914935803243e-16,1.649321317655438e-14,0.9999999999999841,1.000000000000001,0.9999999999999845,1.000000000000001,1.9999999999999698,1.4499397892432224e-25,2.880114390516336e-25,0.14234289596788585,0.05650283023715019,,nan,nan,nan,nan,nan,nan,nan,nan,92,92,92,92,92,0,0,0,184,184,0,1,False,False,2.0,0,nan,nan,nan,nan,0.16209626917406456,1.7830589609147085,0.1620962691740644,1.7830589609147083,11.0,0.9999999999999993,1.0000000000000016,6.169173449181403,8.88396261428933e-25,10.0,10,logcosh,1.0,stepsize_pilot
manuscript-pilot,D,pilot_logcosh_d10_k10_rho1_fr-kl,FR--KL,2500492809,93,1.121667899851164,5.952529977275737,-8.881784197001252e-16,nan,3.774758283725532e-15,3.4867510341210807e-16,1.6503783571490708e-14,0.9999999999999839,1.0000000000000013,0.9999999999999839,1.0000000000000016,1.9999999999999698,1.4416489612274642e-25,2.8801144418638475e-25,0.14386852597817779,0.05710492021171376,,nan,nan,nan,nan,nan,nan,nan,nan,93,93,93,93,93,0,0,0,186,186,0,1,False,False,2.0,0,nan,nan,nan,nan,0.16209626917406456,1.7830589609147085,0.1620962691740644,1.7830589609147083,11.0,0.9999999999999993,1.0000000000000016,6.169173449181403,8.883962772675183e-25,10.0,10,logcosh,1.0,stepsize_pilot
manuscript-pilot,D,pilot_logcosh_d10_k10_rho1_fr-kl,FR--KL,2500492809,94,1.121667899851164,5.952529977275737,-8.881784197001252e-16,nan,1.176836406102666e-14,4.140723527344873e-16,1.6513452219195047e-14,0.999999999999984,1.0000000000000009,0.9999999999999835,1.0000000000000013,1.9999999999999698,1.440191579809523e-25,2.8801137358088173e-25,0.14541044598445296,0.057726880186237395,,nan,nan,nan,nan,nan,nan,nan,nan,94,94,94,94,94,0,0,0,188,188,0,1,False,False,2.0,0,nan,nan,nan,nan,0.16209626917406456,1.7830589609147085,0.1620962691740644,1.7830589609147083,11.0,0.9999999999999993,1.0000000000000016,6.169173449181403,8.88396059478721e-25,10.0,10,logcosh,1.0,stepsize_pilot
manuscript-pilot,D,pilot_logcosh_d10_k10_rho1_fr-kl,FR--KL,2500492809,95,1.121667899851164,5.952529977275737,-8.881784197001252e-16,nan,1.687538997430238e-14,3.858424350705004e-16,1.6551397673166395e-14,0.9999999999999845,1.0000000000000009,0.9999999999999841,1.0000000000000013,1.9999999999999696,1.443889544849626e-25,2.880114605974056e-25,0.14694464596686885,0.05833439016714692,,nan,nan,nan,nan,nan,nan,nan,nan,95,95,95,95,95,0,0,0,190,190,0,1,False,False,2.0,0,nan,nan,nan,nan,0.16209626917406456,1.7830589609147085,0.1620962691740644,1.7830589609147083,11.0,0.9999999999999993,1.0000000000000016,6.169173449181403,8.883963278887354e-25,10.0,10,logcosh,1.0,stepsize_pilot
manuscript-pilot,D,pilot_logcosh_d10_k10_rho1_fr-kl,FR--KL,2500492809,96,1.121667899851164,5.952529977275737,-8.881784197001252e-16,nan,8.881784197001254e-16,3.753422110979877e-16,1.6536000807156075e-14,0.9999999999999835,1.0000000000000009,0.9999999999999839,1.0000000000000018,1.9999999999999696,1.4378716316824303e-25,2.880114394912594e-25,0.1484671159996651,0.058948660211171955,,nan,nan,nan,nan,nan,nan,nan,nan,96,96,96,96,96,0,0,0,192,192,0,1,False,False,2.0,0,nan,nan,nan,nan,0.16209626917406456,1.7830589609147085,0.1620962691740644,1.7830589609147083,11.0,0.9999999999999993,1.0000000000000016,6.169173449181403,8.870479493506537e-25,10.0,10,logcosh,1.0,stepsize_pilot
manuscript-pilot,D,pilot_logcosh_d10_k10_rho1_fr-kl,FR--KL,2500492809,97,1.121667899851164,5.952529977275737,-8.881784197001252e-16,nan,1.1324274851176597e-14,4.540073262603191e-16,1.6529351927535275e-14,0.9999999999999847,1.0000000000000009,0.9999999999999843,1.0000000000000013,1.9999999999999698,1.4682331035722748e-25,2.8801143288232244e-25,0.14999592601088807,0.059562060225289315,,nan,nan,nan,nan,nan,nan,nan,nan,97,97,97,97,97,0,0,0,194,194,0,1,False,False,2.0,0,nan,nan,nan,nan,0.16209626917406456,1.7830589609147085,0.1620962691740644,1.7830589609147083,11.0,0.9999999999999993,1.0000000000000016,6.169173449181403,8.883962423991578e-25,10.0,10,logcosh,1.0,stepsize_pilot
manuscript-pilot,D,pilot_logcosh_d10_k10_rho1_fr-kl,FR--KL,2500492809,98,1.121667899851164,5.952529977275737,-8.881784197001252e-16,nan,1.5543122344752194e-15,4.196166645470638e-16,1.6558938265777658e-14,0.9999999999999831,1.0000000000000013,0.9999999999999848,1.0000000000000013,1.9999999999999694,1.4326618874014374e-25,2.8801146088228054e-25,0.15166687598684803,0.060314370202831924,,nan,nan,nan,nan,nan,nan,nan,nan,98,98,98,98,98,0,0,0,196,196,0,1,False,False,2.0,0,nan,nan,nan,nan,0.16209626917406456,1.7830589609147085,0.1620962691740644,1.7830589609147083,11.0,0.9999999999999993,1.0000000000000016,6.169173449181403,8.838339677411215e-25,10.0,10,logcosh,1.0,stepsize_pilot
manuscript-pilot,D,pilot_logcosh_d10_k10_rho1_fr-kl,FR--KL,2500492809,99,1.121667899851164,5.952529977275737,-8.881784197001252e-16,nan,5.551115123125783e-15,3.5814373412945517e-16,1.6534068790929254e-14,0.9999999999999831,1.000000000000001,0.9999999999999849,1.0000000000000013,1.999999999999969,1.4326921605209502e-25,2.8801146487818308e-25,0.15344672597711906,0.06107118021463975,,nan,nan,nan,nan,nan,nan,nan,nan,99,99,99,99,99,0,0,0,198,198,0,1,False,False,2.0,0,nan,nan,nan,nan,0.16209626917406456,1.7830589609147085,0.1620962691740644,1.7830589609147083,11.0,0.9999999999999993,1.0000000000000016,6.169173449181403,8.838526437536337e-25,10.0,10,logcosh,1.0,stepsize_pilot
manuscript-pilot,D,pilot_logcosh_d10_k10_rho1_fr-kl,FR--KL,2500492809,100,1.121667899851164,5.952529977275737,-8.881784197001252e-16,nan,8.215650382226158e-15,4.726604209672302e-16,1.6455224521793814e-14,0.999999999999984,1.0000000000000013,0.9999999999999839,1.0000000000000016,1.9999999999999696,1.4447078591320426e-25,2.880113902441982e-25,0.15534880600171164,0.06188211019616574,,nan,nan,nan,nan,nan,nan,nan,nan,100,100,100,100,100,0,0,0,200,200,0,1,False,False,2.0,0,nan,nan,nan,nan,0.16209626917406456,1.7830589609147085,0.1620962691740644,1.7830589609147083,11.0,0.9999999999999993,1.0000000000000016,6.169173449181403,8.883961108781656e-25,10.0,10,logcosh,1.0,stepsize_pilot
manuscript-pilot,D,pilot_logcosh_d10_k10_rho1_fr-kl,FR--KL,2500492809,101,1.121667899851164,5.952529977275737,-8.881784197001252e-16,nan,1.1546319456101628e-14,4.225324908746033e-16,1.6496163122797192e-14,0.9999999999999838,1.0000000000000016,0.9999999999999846,1.0000000000000016,1.99999999999997,1.4476772878714084e-25,2.880113856553374e-25,0.1572708860039711,0.06265847018221393,,nan,nan,nan,nan,nan,nan,nan,nan,101,101,101,101,101,0,0,0,202,202,0,1,False,False,2.0,0,nan,nan,nan,nan,0.16209626917406456,1.7830589609147085,0.1620962691740644,1.7830589609147083,11.0,0.9999999999999993,1.0000000000000016,6.169173449181403,8.883960967234267e-25,10.0,10,logcosh,1.0,stepsize_pilot
manuscript-pilot,D,pilot_logcosh_d10_k10_rho1_fr-kl,FR--KL,2500492809,102,1.121667899851164,5.952529977275737,-8.881784197001252e-16,nan,1.332267629550188e-15,3.3147293000679826e-16,1.6510602352828556e-14,0.9999999999999841,1.0000000000000009,0.999999999999984,1.000000000000002,1.9999999999999694,1.4469353312636097e-25,2.880114238974532e-25,0.15919690596638247,0.06342763017164543,,nan,nan,nan,nan,nan,nan,nan,nan,102,102,102,102,102,0,0,0,204,204,0,1,False,False,2.0,0,nan,nan,nan,nan,0.16209626917406456,1.7830589609147085,0.1620962691740644,1.7830589609147083,11.0,0.9999999999999993,1.0000000000000016,6.169173449181403,8.883962146845493e-25,10.0,10,logcosh,1.0,stepsize_pilot
manuscript-pilot,D,pilot_logcosh_d10_k10_rho1_fr-kl,FR--KL,2500492809,103,1.121667899851164,5.952529977275737,-8.881784197001252e-16,nan,6.8833827526759706e-15,4.3026737722516566e-16,1.6516771043548327e-14,0.999999999999983,1.000000000000001,0.9999999999999839,1.0000000000000022,1.9999999999999698,1.4147741299031239e-25,2.8801143946894037e-25,0.16108946601161733,0.06418498017592356,,nan,nan,nan,nan,nan,nan,nan,nan,103,103,103,103,103,0,0,0,206,206,0,1,False,False,2.0,0,nan,nan,nan,nan,0.16209626917406456,1.7830589609147085,0.1620962691740644,1.7830589609147083,11.0,0.9999999999999993,1.0000000000000016,6.169173449181403,8.727986998787221e-25,10.0,10,logcosh,1.0,stepsize_pilot
manuscript-pilot,D,pilot_logcosh_d10_k10_rho1_fr-kl,FR--KL,2500492809,104,1.121667899851164,5.952529977275737,-8.881784197001252e-16,nan,4.218847493575595e-15,3.273069708340169e-16,1.651974460086462e-14,0.9999999999999836,1.0000000000000009,0.9999999999999833,1.0000000000000016,1.9999999999999694,1.4333678051148196e-25,2.8801146950553854e-25,0.16299462597817183,0.06495262018870562,,nan,nan,nan,nan,nan,nan,nan,nan,104,104,104,104,104,0,0,0,208,208,0,1,False,False,2.0,0,nan,nan,nan,nan,0.16209626917406456,1.7830589609147085,0.1620962691740644,1.7830589609147083,11.0,0.9999999999999993,1.0000000000000016,6.169173449181403,8.842694606225914e-25,10.0,10,logcosh,1.0,stepsize_pilot
manuscript-pilot,D,pilot_logcosh_d10_k10_rho1_fr-kl,FR--KL,2500492809,105,1.121667899851164,5.952529977275737,-8.881784197001252e-16,nan,0.0,4.835866452841932e-16,1.6521660560918335e-14,0.999999999999983,1.0000000000000013,0.9999999999999846,1.0000000000000016,1.9999999999999696,1.4184783986032007e-25,2.8801143278847047e-25,0.16488264600047842,0.06570363015634939,,nan,nan,nan,nan,nan,nan,nan,nan,105,105,105,105,105,0,0,0,210,210,0,1,False,False,2.0,0,nan,nan,nan,nan,0.16209626917406456,1.7830589609147085,0.1620962691740644,1.7830589609147083,11.0,0.9999999999999993,1.0000000000000016,6.169173449181403,8.750839274900368e-25,10.0,10,logcosh,1.0,stepsize_pilot
manuscript-pilot,D,pilot_logcosh_d10_k10_rho1_fr-kl,FR--KL,2500492809,106,1.121667899851164,5.952529977275737,-8.881784197001252e-16,nan,1.3988810110276972e-14,3.950906503482276e-16,1.6555298945080077e-14,0.9999999999999846,1.000000000000001,0.9999999999999845,1.0000000000000022,1.9999999999999694,1.43865812185169e-25,2.8801142192537696e-25,0.16679866501362994,0.06646470015402883,,nan,nan,nan,nan,nan,nan,nan,nan,106,106,106,106,106,0,0,0,212,212,0,1,False,False,2.0,0,nan,nan,nan,nan,0.16209626917406456,1.7830589609147085,0.1620962691740644,1.7830589609147083,11.0,0.9999999999999993,1.0000000000000016,6.169173449181403,8.875331487776767e-25,10.0,10,logcosh,1.0,stepsize_pilot
manuscript-pilot,D,pilot_logcosh_d10_k10_rho1_fr-kl,FR--KL,2500492809,107,1.121667899851164,5.952529977275737,-8.881784197001252e-16,nan,8.881784197001254e-16,3.4113680084329615e-16,1.6537829780957255e-14,0.9999999999999847,1.000000000000001,0.9999999999999836,1.0000000000000022,1.9999999999999698,1.4476642890364587e-25,2.8801145542166893e-25,0.16869779501575977,0.06721594015834853,,nan,nan,nan,nan,nan,nan,nan,nan,107,107,107,107,107,0,0,0,214,214,0,1,False,False,2.0,0,nan,nan,nan,nan,0.16209626917406456,1.7830589609147085,0.1620962691740644,1.7830589609147083,11.0,0.9999999999999993,1.0000000000000016,6.169173449181403,8.883963119237267e-25,10.0,10,logcosh,1.0,stepsize_pilot
manuscript-pilot,D,pilot_logcosh_d10_k10_rho1_fr-kl,FR--KL,2500492809,108,1.121667899851164,5.952529977275737,-8.881784197001252e-16,nan,0.0,5.027227436193981e-16,1.653021881797208e-14,0.9999999999999839,1.000000000000001,0.9999999999999839,1.0000000000000018,1.9999999999999696,1.4236055064828831e-25,2.8801143626503377e-25,0.17059642501408234,0.06799071014393121,,nan,nan,nan,nan,nan,nan,nan,nan,108,108,108,108,108,0,0,0,216,216,0,1,False,False,2.0,0,nan,nan,nan,nan,0.16209626917406456,1.7830589609147085,0.1620962691740644,1.7830589609147083,11.0,0.9999999999999993,1.0000000000000016,6.169173449181403,8.782469292702788e-25,10.0,10,logcosh,1.0,stepsize_pilot
manuscript-pilot,D,pilot_logcosh_d10_k10_rho1_fr-kl,FR--KL,2500492809,109,1.121667899851164,5.952529977275737,-8.881784197001252e-16,nan,1.7319479184152442e-14,3.5625662567188675e-16,1.6520570767416656e-14,0.9999999999999836,1.0000000000000009,0.9999999999999849,1.0000000000000016,1.9999999999999698,1.4273353086359718e-25,2.880114079745727e-25,0.1723110749735497,0.06864154012873769,,nan,nan,nan,nan,nan,nan,nan,nan,109,109,109,109,109,0,0,0,218,218,0,1,False,False,2.0,0,nan,nan,nan,nan,0.16209626917406456,1.7830589609147085,0.1620962691740644,1.7830589609147083,11.0,0.9999999999999993,1.0000000000000016,6.169173449181403,8.805479089116326e-25,10.0,10,logcosh,1.0,stepsize_pilot
manuscript-pilot,D,pilot_logcosh_d10_k10_rho1_fr-kl,FR--KL,2500492809,110,1.121667899851164,5.952529977275737,-8.881784197001252e-16,nan,0.0,4.3687487623892385e-16,1.6522022068997985e-14,0.9999999999999835,1.0000000000000013,0.999999999999984,1.000000000000002,1.9999999999999696,1.431912953179558e-25,2.880114207182372e-25,0.17392801499227062,0.06926689017564058,,nan,nan,nan,nan,nan,nan,nan,nan,110,110,110,110,110,0,0,0,220,220,0,1,False,False,2.0,0,nan,nan,nan,nan,0.16209626917406456,1.7830589609147085,0.1620962691740644,1.7830589609147083,11.0,0.9999999999999993,1.0000000000000016,6.169173449181403,8.83371937229441e-25,10.0,10,logcosh,1.0,stepsize_pilot
manuscript-pilot,D,pilot_logcosh_d10_k10_rho1_fr-kl,FR--KL,2500492809,111,1.121667899851164,5.952529977275737,-8.881784197001252e-16,nan,2.886579864025407e-15,3.1866072289790746e-16,1.65227904589935e-14,0.9999999999999831,1.0000000000000013,0.999999999999984,1.000000000000001,1.9999999999999691,1.4356456258868808e-25,2.8801147283211707e-25,0.1755688349949196,0.06988845020532608,,nan,nan,nan,nan,nan,nan,nan,nan,111,111,111,111,111,0,0,0,222,222,0,1,False,False,2.0,0,nan,nan,nan,nan,0.16209626917406456,1.7830589609147085,0.1620962691740644,1.7830589609147083,11.0,0.9999999999999993,1.0000000000000016,6.169173449181403,8.856746877654912e-25,10.0,10,logcosh,1.0,stepsize_pilot
manuscript-pilot,D,pilot_logcosh_d10_k10_rho1_fr-kl,FR--KL,2500492809,112,1.121667899851164,5.952529977275737,-8.881784197001252e-16,nan,3.1086244689504387e-15,4.44955726205437e-16,1.652317135786939e-14,0.999999999999984,1.0000000000000013,0.999999999999984,1.000000000000002,1.9999999999999696,1.456823043606083e-25,2.8801147812371477e-25,0.1771762949647382,0.07054675021208823,,nan,nan,nan,nan,nan,nan,nan,nan,112,112,112,112,112,0,0,0,224,224,0,1,False,False,2.0,0,nan,nan,nan,nan,0.16209626917406456,1.7830589609147085,0.1620962691740644,1.7830589609147083,11.0,0.9999999999999993,1.0000000000000016,6.169173449181403,8.883963819501558e-25,10.0,10,logcosh,1.0,stepsize_pilot
manuscript-pilot,D,pilot_logcosh_d10_k10_rho1_fr-kl,FR--KL,2500492809,113,1.121667899851164,5.952529977275737,-8.881784197001252e-16,nan,1.4432899320127035e-14,4.060883542877794e-16,1.651778493418669e-14,0.9999999999999841,1.0000000000000016,0.9999999999999835,1.0000000000000018,1.99999999999997,1.4423898956666472e-25,2.8801147836245087e-25,0.17880128498654813,0.07118571019964293,,nan,nan,nan,nan,nan,nan,nan,nan,113,113,113,113,113,0,0,0,226,226,0,1,False,False,2.0,0,nan,nan,nan,nan,0.16209626917406456,1.7830589609147085,0.1620962691740644,1.7830589609147083,11.0,0.9999999999999993,1.0000000000000016,6.169173449181403,8.88396382686558e-25,10.0,10,logcosh,1.0,stepsize_pilot
manuscript-pilot,D,pilot_logcosh_d10_k10_rho1_fr-kl,FR--KL,2500492809,114,1.121667899851164,5.952529977275737,-8.881784197001252e-16,nan,0.0,4.79738083076875e-16,1.6448184366781977e-14,0.9999999999999841,1.000000000000001,0.9999999999999839,1.0000000000000018,1.9999999999999698,1.4529986459483925e-25,2.8801143355998525e-25,0.18041930499020964,0.07181334018241614,,nan,nan,nan,nan,nan,nan,nan,nan,114,114,114,114,114,0,0,0,228,228,0,1,False,False,2.0,0,nan,nan,nan,nan,0.16209626917406456,1.7830589609147085,0.1620962691740644,1.7830589609147083,11.0,0.9999999999999993,1.0000000000000016,6.169173449181403,8.883962444894674e-25,10.0,10,logcosh,1.0,stepsize_pilot
manuscript-pilot,D,pilot_logcosh_d10_k10_rho1_fr-kl,FR--KL,2500492809,115,1.121667899851164,5.952529977275737,-8.881784197001252e-16,nan,3.552713678800501e-15,3.850929832103114e-16,1.648083705588327e-14,0.9999999999999835,1.0000000000000009,0.9999999999999845,1.0000000000000018,1.9999999999999694,1.4356014205775333e-25,2.8801141496352356e-25,0.18203632498625666,0.07245048019103706,,nan,nan,nan,nan,nan,nan,nan,nan,115,115,115,115,115,0,0,0,230,230,0,1,False,False,2.0,0,nan,nan,nan,nan,0.16209626917406456,1.7830589609147085,0.1620962691740644,1.7830589609147083,11.0,0.9999999999999993,1.0000000000000016,6.169173449181403,8.85647416743417e-25,10.0,10,logcosh,1.0,stepsize_pilot
manuscript-pilot,D,pilot_logcosh_d10_k10_rho1_fr-kl,FR--KL,2500492809,116,1.121667899851164,5.952529977275737,-8.881784197001252e-16,nan,6.8833827526759706e-15,4.0845278972305263e-16,1.6497994564828192e-14,0.9999999999999832,1.000000000000001,0.9999999999999846,1.000000000000001,1.9999999999999705,1.4386921809407892e-25,2.8801138271954096e-25,0.18362222501309589,0.07306632021209225,,nan,nan,nan,nan,nan,nan,nan,nan,116,116,116,116,116,0,0,0,232,232,0,1,False,False,2.0,0,nan,nan,nan,nan,0.16209626917406456,1.7830589609147085,0.1620962691740644,1.7830589609147083,11.0,0.9999999999999993,1.0000000000000016,6.169173449181403,8.875541604204954e-25,10.0,10,logcosh,1.0,stepsize_pilot
manuscript-pilot,D,pilot_logcosh_d10_k10_rho1_fr-kl,FR--KL,2500492809,117,1.121667899851164,5.952529977275737,-8.881784197001252e-16,nan,1.176836406102666e-14,3.773252855810572e-16,1.6506539777405088e-14,0.9999999999999841,1.000000000000001,0.9999999999999848,1.0000000000000018,1.9999999999999698,1.4401211891616874e-25,2.88011446421952e-25,0.18532185500953346,0.07371395017253235,,nan,nan,nan,nan,nan,nan,nan,nan,117,117,117,117,117,0,0,0,234,234,0,1,False,False,2.0,0,nan,nan,nan,nan,0.16209626917406456,1.7830589609147085,0.1620962691740644,1.7830589609147083,11.0,0.9999999999999993,1.0000000000000016,6.169173449181403,8.883962841633193e-25,10.0,10,logcosh,1.0,stepsize_pilot
manuscript-pilot,D,pilot_logcosh_d10_k10_rho1_fr-kl,FR--KL,2500492809,118,1.121667899851164,5.952529977275737,-8.881784197001252e-16,nan,1.84297022087776e-14,4.84829608947785e-16,1.6515416696175625e-14,0.9999999999999842,1.000000000000001,0.9999999999999845,1.0000000000000016,1.9999999999999696,1.450692854497551e-25,2.8801146667533945e-25,0.18697578500723466,0.07439131016144529,,nan,nan,nan,nan,nan,nan,nan,nan,118,118,118,118,118,0,0,0,236,236,0,1,False,False,2.0,0,nan,nan,nan,nan,0.16209626917406456,1.7830589609147085,0.1620962691740644,1.7830589609147083,11.0,0.9999999999999993,1.0000000000000016,6.169173449181403,8.883963466366494e-25,10.0,10,logcosh,1.0,stepsize_pilot
manuscript-pilot,D,pilot_logcosh_d10_k10_rho1_fr-kl,FR--KL,2500492809,119,1.121667899851164,5.952529977275737,-8.881784197001252e-16,nan,8.43769498715119e-15,3.9356437310476087e-16,1.6514197378968525e-14,0.9999999999999841,1.0000000000000016,0.9999999999999836,1.0000000000000016,1.9999999999999694,1.4469008682859444e-25,2.8801143754689966e-25,0.18859278497984633,0.07503151014680043,,nan,nan,nan,nan,nan,nan,nan,nan,119,119,119,119,119,0,0,0,238,238,0,1,False,False,2.0,0,nan,nan,nan,nan,0.16209626917406456,1.7830589609147085,0.1620962691740644,1.7830589609147083,11.0,0.9999999999999993,1.0000000000000016,6.169173449181403,8.883962567874507e-25,10.0,10,logcosh,1.0,stepsize_pilot
manuscript-pilot,D,pilot_logcosh_d10_k10_rho1_fr-kl,FR--KL,2500492809,120,1.121667899851164,5.952529977275737,-8.881784197001252e-16,nan,8.881784197001254e-16,4.1540741810552243e-16,1.6551696020074895e-14,0.9999999999999841,1.0000000000000009,0.9999999999999845,1.0000000000000013,1.99999999999997,1.4296521802480843e-25,2.880114084798073e-25,0.19018935499479994,0.07567397016100585,,nan,nan,nan,nan,nan,nan,nan,nan,120,120,120,120,120,0,0,0,240,240,0,1,False,False,2.0,0,nan,nan,nan,nan,0.16209626917406456,1.7830589609147085,0.1620962691740644,1.7830589609147083,11.0,0.9999999999999993,1.0000000000000016,6.169173449181403,8.819772271950929e-25,10.0,10,logcosh,1.0,stepsize_pilot
manuscript-pilot,D,pilot_logcosh_d10_k10_rho1_fr-kl,FR--KL,2500492809,121,1.121667899851164,5.952529977275737,-8.881784197001252e-16,nan,1.332267629550188e-15,4.2395449291160814e-16,1.65670232808399e-14,0.999999999999984,1.0000000000000013,0.9999999999999839,1.0000000000000018,1.9999999999999694,1.4288155499490074e-25,2.880114538850751e-25,0.19182069500675425,0.0763325301813893,,nan,nan,nan,nan,nan,nan,nan,nan,121,121,121,121,121,0,0,0,242,242,0,1,False,False,2.0,0,nan,nan,nan,nan,0.16209626917406456,1.7830589609147085,0.1620962691740644,1.7830589609147083,11.0,0.9999999999999993,1.0000000000000016,6.169173449181403,8.814610954523082e-25,10.0,10,logcosh,1.0,stepsize_pilot
manuscript-pilot,D,pilot_logcosh_d10_k10_rho1_fr-kl,FR--KL,2500492809,122,1.121667899851164,5.952529977275737,-8.881784197001252e-16,nan,0.0,3.608891969693562e-16,1.654395176043093e-14,0.9999999999999841,1.0000000000000013,0.9999999999999839,1.0000000000000018,1.9999999999999696,1.4394726346360282e-25,2.8801146036035205e-25,0.1936519549926743,0.07703727018088102,,nan,nan,nan,nan,nan,nan,nan,nan,122,122,122,122,122,0,0,0,244,244,0,1,False,False,2.0,0,nan,nan,nan,nan,0.16209626917406456,1.7830589609147085,0.1620962691740644,1.7830589609147083,11.0,0.9999999999999993,1.0000000000000016,6.169173449181403,8.88035635841993e-25,10.0,10,logcosh,1.0,stepsize_pilot
manuscript-pilot,D,pilot_logcosh_d10_k10_rho1_fr-kl,FR--KL,2500492809,123,1.121667899851164,5.952529977275737,-8.881784197001252e-16,nan,1.2878587085651816e-14,4.133740852009925e-16,1.6528307745742212e-14,0.9999999999999835,1.0000000000000013,0.9999999999999845,1.0000000000000013,1.9999999999999691,1.4484258000892074e-25,2.8801143756921284e-25,0.19522853498347104,0.07766325020929798,,nan,nan,nan,nan,nan,nan,nan,nan,123,123,123,123,123,0,0,0,246,246,0,1,False,False,2.0,0,nan,nan,nan,nan,0.16209626917406456,1.7830589609147085,0.1620962691740644,1.7830589609147083,11.0,0.9999999999999993,1.0000000000000016,6.169173449181403,8.883962568562775e-25,10.0,10,logcosh,1.0,stepsize_pilot
manuscript-pilot,D,pilot_logcosh_d10_k10_rho1_fr-kl,FR--KL,2500492809,124,1.121667899851164,5.952529977275737,-8.881784197001252e-16,nan,1.1546319456101628e-14,3.534070696710979e-16,1.6557714971991357e-14,0.9999999999999831,1.0000000000000013,0.9999999999999839,1.0000000000000018,1.999999999999969,1.4303833135936931e-25,2.8801145870235795e-25,0.19677043496631086,0.07827155018458143,,nan,nan,nan,nan,nan,nan,nan,nan,124,124,124,124,124,0,0,0,248,248,0,1,False,False,2.0,0,nan,nan,nan,nan,0.16209626917406456,1.7830589609147085,0.1620962691740644,1.7830589609147083,11.0,0.9999999999999993,1.0000000000000016,6.169173449181403,8.824282760374479e-25,10.0,10,logcosh,1.0,stepsize_pilot
manuscript-pilot,D,pilot_logcosh_d10_k10_rho1_fr-kl,FR--KL,2500492809,125,1.121667899851164,5.952529977275737,-8.881784197001252e-16,nan,9.325873406851315e-15,4.704651940990991e-16,1.6572288500980062e-14,0.9999999999999841,1.000000000000001,0.9999999999999842,1.0000000000000016,1.9999999999999696,1.444716206294289e-25,2.8801145387854883e-25,0.1983862950000912,0.07890575018245727,,nan,nan,nan,nan,nan,nan,nan,nan,125,125,125,125,125,0,0,0,250,250,0,1,False,False,2.0,0,nan,nan,nan,nan,0.16209626917406456,1.7830589609147085,0.1620962691740644,1.7830589609147083,11.0,0.9999999999999993,1.0000000000000016,6.169173449181403,8.88396307163839e-25,10.0,10,logcosh,1.0,stepsize_pilot
manuscript-pilot,D,pilot_logcosh_d10_k10_rho1_fr-kl,FR--KL,2500492809,126,1.121667899851164,5.952529977275737,-8.881784197001252e-16,nan,6.217248937900877e-15,4.1197399960328223e-16,1.6578552382224417e-14,0.9999999999999835,1.0000000000000009,0.9999999999999833,1.0000000000000016,1.9999999999999694,1.4273409153922673e-25,2.880114747389231e-25,0.20010431401897222,0.07954265014268458,,nan,nan,nan,nan,nan,nan,nan,nan,126,126,126,126,126,0,0,0,252,252,0,1,False,False,2.0,0,nan,nan,nan,nan,0.16209626917406456,1.7830589609147085,0.1620962691740644,1.7830589609147083,11.0,0.9999999999999993,1.0000000000000016,6.169173449181403,8.805513678168402e-25,10.0,10,logcosh,1.0,stepsize_pilot
manuscript-pilot,D,pilot_logcosh_d10_k10_rho1_fr-kl,FR--KL,2500492809,127,1.121667899851164,5.952529977275737,-8.881784197001252e-16,nan,4.6629367034256575e-15,4.855738599241183e-16,1.658211284593428e-14,0.999999999999984,1.000000000000001,0.9999999999999838,1.0000000000000018,1.9999999999999687,1.455399971067363e-25,2.8801147119898825e-25,0.20189955399837345,0.08031560014933348,,nan,nan,nan,nan,nan,nan,nan,nan,127,127,127,127,127,0,0,0,254,254,0,1,False,False,2.0,0,nan,nan,nan,nan,0.16209626917406456,1.7830589609147085,0.1620962691740644,1.7830589609147083,11.0,0.9999999999999993,1.0000000000000016,6.169173449181403,8.883963605902364e-25,10.0,10,logcosh,1.0,stepsize_pilot
manuscript-pilot,D,pilot_logcosh_d10_k10_rho1_fr-kl,FR--KL,2500492809,128,1.121667899851164,5.952529977275737,-8.881784197001252e-16,nan,1.5765166949677223e-14,4.1383972779886043e-16,1.655109908414997e-14,0.999999999999984,1.0000000000000016,0.9999999999999841,1.0000000000000018,1.9999999999999694,1.4423950495364996e-25,2.8801145888138675e-25,0.20378219400299713,0.0810631001368165,,nan,nan,nan,nan,nan,nan,nan,nan,128,128,128,128,128,0,0,0,256,256,0,1,False,False,2.0,0,nan,nan,nan,nan,0.16209626917406456,1.7830589609147085,0.1620962691740644,1.7830589609147083,11.0,0.9999999999999993,1.0000000000000016,6.169173449181403,8.883963225955264e-25,10.0,10,logcosh,1.0,stepsize_pilot
manuscript-pilot,D,pilot_logcosh_d10_k10_rho1_fr-kl,FR--KL,2500492809,129,1.121667899851164,5.952529977275737,-8.881784197001252e-16,nan,4.218847493575595e-15,3.7270322944526437e-16,1.6463247852745694e-14,0.9999999999999836,1.000000000000001,0.9999999999999839,1.0000000000000016,1.9999999999999694,1.4507363855600113e-25,2.8801138618083757e-25,0.20567201398080215,0.08181012014392763,,nan,nan,nan,nan,nan,nan,nan,nan,129,129,129,129,129,0,0,0,258,258,0,1,False,False,2.0,0,nan,nan,nan,nan,0.16209626917406456,1.7830589609147085,0.1620962691740644,1.7830589609147083,11.0,0.9999999999999993,1.0000000000000016,6.169173449181403,8.883960983443774e-25,10.0,10,logcosh,1.0,stepsize_pilot
manuscript-pilot,D,pilot_logcosh_d10_k10_rho1_fr-kl,FR--KL,2500492809,130,1.121667899851164,5.952529977275737,-8.881784197001252e-16,nan,0.0,4.0179730908538947e-16,1.649942780065984e-14,0.9999999999999846,1.0000000000000018,0.9999999999999841,1.000000000000002,1.9999999999999691,1.4341974162982447e-25,2.8801141774564888e-25,0.20756936399266124,0.08257753017824143,,nan,nan,nan,nan,nan,nan,nan,nan,130,130,130,130,130,0,0,0,260,260,0,1,False,False,2.0,0,nan,nan,nan,nan,0.16209626917406456,1.7830589609147085,0.1620962691740644,1.7830589609147083,11.0,0.9999999999999993,1.0000000000000016,6.169173449181403,8.847812621511837e-25,10.0,10,logcosh,1.0,stepsize_pilot
manuscript-pilot,D,pilot_logcosh_d10_k10_rho1_fr-kl,FR--KL,2500492809,131,1.121667899851164,5.952529977275737,-8.881784197001252e-16,nan,6.217248937900877e-15,3.7758040750714953e-16,1.6511578595037705e-14,0.999999999999984,1.0000000000000013,0.9999999999999843,1.0000000000000018,1.9999999999999694,1.4431448205156488e-25,2.8801143043213116e-25,0.20946783397812396,0.08334613020997494,,nan,nan,nan,nan,nan,nan,nan,nan,131,131,131,131,131,0,0,0,262,262,0,1,False,False,2.0,0,nan,nan,nan,nan,0.16209626917406456,1.7830589609147085,0.1620962691740644,1.7830589609147083,11.0,0.9999999999999993,1.0000000000000016,6.169173449181403,8.883962348413302e-25,10.0,10,logcosh,1.0,stepsize_pilot
manuscript-pilot,D,pilot_logcosh_d10_k10_rho1_fr-kl,FR--KL,2500492809,132,1.121667899851164,5.952529977275737,-8.881784197001252e-16,nan,1.2434497875801753e-14,4.1267463616321437e-16,1.6517792244097948e-14,0.9999999999999839,1.000000000000001,0.999999999999984,1.000000000000001,1.9999999999999691,1.4454244623033567e-25,2.880114738292036e-25,0.21139401401160285,0.08410900022136047,,nan,nan,nan,nan,nan,nan,nan,nan,132,132,132,132,132,0,0,0,264,264,0,1,False,False,2.0,0,nan,nan,nan,nan,0.16209626917406456,1.7830589609147085,0.1620962691740644,1.7830589609147083,11.0,0.9999999999999993,1.0000000000000016,6.169173449181403,8.883963687033638e-25,10.0,10,logcosh,1.0,stepsize_pilot
manuscript-pilot,D,pilot_logcosh_d10_k10_rho1_fr-kl,FR--KL,2500492809,133,1.121667899851164,5.952529977275737,-8.881784197001252e-16,nan,5.329070518200751e-15,3.9842788013154634e-16,1.6524754546931558e-14,0.9999999999999837,1.0000000000000016,0.9999999999999842,1.0000000000000018,1.9999999999999698,1.423701852419899e-25,2.880114342616975e-25,0.21329923399025574,0.084883930219803,,nan,nan,nan,nan,nan,nan,nan,nan,133,133,133,133,133,0,0,0,266,266,0,1,False,False,2.0,0,nan,nan,nan,nan,0.16209626917406456,1.7830589609147085,0.1620962691740644,1.7830589609147083,11.0,0.9999999999999993,1.0000000000000016,6.169173449181403,8.783063667499365e-25,10.0,10,logcosh,1.0,stepsize_pilot
manuscript-pilot,D,pilot_logcosh_d10_k10_rho1_fr-kl,FR--KL,2500492809,134,1.121667899851164,5.952529977275737,-8.881784197001252e-16,nan,6.439293542825908e-15,4.308824046522781e-16,1.652348356112311e-14,0.9999999999999841,1.000000000000001,0.999999999999984,1.0000000000000016,1.999999999999969,1.4416482546382743e-25,2.880114407400629e-25,0.2151940239709802,0.08564774022670463,,nan,nan,nan,nan,nan,nan,nan,nan,134,134,134,134,134,0,0,0,268,268,0,1,False,False,2.0,0,nan,nan,nan,nan,0.16209626917406456,1.7830589609147085,0.1620962691740644,1.7830589609147083,11.0,0.9999999999999993,1.0000000000000016,6.169173449181403,8.883962666370396e-25,10.0,10,logcosh,1.0,stepsize_pilot
manuscript-pilot,D,pilot_logcosh_d10_k10_rho1_fr-kl,FR--KL,2500492809,135,1.121667899851164,5.952529977275737,-8.881784197001252e-16,nan,6.661338147750939e-15,4.163914543352935e-16,1.6555572622723943e-14,0.9999999999999835,1.0000000000000009,0.9999999999999838,1.000000000000001,1.9999999999999687,1.4356088891795747e-25,2.8801141872817564e-25,0.21709904400631785,0.08642087026964873,,nan,nan,nan,nan,nan,nan,nan,nan,135,135,135,135,135,0,0,0,270,270,0,1,False,False,2.0,0,nan,nan,nan,nan,0.16209626917406456,1.7830589609147085,0.1620962691740644,1.7830589609147083,11.0,0.9999999999999993,1.0000000000000016,6.169173449181403,8.856520242535588e-25,10.0,10,logcosh,1.0,stepsize_pilot
manuscript-pilot,D,pilot_logcosh_d10_k10_rho1_fr-kl,FR--KL,2500492809,136,1.121667899851164,5.952529977275737,-8.881784197001252e-16,nan,2.4424906541753444e-15,3.646056971734382e-16,1.6538511932672383e-14,0.9999999999999841,1.000000000000001,0.9999999999999833,1.0000000000000018,1.9999999999999691,1.440172152413603e-25,2.880114567002158e-25,0.2189915839699097,0.08718816022155806,,nan,nan,nan,nan,nan,nan,nan,nan,136,136,136,136,136,0,0,0,272,272,0,1,False,False,2.0,0,nan,nan,nan,nan,0.16209626917406456,1.7830589609147085,0.1620962691740644,1.7830589609147083,11.0,0.9999999999999993,1.0000000000000016,6.169173449181403,8.883963158675154e-25,10.0,10,logcosh,1.0,stepsize_pilot
manuscript-pilot,D,pilot_logcosh_d10_k10_rho1_fr-kl,FR--KL,2500492809,137,1.121667899851164,5.952529977275737,-8.881784197001252e-16,nan,1.1102230246251567e-15,3.560538422616582e-16,1.6524494520858035e-14,0.9999999999999836,1.0000000000000013,0.9999999999999835,1.0000000000000016,1.9999999999999698,1.4311618357541497e-25,2.8801140145004964e-25,0.2208660640171729,0.08793355023954064,,nan,nan,nan,nan,nan,nan,nan,nan,137,137,137,137,137,0,0,0,274,274,0,1,False,False,2.0,0,nan,nan,nan,nan,0.16209626917406456,1.7830589609147085,0.1620962691740644,1.7830589609147083,11.0,0.9999999999999993,1.0000000000000016,6.169173449181403,8.829085598616361e-25,10.0,10,logcosh,1.0,stepsize_pilot
manuscript-pilot,D,pilot_logcosh_d10_k10_rho1_fr-kl,FR--KL,2500492809,138,1.121667899851164,5.952529977275737,-8.881784197001252e-16,nan,5.551115123125783e-15,3.881441354699199e-16,1.6523335053948267e-14,0.9999999999999839,1.000000000000001,0.9999999999999838,1.0000000000000016,1.9999999999999698,1.4356468862067717e-25,2.8801141216056196e-25,0.22278544399887323,0.08867854025447741,,nan,nan,nan,nan,nan,nan,nan,nan,138,138,138,138,138,0,0,0,276,276,0,1,False,False,2.0,0,nan,nan,nan,nan,0.16209626917406456,1.7830589609147085,0.1620962691740644,1.7830589609147083,11.0,0.9999999999999993,1.0000000000000016,6.169173449181403,8.856754652786914e-25,10.0,10,logcosh,1.0,stepsize_pilot
manuscript-pilot,D,pilot_logcosh_d10_k10_rho1_fr-kl,FR--KL,2500492809,139,1.121667899851164,5.952529977275737,-8.881784197001252e-16,nan,8.881784197001254e-16,3.9764160802686634e-16,1.652333029256267e-14,0.999999999999984,1.000000000000001,0.9999999999999837,1.0000000000000018,1.9999999999999698,1.4371293100811572e-25,2.8801141731373547e-25,0.2247326240176335,0.08942373027093709,,nan,nan,nan,nan,nan,nan,nan,nan,139,139,139,139,139,0,0,0,278,278,0,1,False,False,2.0,0,nan,nan,nan,nan,0.16209626917406456,1.7830589609147085,0.1620962691740644,1.7830589609147083,11.0,0.9999999999999993,1.0000000000000016,6.169173449181403,8.865899982793205e-25,10.0,10,logcosh,1.0,stepsize_pilot
manuscript-pilot,D,pilot_logcosh_d10_k10_rho1_fr-kl,FR--KL,2500492809,140,1.121667899851164,5.952529977275737,-8.881784197001252e-16,nan,6.439293542825908e-15,3.8220647074817003e-16,1.652340824356681e-14,0.999999999999984,1.0000000000000013,0.9999999999999838,1.0000000000000013,1.9999999999999696,1.4416453433267627e-25,2.880114302522078e-25,0.22661723400233313,0.09019276028266177,,nan,nan,nan,nan,nan,nan,nan,nan,140,140,140,140,140,0,0,0,280,280,0,1,False,False,2.0,0,nan,nan,nan,nan,0.16209626917406456,1.7830589609147085,0.1620962691740644,1.7830589609147083,11.0,0.9999999999999993,1.0000000000000016,6.169173449181403,8.88396234286341e-25,10.0,10,logcosh,1.0,stepsize_pilot
manuscript-pilot,D,pilot_logcosh_d10_k10_rho1_fr-kl,FR--KL,2500492809,141,1.121667899851164,5.952529977275737,-8.881784197001252e-16,nan,4.440892098500626e-15,3.9576034759345446e-16,1.6523462799095016e-14,0.999999999999983,1.0000000000000013,0.9999999999999835,1.000000000000002,1.9999999999999698,1.4424059746090395e-25,2.8801140564143946e-25,0.22850344399921596,0.09095237025758252,,nan,nan,nan,nan,nan,nan,nan,nan,141,141,141,141,141,0,0,0,282,282,0,1,False,False,2.0,0,nan,nan,nan,nan,0.16209626917406456,1.7830589609147085,0.1620962691740644,1.7830589609147083,11.0,0.9999999999999993,1.0000000000000016,6.169173449181403,8.883961583722917e-25,10.0,10,logcosh,1.0,stepsize_pilot
manuscript-pilot,D,pilot_logcosh_d10_k10_rho1_fr-kl,FR--KL,2500492809,142,1.121667899851164,5.952529977275737,-8.881784197001252e-16,nan,0.0,3.32270874531606e-16,1.6555484006874585e-14,0.999999999999984,1.0000000000000009,0.999999999999984,1.0000000000000016,1.9999999999999694,1.4401872817310516e-25,2.8801143617135816e-25,0.23040455399313942,0.09172588028013706,,nan,nan,nan,nan,nan,nan,nan,nan,142,142,142,142,142,0,0,0,284,284,0,1,False,False,2.0,0,nan,nan,nan,nan,0.16209626917406456,1.7830589609147085,0.1620962691740644,1.7830589609147083,11.0,0.9999999999999993,1.0000000000000016,6.169173449181403,8.883962525444737e-25,10.0,10,logcosh,1.0,stepsize_pilot
manuscript-pilot,D,pilot_logcosh_d10_k10_rho1_fr-kl,FR--KL,2500492809,143,1.121667899851164,5.952529977275737,-8.881784197001252e-16,nan,9.547918011776346e-15,3.5774019176566086e-16,1.6538540208757084e-14,0.9999999999999832,1.0000000000000013,0.9999999999999843,1.0000000000000018,1.9999999999999698,1.4289530041616591e-25,2.8801144886636636e-25,0.23230393399717286,0.09250267030438408,,nan,nan,nan,nan,nan,nan,nan,nan,143,143,143,143,143,0,0,0,286,286,0,1,False,False,2.0,0,nan,nan,nan,nan,0.16209626917406456,1.7830589609147085,0.1620962691740644,1.7830589609147083,11.0,0.9999999999999993,1.0000000000000016,6.169173449181403,8.81545893340226e-25,10.0,10,logcosh,1.0,stepsize_pilot
manuscript-pilot,D,pilot_logcosh_d10_k10_rho1_fr-kl,FR--KL,2500492809,144,1.121667899851164,5.952529977275737,-8.881784197001252e-16,nan,5.329070518200751e-15,4.285293691187605e-16,1.6530589791880732e-14,0.9999999999999841,1.000000000000001,0.9999999999999841,1.0000000000000016,1.9999999999999691,1.4424002102372193e-25,2.88011425486e-25,0.23421071300981566,0.09326844027964398,,nan,nan,nan,nan,nan,nan,nan,nan,144,144,144,144,144,0,0,0,288,288,0,1,False,False,2.0,0,nan,nan,nan,nan,0.16209626917406456,1.7830589609147085,0.1620962691740644,1.7830589609147083,11.0,0.9999999999999993,1.0000000000000016,6.169173449181403,8.883962195845597e-25,10.0,10,logcosh,1.0,stepsize_pilot
manuscript-pilot,D,pilot_logcosh_d10_k10_rho1_fr-kl,FR--KL,2500492809,145,1.121667899851164,5.952529977275737,-8.881784197001252e-16,nan,8.43769498715119e-15,3.555125210177728e-16,1.6526850478420602e-14,0.9999999999999836,1.0000000000000013,0.9999999999999842,1.0000000000000018,1.9999999999999691,1.4492189018160313e-25,2.880114482792446e-25,0.23608554300153628,0.09402198024326935,,nan,nan,nan,nan,nan,nan,nan,nan,145,145,145,145,145,0,0,0,290,290,0,1,False,False,2.0,0,nan,nan,nan,nan,0.16209626917406456,1.7830589609147085,0.1620962691740644,1.7830589609147083,11.0,0.9999999999999993,1.0000000000000016,6.169173449181403,8.883962898922993e-25,10.0,10,logcosh,1.0,stepsize_pilot
manuscript-pilot,D,pilot_logcosh_d10_k10_rho1_fr-kl,FR--KL,2500492809,146,1.121667899851164,5.952529977275737,-8.881784197001252e-16,nan,1.2212453270876722e-14,5.401651475008974e-16,1.6525089802109118e-14,0.9999999999999833,1.0000000000000018,0.9999999999999839,1.0000000000000016,1.9999999999999698,1.4304000825740368e-25,2.880114497716953e-25,0.2379940029932186,0.0947884302586317,,nan,nan,nan,nan,nan,nan,nan,nan,146,146,146,146,146,0,0,0,292,292,0,1,False,False,2.0,0,nan,nan,nan,nan,0.16209626917406456,1.7830589609147085,0.1620962691740644,1.7830589609147083,11.0,0.9999999999999993,1.0000000000000016,6.169173449181403,8.824386211122782e-25,10.0,10,logcosh,1.0,stepsize_pilot
manuscript-pilot,D,pilot_logcosh_d10_k10_rho1_fr-kl,FR--KL,2500492809,147,1.121667899851164,5.952529977275737,-8.881784197001252e-16,nan,1.1102230246251567e-15,4.219052916354454e-16,1.651880966726364e-14,0.9999999999999837,1.0000000000000013,0.9999999999999839,1.0000000000000016,1.9999999999999696,1.4408698876107814e-25,2.8801141692311604e-25,0.23987331299576908,0.095539610250853,,nan,nan,nan,nan,nan,nan,nan,nan,147,147,147,147,147,0,0,0,294,294,0,1,False,False,2.0,0,nan,nan,nan,nan,0.16209626917406456,1.7830589609147085,0.1620962691740644,1.7830589609147083,11.0,0.9999999999999993,1.0000000000000016,6.169173449181403,8.883961931716015e-25,10.0,10,logcosh,1.0,stepsize_pilot
manuscript-pilot,D,pilot_logcosh_d10_k10_rho1_fr-kl,FR--KL,2500492809,148,1.121667899851164,5.952529977275737,-8.881784197001252e-16,nan,0.0,4.1238284892729584e-16,1.6521240737904558e-14,0.9999999999999842,1.0000000000000013,0.9999999999999836,1.0000000000000016,1.9999999999999691,1.4514787132413842e-25,2.8801144137248656e-25,0.2417683929670602,0.09628686029464006,,nan,nan,nan,nan,nan,nan,nan,nan,148,148,148,148,148,0,0,0,296,296,0,1,False,False,2.0,0,nan,nan,nan,nan,0.16209626917406456,1.7830589609147085,0.1620962691740644,1.7830589609147083,11.0,0.9999999999999993,1.0000000000000016,6.169173449181403,8.883962685878052e-25,10.0,10,logcosh,1.0,stepsize_pilot
manuscript-pilot,D,pilot_logcosh_d10_k10_rho1_fr-kl,FR--KL,2500492809,149,1.121667899851164,5.952529977275737,-8.881784197001252e-16,nan,1.4654943925052066e-14,3.5197364059359467e-16,1.651708919865987e-14,0.9999999999999836,1.0000000000000013,0.9999999999999833,1.0000000000000016,1.99999999999997,1.4364244896859205e-25,2.8801146854569634e-25,0.24366598296910524,0.09703572030412033,,nan,nan,nan,nan,nan,nan,nan,nan,149,149,149,149,149,0,0,0,298,298,0,1,False,False,2.0,0,nan,nan,nan,nan,0.16209626917406456,1.7830589609147085,0.1620962691740644,1.7830589609147083,11.0,0.9999999999999993,1.0000000000000016,6.169173449181403,8.861551823524474e-25,10.0,10,logcosh,1.0,stepsize_pilot
manuscript-pilot,D,pilot_logcosh_d10_k10_rho1_fr-kl,FR--KL,2500492809,150,1.121667899851164,5.952529977275737,-8.881784197001252e-16,nan,0.0,5.310860950500499e-16,1.651952805902547e-14,0.9999999999999838,1.0000000000000018,0.9999999999999845,1.0000000000000013,1.9999999999999696,1.4507558757155116e-25,2.880114202243859e-25,0.24553912301780656,0.09778204030590132,,nan,nan,nan,nan,nan,nan,nan,nan,150,150,150,150,150,0,0,0,300,300,0,1,False,False,2.0,0,nan,nan,nan,nan,0.16209626917406456,1.7830589609147085,0.1620962691740644,1.7830589609147083,11.0,0.9999999999999993,1.0000000000000016,6.169173449181403,8.883962033546546e-25,10.0,10,logcosh,1.0,stepsize_pilot
manuscript-pilot,D,pilot_logcosh_d10_k10_rho1_fr-kl,FR--KL,2500492809,151,1.121667899851164,5.952529977275737,-8.881784197001252e-16,nan,5.10702591327572e-15,3.854054319296312e-16,1.6553452554481397e-14,0.9999999999999836,1.000000000000001,0.9999999999999836,1.000000000000002,1.9999999999999696,1.4266186519857443e-25,2.8801137979360383e-25,0.24742657301248983,0.0985357603058219,,nan,nan,nan,nan,nan,nan,nan,nan,151,151,151,151,151,0,0,0,302,302,0,1,False,False,2.0,0,nan,nan,nan,nan,0.16209626917406456,1.7830589609147085,0.1620962691740644,1.7830589609147083,11.0,0.9999999999999993,1.0000000000000016,6.169173449181403,8.801057909937564e-25,10.0,10,logcosh,1.0,stepsize_pilot
manuscript-pilot,D,pilot_logcosh_d10_k10_rho1_fr-kl,FR--KL,2500492809,152,1.121667899851164,5.952529977275737,-8.881784197001252e-16,nan,4.218847493575595e-15,4.1529149584343407e-16,1.6537553999037246e-14,0.9999999999999841,1.0000000000000016,0.999999999999984,1.0000000000000016,1.9999999999999696,1.4251671434553463e-25,2.880114567869146e-25,0.24930930300615728,0.09929640026530251,,nan,nan,nan,nan,nan,nan,nan,nan,152,152,152,152,152,0,0,0,304,304,0,1,False,False,2.0,0,nan,nan,nan,nan,0.16209626917406456,1.7830589609147085,0.1620962691740644,1.7830589609147083,11.0,0.9999999999999993,1.0000000000000016,6.169173449181403,8.792103302050567e-25,10.0,10,logcosh,1.0,stepsize_pilot
manuscript-pilot,D,pilot_logcosh_d10_k10_rho1_fr-kl,FR--KL,2500492809,153,1.121667899851164,5.952529977275737,-8.881784197001252e-16,nan,1.7763568394002505e-15,3.831501141992744e-16,1.6530118573803905e-14,0.9999999999999836,1.0000000000000009,0.999999999999984,1.0000000000000018,1.9999999999999698,1.42885437409115e-25,2.8801143797353624e-25,0.251201762992423,0.10006399027770385,,nan,nan,nan,nan,nan,nan,nan,nan,153,153,153,153,153,0,0,0,306,306,0,1,False,False,2.0,0,nan,nan,nan,nan,0.16209626917406456,1.7830589609147085,0.1620962691740644,1.7830589609147083,11.0,0.9999999999999993,1.0000000000000016,6.169173449181403,8.81485046738998e-25,10.0,10,logcosh,1.0,stepsize_pilot
manuscript-pilot,D,pilot_logcosh_d10_k10_rho1_fr-kl,FR--KL,2500492809,154,1.121667899851164,5.952529977275737,-8.881784197001252e-16,nan,1.4210854715202004e-14,3.796786224392738e-16,1.6520525763151968e-14,0.9999999999999838,1.0000000000000009,0.9999999999999845,1.0000000000000018,1.999999999999969,1.418389412786256e-25,2.880113965022793e-25,0.25310734298545867,0.10083393024979159,,nan,nan,nan,nan,nan,nan,nan,nan,154,154,154,154,154,0,0,0,308,308,0,1,False,False,2.0,0,nan,nan,nan,nan,0.16209626917406456,1.7830589609147085,0.1620962691740644,1.7830589609147083,11.0,0.9999999999999993,1.0000000000000016,6.169173449181403,8.750290305961114e-25,10.0,10,logcosh,1.0,stepsize_pilot
manuscript-pilot,D,pilot_logcosh_d10_k10_rho1_fr-kl,FR--KL,2500492809,155,1.121667899851164,5.952529977275737,-8.881784197001252e-16,nan,5.551115123125783e-15,3.9993559716704375e-16,1.6516787142411368e-14,0.9999999999999833,1.0000000000000009,0.999999999999984,1.0000000000000018,1.9999999999999698,1.446254949336041e-25,2.880114065859849e-25,0.2549998229951598,0.10159544023917988,,nan,nan,nan,nan,nan,nan,nan,nan,155,155,155,155,155,0,0,0,310,310,0,1,False,False,2.0,0,nan,nan,nan,nan,0.16209626917406456,1.7830589609147085,0.1620962691740644,1.7830589609147083,11.0,0.9999999999999993,1.0000000000000016,6.169173449181403,8.88396161285824e-25,10.0,10,logcosh,1.0,stepsize_pilot
manuscript-pilot,D,pilot_logcosh_d10_k10_rho1_fr-kl,FR--KL,2500492809,156,1.121667899851164,5.952529977275737,-8.881784197001252e-16,nan,6.8833827526759706e-15,3.394388883480594e-16,1.652020554790397e-14,0.9999999999999841,1.0000000000000009,0.9999999999999846,1.0000000000000016,1.9999999999999694,1.4470137044175091e-25,2.880114609937271e-25,0.25689313298789784,0.10234603023855016,,nan,nan,nan,nan,nan,nan,nan,nan,156,156,156,156,156,0,0,0,312,312,0,1,False,False,2.0,0,nan,nan,nan,nan,0.16209626917406456,1.7830589609147085,0.1620962691740644,1.7830589609147083,11.0,0.9999999999999993,1.0000000000000016,6.169173449181403,8.883963291112234e-25,10.0,10,logcosh,1.0,stepsize_pilot
manuscript-pilot,D,pilot_logcosh_d10_k10_rho1_fr-kl,FR--KL,2500492809,157,1.121667899851164,5.952529977275737,-8.881784197001252e-16,nan,9.547918011776346e-15,4.771719477035306e-16,1.6515950884092477e-14,0.9999999999999842,1.000000000000001,0.9999999999999838,1.0000000000000016,1.99999999999997,1.4499344340302621e-25,2.880113998438645e-25,0.2587621529819444,0.10308622027514502,,nan,nan,nan,nan,nan,nan,nan,nan,157,157,157,157,157,0,0,0,314,314,0,1,False,False,2.0,0,nan,nan,nan,nan,0.16209626917406456,1.7830589609147085,0.1620962691740644,1.7830589609147083,11.0,0.9999999999999993,1.0000000000000016,6.169173449181403,8.883961404891688e-25,10.0,10,logcosh,1.0,stepsize_pilot
manuscript-pilot,D,pilot_logcosh_d10_k10_rho1_fr-kl,FR--KL,2500492809,158,1.121667899851164,5.952529977275737,-8.881784197001252e-16,nan,4.884981308350689e-15,4.156970823329708e-16,1.6546704309304412e-14,0.999999999999984,1.0000000000000013,0.9999999999999841,1.0000000000000016,1.9999999999999694,1.4258681703361167e-25,2.880114355906128e-25,0.2606652730028145,0.10384725028416142,,nan,nan,nan,nan,nan,nan,nan,nan,158,158,158,158,158,0,0,0,316,316,0,1,False,False,2.0,0,nan,nan,nan,nan,0.16209626917406456,1.7830589609147085,0.1620962691740644,1.7830589609147083,11.0,0.9999999999999993,1.0000000000000016,6.169173449181403,8.796428058470579e-25,10.0,10,logcosh,1.0,stepsize_pilot
manuscript-pilot,D,pilot_logcosh_d10_k10_rho1_fr-kl,FR--KL,2500492809,159,1.121667899851164,5.952529977275737,-8.881784197001252e-16,nan,1.9984014443252818e-15,3.910483826642766e-16,1.6534279128565413e-14,0.9999999999999836,1.0000000000000018,0.9999999999999833,1.0000000000000016,1.9999999999999696,1.4363898877631747e-25,2.8801142501788518e-25,0.26254666299792007,0.10460018028970808,,nan,nan,nan,nan,nan,nan,nan,nan,159,159,159,159,159,0,0,0,318,318,0,1,False,False,2.0,0,nan,nan,nan,nan,0.16209626917406456,1.7830589609147085,0.1620962691740644,1.7830589609147083,11.0,0.9999999999999993,1.0000000000000016,6.169173449181403,8.861338358261379e-25,10.0,10,logcosh,1.0,stepsize_pilot
manuscript-pilot,D,pilot_logcosh_d10_k10_rho1_fr-kl,FR--KL,2500492809,160,1.121667899851164,5.952529977275737,-8.881784197001252e-16,nan,1.354472090042691e-14,3.811341837928043e-16,1.652258890165381e-14,0.9999999999999841,1.0000000000000013,0.9999999999999843,1.0000000000000018,1.9999999999999698,1.4393890263527984e-25,2.8801144145397018e-25,0.26443417300470173,0.10536578029859811,,nan,nan,nan,nan,nan,nan,nan,nan,160,160,160,160,160,0,0,0,320,320,0,1,False,False,2.0,0,nan,nan,nan,nan,0.16209626917406456,1.7830589609147085,0.1620962691740644,1.7830589609147083,11.0,0.9999999999999993,1.0000000000000016,6.169173449181403,8.879840564418897e-25,10.0,10,logcosh,1.0,stepsize_pilot
manuscript-pilot,D,pilot_logcosh_d10_k10_rho1_fr-kl,FR--KL,2500492809,161,1.121667899851164,5.952529977275737,-8.881784197001252e-16,nan,2.220446049250313e-15,4.0341179990268183e-16,1.652237112312805e-14,0.9999999999999841,1.0000000000000009,0.9999999999999838,1.000000000000002,1.9999999999999696,1.4333522403984828e-25,2.8801139342286757e-25,0.2663411319954321,0.10613981931237504,,nan,nan,nan,nan,nan,nan,nan,nan,161,161,161,161,161,0,0,0,322,322,0,1,False,False,2.0,0,nan,nan,nan,nan,0.16209626917406456,1.7830589609147085,0.1620962691740644,1.7830589609147083,11.0,0.9999999999999993,1.0000000000000016,6.169173449181403,8.84259858479114e-25,10.0,10,logcosh,1.0,stepsize_pilot
manuscript-pilot,D,pilot_logcosh_d10_k10_rho1_fr-kl,FR--KL,2500492809,162,1.121667899851164,5.952529977275737,-8.881784197001252e-16,nan,1.021405182655144e-14,3.7431457820150607e-16,1.6522373062387696e-14,0.9999999999999845,1.000000000000001,0.9999999999999832,1.0000000000000016,1.9999999999999698,1.4439349901342347e-25,2.8801137931242674e-25,0.26824796199798584,0.1069052093080245,,nan,nan,nan,nan,nan,nan,nan,nan,162,162,162,162,162,0,0,0,324,324,0,1,False,False,2.0,0,nan,nan,nan,nan,0.16209626917406456,1.7830589609147085,0.1620962691740644,1.7830589609147083,11.0,0.9999999999999993,1.0000000000000016,6.169173449181403,8.883960771581685e-25,10.0,10,logcosh,1.0,stepsize_pilot
manuscript-pilot,D,pilot_logcosh_d10_k10_rho1_fr-kl,FR--KL,2500492809,163,1.121667899851164,5.952529977275737,-8.881784197001252e-16,nan,5.551115123125783e-15,3.853429624532617e-16,1.6522397209868533e-14,0.999999999999984,1.000000000000001,0.999999999999984,1.0000000000000016,1.9999999999999696,1.4401220556753663e-25,2.88011392837806e-25,0.27015790197765455,0.10766886931378394,,nan,nan,nan,nan,nan,nan,nan,nan,163,163,163,163,163,0,0,0,326,326,0,1,False,False,2.0,0,nan,nan,nan,nan,0.16209626917406456,1.7830589609147085,0.1620962691740644,1.7830589609147083,11.0,0.9999999999999993,1.0000000000000016,6.169173449181403,8.88396118878374e-25,10.0,10,logcosh,1.0,stepsize_pilot
manuscript-pilot,D,pilot_logcosh_d10_k10_rho1_fr-kl,FR--KL,2500492809,164,1.121667899851164,5.952529977275737,-8.881784197001252e-16,nan,1.0436096431476471e-14,4.1887016835014303e-16,1.6522880312892014e-14,0.9999999999999841,1.0000000000000013,0.9999999999999839,1.0000000000000016,1.9999999999999698,1.4575216979357996e-25,2.8801138062653414e-25,0.2720599820022471,0.10843163932440802,,nan,nan,nan,nan,nan,nan,nan,nan,164,164,164,164,164,0,0,0,328,328,0,1,False,False,2.0,0,nan,nan,nan,nan,0.16209626917406456,1.7830589609147085,0.1620962691740644,1.7830589609147083,11.0,0.9999999999999993,1.0000000000000016,6.169173449181403,8.883960812116468e-25,10.0,10,logcosh,1.0,stepsize_pilot
manuscript-pilot,D,pilot_logcosh_d10_k10_rho1_fr-kl,FR--KL,2500492809,165,1.121667899851164,5.952529977275737,-8.881784197001252e-16,nan,8.215650382226158e-15,4.0774489874090157e-16,1.6523194391301904e-14,0.9999999999999841,1.0000000000000013,0.999999999999984,1.000000000000001,1.9999999999999696,1.4476547486803807e-25,2.880114388932094e-25,0.2739827819750644,0.1092071293387562,,nan,nan,nan,nan,nan,nan,nan,nan,165,165,165,165,165,0,0,0,330,330,0,1,False,False,2.0,0,nan,nan,nan,nan,0.16209626917406456,1.7830589609147085,0.1620962691740644,1.7830589609147083,11.0,0.9999999999999993,1.0000000000000016,6.169173449181403,8.883962609402599e-25,10.0,10,logcosh,1.0,stepsize_pilot
manuscript-pilot,D,pilot_logcosh_d10_k10_rho1_fr-kl,FR--KL,2500492809,166,1.121667899851164,5.952529977275737,-8.881784197001252e-16,nan,3.552713678800501e-15,4.241248127683263e-16,1.645077757998014e-14,0.9999999999999845,1.000000000000001,0.9999999999999843,1.0000000000000013,1.9999999999999696,1.4387213641439155e-25,2.8801146468624303e-25,0.2758737920084968,0.10995847935555503,,nan,nan,nan,nan,nan,nan,nan,nan,166,166,166,166,166,0,0,0,332,332,0,1,False,False,2.0,0,nan,nan,nan,nan,0.16209626917406456,1.7830589609147085,0.1620962691740644,1.7830589609147083,11.0,0.9999999999999993,1.0000000000000016,6.169173449181403,8.875721640446831e-25,10.0,10,logcosh,1.0,stepsize_pilot
manuscript-pilot,D,pilot_logcosh_d10_k10_rho1_fr-kl,FR--KL,2500492809,167,1.121667899851164,5.952529977275737,-8.881784197001252e-16,nan,7.771561172376096e-15,3.555802312404641e-16,1.6493472194665912e-14,0.9999999999999839,1.000000000000001,0.9999999999999845,1.000000000000002,1.9999999999999687,1.439429355431169e-25,2.880114515804828e-25,0.277787601982709,0.11070776934502646,,nan,nan,nan,nan,nan,nan,nan,nan,167,167,167,167,167,0,0,0,334,334,0,1,False,False,2.0,0,nan,nan,nan,nan,0.16209626917406456,1.7830589609147085,0.1620962691740644,1.7830589609147083,11.0,0.9999999999999993,1.0000000000000016,6.169173449181403,8.880089361498413e-25,10.0,10,logcosh,1.0,stepsize_pilot
manuscript-pilot,D,pilot_logcosh_d10_k10_rho1_fr-kl,FR--KL,2500492809,168,1.121667899851164,5.952529977275737,-8.881784197001252e-16,nan,1.1102230246251567e-15,4.56756347767327e-16,1.6508753449416346e-14,0.9999999999999839,1.000000000000001,0.9999999999999845,1.0000000000000022,1.9999999999999687,1.4431692588142441e-25,2.8801144414129187e-25,0.2796892119804397,0.11145245935767889,,nan,nan,nan,nan,nan,nan,nan,nan,168,168,168,168,168,0,0,0,336,336,0,1,False,False,2.0,0,nan,nan,nan,nan,0.16209626917406456,1.7830589609147085,0.1620962691740644,1.7830589609147083,11.0,0.9999999999999993,1.0000000000000016,6.169173449181403,8.883962771284253e-25,10.0,10,logcosh,1.0,stepsize_pilot
manuscript-pilot,D,pilot_logcosh_d10_k10_rho1_fr-kl,FR--KL,2500492809,169,1.121667899851164,5.952529977275737,-8.881784197001252e-16,nan,9.992007221626409e-15,3.8465512862504425e-16,1.6516483001365137e-14,0.9999999999999837,1.000000000000001,0.9999999999999842,1.0000000000000013,1.9999999999999694,1.441687126918724e-25,2.880114454696019e-25,0.2816041620098986,0.1122230693581514,,nan,nan,nan,nan,nan,nan,nan,nan,169,169,169,169,169,0,0,0,338,338,0,1,False,False,2.0,0,nan,nan,nan,nan,0.16209626917406456,1.7830589609147085,0.1620962691740644,1.7830589609147083,11.0,0.9999999999999993,1.0000000000000016,6.169173449181403,8.883962812257128e-25,10.0,10,logcosh,1.0,stepsize_pilot
manuscript-pilot,D,pilot_logcosh_d10_k10_rho1_fr-kl,FR--KL,2500492809,170,1.121667899851164,5.952529977275737,-8.881784197001252e-16,nan,1.776356839400251e-15,4.564927381489205e-16,1.6514731576353794e-14,0.9999999999999841,1.0000000000000013,0.9999999999999839,1.000000000000002,1.9999999999999691,1.4477412162189026e-25,2.8801142956235286e-25,0.28352750197518617,0.11300349939847365,,nan,nan,nan,nan,nan,nan,nan,nan,170,170,170,170,170,0,0,0,340,340,0,1,False,False,2.0,0,nan,nan,nan,nan,0.16209626917406456,1.7830589609147085,0.1620962691740644,1.7830589609147083,11.0,0.9999999999999993,1.0000000000000016,6.169173449181403,8.883962321584236e-25,10.0,10,logcosh,1.0,stepsize_pilot
manuscript-pilot,D,pilot_logcosh_d10_k10_rho1_fr-kl,FR--KL,2500492809,171,1.121667899851164,5.952529977275737,-8.881784197001252e-16,nan,7.993605777301127e-15,4.109793864937274e-16,1.651408955253494e-14,0.999999999999984,1.0000000000000016,0.9999999999999838,1.0000000000000018,1.99999999999997,1.4447299870355474e-25,2.8801141791674153e-25,0.2854479319648817,0.11376667936565354,,nan,nan,nan,nan,nan,nan,nan,nan,171,171,171,171,171,0,0,0,342,342,0,1,False,False,2.0,0,nan,nan,nan,nan,0.16209626917406456,1.7830589609147085,0.1620962691740644,1.7830589609147083,11.0,0.9999999999999993,1.0000000000000016,6.169173449181403,8.883961962365255e-25,10.0,10,logcosh,1.0,stepsize_pilot
manuscript-pilot,D,pilot_logcosh_d10_k10_rho1_fr-kl,FR--KL,2500492809,172,1.121667899851164,5.952529977275737,-8.881784197001252e-16,nan,1.0880185641326534e-14,3.834013602027981e-16,1.6551614188697134e-14,0.9999999999999843,1.0000000000000013,0.9999999999999838,1.0000000000000013,1.999999999999969,1.4296402676462121e-25,2.880114245259761e-25,0.28734280198113993,0.1145200893515721,,nan,nan,nan,nan,nan,nan,nan,nan,172,172,172,172,172,0,0,0,344,344,0,1,False,False,2.0,0,nan,nan,nan,nan,0.16209626917406456,1.7830589609147085,0.1620962691740644,1.7830589609147083,11.0,0.9999999999999993,1.0000000000000016,6.169173449181403,8.819698781043745e-25,10.0,10,logcosh,1.0,stepsize_pilot
manuscript-pilot,D,pilot_logcosh_d10_k10_rho1_fr-kl,FR--KL,2500492809,173,1.121667899851164,5.952529977275737,-8.881784197001252e-16,nan,1.176836406102666e-14,3.8189140477198934e-16,1.6536030565004495e-14,0.9999999999999833,1.0000000000000009,0.9999999999999846,1.0000000000000018,1.9999999999999696,1.4431199042336137e-25,2.8801140096115787e-25,0.2892330319737084,0.11528239934705198,,nan,nan,nan,nan,nan,nan,nan,nan,173,173,173,173,173,0,0,0,346,346,0,1,False,False,2.0,0,nan,nan,nan,nan,0.16209626917406456,1.7830589609147085,0.1620962691740644,1.7830589609147083,11.0,0.9999999999999993,1.0000000000000016,6.169173449181403,8.883961439355572e-25,10.0,10,logcosh,1.0,stepsize_pilot
manuscript-pilot,D,pilot_logcosh_d10_k10_rho1_fr-kl,FR--KL,2500492809,174,1.121667899851164,5.952529977275737,-8.881784197001252e-16,nan,5.773159728050814e-15,4.214485604686684e-16,1.6529375246303843e-14,0.9999999999999832,1.0000000000000013,0.9999999999999842,1.0000000000000013,1.9999999999999698,1.4250963576569262e-25,2.88011398825541e-25,0.29115372197702527,0.11604656931012869,,nan,nan,nan,nan,nan,nan,nan,nan,174,174,174,174,174,0,0,0,348,348,0,1,False,False,2.0,0,nan,nan,nan,nan,0.16209626917406456,1.7830589609147085,0.1620962691740644,1.7830589609147083,11.0,0.9999999999999993,1.0000000000000016,6.169173449181403,8.791666612182382e-25,10.0,10,logcosh,1.0,stepsize_pilot
manuscript-pilot,D,pilot_logcosh_d10_k10_rho1_fr-kl,FR--KL,2500492809,175,1.121667899851164,5.952529977275737,-8.881784197001252e-16,nan,7.549516567451064e-15,4.1476944473091287e-16,1.6558951312825162e-14,0.9999999999999831,1.000000000000001,0.9999999999999835,1.0000000000000018,1.9999999999999694,1.4401213397708992e-25,2.880114636781193e-25,0.2930489020072855,0.11680086929118261,,nan,nan,nan,nan,nan,nan,nan,nan,175,175,175,175,175,0,0,0,350,350,0,1,False,False,2.0,0,nan,nan,nan,nan,0.16209626917406456,1.7830589609147085,0.1620962691740644,1.7830589609147083,11.0,0.9999999999999993,1.0000000000000016,6.169173449181403,8.883963373914638e-25,10.0,10,logcosh,1.0,stepsize_pilot
manuscript-pilot,D,pilot_logcosh_d10_k10_rho1_fr-kl,FR--KL,2500492809,176,1.121667899851164,5.952529977275737,-8.881784197001252e-16,nan,8.659739592076221e-15,3.6042193988285326e-16,1.6539535929746648e-14,0.9999999999999847,1.0000000000000018,0.9999999999999839,1.0000000000000009,1.9999999999999691,1.4522841605567287e-25,2.880114271982432e-25,0.29496133199427277,0.11756417929427698,,nan,nan,nan,nan,nan,nan,nan,nan,176,176,176,176,176,0,0,0,352,352,0,1,False,False,2.0,0,nan,nan,nan,nan,0.16209626917406456,1.7830589609147085,0.1620962691740644,1.7830589609147083,11.0,0.9999999999999993,1.0000000000000016,6.169173449181403,8.883962248661223e-25,10.0,10,logcosh,1.0,stepsize_pilot
manuscript-pilot,D,pilot_logcosh_d10_k10_rho1_fr-kl,FR--KL,2500492809,177,1.121667899851164,5.952529977275737,-8.881784197001252e-16,nan,1.2434497875801753e-14,4.4370957682360783e-16,1.6525574341408535e-14,0.9999999999999836,1.000000000000001,0.9999999999999839,1.0000000000000018,1.9999999999999691,1.4281325304666264e-25,2.880114416084075e-25,0.29684497200651094,0.11831362929660827,,nan,nan,nan,nan,nan,nan,nan,nan,177,177,177,177,177,0,0,0,354,354,0,1,False,False,2.0,0,nan,nan,nan,nan,0.16209626917406456,1.7830589609147085,0.1620962691740644,1.7830589609147083,11.0,0.9999999999999993,1.0000000000000016,6.169173449181403,8.810397288867108e-25,10.0,10,logcosh,1.0,stepsize_pilot
manuscript-pilot,D,pilot_logcosh_d10_k10_rho1_fr-kl,FR--KL,2500492809,178,1.121667899851164,5.952529977275737,-8.881784197001252e-16,nan,6.217248937900877e-15,3.9012384425359255e-16,1.6524420138341825e-14,0.999999999999984,1.000000000000001,0.999999999999984,1.0000000000000018,1.9999999999999702,1.4491984858701401e-25,2.8801144790472653e-25,0.29876991198398173,0.11907130933832377,,nan,nan,nan,nan,nan,nan,nan,nan,178,178,178,178,178,0,0,0,356,356,0,1,False,False,2.0,0,nan,nan,nan,nan,0.16209626917406456,1.7830589609147085,0.1620962691740644,1.7830589609147083,11.0,0.9999999999999993,1.0000000000000016,6.169173449181403,8.883962887370659e-25,10.0,10,logcosh,1.0,stepsize_pilot
manuscript-pilot,D,pilot_logcosh_d10_k10_rho1_fr-kl,FR--KL,2500492809,179,1.121667899851164,5.952529977275737,-8.881784197001252e-16,nan,1.021405182655144e-14,4.4370957682360783e-16,1.6523929559742044e-14,0.9999999999999842,1.0000000000000016,0.999999999999985,1.0000000000000022,1.9999999999999702,1.4356296115562222e-25,2.8801144757627522e-25,0.3007013109745458,0.1198372493381612,,nan,nan,nan,nan,nan,nan,nan,nan,179,179,179,179,179,0,0,0,358,358,0,1,False,False,2.0,0,nan,nan,nan,nan,0.16209626917406456,1.7830589609147085,0.1620962691740644,1.7830589609147083,11.0,0.9999999999999993,1.0000000000000016,6.169173449181403,8.856648082471397e-25,10.0,10,logcosh,1.0,stepsize_pilot
manuscript-pilot,D,pilot_logcosh_d10_k10_rho1_fr-kl,FR--KL,2500492809,180,1.121667899851164,5.952529977275737,-8.881784197001252e-16,nan,1.5543122344752194e-15,3.871504848530305e-16,1.652371020713852e-14,0.9999999999999849,1.0000000000000016,0.999999999999984,1.0000000000000016,1.9999999999999702,1.4583943357653846e-25,2.880114838837048e-25,0.3026401909883134,0.1206130093196407,,nan,nan,nan,nan,nan,nan,nan,nan,180,180,180,180,180,0,0,0,360,360,0,1,False,False,2.0,0,nan,nan,nan,nan,0.16209626917406456,1.7830589609147085,0.1620962691740644,1.7830589609147083,11.0,0.9999999999999993,1.0000000000000016,6.169173449181403,8.883963997173447e-25,10.0,10,logcosh,1.0,stepsize_pilot
manuscript-pilot,D,pilot_logcosh_d10_k10_rho1_fr-kl,FR--KL,2500492809,181,1.121667899851164,5.952529977275737,-8.881784197001252e-16,nan,5.551115123125783e-15,4.277421474636178e-16,1.6444397803175014e-14,0.999999999999984,1.0000000000000009,0.9999999999999838,1.0000000000000013,1.9999999999999691,1.4311416478312177e-25,2.880114289746997e-25,0.3045513409888372,0.12137633928796276,,nan,nan,nan,nan,nan,nan,nan,nan,181,181,181,181,181,0,0,0,362,362,0,1,False,False,2.0,0,nan,nan,nan,nan,0.16209626917406456,1.7830589609147085,0.1620962691740644,1.7830589609147083,11.0,0.9999999999999993,1.0000000000000016,6.169173449181403,8.828961055818211e-25,10.0,10,logcosh,1.0,stepsize_pilot
manuscript-pilot,D,pilot_logcosh_d10_k10_rho1_fr-kl,FR--KL,2500492809,182,1.121667899851164,5.952529977275737,-8.881784197001252e-16,nan,7.993605777301127e-15,3.5767289044030456e-16,1.6490480258737614e-14,0.9999999999999846,1.000000000000001,0.9999999999999843,1.0000000000000016,1.9999999999999691,1.4440317763324516e-25,2.8801141305045986e-25,0.3064486109651625,0.12213632930070162,,nan,nan,nan,nan,nan,nan,nan,nan,182,182,182,182,182,0,0,0,364,364,0,1,False,False,2.0,0,nan,nan,nan,nan,0.16209626917406456,1.7830589609147085,0.1620962691740644,1.7830589609147083,11.0,0.9999999999999993,1.0000000000000016,6.169173449181403,8.883961812260576e-25,10.0,10,logcosh,1.0,stepsize_pilot
manuscript-pilot,D,pilot_logcosh_d10_k10_rho1_fr-kl,FR--KL,2500492809,183,1.121667899851164,5.952529977275737,-8.881784197001252e-16,nan,1.3100631690576847e-14,4.0388892815921417e-16,1.6507857738525153e-14,0.9999999999999841,1.0000000000000013,0.9999999999999841,1.0000000000000018,1.9999999999999698,1.4326109214520672e-25,2.8801143080402387e-25,0.30835158098489046,0.12290009931894019,,nan,nan,nan,nan,nan,nan,nan,nan,183,183,183,183,183,0,0,0,366,366,0,1,False,False,2.0,0,nan,nan,nan,nan,0.16209626917406456,1.7830589609147085,0.1620962691740644,1.7830589609147083,11.0,0.9999999999999993,1.0000000000000016,6.169173449181403,8.83802525962954e-25,10.0,10,logcosh,1.0,stepsize_pilot
manuscript-pilot,D,pilot_logcosh_d10_k10_rho1_fr-kl,FR--KL,2500492809,184,1.121667899851164,5.952529977275737,-8.881784197001252e-16,nan,9.992007221626409e-15,4.28023464263159e-16,1.651611848271791e-14,0.9999999999999841,1.0000000000000013,0.9999999999999839,1.0000000000000024,1.9999999999999698,1.440158474441686e-25,2.8801143682505833e-25,0.3102403209777549,0.12365925929043442,,nan,nan,nan,nan,nan,nan,nan,nan,184,184,184,184,184,0,0,0,368,368,0,1,False,False,2.0,0,nan,nan,nan,nan,0.16209626917406456,1.7830589609147085,0.1620962691740644,1.7830589609147083,11.0,0.9999999999999993,1.0000000000000016,6.169173449181403,8.883962545608684e-25,10.0,10,logcosh,1.0,stepsize_pilot
manuscript-pilot,D,pilot_logcosh_d10_k10_rho1_fr-kl,FR--KL,2500492809,185,1.121667899851164,5.952529977275737,-8.881784197001252e-16,nan,5.773159728050814e-15,3.1070442298494923e-16,1.651937172866725e-14,0.9999999999999832,1.0000000000000016,0.9999999999999846,1.000000000000002,1.99999999999997,1.4334030895115253e-25,2.880114735521996e-25,0.312150590994861,0.12443048931891099,,nan,nan,nan,nan,nan,nan,nan,nan,185,185,185,185,185,0,0,0,370,370,0,1,False,False,2.0,0,nan,nan,nan,nan,0.16209626917406456,1.7830589609147085,0.1620962691740644,1.7830589609147083,11.0,0.9999999999999993,1.0000000000000016,6.169173449181403,8.842912281789246e-25,10.0,10,logcosh,1.0,stepsize_pilot
manuscript-pilot,D,pilot_logcosh_d10_k10_rho1_fr-kl,FR--KL,2500492809,186,1.121667899851164,5.952529977275737,-8.881784197001252e-16,nan,0.0,4.650612139865961e-16,1.6521520331773136e-14,0.9999999999999841,1.0000000000000013,0.9999999999999845,1.0000000000000018,1.9999999999999696,1.429645246558387e-25,2.880114247444576e-25,0.31405862100655213,0.1252047892776318,,nan,nan,nan,nan,nan,nan,nan,nan,186,186,186,186,186,0,0,0,372,372,0,1,False,False,2.0,0,nan,nan,nan,nan,0.16209626917406456,1.7830589609147085,0.1620962691740644,1.7830589609147083,11.0,0.9999999999999993,1.0000000000000016,6.169173449181403,8.819729496816542e-25,10.0,10,logcosh,1.0,stepsize_pilot
manuscript-pilot,D,pilot_logcosh_d10_k10_rho1_fr-kl,FR--KL,2500492809,187,1.121667899851164,5.952529977275737,-8.881784197001252e-16,nan,1.176836406102666e-14,3.4943376836555263e-16,1.6517119405291474e-14,0.9999999999999836,1.000000000000001,0.9999999999999833,1.0000000000000016,1.99999999999997,1.4453819615632535e-25,2.8801143523578285e-25,0.3159451310057193,0.12596193928038701,,nan,nan,nan,nan,nan,nan,nan,nan,187,187,187,187,187,0,0,0,374,374,0,1,False,False,2.0,0,nan,nan,nan,nan,0.16209626917406456,1.7830589609147085,0.1620962691740644,1.7830589609147083,11.0,0.9999999999999993,1.0000000000000016,6.169173449181403,8.883962496586105e-25,10.0,10,logcosh,1.0,stepsize_pilot
manuscript-pilot,D,pilot_logcosh_d10_k10_rho1_fr-kl,FR--KL,2500492809,188,1.121667899851164,5.952529977275737,-8.881784197001252e-16,nan,5.551115123125783e-15,4.571778070014168e-16,1.6520441368272445e-14,0.9999999999999836,1.0000000000000013,0.9999999999999839,1.0000000000000016,1.9999999999999698,1.4356240151650963e-25,2.8801146400901264e-25,0.3177992209675722,0.12670923926634714,,nan,nan,nan,nan,nan,nan,nan,nan,188,188,188,188,188,0,0,0,376,376,0,1,False,False,2.0,0,nan,nan,nan,nan,0.16209626917406456,1.7830589609147085,0.1620962691740644,1.7830589609147083,11.0,0.9999999999999993,1.0000000000000016,6.169173449181403,8.856613557363858e-25,10.0,10,logcosh,1.0,stepsize_pilot
manuscript-pilot,D,pilot_logcosh_d10_k10_rho1_fr-kl,FR--KL,2500492809,189,1.121667899851164,5.952529977275737,-8.881784197001252e-16,nan,1.865174681370263e-14,4.0059719496779604e-16,1.6554035487336222e-14,0.9999999999999838,1.0000000000000013,0.9999999999999841,1.0000000000000013,1.9999999999999696,1.4311389238199556e-25,2.8801143423378187e-25,0.31969353096792474,0.12746602925471961,,nan,nan,nan,nan,nan,nan,nan,nan,189,189,189,189,189,0,0,0,378,378,0,1,False,False,2.0,0,nan,nan,nan,nan,0.16209626917406456,1.7830589609147085,0.1620962691740644,1.7830589609147083,11.0,0.9999999999999993,1.0000000000000016,6.169173449181403,8.82894425092026e-25,10.0,10,logcosh,1.0,stepsize_pilot
manuscript-pilot,D,pilot_logcosh_d10_k10_rho1_fr-kl,FR--KL,2500492809,190,1.121667899851164,5.952529977275737,-8.881784197001252e-16,nan,2.6645352591003757e-15,3.211441242214101e-16,1.6537857568919883e-14,0.999999999999984,1.0000000000000013,0.9999999999999838,1.0000000000000013,1.999999999999969,1.4356979271004204e-25,2.8801140050541738e-25,0.32159008097369224,0.12823073926847428,,nan,nan,nan,nan,nan,nan,nan,nan,190,190,190,190,190,0,0,0,380,380,0,1,False,False,2.0,0,nan,nan,nan,nan,0.16209626917406456,1.7830589609147085,0.1620962691740644,1.7830589609147083,11.0,0.9999999999999993,1.0000000000000016,6.169173449181403,8.857069532912832e-25,10.0,10,logcosh,1.0,stepsize_pilot
manuscript-pilot,D,pilot_logcosh_d10_k10_rho1_fr-kl,FR--KL,2500492809,191,1.121667899851164,5.952529977275737,-8.881784197001252e-16,nan,8.881784197001254e-16,4.0460356557118357e-16,1.6524836109990645e-14,0.9999999999999841,1.000000000000001,0.9999999999999845,1.0000000000000022,1.9999999999999691,1.4356680961783785e-25,2.880114388131084e-25,0.32353642099769786,0.1290462893084623,,nan,nan,nan,nan,nan,nan,nan,nan,191,191,191,191,191,0,0,0,382,382,0,1,False,False,2.0,0,nan,nan,nan,nan,0.16209626917406456,1.7830589609147085,0.1620962691740644,1.7830589609147083,11.0,0.9999999999999993,1.0000000000000016,6.169173449181403,8.856885500780607e-25,10.0,10,logcosh,1.0,stepsize_pilot
manuscript-pilot,D,pilot_logcosh_d10_k10_rho1_fr-kl,FR--KL,2500492809,192,1.121667899851164,5.952529977275737,-8.881784197001252e-16,nan,2.664535259100376e-15,4.471685101569706e-16,1.6451486112714765e-14,0.9999999999999837,1.0000000000000013,0.9999999999999839,1.0000000000000018,1.9999999999999698,1.4206746645122617e-25,2.8801146200098947e-25,0.3254360709688626,0.12980596930719912,,nan,nan,nan,nan,nan,nan,nan,nan,192,192,192,192,192,0,0,0,384,384,0,1,False,False,2.0,0,nan,nan,nan,nan,0.16209626917406456,1.7830589609147085,0.1620962691740644,1.7830589609147083,11.0,0.9999999999999993,1.0000000000000016,6.169173449181403,8.764388420233886e-25,10.0,10,logcosh,1.0,stepsize_pilot
manuscript-pilot,D,pilot_logcosh_d10_k10_rho1_fr-kl,FR--KL,2500492809,193,1.121667899851164,5.952529977275738,0.0,nan,1.7763568394002505e-15,3.4170089680666063e-16,1.6493779752772326e-14,0.9999999999999835,1.0000000000000009,0.9999999999999839,1.0000000000000018,1.9999999999999687,1.4146393406979245e-25,2.8801142254853737e-25,0.32733127096435055,0.1305742192780599,,nan,nan,nan,nan,nan,nan,nan,nan,193,193,193,193,193,0,0,0,386,386,0,1,False,False,2.0,0,nan,nan,nan,nan,0.16209626917406456,1.7830589609147085,0.1620962691740644,1.7830589609147083,11.0,0.9999999999999993,1.0000000000000016,6.169173449181403,8.727155460801266e-25,10.0,10,logcosh,1.0,stepsize_pilot
manuscript-pilot,D,pilot_logcosh_d10_k10_rho1_fr-kl,FR--KL,2500492809,194,1.121667899851164,5.952529977275737,-8.881784197001252e-16,nan,1.0658141036401503e-14,3.7270322944526437e-16,1.6508892609736025e-14,0.9999999999999841,1.000000000000001,0.999999999999984,1.0000000000000018,1.9999999999999694,1.430368747790793e-25,2.8801142418052223e-25,0.3292164509766735,0.13133156928233802,,nan,nan,nan,nan,nan,nan,nan,nan,194,194,194,194,194,0,0,0,388,388,0,1,False,False,2.0,0,nan,nan,nan,nan,0.16209626917406456,1.7830589609147085,0.1620962691740644,1.7830589609147083,11.0,0.9999999999999993,1.0000000000000016,6.169173449181403,8.824192901409952e-25,10.0,10,logcosh,1.0,stepsize_pilot
manuscript-pilot,D,pilot_logcosh_d10_k10_rho1_fr-kl,FR--KL,2500492809,195,1.121667899851164,5.952529977275737,-8.881784197001252e-16,nan,8.659739592076221e-15,4.067399442184939e-16,1.6511114237158184e-14,0.9999999999999831,1.0000000000000009,0.9999999999999831,1.0000000000000013,1.9999999999999691,1.4318907233541793e-25,2.8801141164258795e-25,0.3310988210141659,0.1320918693090789,,nan,nan,nan,nan,nan,nan,nan,nan,195,195,195,195,195,0,0,0,390,390,0,1,False,False,2.0,0,nan,nan,nan,nan,0.16209626917406456,1.7830589609147085,0.1620962691740644,1.7830589609147083,11.0,0.9999999999999993,1.0000000000000016,6.169173449181403,8.833582232645908e-25,10.0,10,logcosh,1.0,stepsize_pilot
manuscript-pilot,D,pilot_logcosh_d10_k10_rho1_fr-kl,FR--KL,2500492809,196,1.121667899851164,5.952529977275737,-8.881784197001252e-16,nan,4.218847493575595e-15,4.2344312229914853e-16,1.6517593196611287e-14,0.9999999999999837,1.000000000000001,0.9999999999999842,1.0000000000000016,1.9999999999999698,1.4432114779125295e-25,2.8801148582457144e-25,0.33300018100999296,0.1328675293480046,,nan,nan,nan,nan,nan,nan,nan,nan,196,196,196,196,196,0,0,0,392,392,0,1,False,False,2.0,0,nan,nan,nan,nan,0.16209626917406456,1.7830589609147085,0.1620962691740644,1.7830589609147083,11.0,0.9999999999999993,1.0000000000000016,6.169173449181403,8.88396405704116e-25,10.0,10,logcosh,1.0,stepsize_pilot
manuscript-pilot,D,pilot_logcosh_d10_k10_rho1_fr-kl,FR--KL,2500492809,197,1.121667899851164,5.952529977275738,0.0,nan,3.9968028886505635e-15,4.2920298132776187e-16,1.6447456875390454e-14,0.9999999999999835,1.0000000000000009,0.9999999999999839,1.0000000000000018,1.9999999999999696,1.4348973126549245e-25,2.8801144609980115e-25,0.3348640599870123,0.13362099934602156,,nan,nan,nan,nan,nan,nan,nan,nan,197,197,197,197,197,0,0,0,394,394,0,1,False,False,2.0,0,nan,nan,nan,nan,0.16209626917406456,1.7830589609147085,0.1620962691740644,1.7830589609147083,11.0,0.9999999999999993,1.0000000000000016,6.169173449181403,8.852130403532654e-25,10.0,10,logcosh,1.0,stepsize_pilot
manuscript-pilot,D,pilot_logcosh_d10_k10_rho1_fr-kl,FR--KL,2500492809,198,1.121667899851164,5.952529977275737,-8.881784197001252e-16,nan,7.105427357601002e-15,3.3016304283235205e-16,1.649198601774412e-14,0.9999999999999835,1.000000000000001,0.9999999999999837,1.0000000000000016,1.9999999999999694,1.437868109564042e-25,2.8801138068707844e-25,0.3367381799616851,0.13436310936231166,,nan,nan,nan,nan,nan,nan,nan,nan,198,198,198,198,198,0,0,0,396,396,0,1,False,False,2.0,0,nan,nan,nan,nan,0.16209626917406456,1.7830589609147085,0.1620962691740644,1.7830589609147083,11.0,0.9999999999999993,1.0000000000000016,6.169173449181403,8.870457764947293e-25,10.0,10,logcosh,1.0,stepsize_pilot
manuscript-pilot,D,pilot_logcosh_d10_k10_rho1_fr-kl,FR--KL,2500492809,199,1.121667899851164,5.952529977275737,-8.881784197001252e-16,nan,2.6645352591003757e-15,4.421877854530969e-16,1.6508070245219695e-14,0.9999999999999835,1.000000000000001,0.9999999999999839,1.0000000000000013,1.9999999999999687,1.4477378033516998e-25,2.8801137881354106e-25,0.338620419963263,0.13513650937238708,,nan,nan,nan,nan,nan,nan,nan,nan,199,199,199,199,199,0,0,0,398,398,0,1,False,False,2.0,0,nan,nan,nan,nan,0.16209626917406456,1.7830589609147085,0.1620962691740644,1.7830589609147083,11.0,0.9999999999999993,1.0000000000000016,6.169173449181403,8.883960756193125e-25,10.0,10,logcosh,1.0,stepsize_pilot
manuscript-pilot,D,pilot_logcosh_d10_k10_rho1_fr-kl,FR--KL,2500492809,200,1.121667899851164,5.952529977275737,-8.881784197001252e-16,nan,2.2204460492503146e-16,4.0448454701718295e-16,1.6443563928461265e-14,0.9999999999999838,1.000000000000001,0.9999999999999839,1.0000000000000016,1.9999999999999698,1.4424145232486124e-25,2.880114512528887e-25,0.34050851000938565,0.13589982932899147,,nan,nan,nan,nan,nan,nan,nan,nan,200,200,200,200,200,0,0,0,400,400,0,1,False,False,2.0,0,nan,nan,nan,nan,0.16209626917406456,1.7830589609147085,0.1620962691740644,1.7830589609147083,11.0,0.9999999999999993,1.0000000000000016,6.169173449181403,8.883962990647626e-25,10.0,10,logcosh,1.0,stepsize_pilot
