tier,experiment,job_id,method,seed,iteration,step_size,objective,objective_gap,exact_gaussian_kl,w2_squared,mean_error,covariance_error,covariance_min_eigenvalue,covariance_max_eigenvalue,relative_covariance_min_eigenvalue,relative_covariance_max_eigenvalue,gaussian_core_rate,fisher_rao_residual_squared,bures_wasserstein_residual_squared,wall_time_seconds,algorithm_seconds,repair,equivariance_error_mean,equivariance_error_covariance,equivariance_error_back,local_gamma,local_lambda,predictive_nll,classification_error,brier,iterations,gradient_evaluations,hessian_evaluations,oracle_pairs,expectation_evaluations,matrix_exponentials,matrix_square_roots,eigendecompositions,cholesky_factorizations,cholesky_solves,roundoff_repairs,batch_size,quadratic_rescue,raw_mean_ablation,normalized_step_size,problem_instance,local_kl_gamma,local_discrete_rate,predicted_contraction,local_radius,alpha,beta,alpha_star,beta_star,kappa_star,lambda_0_star,lambda_0_star_max,lambda_max_star,certified_gap,grid_condition,grid_dimension,grid_family,grid_rho,grid_role
manuscript-pilot,D,pilot_logcosh_d10_k10_rho1_fb-gvi,FB--GVI,2500492809,0,0.0,8.112338983637708,2.1598090063619697,nan,4.562957184844511,2.1361079525259266,2.9495198569914895e-15,1.0,1.0,0.9999999999999981,1.0000000000000013,2.0000000000000018,3.8248759027547212,3.8906654092881583,0.0007547399727627635,0.0,,nan,nan,nan,nan,nan,nan,nan,nan,0,0,0,0,0,0,0,0,0,0,0,1,False,False,4.0,0,nan,nan,nan,nan,0.16209626917406456,1.7830589609147085,0.1620962691740644,1.7830589609147083,11.0,0.9999999999999993,1.0000000000000016,6.169173449181403,12.001094871314502,10.0,10,logcosh,1.0,stepsize_pilot
manuscript-pilot,D,pilot_logcosh_d10_k10_rho1_fb-gvi,FB--GVI,2500492809,1,2.243335799702328,15.077609533242661,9.125079555966924,nan,18.152604756072428,2.220637486536148,11.526690290535967,3.1305701415828215,5.043593889774435,3.130570141582823,5.043593889774429,9.349600002543882,38.27336529577727,14.350727108918425,0.0028085000230930746,0.0006576799787580967,,nan,nan,nan,nan,nan,nan,nan,nan,1,1,1,1,1,0,1,1,0,0,0,1,False,False,4.0,0,nan,nan,nan,nan,0.16209626917406456,1.7830589609147085,0.1620962691740644,1.7830589609147083,11.0,0.9999999999999993,1.0000000000000016,6.169173449181403,44.26606232839367,10.0,10,logcosh,1.0,stepsize_pilot
manuscript-pilot,D,pilot_logcosh_d10_k10_rho1_fb-gvi,FB--GVI,2500492809,2,2.243335799702328,16.08656108041143,10.13403110313569,nan,19.660326683762847,1.7865202437320462,13.72456224412548,3.625976757238034,7.378526585409196,3.625976757238036,7.378526585409193,11.802224908388483,52.043075372848726,16.134489042251957,0.02800899901194498,0.006724729959387332,,nan,nan,nan,nan,nan,nan,nan,nan,2,2,2,2,2,0,2,2,0,0,0,1,False,False,4.0,0,nan,nan,nan,nan,0.16209626917406456,1.7830589609147085,0.1620962691740644,1.7830589609147083,11.0,0.9999999999999993,1.0000000000000016,6.169173449181403,49.76823070778453,10.0,10,logcosh,1.0,stepsize_pilot
manuscript-pilot,D,pilot_logcosh_d10_k10_rho1_fb-gvi,FB--GVI,2500492809,3,2.243335799702328,16.39971149261579,10.447181515340052,nan,19.451525528045376,1.0770808859865182,14.775434058477453,4.1264144971762695,8.15242966781412,4.126414497176265,8.15242966781411,12.602426901409682,56.105744833600454,16.947467056467413,0.03022138902451843,0.00751594000030309,,nan,nan,nan,nan,nan,nan,nan,nan,3,3,3,3,3,0,3,3,0,0,0,1,False,False,4.0,0,nan,nan,nan,nan,0.16209626917406456,1.7830589609147085,0.1620962691740644,1.7830589609147083,11.0,0.9999999999999993,1.0000000000000016,6.169173449181403,52.27593189781764,10.0,10,logcosh,1.0,stepsize_pilot
manuscript-pilot,D,pilot_logcosh_d10_k10_rho1_fb-gvi,FB--GVI,2500492809,4,2.243335799702328,16.66154441933473,10.709014442058994,nan,20.238792230952615,0.9567611366238293,15.498501728718074,3.9457544882689994,9.016076725029588,3.945754488268999,9.016076725029581,13.529104899089466,58.77023118998474,17.16832596659489,0.032304828986525536,0.008295859966892749,,nan,nan,nan,nan,nan,nan,nan,nan,4,4,4,4,4,0,4,4,0,0,0,1,False,False,4.0,0,nan,nan,nan,nan,0.16209626917406456,1.7830589609147085,0.1620962691740644,1.7830589609147083,11.0,0.9999999999999993,1.0000000000000016,6.169173449181403,52.95719036000442,10.0,10,logcosh,1.0,stepsize_pilot
manuscript-pilot,D,pilot_logcosh_d10_k10_rho1_fb-gvi,FB--GVI,2500492809,5,2.243335799702328,16.546688305390802,10.594158328115064,nan,19.59027325039808,0.46627640387692243,15.509496651291125,4.012275708547254,8.992629239341452,4.012275708547254,8.992629239341447,13.479660430565566,58.16349122284629,17.202919823901354,0.03434158902382478,0.009080909949261695,,nan,nan,nan,nan,nan,nan,nan,nan,5,5,5,5,5,0,5,5,0,0,0,1,False,False,4.0,0,nan,nan,nan,nan,0.16209626917406456,1.7830589609147085,0.1620962691740644,1.7830589609147083,11.0,0.9999999999999993,1.0000000000000016,6.169173449181403,53.06389811300433,10.0,10,logcosh,1.0,stepsize_pilot
manuscript-pilot,D,pilot_logcosh_d10_k10_rho1_fb-gvi,FB--GVI,2500492809,6,2.243335799702328,16.666119483339862,10.713589506064125,nan,20.04169930414229,0.5508595466079371,15.767549183548278,3.9877903829421313,9.310507368732564,3.987790382942129,9.310507368732559,13.82697158023977,59.04205941504209,17.25900502510279,0.03656023897929117,0.00983570993412286,,nan,nan,nan,nan,nan,nan,nan,nan,6,6,6,6,6,0,6,6,0,0,0,1,False,False,4.0,0,nan,nan,nan,nan,0.16209626917406456,1.7830589609147085,0.1620962691740644,1.7830589609147083,11.0,0.9999999999999993,1.0000000000000016,6.169173449181403,53.236897780076276,10.0,10,logcosh,1.0,stepsize_pilot
manuscript-pilot,D,pilot_logcosh_d10_k10_rho1_fb-gvi,FB--GVI,2500492809,7,2.243335799702328,16.58486538407347,10.632335406797733,nan,19.6752010644263,0.18899395896747365,15.694627644069488,3.9969051150432002,9.21661920080758,3.996905115043202,9.216619200807575,13.715175316329173,58.49450528336024,17.242802990346497,0.03864872897975147,0.010608449927531183,,nan,nan,nan,nan,nan,nan,nan,nan,7,7,7,7,7,0,7,7,0,0,0,1,False,False,4.0,0,nan,nan,nan,nan,0.16209626917406456,1.7830589609147085,0.1620962691740644,1.7830589609147083,11.0,0.9999999999999993,1.0000000000000016,6.169173449181403,53.18692119875566,10.0,10,logcosh,1.0,stepsize_pilot
manuscript-pilot,D,pilot_logcosh_d10_k10_rho1_fb-gvi,FB--GVI,2500492809,8,2.243335799702328,16.646356252065036,10.693826274789298,nan,19.92451274631353,0.3600982732246733,15.806760513420084,3.9934896056081164,9.365722923871122,3.9934896056081173,9.365722923871122,13.875746074964514,58.92191088909461,17.264999240366826,0.0406553489738144,0.011374909954611212,,nan,nan,nan,nan,nan,nan,nan,nan,8,8,8,8,8,0,8,8,0,0,0,1,False,False,4.0,0,nan,nan,nan,nan,0.16209626917406456,1.7830589609147085,0.1620962691740644,1.7830589609147083,11.0,0.9999999999999993,1.0000000000000016,6.169173449181403,53.25538745690406,10.0,10,logcosh,1.0,stepsize_pilot
manuscript-pilot,D,pilot_logcosh_d10_k10_rho1_fb-gvi,FB--GVI,2500492809,9,2.243335799702328,16.601664324697385,10.649134347421647,nan,19.73038811573077,0.09235107434965789,15.753517074469912,3.9947816437165895,9.294690015105974,3.994781643716587,9.29469001510597,13.795869255697227,58.60948560313401,17.25299222704302,0.04267180897295475,0.01215613994281739,,nan,nan,nan,nan,nan,nan,nan,nan,9,9,9,9,9,0,9,9,0,0,0,1,False,False,4.0,0,nan,nan,nan,nan,0.16209626917406456,1.7830589609147085,0.1620962691740644,1.7830589609147083,11.0,0.9999999999999993,1.0000000000000016,6.169173449181403,53.218350783003466,10.0,10,logcosh,1.0,stepsize_pilot
manuscript-pilot,D,pilot_logcosh_d10_k10_rho1_fb-gvi,FB--GVI,2500492809,10,2.243335799702328,16.63439059512909,10.681860617853353,nan,19.866769978017537,0.2653582241824065,15.808270995062834,3.9942886704522027,9.372015038636206,3.9942886704521996,9.372015038636203,13.877846401692604,58.83864486616831,17.263579581691843,0.044662308995611966,0.012932379962876439,,nan,nan,nan,nan,nan,nan,nan,nan,10,10,10,10,10,0,10,10,0,0,0,1,False,False,4.0,0,nan,nan,nan,nan,0.16209626917406456,1.7830589609147085,0.1620962691740644,1.7830589609147083,11.0,0.9999999999999993,1.0000000000000016,6.169173449181403,53.25100839660176,10.0,10,logcosh,1.0,stepsize_pilot
manuscript-pilot,D,pilot_logcosh_d10_k10_rho1_fb-gvi,FB--GVI,2500492809,11,2.243335799702328,16.610279063649152,10.657749086373414,nan,19.76285099981163,0.10013085074135784,15.77613725914333,3.994478502899905,9.326604028082297,3.9944785028999026,9.326604028082293,13.828599588405336,58.66729372690986,17.25678387452549,0.04670755902770907,0.013707549951504916,,nan,nan,nan,nan,nan,nan,nan,nan,11,11,11,11,11,0,11,11,0,0,0,1,False,False,4.0,0,nan,nan,nan,nan,0.16209626917406456,1.7830589609147085,0.1620962691740644,1.7830589609147083,11.0,0.9999999999999993,1.0000000000000016,6.169173449181403,53.23004644849222,10.0,10,logcosh,1.0,stepsize_pilot
manuscript-pilot,D,pilot_logcosh_d10_k10_rho1_fb-gvi,FB--GVI,2500492809,12,2.243335799702328,16.62798635926312,10.675456381987381,nan,19.837690712852858,0.216274926992969,15.804507416043307,3.994404748473783,9.36853004104594,3.994404748473782,9.368530041045927,13.872389610033963,58.79312469894769,17.262200296776243,0.04868904798058793,0.014468548935838044,,nan,nan,nan,nan,nan,nan,nan,nan,12,12,12,12,12,0,12,12,0,0,0,1,False,False,4.0,0,nan,nan,nan,nan,0.16209626917406456,1.7830589609147085,0.1620962691740644,1.7830589609147083,11.0,0.9999999999999993,1.0000000000000016,6.169173449181403,53.24675387266167,10.0,10,logcosh,1.0,stepsize_pilot
manuscript-pilot,D,pilot_logcosh_d10_k10_rho1_fb-gvi,FB--GVI,2500492809,13,2.243335799702328,16.61486941215566,10.662339434879922,nan,19.78121159163843,0.12281006320535903,15.785990642740776,3.9944336571643264,9.34104430244563,3.9944336571643246,9.341044302445622,13.84338465937395,58.6988169716241,17.25848085886465,0.0506849680095911,0.01522298890631646,,nan,nan,nan,nan,nan,nan,nan,nan,13,13,13,13,13,0,13,13,0,0,0,1,False,False,4.0,0,nan,nan,nan,nan,0.16209626917406456,1.7830589609147085,0.1620962691740644,1.7830589609147083,11.0,0.9999999999999993,1.0000000000000016,6.169173449181403,53.23528094385664,10.0,10,logcosh,1.0,stepsize_pilot
manuscript-pilot,D,pilot_logcosh_d10_k10_rho1_fb-gvi,FB--GVI,2500492809,14,2.243335799702328,16.62456321657468,10.67203323929894,nan,19.822533326976128,0.19028077477017036,15.801182796530066,3.994422230635364,9.364322879312763,3.9944222306353643,9.364322879312759,13.86735392224921,58.768578918679516,17.261345952587245,0.052632347971666604,0.01596443890593946,,nan,nan,nan,nan,nan,nan,nan,nan,14,14,14,14,14,0,14,14,0,0,0,1,False,False,4.0,0,nan,nan,nan,nan,0.16209626917406456,1.7830589609147085,0.1620962691740644,1.7830589609147083,11.0,0.9999999999999993,1.0000000000000016,6.169173449181403,53.24411857391806,10.0,10,logcosh,1.0,stepsize_pilot
manuscript-pilot,D,pilot_logcosh_d10_k10_rho1_fb-gvi,FB--GVI,2500492809,15,2.243335799702328,16.617354978678307,10.66482500140257,nan,19.791469895181574,0.1381542596546863,15.790666710562412,3.9944267831037483,9.348090516484813,3.994426783103743,9.348090516484802,13.850587029357431,58.71627540297555,17.259309025897807,0.05461284797638655,0.016700128908269107,,nan,nan,nan,nan,nan,nan,nan,nan,15,15,15,15,15,0,15,15,0,0,0,1,False,False,4.0,0,nan,nan,nan,nan,0.16209626917406456,1.7830589609147085,0.1620962691740644,1.7830589609147083,11.0,0.9999999999999993,1.0000000000000016,6.169173449181403,53.23783549689285,10.0,10,logcosh,1.0,stepsize_pilot
manuscript-pilot,D,pilot_logcosh_d10_k10_rho1_fb-gvi,FB--GVI,2500492809,16,2.243335799702328,16.62270985079575,10.670179873520013,nan,19.81442456069569,0.176323242045092,15.798967094802622,3.9944249559505765,9.361194703476542,3.994424955950575,9.361194703476537,13.863900686863355,58.755192831241466,17.26085566424238,0.05667004798306152,0.01745069894241169,,nan,nan,nan,nan,nan,nan,nan,nan,16,16,16,16,16,0,16,16,0,0,0,1,False,False,4.0,0,nan,nan,nan,nan,0.16209626917406456,1.7830589609147085,0.1620962691740644,1.7830589609147083,11.0,0.9999999999999993,1.0000000000000016,6.169173449181403,53.24260623699827,10.0,10,logcosh,1.0,stepsize_pilot
manuscript-pilot,D,pilot_logcosh_d10_k10_rho1_fb-gvi,FB--GVI,2500492809,17,2.243335799702328,16.61871567440216,10.666185697126423,nan,19.797189359381886,0.14723775548619328,15.793022444708344,3.994425694241337,9.351728820914762,3.9944256942413374,9.351728820914754,13.854289962201227,58.72599627207568,17.25973334362099,0.05866771802539006,0.01822967891348526,,nan,nan,nan,nan,nan,nan,nan,nan,17,17,17,17,17,0,17,17,0,0,0,1,False,False,4.0,0,nan,nan,nan,nan,0.16209626917406456,1.7830589609147085,0.1620962691740644,1.7830589609147083,11.0,0.9999999999999993,1.0000000000000016,6.169173449181403,53.23914434170879,10.0,10,logcosh,1.0,stepsize_pilot
manuscript-pilot,D,pilot_logcosh_d10_k10_rho1_fb-gvi,FB--GVI,2500492809,18,2.243335799702328,16.62169446547204,10.669164488196301,nan,19.810008059820426,0.16873786229698937,15.797616529492306,3.9944253941051415,9.359165665705602,3.9944253941051384,9.359165665705603,13.861753522857166,58.74781002384004,17.26057992990563,0.06065213802503422,0.018978798936586827,,nan,nan,nan,nan,nan,nan,nan,nan,18,18,18,18,18,0,18,18,0,0,0,1,False,False,4.0,0,nan,nan,nan,nan,0.16209626917406456,1.7830589609147085,0.1620962691740644,1.7830589609147083,11.0,0.9999999999999993,1.0000000000000016,6.169173449181403,53.24175571052361,10.0,10,logcosh,1.0,stepsize_pilot
manuscript-pilot,D,pilot_logcosh_d10_k10_rho1_fb-gvi,FB--GVI,2500492809,19,2.243335799702328,16.619466970614678,10.66693699333894,nan,19.800383117241115,0.15245143560157226,15.794259106845937,3.9944255167818126,9.353683599774504,3.9944255167818143,9.353683599774508,13.856265774590605,58.73143027422701,17.259957678654853,0.06262631801655516,0.019730678934138268,,nan,nan,nan,nan,nan,nan,nan,nan,19,19,19,19,19,0,19,19,0,0,0,1,False,False,4.0,0,nan,nan,nan,nan,0.16209626917406456,1.7830589609147085,0.1620962691740644,1.7830589609147083,11.0,0.9999999999999993,1.0000000000000016,6.169173449181403,53.2398363225761,10.0,10,logcosh,1.0,stepsize_pilot
manuscript-pilot,D,pilot_logcosh_d10_k10_rho1_fb-gvi,FB--GVI,2500492809,20,2.243335799702328,16.621133048841536,10.668603071565798,nan,19.8075726671934,0.16456980703390287,15.79682393256159,3.9944254663992376,9.357924275971781,3.9944254663992362,9.357924275971774,13.860474876700215,58.743703500734036,17.260425708380552,0.06460238801082596,0.020502468920312822,,nan,nan,nan,nan,nan,nan,nan,nan,20,20,20,20,20,0,20,20,0,0,0,1,False,False,4.0,0,nan,nan,nan,nan,0.16209626917406456,1.7830589609147085,0.1620962691740644,1.7830589609147083,11.0,0.9999999999999993,1.0000000000000016,6.169173449181403,53.24128000085471,10.0,10,logcosh,1.0,stepsize_pilot
manuscript-pilot,D,pilot_logcosh_d10_k10_rho1_fb-gvi,FB--GVI,2500492809,21,2.243335799702328,16.619884613920902,10.667354636645165,nan,19.802171333929323,0.1554154833175698,15.794926523362788,3.994425487177599,9.354761622023318,3.9944254871775966,9.354761622023311,13.857346205844681,58.73447865558191,17.260078842776817,0.06660373799968511,0.021263918897602707,,nan,nan,nan,nan,nan,nan,nan,nan,21,21,21,21,21,0,21,21,0,0,0,1,False,False,4.0,0,nan,nan,nan,nan,0.16209626917406456,1.7830589609147085,0.1620962691740644,1.7830589609147083,11.0,0.9999999999999993,1.0000000000000016,6.169173449181403,53.24021006381821,10.0,10,logcosh,1.0,stepsize_pilot
manuscript-pilot,D,pilot_logcosh_d10_k10_rho1_fb-gvi,FB--GVI,2500492809,22,2.243335799702328,16.620820466713162,10.668290489437425,nan,19.806218029876753,0.16225814099853766,15.796367004129095,3.9944254785773228,9.357186476476079,3.9944254785773228,9.357186476476075,13.85972941824399,58.741405150821876,17.260339486122145,0.06855401798384264,0.02200333890505135,,nan,nan,nan,nan,nan,nan,nan,nan,22,22,22,22,22,0,22,22,0,0,0,1,False,False,4.0,0,nan,nan,nan,nan,0.16209626917406456,1.7830589609147085,0.1620962691740644,1.7830589609147083,11.0,0.9999999999999993,1.0000000000000016,6.169173449181403,53.241014040821064,10.0,10,logcosh,1.0,stepsize_pilot
manuscript-pilot,D,pilot_logcosh_d10_k10_rho1_fb-gvi,FB--GVI,2500492809,23,2.243335799702328,16.620118031988593,10.667588054712855,nan,19.803175491485952,0.15709545453589732,15.795293365385156,3.9944254821481056,9.355365893554243,3.994425482148104,9.355365893554241,13.857946392732739,58.73619411387845,17.26014525809471,0.07055680797202513,0.022762488923035562,,nan,nan,nan,nan,nan,nan,nan,nan,23,23,23,23,23,0,23,23,0,0,0,1,False,False,4.0,0,nan,nan,nan,nan,0.16209626917406456,1.7830589609147085,0.1620962691740644,1.7830589609147083,11.0,0.9999999999999993,1.0000000000000016,6.169173449181403,53.24041492762609,10.0,10,logcosh,1.0,stepsize_pilot
manuscript-pilot,D,pilot_logcosh_d10_k10_rho1_fb-gvi,FB--GVI,2500492809,24,2.243335799702328,16.620645499180863,10.668115521905126,nan,19.8054598372668,0.1609666745779278,15.796105820873398,3.994425480661592,9.356754674014176,3.9944254806615906,9.356754674014175,13.859299491480519,58.74011289197812,17.26029120547033,0.07251054799417034,0.02349174889968708,,nan,nan,nan,nan,nan,nan,nan,nan,24,24,24,24,24,0,24,24,0,0,0,1,False,False,4.0,0,nan,nan,nan,nan,0.16209626917406456,1.7830589609147085,0.1620962691740644,1.7830589609147083,11.0,0.9999999999999993,1.0000000000000016,6.169173449181403,53.24086511496342,10.0,10,logcosh,1.0,stepsize_pilot
manuscript-pilot,D,pilot_logcosh_d10_k10_rho1_fb-gvi,FB--GVI,2500492809,25,2.243335799702328,16.620249047648905,10.667719070373167,nan,19.803740924881225,0.15804708675858214,15.795497431623305,3.994425481281827,9.355707957959927,3.994425481281829,9.355707957959927,13.858283148883814,58.73716210655445,17.26018204216969,0.07450105797033757,0.024234918935690075,,nan,nan,nan,nan,nan,nan,nan,nan,25,25,25,25,25,0,25,25,0,0,0,1,False,False,4.0,0,nan,nan,nan,nan,0.16209626917406456,1.7830589609147085,0.1620962691740644,1.7830589609147083,11.0,0.9999999999999993,1.0000000000000016,6.169173449181403,53.24052839129545,10.0,10,logcosh,1.0,stepsize_pilot
manuscript-pilot,D,pilot_logcosh_d10_k10_rho1_fb-gvi,FB--GVI,2500492809,26,2.243335799702328,16.620547154751645,10.668017177475907,nan,19.805033524709533,0.16024118430924927,15.7959571003125,3.9944254810225424,9.356504087820722,3.9944254810225437,9.356504087820717,13.859052902685583,58.73938377981284,17.260264108356505,0.07656107802176848,0.025004918919876218,,nan,nan,nan,nan,nan,nan,nan,nan,26,26,26,26,26,0,26,26,0,0,0,1,False,False,4.0,0,nan,nan,nan,nan,0.16209626917406456,1.7830589609147085,0.1620962691740644,1.7830589609147083,11.0,0.9999999999999993,1.0000000000000016,6.169173449181403,53.240781531565844,10.0,10,logcosh,1.0,stepsize_pilot
manuscript-pilot,D,pilot_logcosh_d10_k10_rho1_fb-gvi,FB--GVI,2500492809,27,2.243335799702328,16.620322839195904,10.667792861920166,nan,19.804060107295122,0.15858640390324483,15.795611853444862,3.9944254811311075,9.355902722379373,3.994425481131109,9.355902722379366,13.858473304436945,58.73770959651728,17.26020256586555,0.07851750799454749,0.02573583892080933,,nan,nan,nan,nan,nan,nan,nan,nan,27,27,27,27,27,0,27,27,0,0,0,1,False,False,4.0,0,nan,nan,nan,nan,0.16209626917406456,1.7830589609147085,0.1620962691740644,1.7830589609147083,11.0,0.9999999999999993,1.0000000000000016,6.169173449181403,53.240591698415244,10.0,10,logcosh,1.0,stepsize_pilot
manuscript-pilot,D,pilot_logcosh_d10_k10_rho1_fb-gvi,FB--GVI,2500492809,28,2.243335799702328,16.62049169668284,10.667961719407103,nan,19.80479298592053,0.15983195720829957,15.795872538633907,3.994425481085594,9.356359353925642,3.9944254810855946,9.356359353925638,13.858911847486718,58.73897128763433,17.260248862861523,0.08051195798907429,0.026471628923900425,,nan,nan,nan,nan,nan,nan,nan,nan,28,28,28,28,28,0,28,28,0,0,0,1,False,False,4.0,0,nan,nan,nan,nan,0.16209626917406456,1.7830589609147085,0.1620962691740644,1.7830589609147083,11.0,0.9999999999999993,1.0000000000000016,6.169173449181403,53.24073450551441,10.0,10,logcosh,1.0,stepsize_pilot
manuscript-pilot,D,pilot_logcosh_d10_k10_rho1_fb-gvi,FB--GVI,2500492809,29,2.243335799702328,16.620364516977773,10.667834539702035,nan,19.804240676365133,0.15889233454664167,15.79567635476107,3.994425481104694,9.356013994582229,3.9944254811046944,9.356013994582218,13.858581122891039,58.738019869499034,17.260214078744866,0.08249876700574532,0.027214868925511837,,nan,nan,nan,nan,nan,nan,nan,nan,29,29,29,29,29,0,29,29,0,0,0,1,False,False,4.0,0,nan,nan,nan,nan,0.16209626917406456,1.7830589609147085,0.1620962691740644,1.7830589609147083,11.0,0.9999999999999993,1.0000000000000016,6.169173449181403,53.24062721088994,10.0,10,logcosh,1.0,stepsize_pilot
manuscript-pilot,D,pilot_logcosh_d10_k10_rho1_fb-gvi,FB--GVI,2500492809,30,2.243335799702328,16.620460340431144,10.667930363155406,nan,19.80465689957813,0.15960041065503194,15.795824466446943,3.9944254810966697,9.35627598241835,3.994425481096672,9.356275982418355,13.858831253189866,58.73873741760655,17.260240265022006,0.08453167701372877,0.027974618889857084,,nan,nan,nan,nan,nan,nan,nan,nan,30,30,30,30,30,0,30,30,0,0,0,1,False,False,4.0,0,nan,nan,nan,nan,0.16209626917406456,1.7830589609147085,0.1620962691740644,1.7830589609147083,11.0,0.9999999999999993,1.0000000000000016,6.169173449181403,53.24070798473277,10.0,10,logcosh,1.0,stepsize_pilot
manuscript-pilot,D,pilot_logcosh_d10_k10_rho1_fb-gvi,FB--GVI,2500492809,31,2.243335799702328,16.620388110956604,10.667858133680866,nan,19.8043430222483,0.15906606555686703,15.795712850073594,3.9944254811000413,9.356077691606146,3.99442548110004,9.356077691606147,13.858642424128588,58.73819600579558,17.260220562906248,0.08659850701224059,0.028764908900484443,,nan,nan,nan,nan,nan,nan,nan,nan,31,31,31,31,31,0,31,31,0,0,0,1,False,False,4.0,0,nan,nan,nan,nan,0.16209626917406456,1.7830589609147085,0.1620962691740644,1.7830589609147083,11.0,0.9999999999999993,1.0000000000000016,6.169173449181403,53.240647211848064,10.0,10,logcosh,1.0,stepsize_pilot
manuscript-pilot,D,pilot_logcosh_d10_k10_rho1_fb-gvi,FB--GVI,2500492809,32,2.243335799702328,16.620442573237746,10.667912595962008,nan,19.80457974220449,0.15946908846394475,15.795797126287248,3.994425481098629,9.356228031032279,3.994425481098624,9.356228031032268,13.85878521969818,58.73860458771391,17.260235405648935,0.08857870701467618,0.029503428901080042,,nan,nan,nan,nan,nan,nan,nan,nan,32,32,32,32,32,0,32,32,0,0,0,1,False,False,4.0,0,nan,nan,nan,nan,0.16209626917406456,1.7830589609147085,0.1620962691740644,1.7830589609147083,11.0,0.9999999999999993,1.0000000000000016,6.169173449181403,53.24069299557511,10.0,10,logcosh,1.0,stepsize_pilot
manuscript-pilot,D,pilot_logcosh_d10_k10_rho1_fb-gvi,FB--GVI,2500492809,33,2.243335799702328,16.620401493176555,10.667871515900817,nan,19.804401126619528,0.15916483379627697,15.795733554263041,3.99442548109922,9.356114196024865,3.9944254810992197,9.356114196024862,13.858677343595602,58.73829614043035,17.26022422608988,0.09068265702808276,0.03029648889787495,,nan,nan,nan,nan,nan,nan,nan,nan,33,33,33,33,33,0,33,33,0,0,0,1,False,False,4.0,0,nan,nan,nan,nan,0.16209626917406456,1.7830589609147085,0.1620962691740644,1.7830589609147083,11.0,0.9999999999999993,1.0000000000000016,6.169173449181403,53.24065851125566,10.0,10,logcosh,1.0,stepsize_pilot
manuscript-pilot,D,pilot_logcosh_d10_k10_rho1_fb-gvi,FB--GVI,2500492809,34,2.243335799702328,16.62043248793934,10.667902510663602,nan,19.80453591947809,0.15939447102496612,15.795781566004734,3.9944254810989737,9.356200475721376,3.9944254810989768,9.356200475721378,13.858758924104242,58.738529035385376,17.260232653871878,0.09276085702003911,0.03107882890617475,,nan,nan,nan,nan,nan,nan,nan,nan,34,34,34,34,34,0,34,34,0,0,0,1,False,False,4.0,0,nan,nan,nan,nan,0.16209626917406456,1.7830589609147085,0.1620962691740644,1.7830589609147083,11.0,0.9999999999999993,1.0000000000000016,6.169173449181403,53.24068450748013,10.0,10,logcosh,1.0,stepsize_pilot
manuscript-pilot,D,pilot_logcosh_d10_k10_rho1_fb-gvi,FB--GVI,2500492809,35,2.243335799702328,16.620409095613205,10.667879118337467,nan,19.804434160673612,0.15922104488994046,15.79574532314837,3.994425481099078,9.356135130213692,3.9944254810990802,9.356135130213685,13.858697262079215,58.7383531386124,17.260226300590535,0.09497847699094564,0.032022578874602914,,nan,nan,nan,nan,nan,nan,nan,nan,35,35,35,35,35,0,35,35,0,0,0,1,False,False,4.0,0,nan,nan,nan,nan,0.16209626917406456,1.7830589609147085,0.1620962691740644,1.7830589609147083,11.0,0.9999999999999993,1.0000000000000016,6.169173449181403,53.240664910232844,10.0,10,logcosh,1.0,stepsize_pilot
manuscript-pilot,D,pilot_logcosh_d10_k10_rho1_fb-gvi,FB--GVI,2500492809,36,2.243335799702328,16.62042675458115,10.667896777305412,nan,19.804510993649508,0.15935201055771184,15.795772702881711,3.994425481099032,9.35618464895196,3.994425481099029,9.356184648951952,13.858743898832252,58.73848600957199,17.260231092925444,0.09705714700976387,0.03278768889140338,,nan,nan,nan,nan,nan,nan,nan,nan,36,36,36,36,36,0,36,36,0,0,0,1,False,False,4.0,0,nan,nan,nan,nan,0.16209626917406456,1.7830589609147085,0.1620962691740644,1.7830589609147083,11.0,0.9999999999999993,1.0000000000000016,6.169173449181403,53.24067969260548,10.0,10,logcosh,1.0,stepsize_pilot
manuscript-pilot,D,pilot_logcosh_d10_k10_rho1_fb-gvi,FB--GVI,2500492809,37,2.243335799702328,16.620413420441807,10.667883443166069,nan,19.80445296450877,0.15925306747429804,15.79575202308294,3.99442548109905,9.35614713986486,3.9944254810990523,9.35614713986485,13.858708635374512,58.73838561770516,17.260227477691622,0.09909071697620675,0.03357704891823232,,nan,nan,nan,nan,nan,nan,nan,nan,37,37,37,37,37,0,37,37,0,0,0,1,False,False,4.0,0,nan,nan,nan,nan,0.16209626917406456,1.7830589609147085,0.1620962691740644,1.7830589609147083,11.0,0.9999999999999993,1.0000000000000016,6.169173449181403,53.240668541103226,10.0,10,logcosh,1.0,stepsize_pilot
manuscript-pilot,D,pilot_logcosh_d10_k10_rho1_fb-gvi,FB--GVI,2500492809,38,2.243335799702328,16.62042349110391,10.667893513828172,nan,19.804496798914418,0.15932781954323796,15.795767650323736,3.9944254810990443,9.356175561235778,3.9944254810990447,9.356175561235778,13.858735310064615,58.738461481734646,17.26023020615417,0.10120287700556219,0.03441746887983754,,nan,nan,nan,nan,nan,nan,nan,nan,38,38,38,38,38,0,38,38,0,0,0,1,False,False,4.0,0,nan,nan,nan,nan,0.16209626917406456,1.7830589609147085,0.1620962691740644,1.7830589609147083,11.0,0.9999999999999993,1.0000000000000016,6.169173449181403,53.24067695728258,10.0,10,logcosh,1.0,stepsize_pilot
manuscript-pilot,D,pilot_logcosh_d10_k10_rho1_fb-gvi,FB--GVI,2500492809,39,2.243335799702328,16.62041588358793,10.667885906312193,nan,19.804463679488556,0.1592713265959822,15.795755841890774,3.9944254810990456,9.35615403112477,3.994425481099045,9.356154031124767,13.85871513456109,58.7384041423423,17.260228146663877,0.10355049697682261,0.035176748875528574,,nan,nan,nan,nan,nan,nan,nan,nan,39,39,39,39,39,0,39,39,0,0,0,1,False,False,4.0,0,nan,nan,nan,nan,0.16209626917406456,1.7830589609147085,0.1620962691740644,1.7830589609147083,11.0,0.9999999999999993,1.0000000000000016,6.169173449181403,53.240670604606166,10.0,10,logcosh,1.0,stepsize_pilot
manuscript-pilot,D,pilot_logcosh_d10_k10_rho1_fb-gvi,FB--GVI,2500492809,40,2.243335799702328,16.620421631488973,10.667891654213236,nan,19.804488706971128,0.1593140233253003,15.795764767799833,3.994425481099051,9.35617034393535,3.9944254810990496,9.356170343935355,13.858730398507381,58.738447486715586,17.260229701723915,0.10564459697343409,0.03595690889051184,,nan,nan,nan,nan,nan,nan,nan,nan,40,40,40,40,40,0,40,40,0,0,0,1,False,False,4.0,0,nan,nan,nan,nan,0.16209626917406456,1.7830589609147085,0.1620962691740644,1.7830589609147083,11.0,0.9999999999999993,1.0000000000000016,6.169173449181403,53.24067540132371,10.0,10,logcosh,1.0,stepsize_pilot
manuscript-pilot,D,pilot_logcosh_d10_k10_rho1_fb-gvi,FB--GVI,2500492809,41,2.243335799702328,16.620417287841825,10.667887310566087,nan,19.804469790819677,0.15928174620824698,15.795758020653851,3.9944254810990474,9.356157985891286,3.9944254810990447,9.35615798589128,13.858718850823324,58.73841471647657,17.26022852736312,0.10775479697622359,0.03674495889572427,,nan,nan,nan,nan,nan,nan,nan,nan,41,41,41,41,41,0,41,41,0,0,0,1,False,False,4.0,0,nan,nan,nan,nan,0.16209626917406456,1.7830589609147085,0.1620962691740644,1.7830589609147083,11.0,0.9999999999999993,1.0000000000000016,6.169173449181403,53.240671778906005,10.0,10,logcosh,1.0,stepsize_pilot
manuscript-pilot,D,pilot_logcosh_d10_k10_rho1_fb-gvi,FB--GVI,2500492809,42,2.243335799702328,16.620420570843052,10.667890593567314,nan,19.804484089949597,0.15930614861784537,15.79576312212384,3.994425481099045,9.35616734894118,3.9944254810990465,9.35616734894118,13.858727588656034,58.738439495396065,17.26022941445823,0.10978124698158354,0.037527358916122466,,nan,nan,nan,nan,nan,nan,nan,nan,42,42,42,42,42,0,42,42,0,0,0,1,False,False,4.0,0,nan,nan,nan,nan,0.16209626917406456,1.7830589609147085,0.1620962691740644,1.7830589609147083,11.0,0.9999999999999993,1.0000000000000016,6.169173449181403,53.240674515227795,10.0,10,logcosh,1.0,stepsize_pilot
manuscript-pilot,D,pilot_logcosh_d10_k10_rho1_fb-gvi,FB--GVI,2500492809,43,2.243335799702328,16.62041808910658,10.667888111830841,nan,19.804473279230894,0.1592876964187562,15.795759264725213,3.9944254810990465,9.356160255620537,3.994425481099047,9.356160255620534,13.858720976902886,58.738420756566285,17.260228744256256,0.11188239697366953,0.03832196892471984,,nan,nan,nan,nan,nan,nan,nan,nan,43,43,43,43,43,0,43,43,0,0,0,1,False,False,4.0,0,nan,nan,nan,nan,0.16209626917406456,1.7830589609147085,0.1620962691740644,1.7830589609147083,11.0,0.9999999999999993,1.0000000000000016,6.169173449181403,53.240672447931686,10.0,10,logcosh,1.0,stepsize_pilot
manuscript-pilot,D,pilot_logcosh_d10_k10_rho1_fb-gvi,FB--GVI,2500492809,44,2.243335799702328,16.620419965407734,10.667889988131996,nan,19.804481453609032,0.15930165058083567,15.795762181978017,3.9944254810990425,9.356165629756184,3.994425481099043,9.356165629756182,13.858725980560106,58.73843492925181,17.26022925070272,0.11403936700662598,0.039110058918595314,,nan,nan,nan,nan,nan,nan,nan,nan,44,44,44,44,44,0,44,44,0,0,0,1,False,False,4.0,0,nan,nan,nan,nan,0.16209626917406456,1.7830589609147085,0.1620962691740644,1.7830589609147083,11.0,0.9999999999999993,1.0000000000000016,6.169173449181403,53.24067401010973,10.0,10,logcosh,1.0,stepsize_pilot
manuscript-pilot,D,pilot_logcosh_d10_k10_rho1_fb-gvi,FB--GVI,2500492809,45,2.243335799702328,16.620418546649127,10.667888569373389,nan,19.804475271840023,0.1592910964755616,15.795759975576177,3.994425481099047,9.356161558322459,3.9944254810990465,9.35616155832246,13.858722193766571,58.738424208848116,17.260228867944406,0.11608982598409057,0.03987855894956738,,nan,nan,nan,nan,nan,nan,nan,nan,45,45,45,45,45,0,45,45,0,0,0,1,False,False,4.0,0,nan,nan,nan,nan,0.16209626917406456,1.7830589609147085,0.1620962691740644,1.7830589609147083,11.0,0.9999999999999993,1.0000000000000016,6.169173449181403,53.24067282945851,10.0,10,logcosh,1.0,stepsize_pilot
manuscript-pilot,D,pilot_logcosh_d10_k10_rho1_fb-gvi,FB--GVI,2500492809,46,2.243335799702328,16.620419619572985,10.667889642297247,nan,19.804479947254002,0.15929907970119145,15.795761644580724,3.9944254810990496,9.356164642941117,3.994425481099047,9.356164642941117,13.858725059918317,58.738432318718644,17.26022915727347,0.11811908602248877,0.04063027893425897,,nan,nan,nan,nan,nan,nan,nan,nan,46,46,46,46,46,0,46,46,0,0,0,1,False,False,4.0,0,nan,nan,nan,nan,0.16209626917406456,1.7830589609147085,0.1620962691740644,1.7830589609147083,11.0,0.9999999999999993,1.0000000000000016,6.169173449181403,53.2406737219191,10.0,10,logcosh,1.0,stepsize_pilot
manuscript-pilot,D,pilot_logcosh_d10_k10_rho1_fb-gvi,FB--GVI,2500492809,47,2.243335799702328,16.62041880808762,10.667888830811883,nan,19.804476410726522,0.1592930404050465,15.79576038198783,3.9944254810990483,9.356162306020558,3.994425481099047,9.35616230602055,13.858722890497683,58.738426183086126,17.260228938538813,0.12029226601589471,0.04139674891484901,,nan,nan,nan,nan,nan,nan,nan,nan,47,47,47,47,47,0,47,47,0,0,0,1,False,False,4.0,0,nan,nan,nan,nan,0.16209626917406456,1.7830589609147085,0.1620962691740644,1.7830589609147083,11.0,0.9999999999999993,1.0000000000000016,6.169173449181403,53.24067304721308,10.0,10,logcosh,1.0,stepsize_pilot
manuscript-pilot,D,pilot_logcosh_d10_k10_rho1_fb-gvi,FB--GVI,2500492809,48,2.243335799702328,16.62041942190624,10.667889444630504,nan,19.804479086058162,0.1592976095092982,15.795761337242444,3.9944254810990496,9.356164076517759,3.9944254810990523,9.356164076517755,13.858724532683171,58.73843082549388,17.26022910392807,0.12234937597531825,0.04215232894057408,,nan,nan,nan,nan,nan,nan,nan,nan,48,48,48,48,48,0,48,48,0,0,0,1,False,False,4.0,0,nan,nan,nan,nan,0.16209626917406456,1.7830589609147085,0.1620962691740644,1.7830589609147083,11.0,0.9999999999999993,1.0000000000000016,6.169173449181403,53.240673557370584,10.0,10,logcosh,1.0,stepsize_pilot
manuscript-pilot,D,pilot_logcosh_d10_k10_rho1_fb-gvi,FB--GVI,2500492809,49,2.243335799702328,16.620418957557533,10.667888980281795,nan,19.80447706200871,0.15929415235750244,15.795760614460846,3.9944254810990447,9.356162735174744,3.9944254810990416,9.356162735174735,13.858723289546901,58.73842731260675,17.260228978859136,0.12448869599029422,0.04290571896126494,,nan,nan,nan,nan,nan,nan,nan,nan,49,49,49,49,49,0,49,49,0,0,0,1,False,False,4.0,0,nan,nan,nan,nan,0.16209626917406456,1.7830589609147085,0.1620962691740644,1.7830589609147083,11.0,0.9999999999999993,1.0000000000000016,6.169173449181403,53.24067317158461,10.0,10,logcosh,1.0,stepsize_pilot
manuscript-pilot,D,pilot_logcosh_d10_k10_rho1_fb-gvi,FB--GVI,2500492809,50,2.243335799702328,16.62041930886718,10.667889331591443,nan,19.804478593459756,0.15929676836780576,15.795761161396385,3.994425481099044,9.356163751398917,3.994425481099042,9.356163751398915,13.858724230661448,58.738429970998865,17.260229073449388,0.126535966002848,0.043651448970194906,,nan,nan,nan,nan,nan,nan,nan,nan,50,50,50,50,50,0,50,50,0,0,0,1,False,False,4.0,0,nan,nan,nan,nan,0.16209626917406456,1.7830589609147085,0.1620962691740644,1.7830589609147083,11.0,0.9999999999999993,1.0000000000000016,6.169173449181403,53.24067346335645,10.0,10,logcosh,1.0,stepsize_pilot
manuscript-pilot,D,pilot_logcosh_d10_k10_rho1_fb-gvi,FB--GVI,2500492809,51,2.243335799702328,16.620419043054916,10.667889065779178,nan,19.804477434622854,0.1592947886802884,15.795760747496567,3.9944254810990403,9.356162981497057,3.99442548109904,9.356162981497057,13.858723518163062,58.73842795909996,17.2602290019026,0.1285232959780842,0.04438278893940151,,nan,nan,nan,nan,nan,nan,nan,nan,51,51,51,51,51,0,51,51,0,0,0,1,False,False,4.0,0,nan,nan,nan,nan,0.16209626917406456,1.7830589609147085,0.1620962691740644,1.7830589609147083,11.0,0.9999999999999993,1.0000000000000016,6.169173449181403,53.24067324266418,10.0,10,logcosh,1.0,stepsize_pilot
manuscript-pilot,D,pilot_logcosh_d10_k10_rho1_fb-gvi,FB--GVI,2500492809,52,2.243335799702328,16.62041924419396,10.667889266918223,nan,19.80447831157395,0.15929628692955286,15.795761060744905,3.994425481099051,9.356163564786499,3.99442548109905,9.356163564786502,13.85872405760873,58.738429481830146,17.260229056025484,0.13050277600996196,0.04514701891457662,,nan,nan,nan,nan,nan,nan,nan,nan,52,52,52,52,52,0,52,52,0,0,0,1,False,False,4.0,0,nan,nan,nan,nan,0.16209626917406456,1.7830589609147085,0.1620962691740644,1.7830589609147083,11.0,0.9999999999999993,1.0000000000000016,6.169173449181403,53.240673409610906,10.0,10,logcosh,1.0,stepsize_pilot
manuscript-pilot,D,pilot_logcosh_d10_k10_rho1_fb-gvi,FB--GVI,2500492809,53,2.243335799702328,16.620419091980903,10.667889114705165,nan,19.804477647890756,0.15929515295704433,15.795760823656844,3.994425481099044,9.356163122879734,3.994425481099043,9.356163122879734,13.85872364916897,58.73842832925878,17.260229015079332,0.13253126601921394,0.04588601895375177,,nan,nan,nan,nan,nan,nan,nan,nan,53,53,53,53,53,0,53,53,0,0,0,1,False,False,4.0,0,nan,nan,nan,nan,0.16209626917406456,1.7830589609147085,0.1620962691740644,1.7830589609147083,11.0,0.9999999999999993,1.0000000000000016,6.169173449181403,53.24067328330895,10.0,10,logcosh,1.0,stepsize_pilot
manuscript-pilot,D,pilot_logcosh_d10_k10_rho1_fb-gvi,FB--GVI,2500492809,54,2.243335799702328,16.620419207177406,10.667889229901668,nan,19.80447815020559,0.1592960112744264,15.795761003113624,3.9944254810990474,9.356163457674649,3.994425481099049,9.356163457674644,13.858723958431387,58.738429201705,17.260229046059653,0.13449796597706154,0.0466177289490588,,nan,nan,nan,nan,nan,nan,nan,nan,54,54,54,54,54,0,54,54,0,0,0,1,False,False,4.0,0,nan,nan,nan,nan,0.16209626917406456,1.7830589609147085,0.1620962691740644,1.7830589609147083,11.0,0.9999999999999993,1.0000000000000016,6.169173449181403,53.24067337887043,10.0,10,logcosh,1.0,stepsize_pilot
manuscript-pilot,D,pilot_logcosh_d10_k10_rho1_fb-gvi,FB--GVI,2500492809,55,2.243335799702328,16.620419119989435,10.667889142713697,nan,19.804477769999213,0.1592953615636601,15.795760867271438,3.9944254810990407,9.356163204029942,3.9944254810990403,9.356163204029949,13.858723724255958,58.73842854126359,17.260229022617608,0.13645777601050213,0.04734621895477176,,nan,nan,nan,nan,nan,nan,nan,nan,55,55,55,55,55,0,55,55,0,0,0,1,False,False,4.0,0,nan,nan,nan,nan,0.16209626917406456,1.7830589609147085,0.1620962691740644,1.7830589609147083,11.0,0.9999999999999993,1.0000000000000016,6.169173449181403,53.24067330656142,10.0,10,logcosh,1.0,stepsize_pilot
manuscript-pilot,D,pilot_logcosh_d10_k10_rho1_fb-gvi,FB--GVI,2500492809,56,2.243335799702328,16.620419185983014,10.667889208707276,nan,19.804478057797926,0.15929585339483968,15.795760970104917,3.994425481099048,9.356163396194683,3.994425481099045,9.356163396194685,13.858723901581584,58.7384290412436,17.260229040357064,0.13845338602550328,0.04807448899373412,,nan,nan,nan,nan,nan,nan,nan,nan,56,56,56,56,56,0,56,56,0,0,0,1,False,False,4.0,0,nan,nan,nan,nan,0.16209626917406456,1.7830589609147085,0.1620962691740644,1.7830589609147083,11.0,0.9999999999999993,1.0000000000000016,6.169173449181403,53.24067336128031,10.0,10,logcosh,1.0,stepsize_pilot
manuscript-pilot,D,pilot_logcosh_d10_k10_rho1_fb-gvi,FB--GVI,2500492809,57,2.243335799702328,16.62041913602872,10.667889158752981,nan,19.804477839935217,0.15929548105863825,15.795760892255354,3.994425481099046,9.356163250608276,3.994425481099047,9.356163250608272,13.858723767300418,58.73842866272068,17.260229026931995,0.1404178059892729,0.04880583903286606,,nan,nan,nan,nan,nan,nan,nan,nan,57,57,57,57,57,0,57,57,0,0,0,1,False,False,4.0,0,nan,nan,nan,nan,0.16209626917406456,1.7830589609147085,0.1620962691740644,1.7830589609147083,11.0,0.9999999999999993,1.0000000000000016,6.169173449181403,53.240673319869515,10.0,10,logcosh,1.0,stepsize_pilot
manuscript-pilot,D,pilot_logcosh_d10_k10_rho1_fb-gvi,FB--GVI,2500492809,58,2.243335799702328,16.620419173844105,10.667889196568368,nan,19.804478004865327,0.15929576294592332,15.795760951193932,3.994425481099047,9.35616336090653,3.9944254810990443,9.356163360906516,13.858723868989092,58.73842894930455,17.260229037092707,0.1424638560274616,0.049565039051231,,nan,nan,nan,nan,nan,nan,nan,nan,58,58,58,58,58,0,58,58,0,0,0,1,False,False,4.0,0,nan,nan,nan,nan,0.16209626917406456,1.7830589609147085,0.1620962691740644,1.7830589609147083,11.0,0.9999999999999993,1.0000000000000016,6.169173449181403,53.240673351211115,10.0,10,logcosh,1.0,stepsize_pilot
manuscript-pilot,D,pilot_logcosh_d10_k10_rho1_fb-gvi,FB--GVI,2500492809,59,2.243335799702328,16.62041914521636,10.667889167940622,nan,19.804477880000952,0.1592955495255405,15.79576090657054,3.9944254810990514,9.356163277343152,3.9944254810990505,9.356163277343148,13.858723791979987,58.738428732319505,17.2602290294021,0.14447271602693945,0.05032610904891044,,nan,nan,nan,nan,nan,nan,nan,nan,59,59,59,59,59,0,59,59,0,0,0,1,False,False,4.0,0,nan,nan,nan,nan,0.16209626917406456,1.7830589609147085,0.1620962691740644,1.7830589609147083,11.0,0.9999999999999993,1.0000000000000016,6.169173449181403,53.24067332748877,10.0,10,logcosh,1.0,stepsize_pilot
manuscript-pilot,D,pilot_logcosh_d10_k10_rho1_fb-gvi,FB--GVI,2500492809,60,2.243335799702328,16.620419166889775,10.667889189614037,nan,19.804477974536933,0.15929571111565236,15.795760940357134,3.9944254810990443,9.356163340651886,3.994425481099043,9.356163340651879,13.858723850300784,58.738428896615105,17.260229035223468,0.14644682599464431,0.051048859022557735,,nan,nan,nan,nan,nan,nan,nan,nan,60,60,60,60,60,0,60,60,0,0,0,1,False,False,4.0,0,nan,nan,nan,nan,0.16209626917406456,1.7830589609147085,0.1620962691740644,1.7830589609147083,11.0,0.9999999999999993,1.0000000000000016,6.169173449181403,53.24067334544528,10.0,10,logcosh,1.0,stepsize_pilot
manuscript-pilot,D,pilot_logcosh_d10_k10_rho1_fb-gvi,FB--GVI,2500492809,61,2.243335799702328,16.620419150480576,10.667889173204838,nan,19.80447790295977,0.15929558876360084,15.795760914774618,3.994425481099039,9.356163292688361,3.9944254810990425,9.356163292688363,13.858723806132003,58.738428772209446,17.260229030816763,0.14838623598916456,0.051781089045107365,,nan,nan,nan,nan,nan,nan,nan,nan,61,61,61,61,61,0,61,61,0,0,0,1,False,False,4.0,0,nan,nan,nan,nan,0.16209626917406456,1.7830589609147085,0.1620962691740644,1.7830589609147083,11.0,0.9999999999999993,1.0000000000000016,6.169173449181403,53.24067333185242,10.0,10,logcosh,1.0,stepsize_pilot
manuscript-pilot,D,pilot_logcosh_d10_k10_rho1_fb-gvi,FB--GVI,2500492809,62,2.243335799702328,16.620419162904696,10.667889185628958,nan,19.804477957156035,0.15929568140901965,15.795760934145886,3.9944254810990434,9.356163329026147,3.994425481099042,9.356163329026137,13.858723839583641,58.738428866413216,17.260229034152744,0.15035242500016466,0.05251095903804526,,nan,nan,nan,nan,nan,nan,nan,nan,62,62,62,62,62,0,62,62,0,0,0,1,False,False,4.0,0,nan,nan,nan,nan,0.16209626917406456,1.7830589609147085,0.1620962691740644,1.7830589609147083,11.0,0.9999999999999993,1.0000000000000016,6.169173449181403,53.24067334214254,10.0,10,logcosh,1.0,stepsize_pilot
manuscript-pilot,D,pilot_logcosh_d10_k10_rho1_fb-gvi,FB--GVI,2500492809,63,2.243335799702328,16.620419153497473,10.667889176221735,nan,19.804477916118522,0.1592956112550921,15.795760919477306,3.994425481099044,9.356163301496165,3.994425481099039,9.356163301496167,13.858723814248176,58.738428795077404,17.260229031627194,0.15236204501707107,0.05326158902607858,,nan,nan,nan,nan,nan,nan,nan,nan,63,63,63,63,63,0,63,63,0,0,0,1,False,False,4.0,0,nan,nan,nan,nan,0.16209626917406456,1.7830589609147085,0.1620962691740644,1.7830589609147083,11.0,0.9999999999999993,1.0000000000000016,6.169173449181403,53.240673334352266,10.0,10,logcosh,1.0,stepsize_pilot
manuscript-pilot,D,pilot_logcosh_d10_k10_rho1_fb-gvi,FB--GVI,2500492809,64,2.243335799702328,16.62041916062063,10.667889183344894,nan,19.80447794719327,0.1592956643795178,15.795760930585194,3.9944254810990496,9.35616332235322,3.994425481099048,9.356163322353217,13.858723833437026,58.7384288490982,17.260229033539265,0.15435797499958426,0.0539856490213424,,nan,nan,nan,nan,nan,nan,nan,nan,64,64,64,64,64,0,64,64,0,0,0,1,False,False,4.0,0,nan,nan,nan,nan,0.16209626917406456,1.7830589609147085,0.1620962691740644,1.7830589609147083,11.0,0.9999999999999993,1.0000000000000016,6.169173449181403,53.24067334025021,10.0,10,logcosh,1.0,stepsize_pilot
manuscript-pilot,D,pilot_logcosh_d10_k10_rho1_fb-gvi,FB--GVI,2500492809,65,2.243335799702328,16.620419155226763,10.667889177951025,nan,19.804477923661846,0.15929562414952958,15.795760922173395,3.994425481099045,9.356163306551643,3.994425481099048,9.35616330655163,13.858723818903266,58.73842880818808,17.260229032091573,0.15633670502575114,0.05475646903505549,,nan,nan,nan,nan,nan,nan,nan,nan,65,65,65,65,65,0,65,65,0,0,0,1,False,False,4.0,0,nan,nan,nan,nan,0.16209626917406456,1.7830589609147085,0.1620962691740644,1.7830589609147083,11.0,0.9999999999999993,1.0000000000000016,6.169173449181403,53.240673335784685,10.0,10,logcosh,1.0,stepsize_pilot
manuscript-pilot,D,pilot_logcosh_d10_k10_rho1_fb-gvi,FB--GVI,2500492809,66,2.243335799702328,16.620419159311297,10.667889182035559,nan,19.80447794148163,0.15929565461571035,15.795760928543677,3.9944254810990403,9.356163318523132,3.9944254810990416,9.356163318523132,13.858723829911426,58.73842883917007,17.26022903318772,0.15830000501591712,0.05550696904538199,,nan,nan,nan,nan,nan,nan,nan,nan,66,66,66,66,66,0,66,66,0,0,0,1,False,False,4.0,0,nan,nan,nan,nan,0.16209626917406456,1.7830589609147085,0.1620962691740644,1.7830589609147083,11.0,0.9999999999999993,1.0000000000000016,6.169173449181403,53.240673339165845,10.0,10,logcosh,1.0,stepsize_pilot
manuscript-pilot,D,pilot_logcosh_d10_k10_rho1_fb-gvi,FB--GVI,2500492809,67,2.243335799702328,16.620419156218155,10.667889178942417,nan,19.804477927986728,0.1592956315430416,15.795760923719307,3.994425481099044,9.356163309453363,3.9944254810990483,9.356163309453365,13.858723821573484,58.73842881570609,17.260229032357714,0.1603067850228399,0.056255459028761834,,nan,nan,nan,nan,nan,nan,nan,nan,67,67,67,67,67,0,67,67,0,0,0,1,False,False,4.0,0,nan,nan,nan,nan,0.16209626917406456,1.7830589609147085,0.1620962691740644,1.7830589609147083,11.0,0.9999999999999993,1.0000000000000016,6.169173449181403,53.24067333660562,10.0,10,logcosh,1.0,stepsize_pilot
manuscript-pilot,D,pilot_logcosh_d10_k10_rho1_fb-gvi,FB--GVI,2500492809,68,2.243335799702328,16.62041915856059,10.667889181284853,nan,19.804477938206666,0.15929564901688936,15.795760927373012,3.994425481099046,9.35616331632475,3.9944254810990456,9.356163316324738,13.858723827889008,58.738428833476796,17.26022903298621,0.16232090501580387,0.05701778898946941,,nan,nan,nan,nan,nan,nan,nan,nan,68,68,68,68,68,0,68,68,0,0,0,1,False,False,4.0,0,nan,nan,nan,nan,0.16209626917406456,1.7830589609147085,0.1620962691740644,1.7830589609147083,11.0,0.9999999999999993,1.0000000000000016,6.169173449181403,53.24067333854427,10.0,10,logcosh,1.0,stepsize_pilot
manuscript-pilot,D,pilot_logcosh_d10_k10_rho1_fb-gvi,FB--GVI,2500492809,69,2.243335799702328,16.62041915678663,10.667889179510894,nan,19.80447793046674,0.15929563578293948,15.795760924605855,3.9944254810990483,9.35616331111891,3.9944254810990483,9.3561633111189,13.858723823105294,58.73842882001804,17.2602290325103,0.16426966502331197,0.0577639690018259,,nan,nan,nan,nan,nan,nan,nan,nan,69,69,69,69,69,0,69,69,0,0,0,1,False,False,4.0,0,nan,nan,nan,nan,0.16209626917406456,1.7830589609147085,0.1620962691740644,1.7830589609147083,11.0,0.9999999999999993,1.0000000000000016,6.169173449181403,53.24067333707628,10.0,10,logcosh,1.0,stepsize_pilot
manuscript-pilot,D,pilot_logcosh_d10_k10_rho1_fb-gvi,FB--GVI,2500492809,70,2.243335799702328,16.62041915813012,10.667889180854381,nan,19.80447793632866,0.15929564580599134,15.79576092670163,3.994425481099046,9.356163315062917,3.9944254810990465,9.356163315062906,13.858723826728788,58.73842883021138,17.26022903287069,0.1662322049960494,0.05851176904980093,,nan,nan,nan,nan,nan,nan,nan,nan,70,70,70,70,70,0,70,70,0,0,0,1,False,False,4.0,0,nan,nan,nan,nan,0.16209626917406456,1.7830589609147085,0.1620962691740644,1.7830589609147083,11.0,0.9999999999999993,1.0000000000000016,6.169173449181403,53.24067333818794,10.0,10,logcosh,1.0,stepsize_pilot
manuscript-pilot,D,pilot_logcosh_d10_k10_rho1_fb-gvi,FB--GVI,2500492809,71,2.243335799702328,16.620419157112615,10.667889179836877,nan,19.80447793188894,0.15929563821463455,15.795760925114296,3.994425481099041,9.356163312074873,3.9944254810990447,9.356163312074877,13.858723823984072,58.73842882249073,17.260229032597756,0.16819481499260291,0.0592539690551348,,nan,nan,nan,nan,nan,nan,nan,nan,71,71,71,71,71,0,71,71,0,0,0,1,False,False,4.0,0,nan,nan,nan,nan,0.16209626917406456,1.7830589609147085,0.1620962691740644,1.7830589609147083,11.0,0.9999999999999993,1.0000000000000016,6.169173449181403,53.240673337346045,10.0,10,logcosh,1.0,stepsize_pilot
manuscript-pilot,D,pilot_logcosh_d10_k10_rho1_fb-gvi,FB--GVI,2500492809,72,2.243335799702328,16.620419157883244,10.667889180607506,nan,19.804477935251516,0.1592956439643605,15.795760926316555,3.9944254810990496,9.356163314338653,3.994425481099049,9.356163314338657,13.858723826063155,58.738428828338385,17.26022903280446,0.17019987502135336,0.060001119039952755,,nan,nan,nan,nan,nan,nan,nan,nan,72,72,72,72,72,0,72,72,0,0,0,1,False,False,4.0,0,nan,nan,nan,nan,0.16209626917406456,1.7830589609147085,0.1620962691740644,1.7830589609147083,11.0,0.9999999999999993,1.0000000000000016,6.169173449181403,53.240673337983644,10.0,10,logcosh,1.0,stepsize_pilot
manuscript-pilot,D,pilot_logcosh_d10_k10_rho1_fb-gvi,FB--GVI,2500492809,73,2.243335799702328,16.620419157299597,10.66788918002386,nan,19.80447793270476,0.15929563960941523,15.795760925405963,3.994425481099042,9.35616331262361,3.994425481099041,9.356163312623604,13.858723824488296,58.73842882390947,17.260229032647935,0.17232500499812886,0.060878899006638676,,nan,nan,nan,nan,nan,nan,nan,nan,73,73,73,73,73,0,73,73,0,0,0,1,False,False,4.0,0,nan,nan,nan,nan,0.16209626917406456,1.7830589609147085,0.1620962691740644,1.7830589609147083,11.0,0.9999999999999993,1.0000000000000016,6.169173449181403,53.24067333750083,10.0,10,logcosh,1.0,stepsize_pilot
manuscript-pilot,D,pilot_logcosh_d10_k10_rho1_fb-gvi,FB--GVI,2500492809,74,2.243335799702328,16.62041915774166,10.667889180465924,nan,19.804477934633738,0.15929564290798445,15.795760926095683,3.9944254810990514,9.356163313922966,3.9944254810990505,9.356163313922954,13.858723825681263,58.73842882726428,17.260229032766482,0.1749452649964951,0.061885258997790515,,nan,nan,nan,nan,nan,nan,nan,nan,74,74,74,74,74,0,74,74,0,0,0,1,False,False,4.0,0,nan,nan,nan,nan,0.16209626917406456,1.7830589609147085,0.1620962691740644,1.7830589609147083,11.0,0.9999999999999993,1.0000000000000016,6.169173449181403,53.2406733378665,10.0,10,logcosh,1.0,stepsize_pilot
manuscript-pilot,D,pilot_logcosh_d10_k10_rho1_fb-gvi,FB--GVI,2500492809,75,2.243335799702328,16.620419157406825,10.667889180131088,nan,19.80447793317262,0.1592956404095075,15.79576092557325,3.994425481099044,9.356163312938547,3.9944254810990447,9.356163312938543,13.858723824777567,58.738428824722966,17.260229032676694,0.1775442250072956,0.06289106898475438,,nan,nan,nan,nan,nan,nan,nan,nan,75,75,75,75,75,0,75,75,0,0,0,1,False,False,4.0,0,nan,nan,nan,nan,0.16209626917406456,1.7830589609147085,0.1620962691740644,1.7830589609147083,11.0,0.9999999999999993,1.0000000000000016,6.169173449181403,53.24067333758954,10.0,10,logcosh,1.0,stepsize_pilot
manuscript-pilot,D,pilot_logcosh_d10_k10_rho1_fb-gvi,FB--GVI,2500492809,76,2.243335799702328,16.62041915766044,10.667889180384702,nan,19.804477934279358,0.15929564230198826,15.79576092596897,3.9944254810990434,9.356163313684347,3.99442548109904,9.356163313684336,13.858723825462128,58.73842882664794,17.2602290327447,0.18021735502406955,0.06390357902273536,,nan,nan,nan,nan,nan,nan,nan,nan,76,76,76,76,76,0,76,76,0,0,0,1,False,False,4.0,0,nan,nan,nan,nan,0.16209626917406456,1.7830589609147085,0.1620962691740644,1.7830589609147083,11.0,0.9999999999999993,1.0000000000000016,6.169173449181403,53.24067333779931,10.0,10,logcosh,1.0,stepsize_pilot
manuscript-pilot,D,pilot_logcosh_d10_k10_rho1_fb-gvi,FB--GVI,2500492809,77,2.243335799702328,16.620419157468334,10.667889180192596,nan,19.80447793344107,0.15929564086850156,15.795760925669216,3.9944254810990536,9.35616331311932,3.9944254810990514,9.356163313119314,13.858723824943548,58.73842882518973,17.260229032693182,0.1828540440183133,0.06491858803201467,,nan,nan,nan,nan,nan,nan,nan,nan,77,77,77,77,77,0,77,77,0,0,0,1,False,False,4.0,0,nan,nan,nan,nan,0.16209626917406456,1.7830589609147085,0.1620962691740644,1.7830589609147083,11.0,0.9999999999999993,1.0000000000000016,6.169173449181403,53.240673337640395,10.0,10,logcosh,1.0,stepsize_pilot
manuscript-pilot,D,pilot_logcosh_d10_k10_rho1_fb-gvi,FB--GVI,2500492809,78,2.243335799702328,16.62041915761385,10.667889180338111,nan,19.80447793407604,0.1592956419543304,15.795760925896278,3.994425481099048,9.356163313547391,3.9944254810990443,9.356163313547379,13.858723825336385,58.73842882629439,17.26022903273221,0.18512829398969188,0.06567814800655469,,nan,nan,nan,nan,nan,nan,nan,nan,78,78,78,78,78,0,78,78,0,0,0,1,False,False,4.0,0,nan,nan,nan,nan,0.16209626917406456,1.7830589609147085,0.1620962691740644,1.7830589609147083,11.0,0.9999999999999993,1.0000000000000016,6.169173449181403,53.24067333776078,10.0,10,logcosh,1.0,stepsize_pilot
manuscript-pilot,D,pilot_logcosh_d10_k10_rho1_fb-gvi,FB--GVI,2500492809,79,2.243335799702328,16.620419157503616,10.667889180227878,nan,19.804477933595052,0.15929564113183406,15.795760925724274,3.9944254810990425,9.356163313223073,3.994425481099042,9.356163313223075,13.858723825038803,58.73842882545779,17.260229032702643,0.18711681402055547,0.06642233801539987,,nan,nan,nan,nan,nan,nan,nan,nan,79,79,79,79,79,0,79,79,0,0,0,1,False,False,4.0,0,nan,nan,nan,nan,0.16209626917406456,1.7830589609147085,0.1620962691740644,1.7830589609147083,11.0,0.9999999999999993,1.0000000000000016,6.169173449181403,53.240673337669584,10.0,10,logcosh,1.0,stepsize_pilot
manuscript-pilot,D,pilot_logcosh_d10_k10_rho1_fb-gvi,FB--GVI,2500492809,80,2.243335799702328,16.620419157587115,10.667889180311377,nan,19.804477933959372,0.15929564175486732,15.795760925854571,3.994425481099044,9.356163313468775,3.994425481099048,9.356163313468771,13.858723825264233,58.738428826091436,17.260229032725046,0.18907248397590593,0.06716645805863664,,nan,nan,nan,nan,nan,nan,nan,nan,80,80,80,80,80,0,80,80,0,0,0,1,False,False,4.0,0,nan,nan,nan,nan,0.16209626917406456,1.7830589609147085,0.1620962691740644,1.7830589609147083,11.0,0.9999999999999993,1.0000000000000016,6.169173449181403,53.240673337738684,10.0,10,logcosh,1.0,stepsize_pilot
manuscript-pilot,D,pilot_logcosh_d10_k10_rho1_fb-gvi,FB--GVI,2500492809,81,2.243335799702328,16.620419157523873,10.667889180248135,nan,19.804477933683398,0.15929564128292015,15.795760925755873,3.994425481099046,9.356163313282622,3.994425481099045,9.356163313282622,13.858723825093458,58.73842882561137,17.260229032708075,0.19104963401332498,0.06791422807145864,,nan,nan,nan,nan,nan,nan,nan,nan,81,81,81,81,81,0,81,81,0,0,0,1,False,False,4.0,0,nan,nan,nan,nan,0.16209626917406456,1.7830589609147085,0.1620962691740644,1.7830589609147083,11.0,0.9999999999999993,1.0000000000000016,6.169173449181403,53.24067333768634,10.0,10,logcosh,1.0,stepsize_pilot
manuscript-pilot,D,pilot_logcosh_d10_k10_rho1_fb-gvi,FB--GVI,2500492809,82,2.243335799702328,16.620419157571778,10.66788918029604,nan,19.80447793389241,0.15929564164042365,15.795760925830631,3.9944254810990394,9.356163313423652,3.9944254810990447,9.356163313423655,13.858723825222828,58.738428825975184,17.260229032720922,0.1929927840246819,0.06867402803618461,,nan,nan,nan,nan,nan,nan,nan,nan,82,82,82,82,82,0,82,82,0,0,0,1,False,False,4.0,0,nan,nan,nan,nan,0.16209626917406456,1.7830589609147085,0.1620962691740644,1.7830589609147083,11.0,0.9999999999999993,1.0000000000000016,6.169173449181403,53.240673337725966,10.0,10,logcosh,1.0,stepsize_pilot
manuscript-pilot,D,pilot_logcosh_d10_k10_rho1_fb-gvi,FB--GVI,2500492809,83,2.243335799702328,16.62041915753548,10.667889180259742,nan,19.804477933734077,0.15929564136960975,15.79576092577399,3.9944254810990483,9.356163313316799,3.9944254810990474,9.356163313316795,13.858723825124812,58.73842882569969,17.26022903271118,0.19498335401294753,0.06945092807291076,,nan,nan,nan,nan,nan,nan,nan,nan,83,83,83,83,83,0,83,83,0,0,0,1,False,False,4.0,0,nan,nan,nan,nan,0.16209626917406456,1.7830589609147085,0.1620962691740644,1.7830589609147083,11.0,0.9999999999999993,1.0000000000000016,6.169173449181403,53.24067333769592,10.0,10,logcosh,1.0,stepsize_pilot
manuscript-pilot,D,pilot_logcosh_d10_k10_rho1_fb-gvi,FB--GVI,2500492809,84,2.243335799702328,16.62041915756298,10.667889180287244,nan,19.80447793385406,0.15929564157475642,15.795760925816895,3.994425481099049,9.356163313397738,3.9944254810990496,9.356163313397738,13.858723825199052,58.738428825908166,17.260229032718556,0.19696429400937632,0.07022229809081182,,nan,nan,nan,nan,nan,nan,nan,nan,84,84,84,84,84,0,84,84,0,0,0,1,False,False,4.0,0,nan,nan,nan,nan,0.16209626917406456,1.7830589609147085,0.1620962691740644,1.7830589609147083,11.0,0.9999999999999993,1.0000000000000016,6.169173449181403,53.24067333771867,10.0,10,logcosh,1.0,stepsize_pilot
manuscript-pilot,D,pilot_logcosh_d10_k10_rho1_fb-gvi,FB--GVI,2500492809,85,2.243335799702328,16.620419157542166,10.667889180266428,nan,19.80447793376321,0.15929564141935265,15.79576092578441,3.9944254810990465,9.356163313336427,3.9944254810990487,9.356163313336427,13.858723825142825,58.73842882574998,17.260229032712985,0.19890406401827931,0.07096479809843004,,nan,nan,nan,nan,nan,nan,nan,nan,85,85,85,85,85,0,85,85,0,0,0,1,False,False,4.0,0,nan,nan,nan,nan,0.16209626917406456,1.7830589609147085,0.1620962691740644,1.7830589609147083,11.0,0.9999999999999993,1.0000000000000016,6.169173449181403,53.24067333770148,10.0,10,logcosh,1.0,stepsize_pilot
manuscript-pilot,D,pilot_logcosh_d10_k10_rho1_fb-gvi,FB--GVI,2500492809,86,2.243335799702328,16.620419157557937,10.667889180282199,nan,19.804477933832043,0.15929564153707607,15.795760925809036,3.994425481099046,9.356163313382906,3.994425481099045,9.356163313382895,13.858723825185445,58.73842882586989,17.26022903271722,0.2008739640004933,0.07172742811962962,,nan,nan,nan,nan,nan,nan,nan,nan,86,86,86,86,86,0,86,86,0,0,0,1,False,False,4.0,0,nan,nan,nan,nan,0.16209626917406456,1.7830589609147085,0.1620962691740644,1.7830589609147083,11.0,0.9999999999999993,1.0000000000000016,6.169173449181403,53.24067333771455,10.0,10,logcosh,1.0,stepsize_pilot
manuscript-pilot,D,pilot_logcosh_d10_k10_rho1_fb-gvi,FB--GVI,2500492809,87,2.243335799702328,16.620419157545996,10.667889180270258,nan,19.804477933779907,0.15929564144789612,15.795760925790391,3.994425481099054,9.356163313347706,3.994425481099052,9.356163313347702,13.858723825153174,58.7384288257793,17.26022903271402,0.20289202401181683,0.07251541811274365,,nan,nan,nan,nan,nan,nan,nan,nan,87,87,87,87,87,0,87,87,0,0,0,1,False,False,4.0,0,nan,nan,nan,nan,0.16209626917406456,1.7830589609147085,0.1620962691740644,1.7830589609147083,11.0,0.9999999999999993,1.0000000000000016,6.169173449181403,53.24067333770467,10.0,10,logcosh,1.0,stepsize_pilot
manuscript-pilot,D,pilot_logcosh_d10_k10_rho1_fb-gvi,FB--GVI,2500492809,88,2.243335799702328,16.620419157555034,10.667889180279296,nan,19.80447793381936,0.1592956415154535,15.795760925804503,3.9944254810990385,9.356163313374374,3.994425481099039,9.356163313374369,13.858723825177618,58.73842882584819,17.260229032716435,0.20485575398197398,0.07326597813516855,,nan,nan,nan,nan,nan,nan,nan,nan,88,88,88,88,88,0,88,88,0,0,0,1,False,False,4.0,0,nan,nan,nan,nan,0.16209626917406456,1.7830589609147085,0.1620962691740644,1.7830589609147083,11.0,0.9999999999999993,1.0000000000000016,6.169173449181403,53.240673337712124,10.0,10,logcosh,1.0,stepsize_pilot
manuscript-pilot,D,pilot_logcosh_d10_k10_rho1_fb-gvi,FB--GVI,2500492809,89,2.243335799702328,16.62041915754818,10.667889180272443,nan,19.804477933789432,0.15929564146427597,15.7957609257938,3.994425481099047,9.35616331335416,3.9944254810990425,9.356163313354157,13.858723825159087,58.73842882579596,17.260229032714598,0.20680887397611514,0.0740266281645745,,nan,nan,nan,nan,nan,nan,nan,nan,89,89,89,89,89,0,89,89,0,0,0,1,False,False,4.0,0,nan,nan,nan,nan,0.16209626917406456,1.7830589609147085,0.1620962691740644,1.7830589609147083,11.0,0.9999999999999993,1.0000000000000016,6.169173449181403,53.240673337706454,10.0,10,logcosh,1.0,stepsize_pilot
manuscript-pilot,D,pilot_logcosh_d10_k10_rho1_fb-gvi,FB--GVI,2500492809,90,2.243335799702328,16.62041915755337,10.667889180277633,nan,19.80447793381213,0.1592956415030454,15.795760925801904,3.994425481099045,9.356163313369466,3.994425481099042,9.356163313369457,13.85872382517311,58.738428825835136,17.260229032715984,0.2091915340279229,0.07505874818889424,,nan,nan,nan,nan,nan,nan,nan,nan,90,90,90,90,90,0,90,90,0,0,0,1,False,False,4.0,0,nan,nan,nan,nan,0.16209626917406456,1.7830589609147085,0.1620962691740644,1.7830589609147083,11.0,0.9999999999999993,1.0000000000000016,6.169173449181403,53.24067333771073,10.0,10,logcosh,1.0,stepsize_pilot
manuscript-pilot,D,pilot_logcosh_d10_k10_rho1_fb-gvi,FB--GVI,2500492809,91,2.243335799702328,16.62041915754944,10.6678891802737,nan,19.804477933794963,0.1592956414736756,15.795760925795767,3.9944254810990474,9.356163313357868,3.9944254810990465,9.356163313357865,13.858723825162485,58.738428825805606,17.260229032714932,0.21189099398907274,0.07608477817848325,,nan,nan,nan,nan,nan,nan,nan,nan,91,91,91,91,91,0,91,91,0,0,0,1,False,False,4.0,0,nan,nan,nan,nan,0.16209626917406456,1.7830589609147085,0.1620962691740644,1.7830589609147083,11.0,0.9999999999999993,1.0000000000000016,6.169173449181403,53.240673337707484,10.0,10,logcosh,1.0,stepsize_pilot
manuscript-pilot,D,pilot_logcosh_d10_k10_rho1_fb-gvi,FB--GVI,2500492809,92,2.243335799702328,16.620419157552412,10.667889180276674,nan,19.804477933807927,0.15929564149592512,15.795760925800412,3.9944254810990407,9.35616331336665,3.9944254810990403,9.35616331336665,13.858723825170538,58.738428825827974,17.260229032715728,0.21453428402310237,0.07712335820542648,,nan,nan,nan,nan,nan,nan,nan,nan,92,92,92,92,92,0,92,92,0,0,0,1,False,False,4.0,0,nan,nan,nan,nan,0.16209626917406456,1.7830589609147085,0.1620962691740644,1.7830589609147083,11.0,0.9999999999999993,1.0000000000000016,6.169173449181403,53.24067333770994,10.0,10,logcosh,1.0,stepsize_pilot
manuscript-pilot,D,pilot_logcosh_d10_k10_rho1_fb-gvi,FB--GVI,2500492809,93,2.243335799702328,16.620419157550167,10.667889180274429,nan,19.804477933798108,0.1592956414790697,15.7957609257969,3.9944254810990483,9.356163313359998,3.994425481099049,9.356163313359996,13.858723825164436,58.73842882581115,17.260229032715134,0.21718042297288775,0.07814408821286634,,nan,nan,nan,nan,nan,nan,nan,nan,93,93,93,93,93,0,93,93,0,0,0,1,False,False,4.0,0,nan,nan,nan,nan,0.16209626917406456,1.7830589609147085,0.1620962691740644,1.7830589609147083,11.0,0.9999999999999993,1.0000000000000016,6.169173449181403,53.24067333770811,10.0,10,logcosh,1.0,stepsize_pilot
manuscript-pilot,D,pilot_logcosh_d10_k10_rho1_fb-gvi,FB--GVI,2500492809,94,2.243335799702328,16.62041915755187,10.66788918027613,nan,19.8044779338056,0.15929564149183867,15.795760925799566,3.9944254810990403,9.356163313365045,3.99442548109904,9.356163313365043,13.858723825169067,58.73842882582399,17.26022903271559,0.2197835330152884,0.07914554822491482,,nan,nan,nan,nan,nan,nan,nan,nan,94,94,94,94,94,0,94,94,0,0,0,1,False,False,4.0,0,nan,nan,nan,nan,0.16209626917406456,1.7830589609147085,0.1620962691740644,1.7830589609147083,11.0,0.9999999999999993,1.0000000000000016,6.169173449181403,53.24067333770952,10.0,10,logcosh,1.0,stepsize_pilot
manuscript-pilot,D,pilot_logcosh_d10_k10_rho1_fb-gvi,FB--GVI,2500492809,95,2.243335799702328,16.62041915755058,10.667889180274841,nan,19.804477933799923,0.15929564148216532,15.79576092579755,3.9944254810990465,9.356163313361234,3.9944254810990483,9.356163313361227,13.85872382516557,58.73842882581417,17.260229032715248,0.22242376301437616,0.08014925825409591,,nan,nan,nan,nan,nan,nan,nan,nan,95,95,95,95,95,0,95,95,0,0,0,1,False,False,4.0,0,nan,nan,nan,nan,0.16209626917406456,1.7830589609147085,0.1620962691740644,1.7830589609147083,11.0,0.9999999999999993,1.0000000000000016,6.169173449181403,53.240673337708465,10.0,10,logcosh,1.0,stepsize_pilot
manuscript-pilot,D,pilot_logcosh_d10_k10_rho1_fb-gvi,FB--GVI,2500492809,96,2.243335799702328,16.620419157551563,10.667889180275825,nan,19.804477933804193,0.1592956414894938,15.79576092579908,3.994425481099044,9.35616331336412,3.9944254810990443,9.356163313364108,13.858723825168216,58.738428825821565,17.260229032715504,0.22504570300225168,0.08115690824342892,,nan,nan,nan,nan,nan,nan,nan,nan,96,96,96,96,96,0,96,96,0,0,0,1,False,False,4.0,0,nan,nan,nan,nan,0.16209626917406456,1.7830589609147085,0.1620962691740644,1.7830589609147083,11.0,0.9999999999999993,1.0000000000000016,6.169173449181403,53.240673337709254,10.0,10,logcosh,1.0,stepsize_pilot
manuscript-pilot,D,pilot_logcosh_d10_k10_rho1_fb-gvi,FB--GVI,2500492809,97,2.243335799702328,16.62041915755082,10.667889180275083,nan,19.80447793380095,0.15929564148394168,15.795760925797916,3.994425481099045,9.356163313361927,3.9944254810990443,9.356163313361911,13.858723825166201,58.738428825815866,17.260229032715305,0.22769331297604367,0.08216605824418366,,nan,nan,nan,nan,nan,nan,nan,nan,97,97,97,97,97,0,97,97,0,0,0,1,False,False,4.0,0,nan,nan,nan,nan,0.16209626917406456,1.7830589609147085,0.1620962691740644,1.7830589609147083,11.0,0.9999999999999993,1.0000000000000016,6.169173449181403,53.240673337708635,10.0,10,logcosh,1.0,stepsize_pilot
manuscript-pilot,D,pilot_logcosh_d10_k10_rho1_fb-gvi,FB--GVI,2500492809,98,2.243335799702328,16.62041915755138,10.667889180275644,nan,19.80447793380343,0.1592956414881478,15.795760925798797,3.994425481099045,9.356163313363592,3.9944254810990483,9.35616331336359,13.858723825167731,58.73842882582018,17.260229032715458,0.23030135297449306,0.08317643828922883,,nan,nan,nan,nan,nan,nan,nan,nan,98,98,98,98,98,0,98,98,0,0,0,1,False,False,4.0,0,nan,nan,nan,nan,0.16209626917406456,1.7830589609147085,0.1620962691740644,1.7830589609147083,11.0,0.9999999999999993,1.0000000000000016,6.169173449181403,53.24067333770911,10.0,10,logcosh,1.0,stepsize_pilot
manuscript-pilot,D,pilot_logcosh_d10_k10_rho1_fb-gvi,FB--GVI,2500492809,99,2.243335799702328,16.620419157550963,10.667889180275225,nan,19.804477933801607,0.15929564148496123,15.795760925798136,3.9944254810990465,9.356163313362327,3.994425481099045,9.356163313362321,13.858723825166573,58.73842882581696,17.260229032715348,0.23260609299177304,0.08392871828982607,,nan,nan,nan,nan,nan,nan,nan,nan,99,99,99,99,99,0,99,99,0,0,0,1,False,False,4.0,0,nan,nan,nan,nan,0.16209626917406456,1.7830589609147085,0.1620962691740644,1.7830589609147083,11.0,0.9999999999999993,1.0000000000000016,6.169173449181403,53.24067333770877,10.0,10,logcosh,1.0,stepsize_pilot
manuscript-pilot,D,pilot_logcosh_d10_k10_rho1_fb-gvi,FB--GVI,2500492809,100,2.243335799702328,16.62041915755127,10.667889180275534,nan,19.804477933802946,0.15929564148737513,15.795760925798628,3.99442548109905,9.356163313363277,3.99442548109905,9.356163313363275,13.858723825167436,58.73842882581939,17.260229032715422,0.2352894630166702,0.08494929829612374,,nan,nan,nan,nan,nan,nan,nan,nan,100,100,100,100,100,0,100,100,0,0,0,1,False,False,4.0,0,nan,nan,nan,nan,0.16209626917406456,1.7830589609147085,0.1620962691740644,1.7830589609147083,11.0,0.9999999999999993,1.0000000000000016,6.169173449181403,53.240673337709,10.0,10,logcosh,1.0,stepsize_pilot
manuscript-pilot,D,pilot_logcosh_d10_k10_rho1_fb-gvi,FB--GVI,2500492809,101,2.243335799702328,16.62041915755102,10.667889180275282,nan,19.80447793380194,0.1592956414855466,15.795760925798245,3.994425481099042,9.356163313362568,3.99442548109904,9.356163313362556,13.858723825166782,58.73842882581739,17.26022903271536,0.2379613029770553,0.08600741834379733,,nan,nan,nan,nan,nan,nan,nan,nan,101,101,101,101,101,0,101,101,0,0,0,1,False,False,4.0,0,nan,nan,nan,nan,0.16209626917406456,1.7830589609147085,0.1620962691740644,1.7830589609147083,11.0,0.9999999999999993,1.0000000000000016,6.169173449181403,53.2406733377088,10.0,10,logcosh,1.0,stepsize_pilot
manuscript-pilot,D,pilot_logcosh_d10_k10_rho1_fb-gvi,FB--GVI,2500492809,102,2.243335799702328,16.620419157551215,10.667889180275477,nan,19.80447793380272,0.15929564148693215,15.795760925798538,3.994425481099046,9.356163313363098,3.9944254810990483,9.356163313363089,13.85872382516728,58.73842882581883,17.26022903271541,0.24063484300859272,0.08701903832843527,,nan,nan,nan,nan,nan,nan,nan,nan,102,102,102,102,102,0,102,102,0,0,0,1,False,False,4.0,0,nan,nan,nan,nan,0.16209626917406456,1.7830589609147085,0.1620962691740644,1.7830589609147083,11.0,0.9999999999999993,1.0000000000000016,6.169173449181403,53.24067333770897,10.0,10,logcosh,1.0,stepsize_pilot
manuscript-pilot,D,pilot_logcosh_d10_k10_rho1_fb-gvi,FB--GVI,2500492809,103,2.243335799702328,16.620419157551076,10.667889180275338,nan,19.804477933802097,0.15929564148588252,15.795760925798323,3.994425481099042,9.356163313362694,3.9944254810990407,9.356163313362694,13.858723825166912,58.73842882581806,17.260229032715376,0.24324340297607705,0.08802591828862205,,nan,nan,nan,nan,nan,nan,nan,nan,103,103,103,103,103,0,103,103,0,0,0,1,False,False,4.0,0,nan,nan,nan,nan,0.16209626917406456,1.7830589609147085,0.1620962691740644,1.7830589609147083,11.0,0.9999999999999993,1.0000000000000016,6.169173449181403,53.240673337708856,10.0,10,logcosh,1.0,stepsize_pilot
manuscript-pilot,D,pilot_logcosh_d10_k10_rho1_fb-gvi,FB--GVI,2500492809,104,2.243335799702328,16.62041915755118,10.667889180275441,nan,19.80447793380256,0.15929564148667763,15.79576092579849,3.9944254810990496,9.356163313363009,3.994425481099047,9.356163313363004,13.858723825167198,58.738428825818715,17.260229032715408,0.24588087300071493,0.08903579827165231,,nan,nan,nan,nan,nan,nan,nan,nan,104,104,104,104,104,0,104,104,0,0,0,1,False,False,4.0,0,nan,nan,nan,nan,0.16209626917406456,1.7830589609147085,0.1620962691740644,1.7830589609147083,11.0,0.9999999999999993,1.0000000000000016,6.169173449181403,53.240673337708955,10.0,10,logcosh,1.0,stepsize_pilot
manuscript-pilot,D,pilot_logcosh_d10_k10_rho1_fb-gvi,FB--GVI,2500492809,105,2.243335799702328,16.62041915755109,10.667889180275353,nan,19.804477933802204,0.15929564148607495,15.795760925798357,3.99442548109904,9.356163313362769,3.9944254810990447,9.356163313362762,13.858723825166974,58.73842882581804,17.260229032715376,0.25395759200910106,0.09033640829147771,,nan,nan,nan,nan,nan,nan,nan,nan,105,105,105,105,105,0,105,105,0,0,0,1,False,False,4.0,0,nan,nan,nan,nan,0.16209626917406456,1.7830589609147085,0.1620962691740644,1.7830589609147083,11.0,0.9999999999999993,1.0000000000000016,6.169173449181403,53.240673337708856,10.0,10,logcosh,1.0,stepsize_pilot
manuscript-pilot,D,pilot_logcosh_d10_k10_rho1_fb-gvi,FB--GVI,2500492809,106,2.243335799702328,16.62041915755116,10.667889180275424,nan,19.804477933802467,0.15929564148653144,15.795760925798458,3.9944254810990447,9.356163313362954,3.9944254810990456,9.356163313362948,13.858723825167148,58.73842882581839,17.260229032715397,0.2564295220072381,0.09112270828336477,,nan,nan,nan,nan,nan,nan,nan,nan,106,106,106,106,106,0,106,106,0,0,0,1,False,False,4.0,0,nan,nan,nan,nan,0.16209626917406456,1.7830589609147085,0.1620962691740644,1.7830589609147083,11.0,0.9999999999999993,1.0000000000000016,6.169173449181403,53.24067333770892,10.0,10,logcosh,1.0,stepsize_pilot
manuscript-pilot,D,pilot_logcosh_d10_k10_rho1_fb-gvi,FB--GVI,2500492809,107,2.243335799702328,16.62041915755112,10.667889180275381,nan,19.804477933802264,0.15929564148618605,15.795760925798394,3.994425481099049,9.356163313362826,3.994425481099047,9.356163313362822,13.85872382516703,58.73842882581829,17.260229032715397,0.2584510219749063,0.09186076832702383,,nan,nan,nan,nan,nan,nan,nan,nan,107,107,107,107,107,0,107,107,0,0,0,1,False,False,4.0,0,nan,nan,nan,nan,0.16209626917406456,1.7830589609147085,0.1620962691740644,1.7830589609147083,11.0,0.9999999999999993,1.0000000000000016,6.169173449181403,53.24067333770892,10.0,10,logcosh,1.0,stepsize_pilot
manuscript-pilot,D,pilot_logcosh_d10_k10_rho1_fb-gvi,FB--GVI,2500492809,108,2.243335799702328,16.62041915755115,10.667889180275413,nan,19.80447793380242,0.15929564148644754,15.79576092579844,3.9944254810990416,9.356163313362918,3.9944254810990394,9.356163313362915,13.858723825167113,58.738428825818424,17.260229032715397,0.2604693219764158,0.09262936830054969,,nan,nan,nan,nan,nan,nan,nan,nan,108,108,108,108,108,0,108,108,0,0,0,1,False,False,4.0,0,nan,nan,nan,nan,0.16209626917406456,1.7830589609147085,0.1620962691740644,1.7830589609147083,11.0,0.9999999999999993,1.0000000000000016,6.169173449181403,53.24067333770892,10.0,10,logcosh,1.0,stepsize_pilot
manuscript-pilot,D,pilot_logcosh_d10_k10_rho1_fb-gvi,FB--GVI,2500492809,109,2.243335799702328,16.62041915755112,10.667889180275381,nan,19.804477933802357,0.15929564148624903,15.795760925798396,3.994425481099045,9.356163313362835,3.994425481099047,9.356163313362835,13.85872382516704,58.738428825818175,17.260229032715387,0.2624481319799088,0.09336615825304762,,nan,nan,nan,nan,nan,nan,nan,nan,109,109,109,109,109,0,109,109,0,0,0,1,False,False,4.0,0,nan,nan,nan,nan,0.16209626917406456,1.7830589609147085,0.1620962691740644,1.7830589609147083,11.0,0.9999999999999993,1.0000000000000016,6.169173449181403,53.24067333770889,10.0,10,logcosh,1.0,stepsize_pilot
manuscript-pilot,D,pilot_logcosh_d10_k10_rho1_fb-gvi,FB--GVI,2500492809,110,2.243335799702328,16.62041915755114,10.667889180275402,nan,19.804477933802374,0.15929564148639996,15.795760925798424,3.994425481099047,9.356163313362897,3.994425481099045,9.356163313362888,13.85872382516709,58.738428825818424,17.26022903271539,0.26440524199279025,0.09409855824196711,,nan,nan,nan,nan,nan,nan,nan,nan,110,110,110,110,110,0,110,110,0,0,0,1,False,False,4.0,0,nan,nan,nan,nan,0.16209626917406456,1.7830589609147085,0.1620962691740644,1.7830589609147083,11.0,0.9999999999999993,1.0000000000000016,6.169173449181403,53.2406733377089,10.0,10,logcosh,1.0,stepsize_pilot
manuscript-pilot,D,pilot_logcosh_d10_k10_rho1_fb-gvi,FB--GVI,2500492809,111,2.243335799702328,16.620419157551126,10.667889180275388,nan,19.804477933802325,0.15929564148628556,15.795760925798403,3.994425481099049,9.356163313362844,3.99442548109905,9.356163313362844,13.85872382516705,58.7384288258182,17.26022903271539,0.26641079201363027,0.09484449820593,,nan,nan,nan,nan,nan,nan,nan,nan,111,111,111,111,111,0,111,111,0,0,0,1,False,False,4.0,0,nan,nan,nan,nan,0.16209626917406456,1.7830589609147085,0.1620962691740644,1.7830589609147083,11.0,0.9999999999999993,1.0000000000000016,6.169173449181403,53.2406733377089,10.0,10,logcosh,1.0,stepsize_pilot
manuscript-pilot,D,pilot_logcosh_d10_k10_rho1_fb-gvi,FB--GVI,2500492809,112,2.243335799702328,16.620419157551133,10.667889180275395,nan,19.804477933802367,0.15929564148637182,15.795760925798415,3.994425481099044,9.356163313362885,3.9944254810990425,9.356163313362869,13.858723825167075,58.73842882581848,17.260229032715387,0.2684545119991526,0.0955837382352911,,nan,nan,nan,nan,nan,nan,nan,nan,112,112,112,112,112,0,112,112,0,0,0,1,False,False,4.0,0,nan,nan,nan,nan,0.16209626917406456,1.7830589609147085,0.1620962691740644,1.7830589609147083,11.0,0.9999999999999993,1.0000000000000016,6.169173449181403,53.24067333770889,10.0,10,logcosh,1.0,stepsize_pilot
manuscript-pilot,D,pilot_logcosh_d10_k10_rho1_fb-gvi,FB--GVI,2500492809,113,2.243335799702328,16.620419157551126,10.667889180275388,nan,19.80447793380235,0.15929564148630687,15.7957609257984,3.994425481099048,9.356163313362854,3.994425481099051,9.356163313362853,13.85872382516705,58.738428825818175,17.26022903271538,0.27040146198123693,0.09631095820805058,,nan,nan,nan,nan,nan,nan,nan,nan,113,113,113,113,113,0,113,113,0,0,0,1,False,False,4.0,0,nan,nan,nan,nan,0.16209626917406456,1.7830589609147085,0.1620962691740644,1.7830589609147083,11.0,0.9999999999999993,1.0000000000000016,6.169173449181403,53.24067333770887,10.0,10,logcosh,1.0,stepsize_pilot
manuscript-pilot,D,pilot_logcosh_d10_k10_rho1_fb-gvi,FB--GVI,2500492809,114,2.243335799702328,16.620419157551137,10.667889180275399,nan,19.804477933802342,0.15929564148635567,15.795760925798426,3.99442548109905,9.356163313362886,3.9944254810990487,9.356163313362876,13.85872382516708,58.7384288258185,17.2602290327154,0.27254389197332785,0.09715373819926754,,nan,nan,nan,nan,nan,nan,nan,nan,114,114,114,114,114,0,114,114,0,0,0,1,False,False,4.0,0,nan,nan,nan,nan,0.16209626917406456,1.7830589609147085,0.1620962691740644,1.7830589609147083,11.0,0.9999999999999993,1.0000000000000016,6.169173449181403,53.240673337708934,10.0,10,logcosh,1.0,stepsize_pilot
manuscript-pilot,D,pilot_logcosh_d10_k10_rho1_fb-gvi,FB--GVI,2500492809,115,2.243335799702328,16.620419157551137,10.667889180275399,nan,19.80447793380234,0.1592956414863189,15.795760925798417,3.994425481099052,9.356163313362865,3.994425481099051,9.356163313362858,13.858723825167063,58.73842882581833,17.260229032715394,0.27517103200079873,0.09815882821567357,,nan,nan,nan,nan,nan,nan,nan,nan,115,115,115,115,115,0,115,115,0,0,0,1,False,False,4.0,0,nan,nan,nan,nan,0.16209626917406456,1.7830589609147085,0.1620962691740644,1.7830589609147083,11.0,0.9999999999999993,1.0000000000000016,6.169173449181403,53.24067333770891,10.0,10,logcosh,1.0,stepsize_pilot
manuscript-pilot,D,pilot_logcosh_d10_k10_rho1_fb-gvi,FB--GVI,2500492809,116,2.243335799702328,16.62041915755114,10.667889180275402,nan,19.80447793380236,0.15929564148634684,15.795760925798422,3.994425481099047,9.356163313362886,3.994425481099048,9.356163313362877,13.858723825167079,58.73842882581839,17.260229032715397,0.2777949320152402,0.09917620819760486,,nan,nan,nan,nan,nan,nan,nan,nan,116,116,116,116,116,0,116,116,0,0,0,1,False,False,4.0,0,nan,nan,nan,nan,0.16209626917406456,1.7830589609147085,0.1620962691740644,1.7830589609147083,11.0,0.9999999999999993,1.0000000000000016,6.169173449181403,53.24067333770892,10.0,10,logcosh,1.0,stepsize_pilot
manuscript-pilot,D,pilot_logcosh_d10_k10_rho1_fb-gvi,FB--GVI,2500492809,117,2.243335799702328,16.620419157551137,10.667889180275399,nan,19.80447793380234,0.1592956414863258,15.795760925798412,3.9944254810990487,9.356163313362869,3.9944254810990474,9.356163313362861,13.858723825167067,58.73842882581858,17.260229032715387,0.2805010720039718,0.10022177820792422,,nan,nan,nan,nan,nan,nan,nan,nan,117,117,117,117,117,0,117,117,0,0,0,1,False,False,4.0,0,nan,nan,nan,nan,0.16209626917406456,1.7830589609147085,0.1620962691740644,1.7830589609147083,11.0,0.9999999999999993,1.0000000000000016,6.169173449181403,53.24067333770889,10.0,10,logcosh,1.0,stepsize_pilot
manuscript-pilot,D,pilot_logcosh_d10_k10_rho1_fb-gvi,FB--GVI,2500492809,118,2.243335799702328,16.620419157551122,10.667889180275385,nan,19.804477933802346,0.15929564148634162,15.795760925798401,3.9944254810990447,9.356163313362867,3.9944254810990447,9.356163313362858,13.858723825167052,58.73842882581802,17.26022903271538,0.2831161509966478,0.10122747719287872,,nan,nan,nan,nan,nan,nan,nan,nan,118,118,118,118,118,0,118,118,0,0,0,1,False,False,4.0,0,nan,nan,nan,nan,0.16209626917406456,1.7830589609147085,0.1620962691740644,1.7830589609147083,11.0,0.9999999999999993,1.0000000000000016,6.169173449181403,53.24067333770887,10.0,10,logcosh,1.0,stepsize_pilot
manuscript-pilot,D,pilot_logcosh_d10_k10_rho1_fb-gvi,FB--GVI,2500492809,119,2.243335799702328,16.620419157551126,10.667889180275388,nan,19.80447793380235,0.15929564148632944,15.7957609257984,3.9944254810990474,9.356163313362854,3.9944254810990487,9.356163313362856,13.858723825167052,58.738428825818346,17.260229032715376,0.28532147099031135,0.10198948718607426,,nan,nan,nan,nan,nan,nan,nan,nan,119,119,119,119,119,0,119,119,0,0,0,1,False,False,4.0,0,nan,nan,nan,nan,0.16209626917406456,1.7830589609147085,0.1620962691740644,1.7830589609147083,11.0,0.9999999999999993,1.0000000000000016,6.169173449181403,53.240673337708856,10.0,10,logcosh,1.0,stepsize_pilot
manuscript-pilot,D,pilot_logcosh_d10_k10_rho1_fb-gvi,FB--GVI,2500492809,120,2.243335799702328,16.620419157551122,10.667889180275385,nan,19.804477933802332,0.1592956414863386,15.795760925798401,3.994425481099046,9.356163313362863,3.994425481099046,9.356163313362856,13.858723825167054,58.738428825818445,17.26022903271538,0.2873352009919472,0.10273634718032554,,nan,nan,nan,nan,nan,nan,nan,nan,120,120,120,120,120,0,120,120,0,0,0,1,False,False,4.0,0,nan,nan,nan,nan,0.16209626917406456,1.7830589609147085,0.1620962691740644,1.7830589609147083,11.0,0.9999999999999993,1.0000000000000016,6.169173449181403,53.24067333770887,10.0,10,logcosh,1.0,stepsize_pilot
manuscript-pilot,D,pilot_logcosh_d10_k10_rho1_fb-gvi,FB--GVI,2500492809,121,2.243335799702328,16.620419157551137,10.667889180275399,nan,19.804477933802364,0.1592956414863317,15.795760925798417,3.994425481099051,9.35616331336287,3.9944254810990487,9.356163313362876,13.858723825167067,58.7384288258182,17.260229032715394,0.28929650102509186,0.10349686717381701,,nan,nan,nan,nan,nan,nan,nan,nan,121,121,121,121,121,0,121,121,0,0,0,1,False,False,4.0,0,nan,nan,nan,nan,0.16209626917406456,1.7830589609147085,0.1620962691740644,1.7830589609147083,11.0,0.9999999999999993,1.0000000000000016,6.169173449181403,53.24067333770891,10.0,10,logcosh,1.0,stepsize_pilot
manuscript-pilot,D,pilot_logcosh_d10_k10_rho1_fb-gvi,FB--GVI,2500492809,122,2.243335799702328,16.620419157551126,10.667889180275388,nan,19.80447793380234,0.159295641486337,15.795760925798408,3.9944254810990465,9.356163313362872,3.9944254810990474,9.356163313362869,13.858723825167067,58.738428825818445,17.26022903271538,0.291272840986494,0.10422656720038503,,nan,nan,nan,nan,nan,nan,nan,nan,122,122,122,122,122,0,122,122,0,0,0,1,False,False,4.0,0,nan,nan,nan,nan,0.16209626917406456,1.7830589609147085,0.1620962691740644,1.7830589609147083,11.0,0.9999999999999993,1.0000000000000016,6.169173449181403,53.24067333770887,10.0,10,logcosh,1.0,stepsize_pilot
manuscript-pilot,D,pilot_logcosh_d10_k10_rho1_fb-gvi,FB--GVI,2500492809,123,2.243335799702328,16.620419157551126,10.667889180275388,nan,19.804477933802342,0.15929564148633293,15.795760925798403,3.99442548109905,9.356163313362861,3.9944254810990487,9.356163313362863,13.85872382516706,58.73842882581837,17.260229032715383,0.2932648209971376,0.1049777171574533,,nan,nan,nan,nan,nan,nan,nan,nan,123,123,123,123,123,0,123,123,0,0,0,1,False,False,4.0,0,nan,nan,nan,nan,0.16209626917406456,1.7830589609147085,0.1620962691740644,1.7830589609147083,11.0,0.9999999999999993,1.0000000000000016,6.169173449181403,53.24067333770888,10.0,10,logcosh,1.0,stepsize_pilot
manuscript-pilot,D,pilot_logcosh_d10_k10_rho1_fb-gvi,FB--GVI,2500492809,124,2.243335799702328,16.620419157551126,10.667889180275388,nan,19.804477933802346,0.1592956414863361,15.795760925798406,3.9944254810990443,9.35616331336286,3.994425481099044,9.356163313362858,13.858723825167054,58.73842882581839,17.26022903271538,0.2951828010263853,0.1057129871333018,,nan,nan,nan,nan,nan,nan,nan,nan,124,124,124,124,124,0,124,124,0,0,0,1,False,False,4.0,0,nan,nan,nan,nan,0.16209626917406456,1.7830589609147085,0.1620962691740644,1.7830589609147083,11.0,0.9999999999999993,1.0000000000000016,6.169173449181403,53.24067333770887,10.0,10,logcosh,1.0,stepsize_pilot
manuscript-pilot,D,pilot_logcosh_d10_k10_rho1_fb-gvi,FB--GVI,2500492809,125,2.243335799702328,16.62041915755114,10.667889180275402,nan,19.80447793380236,0.15929564148633357,15.795760925798417,3.9944254810990447,9.356163313362867,3.994425481099044,9.356163313362854,13.858723825167061,58.73842882581829,17.26022903271539,0.297319040982984,0.1066720571834594,,nan,nan,nan,nan,nan,nan,nan,nan,125,125,125,125,125,0,125,125,0,0,0,1,False,False,4.0,0,nan,nan,nan,nan,0.16209626917406456,1.7830589609147085,0.1620962691740644,1.7830589609147083,11.0,0.9999999999999993,1.0000000000000016,6.169173449181403,53.2406733377089,10.0,10,logcosh,1.0,stepsize_pilot
manuscript-pilot,D,pilot_logcosh_d10_k10_rho1_fb-gvi,FB--GVI,2500492809,126,2.243335799702328,16.620419157551133,10.667889180275395,nan,19.804477933802367,0.15929564148633565,15.79576092579841,3.994425481099049,9.356163313362872,3.994425481099049,9.356163313362863,13.858723825167068,58.73842882581823,17.260229032715387,0.29995172098279,0.10767995717469603,,nan,nan,nan,nan,nan,nan,nan,nan,126,126,126,126,126,0,126,126,0,0,0,1,False,False,4.0,0,nan,nan,nan,nan,0.16209626917406456,1.7830589609147085,0.1620962691740644,1.7830589609147083,11.0,0.9999999999999993,1.0000000000000016,6.169173449181403,53.24067333770889,10.0,10,logcosh,1.0,stepsize_pilot
manuscript-pilot,D,pilot_logcosh_d10_k10_rho1_fb-gvi,FB--GVI,2500492809,127,2.243335799702328,16.620419157551137,10.667889180275399,nan,19.80447793380238,0.1592956414863343,15.795760925798419,3.9944254810990483,9.356163313362872,3.9944254810990505,9.356163313362877,13.858723825167068,58.73842882581833,17.260229032715394,0.3025952510070056,0.10872736718738452,,nan,nan,nan,nan,nan,nan,nan,nan,127,127,127,127,127,0,127,127,0,0,0,1,False,False,4.0,0,nan,nan,nan,nan,0.16209626917406456,1.7830589609147085,0.1620962691740644,1.7830589609147083,11.0,0.9999999999999993,1.0000000000000016,6.169173449181403,53.24067333770891,10.0,10,logcosh,1.0,stepsize_pilot
manuscript-pilot,D,pilot_logcosh_d10_k10_rho1_fb-gvi,FB--GVI,2500492809,128,2.243335799702328,16.620419157551133,10.667889180275395,nan,19.80447793380236,0.15929564148633504,15.795760925798415,3.9944254810990487,9.356163313362869,3.9944254810990487,9.356163313362861,13.858723825167065,58.738428825818346,17.260229032715394,0.3046113310265355,0.10947807715274394,,nan,nan,nan,nan,nan,nan,nan,nan,128,128,128,128,128,0,128,128,0,0,0,1,False,False,4.0,0,nan,nan,nan,nan,0.16209626917406456,1.7830589609147085,0.1620962691740644,1.7830589609147083,11.0,0.9999999999999993,1.0000000000000016,6.169173449181403,53.24067333770891,10.0,10,logcosh,1.0,stepsize_pilot
manuscript-pilot,D,pilot_logcosh_d10_k10_rho1_fb-gvi,FB--GVI,2500492809,129,2.243335799702328,16.620419157551137,10.667889180275399,nan,19.80447793380238,0.15929564148633488,15.795760925798415,3.9944254810990447,9.356163313362877,3.9944254810990456,9.356163313362869,13.85872382516707,58.7384288258182,17.26022903271539,0.30653668101876974,0.11020485719200224,,nan,nan,nan,nan,nan,nan,nan,nan,129,129,129,129,129,0,129,129,0,0,0,1,False,False,4.0,0,nan,nan,nan,nan,0.16209626917406456,1.7830589609147085,0.1620962691740644,1.7830589609147083,11.0,0.9999999999999993,1.0000000000000016,6.169173449181403,53.2406733377089,10.0,10,logcosh,1.0,stepsize_pilot
manuscript-pilot,D,pilot_logcosh_d10_k10_rho1_fb-gvi,FB--GVI,2500492809,130,2.243335799702328,16.620419157551133,10.667889180275395,nan,19.80447793380238,0.15929564148633507,15.795760925798414,3.9944254810990465,9.356163313362867,3.9944254810990447,9.356163313362858,13.858723825167067,58.73842882581837,17.260229032715394,0.308452260971535,0.11091896722791716,,nan,nan,nan,nan,nan,nan,nan,nan,130,130,130,130,130,0,130,130,0,0,0,1,False,False,4.0,0,nan,nan,nan,nan,0.16209626917406456,1.7830589609147085,0.1620962691740644,1.7830589609147083,11.0,0.9999999999999993,1.0000000000000016,6.169173449181403,53.24067333770891,10.0,10,logcosh,1.0,stepsize_pilot
manuscript-pilot,D,pilot_logcosh_d10_k10_rho1_fb-gvi,FB--GVI,2500492809,131,2.243335799702328,16.62041915755114,10.667889180275402,nan,19.804477933802357,0.15929564148633482,15.795760925798424,3.994425481099046,9.356163313362876,3.994425481099047,9.356163313362883,13.858723825167075,58.73842882581864,17.260229032715394,0.310421600996051,0.11166212725220248,,nan,nan,nan,nan,nan,nan,nan,nan,131,131,131,131,131,0,131,131,0,0,0,1,False,False,4.0,0,nan,nan,nan,nan,0.16209626917406456,1.7830589609147085,0.1620962691740644,1.7830589609147083,11.0,0.9999999999999993,1.0000000000000016,6.169173449181403,53.24067333770891,10.0,10,logcosh,1.0,stepsize_pilot
manuscript-pilot,D,pilot_logcosh_d10_k10_rho1_fb-gvi,FB--GVI,2500492809,132,2.243335799702328,16.62041915755112,10.667889180275381,nan,19.804477933802378,0.15929564148633513,15.7957609257984,3.9944254810990487,9.356163313362854,3.9944254810990496,9.356163313362853,13.858723825167047,58.73842882581804,17.260229032715372,0.3123488510027528,0.1123861672822386,,nan,nan,nan,nan,nan,nan,nan,nan,132,132,132,132,132,0,132,132,0,0,0,1,False,False,4.0,0,nan,nan,nan,nan,0.16209626917406456,1.7830589609147085,0.1620962691740644,1.7830589609147083,11.0,0.9999999999999993,1.0000000000000016,6.169173449181403,53.24067333770885,10.0,10,logcosh,1.0,stepsize_pilot
manuscript-pilot,D,pilot_logcosh_d10_k10_rho1_fb-gvi,FB--GVI,2500492809,133,2.243335799702328,16.620419157551133,10.667889180275395,nan,19.804477933802332,0.15929564148633418,15.795760925798406,3.994425481099047,9.356163313362856,3.9944254810990447,9.356163313362849,13.858723825167056,58.738428825818175,17.26022903271538,0.314264381013345,0.11312349728541449,,nan,nan,nan,nan,nan,nan,nan,nan,133,133,133,133,133,0,133,133,0,0,0,1,False,False,4.0,0,nan,nan,nan,nan,0.16209626917406456,1.7830589609147085,0.1620962691740644,1.7830589609147083,11.0,0.9999999999999993,1.0000000000000016,6.169173449181403,53.24067333770887,10.0,10,logcosh,1.0,stepsize_pilot
manuscript-pilot,D,pilot_logcosh_d10_k10_rho1_fb-gvi,FB--GVI,2500492809,134,2.243335799702328,16.620419157551133,10.667889180275395,nan,19.80447793380235,0.15929564148633515,15.795760925798408,3.9944254810990425,9.35616331336286,3.994425481099043,9.356163313362854,13.858723825167061,58.73842882581823,17.260229032715383,0.31622396101010963,0.11389781726757064,,nan,nan,nan,nan,nan,nan,nan,nan,134,134,134,134,134,0,134,134,0,0,0,1,False,False,4.0,0,nan,nan,nan,nan,0.16209626917406456,1.7830589609147085,0.1620962691740644,1.7830589609147083,11.0,0.9999999999999993,1.0000000000000016,6.169173449181403,53.24067333770888,10.0,10,logcosh,1.0,stepsize_pilot
manuscript-pilot,D,pilot_logcosh_d10_k10_rho1_fb-gvi,FB--GVI,2500492809,135,2.243335799702328,16.620419157551122,10.667889180275385,nan,19.804477933802342,0.15929564148633468,15.795760925798405,3.9944254810990474,9.356163313362861,3.9944254810990487,9.356163313362869,13.858723825167063,58.7384288258182,17.260229032715383,0.31819313002051786,0.114663127285894,,nan,nan,nan,nan,nan,nan,nan,nan,135,135,135,135,135,0,135,135,0,0,0,1,False,False,4.0,0,nan,nan,nan,nan,0.16209626917406456,1.7830589609147085,0.1620962691740644,1.7830589609147083,11.0,0.9999999999999993,1.0000000000000016,6.169173449181403,53.24067333770888,10.0,10,logcosh,1.0,stepsize_pilot
manuscript-pilot,D,pilot_logcosh_d10_k10_rho1_fb-gvi,FB--GVI,2500492809,136,2.243335799702328,16.620419157551137,10.667889180275399,nan,19.804477933802364,0.15929564148633502,15.795760925798415,3.9944254810990483,9.356163313362885,3.9944254810990474,9.356163313362881,13.858723825167077,58.73842882581833,17.260229032715387,0.32016515999566764,0.11541314725764096,,nan,nan,nan,nan,nan,nan,nan,nan,136,136,136,136,136,0,136,136,0,0,0,1,False,False,4.0,0,nan,nan,nan,nan,0.16209626917406456,1.7830589609147085,0.1620962691740644,1.7830589609147083,11.0,0.9999999999999993,1.0000000000000016,6.169173449181403,53.24067333770889,10.0,10,logcosh,1.0,stepsize_pilot
manuscript-pilot,D,pilot_logcosh_d10_k10_rho1_fb-gvi,FB--GVI,2500492809,137,2.243335799702328,16.62041915755114,10.667889180275402,nan,19.804477933802367,0.15929564148633443,15.795760925798417,3.9944254810990487,9.356163313362876,3.9944254810990474,9.356163313362874,13.858723825167077,58.738428825818424,17.26022903271539,0.32217205001506954,0.11621461721369997,,nan,nan,nan,nan,nan,nan,nan,nan,137,137,137,137,137,0,137,137,0,0,0,1,False,False,4.0,0,nan,nan,nan,nan,0.16209626917406456,1.7830589609147085,0.1620962691740644,1.7830589609147083,11.0,0.9999999999999993,1.0000000000000016,6.169173449181403,53.2406733377089,10.0,10,logcosh,1.0,stepsize_pilot
manuscript-pilot,D,pilot_logcosh_d10_k10_rho1_fb-gvi,FB--GVI,2500492809,138,2.243335799702328,16.620419157551133,10.667889180275395,nan,19.804477933802364,0.15929564148633504,15.795760925798417,3.994425481099048,9.35616331336288,3.994425481099048,9.356163313362876,13.858723825167072,58.73842882581831,17.26022903271539,0.32422638998832554,0.11702874721959233,,nan,nan,nan,nan,nan,nan,nan,nan,138,138,138,138,138,0,138,138,0,0,0,1,False,False,4.0,0,nan,nan,nan,nan,0.16209626917406456,1.7830589609147085,0.1620962691740644,1.7830589609147083,11.0,0.9999999999999993,1.0000000000000016,6.169173449181403,53.2406733377089,10.0,10,logcosh,1.0,stepsize_pilot
manuscript-pilot,D,pilot_logcosh_d10_k10_rho1_fb-gvi,FB--GVI,2500492809,139,2.243335799702328,16.620419157551144,10.667889180275406,nan,19.80447793380236,0.15929564148633482,15.79576092579843,3.994425481099049,9.356163313362883,3.994425481099049,9.356163313362883,13.85872382516709,58.7384288258186,17.260229032715408,0.32623274001525715,0.11781926720868796,,nan,nan,nan,nan,nan,nan,nan,nan,139,139,139,139,139,0,139,139,0,0,0,1,False,False,4.0,0,nan,nan,nan,nan,0.16209626917406456,1.7830589609147085,0.1620962691740644,1.7830589609147083,11.0,0.9999999999999993,1.0000000000000016,6.169173449181403,53.240673337708955,10.0,10,logcosh,1.0,stepsize_pilot
manuscript-pilot,D,pilot_logcosh_d10_k10_rho1_fb-gvi,FB--GVI,2500492809,140,2.243335799702328,16.620419157551144,10.667889180275406,nan,19.804477933802385,0.15929564148633502,15.795760925798426,3.9944254810990443,9.356163313362874,3.9944254810990434,9.356163313362867,13.858723825167075,58.7384288258185,17.260229032715404,0.3282232800265774,0.11856754717882723,,nan,nan,nan,nan,nan,nan,nan,nan,140,140,140,140,140,0,140,140,0,0,0,1,False,False,4.0,0,nan,nan,nan,nan,0.16209626917406456,1.7830589609147085,0.1620962691740644,1.7830589609147083,11.0,0.9999999999999993,1.0000000000000016,6.169173449181403,53.24067333770895,10.0,10,logcosh,1.0,stepsize_pilot
manuscript-pilot,D,pilot_logcosh_d10_k10_rho1_fb-gvi,FB--GVI,2500492809,141,2.243335799702328,16.62041915755113,10.667889180275392,nan,19.804477933802367,0.15929564148633468,15.795760925798415,3.994425481099043,9.356163313362872,3.9944254810990425,9.356163313362861,13.85872382516707,58.73842882581831,17.26022903271539,0.33019532001344487,0.1193383171921596,,nan,nan,nan,nan,nan,nan,nan,nan,141,141,141,141,141,0,141,141,0,0,0,1,False,False,4.0,0,nan,nan,nan,nan,0.16209626917406456,1.7830589609147085,0.1620962691740644,1.7830589609147083,11.0,0.9999999999999993,1.0000000000000016,6.169173449181403,53.2406733377089,10.0,10,logcosh,1.0,stepsize_pilot
manuscript-pilot,D,pilot_logcosh_d10_k10_rho1_fb-gvi,FB--GVI,2500492809,142,2.243335799702328,16.62041915755114,10.667889180275402,nan,19.804477933802414,0.15929564148633507,15.795760925798428,3.994425481099046,9.356163313362874,3.9944254810990487,9.356163313362872,13.858723825167079,58.73842882581833,17.2602290327154,0.3321988299721852,0.12008891720324755,,nan,nan,nan,nan,nan,nan,nan,nan,142,142,142,142,142,0,142,142,0,0,0,1,False,False,4.0,0,nan,nan,nan,nan,0.16209626917406456,1.7830589609147085,0.1620962691740644,1.7830589609147083,11.0,0.9999999999999993,1.0000000000000016,6.169173449181403,53.240673337708934,10.0,10,logcosh,1.0,stepsize_pilot
manuscript-pilot,D,pilot_logcosh_d10_k10_rho1_fb-gvi,FB--GVI,2500492809,143,2.243335799702328,16.620419157551137,10.667889180275399,nan,19.80447793380239,0.15929564148633435,15.795760925798426,3.994425481099045,9.356163313362876,3.9944254810990447,9.356163313362874,13.858723825167077,58.73842882581829,17.2602290327154,0.33417957997880876,0.12085900723468512,,nan,nan,nan,nan,nan,nan,nan,nan,143,143,143,143,143,0,143,143,0,0,0,1,False,False,4.0,0,nan,nan,nan,nan,0.16209626917406456,1.7830589609147085,0.1620962691740644,1.7830589609147083,11.0,0.9999999999999993,1.0000000000000016,6.169173449181403,53.240673337708934,10.0,10,logcosh,1.0,stepsize_pilot
manuscript-pilot,D,pilot_logcosh_d10_k10_rho1_fb-gvi,FB--GVI,2500492809,144,2.243335799702328,16.62041915755114,10.667889180275402,nan,19.80447793380236,0.15929564148633532,15.795760925798424,3.994425481099048,9.356163313362888,3.994425481099047,9.35616331336289,13.858723825167083,58.738428825818524,17.260229032715397,0.336169250018429,0.12159765721298754,,nan,nan,nan,nan,nan,nan,nan,nan,144,144,144,144,144,0,144,144,0,0,0,1,False,False,4.0,0,nan,nan,nan,nan,0.16209626917406456,1.7830589609147085,0.1620962691740644,1.7830589609147083,11.0,0.9999999999999993,1.0000000000000016,6.169173449181403,53.24067333770892,10.0,10,logcosh,1.0,stepsize_pilot
manuscript-pilot,D,pilot_logcosh_d10_k10_rho1_fb-gvi,FB--GVI,2500492809,145,2.243335799702328,16.620419157551137,10.667889180275399,nan,19.804477933802374,0.15929564148633465,15.795760925798424,3.994425481099042,9.356163313362876,3.9944254810990443,9.356163313362876,13.858723825167077,58.738428825818445,17.260229032715404,0.3382150799734518,0.12244250724324957,,nan,nan,nan,nan,nan,nan,nan,nan,145,145,145,145,145,0,145,145,0,0,0,1,False,False,4.0,0,nan,nan,nan,nan,0.16209626917406456,1.7830589609147085,0.1620962691740644,1.7830589609147083,11.0,0.9999999999999993,1.0000000000000016,6.169173449181403,53.24067333770895,10.0,10,logcosh,1.0,stepsize_pilot
manuscript-pilot,D,pilot_logcosh_d10_k10_rho1_fb-gvi,FB--GVI,2500492809,146,2.243335799702328,16.620419157551147,10.66788918027541,nan,19.804477933802385,0.15929564148633504,15.795760925798433,3.994425481099048,9.35616331336289,3.9944254810990474,9.356163313362883,13.858723825167083,58.738428825818445,17.260229032715404,0.3401911900145933,0.12321001722011715,,nan,nan,nan,nan,nan,nan,nan,nan,146,146,146,146,146,0,146,146,0,0,0,1,False,False,4.0,0,nan,nan,nan,nan,0.16209626917406456,1.7830589609147085,0.1620962691740644,1.7830589609147083,11.0,0.9999999999999993,1.0000000000000016,6.169173449181403,53.24067333770895,10.0,10,logcosh,1.0,stepsize_pilot
manuscript-pilot,D,pilot_logcosh_d10_k10_rho1_fb-gvi,FB--GVI,2500492809,147,2.243335799702328,16.620419157551133,10.667889180275395,nan,19.804477933802385,0.159295641486335,15.79576092579842,3.9944254810990483,9.356163313362883,3.9944254810990483,9.356163313362876,13.85872382516708,58.73842882581856,17.2602290327154,0.34214632998919114,0.12395173724507913,,nan,nan,nan,nan,nan,nan,nan,nan,147,147,147,147,147,0,147,147,0,0,0,1,False,False,4.0,0,nan,nan,nan,nan,0.16209626917406456,1.7830589609147085,0.1620962691740644,1.7830589609147083,11.0,0.9999999999999993,1.0000000000000016,6.169173449181403,53.240673337708934,10.0,10,logcosh,1.0,stepsize_pilot
manuscript-pilot,D,pilot_logcosh_d10_k10_rho1_fb-gvi,FB--GVI,2500492809,148,2.243335799702328,16.620419157551126,10.667889180275388,nan,19.804477933802325,0.15929564148633485,15.79576092579841,3.994425481099044,9.356163313362869,3.994425481099043,9.356163313362861,13.858723825167065,58.73842882581841,17.260229032715387,0.34410460997605696,0.12471537722740322,,nan,nan,nan,nan,nan,nan,nan,nan,148,148,148,148,148,0,148,148,0,0,0,1,False,False,4.0,0,nan,nan,nan,nan,0.16209626917406456,1.7830589609147085,0.1620962691740644,1.7830589609147083,11.0,0.9999999999999993,1.0000000000000016,6.169173449181403,53.24067333770889,10.0,10,logcosh,1.0,stepsize_pilot
manuscript-pilot,D,pilot_logcosh_d10_k10_rho1_fb-gvi,FB--GVI,2500492809,149,2.243335799702328,16.62041915755114,10.667889180275402,nan,19.804477933802378,0.1592956414863346,15.795760925798417,3.9944254810990456,9.356163313362865,3.9944254810990443,9.356163313362861,13.858723825167063,58.73842882581839,17.26022903271539,0.34609020000789315,0.12545825721463189,,nan,nan,nan,nan,nan,nan,nan,nan,149,149,149,149,149,0,149,149,0,0,0,1,False,False,4.0,0,nan,nan,nan,nan,0.16209626917406456,1.7830589609147085,0.1620962691740644,1.7830589609147083,11.0,0.9999999999999993,1.0000000000000016,6.169173449181403,53.2406733377089,10.0,10,logcosh,1.0,stepsize_pilot
manuscript-pilot,D,pilot_logcosh_d10_k10_rho1_fb-gvi,FB--GVI,2500492809,150,2.243335799702328,16.620419157551133,10.667889180275395,nan,19.804477933802374,0.15929564148633513,15.795760925798417,3.9944254810990487,9.356163313362874,3.994425481099048,9.35616331336286,13.858723825167063,58.738428825818424,17.260229032715394,0.3480723400134593,0.1262091572280042,,nan,nan,nan,nan,nan,nan,nan,nan,150,150,150,150,150,0,150,150,0,0,0,1,False,False,4.0,0,nan,nan,nan,nan,0.16209626917406456,1.7830589609147085,0.1620962691740644,1.7830589609147083,11.0,0.9999999999999993,1.0000000000000016,6.169173449181403,53.24067333770891,10.0,10,logcosh,1.0,stepsize_pilot
manuscript-pilot,D,pilot_logcosh_d10_k10_rho1_fb-gvi,FB--GVI,2500492809,151,2.243335799702328,16.62041915755114,10.667889180275402,nan,19.80447793380235,0.1592956414863348,15.795760925798417,3.9944254810990403,9.356163313362869,3.9944254810990403,9.356163313362867,13.858723825167068,58.73842882581833,17.260229032715394,0.3500721990130842,0.1269758062553592,,nan,nan,nan,nan,nan,nan,nan,nan,151,151,151,151,151,0,151,151,0,0,0,1,False,False,4.0,0,nan,nan,nan,nan,0.16209626917406456,1.7830589609147085,0.1620962691740644,1.7830589609147083,11.0,0.9999999999999993,1.0000000000000016,6.169173449181403,53.24067333770891,10.0,10,logcosh,1.0,stepsize_pilot
manuscript-pilot,D,pilot_logcosh_d10_k10_rho1_fb-gvi,FB--GVI,2500492809,152,2.243335799702328,16.62041915755113,10.667889180275392,nan,19.804477933802364,0.15929564148633465,15.795760925798408,3.9944254810990447,9.356163313362854,3.9944254810990465,9.356163313362854,13.858723825167056,58.73842882581831,17.260229032715383,0.35208266897825524,0.12772809626767412,,nan,nan,nan,nan,nan,nan,nan,nan,152,152,152,152,152,0,152,152,0,0,0,1,False,False,4.0,0,nan,nan,nan,nan,0.16209626917406456,1.7830589609147085,0.1620962691740644,1.7830589609147083,11.0,0.9999999999999993,1.0000000000000016,6.169173449181403,53.24067333770888,10.0,10,logcosh,1.0,stepsize_pilot
manuscript-pilot,D,pilot_logcosh_d10_k10_rho1_fb-gvi,FB--GVI,2500492809,153,2.243335799702328,16.62041915755114,10.667889180275402,nan,19.804477933802346,0.1592956414863348,15.795760925798415,3.994425481099045,9.356163313362877,3.9944254810990443,9.356163313362867,13.85872382516707,58.73842882581821,17.260229032715394,0.3540592089993879,0.12847368622897193,,nan,nan,nan,nan,nan,nan,nan,nan,153,153,153,153,153,0,153,153,0,0,0,1,False,False,4.0,0,nan,nan,nan,nan,0.16209626917406456,1.7830589609147085,0.1620962691740644,1.7830589609147083,11.0,0.9999999999999993,1.0000000000000016,6.169173449181403,53.24067333770891,10.0,10,logcosh,1.0,stepsize_pilot
manuscript-pilot,D,pilot_logcosh_d10_k10_rho1_fb-gvi,FB--GVI,2500492809,154,2.243335799702328,16.620419157551126,10.667889180275388,nan,19.804477933802357,0.15929564148633493,15.79576092579841,3.994425481099047,9.356163313362876,3.9944254810990465,9.356163313362869,13.858723825167065,58.73842882581833,17.260229032715387,0.35602710902458057,0.12922137620626017,,nan,nan,nan,nan,nan,nan,nan,nan,154,154,154,154,154,0,154,154,0,0,0,1,False,False,4.0,0,nan,nan,nan,nan,0.16209626917406456,1.7830589609147085,0.1620962691740644,1.7830589609147083,11.0,0.9999999999999993,1.0000000000000016,6.169173449181403,53.24067333770889,10.0,10,logcosh,1.0,stepsize_pilot
manuscript-pilot,D,pilot_logcosh_d10_k10_rho1_fb-gvi,FB--GVI,2500492809,155,2.243335799702328,16.62041915755113,10.667889180275392,nan,19.804477933802346,0.1592956414863349,15.795760925798405,3.9944254810990456,9.356163313362854,3.994425481099047,9.356163313362856,13.858723825167056,58.73842882581814,17.260229032715383,0.35801699897274375,0.13000207621371374,,nan,nan,nan,nan,nan,nan,nan,nan,155,155,155,155,155,0,155,155,0,0,0,1,False,False,4.0,0,nan,nan,nan,nan,0.16209626917406456,1.7830589609147085,0.1620962691740644,1.7830589609147083,11.0,0.9999999999999993,1.0000000000000016,6.169173449181403,53.24067333770888,10.0,10,logcosh,1.0,stepsize_pilot
manuscript-pilot,D,pilot_logcosh_d10_k10_rho1_fb-gvi,FB--GVI,2500492809,156,2.243335799702328,16.620419157551122,10.667889180275385,nan,19.80447793380236,0.1592956414863343,15.795760925798406,3.994425481099048,9.356163313362865,3.994425481099045,9.35616331336287,13.858723825167063,58.73842882581823,17.26022903271538,0.35997487901477143,0.13075072620995343,,nan,nan,nan,nan,nan,nan,nan,nan,156,156,156,156,156,0,156,156,0,0,0,1,False,False,4.0,0,nan,nan,nan,nan,0.16209626917406456,1.7830589609147085,0.1620962691740644,1.7830589609147083,11.0,0.9999999999999993,1.0000000000000016,6.169173449181403,53.24067333770887,10.0,10,logcosh,1.0,stepsize_pilot
manuscript-pilot,D,pilot_logcosh_d10_k10_rho1_fb-gvi,FB--GVI,2500492809,157,2.243335799702328,16.620419157551133,10.667889180275395,nan,19.804477933802346,0.15929564148633504,15.795760925798414,3.9944254810990483,9.356163313362872,3.9944254810990487,9.356163313362872,13.858723825167068,58.73842882581821,17.26022903271539,0.36194534902460873,0.13152226619422436,,nan,nan,nan,nan,nan,nan,nan,nan,157,157,157,157,157,0,157,157,0,0,0,1,False,False,4.0,0,nan,nan,nan,nan,0.16209626917406456,1.7830589609147085,0.1620962691740644,1.7830589609147083,11.0,0.9999999999999993,1.0000000000000016,6.169173449181403,53.2406733377089,10.0,10,logcosh,1.0,stepsize_pilot
manuscript-pilot,D,pilot_logcosh_d10_k10_rho1_fb-gvi,FB--GVI,2500492809,158,2.243335799702328,16.620419157551133,10.667889180275395,nan,19.80447793380239,0.15929564148633452,15.79576092579841,3.9944254810990465,9.356163313362861,3.994425481099045,9.356163313362854,13.858723825167063,58.73842882581821,17.260229032715387,0.36391508899396285,0.1322670861845836,,nan,nan,nan,nan,nan,nan,nan,nan,158,158,158,158,158,0,158,158,0,0,0,1,False,False,4.0,0,nan,nan,nan,nan,0.16209626917406456,1.7830589609147085,0.1620962691740644,1.7830589609147083,11.0,0.9999999999999993,1.0000000000000016,6.169173449181403,53.24067333770889,10.0,10,logcosh,1.0,stepsize_pilot
manuscript-pilot,D,pilot_logcosh_d10_k10_rho1_fb-gvi,FB--GVI,2500492809,159,2.243335799702328,16.620419157551137,10.667889180275399,nan,19.804477933802403,0.15929564148633485,15.795760925798422,3.994425481099049,9.356163313362883,3.994425481099049,9.356163313362876,13.858723825167084,58.7384288258185,17.2602290327154,0.36588461900828406,0.13301450613653287,,nan,nan,nan,nan,nan,nan,nan,nan,159,159,159,159,159,0,159,159,0,0,0,1,False,False,4.0,0,nan,nan,nan,nan,0.16209626917406456,1.7830589609147085,0.1620962691740644,1.7830589609147083,11.0,0.9999999999999993,1.0000000000000016,6.169173449181403,53.240673337708934,10.0,10,logcosh,1.0,stepsize_pilot
manuscript-pilot,D,pilot_logcosh_d10_k10_rho1_fb-gvi,FB--GVI,2500492809,160,2.243335799702328,16.620419157551133,10.667889180275395,nan,19.804477933802367,0.15929564148633504,15.795760925798415,3.9944254810990447,9.356163313362872,3.994425481099048,9.35616331336287,13.858723825167065,58.73842882581829,17.260229032715387,0.3678232390084304,0.13375616614939645,,nan,nan,nan,nan,nan,nan,nan,nan,160,160,160,160,160,0,160,160,0,0,0,1,False,False,4.0,0,nan,nan,nan,nan,0.16209626917406456,1.7830589609147085,0.1620962691740644,1.7830589609147083,11.0,0.9999999999999993,1.0000000000000016,6.169173449181403,53.24067333770889,10.0,10,logcosh,1.0,stepsize_pilot
manuscript-pilot,D,pilot_logcosh_d10_k10_rho1_fb-gvi,FB--GVI,2500492809,161,2.243335799702328,16.620419157551133,10.667889180275395,nan,19.80447793380236,0.15929564148633468,15.795760925798419,3.9944254810990456,9.356163313362876,3.9944254810990465,9.356163313362872,13.858723825167077,58.738428825818254,17.2602290327154,0.36974839901085943,0.13449189614038914,,nan,nan,nan,nan,nan,nan,nan,nan,161,161,161,161,161,0,161,161,0,0,0,1,False,False,4.0,0,nan,nan,nan,nan,0.16209626917406456,1.7830589609147085,0.1620962691740644,1.7830589609147083,11.0,0.9999999999999993,1.0000000000000016,6.169173449181403,53.240673337708934,10.0,10,logcosh,1.0,stepsize_pilot
manuscript-pilot,D,pilot_logcosh_d10_k10_rho1_fb-gvi,FB--GVI,2500492809,162,2.243335799702328,16.62041915755113,10.667889180275392,nan,19.804477933802346,0.15929564148633513,15.79576092579841,3.99442548109905,9.356163313362865,3.9944254810990474,9.35616331336287,13.858723825167065,58.73842882581831,17.260229032715394,0.3717188389855437,0.13526043616002426,,nan,nan,nan,nan,nan,nan,nan,nan,162,162,162,162,162,0,162,162,0,0,0,1,False,False,4.0,0,nan,nan,nan,nan,0.16209626917406456,1.7830589609147085,0.1620962691740644,1.7830589609147083,11.0,0.9999999999999993,1.0000000000000016,6.169173449181403,53.24067333770891,10.0,10,logcosh,1.0,stepsize_pilot
manuscript-pilot,D,pilot_logcosh_d10_k10_rho1_fb-gvi,FB--GVI,2500492809,163,2.243335799702328,16.620419157551137,10.667889180275399,nan,19.80447793380235,0.1592956414863343,15.795760925798422,3.994425481099044,9.356163313362872,3.9944254810990443,9.356163313362874,13.858723825167075,58.73842882581831,17.2602290327154,0.37367793900193647,0.13602032617200166,,nan,nan,nan,nan,nan,nan,nan,nan,163,163,163,163,163,0,163,163,0,0,0,1,False,False,4.0,0,nan,nan,nan,nan,0.16209626917406456,1.7830589609147085,0.1620962691740644,1.7830589609147083,11.0,0.9999999999999993,1.0000000000000016,6.169173449181403,53.240673337708934,10.0,10,logcosh,1.0,stepsize_pilot
manuscript-pilot,D,pilot_logcosh_d10_k10_rho1_fb-gvi,FB--GVI,2500492809,164,2.243335799702328,16.620419157551144,10.667889180275406,nan,19.804477933802367,0.1592956414863353,15.795760925798424,3.994425481099051,9.356163313362874,3.9944254810990483,9.356163313362869,13.858723825167075,58.738428825818694,17.2602290327154,0.375643458974082,0.13676095620030537,,nan,nan,nan,nan,nan,nan,nan,nan,164,164,164,164,164,0,164,164,0,0,0,1,False,False,4.0,0,nan,nan,nan,nan,0.16209626917406456,1.7830589609147085,0.1620962691740644,1.7830589609147083,11.0,0.9999999999999993,1.0000000000000016,6.169173449181403,53.240673337708934,10.0,10,logcosh,1.0,stepsize_pilot
manuscript-pilot,D,pilot_logcosh_d10_k10_rho1_fb-gvi,FB--GVI,2500492809,165,2.243335799702328,16.62041915755112,10.667889180275381,nan,19.804477933802346,0.15929564148633446,15.7957609257984,3.9944254810990407,9.356163313362854,3.9944254810990407,9.356163313362854,13.858723825167058,58.73842882581829,17.260229032715372,0.37758341897279024,0.137498926196713,,nan,nan,nan,nan,nan,nan,nan,nan,165,165,165,165,165,0,165,165,0,0,0,1,False,False,4.0,0,nan,nan,nan,nan,0.16209626917406456,1.7830589609147085,0.1620962691740644,1.7830589609147083,11.0,0.9999999999999993,1.0000000000000016,6.169173449181403,53.24067333770885,10.0,10,logcosh,1.0,stepsize_pilot
manuscript-pilot,D,pilot_logcosh_d10_k10_rho1_fb-gvi,FB--GVI,2500492809,166,2.243335799702328,16.620419157551133,10.667889180275395,nan,19.804477933802367,0.15929564148633465,15.795760925798419,3.994425481099046,9.356163313362869,3.9944254810990474,9.356163313362869,13.85872382516707,58.73842882581847,17.260229032715397,0.37955442897509784,0.13822824618546292,,nan,nan,nan,nan,nan,nan,nan,nan,166,166,166,166,166,0,166,166,0,0,0,1,False,False,4.0,0,nan,nan,nan,nan,0.16209626917406456,1.7830589609147085,0.1620962691740644,1.7830589609147083,11.0,0.9999999999999993,1.0000000000000016,6.169173449181403,53.24067333770892,10.0,10,logcosh,1.0,stepsize_pilot
manuscript-pilot,D,pilot_logcosh_d10_k10_rho1_fb-gvi,FB--GVI,2500492809,167,2.243335799702328,16.620419157551133,10.667889180275395,nan,19.804477933802332,0.15929564148633482,15.79576092579841,3.9944254810990456,9.35616331336287,3.9944254810990465,9.35616331336287,13.858723825167068,58.738428825818424,17.260229032715387,0.38148619898129255,0.13895352615509182,,nan,nan,nan,nan,nan,nan,nan,nan,167,167,167,167,167,0,167,167,0,0,0,1,False,False,4.0,0,nan,nan,nan,nan,0.16209626917406456,1.7830589609147085,0.1620962691740644,1.7830589609147083,11.0,0.9999999999999993,1.0000000000000016,6.169173449181403,53.24067333770889,10.0,10,logcosh,1.0,stepsize_pilot
manuscript-pilot,D,pilot_logcosh_d10_k10_rho1_fb-gvi,FB--GVI,2500492809,168,2.243335799702328,16.62041915755114,10.667889180275402,nan,19.804477933802367,0.159295641486335,15.795760925798422,3.9944254810990465,9.356163313362876,3.9944254810990456,9.35616331336288,13.858723825167079,58.73842882581839,17.260229032715394,0.38349223899422213,0.1397142461501062,,nan,nan,nan,nan,nan,nan,nan,nan,168,168,168,168,168,0,168,168,0,0,0,1,False,False,4.0,0,nan,nan,nan,nan,0.16209626917406456,1.7830589609147085,0.1620962691740644,1.7830589609147083,11.0,0.9999999999999993,1.0000000000000016,6.169173449181403,53.24067333770891,10.0,10,logcosh,1.0,stepsize_pilot
manuscript-pilot,D,pilot_logcosh_d10_k10_rho1_fb-gvi,FB--GVI,2500492809,169,2.243335799702328,16.620419157551126,10.667889180275388,nan,19.804477933802353,0.15929564148633477,15.795760925798408,3.994425481099043,9.356163313362877,3.9944254810990425,9.356163313362877,13.858723825167074,58.73842882581839,17.260229032715383,0.3854767680168152,0.1404632061603479,,nan,nan,nan,nan,nan,nan,nan,nan,169,169,169,169,169,0,169,169,0,0,0,1,False,False,4.0,0,nan,nan,nan,nan,0.16209626917406456,1.7830589609147085,0.1620962691740644,1.7830589609147083,11.0,0.9999999999999993,1.0000000000000016,6.169173449181403,53.24067333770888,10.0,10,logcosh,1.0,stepsize_pilot
manuscript-pilot,D,pilot_logcosh_d10_k10_rho1_fb-gvi,FB--GVI,2500492809,170,2.243335799702328,16.62041915755114,10.667889180275402,nan,19.804477933802346,0.1592956414863348,15.795760925798419,3.9944254810990505,9.356163313362865,3.9944254810990514,9.356163313362861,13.85872382516706,58.73842882581829,17.26022903271539,0.38741830800427124,0.14119443617528304,,nan,nan,nan,nan,nan,nan,nan,nan,170,170,170,170,170,0,170,170,0,0,0,1,False,False,4.0,0,nan,nan,nan,nan,0.16209626917406456,1.7830589609147085,0.1620962691740644,1.7830589609147083,11.0,0.9999999999999993,1.0000000000000016,6.169173449181403,53.2406733377089,10.0,10,logcosh,1.0,stepsize_pilot
manuscript-pilot,D,pilot_logcosh_d10_k10_rho1_fb-gvi,FB--GVI,2500492809,171,2.243335799702328,16.620419157551137,10.667889180275399,nan,19.804477933802357,0.15929564148633493,15.795760925798419,3.9944254810990443,9.356163313362876,3.994425481099044,9.35616331336287,13.858723825167075,58.738428825818424,17.260229032715397,0.38936027797171846,0.14192552614258602,,nan,nan,nan,nan,nan,nan,nan,nan,171,171,171,171,171,0,171,171,0,0,0,1,False,False,4.0,0,nan,nan,nan,nan,0.16209626917406456,1.7830589609147085,0.1620962691740644,1.7830589609147083,11.0,0.9999999999999993,1.0000000000000016,6.169173449181403,53.24067333770892,10.0,10,logcosh,1.0,stepsize_pilot
manuscript-pilot,D,pilot_logcosh_d10_k10_rho1_fb-gvi,FB--GVI,2500492809,172,2.243335799702328,16.620419157551133,10.667889180275395,nan,19.80447793380236,0.15929564148633507,15.795760925798415,3.994425481099051,9.356163313362869,3.9944254810990514,9.356163313362865,13.858723825167068,58.738428825818545,17.26022903271539,0.39134924800600857,0.14268285618163645,,nan,nan,nan,nan,nan,nan,nan,nan,172,172,172,172,172,0,172,172,0,0,0,1,False,False,4.0,0,nan,nan,nan,nan,0.16209626917406456,1.7830589609147085,0.1620962691740644,1.7830589609147083,11.0,0.9999999999999993,1.0000000000000016,6.169173449181403,53.2406733377089,10.0,10,logcosh,1.0,stepsize_pilot
manuscript-pilot,D,pilot_logcosh_d10_k10_rho1_fb-gvi,FB--GVI,2500492809,173,2.243335799702328,16.62041915755114,10.667889180275402,nan,19.804477933802346,0.15929564148633477,15.795760925798424,3.9944254810990554,9.356163313362883,3.9944254810990514,9.356163313362872,13.858723825167079,58.738428825818545,17.2602290327154,0.393308917991817,0.1434297861997038,,nan,nan,nan,nan,nan,nan,nan,nan,173,173,173,173,173,0,173,173,0,0,0,1,False,False,4.0,0,nan,nan,nan,nan,0.16209626917406456,1.7830589609147085,0.1620962691740644,1.7830589609147083,11.0,0.9999999999999993,1.0000000000000016,6.169173449181403,53.240673337708934,10.0,10,logcosh,1.0,stepsize_pilot
manuscript-pilot,D,pilot_logcosh_d10_k10_rho1_fb-gvi,FB--GVI,2500492809,174,2.243335799702328,16.620419157551137,10.667889180275399,nan,19.804477933802357,0.15929564148633513,15.795760925798422,3.994425481099047,9.356163313362869,3.994425481099046,9.356163313362861,13.858723825167072,58.73842882581837,17.260229032715397,0.39527942799031734,0.14419631619239226,,nan,nan,nan,nan,nan,nan,nan,nan,174,174,174,174,174,0,174,174,0,0,0,1,False,False,4.0,0,nan,nan,nan,nan,0.16209626917406456,1.7830589609147085,0.1620962691740644,1.7830589609147083,11.0,0.9999999999999993,1.0000000000000016,6.169173449181403,53.24067333770892,10.0,10,logcosh,1.0,stepsize_pilot
manuscript-pilot,D,pilot_logcosh_d10_k10_rho1_fb-gvi,FB--GVI,2500492809,175,2.243335799702328,16.620419157551122,10.667889180275385,nan,19.804477933802332,0.1592956414863343,15.795760925798403,3.9944254810990376,9.356163313362872,3.9944254810990363,9.356163313362869,13.85872382516707,58.73842882581831,17.26022903271538,0.39725921797798946,0.14494436624227092,,nan,nan,nan,nan,nan,nan,nan,nan,175,175,175,175,175,0,175,175,0,0,0,1,False,False,4.0,0,nan,nan,nan,nan,0.16209626917406456,1.7830589609147085,0.1620962691740644,1.7830589609147083,11.0,0.9999999999999993,1.0000000000000016,6.169173449181403,53.24067333770887,10.0,10,logcosh,1.0,stepsize_pilot
manuscript-pilot,D,pilot_logcosh_d10_k10_rho1_fb-gvi,FB--GVI,2500492809,176,2.243335799702328,16.620419157551133,10.667889180275395,nan,19.804477933802392,0.1592956414863352,15.79576092579842,3.9944254810990483,9.356163313362872,3.994425481099047,9.356163313362876,13.85872382516707,58.73842882581839,17.260229032715397,0.399238517973572,0.1457165462197736,,nan,nan,nan,nan,nan,nan,nan,nan,176,176,176,176,176,0,176,176,0,0,0,1,False,False,4.0,0,nan,nan,nan,nan,0.16209626917406456,1.7830589609147085,0.1620962691740644,1.7830589609147083,11.0,0.9999999999999993,1.0000000000000016,6.169173449181403,53.24067333770892,10.0,10,logcosh,1.0,stepsize_pilot
manuscript-pilot,D,pilot_logcosh_d10_k10_rho1_fb-gvi,FB--GVI,2500492809,177,2.243335799702328,16.62041915755114,10.667889180275402,nan,19.80447793380239,0.1592956414863344,15.795760925798433,3.994425481099048,9.356163313362885,3.9944254810990487,9.356163313362885,13.858723825167086,58.73842882581848,17.26022903271541,0.4012157079996541,0.14648577623302117,,nan,nan,nan,nan,nan,nan,nan,nan,177,177,177,177,177,0,177,177,0,0,0,1,False,False,4.0,0,nan,nan,nan,nan,0.16209626917406456,1.7830589609147085,0.1620962691740644,1.7830589609147083,11.0,0.9999999999999993,1.0000000000000016,6.169173449181403,53.24067333770897,10.0,10,logcosh,1.0,stepsize_pilot
manuscript-pilot,D,pilot_logcosh_d10_k10_rho1_fb-gvi,FB--GVI,2500492809,178,2.243335799702328,16.62041915755114,10.667889180275402,nan,19.804477933802353,0.1592956414863349,15.795760925798419,3.9944254810990416,9.356163313362886,3.994425481099043,9.356163313362872,13.858723825167075,58.73842882581837,17.26022903271539,0.4031871979823336,0.14725966623518616,,nan,nan,nan,nan,nan,nan,nan,nan,178,178,178,178,178,0,178,178,0,0,0,1,False,False,4.0,0,nan,nan,nan,nan,0.16209626917406456,1.7830589609147085,0.1620962691740644,1.7830589609147083,11.0,0.9999999999999993,1.0000000000000016,6.169173449181403,53.2406733377089,10.0,10,logcosh,1.0,stepsize_pilot
manuscript-pilot,D,pilot_logcosh_d10_k10_rho1_fb-gvi,FB--GVI,2500492809,179,2.243335799702328,16.62041915755114,10.667889180275402,nan,19.804477933802364,0.15929564148633465,15.795760925798417,3.9944254810990514,9.356163313362881,3.994425481099048,9.356163313362869,13.858723825167077,58.73842882581839,17.260229032715394,0.4051747879711911,0.14801743620773777,,nan,nan,nan,nan,nan,nan,nan,nan,179,179,179,179,179,0,179,179,0,0,0,1,False,False,4.0,0,nan,nan,nan,nan,0.16209626917406456,1.7830589609147085,0.1620962691740644,1.7830589609147083,11.0,0.9999999999999993,1.0000000000000016,6.169173449181403,53.24067333770891,10.0,10,logcosh,1.0,stepsize_pilot
manuscript-pilot,D,pilot_logcosh_d10_k10_rho1_fb-gvi,FB--GVI,2500492809,180,2.243335799702328,16.62041915755114,10.667889180275402,nan,19.80447793380234,0.15929564148633524,15.795760925798426,3.994425481099044,9.356163313362876,3.994425481099041,9.356163313362869,13.858723825167079,58.7384288258186,17.260229032715404,0.4071590380044654,0.1488134762039408,,nan,nan,nan,nan,nan,nan,nan,nan,180,180,180,180,180,0,180,180,0,0,0,1,False,False,4.0,0,nan,nan,nan,nan,0.16209626917406456,1.7830589609147085,0.1620962691740644,1.7830589609147083,11.0,0.9999999999999993,1.0000000000000016,6.169173449181403,53.24067333770895,10.0,10,logcosh,1.0,stepsize_pilot
manuscript-pilot,D,pilot_logcosh_d10_k10_rho1_fb-gvi,FB--GVI,2500492809,181,2.243335799702328,16.620419157551133,10.667889180275395,nan,19.804477933802357,0.15929564148633438,15.795760925798414,3.9944254810990465,9.356163313362877,3.9944254810990465,9.356163313362872,13.858723825167068,58.73842882581829,17.260229032715387,0.40911694802343845,0.1495636061881669,,nan,nan,nan,nan,nan,nan,nan,nan,181,181,181,181,181,0,181,181,0,0,0,1,False,False,4.0,0,nan,nan,nan,nan,0.16209626917406456,1.7830589609147085,0.1620962691740644,1.7830589609147083,11.0,0.9999999999999993,1.0000000000000016,6.169173449181403,53.24067333770889,10.0,10,logcosh,1.0,stepsize_pilot
manuscript-pilot,D,pilot_logcosh_d10_k10_rho1_fb-gvi,FB--GVI,2500492809,182,2.243335799702328,16.620419157551137,10.667889180275399,nan,19.80447793380237,0.1592956414863351,15.795760925798417,3.994425481099044,9.356163313362874,3.994425481099043,9.356163313362869,13.858723825167067,58.738428825818445,17.260229032715394,0.41112118802266195,0.1503300762269646,,nan,nan,nan,nan,nan,nan,nan,nan,182,182,182,182,182,0,182,182,0,0,0,1,False,False,4.0,0,nan,nan,nan,nan,0.16209626917406456,1.7830589609147085,0.1620962691740644,1.7830589609147083,11.0,0.9999999999999993,1.0000000000000016,6.169173449181403,53.24067333770891,10.0,10,logcosh,1.0,stepsize_pilot
manuscript-pilot,D,pilot_logcosh_d10_k10_rho1_fb-gvi,FB--GVI,2500492809,183,2.243335799702328,16.620419157551133,10.667889180275395,nan,19.804477933802346,0.15929564148633418,15.795760925798406,3.994425481099049,9.356163313362858,3.9944254810990496,9.356163313362858,13.858723825167061,58.73842882581821,17.260229032715383,0.4131074280012399,0.1510886862524785,,nan,nan,nan,nan,nan,nan,nan,nan,183,183,183,183,183,0,183,183,0,0,0,1,False,False,4.0,0,nan,nan,nan,nan,0.16209626917406456,1.7830589609147085,0.1620962691740644,1.7830589609147083,11.0,0.9999999999999993,1.0000000000000016,6.169173449181403,53.24067333770888,10.0,10,logcosh,1.0,stepsize_pilot
manuscript-pilot,D,pilot_logcosh_d10_k10_rho1_fb-gvi,FB--GVI,2500492809,184,2.243335799702328,16.62041915755114,10.667889180275402,nan,19.80447793380236,0.15929564148633515,15.795760925798422,3.9944254810990514,9.356163313362872,3.994425481099052,9.356163313362867,13.858723825167067,58.73842882581831,17.2602290327154,0.4151183280046098,0.1518788862740621,,nan,nan,nan,nan,nan,nan,nan,nan,184,184,184,184,184,0,184,184,0,0,0,1,False,False,4.0,0,nan,nan,nan,nan,0.16209626917406456,1.7830589609147085,0.1620962691740644,1.7830589609147083,11.0,0.9999999999999993,1.0000000000000016,6.169173449181403,53.240673337708934,10.0,10,logcosh,1.0,stepsize_pilot
manuscript-pilot,D,pilot_logcosh_d10_k10_rho1_fb-gvi,FB--GVI,2500492809,185,2.243335799702328,16.62041915755113,10.667889180275392,nan,19.80447793380233,0.1592956414863349,15.795760925798406,3.994425481099039,9.356163313362869,3.9944254810990394,9.356163313362869,13.858723825167067,58.738428825818275,17.260229032715383,0.417105967993848,0.15264939627377316,,nan,nan,nan,nan,nan,nan,nan,nan,185,185,185,185,185,0,185,185,0,0,0,1,False,False,4.0,0,nan,nan,nan,nan,0.16209626917406456,1.7830589609147085,0.1620962691740644,1.7830589609147083,11.0,0.9999999999999993,1.0000000000000016,6.169173449181403,53.24067333770888,10.0,10,logcosh,1.0,stepsize_pilot
manuscript-pilot,D,pilot_logcosh_d10_k10_rho1_fb-gvi,FB--GVI,2500492809,186,2.243335799702328,16.620419157551133,10.667889180275395,nan,19.80447793380234,0.15929564148633468,15.79576092579841,3.99442548109905,9.356163313362872,3.99442548109905,9.356163313362865,13.858723825167065,58.73842882581831,17.260229032715383,0.41912054701242596,0.15342213632538915,,nan,nan,nan,nan,nan,nan,nan,nan,186,186,186,186,186,0,186,186,0,0,0,1,False,False,4.0,0,nan,nan,nan,nan,0.16209626917406456,1.7830589609147085,0.1620962691740644,1.7830589609147083,11.0,0.9999999999999993,1.0000000000000016,6.169173449181403,53.24067333770888,10.0,10,logcosh,1.0,stepsize_pilot
manuscript-pilot,D,pilot_logcosh_d10_k10_rho1_fb-gvi,FB--GVI,2500492809,187,2.243335799702328,16.620419157551122,10.667889180275385,nan,19.804477933802357,0.1592956414863349,15.795760925798405,3.9944254810990474,9.356163313362865,3.994425481099044,9.35616331336286,13.858723825167063,58.73842882581812,17.26022903271538,0.4210541570209898,0.15416918630944565,,nan,nan,nan,nan,nan,nan,nan,nan,187,187,187,187,187,0,187,187,0,0,0,1,False,False,4.0,0,nan,nan,nan,nan,0.16209626917406456,1.7830589609147085,0.1620962691740644,1.7830589609147083,11.0,0.9999999999999993,1.0000000000000016,6.169173449181403,53.24067333770887,10.0,10,logcosh,1.0,stepsize_pilot
manuscript-pilot,D,pilot_logcosh_d10_k10_rho1_fb-gvi,FB--GVI,2500492809,188,2.243335799702328,16.620419157551133,10.667889180275395,nan,19.804477933802353,0.1592956414863345,15.795760925798412,3.9944254810990474,9.356163313362869,3.99442548109905,9.35616331336287,13.858723825167072,58.738428825818254,17.260229032715387,0.4230314969900064,0.15491978626232594,,nan,nan,nan,nan,nan,nan,nan,nan,188,188,188,188,188,0,188,188,0,0,0,1,False,False,4.0,0,nan,nan,nan,nan,0.16209626917406456,1.7830589609147085,0.1620962691740644,1.7830589609147083,11.0,0.9999999999999993,1.0000000000000016,6.169173449181403,53.24067333770889,10.0,10,logcosh,1.0,stepsize_pilot
manuscript-pilot,D,pilot_logcosh_d10_k10_rho1_fb-gvi,FB--GVI,2500492809,189,2.243335799702328,16.620419157551144,10.667889180275406,nan,19.804477933802353,0.15929564148633485,15.795760925798422,3.9944254810990483,9.356163313362876,3.994425481099046,9.35616331336287,13.858723825167077,58.738428825818424,17.2602290327154,0.4250629069865681,0.15570972627028823,,nan,nan,nan,nan,nan,nan,nan,nan,189,189,189,189,189,0,189,189,0,0,0,1,False,False,4.0,0,nan,nan,nan,nan,0.16209626917406456,1.7830589609147085,0.1620962691740644,1.7830589609147083,11.0,0.9999999999999993,1.0000000000000016,6.169173449181403,53.240673337708934,10.0,10,logcosh,1.0,stepsize_pilot
manuscript-pilot,D,pilot_logcosh_d10_k10_rho1_fb-gvi,FB--GVI,2500492809,190,2.243335799702328,16.62041915755113,10.667889180275392,nan,19.80447793380234,0.15929564148633493,15.795760925798414,3.994425481099044,9.356163313362863,3.9944254810990434,9.356163313362861,13.858723825167068,58.73842882581829,17.26022903271539,0.4270144869806245,0.15646203624783084,,nan,nan,nan,nan,nan,nan,nan,nan,190,190,190,190,190,0,190,190,0,0,0,1,False,False,4.0,0,nan,nan,nan,nan,0.16209626917406456,1.7830589609147085,0.1620962691740644,1.7830589609147083,11.0,0.9999999999999993,1.0000000000000016,6.169173449181403,53.2406733377089,10.0,10,logcosh,1.0,stepsize_pilot
manuscript-pilot,D,pilot_logcosh_d10_k10_rho1_fb-gvi,FB--GVI,2500492809,191,2.243335799702328,16.620419157551133,10.667889180275395,nan,19.80447793380233,0.1592956414863347,15.795760925798417,3.994425481099052,9.356163313362869,3.994425481099048,9.35616331336287,13.858723825167072,58.738428825818524,17.260229032715397,0.4289877570117824,0.15721120621310547,,nan,nan,nan,nan,nan,nan,nan,nan,191,191,191,191,191,0,191,191,0,0,0,1,False,False,4.0,0,nan,nan,nan,nan,0.16209626917406456,1.7830589609147085,0.1620962691740644,1.7830589609147083,11.0,0.9999999999999993,1.0000000000000016,6.169173449181403,53.24067333770892,10.0,10,logcosh,1.0,stepsize_pilot
manuscript-pilot,D,pilot_logcosh_d10_k10_rho1_fb-gvi,FB--GVI,2500492809,192,2.243335799702328,16.620419157551133,10.667889180275395,nan,19.804477933802342,0.15929564148633527,15.795760925798419,3.9944254810990465,9.356163313362861,3.9944254810990465,9.356163313362865,13.85872382516707,58.73842882581847,17.260229032715397,0.43096249701920897,0.1579628362087533,,nan,nan,nan,nan,nan,nan,nan,nan,192,192,192,192,192,0,192,192,0,0,0,1,False,False,4.0,0,nan,nan,nan,nan,0.16209626917406456,1.7830589609147085,0.1620962691740644,1.7830589609147083,11.0,0.9999999999999993,1.0000000000000016,6.169173449181403,53.24067333770892,10.0,10,logcosh,1.0,stepsize_pilot
manuscript-pilot,D,pilot_logcosh_d10_k10_rho1_fb-gvi,FB--GVI,2500492809,193,2.243335799702328,16.62041915755114,10.667889180275402,nan,19.804477933802385,0.15929564148633446,15.79576092579842,3.9944254810990483,9.356163313362872,3.9944254810990465,9.356163313362867,13.858723825167067,58.73842882581833,17.260229032715394,0.4329932369873859,0.15873103617923334,,nan,nan,nan,nan,nan,nan,nan,nan,193,193,193,193,193,0,193,193,0,0,0,1,False,False,4.0,0,nan,nan,nan,nan,0.16209626917406456,1.7830589609147085,0.1620962691740644,1.7830589609147083,11.0,0.9999999999999993,1.0000000000000016,6.169173449181403,53.24067333770891,10.0,10,logcosh,1.0,stepsize_pilot
manuscript-pilot,D,pilot_logcosh_d10_k10_rho1_fb-gvi,FB--GVI,2500492809,194,2.243335799702328,16.620419157551133,10.667889180275395,nan,19.80447793380233,0.15929564148633488,15.795760925798414,3.994425481099046,9.356163313362872,3.9944254810990447,9.356163313362867,13.858723825167068,58.73842882581848,17.260229032715387,0.43501422699773684,0.1594982261885889,,nan,nan,nan,nan,nan,nan,nan,nan,194,194,194,194,194,0,194,194,0,0,0,1,False,False,4.0,0,nan,nan,nan,nan,0.16209626917406456,1.7830589609147085,0.1620962691740644,1.7830589609147083,11.0,0.9999999999999993,1.0000000000000016,6.169173449181403,53.24067333770889,10.0,10,logcosh,1.0,stepsize_pilot
manuscript-pilot,D,pilot_logcosh_d10_k10_rho1_fb-gvi,FB--GVI,2500492809,195,2.243335799702328,16.62041915755113,10.667889180275392,nan,19.80447793380233,0.15929564148633454,15.795760925798412,3.9944254810990456,9.35616331336287,3.994425481099043,9.356163313362867,13.858723825167067,58.738428825818346,17.26022903271539,0.4369987869868055,0.16026141616748646,,nan,nan,nan,nan,nan,nan,nan,nan,195,195,195,195,195,0,195,195,0,0,0,1,False,False,4.0,0,nan,nan,nan,nan,0.16209626917406456,1.7830589609147085,0.1620962691740644,1.7830589609147083,11.0,0.9999999999999993,1.0000000000000016,6.169173449181403,53.2406733377089,10.0,10,logcosh,1.0,stepsize_pilot
manuscript-pilot,D,pilot_logcosh_d10_k10_rho1_fb-gvi,FB--GVI,2500492809,196,2.243335799702328,16.620419157551126,10.667889180275388,nan,19.80447793380233,0.15929564148633513,15.795760925798408,3.9944254810990474,9.356163313362876,3.9944254810990465,9.356163313362861,13.858723825167068,58.73842882581821,17.260229032715387,0.43898434698348865,0.1610010561416857,,nan,nan,nan,nan,nan,nan,nan,nan,196,196,196,196,196,0,196,196,0,0,0,1,False,False,4.0,0,nan,nan,nan,nan,0.16209626917406456,1.7830589609147085,0.1620962691740644,1.7830589609147083,11.0,0.9999999999999993,1.0000000000000016,6.169173449181403,53.24067333770889,10.0,10,logcosh,1.0,stepsize_pilot
manuscript-pilot,D,pilot_logcosh_d10_k10_rho1_fb-gvi,FB--GVI,2500492809,197,2.243335799702328,16.620419157551133,10.667889180275395,nan,19.804477933802335,0.15929564148633452,15.795760925798417,3.9944254810990465,9.356163313362867,3.9944254810990456,9.356163313362865,13.858723825167063,58.738428825818346,17.26022903271539,0.4409329969785176,0.1617444161674939,,nan,nan,nan,nan,nan,nan,nan,nan,197,197,197,197,197,0,197,197,0,0,0,1,False,False,4.0,0,nan,nan,nan,nan,0.16209626917406456,1.7830589609147085,0.1620962691740644,1.7830589609147083,11.0,0.9999999999999993,1.0000000000000016,6.169173449181403,53.2406733377089,10.0,10,logcosh,1.0,stepsize_pilot
manuscript-pilot,D,pilot_logcosh_d10_k10_rho1_fb-gvi,FB--GVI,2500492809,198,2.243335799702328,16.620419157551133,10.667889180275395,nan,19.804477933802342,0.15929564148633482,15.795760925798408,3.9944254810990407,9.356163313362861,3.9944254810990403,9.356163313362865,13.858723825167068,58.7384288258182,17.260229032715383,0.44295032700756565,0.16249368613353,,nan,nan,nan,nan,nan,nan,nan,nan,198,198,198,198,198,0,198,198,0,0,0,1,False,False,4.0,0,nan,nan,nan,nan,0.16209626917406456,1.7830589609147085,0.1620962691740644,1.7830589609147083,11.0,0.9999999999999993,1.0000000000000016,6.169173449181403,53.24067333770888,10.0,10,logcosh,1.0,stepsize_pilot
manuscript-pilot,D,pilot_logcosh_d10_k10_rho1_fb-gvi,FB--GVI,2500492809,199,2.243335799702328,16.62041915755114,10.667889180275402,nan,19.80447793380237,0.15929564148633482,15.795760925798422,3.99442548109905,9.356163313362867,3.9944254810990514,9.356163313362869,13.858723825167068,58.738428825818424,17.260229032715397,0.44493705697823316,0.16325020615477115,,nan,nan,nan,nan,nan,nan,nan,nan,199,199,199,199,199,0,199,199,0,0,0,1,False,False,4.0,0,nan,nan,nan,nan,0.16209626917406456,1.7830589609147085,0.1620962691740644,1.7830589609147083,11.0,0.9999999999999993,1.0000000000000016,6.169173449181403,53.24067333770892,10.0,10,logcosh,1.0,stepsize_pilot
manuscript-pilot,D,pilot_logcosh_d10_k10_rho1_fb-gvi,FB--GVI,2500492809,200,2.243335799702328,16.620419157551133,10.667889180275395,nan,19.80447793380236,0.15929564148633496,15.795760925798415,3.9944254810990474,9.356163313362872,3.9944254810990465,9.356163313362869,13.858723825167074,58.73842882581848,17.260229032715394,0.4469402470276691,0.16400169616099447,,nan,nan,nan,nan,nan,nan,nan,nan,200,200,200,200,200,0,200,200,0,0,0,1,False,False,4.0,0,nan,nan,nan,nan,0.16209626917406456,1.7830589609147085,0.1620962691740644,1.7830589609147083,11.0,0.9999999999999993,1.0000000000000016,6.169173449181403,53.24067333770891,10.0,10,logcosh,1.0,stepsize_pilot
