tier,experiment,job_id,method,seed,iteration,step_size,objective,objective_gap,exact_gaussian_kl,w2_squared,mean_error,covariance_error,covariance_min_eigenvalue,covariance_max_eigenvalue,relative_covariance_min_eigenvalue,relative_covariance_max_eigenvalue,gaussian_core_rate,fisher_rao_residual_squared,bures_wasserstein_residual_squared,wall_time_seconds,algorithm_seconds,repair,equivariance_error_mean,equivariance_error_covariance,equivariance_error_back,local_gamma,local_lambda,predictive_nll,classification_error,brier,iterations,gradient_evaluations,hessian_evaluations,oracle_pairs,expectation_evaluations,matrix_exponentials,matrix_square_roots,eigendecompositions,cholesky_factorizations,cholesky_solves,roundoff_repairs,batch_size,quadratic_rescue,raw_mean_ablation,normalized_step_size,problem_instance,local_kl_gamma,local_discrete_rate,predicted_contraction,local_radius,alpha,beta,alpha_star,beta_star,kappa_star,lambda_0_star,lambda_0_star_max,lambda_max_star,certified_gap,grid_condition,grid_dimension,grid_family,grid_rho,grid_role
manuscript-pilot,D,pilot_logcosh_d10_k10_rho1_fb-gvi,FB--GVI,2500492809,0,0.0,8.112338983637708,2.1598090063619697,nan,4.562957184844511,2.1361079525259266,2.9495198569914895e-15,1.0,1.0,0.9999999999999981,1.0000000000000013,2.0000000000000018,3.8248759027547212,3.8906654092881583,0.0007613099878653884,0.0,,nan,nan,nan,nan,nan,nan,nan,nan,0,0,0,0,0,0,0,0,0,0,0,1,False,False,0.5,0,nan,nan,nan,nan,0.16209626917406456,1.7830589609147085,0.1620962691740644,1.7830589609147083,11.0,0.9999999999999993,1.0000000000000016,6.169173449181403,12.001094871314502,10.0,10,logcosh,1.0,stepsize_pilot
manuscript-pilot,D,pilot_logcosh_d10_k10_rho1_fb-gvi,FB--GVI,2500492809,1,0.280416974962791,7.163455013362063,1.2109250360863255,nan,2.5463358994253635,1.5936925108610713,0.16618220555983418,0.9993062957954865,1.152465082012046,0.9993062957954862,1.1524650820120468,2.214874180177323,2.410212918442737,2.1928937911860227,0.0025512099964544177,0.0005843099788762629,,nan,nan,nan,nan,nan,nan,nan,nan,1,1,1,1,1,0,1,1,0,0,0,1,False,False,0.5,0,nan,nan,nan,nan,0.16209626917406456,1.7830589609147085,0.1620962691740644,1.7830589609147083,11.0,0.9999999999999993,1.0000000000000016,6.169173449181403,6.76417107672978,10.0,10,logcosh,1.0,stepsize_pilot
manuscript-pilot,D,pilot_logcosh_d10_k10_rho1_fb-gvi,FB--GVI,2500492809,2,0.280416974962791,6.62586917468884,0.6733391974131022,nan,1.4037928657645045,1.1801224505249586,0.21982502290104108,0.999044654622256,1.2036877376557438,0.999044654622256,1.2036877376557442,2.2909223455511913,1.4073701912996301,1.2351180720474506,0.004062380001414567,0.0011315299780108035,,nan,nan,nan,nan,nan,nan,nan,nan,2,2,2,2,2,0,2,2,0,0,0,1,False,False,0.5,0,nan,nan,nan,nan,0.16209626917406456,1.7830589609147085,0.1620962691740644,1.7830589609147083,11.0,0.9999999999999993,1.0000000000000016,6.169173449181403,3.809828808339628,10.0,10,logcosh,1.0,stepsize_pilot
manuscript-pilot,D,pilot_logcosh_d10_k10_rho1_fb-gvi,FB--GVI,2500492809,3,0.280416974962791,6.3231831061242945,0.3706531288485566,nan,0.7650627019891819,0.8687407003526766,0.2120481049566585,0.9990158375098499,1.1973217176157505,0.9990158375098496,1.1973217176157513,2.285452702467663,0.7845169786681601,0.6916814044923697,0.005582460027653724,0.0016771599766798317,,nan,nan,nan,nan,nan,nan,nan,nan,3,3,3,3,3,0,3,3,0,0,0,1,False,False,0.5,0,nan,nan,nan,nan,0.16209626917406456,1.7830589609147085,0.1620962691740644,1.7830589609147083,11.0,0.9999999999999993,1.0000000000000016,6.169173449181403,2.1335512779434147,10.0,10,logcosh,1.0,stepsize_pilot
manuscript-pilot,D,pilot_logcosh_d10_k10_rho1_fb-gvi,FB--GVI,2500492809,4,0.280416974962791,6.15426389252038,0.2017339152446418,nan,0.4124697193636576,0.6364105922498988,0.17882616504434845,0.9991003868741841,1.1665620713054794,0.9991003868741833,1.1665620713054798,2.2435460713272164,0.42504379205607534,0.38325577113487785,0.0070333200274035335,0.0022000999888405204,,nan,nan,nan,nan,nan,nan,nan,nan,4,4,4,4,4,0,4,4,0,0,0,1,False,False,0.5,0,nan,nan,nan,nan,0.16209626917406456,1.7830589609147085,0.1620962691740644,1.7830589609147083,11.0,0.9999999999999993,1.0000000000000016,6.169173449181403,1.1821856637654165,10.0,10,logcosh,1.0,stepsize_pilot
manuscript-pilot,D,pilot_logcosh_d10_k10_rho1_fb-gvi,FB--GVI,2500492809,5,0.280416974962791,6.061110327597873,0.10858035032213476,nan,0.2202556475190695,0.4643465411960462,0.14005089982084473,0.9992299144572008,1.1302635243672157,0.9992299144572003,1.1302635243672166,2.192089680837502,0.22625984172523644,0.20961663932119262,0.008550759986974299,0.002737689937930554,,nan,nan,nan,nan,nan,nan,nan,nan,5,5,5,5,5,0,5,5,0,0,0,1,False,False,0.5,0,nan,nan,nan,nan,0.16209626917406456,1.7830589609147085,0.1620962691740644,1.7830589609147083,11.0,0.9999999999999993,1.0000000000000016,6.169173449181403,0.646580702903468,10.0,10,logcosh,1.0,stepsize_pilot
manuscript-pilot,D,pilot_logcosh_d10_k10_rho1_fb-gvi,FB--GVI,2500492809,6,0.280416974962791,6.010400424870483,0.05787044759474558,nan,0.11668659662596466,0.3377179315475253,0.10480174405364577,0.9993675316353848,1.0971605268481186,0.9993675316353844,1.0971605268481195,2.1442292228996225,0.11914352976472212,0.11317491092059195,0.010011809994466603,0.0032644199673086405,,nan,nan,nan,nan,nan,nan,nan,nan,6,6,6,6,6,0,6,6,0,0,0,1,False,False,0.5,0,nan,nan,nan,nan,0.16209626917406456,1.7830589609147085,0.1620962691740644,1.7830589609147083,11.0,0.9999999999999993,1.0000000000000016,6.169173449181403,0.3490978277823932,10.0,10,logcosh,1.0,stepsize_pilot
manuscript-pilot,D,pilot_logcosh_d10_k10_rho1_fb-gvi,FB--GVI,2500492809,7,0.280416974962791,5.983128693574224,0.030598716298485762,nan,0.06143763455891659,0.24501339467589625,0.07614504878306268,0.9994950798116895,1.070249031304443,0.999495079811689,1.0702490313044435,2.104840336376385,0.06232959866136016,0.06041904608298822,0.011477759981062263,0.003801909915637225,,nan,nan,nan,nan,nan,nan,nan,nan,7,7,7,7,7,0,7,7,0,0,0,1,False,False,0.5,0,nan,nan,nan,nan,0.16209626917406456,1.7830589609147085,0.1620962691740644,1.7830589609147083,11.0,0.9999999999999993,1.0000000000000016,6.169173449181403,0.18636778746001928,10.0,10,logcosh,1.0,stepsize_pilot
manuscript-pilot,D,pilot_logcosh_d10_k10_rho1_fb-gvi,FB--GVI,2500492809,8,0.280416974962791,5.968611305194462,0.016081327918723964,nan,0.03220037301856472,0.17742635554750233,0.05425729295022895,0.9993798542514813,1.0497364841423482,0.9993798542514816,1.049736484142349,2.0745671155370977,0.032482934345207375,0.03196614885209474,0.012920540000777692,0.004335919918958098,,nan,nan,nan,nan,nan,nan,nan,nan,8,8,8,8,8,0,8,8,0,0,0,1,False,False,0.5,0,nan,nan,nan,nan,0.16209626917406456,1.7830589609147085,0.1620962691740644,1.7830589609147083,11.0,0.9999999999999993,1.0000000000000016,6.169173449181403,0.09860235838546173,10.0,10,logcosh,1.0,stepsize_pilot
manuscript-pilot,D,pilot_logcosh_d10_k10_rho1_fb-gvi,FB--GVI,2500492809,9,0.280416974962791,5.96094478550654,0.008414808230802429,nan,0.01682176090973286,0.12830802392001567,0.038170236946991454,0.9993127386808959,1.0347154575016213,0.9993127386808955,1.0347154575016217,2.0522647951445796,0.01689176455616528,0.016799457955265704,0.014357729989569634,0.004858099913690239,,nan,nan,nan,nan,nan,nan,nan,nan,9,9,9,9,9,0,9,9,0,0,0,1,False,False,0.5,0,nan,nan,nan,nan,0.16209626917406456,1.7830589609147085,0.1620962691740644,1.7830589609147083,11.0,0.9999999999999993,1.0000000000000016,6.169173449181403,0.051819384989132244,10.0,10,logcosh,1.0,stepsize_pilot
manuscript-pilot,D,pilot_logcosh_d10_k10_rho1_fb-gvi,FB--GVI,2500492809,10,0.280416974962791,5.956919861548512,0.00438988427277387,nan,0.008768080831664207,0.09269593105880246,0.02663596451530956,0.9993302234809279,1.0240005435898847,0.9993302234809278,1.0240005435898851,2.036280405689354,0.00877373375643781,0.008787027020210012,0.015819659980479628,0.005398979934398085,,nan,nan,nan,nan,nan,nan,nan,nan,10,10,10,10,10,0,10,10,0,0,0,1,False,False,0.5,0,nan,nan,nan,nan,0.16209626917406456,1.7830589609147085,0.1620962691740644,1.7830589609147083,11.0,0.9999999999999993,1.0000000000000016,6.169173449181403,0.027104346895159594,10.0,10,logcosh,1.0,stepsize_pilot
manuscript-pilot,D,pilot_logcosh_d10_k10_rho1_fb-gvi,FB--GVI,2500492809,11,0.280416974962791,5.954815486779257,0.002285509503519023,nan,0.004563309112272639,0.06692054918794288,0.018498692065899585,0.9993924892392423,1.0164904170895885,0.9993924892392425,1.0164904170895894,2.02503085183559,0.004554424371869843,0.00458136886767994,0.017289899988099933,0.0059427599189803,,nan,nan,nan,nan,nan,nan,nan,nan,11,11,11,11,11,0,11,11,0,0,0,1,False,False,0.5,0,nan,nan,nan,nan,0.16209626917406456,1.7830589609147085,0.1620962691740644,1.7830589609147083,11.0,0.9999999999999993,1.0000000000000016,6.169173449181403,0.014131629589698677,10.0,10,logcosh,1.0,stepsize_pilot
manuscript-pilot,D,pilot_logcosh_d10_k10_rho1_fb-gvi,FB--GVI,2500492809,12,0.280416974962791,5.953718323180473,0.0011883459047350442,nan,0.0023725867698196675,0.048287799917677315,0.01281738399108967,0.9994737966683475,1.0112882701835715,0.9994737966683473,1.0112882701835724,2.017208235737271,0.0023635394092336136,0.0023836418539846123,0.018775279982946813,0.00648740993347019,,nan,nan,nan,nan,nan,nan,nan,nan,12,12,12,12,12,0,12,12,0,0,0,1,False,False,0.5,0,nan,nan,nan,nan,0.16209626917406456,1.7830589609147085,0.1620962691740644,1.7830589609147083,11.0,0.9999999999999993,1.0000000000000016,6.169173449181403,0.007352550018979703,10.0,10,logcosh,1.0,stepsize_pilot
manuscript-pilot,D,pilot_logcosh_d10_k10_rho1_fb-gvi,FB--GVI,2500492809,13,0.280416974962791,5.953147345346006,0.0006173680702685758,nan,0.0012327773268649722,0.03483023664594481,0.008875965666060411,0.9995586401727097,1.0077127215567703,0.9995586401727087,1.00771272155677,2.011810611474252,0.0012264472858865398,0.0012385627123809588,0.020271420013159513,0.0070166499353945255,,nan,nan,nan,nan,nan,nan,nan,nan,13,13,13,13,13,0,13,13,0,0,0,1,False,False,0.5,0,nan,nan,nan,nan,0.16209626917406456,1.7830589609147085,0.1620962691740644,1.7830589609147083,11.0,0.9999999999999993,1.0000000000000016,6.169173449181403,0.0038204541001833573,10.0,10,logcosh,1.0,stepsize_pilot
manuscript-pilot,D,pilot_logcosh_d10_k10_rho1_fb-gvi,FB--GVI,2500492809,14,0.280416974962791,5.952850550850081,0.00032057357434300826,nan,0.0006402801776854125,0.025116569308686713,0.006151047167647665,0.9996384611601594,1.005267118429833,0.9996384611601601,1.0052671184298339,2.008103741922553,0.0006364011885480978,0.0006430638124937774,0.021750400017481297,0.007554659969173372,,nan,nan,nan,nan,nan,nan,nan,nan,14,14,14,14,14,0,14,14,0,0,0,1,False,False,0.5,0,nan,nan,nan,nan,0.16209626917406456,1.7830589609147085,0.1620962691740644,1.7830589609147083,11.0,0.9999999999999993,1.0000000000000016,6.169173449181403,0.00198358609908299,10.0,10,logcosh,1.0,stepsize_pilot
manuscript-pilot,D,pilot_logcosh_d10_k10_rho1_fb-gvi,FB--GVI,2500492809,15,0.280416974962791,5.952696389391563,0.00016641211582513193,nan,0.0003324648280351317,0.01810839693569301,0.004269683087514472,0.9997091612375095,1.0035989501489864,0.9997091612375095,1.0035989501489873,2.0055643900898708,0.0003302385187039394,0.00033373188543766143,0.023205670004244894,0.008080879983026534,,nan,nan,nan,nan,nan,nan,nan,nan,15,15,15,15,15,0,15,15,0,0,0,1,False,False,0.5,0,nan,nan,nan,nan,0.16209626917406456,1.7830589609147085,0.1620962691740644,1.7830589609147083,11.0,0.9999999999999993,1.0000000000000016,6.169173449181403,0.0010294249433936353,10.0,10,logcosh,1.0,stepsize_pilot
manuscript-pilot,D,pilot_logcosh_d10_k10_rho1_fb-gvi,FB--GVI,2500492809,16,0.280416974962791,5.952616349430841,8.637215510276519e-05,nan,0.00017260569720116263,0.01305381212057597,0.0029704578660431553,0.9997693504697288,1.0024623745405452,0.999769350469728,1.0024623745405452,2.003826384249702,0.00017137457565801338,0.0001731581185550221,0.02466160902986303,0.008623169967904687,,nan,nan,nan,nan,nan,nan,nan,nan,16,16,16,16,16,0,16,16,0,0,0,1,False,False,0.5,0,nan,nan,nan,nan,0.16209626917406456,1.7830589609147085,0.1620962691740644,1.7830589609147083,11.0,0.9999999999999993,1.0000000000000016,6.169173449181403,0.0005341212337499241,10.0,10,logcosh,1.0,stepsize_pilot
manuscript-pilot,D,pilot_logcosh_d10_k10_rho1_fb-gvi,FB--GVI,2500492809,17,0.280416974962791,5.952574803270344,4.482599460597925e-05,nan,8.960372022103791e-05,0.009409097131724014,0.0020720474687555513,0.9998191755751586,1.0016879395306102,0.9998191755751586,1.0016879395306104,2.002636487028098,8.893820136600004e-05,8.983532133033457e-05,0.026100969000253826,0.009140169946476817,,nan,nan,nan,nan,nan,nan,nan,nan,17,17,17,17,17,0,17,17,0,0,0,1,False,False,0.5,0,nan,nan,nan,nan,0.16209626917406456,1.7830589609147085,0.1620962691740644,1.7830589609147083,11.0,0.9999999999999993,1.0000000000000016,6.169173449181403,0.0002771048395748899,10.0,10,logcosh,1.0,stepsize_pilot
manuscript-pilot,D,pilot_logcosh_d10_k10_rho1_fb-gvi,FB--GVI,2500492809,18,0.280416974962791,5.952553240767283,2.3263491545577608e-05,nan,4.651315929545398e-05,0.006781456611505439,0.0014494831417059587,0.9998595702094331,1.001159743731025,0.9998595702094327,1.0011597437310253,2.0018208873552874,4.615854265670223e-05,4.660627781614279e-05,0.027573639003094286,0.009698409936390817,,nan,nan,nan,nan,nan,nan,nan,nan,18,18,18,18,18,0,18,18,0,0,0,1,False,False,0.5,0,nan,nan,nan,nan,0.16209626917406456,1.7830589609147085,0.1620962691740644,1.7830589609147083,11.0,0.9999999999999993,1.0000000000000016,6.169173449181403,0.00014376110583426017,10.0,10,logcosh,1.0,stepsize_pilot
manuscript-pilot,D,pilot_logcosh_d10_k10_rho1_fb-gvi,FB--GVI,2500492809,19,0.280416974962791,5.952542050435228,1.2073159489922602e-05,nan,2.414433402877486e-05,0.004887318166751703,0.0010169318546292478,0.9998917966164242,1.0007988960281515,0.9998917966164246,1.0007988960281522,2.001260834944307,2.3957139612247278e-05,2.4179850568072884e-05,0.02903194900136441,0.010214969923254102,,nan,nan,nan,nan,nan,nan,nan,nan,19,19,19,19,19,0,19,19,0,0,0,1,False,False,0.5,0,nan,nan,nan,nan,0.16209626917406456,1.7830589609147085,0.1620962691740644,1.7830589609147083,11.0,0.9999999999999993,1.0000000000000016,6.169173449181403,7.458484606486455e-05,10.0,10,logcosh,1.0,stepsize_pilot
manuscript-pilot,D,pilot_logcosh_d10_k10_rho1_fb-gvi,FB--GVI,2500492809,20,0.280416974962791,5.952536243048886,6.265773148328435e-06,nan,1.2532874007126495e-05,0.0035220607158859395,0.0007155147100258145,0.999917180353076,1.0005518436549792,0.9999171803530758,1.00055184365498,2.0008753942114943,1.243466267060915e-05,1.2545392349787697e-05,0.030473629012703896,0.01074478990631178,,nan,nan,nan,nan,nan,nan,nan,nan,20,20,20,20,20,0,20,20,0,0,0,1,False,False,0.5,0,nan,nan,nan,nan,0.16209626917406456,1.7830589609147085,0.1620962691740644,1.7830589609147083,11.0,0.9999999999999993,1.0000000000000016,6.169173449181403,3.8697350696936876e-05,10.0,10,logcosh,1.0,stepsize_pilot
manuscript-pilot,D,pilot_logcosh_d10_k10_rho1_fb-gvi,FB--GVI,2500492809,21,0.280416974962791,5.952533229191161,3.2519154231636094e-06,nan,6.5055788957998865e-06,0.002538085020873598,0.000504828390687594,0.9999369683507207,1.0003822756189105,0.9999369683507201,1.0003822756189111,2.000609448415277,6.454259322370632e-06,6.509389420605201e-06,0.03192263899836689,0.011271419876720756,,nan,nan,nan,nan,nan,nan,nan,nan,21,21,21,21,21,0,21,21,0,0,0,1,False,False,0.5,0,nan,nan,nan,nan,0.16209626917406456,1.7830589609147085,0.1620962691740644,1.7830589609147083,11.0,0.9999999999999993,1.0000000000000016,6.169173449181403,2.007877619198996e-05,10.0,10,logcosh,1.0,stepsize_pilot
manuscript-pilot,D,pilot_logcosh_d10_k10_rho1_fb-gvi,FB--GVI,2500492809,22,0.280416974962791,5.952531665055532,1.687779794146138e-06,nan,3.3769387156227943e-06,0.0018289507934686068,0.0003571052093691,0.9999522628286773,1.0002655701378775,0.9999522628286777,1.0002655701378784,2.000425450097694,3.3501920392131132e-06,3.377709583309236e-06,0.033484299026895314,0.011807399918325245,,nan,nan,nan,nan,nan,nan,nan,nan,22,22,22,22,22,0,22,22,0,0,0,1,False,False,0.5,0,nan,nan,nan,nan,0.16209626917406456,1.7830589609147085,0.1620962691740644,1.7830589609147083,11.0,0.9999999999999993,1.0000000000000016,6.169173449181403,1.041883814019846e-05,10.0,10,logcosh,1.0,stepsize_pilot
manuscript-pilot,D,pilot_logcosh_d10_k10_rho1_fb-gvi,FB--GVI,2500492809,23,0.280416974962791,5.952530853276064,8.76000326499593e-07,nan,1.7529256102050035e-06,0.0013179139454576705,0.0002532161164139461,0.9999639997889257,1.0001850153437375,0.9999639997889256,1.000185015343738,2.000297789085599,1.7390089442821444e-06,1.752787671512139e-06,0.034947219013702124,0.012347149895504117,,nan,nan,nan,nan,nan,nan,nan,nan,23,23,23,23,23,0,23,23,0,0,0,1,False,False,0.5,0,nan,nan,nan,nan,0.16209626917406456,1.7830589609147085,0.1620962691740644,1.7830589609147083,11.0,0.9999999999999993,1.0000000000000016,6.169173449181403,5.406625582572592e-06,10.0,10,logcosh,1.0,stepsize_pilot
manuscript-pilot,D,pilot_logcosh_d10_k10_rho1_fb-gvi,FB--GVI,2500492809,24,0.280416974962791,5.952530431953881,4.5467814313582267e-07,nan,9.099287632169343e-07,0.0009496495007200547,0.00017994436117067203,0.9999729521224294,1.0001292491536717,0.9999729521224295,1.0001292491536722,2.0002089644601075,9.026950840492765e-07,9.096185362017128e-07,0.03640559903578833,0.01286915986565873,,nan,nan,nan,nan,nan,nan,nan,nan,24,24,24,24,24,0,24,24,0,0,0,1,False,False,0.5,0,nan,nan,nan,nan,0.16209626917406456,1.7830589609147085,0.1620962691740644,1.7830589609147083,11.0,0.9999999999999993,1.0000000000000016,6.169173449181403,2.8057972612094298e-06,10.0,10,logcosh,1.0,stepsize_pilot
manuscript-pilot,D,pilot_logcosh_d10_k10_rho1_fb-gvi,FB--GVI,2500492809,25,0.280416974962791,5.952530213276998,2.3600126031197988e-07,nan,4.72340396481251e-07,0.0006842779628961463,0.00012812808113585948,0.9999797449800228,1.0000905297026543,0.9999797449800227,1.000090529702655,2.0001469887310157,4.685826104471544e-07,4.720738962740418e-07,0.03788404900114983,0.013404589903075248,,nan,nan,nan,nan,nan,nan,nan,nan,25,25,25,25,25,0,25,25,0,0,0,1,False,False,0.5,0,nan,nan,nan,nan,0.16209626917406456,1.7830589609147085,0.1620962691740644,1.7830589609147083,11.0,0.9999999999999993,1.0000000000000016,6.169173449181403,1.4561528734727172e-06,10.0,10,logcosh,1.0,stepsize_pilot
manuscript-pilot,D,pilot_logcosh_d10_k10_rho1_fb-gvi,FB--GVI,2500492809,26,0.280416974962791,5.9525300997751565,1.2249941860886793e-07,nan,2.4519215519842654e-07,0.0004930557464728726,9.139428324631403e-05,0.9999848760601785,1.000063568234245,0.9999848760601779,1.0000635682342454,2.0001036289605776,2.4324060155014224e-07,2.4500730977378347e-07,0.03933077899273485,0.013926119892857969,,nan,nan,nan,nan,nan,nan,nan,nan,26,26,26,26,26,0,26,26,0,0,0,1,False,False,0.5,0,nan,nan,nan,nan,0.16209626917406456,1.7830589609147085,0.1620962691740644,1.7830589609147083,11.0,0.9999999999999993,1.0000000000000016,6.169173449181403,7.557462951558941e-07,10.0,10,logcosh,1.0,stepsize_pilot
manuscript-pilot,D,pilot_logcosh_d10_k10_rho1_fb-gvi,FB--GVI,2500492809,27,0.280416974962791,5.952530040861849,6.358611148726823e-08,nan,1.2728046919920348e-07,0.00035526699005588815,6.529444257219156e-05,0.9999887366600424,1.000044741510798,0.9999887366600421,1.0000447415107985,2.000073214533039,1.26267044177958e-07,1.2716402973960454e-07,0.040786579018458724,0.014459379890467972,,nan,nan,nan,nan,nan,nan,nan,nan,27,27,27,27,27,0,27,27,0,0,0,1,False,False,0.5,0,nan,nan,nan,nan,0.16209626917406456,1.7830589609147085,0.1620962691740644,1.7830589609147083,11.0,0.9999999999999993,1.0000000000000016,6.169173449181403,3.9224847798024133e-07,10.0,10,logcosh,1.0,stepsize_pilot
manuscript-pilot,D,pilot_logcosh_d10_k10_rho1_fb-gvi,FB--GVI,2500492809,28,0.280416974962791,5.952530010282136,3.3006398503232504e-08,nan,6.607246510829383e-08,0.00025598231304261324,4.671276968489445e-05,0.9999916313205675,1.0000315598248952,0.9999916313205673,1.0000315598248963,2.000051827999199,6.554618777902482e-08,6.600300890437928e-08,0.04222616902552545,0.01497827988350764,,nan,nan,nan,nan,nan,nan,nan,nan,28,28,28,28,28,0,28,28,0,0,0,1,False,False,0.5,0,nan,nan,nan,nan,0.16209626917406456,1.7830589609147085,0.1620962691740644,1.7830589609147083,11.0,0.9999999999999993,1.0000000000000016,6.169173449181403,2.0359200504949018e-07,10.0,10,logcosh,1.0,stepsize_pilot
manuscript-pilot,D,pilot_logcosh_d10_k10_rho1_fb-gvi,FB--GVI,2500492809,29,0.280416974962791,5.952529994409034,1.7133296559279643e-08,nan,3.4299091089501314e-08,0.00018444296401223283,3.34598229373631e-05,0.9999937950899955,1.000022307062314,0.9999937950899949,1.0000223070623142,2.000036754855324,3.40257678239312e-08,3.425907755295271e-08,0.043675379012711346,0.015516159881372005,,nan,nan,nan,nan,nan,nan,nan,nan,29,29,29,29,29,0,29,29,0,0,0,1,False,False,0.5,0,nan,nan,nan,nan,0.16209626917406456,1.7830589609147085,0.1620962691740644,1.7830589609147083,11.0,0.9999999999999993,1.0000000000000016,6.169173449181403,1.0567509581656123e-07,10.0,10,logcosh,1.0,stepsize_pilot
manuscript-pilot,D,pilot_logcosh_d10_k10_rho1_fb-gvi,FB--GVI,2500492809,30,0.280416974962791,5.952529986169591,8.893852765368138e-09,nan,1.780526145838123e-08,0.00013289599659972585,2.399239752565128e-05,0.9999954081172134,1.0000157966352388,0.9999954081172132,1.0000157966352392,2.000026108494409,1.7663274642314906e-08,1.7782735859615403e-08,0.04510298901004717,0.016030419908929616,,nan,nan,nan,nan,nan,nan,nan,nan,30,30,30,30,30,0,30,30,0,0,0,1,False,False,0.5,0,nan,nan,nan,nan,0.16209626917406456,1.7830589609147085,0.1620962691740644,1.7830589609147083,11.0,0.9999999999999993,1.0000000000000016,6.169173449181403,5.485239095947269e-08,10.0,10,logcosh,1.0,stepsize_pilot
manuscript-pilot,D,pilot_logcosh_d10_k10_rho1_fb-gvi,FB--GVI,2500492809,31,0.280416974962791,5.952529981892576,4.6168384670863816e-09,nan,9.24309651114674e-09,9.575466009225797e-05,1.721971323363399e-05,0.9999966076581049,1.0000112055519943,0.9999966076581046,1.0000112055519947,2.000018573855358,9.169319671559398e-09,9.230626861380405e-09,0.04654212901368737,0.016557369905058295,,nan,nan,nan,nan,nan,nan,nan,nan,31,31,31,31,31,0,31,31,0,0,0,1,False,False,0.5,0,nan,nan,nan,nan,0.16209626917406456,1.7830589609147085,0.1620962691740644,1.7830589609147083,11.0,0.9999999999999993,1.0000000000000016,6.169173449181403,2.8472669076264332e-08,10.0,10,logcosh,1.0,stepsize_pilot
manuscript-pilot,D,pilot_logcosh_d10_k10_rho1_fb-gvi,FB--GVI,2500492809,32,0.280416974962791,5.952529979672388,2.3966499895777815e-09,nan,4.798325819317966e-09,6.899325232337592e-05,1.2368792582810551e-05,0.9999974977579033,1.0000079612799722,0.9999974977579033,1.0000079612799728,2.000013231679228,4.7599840351271114e-09,4.791510443741408e-09,0.04802665900206193,0.017097849864512682,,nan,nan,nan,nan,nan,nan,nan,nan,32,32,32,32,32,0,32,32,0,0,0,1,False,False,0.5,0,nan,nan,nan,nan,0.16209626917406456,1.7830589609147085,0.1620962691740644,1.7830589609147083,11.0,0.9999999999999993,1.0000000000000016,6.169173449181403,1.477982950550245e-08,10.0,10,logcosh,1.0,stepsize_pilot
manuscript-pilot,D,pilot_logcosh_d10_k10_rho1_fb-gvi,FB--GVI,2500492809,33,0.280416974962791,5.952529978519878,1.2441399022122823e-09,nan,2.4909451560250807e-09,4.9710987698981946e-05,8.890595786275081e-06,0.999998156940528,1.000005664364903,0.9999981569405287,1.0000056643649038,2.0000094376487403,2.47102026557132e-09,2.4872612343874125e-09,0.049482009024359286,0.017630229878704995,,nan,nan,nan,nan,nan,nan,nan,nan,33,33,33,33,33,0,33,33,0,0,0,1,False,False,0.5,0,nan,nan,nan,nan,0.16209626917406456,1.7830589609147085,0.1620962691740644,1.7830589609147083,11.0,0.9999999999999993,1.0000000000000016,6.169173449181403,7.672172984180495e-09,10.0,10,logcosh,1.0,stepsize_pilot
manuscript-pilot,D,pilot_logcosh_d10_k10_rho1_fb-gvi,FB--GVI,2500492809,34,0.280416974962791,5.952529977921599,6.458611423454386e-10,nan,1.2931352353943297e-09,3.581769077862312e-05,6.394333678246007e-06,0.9999986442414853,1.0000040353350206,0.9999986442414851,1.0000040353350212,2.0000067390056775,1.282772156535246e-09,1.2911518491964435e-09,0.05092990898992866,0.01815894985338673,,nan,nan,nan,nan,nan,nan,nan,nan,34,34,34,34,34,0,34,34,0,0,0,1,False,False,0.5,0,nan,nan,nan,nan,0.16209626917406456,1.7830589609147085,0.1620962691740644,1.7830589609147083,11.0,0.9999999999999993,1.0000000000000016,6.169173449181403,3.982669853462085e-09,10.0,10,logcosh,1.0,stepsize_pilot
manuscript-pilot,D,pilot_logcosh_d10_k10_rho1_fb-gvi,FB--GVI,2500492809,35,0.280416974962791,5.952529977611021,3.352829125446988e-10,nan,6.713206704854741e-10,2.5807294878832715e-05,4.601341127938839e-06,0.9999990038949093,1.000002878149237,0.999999003894909,1.0000028781492378,2.0000048168406726,6.659247461082093e-10,6.702542330175718e-10,0.052362769027240574,0.018677599844522774,,nan,nan,nan,nan,nan,nan,nan,nan,35,35,35,35,35,0,35,35,0,0,0,1,False,False,0.5,0,nan,nan,nan,nan,0.16209626917406456,1.7830589609147085,0.1620962691740644,1.7830589609147083,11.0,0.9999999999999993,1.0000000000000016,6.169173449181403,2.0674573092667247e-09,10.0,10,logcosh,1.0,stepsize_pilot
manuscript-pilot,D,pilot_logcosh_d10_k10_rho1_fb-gvi,FB--GVI,2500492809,36,0.280416974962791,5.952529977449793,1.7405543673021384e-10,nan,3.485124266641184e-10,1.859462184991854e-05,3.312582516576534e-06,0.9999992689456407,1.0000020549521027,0.9999992689456402,1.0000020549521031,2.0000034460255427,3.457030560401516e-10,3.479425990387667e-10,0.05380624899407849,0.01920637983130291,,nan,nan,nan,nan,nan,nan,nan,nan,36,36,36,36,36,0,36,36,0,0,0,1,False,False,0.5,0,nan,nan,nan,nan,0.16209626917406456,1.7830589609147085,0.1620962691740644,1.7830589609147083,11.0,0.9999999999999993,1.0000000000000016,6.169173449181403,1.0732591219145652e-09,10.0,10,logcosh,1.0,stepsize_pilot
manuscript-pilot,D,pilot_logcosh_d10_k10_rho1_fb-gvi,FB--GVI,2500492809,37,0.280416974962791,5.952529977366096,9.035794334977254e-11,nan,1.8092656037772553e-10,1.3397766449512668e-05,2.385693442047125e-06,0.999999464014036,1.0000014685819163,0.9999994640140357,1.0000014685819165,2.0000024673097743,1.7946665007496264e-10,1.8062630313964434e-10,0.055236538988538086,0.01972227985970676,,nan,nan,nan,nan,nan,nan,nan,nan,37,37,37,37,37,0,37,37,0,0,0,1,False,False,0.5,0,nan,nan,nan,nan,0.16209626917406456,1.7830589609147085,0.1620962691740644,1.7830589609147083,11.0,0.9999999999999993,1.0000000000000016,6.169173449181403,5.571574967764427e-10,10.0,10,logcosh,1.0,stepsize_pilot
manuscript-pilot,D,pilot_logcosh_d10_k10_rho1_fb-gvi,FB--GVI,2500492809,38,0.280416974962791,5.952529977322647,4.6909143236462114e-11,nan,9.392292726838037e-11,9.653345091089352e-06,1.7187169423885325e-06,0.9999996074001037,1.0000010504130001,0.9999996074001036,1.0000010504130001,2.000001767831281,9.316800824543582e-11,9.376901803425492e-11,0.05666610901243985,0.020243539882358164,,nan,nan,nan,nan,nan,nan,nan,nan,38,38,38,38,38,0,38,38,0,0,0,1,False,False,0.5,0,nan,nan,nan,nan,0.16209626917406456,1.7830589609147085,0.1620962691740644,1.7830589609147083,11.0,0.9999999999999993,1.0000000000000016,6.169173449181403,2.8923866820636885e-10,10.0,10,logcosh,1.0,stepsize_pilot
manuscript-pilot,D,pilot_logcosh_d10_k10_rho1_fb-gvi,FB--GVI,2500492809,39,0.280416974962791,5.95252997730009,2.4352075911338034e-11,nan,4.877498197960762e-11,6.955427105936895e-06,1.2385546644828915e-06,0.9999997126769594,1.0000007518801473,0.9999997126769593,1.000000751880148,2.000001267466267,4.836736543469865e-11,4.867908659031602e-11,0.058130678022280335,0.02076484984718263,,nan,nan,nan,nan,nan,nan,nan,nan,39,39,39,39,39,0,39,39,0,0,0,1,False,False,0.5,0,nan,nan,nan,nan,0.16209626917406456,1.7830589609147085,0.1620962691740644,1.7830589609147083,11.0,0.9999999999999993,1.0000000000000016,6.169173449181403,1.5015486426169005e-10,10.0,10,logcosh,1.0,stepsize_pilot
manuscript-pilot,D,pilot_logcosh_d10_k10_rho1_fb-gvi,FB--GVI,2500492809,40,0.280416974962791,5.952529977288379,1.2641443447591882e-11,nan,2.531617606148704e-11,5.01153147636876e-06,8.92748632726885e-07,0.999999789892357,1.0000005385531436,0.9999997898923559,1.000000538553144,2.000000909243663,2.5109650593985725e-11,2.52714345319391e-11,0.0595646679867059,0.0212888297974132,,nan,nan,nan,nan,nan,nan,nan,nan,40,40,40,40,40,0,40,40,0,0,0,1,False,False,0.5,0,nan,nan,nan,nan,0.16209626917406456,1.7830589609147085,0.1620962691740644,1.7830589609147083,11.0,0.9999999999999993,1.0000000000000016,6.169173449181403,7.795193146858238e-11,10.0,10,logcosh,1.0,stepsize_pilot
manuscript-pilot,D,pilot_logcosh_d10_k10_rho1_fb-gvi,FB--GVI,2500492809,41,0.280416974962791,5.952529977282301,6.562750343164225e-12,nan,1.3148659374376314e-11,3.6109205605964853e-06,6.436220605962701e-07,0.9999998464713461,1.0000003864076947,0.9999998464713464,1.000000386407693,2.0000006525973584,1.3035616452535547e-11,1.3119629749327055e-11,0.06101128802401945,0.021814389794599265,,nan,nan,nan,nan,nan,nan,nan,nan,41,41,41,41,41,0,41,41,0,0,0,1,False,False,0.5,0,nan,nan,nan,nan,0.16209626917406456,1.7830589609147085,0.1620962691740644,1.7830589609147083,11.0,0.9999999999999993,1.0000000000000016,6.169173449181403,4.0468635756319465e-11,10.0,10,logcosh,1.0,stepsize_pilot
manuscript-pilot,D,pilot_logcosh_d10_k10_rho1_fb-gvi,FB--GVI,2500492809,42,0.280416974962791,5.952529977279144,3.4061642395499803e-12,nan,6.823749877756898e-12,2.6017545819975695e-06,4.640951255758926e-07,0.9999998878921428,1.0000002791394254,0.9999998878921428,1.0000002791394254,2.000000468605294,6.7674521519319836e-12,6.8111005787193084e-12,0.06244850798975676,0.022339679766446352,,nan,nan,nan,nan,nan,nan,nan,nan,42,42,42,42,42,0,42,42,0,0,0,1,False,False,0.5,0,nan,nan,nan,nan,0.16209626917406456,1.7830589609147085,0.1620962691740644,1.7830589609147083,11.0,0.9999999999999993,1.0000000000000016,6.169173449181403,2.1009430424969624e-11,10.0,10,logcosh,1.0,stepsize_pilot
manuscript-pilot,D,pilot_logcosh_d10_k10_rho1_fb-gvi,FB--GVI,2500492809,43,0.280416974962791,5.952529977277505,1.7674750552032492e-12,nan,3.5455487842941986e-12,1.8746307623102138e-06,3.346924637021278e-07,0.9999999181907322,1.0000002016503065,0.999999918190732,1.0000002016503056,2.000000336623312,3.51335129724402e-12,3.536037730738788e-12,0.06390265800291672,0.022873659792821854,,nan,nan,nan,nan,nan,nan,nan,nan,43,43,43,43,43,0,43,43,0,0,0,1,False,False,0.5,0,nan,nan,nan,nan,0.16209626917406456,1.7830589609147085,0.1620962691740644,1.7830589609147083,11.0,0.9999999999999993,1.0000000000000016,6.169173449181403,1.0907215041888695e-11,10.0,10,logcosh,1.0,stepsize_pilot
manuscript-pilot,D,pilot_logcosh_d10_k10_rho1_fb-gvi,FB--GVI,2500492809,44,0.280416974962791,5.952529977276655,9.174883075502294e-13,nan,1.8442142242606394e-12,1.3507228636631252e-06,2.4140028919770646e-07,0.9999999403366197,1.0000001456728107,0.9999999403366195,1.0000001456728105,2.000000241900579,1.823982916959526e-12,1.8357783587408195e-12,0.06558568798936903,0.02342891978332773,,nan,nan,nan,nan,nan,nan,nan,nan,44,44,44,44,44,0,44,44,0,0,0,1,False,False,0.5,0,nan,nan,nan,nan,0.16209626917406456,1.7830589609147085,0.1620962691740644,1.7830589609147083,11.0,0.9999999999999993,1.0000000000000016,6.169173449181403,5.662617554662838e-12,10.0,10,logcosh,1.0,stepsize_pilot
manuscript-pilot,D,pilot_logcosh_d10_k10_rho1_fb-gvi,FB--GVI,2500492809,45,0.280416974962791,5.952529977276213,4.75175454539567e-13,nan,9.731665302580123e-13,9.73235486139806e-07,1.7413017577731328e-07,0.9999999565119877,1.000000105234879,0.9999999565119874,1.0000001052348797,2.00000017388738,9.469407474706829e-13,9.530753926450315e-13,0.06705901800887659,0.023963529791217297,,nan,nan,nan,nan,nan,nan,nan,nan,45,45,45,45,45,0,45,45,0,0,0,1,False,False,0.5,0,nan,nan,nan,nan,0.16209626917406456,1.7830589609147085,0.1620962691740644,1.7830589609147083,11.0,0.9999999999999993,1.0000000000000016,6.169173449181403,2.9398437036869345e-12,10.0,10,logcosh,1.0,stepsize_pilot
manuscript-pilot,D,pilot_logcosh_d10_k10_rho1_fb-gvi,FB--GVI,2500492809,46,0.280416974962791,5.952529977275984,2.460254222569347e-13,nan,4.964099291943512e-13,7.012467415189364e-07,1.256166959931262e-07,0.9999999683186506,1.0000000760225152,0.9999999683186507,1.0000000760225152,2.0000001250323223,4.916179484554654e-13,4.948092808243452e-13,0.0685621679876931,0.024505829787813127,,nan,nan,nan,nan,nan,nan,nan,nan,46,46,46,46,46,0,46,46,0,0,0,1,False,False,0.5,0,nan,nan,nan,nan,0.16209626917406456,1.7830589609147085,0.1620962691740644,1.7830589609147083,11.0,0.9999999999999993,1.0000000000000016,6.169173449181403,1.5262821388350476e-12,10.0,10,logcosh,1.0,stepsize_pilot
manuscript-pilot,D,pilot_logcosh_d10_k10_rho1_fb-gvi,FB--GVI,2500492809,47,0.280416974962791,5.9525299772758675,1.2967404927621828e-13,nan,2.6684591989642223e-13,5.052718084757162e-07,9.062572371617224e-08,0.9999999769312024,1.0000000549194095,0.9999999769312021,1.00000005491941,2.000000089926137,2.5523226715430585e-13,2.5689278994096816e-13,0.07001915801083669,0.025037289829924703,,nan,nan,nan,nan,nan,nan,nan,nan,47,47,47,47,47,0,47,47,0,0,0,1,False,False,0.5,0,nan,nan,nan,nan,0.16209626917406456,1.7830589609147085,0.1620962691740644,1.7830589609147083,11.0,0.9999999999999993,1.0000000000000016,6.169173449181403,7.924080894949781e-13,10.0,10,logcosh,1.0,stepsize_pilot
manuscript-pilot,D,pilot_logcosh_d10_k10_rho1_fb-gvi,FB--GVI,2500492809,48,0.280416974962791,5.9525299772758045,6.661338147750939e-14,nan,1.3920569299019004e-13,3.6406641542778867e-07,6.538543453161257e-08,0.999999983210143,1.0000000396744033,0.9999999832101422,1.0000000396744024,2.0000000646914478,1.3250930661988904e-13,1.333734647200777e-13,0.07150346803246066,0.025595849787350744,,nan,nan,nan,nan,nan,nan,nan,nan,48,48,48,48,48,0,48,48,0,0,0,1,False,False,0.5,0,nan,nan,nan,nan,0.16209626917406456,1.7830589609147085,0.1620962691740644,1.7830589609147083,11.0,0.9999999999999993,1.0000000000000016,6.169173449181403,4.1140201868821803e-13,10.0,10,logcosh,1.0,stepsize_pilot
manuscript-pilot,D,pilot_logcosh_d10_k10_rho1_fb-gvi,FB--GVI,2500492809,49,0.280416974962791,5.9525299772757725,3.4638958368304884e-14,nan,6.659328371842163e-14,2.6232371179074146e-07,4.717711275796328e-08,0.9999999877853119,1.0000000286612882,0.9999999877853111,1.0000000286612873,2.000000046547288,6.879552223766517e-14,6.924530673993846e-14,0.07297912798821926,0.026131669816095382,,nan,nan,nan,nan,nan,nan,nan,nan,49,49,49,49,49,0,49,49,0,0,0,1,False,False,0.5,0,nan,nan,nan,nan,0.16209626917406456,1.7830589609147085,0.1620962691740644,1.7830589609147083,11.0,0.9999999999999993,1.0000000000000016,6.169173449181403,2.135931539102252e-13,10.0,10,logcosh,1.0,stepsize_pilot
manuscript-pilot,D,pilot_logcosh_d10_k10_rho1_fb-gvi,FB--GVI,2500492809,50,0.280416974962791,5.952529977275755,1.687538997430238e-14,nan,3.6614787215452943e-14,1.89014837501591e-07,3.404070768111525e-08,0.999999991117345,1.000000020705304,0.9999999911173454,1.000000020705304,2.000000033498002,3.5717164684733756e-14,3.59513006594182e-14,0.07447494799271226,0.026683119824156165,,nan,nan,nan,nan,nan,nan,nan,nan,50,50,50,50,50,0,50,50,0,0,0,1,False,False,0.5,0,nan,nan,nan,nan,0.16209626917406456,1.7830589609147085,0.1620962691740644,1.7830589609147083,11.0,0.9999999999999993,1.0000000000000016,6.169173449181403,1.1089490474581033e-13,10.0,10,logcosh,1.0,stepsize_pilot
manuscript-pilot,D,pilot_logcosh_d10_k10_rho1_fb-gvi,FB--GVI,2500492809,51,0.280416974962791,5.952529977275748,9.769962616701378e-15,nan,4.075307135906425e-14,1.3619328495399887e-07,2.45628828430712e-08,0.9999999935428808,1.0000000149578125,0.9999999935428807,1.0000000149578112,2.0000000241108236,1.8543718423408455e-14,1.8665610291544376e-14,0.07595739798853174,0.02724120981292799,,nan,nan,nan,nan,nan,nan,nan,nan,51,51,51,51,51,0,51,51,0,0,0,1,False,False,0.5,0,nan,nan,nan,nan,0.16209626917406456,1.7830589609147085,0.1620962691740644,1.7830589609147083,11.0,0.9999999999999993,1.0000000000000016,6.169173449181403,5.757569371168136e-14,10.0,10,logcosh,1.0,stepsize_pilot
manuscript-pilot,D,pilot_logcosh_d10_k10_rho1_fb-gvi,FB--GVI,2500492809,52,0.280416974962791,5.952529977275742,4.440892098500626e-15,nan,2.53953366587017e-14,9.813342809167775e-08,1.7724369675431102e-08,0.9999999953077565,1.000000010805752,0.9999999953077562,1.0000000108057516,2.00000001735667,9.627637660209591e-15,9.691100182295435e-15,0.07744223799090832,0.027793119836132973,,nan,nan,nan,nan,nan,nan,nan,nan,52,52,52,52,52,0,52,52,0,0,0,1,False,False,0.5,0,nan,nan,nan,nan,0.16209626917406456,1.7830589609147085,0.1620962691740644,1.7830589609147083,11.0,0.9999999999999993,1.0000000000000016,6.169173449181403,2.9893038968987027e-14,10.0,10,logcosh,1.0,stepsize_pilot
manuscript-pilot,D,pilot_logcosh_d10_k10_rho1_fb-gvi,FB--GVI,2500492809,53,0.280416974962791,5.95252997727574,1.7763568394002505e-15,nan,1.632415385586616e-14,7.070982254743375e-08,1.2789999522792254e-08,0.9999999965913894,1.0000000078062459,0.9999999965913895,1.000000007806245,2.0000000124961224,4.998569560748646e-15,5.031613316867761e-15,0.07892598799662665,0.02833959978306666,,nan,nan,nan,nan,nan,nan,nan,nan,53,53,53,53,53,0,53,53,0,0,0,1,False,False,0.5,0,nan,nan,nan,nan,0.16209626917406456,1.7830589609147085,0.1620962691740644,1.7830589609147083,11.0,0.9999999999999993,1.0000000000000016,6.169173449181403,1.552044764048408e-14,10.0,10,logcosh,1.0,stepsize_pilot
manuscript-pilot,D,pilot_logcosh_d10_k10_rho1_fb-gvi,FB--GVI,2500492809,54,0.280416974962791,5.95252997727574,1.7763568394002505e-15,nan,0.0,5.094998350531572e-08,9.22946464509861e-09,0.9999999975246432,1.0000000056393579,0.9999999975246434,1.0000000056393585,2.0000000089977283,2.595224075127581e-15,2.6124303093578243e-15,0.08037687803152949,0.02886810980271548,,nan,nan,nan,nan,nan,nan,nan,nan,54,54,54,54,54,0,54,54,0,0,0,1,False,False,0.5,0,nan,nan,nan,nan,0.16209626917406456,1.7830589609147085,0.1620962691740644,1.7830589609147083,11.0,0.9999999999999993,1.0000000000000016,6.169173449181403,8.058267851163524e-15,10.0,10,logcosh,1.0,stepsize_pilot
manuscript-pilot,D,pilot_logcosh_d10_k10_rho1_fb-gvi,FB--GVI,2500492809,55,0.280416974962791,5.952529977275738,0.0,nan,1.0451611199443179e-14,3.6712155991127735e-08,6.660195718378165e-09,0.9999999982029099,1.0000000040739672,0.9999999982029097,1.0000000040739665,2.000000006479389,1.3474328305385358e-15,1.3563927148352397e-15,0.0818515379796736,0.029416779812891036,,nan,nan,nan,nan,nan,nan,nan,nan,55,55,55,55,55,0,55,55,0,0,0,1,False,False,0.5,0,nan,nan,nan,nan,0.16209626917406456,1.7830589609147085,0.1620962691740644,1.7830589609147083,11.0,0.9999999999999993,1.0000000000000016,6.169173449181403,4.183910961512322e-15,10.0,10,logcosh,1.0,stepsize_pilot
manuscript-pilot,D,pilot_logcosh_d10_k10_rho1_fb-gvi,FB--GVI,2500492809,56,0.280416974962791,5.952529977275739,8.881784197001252e-16,nan,7.805196167810077e-15,2.6453143673466795e-08,4.8061860040724044e-09,0.9999999986956891,1.0000000029431029,0.9999999986956899,1.000000002943103,2.000000004666317,6.99588321096095e-16,7.042542388649076e-16,0.08330626803217456,0.0299456698121503,,nan,nan,nan,nan,nan,nan,nan,nan,56,56,56,56,56,0,56,56,0,0,0,1,False,False,0.5,0,nan,nan,nan,nan,0.16209626917406456,1.7830589609147085,0.1620962691740644,1.7830589609147083,11.0,0.9999999999999993,1.0000000000000016,6.169173449181403,2.172333275939423e-15,10.0,10,logcosh,1.0,stepsize_pilot
manuscript-pilot,D,pilot_logcosh_d10_k10_rho1_fb-gvi,FB--GVI,2500492809,57,0.280416974962791,5.952529977275738,0.0,nan,1.124350833819733e-14,1.906102559860819e-08,3.4682952162271923e-09,0.999999999053592,1.0000000021261473,0.9999999990535915,1.0000000021261466,2.0000000033608556,3.632295488462306e-16,3.656594497074365e-16,0.08477074798429385,0.03048391977790743,,nan,nan,nan,nan,nan,nan,nan,nan,57,57,57,57,57,0,57,57,0,0,0,1,False,False,0.5,0,nan,nan,nan,nan,0.16209626917406456,1.7830589609147085,0.1620962691740644,1.7830589609147083,11.0,0.9999999999999993,1.0000000000000016,6.169173449181403,1.1279082842887e-15,10.0,10,logcosh,1.0,stepsize_pilot
manuscript-pilot,D,pilot_logcosh_d10_k10_rho1_fb-gvi,FB--GVI,2500492809,58,0.280416974962791,5.952529977275739,8.881784197001252e-16,nan,1.5953806889937912e-14,1.3734625595941453e-08,2.50283614575666e-09,0.9999999993134564,1.0000000015359662,0.9999999993134561,1.000000001535966,2.000000002420788,1.88591895680809e-16,1.8985737737908902e-16,0.08622598799411207,0.031005709781311452,,nan,nan,nan,nan,nan,nan,nan,nan,58,58,58,58,58,0,58,58,0,0,0,1,False,False,0.5,0,nan,nan,nan,nan,0.16209626917406456,1.7830589609147085,0.1620962691740644,1.7830589609147083,11.0,0.9999999999999993,1.0000000000000016,6.169173449181403,5.85631545829145e-16,10.0,10,logcosh,1.0,stepsize_pilot
manuscript-pilot,D,pilot_logcosh_d10_k10_rho1_fb-gvi,FB--GVI,2500492809,59,0.280416974962791,5.952529977275737,-8.881784197001252e-16,nan,1.1644263484938956e-14,9.896667562231669e-09,1.8061294396659237e-09,0.999999999502083,1.000000001109609,0.999999999502083,1.000000001109609,2.0000000017437825,9.79192671622387e-17,9.857835110323676e-17,0.0877063880325295,0.0315674397861585,,nan,nan,nan,nan,nan,nan,nan,nan,59,59,59,59,59,0,59,59,0,0,0,1,False,False,0.5,0,nan,nan,nan,nan,0.16209626917406456,1.7830589609147085,0.1620962691740644,1.7830589609147083,11.0,0.9999999999999993,1.0000000000000016,6.169173449181403,3.040734731450853e-16,10.0,10,logcosh,1.0,stepsize_pilot
manuscript-pilot,D,pilot_logcosh_d10_k10_rho1_fb-gvi,FB--GVI,2500492809,60,0.280416974962791,5.952529977275739,8.881784197001252e-16,nan,6.934236796406871e-15,7.1312021238288535e-09,1.3033614297459032e-09,0.9999999996389644,1.0000000008016023,0.9999999996389641,1.000000000801601,2.0000000012561836,5.084129380738007e-17,5.1184572894143526e-17,0.08915759803494439,0.03208880976308137,,nan,nan,nan,nan,nan,nan,nan,nan,60,60,60,60,60,0,60,60,0,0,0,1,False,False,0.5,0,nan,nan,nan,nan,0.16209626917406456,1.7830589609147085,0.1620962691740644,1.7830589609147083,11.0,0.9999999999999993,1.0000000000000016,6.169173449181403,1.578832540531202e-16,10.0,10,logcosh,1.0,stepsize_pilot
manuscript-pilot,D,pilot_logcosh_d10_k10_rho1_fb-gvi,FB--GVI,2500492809,61,0.280416974962791,5.952529977275738,0.0,nan,7.797965569257874e-15,5.138520884629894e-09,9.40544674991597e-10,0.9999999997382698,1.0000000005790912,0.9999999997382693,1.0000000005790908,2.0000000009049756,2.639784187519074e-17,2.6576645876917928e-17,0.09061140700941905,0.032617978809867054,,nan,nan,nan,nan,nan,nan,nan,nan,61,61,61,61,61,0,61,61,0,0,0,1,False,False,0.5,0,nan,nan,nan,nan,0.16209626917406456,1.7830589609147085,0.1620962691740644,1.7830589609147083,11.0,0.9999999999999993,1.0000000000000016,6.169173449181403,8.197796905608925e-17,10.0,10,logcosh,1.0,stepsize_pilot
manuscript-pilot,D,pilot_logcosh_d10_k10_rho1_fb-gvi,FB--GVI,2500492809,62,0.280416974962791,5.952529977275738,0.0,nan,0.0,3.70267105267576e-09,6.787234047100855e-10,0.9999999998102967,1.0000000004183456,0.9999999998102961,1.0000000004183454,2.000000000651992,1.3706409197795292e-17,1.3799552120505627e-17,0.0920585070271045,0.033151278796140105,,nan,nan,nan,nan,nan,nan,nan,nan,62,62,62,62,62,0,62,62,0,0,0,1,False,False,0.5,0,nan,nan,nan,nan,0.16209626917406456,1.7830589609147085,0.1620962691740644,1.7830589609147083,11.0,0.9999999999999993,1.0000000000000016,6.169173449181403,4.256591527620912e-17,10.0,10,logcosh,1.0,stepsize_pilot
manuscript-pilot,D,pilot_logcosh_d10_k10_rho1_fb-gvi,FB--GVI,2500492809,63,0.280416974962791,5.952529977275738,0.0,nan,4.225965977984093e-15,2.6680488017459398e-09,4.89782974207493e-10,0.999999999862528,1.0000000003022198,0.9999999998625285,1.00000000030222,2.000000000469749,7.11676390241743e-18,7.165289063819079e-18,0.0935068569961004,0.03368902881629765,,nan,nan,nan,nan,nan,nan,nan,nan,63,63,63,63,63,0,63,63,0,0,0,1,False,False,0.5,0,nan,nan,nan,nan,0.16209626917406456,1.7830589609147085,0.1620962691740644,1.7830589609147083,11.0,0.9999999999999993,1.0000000000000016,6.169173449181403,2.210195552411127e-17,10.0,10,logcosh,1.0,stepsize_pilot
manuscript-pilot,D,pilot_logcosh_d10_k10_rho1_fb-gvi,FB--GVI,2500492809,64,0.280416974962791,5.952529977275738,0.0,nan,1.3548417037634521e-14,1.9225340588947455e-09,3.5343789661313315e-10,0.9999999999003958,1.0000000002183291,0.9999999999003957,1.0000000002183285,2.000000000338461,3.695261359350983e-18,3.720545995784938e-18,0.09497007698519155,0.03422262880485505,,nan,nan,nan,nan,nan,nan,nan,nan,64,64,64,64,64,0,64,64,0,0,0,1,False,False,0.5,0,nan,nan,nan,nan,0.16209626917406456,1.7830589609147085,0.1620962691740644,1.7830589609147083,11.0,0.9999999999999993,1.0000000000000016,6.169173449181403,1.1476346786827311e-17,10.0,10,logcosh,1.0,stepsize_pilot
manuscript-pilot,D,pilot_logcosh_d10_k10_rho1_fb-gvi,FB--GVI,2500492809,65,0.280416974962791,5.952529977275738,0.0,nan,7.107346520827921e-15,1.3853386686722888e-09,2.5504693166315673e-10,0.9999999999278465,1.0000000001577265,0.9999999999278463,1.000000000157726,2.000000000243874,1.918720264685499e-18,1.9318977958884726e-18,0.09641367703443393,0.03474157879827544,,nan,nan,nan,nan,nan,nan,nan,nan,65,65,65,65,65,0,65,65,0,0,0,1,False,False,0.5,0,nan,nan,nan,nan,0.16209626917406456,1.7830589609147085,0.1620962691740644,1.7830589609147083,11.0,0.9999999999999993,1.0000000000000016,6.169173449181403,5.95910629446362e-18,10.0,10,logcosh,1.0,stepsize_pilot
manuscript-pilot,D,pilot_logcosh_d10_k10_rho1_fb-gvi,FB--GVI,2500492809,66,0.280416974962791,5.952529977275738,0.0,nan,1.065913754042021e-14,9.982504789416226e-10,1.8404398904410278e-10,0.9999999999477396,1.000000000113944,0.9999999999477397,1.0000000001139435,2.0000000001757243,9.962820927937895e-19,1.0031519835555515e-18,0.09792040701722726,0.0353175587952137,,nan,nan,nan,nan,nan,nan,nan,nan,66,66,66,66,66,0,66,66,0,0,0,1,False,False,0.5,0,nan,nan,nan,nan,0.16209626917406456,1.7830589609147085,0.1620962691740644,1.7830589609147083,11.0,0.9999999999999993,1.0000000000000016,6.169173449181403,3.094309291222284e-18,10.0,10,logcosh,1.0,stepsize_pilot
manuscript-pilot,D,pilot_logcosh_d10_k10_rho1_fb-gvi,FB--GVI,2500492809,67,0.280416974962791,5.952529977275739,8.881784197001252e-16,nan,0.0,7.193243373341511e-10,1.328066660085352e-10,0.9999999999621527,1.0000000000823144,0.9999999999621527,1.0000000000823135,2.000000000126624,5.173181620682957e-19,5.209010890008841e-19,0.09940659702988341,0.035849698819220066,,nan,nan,nan,nan,nan,nan,nan,nan,67,67,67,67,67,0,67,67,0,0,0,1,False,False,0.5,0,nan,nan,nan,nan,0.16209626917406456,1.7830589609147085,0.1620962691740644,1.7830589609147083,11.0,0.9999999999999993,1.0000000000000016,6.169173449181403,1.6067645839569666e-18,10.0,10,logcosh,1.0,stepsize_pilot
manuscript-pilot,D,pilot_logcosh_d10_k10_rho1_fb-gvi,FB--GVI,2500492809,68,0.280416974962791,5.952529977275738,0.0,nan,9.770231289220326e-15,5.183362990844196e-10,9.583345848634401e-11,0.9999999999725951,1.0000000000594653,0.9999999999725947,1.0000000000594653,2.0000000000912457,2.6861970911807514e-19,2.7048967976557305e-19,0.10086585703538731,0.036381928774062544,,nan,nan,nan,nan,nan,nan,nan,nan,68,68,68,68,68,0,68,68,0,0,0,1,False,False,0.5,0,nan,nan,nan,nan,0.16209626917406456,1.7830589609147085,0.1620962691740644,1.7830589609147083,11.0,0.9999999999999993,1.0000000000000016,6.169173449181403,8.343488753436768e-19,10.0,10,logcosh,1.0,stepsize_pilot
manuscript-pilot,D,pilot_logcosh_d10_k10_rho1_fb-gvi,FB--GVI,2500492809,69,0.280416974962791,5.952529977275738,0.0,nan,2.2204600000881036e-14,3.7350820326227815e-10,6.915255279419268e-11,0.999999999980158,1.0000000000429585,0.9999999999801575,1.0000000000429579,2.0000000000657536,1.3948401739024777e-19,1.4046061402869712e-19,0.1023328669834882,0.03691465879091993,,nan,nan,nan,nan,nan,nan,nan,nan,69,69,69,69,69,0,69,69,0,0,0,1,False,False,0.5,0,nan,nan,nan,nan,0.16209626917406456,1.7830589609147085,0.1620962691740644,1.7830589609147083,11.0,0.9999999999999993,1.0000000000000016,6.169173449181403,4.332629453607776e-19,10.0,10,logcosh,1.0,stepsize_pilot
manuscript-pilot,D,pilot_logcosh_d10_k10_rho1_fb-gvi,FB--GVI,2500492809,70,0.280416974962791,5.952529977275739,8.881784197001252e-16,nan,1.8651819254067847e-14,2.6914747856051216e-10,4.990063209989271e-11,0.9999999999856362,1.0000000000310345,0.9999999999856366,1.000000000031035,2.0000000000473857,7.242994331194579e-20,7.294058179868896e-20,0.10378300701268017,0.03744730877224356,,nan,nan,nan,nan,nan,nan,nan,nan,70,70,70,70,70,0,70,70,0,0,0,1,False,False,0.5,0,nan,nan,nan,nan,0.16209626917406456,1.7830589609147085,0.1620962691740644,1.7830589609147083,11.0,0.9999999999999993,1.0000000000000016,6.169173449181403,2.2499155030015814e-19,10.0,10,logcosh,1.0,stepsize_pilot
manuscript-pilot,D,pilot_logcosh_d10_k10_rho1_fb-gvi,FB--GVI,2500492809,71,0.280416974962791,5.952529977275737,-8.881784197001252e-16,nan,4.6629743187149654e-15,1.939466145827699e-10,3.6007964556474985e-11,0.9999999999896038,1.0000000000224203,0.9999999999896038,1.0000000000224198,2.0000000000341487,3.761137298721471e-20,3.7878916431469084e-20,0.10523242701310664,0.03797466878313571,,nan,nan,nan,nan,nan,nan,nan,nan,71,71,71,71,71,0,71,71,0,0,0,1,False,False,0.5,0,nan,nan,nan,nan,0.16209626917406456,1.7830589609147085,0.1620962691740644,1.7830589609147083,11.0,0.9999999999999993,1.0000000000000016,6.169173449181403,1.1684080276639013e-19,10.0,10,logcosh,1.0,stepsize_pilot
manuscript-pilot,D,pilot_logcosh_d10_k10_rho1_fb-gvi,FB--GVI,2500492809,72,0.280416974962791,5.952529977275738,0.0,nan,8.881803729222328e-15,1.3975772277739867e-10,2.598208936071945e-11,0.9999999999924748,1.0000000000161953,0.9999999999924752,1.0000000000161953,2.0000000000246096,1.953137250504585e-20,1.967180931000074e-20,0.10670971701620147,0.0385184787446633,,nan,nan,nan,nan,nan,nan,nan,nan,72,72,72,72,72,0,72,72,0,0,0,1,False,False,0.5,0,nan,nan,nan,nan,0.16209626917406456,1.7830589609147085,0.1620962691740644,1.7830589609147083,11.0,0.9999999999999993,1.0000000000000016,6.169173449181403,6.067940184630806e-20,10.0,10,logcosh,1.0,stepsize_pilot
manuscript-pilot,D,pilot_logcosh_d10_k10_rho1_fb-gvi,FB--GVI,2500492809,73,0.280416974962791,5.952529977275737,-8.881784197001252e-16,nan,4.6629468458558134e-15,1.0070963288711088e-10,1.874777221684692e-11,0.9999999999945549,1.0000000000116989,0.9999999999945547,1.000000000011699,2.000000000017736,1.0142864573158604e-20,1.0216830135645358e-20,0.10816816700389609,0.039046638761647046,,nan,nan,nan,nan,nan,nan,nan,nan,73,73,73,73,73,0,73,73,0,0,0,1,False,False,0.5,0,nan,nan,nan,nan,0.16209626917406456,1.7830589609147085,0.1620962691740644,1.7830589609147083,11.0,0.9999999999999993,1.0000000000000016,6.169173449181403,3.151469860380989e-20,10.0,10,logcosh,1.0,stepsize_pilot
manuscript-pilot,D,pilot_logcosh_d10_k10_rho1_fb-gvi,FB--GVI,2500492809,74,0.280416974962791,5.952529977275737,-8.881784197001252e-16,nan,9.54792327843746e-15,7.25717652600587e-11,1.352789953275919e-11,0.9999999999960606,1.0000000000084523,0.9999999999960596,1.000000000008451,2.0000000000127836,5.267512939349211e-21,5.3066755467741395e-21,0.10964304703520611,0.039592948742210865,,nan,nan,nan,nan,nan,nan,nan,nan,74,74,74,74,74,0,74,74,0,0,0,1,False,False,0.5,0,nan,nan,nan,nan,0.16209626917406456,1.7830589609147085,0.1620962691740644,1.7830589609147083,11.0,0.9999999999999993,1.0000000000000016,6.169173449181403,1.6368900943289614e-20,10.0,10,logcosh,1.0,stepsize_pilot
manuscript-pilot,D,pilot_logcosh_d10_k10_rho1_fb-gvi,FB--GVI,2500492809,75,0.280416974962791,5.952529977275737,-8.881784197001252e-16,nan,1.1990411400793614e-14,5.229571611010207e-11,9.76124611925859e-12,0.9999999999971497,1.0000000000061056,0.9999999999971493,1.000000000006106,2.000000000009213,2.735744583013084e-21,2.7566177069416346e-21,0.11110608698800206,0.04013245872920379,,nan,nan,nan,nan,nan,nan,nan,nan,75,75,75,75,75,0,75,75,0,0,0,1,False,False,0.5,0,nan,nan,nan,nan,0.16209626917406456,1.7830589609147085,0.1620962691740644,1.7830589609147083,11.0,0.9999999999999993,1.0000000000000016,6.169173449181403,8.503026383603827e-21,10.0,10,logcosh,1.0,stepsize_pilot
manuscript-pilot,D,pilot_logcosh_d10_k10_rho1_fb-gvi,FB--GVI,2500492809,76,0.280416974962791,5.952529977275739,8.881784197001252e-16,nan,3.330670494020737e-15,3.768481481304992e-11,7.042500644045498e-12,0.9999999999979392,1.0000000000044114,0.9999999999979388,1.00000000000441,2.000000000006638,1.420991040502806e-21,1.43221154049323e-21,0.11256884702015668,0.04067071876488626,,nan,nan,nan,nan,nan,nan,nan,nan,76,76,76,76,76,0,76,76,0,0,0,1,False,False,0.5,0,nan,nan,nan,nan,0.16209626917406456,1.7830589609147085,0.1620962691740644,1.7830589609147083,11.0,0.9999999999999993,1.0000000000000016,6.169173449181403,4.417780704611016e-21,10.0,10,logcosh,1.0,stepsize_pilot
manuscript-pilot,D,pilot_logcosh_d10_k10_rho1_fb-gvi,FB--GVI,2500492809,77,0.280416974962791,5.952529977275738,0.0,nan,9.325874144305702e-15,2.7156111406444652e-11,5.0813273501740704e-12,0.9999999999985065,1.0000000000031857,0.999999999998506,1.0000000000031852,2.0000000000047837,7.381723596369314e-22,7.442957429450826e-22,0.11401423701317981,0.04119903879472986,,nan,nan,nan,nan,nan,nan,nan,nan,77,77,77,77,77,0,77,77,0,0,0,1,False,False,0.5,0,nan,nan,nan,nan,0.16209626917406456,1.7830589609147085,0.1620962691740644,1.7830589609147083,11.0,0.9999999999999993,1.0000000000000016,6.169173449181403,2.2958447678577752e-21,10.0,10,logcosh,1.0,stepsize_pilot
manuscript-pilot,D,pilot_logcosh_d10_k10_rho1_fb-gvi,FB--GVI,2500492809,78,0.280416974962791,5.952529977275738,0.0,nan,9.103829184876018e-15,1.9569101528883455e-11,3.666439076980946e-12,0.9999999999989196,1.0000000000023004,0.9999999999989198,1.0000000000023006,2.000000000003446,3.835474638320325e-22,3.869584190434167e-22,0.11547027702908963,0.04173007875215262,,nan,nan,nan,nan,nan,nan,nan,nan,78,78,78,78,78,0,78,78,0,0,0,1,False,False,0.5,0,nan,nan,nan,nan,0.16209626917406456,1.7830589609147085,0.1620962691740644,1.7830589609147083,11.0,0.9999999999999993,1.0000000000000016,6.169173449181403,1.193606802349929e-21,10.0,10,logcosh,1.0,stepsize_pilot
manuscript-pilot,D,pilot_logcosh_d10_k10_rho1_fb-gvi,FB--GVI,2500492809,79,0.280416974962791,5.952529977275738,0.0,nan,1.332267828411736e-15,1.410182783489891e-11,2.6453476012409245e-12,0.9999999999992188,1.0000000000016618,0.999999999999218,1.0000000000016607,2.0000000000024847,1.993465472346804e-22,2.0130417934821894e-22,0.11690859700320289,0.04225954873254523,,nan,nan,nan,nan,nan,nan,nan,nan,79,79,79,79,79,0,79,79,0,0,0,1,False,False,0.5,0,nan,nan,nan,nan,0.16209626917406456,1.7830589609147085,0.1620962691740644,1.7830589609147083,11.0,0.9999999999999993,1.0000000000000016,6.169173449181403,6.209401992221419e-22,10.0,10,logcosh,1.0,stepsize_pilot
manuscript-pilot,D,pilot_logcosh_d10_k10_rho1_fb-gvi,FB--GVI,2500492809,80,0.280416974962791,5.952529977275738,0.0,nan,2.220446152517881e-15,1.0162065135078938e-11,1.9074458791651044e-12,0.9999999999994353,1.0000000000012,0.9999999999994357,1.0000000000011997,2.00000000000179,1.0367074904018321e-22,1.0483461876726654e-22,0.11838328698650002,0.04279013868654147,,nan,nan,nan,nan,nan,nan,nan,nan,80,80,80,80,80,0,80,80,0,0,0,1,False,False,0.5,0,nan,nan,nan,nan,0.16209626917406456,1.7830589609147085,0.1620962691740644,1.7830589609147083,11.0,0.9999999999999993,1.0000000000000016,6.169173449181403,3.233714733270376e-22,10.0,10,logcosh,1.0,stepsize_pilot
manuscript-pilot,D,pilot_logcosh_d10_k10_rho1_fb-gvi,FB--GVI,2500492809,81,0.280416974962791,5.952529977275736,-1.7763568394002505e-15,nan,1.2434497929428358e-14,7.323018795700265e-12,1.3744824402669286e-12,0.9999999999995919,1.0000000000008653,0.9999999999995914,1.0000000000008649,2.000000000001289,5.396092583150089e-23,5.469138314622777e-23,0.11988803703570738,0.04336930869612843,,nan,nan,nan,nan,nan,nan,nan,nan,81,81,81,81,81,0,81,81,0,0,0,1,False,False,0.5,0,nan,nan,nan,nan,0.16209626917406456,1.7830589609147085,0.1620962691740644,1.7830589609147083,11.0,0.9999999999999993,1.0000000000000016,6.169173449181403,1.6870031440235783e-22,10.0,10,logcosh,1.0,stepsize_pilot
manuscript-pilot,D,pilot_logcosh_d10_k10_rho1_fb-gvi,FB--GVI,2500492809,82,0.280416974962791,5.952529977275738,0.0,nan,5.551115150974198e-15,5.277159774644182e-12,9.91573542826894e-13,0.9999999999997049,1.0000000000006264,0.9999999999997042,1.0000000000006253,2.000000000000929,2.813456141136139e-23,2.8623546755340225e-23,0.1216489170328714,0.044001008674968034,,nan,nan,nan,nan,nan,nan,nan,nan,82,82,82,82,82,0,82,82,0,0,0,1,False,False,0.5,0,nan,nan,nan,nan,0.16209626917406456,1.7830589609147085,0.1620962691740644,1.7830589609147083,11.0,0.9999999999999993,1.0000000000000016,6.169173449181403,8.829181233222371e-23,10.0,10,logcosh,1.0,stepsize_pilot
manuscript-pilot,D,pilot_logcosh_d10_k10_rho1_fb-gvi,FB--GVI,2500492809,83,0.280416974962791,5.952529977275738,0.0,nan,1.1990408680413398e-14,3.802855232317608e-12,7.150626495046751e-13,0.9999999999997867,1.0000000000004516,0.9999999999997864,1.0000000000004514,2.0000000000006692,1.470780426632446e-23,1.5063693264893087e-23,0.12322655698517337,0.04456431866856292,,nan,nan,nan,nan,nan,nan,nan,nan,83,83,83,83,83,0,83,83,0,0,0,1,False,False,0.5,0,nan,nan,nan,nan,0.16209626917406456,1.7830589609147085,0.1620962691740644,1.7830589609147083,11.0,0.9999999999999993,1.0000000000000016,6.169173449181403,4.646526826819558e-23,10.0,10,logcosh,1.0,stepsize_pilot
manuscript-pilot,D,pilot_logcosh_d10_k10_rho1_fb-gvi,FB--GVI,2500492809,84,0.280416974962791,5.952529977275736,-1.7763568394002505e-15,nan,9.325873414361211e-15,2.7404188517519377e-12,5.173892772864405e-13,0.9999999999998467,1.0000000000003277,0.9999999999998469,1.0000000000003277,2.0000000000004836,7.734637663015903e-24,8.008459678453436e-24,0.12482894601998851,0.045138188637793064,,nan,nan,nan,nan,nan,nan,nan,nan,84,84,84,84,84,0,84,84,0,0,0,1,False,False,0.5,0,nan,nan,nan,nan,0.16209626917406456,1.7830589609147085,0.1620962691740644,1.7830589609147083,11.0,0.9999999999999993,1.0000000000000016,6.169173449181403,2.4702788408577387e-23,10.0,10,logcosh,1.0,stepsize_pilot
manuscript-pilot,D,pilot_logcosh_d10_k10_rho1_fb-gvi,FB--GVI,2500492809,85,0.280416974962791,5.952529977275737,-8.881784197001252e-16,nan,1.5543122383752254e-15,1.974843362619942e-12,3.7365563857853997e-13,0.9999999999998895,1.0000000000002376,0.9999999999998893,1.0000000000002374,2.00000000000035,4.100785225992612e-24,4.329644490163289e-24,0.12635248602600768,0.04567032866179943,,nan,nan,nan,nan,nan,nan,nan,nan,85,85,85,85,85,0,85,85,0,0,0,1,False,False,0.5,0,nan,nan,nan,nan,0.16209626917406456,1.7830589609147085,0.1620962691740644,1.7830589609147083,11.0,0.9999999999999993,1.0000000000000016,6.169173449181403,1.335516391655496e-23,10.0,10,logcosh,1.0,stepsize_pilot
manuscript-pilot,D,pilot_logcosh_d10_k10_rho1_fb-gvi,FB--GVI,2500492809,86,0.280416974962791,5.952529977275738,0.0,nan,4.218847495600914e-15,1.4231369383173035e-12,2.6933793875773813e-13,0.9999999999999196,1.0000000000001714,0.9999999999999183,1.0000000000001703,2.0000000000002505,2.210805288652258e-24,2.4086129919429656e-24,0.12810521601932123,0.04629082867177203,,nan,nan,nan,nan,nan,nan,nan,nan,86,86,86,86,86,0,86,86,0,0,0,1,False,False,0.5,0,nan,nan,nan,nan,0.16209626917406456,1.7830589609147085,0.1620962691740644,1.7830589609147083,11.0,0.9999999999999993,1.0000000000000016,6.169173449181403,7.429575659623962e-24,10.0,10,logcosh,1.0,stepsize_pilot
manuscript-pilot,D,pilot_logcosh_d10_k10_rho1_fb-gvi,FB--GVI,2500492809,87,0.280416974962791,5.952529977275738,0.0,nan,1.332267629655363e-14,1.0255496551263733e-12,1.9488662328676985e-13,0.9999999999999417,1.000000000000123,0.9999999999999425,1.000000000000124,2.0000000000001807,1.2250859155633268e-24,1.4066235079588656e-24,0.12982508598361164,0.04690280871000141,,nan,nan,nan,nan,nan,nan,nan,nan,87,87,87,87,87,0,87,87,0,0,0,1,False,False,0.5,0,nan,nan,nan,nan,0.16209626917406456,1.7830589609147085,0.1620962691740644,1.7830589609147083,11.0,0.9999999999999993,1.0000000000000016,6.169173449181403,4.33885219914712e-24,10.0,10,logcosh,1.0,stepsize_pilot
manuscript-pilot,D,pilot_logcosh_d10_k10_rho1_fb-gvi,FB--GVI,2500492809,88,0.280416974962791,5.952529977275738,0.0,nan,1.1546319456647838e-14,7.390608431108084e-13,1.392092206821429e-13,0.999999999999958,1.0000000000000884,0.9999999999999578,1.0000000000000873,2.0000000000001306,7.111065305878288e-25,8.79063930377455e-25,0.13157569599570706,0.04755376873072237,,nan,nan,nan,nan,nan,nan,nan,nan,88,88,88,88,88,0,88,88,0,0,0,1,False,False,0.5,0,nan,nan,nan,nan,0.16209626917406456,1.7830589609147085,0.1620962691740644,1.7830589609147083,11.0,0.9999999999999993,1.0000000000000016,6.169173449181403,2.7115489297088225e-24,10.0,10,logcosh,1.0,stepsize_pilot
manuscript-pilot,D,pilot_logcosh_d10_k10_rho1_fb-gvi,FB--GVI,2500492809,89,0.280416974962791,5.952529977275738,0.0,nan,3.996802888934187e-15,5.32562430993802e-13,9.968406941514765e-14,0.9999999999999698,1.0000000000000633,0.9999999999999694,1.0000000000000626,2.00000000000009,4.424840391758438e-25,6.024554676196173e-25,0.13316137599758804,0.04810043872566894,,nan,nan,nan,nan,nan,nan,nan,nan,89,89,89,89,89,0,89,89,0,0,0,1,False,False,0.5,0,nan,nan,nan,nan,0.16209626917406456,1.7830589609147085,0.1620962691740644,1.7830589609147083,11.0,0.9999999999999993,1.0000000000000016,6.169173449181403,1.858326137576555e-24,10.0,10,logcosh,1.0,stepsize_pilot
manuscript-pilot,D,pilot_logcosh_d10_k10_rho1_fb-gvi,FB--GVI,2500492809,90,0.280416974962791,5.952529977275738,0.0,nan,5.995204333123125e-15,3.8377036511013384e-13,7.289100290080731e-14,0.9999999999999787,1.0000000000000455,0.9999999999999779,1.0000000000000444,2.000000000000066,3.0198949694659337e-25,4.564538437243226e-25,0.13468843599548563,0.04863819875754416,,nan,nan,nan,nan,nan,nan,nan,nan,90,90,90,90,90,0,90,90,0,0,0,1,False,False,0.5,0,nan,nan,nan,nan,0.16209626917406456,1.7830589609147085,0.1620962691740644,1.7830589609147083,11.0,0.9999999999999993,1.0000000000000016,6.169173449181403,1.4079714667404444e-24,10.0,10,logcosh,1.0,stepsize_pilot
manuscript-pilot,D,pilot_logcosh_d10_k10_rho1_fb-gvi,FB--GVI,2500492809,91,0.280416974962791,5.952529977275737,-8.881784197001252e-16,nan,0.0,2.765389780040535e-13,5.357292003788265e-14,0.9999999999999845,1.0000000000000326,0.999999999999984,1.0000000000000324,2.000000000000046,2.287221727649019e-25,3.8036468729531975e-25,0.1362287460360676,0.04920895880786702,,nan,nan,nan,nan,nan,nan,nan,nan,91,91,91,91,91,0,91,91,0,0,0,1,False,False,0.5,0,nan,nan,nan,nan,0.16209626917406456,1.7830589609147085,0.1620962691740644,1.7830589609147083,11.0,0.9999999999999993,1.0000000000000016,6.169173449181403,1.1732678649342369e-24,10.0,10,logcosh,1.0,stepsize_pilot
manuscript-pilot,D,pilot_logcosh_d10_k10_rho1_fb-gvi,FB--GVI,2500492809,92,0.280416974962791,5.952529977275737,-8.881784197001252e-16,nan,7.105427357640707e-15,1.9926169179119844e-13,4.005924630409584e-14,0.999999999999986,1.0000000000000249,0.9999999999999862,1.0000000000000242,2.0000000000000333,1.8911201722823974e-25,3.3983163537379445e-25,0.13773899601073936,0.04979966883547604,,nan,nan,nan,nan,nan,nan,nan,nan,92,92,92,92,92,0,92,92,0,0,0,1,False,False,0.5,0,nan,nan,nan,nan,0.16209626917406456,1.7830589609147085,0.1620962691740644,1.7830589609147083,11.0,0.9999999999999993,1.0000000000000016,6.169173449181403,1.0482401510699542e-24,10.0,10,logcosh,1.0,stepsize_pilot
manuscript-pilot,D,pilot_logcosh_d10_k10_rho1_fb-gvi,FB--GVI,2500492809,93,0.280416974962791,5.952529977275739,8.881784197001252e-16,nan,4.218847493596214e-15,1.4359388237453335e-13,3.023377700279176e-14,0.9999999999999856,1.0000000000000175,0.9999999999999858,1.0000000000000173,2.0000000000000226,1.6895106716085657e-25,3.173597372796933e-25,0.1392631659982726,0.05032458883943036,,nan,nan,nan,nan,nan,nan,nan,nan,93,93,93,93,93,0,93,93,0,0,0,1,False,False,0.5,0,nan,nan,nan,nan,0.16209626917406456,1.7830589609147085,0.1620962691740644,1.7830589609147083,11.0,0.9999999999999993,1.0000000000000016,6.169173449181403,9.789236325325348e-25,10.0,10,logcosh,1.0,stepsize_pilot
manuscript-pilot,D,pilot_logcosh_d10_k10_rho1_fb-gvi,FB--GVI,2500492809,94,0.280416974962791,5.952529977275738,0.0,nan,0.0,1.0344118239197196e-13,2.4258533652966726e-14,0.9999999999999855,1.0000000000000129,0.999999999999985,1.0000000000000122,2.000000000000016,1.5789052440985156e-25,3.0425635995084903e-25,0.14079716597916558,0.050852368876803666,,nan,nan,nan,nan,nan,nan,nan,nan,94,94,94,94,94,0,94,94,0,0,0,1,False,False,0.5,0,nan,nan,nan,nan,0.16209626917406456,1.7830589609147085,0.1620962691740644,1.7830589609147083,11.0,0.9999999999999993,1.0000000000000016,6.169173449181403,9.38505128776679e-25,10.0,10,logcosh,1.0,stepsize_pilot
manuscript-pilot,D,pilot_logcosh_d10_k10_rho1_fb-gvi,FB--GVI,2500492809,95,0.280416974962791,5.952529977275739,8.881784197001252e-16,nan,1.1990408665957244e-14,7.451738092619275e-14,1.9663668190646098e-14,0.999999999999985,1.0000000000000095,0.9999999999999851,1.0000000000000087,2.000000000000013,1.5206151600399795e-25,2.9807693282215007e-25,0.14223485602997243,0.051374528848100454,,nan,nan,nan,nan,nan,nan,nan,nan,95,95,95,95,95,0,95,95,0,0,0,1,False,False,0.5,0,nan,nan,nan,nan,0.16209626917406456,1.7830589609147085,0.1620962691740644,1.7830589609147083,11.0,0.9999999999999993,1.0000000000000016,6.169173449181403,9.194441498899186e-25,10.0,10,logcosh,1.0,stepsize_pilot
manuscript-pilot,D,pilot_logcosh_d10_k10_rho1_fb-gvi,FB--GVI,2500492809,96,0.280416974962791,5.952529977275738,0.0,nan,1.176836406102954e-14,5.366845627232256e-14,1.721435923704975e-14,0.999999999999985,1.000000000000006,0.9999999999999851,1.0000000000000062,2.0000000000000067,1.4836547254910217e-25,2.9370843284448757e-25,0.1436836959910579,0.051906518812756985,,nan,nan,nan,nan,nan,nan,nan,nan,96,96,96,96,96,0,96,96,0,0,0,1,False,False,0.5,0,nan,nan,nan,nan,0.16209626917406456,1.7830589609147085,0.1620962691740644,1.7830589609147083,11.0,0.9999999999999993,1.0000000000000016,6.169173449181403,9.05969132852446e-25,10.0,10,logcosh,1.0,stepsize_pilot
manuscript-pilot,D,pilot_logcosh_d10_k10_rho1_fb-gvi,FB--GVI,2500492809,97,0.280416974962791,5.952529977275737,-8.881784197001252e-16,nan,1.1102230246253061e-14,3.866723765406833e-14,1.7055418151986533e-14,0.9999999999999848,1.0000000000000047,0.9999999999999845,1.000000000000004,2.000000000000003,1.459731059664582e-25,2.907336280748285e-25,0.14512344601098448,0.05242988880490884,,nan,nan,nan,nan,nan,nan,nan,nan,97,97,97,97,97,0,97,97,0,0,0,1,False,False,0.5,0,nan,nan,nan,nan,0.16209626917406456,1.7830589609147085,0.1620962691740644,1.7830589609147083,11.0,0.9999999999999993,1.0000000000000016,6.169173449181403,8.967930895517065e-25,10.0,10,logcosh,1.0,stepsize_pilot
manuscript-pilot,D,pilot_logcosh_d10_k10_rho1_fb-gvi,FB--GVI,2500492809,98,0.280416974962791,5.952529977275738,0.0,nan,1.5543122344759938e-15,2.783354600288541e-14,1.6308705789577855e-14,0.9999999999999853,1.0000000000000038,0.9999999999999851,1.0000000000000036,2.0000000000000018,1.4562267733940987e-25,2.9076736233238403e-25,0.1465716860257089,0.052956238854676485,,nan,nan,nan,nan,nan,nan,nan,nan,98,98,98,98,98,0,98,98,0,0,0,1,False,False,0.5,0,nan,nan,nan,nan,0.16209626917406456,1.7830589609147085,0.1620962691740644,1.7830589609147083,11.0,0.9999999999999993,1.0000000000000016,6.169173449181403,8.968971457947263e-25,10.0,10,logcosh,1.0,stepsize_pilot
manuscript-pilot,D,pilot_logcosh_d10_k10_rho1_fb-gvi,FB--GVI,2500492809,99,0.280416974962791,5.952529977275738,0.0,nan,1.6431300764452718e-14,2.0042448222231984e-14,1.5243055663234915e-14,0.9999999999999856,1.0000000000000022,0.9999999999999855,1.0000000000000029,1.9999999999999964,1.4563034233570402e-25,2.902369406432611e-25,0.14801325602456927,0.05348786886315793,,nan,nan,nan,nan,nan,nan,nan,nan,99,99,99,99,99,0,99,99,0,0,0,1,False,False,0.5,0,nan,nan,nan,nan,0.16209626917406456,1.7830589609147085,0.1620962691740644,1.7830589609147083,11.0,0.9999999999999993,1.0000000000000016,6.169173449181403,8.952610140940227e-25,10.0,10,logcosh,1.0,stepsize_pilot
manuscript-pilot,D,pilot_logcosh_d10_k10_rho1_fb-gvi,FB--GVI,2500492809,100,0.280416974962791,5.952529977275737,-8.881784197001252e-16,nan,1.4210854715202212e-14,1.443404852867745e-14,1.6302854332721986e-14,0.9999999999999842,1.000000000000001,0.9999999999999847,1.0000000000000013,1.9999999999999882,1.4328618609242712e-25,2.883049277556908e-25,0.14946289599174634,0.05401924886973575,,nan,nan,nan,nan,nan,nan,nan,nan,100,100,100,100,100,0,100,100,0,0,0,1,False,False,0.5,0,nan,nan,nan,nan,0.16209626917406456,1.7830589609147085,0.1620962691740644,1.7830589609147083,11.0,0.9999999999999993,1.0000000000000016,6.169173449181403,8.83957334875881e-25,10.0,10,logcosh,1.0,stepsize_pilot
manuscript-pilot,D,pilot_logcosh_d10_k10_rho1_fb-gvi,FB--GVI,2500492809,101,0.280416974962791,5.952529977275737,-8.881784197001252e-16,nan,2.1982415887578207e-14,1.0357407339415267e-14,1.822833380223822e-14,0.9999999999999827,1.000000000000003,0.9999999999999827,1.000000000000002,1.99999999999998,1.4447094517672113e-25,2.8896750688666937e-25,0.15089888602960855,0.054547828854992986,,nan,nan,nan,nan,nan,nan,nan,nan,101,101,101,101,101,0,101,101,0,0,0,1,False,False,0.5,0,nan,nan,nan,nan,0.16209626917406456,1.7830589609147085,0.1620962691740644,1.7830589609147083,11.0,0.9999999999999993,1.0000000000000016,6.169173449181403,8.912663191623855e-25,10.0,10,logcosh,1.0,stepsize_pilot
manuscript-pilot,D,pilot_logcosh_d10_k10_rho1_fb-gvi,FB--GVI,2500492809,102,0.280416974962791,5.952529977275738,0.0,nan,0.0,7.436594241205694e-15,1.7609758503562073e-14,0.999999999999983,1.000000000000002,0.9999999999999828,1.0000000000000033,1.999999999999977,1.4430440127093167e-25,2.8928891406779384e-25,0.15232816600473598,0.055063268868252635,,nan,nan,nan,nan,nan,nan,nan,nan,102,102,102,102,102,0,102,102,0,0,0,1,False,False,0.5,0,nan,nan,nan,nan,0.16209626917406456,1.7830589609147085,0.1620962691740644,1.7830589609147083,11.0,0.9999999999999993,1.0000000000000016,6.169173449181403,8.90238880920666e-25,10.0,10,logcosh,1.0,stepsize_pilot
manuscript-pilot,D,pilot_logcosh_d10_k10_rho1_fb-gvi,FB--GVI,2500492809,103,0.280416974962791,5.952529977275737,-8.881784197001252e-16,nan,1.2434497875801782e-14,5.341654991978502e-15,1.71283509513237e-14,0.9999999999999836,1.0000000000000022,0.9999999999999838,1.000000000000002,1.9999999999999747,1.4502837427832045e-25,2.8910883185132002e-25,0.15377790603088215,0.05559619882842526,,nan,nan,nan,nan,nan,nan,nan,nan,103,103,103,103,103,0,103,103,0,0,0,1,False,False,0.5,0,nan,nan,nan,nan,0.16209626917406456,1.7830589609147085,0.1620962691740644,1.7830589609147083,11.0,0.9999999999999993,1.0000000000000016,6.169173449181403,8.917812646905071e-25,10.0,10,logcosh,1.0,stepsize_pilot
manuscript-pilot,D,pilot_logcosh_d10_k10_rho1_fb-gvi,FB--GVI,2500492809,104,0.280416974962791,5.952529977275738,0.0,nan,5.551115123125797e-15,3.807651248256946e-15,1.658231924052926e-14,0.9999999999999838,1.0000000000000027,0.999999999999983,1.000000000000003,1.9999999999999738,1.4387764284711875e-25,2.895460143767134e-25,0.15521342598367482,0.0561130388523452,,nan,nan,nan,nan,nan,nan,nan,nan,104,104,104,104,104,0,104,104,0,0,0,1,False,False,0.5,0,nan,nan,nan,nan,0.16209626917406456,1.7830589609147085,0.1620962691740644,1.7830589609147083,11.0,0.9999999999999993,1.0000000000000016,6.169173449181403,8.87606134183264e-25,10.0,10,logcosh,1.0,stepsize_pilot
manuscript-pilot,D,pilot_logcosh_d10_k10_rho1_fb-gvi,FB--GVI,2500492809,105,0.280416974962791,5.952529977275738,0.0,nan,6.439293542825916e-15,2.7389652184038e-15,1.5572706415687104e-14,0.9999999999999858,1.0000000000000024,0.9999999999999845,1.0000000000000029,1.9999999999999754,1.4369473951699598e-25,2.8901409225165743e-25,0.15665978600736707,0.056638428883161396,,nan,nan,nan,nan,nan,nan,nan,nan,105,105,105,105,105,0,105,105,0,0,0,1,False,False,0.5,0,nan,nan,nan,nan,0.16209626917406456,1.7830589609147085,0.1620962691740644,1.7830589609147083,11.0,0.9999999999999993,1.0000000000000016,6.169173449181403,8.86477771815302e-25,10.0,10,logcosh,1.0,stepsize_pilot
manuscript-pilot,D,pilot_logcosh_d10_k10_rho1_fb-gvi,FB--GVI,2500492809,106,0.280416974962791,5.952529977275737,-8.881784197001252e-16,nan,4.6629367034256614e-15,1.96977831600694e-15,1.6142866128929122e-14,0.9999999999999843,1.0000000000000024,0.999999999999985,1.000000000000003,1.9999999999999722,1.4474281299673908e-25,2.8930511702656218e-25,0.15809948497917503,0.05715750891249627,,nan,nan,nan,nan,nan,nan,nan,nan,106,106,106,106,106,0,106,106,0,0,0,1,False,False,0.5,0,nan,nan,nan,nan,0.16209626917406456,1.7830589609147085,0.1620962691740644,1.7830589609147083,11.0,0.9999999999999993,1.0000000000000016,6.169173449181403,8.923867233362931e-25,10.0,10,logcosh,1.0,stepsize_pilot
manuscript-pilot,D,pilot_logcosh_d10_k10_rho1_fb-gvi,FB--GVI,2500492809,107,0.280416974962791,5.952529977275738,0.0,nan,0.0,1.4389465880326198e-15,1.619506148976563e-14,0.9999999999999847,1.0000000000000024,0.9999999999999835,1.0000000000000022,1.999999999999972,1.4055169586018306e-25,2.8840318021295184e-25,0.1595462349941954,0.057684528932441026,,nan,nan,nan,nan,nan,nan,nan,nan,107,107,107,107,107,0,107,107,0,0,0,1,False,False,0.5,0,nan,nan,nan,nan,0.16209626917406456,1.7830589609147085,0.1620962691740644,1.7830589609147083,11.0,0.9999999999999993,1.0000000000000016,6.169173449181403,8.670877903380743e-25,10.0,10,logcosh,1.0,stepsize_pilot
manuscript-pilot,D,pilot_logcosh_d10_k10_rho1_fb-gvi,FB--GVI,2500492809,108,0.280416974962791,5.952529977275738,0.0,nan,5.995204332975846e-15,1.0576750012160287e-15,1.6140040465238097e-14,0.9999999999999848,1.0000000000000016,0.9999999999999851,1.000000000000002,1.9999999999999716,1.431519161092855e-25,2.874933368137141e-25,0.16097542498027906,0.058200878964271396,,nan,nan,nan,nan,nan,nan,nan,nan,108,108,108,108,108,0,108,108,0,0,0,1,False,False,0.5,0,nan,nan,nan,nan,0.16209626917406456,1.7830589609147085,0.1620962691740644,1.7830589609147083,11.0,0.9999999999999993,1.0000000000000016,6.169173449181403,8.831290000608611e-25,10.0,10,logcosh,1.0,stepsize_pilot
manuscript-pilot,D,pilot_logcosh_d10_k10_rho1_fb-gvi,FB--GVI,2500492809,109,0.280416974962791,5.952529977275738,0.0,nan,8.215650382226158e-15,7.999012912691474e-16,1.6287356958429228e-14,0.9999999999999847,1.000000000000002,0.9999999999999851,1.000000000000002,1.9999999999999711,1.428957760742572e-25,2.8787014769317604e-25,0.16240871499758214,0.0587177689303644,,nan,nan,nan,nan,nan,nan,nan,nan,109,109,109,109,109,0,109,109,0,0,0,1,False,False,0.5,0,nan,nan,nan,nan,0.16209626917406456,1.7830589609147085,0.1620962691740644,1.7830589609147083,11.0,0.9999999999999993,1.0000000000000016,6.169173449181403,8.815488277574921e-25,10.0,10,logcosh,1.0,stepsize_pilot
manuscript-pilot,D,pilot_logcosh_d10_k10_rho1_fb-gvi,FB--GVI,2500492809,110,0.280416974962791,5.952529977275736,-1.7763568394002505e-15,nan,1.554312234475219e-14,6.114500392134849e-16,1.6710406699696915e-14,0.9999999999999842,1.0000000000000018,0.999999999999984,1.0000000000000013,1.9999999999999718,1.4229026968784381e-25,2.868180082659737e-25,0.16386937501374632,0.05925692891469225,,nan,nan,nan,nan,nan,nan,nan,nan,110,110,110,110,110,0,110,110,0,0,0,1,False,False,0.5,0,nan,nan,nan,nan,0.16209626917406456,1.7830589609147085,0.1620962691740644,1.7830589609147083,11.0,0.9999999999999993,1.0000000000000016,6.169173449181403,8.778133538351212e-25,10.0,10,logcosh,1.0,stepsize_pilot
manuscript-pilot,D,pilot_logcosh_d10_k10_rho1_fb-gvi,FB--GVI,2500492809,111,0.280416974962791,5.952529977275736,-1.7763568394002505e-15,nan,1.1546319456101628e-14,4.881944598394378e-16,1.6331174246300422e-14,0.9999999999999848,1.0000000000000022,0.9999999999999837,1.0000000000000022,1.99999999999997,1.436464579305452e-25,2.8831723634196835e-25,0.16529007500503212,0.05977508891373873,,nan,nan,nan,nan,nan,nan,nan,nan,111,111,111,111,111,0,111,111,0,0,0,1,False,False,0.5,0,nan,nan,nan,nan,0.16209626917406456,1.7830589609147085,0.1620962691740644,1.7830589609147083,11.0,0.9999999999999993,1.0000000000000016,6.169173449181403,8.861799143340863e-25,10.0,10,logcosh,1.0,stepsize_pilot
manuscript-pilot,D,pilot_logcosh_d10_k10_rho1_fb-gvi,FB--GVI,2500492809,112,0.280416974962791,5.952529977275737,-8.881784197001252e-16,nan,0.0,4.444143514749619e-16,1.658893169801536e-14,0.9999999999999847,1.0000000000000018,0.9999999999999837,1.0000000000000018,1.9999999999999707,1.4140541087294782e-25,2.8756942461575657e-25,0.16674243501620367,0.0603058488923125,,nan,nan,nan,nan,nan,nan,nan,nan,112,112,112,112,112,0,112,112,0,0,0,1,False,False,0.5,0,nan,nan,nan,nan,0.16209626917406456,1.7830589609147085,0.1620962691740644,1.7830589609147083,11.0,0.9999999999999993,1.0000000000000016,6.169173449181403,8.723545063279902e-25,10.0,10,logcosh,1.0,stepsize_pilot
manuscript-pilot,D,pilot_logcosh_d10_k10_rho1_fb-gvi,FB--GVI,2500492809,113,0.280416974962791,5.952529977275737,-8.881784197001252e-16,nan,4.440892098500628e-16,4.0341179990268183e-16,1.7166477104471915e-14,0.9999999999999839,1.0000000000000004,0.999999999999984,1.0000000000000007,1.9999999999999714,1.4184336110438909e-25,2.8606362876577414e-25,0.16818046499975026,0.06083189888158813,,nan,nan,nan,nan,nan,nan,nan,nan,113,113,113,113,113,0,113,113,0,0,0,1,False,False,0.5,0,nan,nan,nan,nan,0.16209626917406456,1.7830589609147085,0.1620962691740644,1.7830589609147083,11.0,0.9999999999999993,1.0000000000000016,6.169173449181403,8.750562972678615e-25,10.0,10,logcosh,1.0,stepsize_pilot
manuscript-pilot,D,pilot_logcosh_d10_k10_rho1_fb-gvi,FB--GVI,2500492809,114,0.280416974962791,5.952529977275737,-8.881784197001252e-16,nan,1.021405182655144e-14,3.6651550256573007e-16,1.596183409508951e-14,0.9999999999999847,1.0000000000000022,0.9999999999999848,1.0000000000000018,1.9999999999999711,1.455687085956631e-25,2.883961809370191e-25,0.16962305502966046,0.06136346887797117,,nan,nan,nan,nan,nan,nan,nan,nan,114,114,114,114,114,0,114,114,0,0,0,1,False,False,0.5,0,nan,nan,nan,nan,0.16209626917406456,1.7830589609147085,0.1620962691740644,1.7830589609147083,11.0,0.9999999999999993,1.0000000000000016,6.169173449181403,8.895830311409871e-25,10.0,10,logcosh,1.0,stepsize_pilot
manuscript-pilot,D,pilot_logcosh_d10_k10_rho1_fb-gvi,FB--GVI,2500492809,115,0.280416974962791,5.952529977275737,-8.881784197001252e-16,nan,7.771561172376096e-15,3.6486971291923865e-16,1.6470986179555124e-14,0.999999999999984,1.0000000000000018,0.999999999999985,1.0000000000000018,1.9999999999999702,1.4300738785615663e-25,2.8763989316915508e-25,0.17105776502285153,0.0618843188858591,,nan,nan,nan,nan,nan,nan,nan,nan,115,115,115,115,115,0,115,115,0,0,0,1,False,False,0.5,0,nan,nan,nan,nan,0.16209626917406456,1.7830589609147085,0.1620962691740644,1.7830589609147083,11.0,0.9999999999999993,1.0000000000000016,6.169173449181403,8.822373801990026e-25,10.0,10,logcosh,1.0,stepsize_pilot
manuscript-pilot,D,pilot_logcosh_d10_k10_rho1_fb-gvi,FB--GVI,2500492809,116,0.280416974962791,5.952529977275739,8.881784197001252e-16,nan,1.0436096431476471e-14,3.7037057157525464e-16,1.5987028855667546e-14,0.999999999999985,1.000000000000002,0.9999999999999848,1.0000000000000022,1.9999999999999714,1.4523694732414754e-25,2.8922567226657907e-25,0.1725099349860102,0.062417968874797225,,nan,nan,nan,nan,nan,nan,nan,nan,116,116,116,116,116,0,116,116,0,0,0,1,False,False,0.5,0,nan,nan,nan,nan,0.16209626917406456,1.7830589609147085,0.1620962691740644,1.7830589609147083,11.0,0.9999999999999993,1.0000000000000016,6.169173449181403,8.921416690843109e-25,10.0,10,logcosh,1.0,stepsize_pilot
manuscript-pilot,D,pilot_logcosh_d10_k10_rho1_fb-gvi,FB--GVI,2500492809,117,0.280416974962791,5.952529977275736,-1.7763568394002505e-15,nan,1.021405182655144e-14,3.6108926491245325e-16,1.638782822977903e-14,0.9999999999999841,1.0000000000000024,0.9999999999999843,1.0000000000000033,1.9999999999999707,1.4432330562839132e-25,2.898333300817687e-25,0.17395789502188563,0.06296589889097959,,nan,nan,nan,nan,nan,nan,nan,nan,117,117,117,117,117,0,117,117,0,0,0,1,False,False,0.5,0,nan,nan,nan,nan,0.16209626917406456,1.7830589609147085,0.1620962691740644,1.7830589609147083,11.0,0.9999999999999993,1.0000000000000016,6.169173449181403,8.90355505180779e-25,10.0,10,logcosh,1.0,stepsize_pilot
manuscript-pilot,D,pilot_logcosh_d10_k10_rho1_fb-gvi,FB--GVI,2500492809,118,0.280416974962791,5.952529977275737,-8.881784197001252e-16,nan,1.0880185641326534e-14,3.8615427738687773e-16,1.4949926389424038e-14,0.9999999999999855,1.0000000000000038,0.9999999999999858,1.0000000000000022,1.9999999999999731,1.4530422007679144e-25,2.902849344424179e-25,0.17543048498919234,0.06350628891959786,,nan,nan,nan,nan,nan,nan,nan,nan,118,118,118,118,118,0,118,118,0,0,0,1,False,False,0.5,0,nan,nan,nan,nan,0.16209626917406456,1.7830589609147085,0.1620962691740644,1.7830589609147083,11.0,0.9999999999999993,1.0000000000000016,6.169173449181403,8.954090551297644e-25,10.0,10,logcosh,1.0,stepsize_pilot
manuscript-pilot,D,pilot_logcosh_d10_k10_rho1_fb-gvi,FB--GVI,2500492809,119,0.280416974962791,5.952529977275736,-1.7763568394002505e-15,nan,1.0658141036401503e-14,3.851554932315348e-16,1.4959971863904554e-14,0.9999999999999861,1.0000000000000022,0.9999999999999855,1.000000000000001,1.9999999999999731,1.4424807355014023e-25,2.884724070218625e-25,0.17688140500104055,0.06404196890071034,,nan,nan,nan,nan,nan,nan,nan,nan,119,119,119,119,119,0,119,119,0,0,0,1,False,False,0.5,0,nan,nan,nan,nan,0.16209626917406456,1.7830589609147085,0.1620962691740644,1.7830589609147083,11.0,0.9999999999999993,1.0000000000000016,6.169173449181403,8.898181571103626e-25,10.0,10,logcosh,1.0,stepsize_pilot
manuscript-pilot,D,pilot_logcosh_d10_k10_rho1_fb-gvi,FB--GVI,2500492809,120,0.280416974962791,5.952529977275737,-8.881784197001252e-16,nan,1.2212453270876722e-14,3.885780586188048e-16,1.5373753826064713e-14,0.9999999999999849,1.0000000000000016,0.9999999999999851,1.0000000000000013,1.9999999999999731,1.4289196760491174e-25,2.8801661843993867e-25,0.17834053502883762,0.06457767891697586,,nan,nan,nan,nan,nan,nan,nan,nan,120,120,120,120,120,0,120,120,0,0,0,1,False,False,0.5,0,nan,nan,nan,nan,0.16209626917406456,1.7830589609147085,0.1620962691740644,1.7830589609147083,11.0,0.9999999999999993,1.0000000000000016,6.169173449181403,8.81525332649524e-25,10.0,10,logcosh,1.0,stepsize_pilot
manuscript-pilot,D,pilot_logcosh_d10_k10_rho1_fb-gvi,FB--GVI,2500492809,121,0.280416974962791,5.952529977275738,0.0,nan,8.881784197001254e-16,3.933196191177154e-16,1.518985345036968e-14,0.9999999999999858,1.0000000000000016,0.9999999999999846,1.0000000000000018,1.9999999999999731,1.416939398642083e-25,2.8847028960698905e-25,0.17979711497901008,0.06510718888603151,,nan,nan,nan,nan,nan,nan,nan,nan,121,121,121,121,121,0,121,121,0,0,0,1,False,False,0.5,0,nan,nan,nan,nan,0.16209626917406456,1.7830589609147085,0.1620962691740644,1.7830589609147083,11.0,0.9999999999999993,1.0000000000000016,6.169173449181403,8.741344917201928e-25,10.0,10,logcosh,1.0,stepsize_pilot
manuscript-pilot,D,pilot_logcosh_d10_k10_rho1_fb-gvi,FB--GVI,2500492809,122,0.280416974962791,5.952529977275737,-8.881784197001252e-16,nan,5.773159728050814e-15,3.959427957080681e-16,1.5315867279208133e-14,0.9999999999999857,1.0000000000000013,0.9999999999999853,1.000000000000002,1.9999999999999725,1.4278252291761e-25,2.8839672607021753e-25,0.1812372449785471,0.06562377890804783,,nan,nan,nan,nan,nan,nan,nan,nan,122,122,122,122,122,0,122,122,0,0,0,1,False,False,0.5,0,nan,nan,nan,nan,0.16209626917406456,1.7830589609147085,0.1620962691740644,1.7830589609147083,11.0,0.9999999999999993,1.0000000000000016,6.169173449181403,8.808501493904674e-25,10.0,10,logcosh,1.0,stepsize_pilot
manuscript-pilot,D,pilot_logcosh_d10_k10_rho1_fb-gvi,FB--GVI,2500492809,123,0.280416974962791,5.952529977275738,0.0,nan,8.659739592076221e-15,3.864035700386585e-16,1.5231542608344017e-14,0.9999999999999859,1.000000000000002,0.9999999999999856,1.000000000000001,1.999999999999973,1.4425144407027416e-25,2.8831850404749217e-25,0.18270476500038058,0.06615366891492158,,nan,nan,nan,nan,nan,nan,nan,nan,123,123,123,123,123,0,123,123,0,0,0,1,False,False,0.5,0,nan,nan,nan,nan,0.16209626917406456,1.7830589609147085,0.1620962691740644,1.7830589609147083,11.0,0.9999999999999993,1.0000000000000016,6.169173449181403,8.893434300387448e-25,10.0,10,logcosh,1.0,stepsize_pilot
manuscript-pilot,D,pilot_logcosh_d10_k10_rho1_fb-gvi,FB--GVI,2500492809,124,0.280416974962791,5.952529977275739,8.881784197001252e-16,nan,9.547918011776346e-15,3.912945573078997e-16,1.4770989873886042e-14,0.9999999999999853,1.000000000000001,0.9999999999999859,1.0000000000000009,1.9999999999999734,1.4349918860674612e-25,2.883187902739384e-25,0.18414205498993397,0.06667054892750457,,nan,nan,nan,nan,nan,nan,nan,nan,124,124,124,124,124,0,124,124,0,0,0,1,False,False,0.5,0,nan,nan,nan,nan,0.16209626917406456,1.7830589609147085,0.1620962691740644,1.7830589609147083,11.0,0.9999999999999993,1.0000000000000016,6.169173449181403,8.852713843318257e-25,10.0,10,logcosh,1.0,stepsize_pilot
manuscript-pilot,D,pilot_logcosh_d10_k10_rho1_fb-gvi,FB--GVI,2500492809,125,0.280416974962791,5.952529977275737,-8.881784197001252e-16,nan,1.1102230246251567e-15,3.910483826642766e-16,1.405149277350257e-14,0.9999999999999859,1.0000000000000024,0.9999999999999862,1.0000000000000024,1.9999999999999745,1.4575472531535947e-25,2.898305742649618e-25,0.18558652501087636,0.06720014894381166,,nan,nan,nan,nan,nan,nan,nan,nan,125,125,125,125,125,0,125,125,0,0,0,1,False,False,0.5,0,nan,nan,nan,nan,0.16209626917406456,1.7830589609147085,0.1620962691740644,1.7830589609147083,11.0,0.9999999999999993,1.0000000000000016,6.169173449181403,8.940075417582007e-25,10.0,10,logcosh,1.0,stepsize_pilot
manuscript-pilot,D,pilot_logcosh_d10_k10_rho1_fb-gvi,FB--GVI,2500492809,126,0.280416974962791,5.952529977275738,0.0,nan,1.532107773982716e-14,3.9160205798978334e-16,1.4119469693464764e-14,0.9999999999999863,1.0000000000000027,0.9999999999999861,1.0000000000000018,1.9999999999999747,1.435660688573073e-25,2.8982998409514105e-25,0.18702069501159713,0.06772165891015902,,nan,nan,nan,nan,nan,nan,nan,nan,126,126,126,126,126,0,126,126,0,0,0,1,False,False,0.5,0,nan,nan,nan,nan,0.16209626917406456,1.7830589609147085,0.1620962691740644,1.7830589609147083,11.0,0.9999999999999993,1.0000000000000016,6.169173449181403,8.856839801978614e-25,10.0,10,logcosh,1.0,stepsize_pilot
manuscript-pilot,D,pilot_logcosh_d10_k10_rho1_fb-gvi,FB--GVI,2500492809,127,0.280416974962791,5.952529977275736,-1.7763568394002505e-15,nan,0.0,3.891352488241671e-16,1.473050507405933e-14,0.9999999999999859,1.0000000000000016,0.9999999999999862,1.0000000000000029,1.9999999999999736,1.4397807580731896e-25,2.8960741582581505e-25,0.1884778250241652,0.0682523389114067,,nan,nan,nan,nan,nan,nan,nan,nan,127,127,127,127,127,0,127,127,0,0,0,1,False,False,0.5,0,nan,nan,nan,nan,0.16209626917406456,1.7830589609147085,0.1620962691740644,1.7830589609147083,11.0,0.9999999999999993,1.0000000000000016,6.169173449181403,8.882257225347519e-25,10.0,10,logcosh,1.0,stepsize_pilot
manuscript-pilot,D,pilot_logcosh_d10_k10_rho1_fb-gvi,FB--GVI,2500492809,128,0.280416974962791,5.952529977275736,-1.7763568394002505e-15,nan,0.0,3.8864000809048077e-16,1.4794699613323263e-14,0.9999999999999861,1.0000000000000022,0.9999999999999866,1.000000000000002,1.9999999999999762,1.4274900973152718e-25,2.8833031574848647e-25,0.18991239502793178,0.06878432893427089,,nan,nan,nan,nan,nan,nan,nan,nan,128,128,128,128,128,0,128,128,0,0,0,1,False,False,0.5,0,nan,nan,nan,nan,0.16209626917406456,1.7830589609147085,0.1620962691740644,1.7830589609147083,11.0,0.9999999999999993,1.0000000000000016,6.169173449181403,8.806434007326876e-25,10.0,10,logcosh,1.0,stepsize_pilot
manuscript-pilot,D,pilot_logcosh_d10_k10_rho1_fb-gvi,FB--GVI,2500492809,129,0.280416974962791,5.95252997727574,1.7763568394002505e-15,nan,0.0,3.906172037226199e-16,1.6191352199933825e-14,0.9999999999999845,1.000000000000002,0.999999999999984,1.0000000000000022,1.9999999999999716,1.434989186589469e-25,2.8771869216179597e-25,0.19135979400016367,0.0693050479167141,,nan,nan,nan,nan,nan,nan,nan,nan,129,129,129,129,129,0,129,129,0,0,0,1,False,False,0.5,0,nan,nan,nan,nan,0.16209626917406456,1.7830589609147085,0.1620962691740644,1.7830589609147083,11.0,0.9999999999999993,1.0000000000000016,6.169173449181403,8.85269718977031e-25,10.0,10,logcosh,1.0,stepsize_pilot
manuscript-pilot,D,pilot_logcosh_d10_k10_rho1_fb-gvi,FB--GVI,2500492809,130,0.280416974962791,5.952529977275737,-8.881784197001252e-16,nan,4.884981308350689e-15,3.718625687091987e-16,1.6396314347212933e-14,0.9999999999999841,1.0000000000000016,0.9999999999999845,1.0000000000000024,1.9999999999999707,1.4409262073607887e-25,2.8832076717730225e-25,0.19282780401408672,0.06984193791868165,,nan,nan,nan,nan,nan,nan,nan,nan,130,130,130,130,130,0,130,130,0,0,0,1,False,False,0.5,0,nan,nan,nan,nan,0.16209626917406456,1.7830589609147085,0.1620962691740644,1.7830589609147083,11.0,0.9999999999999993,1.0000000000000016,6.169173449181403,8.889323700679976e-25,10.0,10,logcosh,1.0,stepsize_pilot
manuscript-pilot,D,pilot_logcosh_d10_k10_rho1_fb-gvi,FB--GVI,2500492809,131,0.280416974962791,5.952529977275738,0.0,nan,0.0,4.0005596905755485e-16,1.659377961743271e-14,0.9999999999999841,1.0000000000000018,0.9999999999999845,1.0000000000000036,1.999999999999973,1.4289323931229006e-25,2.8877991437046065e-25,0.19429129402851686,0.07037853793008253,,nan,nan,nan,nan,nan,nan,nan,nan,131,131,131,131,131,0,131,131,0,0,0,1,False,False,0.5,0,nan,nan,nan,nan,0.16209626917406456,1.7830589609147085,0.1620962691740644,1.7830589609147083,11.0,0.9999999999999993,1.0000000000000016,6.169173449181403,8.815331780329182e-25,10.0,10,logcosh,1.0,stepsize_pilot
manuscript-pilot,D,pilot_logcosh_d10_k10_rho1_fb-gvi,FB--GVI,2500492809,132,0.280416974962791,5.952529977275739,8.881784197001252e-16,nan,0.0,3.882061541865368e-16,1.5903222077814383e-14,0.9999999999999852,1.000000000000002,0.9999999999999849,1.000000000000002,1.9999999999999716,1.453449869326251e-25,2.8839342953193694e-25,0.19574360398110002,0.07091098790988326,,nan,nan,nan,nan,nan,nan,nan,nan,132,132,132,132,132,0,132,132,0,0,0,1,False,False,0.5,0,nan,nan,nan,nan,0.16209626917406456,1.7830589609147085,0.1620962691740644,1.7830589609147083,11.0,0.9999999999999993,1.0000000000000016,6.169173449181403,8.895745441933967e-25,10.0,10,logcosh,1.0,stepsize_pilot
manuscript-pilot,D,pilot_logcosh_d10_k10_rho1_fb-gvi,FB--GVI,2500492809,133,0.280416974962791,5.952529977275737,-8.881784197001252e-16,nan,1.021405182655144e-14,3.898769304033807e-16,1.452218024661194e-14,0.9999999999999857,1.0000000000000013,0.9999999999999866,1.0000000000000024,1.999999999999975,1.4439623032314375e-25,2.8907586738194025e-25,0.19717713398858905,0.071427367918659,,nan,nan,nan,nan,nan,nan,nan,nan,133,133,133,133,133,0,133,133,0,0,0,1,False,False,0.5,0,nan,nan,nan,nan,0.16209626917406456,1.7830589609147085,0.1620962691740644,1.7830589609147083,11.0,0.9999999999999993,1.0000000000000016,6.169173449181403,8.90805390271434e-25,10.0,10,logcosh,1.0,stepsize_pilot
manuscript-pilot,D,pilot_logcosh_d10_k10_rho1_fb-gvi,FB--GVI,2500492809,134,0.280416974962791,5.952529977275739,8.881784197001252e-16,nan,1.2878587085651816e-14,3.9448084808579573e-16,1.573682470002807e-14,0.9999999999999848,1.0000000000000022,0.9999999999999852,1.0000000000000027,1.9999999999999718,1.4420414402717737e-25,2.900579988623115e-25,0.1986401440226473,0.07196287793340161,,nan,nan,nan,nan,nan,nan,nan,nan,134,134,134,134,134,0,134,134,0,0,0,1,False,False,0.5,0,nan,nan,nan,nan,0.16209626917406456,1.7830589609147085,0.1620962691740644,1.7830589609147083,11.0,0.9999999999999993,1.0000000000000016,6.169173449181403,8.896203765944073e-25,10.0,10,logcosh,1.0,stepsize_pilot
manuscript-pilot,D,pilot_logcosh_d10_k10_rho1_fb-gvi,FB--GVI,2500492809,135,0.280416974962791,5.952529977275739,8.881784197001252e-16,nan,1.9095836023552692e-14,3.903089271346869e-16,1.5727390239835077e-14,0.9999999999999852,1.0000000000000018,0.9999999999999852,1.0000000000000022,1.9999999999999725,1.437144713332585e-25,2.895288336077777e-25,0.20006581401685253,0.07248108793282881,,nan,nan,nan,nan,nan,nan,nan,nan,135,135,135,135,135,0,135,135,0,0,0,1,False,False,0.5,0,nan,nan,nan,nan,0.16209626917406456,1.7830589609147085,0.1620962691740644,1.7830589609147083,11.0,0.9999999999999993,1.0000000000000016,6.169173449181403,8.865995008122934e-25,10.0,10,logcosh,1.0,stepsize_pilot
manuscript-pilot,D,pilot_logcosh_d10_k10_rho1_fb-gvi,FB--GVI,2500492809,136,0.280416974962791,5.952529977275738,0.0,nan,7.993605777301127e-15,3.873369885097028e-16,1.5517759272673558e-14,0.9999999999999855,1.0000000000000018,0.9999999999999855,1.0000000000000022,1.9999999999999731,1.4379857907058437e-25,2.874190479019394e-25,0.2014953939942643,0.07300691795535386,,nan,nan,nan,nan,nan,nan,nan,nan,136,136,136,136,136,0,136,136,0,0,0,1,False,False,0.5,0,nan,nan,nan,nan,0.16209626917406456,1.7830589609147085,0.1620962691740644,1.7830589609147083,11.0,0.9999999999999993,1.0000000000000016,6.169173449181403,8.865689795528213e-25,10.0,10,logcosh,1.0,stepsize_pilot
manuscript-pilot,D,pilot_logcosh_d10_k10_rho1_fb-gvi,FB--GVI,2500492809,137,0.280416974962791,5.952529977275738,0.0,nan,1.1546319456101628e-14,3.8814413546991983e-16,1.5861132788329686e-14,0.9999999999999857,1.0000000000000024,0.9999999999999857,1.0000000000000016,1.999999999999973,1.4629360298489863e-25,2.874211710289782e-25,0.2029370740056038,0.07354305795161054,,nan,nan,nan,nan,nan,nan,nan,nan,137,137,137,137,137,0,137,137,0,0,0,1,False,False,0.5,0,nan,nan,nan,nan,0.16209626917406456,1.7830589609147085,0.1620962691740644,1.7830589609147083,11.0,0.9999999999999993,1.0000000000000016,6.169173449181403,8.865755285222997e-25,10.0,10,logcosh,1.0,stepsize_pilot
manuscript-pilot,D,pilot_logcosh_d10_k10_rho1_fb-gvi,FB--GVI,2500492809,138,0.280416974962791,5.952529977275737,-8.881784197001252e-16,nan,1.2878587085651816e-14,3.960035930666926e-16,1.6119042276832554e-14,0.9999999999999847,1.000000000000001,0.9999999999999846,1.0000000000000013,1.9999999999999714,1.4386774926487533e-25,2.874170695513063e-25,0.2043801340041682,0.07406365795759484,,nan,nan,nan,nan,nan,nan,nan,nan,138,138,138,138,138,0,138,138,0,0,0,1,False,False,0.5,0,nan,nan,nan,nan,0.16209626917406456,1.7830589609147085,0.1620962691740644,1.7830589609147083,11.0,0.9999999999999993,1.0000000000000016,6.169173449181403,8.865628771587218e-25,10.0,10,logcosh,1.0,stepsize_pilot
manuscript-pilot,D,pilot_logcosh_d10_k10_rho1_fb-gvi,FB--GVI,2500492809,139,0.280416974962791,5.952529977275738,0.0,nan,6.661338147750941e-16,3.9338082189084205e-16,1.6132177232455914e-14,0.9999999999999852,1.000000000000002,0.999999999999985,1.0000000000000022,1.9999999999999714,1.4308924824954167e-25,2.8794401325308084e-25,0.2058253639843315,0.0745942679932341,,nan,nan,nan,nan,nan,nan,nan,nan,139,139,139,139,139,0,139,139,0,0,0,1,False,False,0.5,0,nan,nan,nan,nan,0.16209626917406456,1.7830589609147085,0.1620962691740644,1.7830589609147083,11.0,0.9999999999999993,1.0000000000000016,6.169173449181403,8.82742391164412e-25,10.0,10,logcosh,1.0,stepsize_pilot
manuscript-pilot,D,pilot_logcosh_d10_k10_rho1_fb-gvi,FB--GVI,2500492809,140,0.280416974962791,5.952529977275738,0.0,nan,1.021405182655144e-14,4.032924296382242e-16,1.6413052697269862e-14,0.9999999999999845,1.0000000000000018,0.9999999999999836,1.000000000000002,1.9999999999999711,1.437151796662014e-25,2.878659634540055e-25,0.20725564402528107,0.0751109579578042,,nan,nan,nan,nan,nan,nan,nan,nan,140,140,140,140,140,0,140,140,0,0,0,1,False,False,0.5,0,nan,nan,nan,nan,0.16209626917406456,1.7830589609147085,0.1620962691740644,1.7830589609147083,11.0,0.9999999999999993,1.0000000000000016,6.169173449181403,8.866038706410785e-25,10.0,10,logcosh,1.0,stepsize_pilot
manuscript-pilot,D,pilot_logcosh_d10_k10_rho1_fb-gvi,FB--GVI,2500492809,141,0.280416974962791,5.952529977275738,0.0,nan,6.8833827526759706e-15,4.051387163804542e-16,1.644258096536981e-14,0.9999999999999839,1.0000000000000022,0.9999999999999838,1.0000000000000024,1.9999999999999705,1.4379549067244718e-25,2.890747861057877e-25,0.2087171539897099,0.07564499793807045,,nan,nan,nan,nan,nan,nan,nan,nan,141,141,141,141,141,0,141,141,0,0,0,1,False,False,0.5,0,nan,nan,nan,nan,0.16209626917406456,1.7830589609147085,0.1620962691740644,1.7830589609147083,11.0,0.9999999999999993,1.0000000000000016,6.169173449181403,8.870993231684875e-25,10.0,10,logcosh,1.0,stepsize_pilot
manuscript-pilot,D,pilot_logcosh_d10_k10_rho1_fb-gvi,FB--GVI,2500492809,142,0.280416974962791,5.952529977275738,0.0,nan,5.329070518200751e-15,4.0059719496779604e-16,1.6320873296862357e-14,0.9999999999999842,1.0000000000000018,0.9999999999999845,1.0000000000000027,1.9999999999999714,1.4314981670681268e-25,2.8884954230423504e-25,0.21016805403633043,0.07616875797975808,,nan,nan,nan,nan,nan,nan,nan,nan,142,142,142,142,142,0,142,142,0,0,0,1,False,False,0.5,0,nan,nan,nan,nan,0.16209626917406456,1.7830589609147085,0.1620962691740644,1.7830589609147083,11.0,0.9999999999999993,1.0000000000000016,6.169173449181403,8.831160484828672e-25,10.0,10,logcosh,1.0,stepsize_pilot
manuscript-pilot,D,pilot_logcosh_d10_k10_rho1_fb-gvi,FB--GVI,2500492809,143,0.280416974962791,5.952529977275737,-8.881784197001252e-16,nan,7.549516567451064e-15,3.98669498031335e-16,1.6211360752170545e-14,0.999999999999984,1.0000000000000027,0.9999999999999845,1.0000000000000018,1.9999999999999718,1.445142126051501e-25,2.889972696043815e-25,0.2116302140057087,0.07670809794217348,,nan,nan,nan,nan,nan,nan,nan,nan,143,143,143,143,143,0,143,143,0,0,0,1,False,False,0.5,0,nan,nan,nan,nan,0.16209626917406456,1.7830589609147085,0.1620962691740644,1.7830589609147083,11.0,0.9999999999999993,1.0000000000000016,6.169173449181403,8.91437141264635e-25,10.0,10,logcosh,1.0,stepsize_pilot
manuscript-pilot,D,pilot_logcosh_d10_k10_rho1_fb-gvi,FB--GVI,2500492809,144,0.280416974962791,5.952529977275738,0.0,nan,6.661338147750939e-15,3.9374783875365266e-16,1.597695643055257e-14,0.9999999999999849,1.000000000000002,0.9999999999999842,1.000000000000002,1.9999999999999716,1.4420224411251616e-25,2.8809266142617587e-25,0.21308051398955286,0.07722831791033968,,nan,nan,nan,nan,nan,nan,nan,nan,144,144,144,144,144,0,144,144,0,0,0,1,False,False,0.5,0,nan,nan,nan,nan,0.16209626917406456,1.7830589609147085,0.1620962691740644,1.7830589609147083,11.0,0.9999999999999993,1.0000000000000016,6.169173449181403,8.886467988871857e-25,10.0,10,logcosh,1.0,stepsize_pilot
manuscript-pilot,D,pilot_logcosh_d10_k10_rho1_fb-gvi,FB--GVI,2500492809,145,0.280416974962791,5.952529977275736,-1.7763568394002505e-15,nan,1.4432899320127035e-14,3.7655888272023306e-16,1.7208194415476653e-14,0.999999999999983,1.0000000000000016,0.999999999999983,1.0000000000000027,1.9999999999999682,1.4458508610259525e-25,2.885464632406942e-25,0.2145392139791511,0.07776391791412607,,nan,nan,nan,nan,nan,nan,nan,nan,145,145,145,145,145,0,145,145,0,0,0,1,False,False,0.5,0,nan,nan,nan,nan,0.16209626917406456,1.7830589609147085,0.1620962691740644,1.7830589609147083,11.0,0.9999999999999993,1.0000000000000016,6.169173449181403,8.900465899398442e-25,10.0,10,logcosh,1.0,stepsize_pilot
manuscript-pilot,D,pilot_logcosh_d10_k10_rho1_fb-gvi,FB--GVI,2500492809,146,0.280416974962791,5.952529977275737,-8.881784197001252e-16,nan,0.0,4.037696989527316e-16,1.8437581600790377e-14,0.9999999999999832,1.0000000000000038,0.9999999999999821,1.0000000000000033,1.9999999999999691,1.4454233738525116e-25,2.883322403567768e-25,0.21599109400995076,0.07828698796220124,,nan,nan,nan,nan,nan,nan,nan,nan,146,146,146,146,146,0,146,146,0,0,0,1,False,False,0.5,0,nan,nan,nan,nan,0.16209626917406456,1.7830589609147085,0.1620962691740644,1.7830589609147083,11.0,0.9999999999999993,1.0000000000000016,6.169173449181403,8.89385800876009e-25,10.0,10,logcosh,1.0,stepsize_pilot
manuscript-pilot,D,pilot_logcosh_d10_k10_rho1_fb-gvi,FB--GVI,2500492809,147,0.280416974962791,5.952529977275738,0.0,nan,1.5765166949677223e-14,3.904322669788573e-16,1.7844160432178805e-14,0.9999999999999832,1.0000000000000024,0.999999999999983,1.0000000000000018,1.9999999999999694,1.431133763129272e-25,2.872694215137659e-25,0.21744392398977652,0.07882385794073343,,nan,nan,nan,nan,nan,nan,nan,nan,147,147,147,147,147,0,147,147,0,0,0,1,False,False,0.5,0,nan,nan,nan,nan,0.16209626917406456,1.7830589609147085,0.1620962691740644,1.7830589609147083,11.0,0.9999999999999993,1.0000000000000016,6.169173449181403,8.82891241372432e-25,10.0,10,logcosh,1.0,stepsize_pilot
manuscript-pilot,D,pilot_logcosh_d10_k10_rho1_fb-gvi,FB--GVI,2500492809,148,0.280416974962791,5.952529977275738,0.0,nan,1.5893736866055664e-31,3.98669498031335e-16,1.661285714756105e-14,0.9999999999999843,1.0000000000000022,0.9999999999999835,1.0000000000000022,1.9999999999999707,1.4439257290249065e-25,2.8877563030000827e-25,0.21888936398318037,0.07935677788918838,,nan,nan,nan,nan,nan,nan,nan,nan,148,148,148,148,148,0,148,148,0,0,0,1,False,False,0.5,0,nan,nan,nan,nan,0.16209626917406456,1.7830589609147085,0.1620962691740644,1.7830589609147083,11.0,0.9999999999999993,1.0000000000000016,6.169173449181403,8.907534756087179e-25,10.0,10,logcosh,1.0,stepsize_pilot
manuscript-pilot,D,pilot_logcosh_d10_k10_rho1_fb-gvi,FB--GVI,2500492809,149,0.280416974962791,5.95252997727574,1.7763568394002505e-15,nan,9.325873406851315e-15,3.9282965365922575e-16,1.638576431441272e-14,0.9999999999999843,1.0000000000000027,0.9999999999999839,1.000000000000002,1.999999999999971,1.4461819235619875e-25,2.886263060136754e-25,0.2203649840084836,0.07988007791573182,,nan,nan,nan,nan,nan,nan,nan,nan,149,149,149,149,149,0,149,149,0,0,0,1,False,False,0.5,0,nan,nan,nan,nan,0.16209626917406456,1.7830589609147085,0.1620962691740644,1.7830589609147083,11.0,0.9999999999999993,1.0000000000000016,6.169173449181403,8.902928718974365e-25,10.0,10,logcosh,1.0,stepsize_pilot
manuscript-pilot,D,pilot_logcosh_d10_k10_rho1_fb-gvi,FB--GVI,2500492809,150,0.280416974962791,5.952529977275738,0.0,nan,8.43769498715119e-15,3.9945374687500737e-16,1.6853415277304705e-14,0.999999999999984,1.000000000000003,0.9999999999999835,1.0000000000000024,1.99999999999997,1.4327986742484927e-25,2.8817169472142634e-25,0.22184747399296612,0.08044283790513873,,nan,nan,nan,nan,nan,nan,nan,nan,150,150,150,150,150,0,150,150,0,0,0,1,False,False,0.5,0,nan,nan,nan,nan,0.16209626917406456,1.7830589609147085,0.1620962691740644,1.7830589609147083,11.0,0.9999999999999993,1.0000000000000016,6.169173449181403,8.839183539196256e-25,10.0,10,logcosh,1.0,stepsize_pilot
manuscript-pilot,D,pilot_logcosh_d10_k10_rho1_fb-gvi,FB--GVI,2500492809,151,0.280416974962791,5.952529977275739,8.881784197001252e-16,nan,1.176836406102666e-14,4.0155757319943717e-16,1.6792889977719893e-14,0.9999999999999835,1.000000000000003,0.9999999999999833,1.0000000000000029,1.9999999999999714,1.4466316407472375e-25,2.8930783298244322e-25,0.22329137398628518,0.08096609788481146,,nan,nan,nan,nan,nan,nan,nan,nan,151,151,151,151,151,0,151,151,0,0,0,1,False,False,0.5,0,nan,nan,nan,nan,0.16209626917406456,1.7830589609147085,0.1620962691740644,1.7830589609147083,11.0,0.9999999999999993,1.0000000000000016,6.169173449181403,8.923951009377484e-25,10.0,10,logcosh,1.0,stepsize_pilot
manuscript-pilot,D,pilot_logcosh_d10_k10_rho1_fb-gvi,FB--GVI,2500492809,152,0.280416974962791,5.952529977275737,-8.881784197001252e-16,nan,4.6629367034256575e-15,3.9502971248246094e-16,1.7092456957346287e-14,0.9999999999999835,1.0000000000000016,0.9999999999999827,1.0000000000000029,1.9999999999999687,1.4435349059341116e-25,2.8900272111503246e-25,0.22475821297848597,0.08150970691349357,,nan,nan,nan,nan,nan,nan,nan,nan,152,152,152,152,152,0,152,152,0,0,0,1,False,False,0.5,0,nan,nan,nan,nan,0.16209626917406456,1.7830589609147085,0.1620962691740644,1.7830589609147083,11.0,0.9999999999999993,1.0000000000000016,6.169173449181403,8.905417214655444e-25,10.0,10,logcosh,1.0,stepsize_pilot
manuscript-pilot,D,pilot_logcosh_d10_k10_rho1_fb-gvi,FB--GVI,2500492809,153,0.280416974962791,5.952529977275737,-8.881784197001252e-16,nan,7.549516567451064e-15,3.9356437310476087e-16,1.7236401468550282e-14,0.9999999999999836,1.0000000000000018,0.9999999999999833,1.000000000000003,1.9999999999999698,1.4545578396254072e-25,2.8877839489615054e-25,0.22621887299465016,0.08204742689849809,,nan,nan,nan,nan,nan,nan,nan,nan,153,153,153,153,153,0,153,153,0,0,0,1,False,False,0.5,0,nan,nan,nan,nan,0.16209626917406456,1.7830589609147085,0.1620962691740644,1.7830589609147083,11.0,0.9999999999999993,1.0000000000000016,6.169173449181403,8.907620032452773e-25,10.0,10,logcosh,1.0,stepsize_pilot
manuscript-pilot,D,pilot_logcosh_d10_k10_rho1_fb-gvi,FB--GVI,2500492809,154,0.280416974962791,5.952529977275737,-8.881784197001252e-16,nan,3.3306690738754696e-15,3.98186115618914e-16,1.8106697765733078e-14,0.9999999999999822,1.0000000000000016,0.9999999999999827,1.0000000000000022,1.999999999999968,1.4436516571562343e-25,2.8779746696938717e-25,0.2276752429897897,0.08258712687529624,,nan,nan,nan,nan,nan,nan,nan,nan,154,154,154,154,154,0,154,154,0,0,0,1,False,False,0.5,0,nan,nan,nan,nan,0.16209626917406456,1.7830589609147085,0.1620962691740644,1.7830589609147083,11.0,0.9999999999999993,1.0000000000000016,6.169173449181403,8.877362459846027e-25,10.0,10,logcosh,1.0,stepsize_pilot
manuscript-pilot,D,pilot_logcosh_d10_k10_rho1_fb-gvi,FB--GVI,2500492809,155,0.280416974962791,5.952529977275739,8.881784197001252e-16,nan,3.774758283725532e-15,4.019770171714909e-16,1.6966314768331798e-14,0.9999999999999831,1.0000000000000018,0.9999999999999839,1.0000000000000027,1.9999999999999698,1.4352529343573625e-25,2.8839308903043202e-25,0.229126242978964,0.08311991684604436,,nan,nan,nan,nan,nan,nan,nan,nan,155,155,155,155,155,0,155,155,0,0,0,1,False,False,0.5,0,nan,nan,nan,nan,0.16209626917406456,1.7830589609147085,0.1620962691740644,1.7830589609147083,11.0,0.9999999999999993,1.0000000000000016,6.169173449181403,8.85432429549729e-25,10.0,10,logcosh,1.0,stepsize_pilot
manuscript-pilot,D,pilot_logcosh_d10_k10_rho1_fb-gvi,FB--GVI,2500492809,156,0.280416974962791,5.952529977275739,8.881784197001252e-16,nan,9.992007221626409e-15,3.9648963632181876e-16,1.794632687862649e-14,0.9999999999999828,1.0000000000000024,0.9999999999999822,1.0000000000000027,1.999999999999967,1.440537699881143e-25,2.8930460768007887e-25,0.23068088298896328,0.08368731685914099,,nan,nan,nan,nan,nan,nan,nan,nan,156,156,156,156,156,0,156,156,0,0,0,1,False,False,0.5,0,nan,nan,nan,nan,0.16209626917406456,1.7830589609147085,0.1620962691740644,1.7830589609147083,11.0,0.9999999999999993,1.0000000000000016,6.169173449181403,8.886926930651748e-25,10.0,10,logcosh,1.0,stepsize_pilot
manuscript-pilot,D,pilot_logcosh_d10_k10_rho1_fb-gvi,FB--GVI,2500492809,157,0.280416974962791,5.952529977275738,0.0,nan,1.1546319456101628e-14,3.8969164234678367e-16,1.7426421245924855e-14,0.9999999999999832,1.0000000000000016,0.9999999999999833,1.0000000000000016,1.9999999999999696,1.4222672518071362e-25,2.8711722007407373e-25,0.23211801302386448,0.08421181683661416,,nan,nan,nan,nan,nan,nan,nan,nan,157,157,157,157,157,0,157,157,0,0,0,1,False,False,0.5,0,nan,nan,nan,nan,0.16209626917406456,1.7830589609147085,0.1620962691740644,1.7830589609147083,11.0,0.9999999999999993,1.0000000000000016,6.169173449181403,8.774213367488934e-25,10.0,10,logcosh,1.0,stepsize_pilot
manuscript-pilot,D,pilot_logcosh_d10_k10_rho1_fb-gvi,FB--GVI,2500492809,158,0.280416974962791,5.952529977275737,-8.881784197001252e-16,nan,6.8833827526759706e-15,4.044845470171829e-16,1.5817854193168815e-14,0.9999999999999852,1.0000000000000022,0.9999999999999845,1.0000000000000013,1.9999999999999714,1.4577234049295176e-25,2.89224937372346e-25,0.23357577301794663,0.08474999683676288,,nan,nan,nan,nan,nan,nan,nan,nan,158,158,158,158,158,0,158,158,0,0,0,1,False,False,0.5,0,nan,nan,nan,nan,0.16209626917406456,1.7830589609147085,0.1620962691740644,1.7830589609147083,11.0,0.9999999999999993,1.0000000000000016,6.169173449181403,8.921394022393156e-25,10.0,10,logcosh,1.0,stepsize_pilot
manuscript-pilot,D,pilot_logcosh_d10_k10_rho1_fb-gvi,FB--GVI,2500492809,159,0.280416974962791,5.952529977275738,0.0,nan,7.105427357601002e-15,3.971569745646104e-16,1.5592617023150766e-14,0.9999999999999857,1.0000000000000013,0.999999999999985,1.0000000000000022,1.9999999999999731,1.4300582951363435e-25,2.8779408903685537e-25,0.23500506300479174,0.08527284685987979,,nan,nan,nan,nan,nan,nan,nan,nan,159,159,159,159,159,0,159,159,0,0,0,1,False,False,0.5,0,nan,nan,nan,nan,0.16209626917406456,1.7830589609147085,0.1620962691740644,1.7830589609147083,11.0,0.9999999999999993,1.0000000000000016,6.169173449181403,8.82227766513688e-25,10.0,10,logcosh,1.0,stepsize_pilot
manuscript-pilot,D,pilot_logcosh_d10_k10_rho1_fb-gvi,FB--GVI,2500492809,160,0.280416974962791,5.952529977275738,0.0,nan,8.881784197001252e-15,3.9301346228832453e-16,1.5234593715305017e-14,0.9999999999999857,1.0000000000000038,0.9999999999999853,1.0000000000000027,1.9999999999999745,1.4482145670721738e-25,2.8945580247899265e-25,0.23645137302810326,0.0858085168292746,,nan,nan,nan,nan,nan,nan,nan,nan,160,160,160,160,160,0,160,160,0,0,0,1,False,False,0.5,0,nan,nan,nan,nan,0.16209626917406456,1.7830589609147085,0.1620962691740644,1.7830589609147083,11.0,0.9999999999999993,1.0000000000000016,6.169173449181403,8.92851525682449e-25,10.0,10,logcosh,1.0,stepsize_pilot
manuscript-pilot,D,pilot_logcosh_d10_k10_rho1_fb-gvi,FB--GVI,2500492809,161,0.280416974962791,5.952529977275737,-8.881784197001252e-16,nan,1.1324274851176597e-14,3.7853558335037716e-16,1.6136062525638932e-14,0.9999999999999845,1.0000000000000022,0.9999999999999845,1.0000000000000027,1.9999999999999711,1.4504921400401283e-25,2.8915602292193296e-25,0.2378895030124113,0.08634562679799274,,nan,nan,nan,nan,nan,nan,nan,nan,161,161,161,161,161,0,161,161,0,0,0,1,False,False,0.5,0,nan,nan,nan,nan,0.16209626917406456,1.7830589609147085,0.1620962691740644,1.7830589609147083,11.0,0.9999999999999993,1.0000000000000016,6.169173449181403,8.91926829640439e-25,10.0,10,logcosh,1.0,stepsize_pilot
manuscript-pilot,D,pilot_logcosh_d10_k10_rho1_fb-gvi,FB--GVI,2500492809,162,0.280416974962791,5.952529977275737,-8.881784197001252e-16,nan,3.774758283725532e-15,3.7623908743306007e-16,1.6716272369471123e-14,0.9999999999999836,1.0000000000000013,0.999999999999984,1.0000000000000018,1.9999999999999698,1.4496677113005562e-25,2.8809462545724063e-25,0.2393372330116108,0.08687047677813098,,nan,nan,nan,nan,nan,nan,nan,nan,162,162,162,162,162,0,162,162,0,0,0,1,False,False,0.5,0,nan,nan,nan,nan,0.16209626917406456,1.7830589609147085,0.1620962691740644,1.7830589609147083,11.0,0.9999999999999993,1.0000000000000016,6.169173449181403,8.886528571113349e-25,10.0,10,logcosh,1.0,stepsize_pilot
manuscript-pilot,D,pilot_logcosh_d10_k10_rho1_fb-gvi,FB--GVI,2500492809,163,0.280416974962791,5.952529977275738,0.0,nan,4.440892098500626e-15,3.947858669576927e-16,1.779841807764885e-14,0.9999999999999828,1.0000000000000016,0.9999999999999829,1.0000000000000016,1.9999999999999687,1.4368322408435175e-25,2.8734765525444575e-25,0.2407888330053538,0.08740585675695911,,nan,nan,nan,nan,nan,nan,nan,nan,163,163,163,163,163,0,163,163,0,0,0,1,False,False,0.5,0,nan,nan,nan,nan,0.16209626917406456,1.7830589609147085,0.1620962691740644,1.7830589609147083,11.0,0.9999999999999993,1.0000000000000016,6.169173449181403,8.863487627401289e-25,10.0,10,logcosh,1.0,stepsize_pilot
manuscript-pilot,D,pilot_logcosh_d10_k10_rho1_fb-gvi,FB--GVI,2500492809,164,0.280416974962791,5.952529977275737,-8.881784197001252e-16,nan,4.440892098500626e-15,3.813867578323164e-16,1.6241274277145434e-14,0.999999999999985,1.0000000000000013,0.9999999999999846,1.0000000000000018,1.9999999999999711,1.4302083902192755e-25,2.8704247713225282e-25,0.24223462300142273,0.08793006680207327,,nan,nan,nan,nan,nan,nan,nan,nan,164,164,164,164,164,0,164,164,0,0,0,1,False,False,0.5,0,nan,nan,nan,nan,0.16209626917406456,1.7830589609147085,0.1620962691740644,1.7830589609147083,11.0,0.9999999999999993,1.0000000000000016,6.169173449181403,8.823203627737363e-25,10.0,10,logcosh,1.0,stepsize_pilot
manuscript-pilot,D,pilot_logcosh_d10_k10_rho1_fb-gvi,FB--GVI,2500492809,165,0.280416974962791,5.952529977275738,0.0,nan,4.218847493575595e-15,3.948468424568528e-16,1.6233120148928376e-14,0.9999999999999842,1.0000000000000029,0.9999999999999849,1.0000000000000016,1.9999999999999711,1.447129188942082e-25,2.87719941025864e-25,0.24368999298894778,0.08846965676639229,,nan,nan,nan,nan,nan,nan,nan,nan,165,165,165,165,165,0,165,165,0,0,0,1,False,False,0.5,0,nan,nan,nan,nan,0.16209626917406456,1.7830589609147085,0.1620962691740644,1.7830589609147083,11.0,0.9999999999999993,1.0000000000000016,6.169173449181403,8.874971104883998e-25,10.0,10,logcosh,1.0,stepsize_pilot
manuscript-pilot,D,pilot_logcosh_d10_k10_rho1_fb-gvi,FB--GVI,2500492809,166,0.280416974962791,5.952529977275738,0.0,nan,9.103828801926284e-15,3.8938263298699534e-16,1.694682156611554e-14,0.9999999999999846,1.0000000000000024,0.9999999999999846,1.0000000000000013,1.9999999999999707,1.4532061757546956e-25,2.86823027777652e-25,0.24512010300531983,0.08899558678967878,,nan,nan,nan,nan,nan,nan,nan,nan,166,166,166,166,166,0,166,166,0,0,0,1,False,False,0.5,0,nan,nan,nan,nan,0.16209626917406456,1.7830589609147085,0.1620962691740644,1.7830589609147083,11.0,0.9999999999999993,1.0000000000000016,6.169173449181403,8.847305037898554e-25,10.0,10,logcosh,1.0,stepsize_pilot
manuscript-pilot,D,pilot_logcosh_d10_k10_rho1_fb-gvi,FB--GVI,2500492809,167,0.280416974962791,5.952529977275738,0.0,nan,8.881784197001254e-16,4.032327312544114e-16,1.8900011227478087e-14,0.9999999999999815,1.000000000000002,0.9999999999999827,1.0000000000000016,1.9999999999999682,1.418956246466178e-25,2.861511777229404e-25,0.24656427302397788,0.08952963683987036,,nan,nan,nan,nan,nan,nan,nan,nan,167,167,167,167,167,0,167,167,0,0,0,1,False,False,0.5,0,nan,nan,nan,nan,0.16209626917406456,1.7830589609147085,0.1620962691740644,1.7830589609147083,11.0,0.9999999999999993,1.0000000000000016,6.169173449181403,8.75378720124941e-25,10.0,10,logcosh,1.0,stepsize_pilot
manuscript-pilot,D,pilot_logcosh_d10_k10_rho1_fb-gvi,FB--GVI,2500492809,168,0.280416974962791,5.952529977275737,-8.881784197001252e-16,nan,2.2426505097428162e-14,3.9745993972772024e-16,1.8053971815689936e-14,0.9999999999999837,1.0000000000000016,0.9999999999999839,1.000000000000002,1.9999999999999696,1.4282138166576903e-25,2.8637677376964288e-25,0.2480050030280836,0.09005132684251294,,nan,nan,nan,nan,nan,nan,nan,nan,168,168,168,168,168,0,168,168,0,0,0,1,False,False,0.5,0,nan,nan,nan,nan,0.16209626917406456,1.7830589609147085,0.1620962691740644,1.7830589609147083,11.0,0.9999999999999993,1.0000000000000016,6.169173449181403,8.810898757478802e-25,10.0,10,logcosh,1.0,stepsize_pilot
manuscript-pilot,D,pilot_logcosh_d10_k10_rho1_fb-gvi,FB--GVI,2500492809,169,0.280416974962791,5.952529977275737,-8.881784197001252e-16,nan,7.327471962526033e-15,3.7917103047108847e-16,1.735980328218932e-14,0.9999999999999837,1.0000000000000007,0.9999999999999838,1.0000000000000009,1.9999999999999705,1.432316261985133e-25,2.8599142161660875e-25,0.24944984301691875,0.09058545681182295,,nan,nan,nan,nan,nan,nan,nan,nan,169,169,169,169,169,0,169,169,0,0,0,1,False,False,0.5,0,nan,nan,nan,nan,0.16209626917406456,1.7830589609147085,0.1620962691740644,1.7830589609147083,11.0,0.9999999999999993,1.0000000000000016,6.169173449181403,8.821653424654135e-25,10.0,10,logcosh,1.0,stepsize_pilot
manuscript-pilot,D,pilot_logcosh_d10_k10_rho1_fb-gvi,FB--GVI,2500492809,170,0.280416974962791,5.952529977275738,0.0,nan,1.0436096431476471e-14,4.0585115312601775e-16,1.8129904222298882e-14,0.9999999999999827,1.0000000000000016,0.9999999999999833,1.000000000000002,1.9999999999999674,1.4289149105770247e-25,2.869675756564444e-25,0.2508886230061762,0.09111956681590527,,nan,nan,nan,nan,nan,nan,nan,nan,170,170,170,170,170,0,170,170,0,0,0,1,False,False,0.5,0,nan,nan,nan,nan,0.16209626917406456,1.7830589609147085,0.1620962691740644,1.7830589609147083,11.0,0.9999999999999993,1.0000000000000016,6.169173449181403,8.815223927471353e-25,10.0,10,logcosh,1.0,stepsize_pilot
manuscript-pilot,D,pilot_logcosh_d10_k10_rho1_fb-gvi,FB--GVI,2500492809,171,0.280416974962791,5.952529977275738,0.0,nan,3.1086244689504383e-15,3.8321294114307615e-16,1.5668594596085724e-14,0.9999999999999852,1.0000000000000002,0.9999999999999842,1.0000000000000009,1.9999999999999727,1.4296894333744833e-25,2.868121526652153e-25,0.2523215329856612,0.09164063684875146,,nan,nan,nan,nan,nan,nan,nan,nan,171,171,171,171,171,0,171,171,0,0,0,1,False,False,0.5,0,nan,nan,nan,nan,0.16209626917406456,1.7830589609147085,0.1620962691740644,1.7830589609147083,11.0,0.9999999999999993,1.0000000000000016,6.169173449181403,8.820002092949197e-25,10.0,10,logcosh,1.0,stepsize_pilot
manuscript-pilot,D,pilot_logcosh_d10_k10_rho1_fb-gvi,FB--GVI,2500492809,172,0.280416974962791,5.952529977275737,-8.881784197001252e-16,nan,6.661338147750939e-15,3.884541300369194e-16,1.702184995541901e-14,0.999999999999984,1.0000000000000016,0.9999999999999842,1.0000000000000013,1.99999999999997,1.4341844203537075e-25,2.869678697300611e-25,0.25377173302695155,0.09217458683997393,,nan,nan,nan,nan,nan,nan,nan,nan,172,172,172,172,172,0,172,172,0,0,0,1,False,False,0.5,0,nan,nan,nan,nan,0.16209626917406456,1.7830589609147085,0.1620962691740644,1.7830589609147083,11.0,0.9999999999999993,1.0000000000000016,6.169173449181403,8.847732447275854e-25,10.0,10,logcosh,1.0,stepsize_pilot
manuscript-pilot,D,pilot_logcosh_d10_k10_rho1_fb-gvi,FB--GVI,2500492809,173,0.280416974962791,5.952529977275738,0.0,nan,3.3306690738754696e-15,3.818283603795215e-16,1.7104193573143625e-14,0.9999999999999841,1.0,0.9999999999999837,0.9999999999999999,1.9999999999999702,1.4251557619900251e-25,2.8591109108124127e-25,0.255220293009188,0.0927053468185477,,nan,nan,nan,nan,nan,nan,nan,nan,173,173,173,173,173,0,173,173,0,0,0,1,False,False,0.5,0,nan,nan,nan,nan,0.16209626917406456,1.7830589609147085,0.1620962691740644,1.7830589609147083,11.0,0.9999999999999993,1.0000000000000016,6.169173449181403,8.792033087816894e-25,10.0,10,logcosh,1.0,stepsize_pilot
manuscript-pilot,D,pilot_logcosh_d10_k10_rho1_fb-gvi,FB--GVI,2500492809,174,0.280416974962791,5.952529977275737,-8.881784197001252e-16,nan,0.0,3.649356870112559e-16,1.7919050233303753e-14,0.9999999999999831,1.0000000000000007,0.9999999999999827,1.0000000000000013,1.9999999999999705,1.4158660993650247e-25,2.849379423568285e-25,0.25667488301405683,0.09324304683832452,,nan,nan,nan,nan,nan,nan,nan,nan,174,174,174,174,174,0,174,174,0,0,0,1,False,False,0.5,0,nan,nan,nan,nan,0.16209626917406456,1.7830589609147085,0.1620962691740644,1.7830589609147083,11.0,0.9999999999999993,1.0000000000000016,6.169173449181403,8.734723547798897e-25,10.0,10,logcosh,1.0,stepsize_pilot
manuscript-pilot,D,pilot_logcosh_d10_k10_rho1_fb-gvi,FB--GVI,2500492809,175,0.280416974962791,5.952529977275739,8.881784197001252e-16,nan,3.9968028886505635e-15,3.712146111360741e-16,1.6736030310099772e-14,0.9999999999999839,1.0000000000000013,0.999999999999984,1.0000000000000016,1.9999999999999705,1.4353403367977556e-25,2.876417379304836e-25,0.25811468303436413,0.09376694686943665,,nan,nan,nan,nan,nan,nan,nan,nan,175,175,175,175,175,0,175,175,0,0,0,1,False,False,0.5,0,nan,nan,nan,nan,0.16209626917406456,1.7830589609147085,0.1620962691740644,1.7830589609147083,11.0,0.9999999999999993,1.0000000000000016,6.169173449181403,8.85486349631195e-25,10.0,10,logcosh,1.0,stepsize_pilot
manuscript-pilot,D,pilot_logcosh_d10_k10_rho1_fb-gvi,FB--GVI,2500492809,176,0.280416974962791,5.952529977275736,-1.7763568394002505e-15,nan,0.0,3.721861244727588e-16,1.6814837641450693e-14,0.9999999999999843,1.000000000000002,0.9999999999999847,1.0000000000000018,1.999999999999971,1.4481244573048483e-25,2.867371022880907e-25,0.2595648820279166,0.09430307685397565,,nan,nan,nan,nan,nan,nan,nan,nan,176,176,176,176,176,0,176,176,0,0,0,1,False,False,0.5,0,nan,nan,nan,nan,0.16209626917406456,1.7830589609147085,0.1620962691740644,1.7830589609147083,11.0,0.9999999999999993,1.0000000000000016,6.169173449181403,8.844654591654508e-25,10.0,10,logcosh,1.0,stepsize_pilot
manuscript-pilot,D,pilot_logcosh_d10_k10_rho1_fb-gvi,FB--GVI,2500492809,177,0.280416974962791,5.952529977275737,-8.881784197001252e-16,nan,1.2878587085651816e-14,3.7809013491777665e-16,1.691900169503472e-14,0.9999999999999839,1.000000000000001,0.9999999999999832,1.0000000000000016,1.9999999999999694,1.4397893295120315e-25,2.870371564399769e-25,0.26099528203485534,0.09482619684422389,,nan,nan,nan,nan,nan,nan,nan,nan,177,177,177,177,177,0,177,177,0,0,0,1,False,False,0.5,0,nan,nan,nan,nan,0.16209626917406456,1.7830589609147085,0.1620962691740644,1.7830589609147083,11.0,0.9999999999999993,1.0000000000000016,6.169173449181403,8.853910022190172e-25,10.0,10,logcosh,1.0,stepsize_pilot
manuscript-pilot,D,pilot_logcosh_d10_k10_rho1_fb-gvi,FB--GVI,2500492809,178,0.280416974962791,5.952529977275738,0.0,nan,1.1102230246251565e-14,3.7238012298709097e-16,1.5415108471849132e-14,0.9999999999999853,1.000000000000001,0.9999999999999849,1.0000000000000013,1.999999999999974,1.424408570326333e-25,2.8696409482284535e-25,0.2624567620223388,0.09536884684348479,,nan,nan,nan,nan,nan,nan,nan,nan,178,178,178,178,178,0,178,178,0,0,0,1,False,False,0.5,0,nan,nan,nan,nan,0.16209626917406456,1.7830589609147085,0.1620962691740644,1.7830589609147083,11.0,0.9999999999999993,1.0000000000000016,6.169173449181403,8.787423532843785e-25,10.0,10,logcosh,1.0,stepsize_pilot
manuscript-pilot,D,pilot_logcosh_d10_k10_rho1_fb-gvi,FB--GVI,2500492809,179,0.280416974962791,5.952529977275738,0.0,nan,1.2878587085651816e-14,3.68807269888147e-16,1.5006303550430534e-14,0.9999999999999852,1.0000000000000027,0.9999999999999855,1.0000000000000013,1.9999999999999738,1.4470137593936502e-25,2.8862415938774447e-25,0.2639102319953963,0.09591063688276336,,nan,nan,nan,nan,nan,nan,nan,nan,179,179,179,179,179,0,179,179,0,0,0,1,False,False,0.5,0,nan,nan,nan,nan,0.16209626917406456,1.7830589609147085,0.1620962691740644,1.7830589609147083,11.0,0.9999999999999993,1.0000000000000016,6.169173449181403,8.902862504435874e-25,10.0,10,logcosh,1.0,stepsize_pilot
manuscript-pilot,D,pilot_logcosh_d10_k10_rho1_fb-gvi,FB--GVI,2500492809,180,0.280416974962791,5.952529977275736,-1.7763568394002505e-15,nan,4.440892098500627e-16,3.8390335892543736e-16,1.5679664665140646e-14,0.999999999999985,1.0000000000000022,0.9999999999999843,1.0000000000000016,1.9999999999999727,1.4571961525022457e-25,2.8884921148379496e-25,0.2653406619792804,0.0964334768941626,,nan,nan,nan,nan,nan,nan,nan,nan,180,180,180,180,180,0,180,180,0,0,0,1,False,False,0.5,0,nan,nan,nan,nan,0.16209626917406456,1.7830589609147085,0.1620962691740644,1.7830589609147083,11.0,0.9999999999999993,1.0000000000000016,6.169173449181403,8.90980443151406e-25,10.0,10,logcosh,1.0,stepsize_pilot
manuscript-pilot,D,pilot_logcosh_d10_k10_rho1_fb-gvi,FB--GVI,2500492809,181,0.280416974962791,5.952529977275737,-8.881784197001252e-16,nan,9.992007221626409e-15,3.671717528720129e-16,1.545590712692433e-14,0.9999999999999849,1.0000000000000009,0.9999999999999849,1.000000000000001,1.9999999999999718,1.426764780612638e-25,2.8816833905647877e-25,0.26682173198787495,0.09699387691216543,,nan,nan,nan,nan,nan,nan,nan,nan,181,181,181,181,181,0,181,181,0,0,0,1,False,False,0.5,0,nan,nan,nan,nan,0.16209626917406456,1.7830589609147085,0.1620962691740644,1.7830589609147083,11.0,0.9999999999999993,1.0000000000000016,6.169173449181403,8.801959402782749e-25,10.0,10,logcosh,1.0,stepsize_pilot
manuscript-pilot,D,pilot_logcosh_d10_k10_rho1_fb-gvi,FB--GVI,2500492809,182,0.280416974962791,5.952529977275737,-8.881784197001252e-16,nan,3.774758283725532e-15,3.873369885097028e-16,1.7116908527619758e-14,0.999999999999983,1.0000000000000009,0.9999999999999837,1.000000000000001,1.9999999999999678,1.4382877038414831e-25,2.877910891506554e-25,0.2682645919849165,0.09751955687534064,,nan,nan,nan,nan,nan,nan,nan,nan,182,182,182,182,182,0,182,182,0,0,0,1,False,False,0.5,0,nan,nan,nan,nan,0.16209626917406456,1.7830589609147085,0.1620962691740644,1.7830589609147083,11.0,0.9999999999999993,1.0000000000000016,6.169173449181403,8.873046314823113e-25,10.0,10,logcosh,1.0,stepsize_pilot
manuscript-pilot,D,pilot_logcosh_d10_k10_rho1_fb-gvi,FB--GVI,2500492809,183,0.280416974962791,5.952529977275738,0.0,nan,0.0,3.6248664865870465e-16,1.7516236876497397e-14,0.9999999999999833,1.0000000000000013,0.9999999999999833,1.0000000000000022,1.9999999999999682,1.4289717506321225e-25,2.8726769273055973e-25,0.26971166202565655,0.09805836685700342,,nan,nan,nan,nan,nan,nan,nan,nan,183,183,183,183,183,0,183,183,0,0,0,1,False,False,0.5,0,nan,nan,nan,nan,0.16209626917406456,1.7830589609147085,0.1620962691740644,1.7830589609147083,11.0,0.9999999999999993,1.0000000000000016,6.169173449181403,8.815574583630107e-25,10.0,10,logcosh,1.0,stepsize_pilot
manuscript-pilot,D,pilot_logcosh_d10_k10_rho1_fb-gvi,FB--GVI,2500492809,184,0.280416974962791,5.952529977275739,8.881784197001252e-16,nan,2.220446049250313e-15,3.670405966781974e-16,1.559939154992021e-14,0.9999999999999847,1.0000000000000018,0.9999999999999851,1.0000000000000016,1.9999999999999716,1.427782235815441e-25,2.88399620572689e-25,0.27114994201110676,0.09858165687182918,,nan,nan,nan,nan,nan,nan,nan,nan,184,184,184,184,184,0,184,184,0,0,0,1,False,False,0.5,0,nan,nan,nan,nan,0.16209626917406456,1.7830589609147085,0.1620962691740644,1.7830589609147083,11.0,0.9999999999999993,1.0000000000000016,6.169173449181403,8.808236260405614e-25,10.0,10,logcosh,1.0,stepsize_pilot
manuscript-pilot,D,pilot_logcosh_d10_k10_rho1_fb-gvi,FB--GVI,2500492809,185,0.280416974962791,5.952529977275738,0.0,nan,6.217248937900877e-15,3.6880726988814704e-16,1.5507403010724588e-14,0.9999999999999852,1.0000000000000013,0.9999999999999851,1.0000000000000013,1.999999999999973,1.4473813812926584e-25,2.877964174355554e-25,0.2726041020359844,0.09912803687620908,,nan,nan,nan,nan,nan,nan,nan,nan,185,185,185,185,185,0,185,185,0,0,0,1,False,False,0.5,0,nan,nan,nan,nan,0.16209626917406456,1.7830589609147085,0.1620962691740644,1.7830589609147083,11.0,0.9999999999999993,1.0000000000000016,6.169173449181403,8.87733008606478e-25,10.0,10,logcosh,1.0,stepsize_pilot
manuscript-pilot,D,pilot_logcosh_d10_k10_rho1_fb-gvi,FB--GVI,2500492809,186,0.280416974962791,5.952529977275737,-8.881784197001252e-16,nan,4.218847493575595e-15,3.6407709131783e-16,1.7479227998815275e-14,0.9999999999999828,1.000000000000001,0.9999999999999832,1.000000000000001,1.9999999999999696,1.4312797178897633e-25,2.871220991499707e-25,0.27404809201834723,0.09966074686963111,,nan,nan,nan,nan,nan,nan,nan,nan,186,186,186,186,186,0,186,186,0,0,0,1,False,False,0.5,0,nan,nan,nan,nan,0.16209626917406456,1.7830589609147085,0.1620962691740644,1.7830589609147083,11.0,0.9999999999999993,1.0000000000000016,6.169173449181403,8.829812833957528e-25,10.0,10,logcosh,1.0,stepsize_pilot
manuscript-pilot,D,pilot_logcosh_d10_k10_rho1_fb-gvi,FB--GVI,2500492809,187,0.280416974962791,5.952529977275737,-8.881784197001252e-16,nan,3.1086244689504383e-15,3.8696389130784226e-16,1.6470916165325427e-14,0.9999999999999843,1.000000000000002,0.9999999999999846,1.0000000000000024,1.9999999999999707,1.4458175850112162e-25,2.885487755841638e-25,0.275516711990349,0.10020328685641289,,nan,nan,nan,nan,nan,nan,nan,nan,187,187,187,187,187,0,187,187,0,0,0,1,False,False,0.5,0,nan,nan,nan,nan,0.16209626917406456,1.7830589609147085,0.1620962691740644,1.7830589609147083,11.0,0.9999999999999993,1.0000000000000016,6.169173449181403,8.900537225638133e-25,10.0,10,logcosh,1.0,stepsize_pilot
manuscript-pilot,D,pilot_logcosh_d10_k10_rho1_fb-gvi,FB--GVI,2500492809,188,0.280416974962791,5.952529977275738,0.0,nan,1.2656542480726785e-14,3.846551286250443e-16,1.7410251377827853e-14,0.999999999999983,1.0000000000000022,0.9999999999999832,1.0000000000000022,1.9999999999999687,1.4338589742980463e-25,2.88701881009087e-25,0.2769762820098549,0.10073619685135782,,nan,nan,nan,nan,nan,nan,nan,nan,188,188,188,188,188,0,188,188,0,0,0,1,False,False,0.5,0,nan,nan,nan,nan,0.16209626917406456,1.7830589609147085,0.1620962691740644,1.7830589609147083,11.0,0.9999999999999993,1.0000000000000016,6.169173449181403,8.845724714110138e-25,10.0,10,logcosh,1.0,stepsize_pilot
manuscript-pilot,D,pilot_logcosh_d10_k10_rho1_fb-gvi,FB--GVI,2500492809,189,0.280416974962791,5.952529977275739,8.881784197001252e-16,nan,1.2434497875801753e-14,3.7089020784843903e-16,1.7364306603032178e-14,0.9999999999999833,1.0000000000000018,0.9999999999999827,1.000000000000002,1.9999999999999678,1.4526827777343136e-25,2.8854584846941284e-25,0.278434281994123,0.10127053683390841,,nan,nan,nan,nan,nan,nan,nan,nan,189,189,189,189,189,0,189,189,0,0,0,1,False,False,0.5,0,nan,nan,nan,nan,0.16209626917406456,1.7830589609147085,0.1620962691740644,1.7830589609147083,11.0,0.9999999999999993,1.0000000000000016,6.169173449181403,8.90044693624511e-25,10.0,10,logcosh,1.0,stepsize_pilot
manuscript-pilot,D,pilot_logcosh_d10_k10_rho1_fb-gvi,FB--GVI,2500492809,190,0.280416974962791,5.952529977275737,-8.881784197001252e-16,nan,5.10702591327572e-15,3.8113418379280446e-16,1.811825137139179e-14,0.9999999999999823,1.0000000000000016,0.9999999999999829,1.0000000000000022,1.999999999999967,1.4371920983745711e-25,2.8832142183258094e-25,0.2798739119898528,0.10180434683570638,,nan,nan,nan,nan,nan,nan,nan,nan,190,190,190,190,190,0,190,190,0,0,0,1,False,False,0.5,0,nan,nan,nan,nan,0.16209626917406456,1.7830589609147085,0.1620962691740644,1.7830589609147083,11.0,0.9999999999999993,1.0000000000000016,6.169173449181403,8.866287334665869e-25,10.0,10,logcosh,1.0,stepsize_pilot
manuscript-pilot,D,pilot_logcosh_d10_k10_rho1_fb-gvi,FB--GVI,2500492809,191,0.280416974962791,5.952529977275739,8.881784197001252e-16,nan,5.995204332975845e-15,3.9915229505720506e-16,1.8358929315164785e-14,0.9999999999999825,1.0000000000000016,0.9999999999999829,1.000000000000003,1.9999999999999674,1.4469950586871177e-25,2.87117213772576e-25,0.2813063720241189,0.10232234688010067,,nan,nan,nan,nan,nan,nan,nan,nan,191,191,191,191,191,0,191,191,0,0,0,1,False,False,0.5,0,nan,nan,nan,nan,0.16209626917406456,1.7830589609147085,0.1620962691740644,1.7830589609147083,11.0,0.9999999999999993,1.0000000000000016,6.169173449181403,8.856379460043586e-25,10.0,10,logcosh,1.0,stepsize_pilot
manuscript-pilot,D,pilot_logcosh_d10_k10_rho1_fb-gvi,FB--GVI,2500492809,192,0.280416974962791,5.952529977275738,0.0,nan,6.217248937900877e-15,3.932584068196064e-16,1.680784909892818e-14,0.9999999999999838,1.0000000000000009,0.9999999999999837,1.0000000000000016,1.9999999999999702,1.4365333531571662e-25,2.8726305621306703e-25,0.2827587120118551,0.10286012687720358,,nan,nan,nan,nan,nan,nan,nan,nan,192,192,192,192,192,0,192,192,0,0,0,1,False,False,0.5,0,nan,nan,nan,nan,0.16209626917406456,1.7830589609147085,0.1620962691740644,1.7830589609147083,11.0,0.9999999999999993,1.0000000000000016,6.169173449181403,8.860878096601791e-25,10.0,10,logcosh,1.0,stepsize_pilot
manuscript-pilot,D,pilot_logcosh_d10_k10_rho1_fb-gvi,FB--GVI,2500492809,193,0.280416974962791,5.952529977275736,-1.7763568394002505e-15,nan,8.881784197001252e-15,3.9502971248246094e-16,1.691460742033984e-14,0.9999999999999837,1.0000000000000013,0.9999999999999841,1.0000000000000018,1.9999999999999687,1.4319024350492821e-25,2.8741533387778926e-25,0.28417924197856337,0.10337632690789178,,nan,nan,nan,nan,nan,nan,nan,nan,193,193,193,193,193,0,193,193,0,0,0,1,False,False,0.5,0,nan,nan,nan,nan,0.16209626917406456,1.7830589609147085,0.1620962691740644,1.7830589609147083,11.0,0.9999999999999993,1.0000000000000016,6.169173449181403,8.833654484124374e-25,10.0,10,logcosh,1.0,stepsize_pilot
manuscript-pilot,D,pilot_logcosh_d10_k10_rho1_fb-gvi,FB--GVI,2500492809,194,0.280416974962791,5.952529977275738,0.0,nan,6.8833827526759706e-15,3.9405342501521396e-16,1.6036849142825207e-14,0.9999999999999853,1.000000000000002,0.9999999999999851,1.0000000000000018,1.999999999999973,1.429353053310362e-25,2.8809818740623853e-25,0.28563617198960856,0.10391688690287992,,nan,nan,nan,nan,nan,nan,nan,nan,194,194,194,194,194,0,194,194,0,0,0,1,False,False,0.5,0,nan,nan,nan,nan,0.16209626917406456,1.7830589609147085,0.1620962691740644,1.7830589609147083,11.0,0.9999999999999993,1.0000000000000016,6.169173449181403,8.817926905988786e-25,10.0,10,logcosh,1.0,stepsize_pilot
manuscript-pilot,D,pilot_logcosh_d10_k10_rho1_fb-gvi,FB--GVI,2500492809,195,0.280416974962791,5.952529977275736,-1.7763568394002505e-15,nan,7.549516567451064e-15,3.9776267413045607e-16,1.6228370357201453e-14,0.9999999999999848,1.000000000000003,0.999999999999985,1.0000000000000036,1.9999999999999725,1.4558158808268007e-25,2.882481527759405e-25,0.28706133202649653,0.10443703690543771,,nan,nan,nan,nan,nan,nan,nan,nan,195,195,195,195,195,0,195,195,0,0,0,1,False,False,0.5,0,nan,nan,nan,nan,0.16209626917406456,1.7830589609147085,0.1620962691740644,1.7830589609147083,11.0,0.9999999999999993,1.0000000000000016,6.169173449181403,8.891264254404584e-25,10.0,10,logcosh,1.0,stepsize_pilot
manuscript-pilot,D,pilot_logcosh_d10_k10_rho1_fb-gvi,FB--GVI,2500492809,196,0.280416974962791,5.952529977275738,0.0,nan,4.884981308350689e-15,3.996345088181344e-16,1.5136302923687908e-14,0.9999999999999855,1.0000000000000027,0.9999999999999856,1.0000000000000033,1.999999999999975,1.4459190327897396e-25,2.8930379102643036e-25,0.28850498201791197,0.10496695688925683,,nan,nan,nan,nan,nan,nan,nan,nan,196,196,196,196,196,0,196,196,0,0,0,1,False,False,0.5,0,nan,nan,nan,nan,0.16209626917406456,1.7830589609147085,0.1620962691740644,1.7830589609147083,11.0,0.9999999999999993,1.0000000000000016,6.169173449181403,8.920125306752647e-25,10.0,10,logcosh,1.0,stepsize_pilot
manuscript-pilot,D,pilot_logcosh_d10_k10_rho1_fb-gvi,FB--GVI,2500492809,197,0.280416974962791,5.952529977275738,0.0,nan,1.7763568394002505e-15,3.8969164234678367e-16,1.5320471144116313e-14,0.9999999999999865,1.0000000000000027,0.9999999999999866,1.0000000000000029,1.9999999999999762,1.4391116627053055e-25,2.9006511982655655e-25,0.2899478320032358,0.10550354688894004,,nan,nan,nan,nan,nan,nan,nan,nan,197,197,197,197,197,0,197,197,0,0,0,1,False,False,0.5,0,nan,nan,nan,nan,0.16209626917406456,1.7830589609147085,0.1620962691740644,1.7830589609147083,11.0,0.9999999999999993,1.0000000000000016,6.169173449181403,8.878129459968994e-25,10.0,10,logcosh,1.0,stepsize_pilot
manuscript-pilot,D,pilot_logcosh_d10_k10_rho1_fb-gvi,FB--GVI,2500492809,198,0.280416974962791,5.952529977275738,0.0,nan,4.6629367034256575e-15,3.9502971248246094e-16,1.617715611155785e-14,0.9999999999999843,1.0000000000000018,0.9999999999999847,1.0000000000000018,1.999999999999971,1.4371638554519668e-25,2.880168020148312e-25,0.29138721199706197,0.10602315689902753,,nan,nan,nan,nan,nan,nan,nan,nan,198,198,198,198,198,0,198,198,0,0,0,1,False,False,0.5,0,nan,nan,nan,nan,0.16209626917406456,1.7830589609147085,0.1620962691740644,1.7830589609147083,11.0,0.9999999999999993,1.0000000000000016,6.169173449181403,8.866113099177592e-25,10.0,10,logcosh,1.0,stepsize_pilot
manuscript-pilot,D,pilot_logcosh_d10_k10_rho1_fb-gvi,FB--GVI,2500492809,199,0.280416974962791,5.952529977275737,-8.881784197001252e-16,nan,2.4424906541753444e-15,3.935031988799249e-16,1.5686212379785472e-14,0.999999999999985,1.0000000000000016,0.999999999999985,1.000000000000002,1.9999999999999711,1.4382721972680067e-25,2.8764051994047763e-25,0.29283055098494515,0.10656307690078393,,nan,nan,nan,nan,nan,nan,nan,nan,199,199,199,199,199,0,199,199,0,0,0,1,False,False,0.5,0,nan,nan,nan,nan,0.16209626917406456,1.7830589609147085,0.1620962691740644,1.7830589609147083,11.0,0.9999999999999993,1.0000000000000016,6.169173449181403,8.872521292627643e-25,10.0,10,logcosh,1.0,stepsize_pilot
manuscript-pilot,D,pilot_logcosh_d10_k10_rho1_fb-gvi,FB--GVI,2500492809,200,0.280416974962791,5.952529977275738,0.0,nan,1.2212453270876722e-14,3.9891096958468734e-16,1.6235414575757286e-14,0.999999999999985,1.0000000000000016,0.999999999999985,1.0000000000000027,1.9999999999999722,1.4432896013172352e-25,2.8862455685579176e-25,0.2942648010211997,0.10708401689771563,,nan,nan,nan,nan,nan,nan,nan,nan,200,200,200,200,200,0,200,200,0,0,0,1,False,False,0.5,0,nan,nan,nan,nan,0.16209626917406456,1.7830589609147085,0.1620962691740644,1.7830589609147083,11.0,0.9999999999999993,1.0000000000000016,6.169173449181403,8.902874764682495e-25,10.0,10,logcosh,1.0,stepsize_pilot
