tier,experiment,job_id,method,seed,iteration,step_size,objective,objective_gap,exact_gaussian_kl,w2_squared,mean_error,covariance_error,covariance_min_eigenvalue,covariance_max_eigenvalue,relative_covariance_min_eigenvalue,relative_covariance_max_eigenvalue,gaussian_core_rate,fisher_rao_residual_squared,bures_wasserstein_residual_squared,wall_time_seconds,algorithm_seconds,repair,equivariance_error_mean,equivariance_error_covariance,equivariance_error_back,local_gamma,local_lambda,predictive_nll,classification_error,brier,iterations,gradient_evaluations,hessian_evaluations,oracle_pairs,expectation_evaluations,matrix_exponentials,matrix_square_roots,eigendecompositions,cholesky_factorizations,cholesky_solves,roundoff_repairs,batch_size,quadratic_rescue,raw_mean_ablation,normalized_step_size,problem_instance,local_kl_gamma,local_discrete_rate,predicted_contraction,local_radius,alpha,beta,alpha_star,beta_star,kappa_star,lambda_0_star,lambda_0_star_max,lambda_max_star,certified_gap,grid_condition,grid_dimension,grid_family,grid_rho,grid_role
manuscript-pilot,D,pilot_logcosh_d10_k10_rho1_fb-gvi,FB--GVI,2500492809,0,0.0,8.112338983637708,2.1598090063619697,nan,4.562957184844511,2.1361079525259266,2.9495198569914895e-15,1.0,1.0,0.9999999999999981,1.0000000000000013,2.0000000000000018,3.8248759027547212,3.8906654092881583,0.0006593699799850583,0.0,,nan,nan,nan,nan,nan,nan,nan,nan,0,0,0,0,0,0,0,0,0,0,0,1,False,False,2.0,0,nan,nan,nan,nan,0.16209626917406456,1.7830589609147085,0.1620962691740644,1.7830589609147083,11.0,0.9999999999999993,1.0000000000000016,6.169173449181403,12.001094871314502,10.0,10,logcosh,1.0,stepsize_pilot
manuscript-pilot,D,pilot_logcosh_d10_k10_rho1_fb-gvi,FB--GVI,2500492809,1,1.121667899851164,6.057261360652738,0.1047313833770005,nan,0.14513584024113999,0.13282046735655048,0.7604364241114488,1.1225624176871671,1.4185637834582685,1.1225624176871662,1.4185637834582692,2.554565144926774,0.19555844088594396,0.2915695151216817,0.0023350799456238747,0.0005712200072593987,,nan,nan,nan,nan,nan,nan,nan,nan,1,1,1,1,1,0,1,1,0,0,0,1,False,False,2.0,0,nan,nan,nan,nan,0.16209626917406456,1.7830589609147085,0.1620962691740644,1.7830589609147083,11.0,0.9999999999999993,1.0000000000000016,6.169173449181403,0.8993714556396872,10.0,10,logcosh,1.0,stepsize_pilot
manuscript-pilot,D,pilot_logcosh_d10_k10_rho1_fb-gvi,FB--GVI,2500492809,2,1.121667899851164,6.033636412537872,0.08110643526213401,nan,0.1050225291468347,0.019204798997139408,0.680627237372411,1.1815753618602463,1.256838646947395,1.181575361860246,1.2568386469473944,2.4379834407370344,0.1474412929061039,0.2412279563380685,0.0038352699484676123,0.001113790029194206,,nan,nan,nan,nan,nan,nan,nan,nan,2,2,2,2,2,0,2,2,0,0,0,1,False,False,2.0,0,nan,nan,nan,nan,0.16209626917406456,1.7830589609147085,0.1620962691740644,1.7830589609147083,11.0,0.9999999999999993,1.0000000000000016,6.169173449181403,0.7440885517205515,10.0,10,logcosh,1.0,stepsize_pilot
manuscript-pilot,D,pilot_logcosh_d10_k10_rho1_fb-gvi,FB--GVI,2500492809,3,1.121667899851164,6.036090289693221,0.0835603124174833,nan,0.10860279567863904,0.013246922669406245,0.6930549570981671,1.201331462980106,1.24298923334754,1.2013314629801062,1.2429892333475396,2.44113346110018,0.15123627821609728,0.24734883077325162,0.005324569996446371,0.0016543300589546561,,nan,nan,nan,nan,nan,nan,nan,nan,3,3,3,3,3,0,3,3,0,0,0,1,False,False,2.0,0,nan,nan,nan,nan,0.16209626917406456,1.7830589609147085,0.1620962691740644,1.7830589609147083,11.0,0.9999999999999993,1.0000000000000016,6.169173449181403,0.762968919746204,10.0,10,logcosh,1.0,stepsize_pilot
manuscript-pilot,D,pilot_logcosh_d10_k10_rho1_fb-gvi,FB--GVI,2500492809,4,1.121667899851164,6.035322473055167,0.08279249577942949,nan,0.107482151400331,0.013437276530310153,0.6893048791467535,1.1958006798640741,1.2440548169213028,1.195800679864075,1.2440548169213024,2.439241660030183,0.14995256404118876,0.24540393873404295,0.006798379996325821,0.0021943800966255367,,nan,nan,nan,nan,nan,nan,nan,nan,4,4,4,4,4,0,4,4,0,0,0,1,False,False,2.0,0,nan,nan,nan,nan,0.16209626917406456,1.7830589609147085,0.1620962691740644,1.7830589609147083,11.0,0.9999999999999993,1.0000000000000016,6.169173449181403,0.7569697315812988,10.0,10,logcosh,1.0,stepsize_pilot
manuscript-pilot,D,pilot_logcosh_d10_k10_rho1_fb-gvi,FB--GVI,2500492809,5,1.121667899851164,6.035523396222138,0.08299341894640033,nan,0.10777542695891315,0.013410114649804579,0.690285154799654,1.1976155957656058,1.2440150777113963,1.1976155957656058,1.2440150777113965,2.439724915517747,0.1502900683215615,0.24591571971279721,0.008262759947683662,0.00271476007765159,,nan,nan,nan,nan,nan,nan,nan,nan,5,5,5,5,5,0,5,5,0,0,0,1,False,False,2.0,0,nan,nan,nan,nan,0.16209626917406456,1.7830589609147085,0.1620962691740644,1.7830589609147083,11.0,0.9999999999999993,1.0000000000000016,6.169173449181403,0.7585483643942622,10.0,10,logcosh,1.0,stepsize_pilot
manuscript-pilot,D,pilot_logcosh_d10_k10_rho1_fb-gvi,FB--GVI,2500492809,6,1.121667899851164,6.035470934036438,0.08294095676069979,nan,0.10769827442341899,0.013421835892847348,0.6900271162138133,1.1970778689515131,1.2440114767556962,1.197077868951512,1.2440114767556951,2.439599524277166,0.15020269723115373,0.24578313907348218,0.009739349945448339,0.003256250114645809,,nan,nan,nan,nan,nan,nan,nan,nan,6,6,6,6,6,0,6,6,0,0,0,1,False,False,2.0,0,nan,nan,nan,nan,0.16209626917406456,1.7830589609147085,0.1620962691740644,1.7830589609147083,11.0,0.9999999999999993,1.0000000000000016,6.169173449181403,0.7581394079142934,10.0,10,logcosh,1.0,stepsize_pilot
manuscript-pilot,D,pilot_logcosh_d10_k10_rho1_fb-gvi,FB--GVI,2500492809,7,1.121667899851164,6.0354849014820005,0.0829549242062626,nan,0.10771899236920217,0.01341762647039177,0.6900964421342165,1.1972370671096038,1.244012416171181,1.1972370671096044,1.2440124161711812,2.4396322512826925,0.15022567137303522,0.24581808312569375,0.011269209964666516,0.003782120067626238,,nan,nan,nan,nan,nan,nan,nan,nan,7,7,7,7,7,0,7,7,0,0,0,1,False,False,2.0,0,nan,nan,nan,nan,0.16209626917406456,1.7830589609147085,0.1620962691740644,1.7830589609147083,11.0,0.9999999999999993,1.0000000000000016,6.169173449181403,0.7582471958738485,10.0,10,logcosh,1.0,stepsize_pilot
manuscript-pilot,D,pilot_logcosh_d10_k10_rho1_fb-gvi,FB--GVI,2500492809,8,1.121667899851164,6.035481069080758,0.08295109180502003,nan,0.10771326898912786,0.013418908128600996,0.690077293413435,1.1971899380750053,1.2440123008243196,1.1971899380750055,1.2440123008243191,2.439623388554793,0.15021942951183073,0.2458085734892583,0.012762149970512837,0.004318570077884942,,nan,nan,nan,nan,nan,nan,nan,nan,8,8,8,8,8,0,8,8,0,0,0,1,False,False,2.0,0,nan,nan,nan,nan,0.16209626917406456,1.7830589609147085,0.1620962691740644,1.7830589609147083,11.0,0.9999999999999993,1.0000000000000016,6.169173449181403,0.758217862575544,10.0,10,logcosh,1.0,stepsize_pilot
manuscript-pilot,D,pilot_logcosh_d10_k10_rho1_fb-gvi,FB--GVI,2500492809,9,1.121667899851164,6.035482144534953,0.08295216725921506,nan,0.10771488221897965,0.013418538304246998,0.6900826892965125,1.1972038895125356,1.24401231036943,1.1972038895125356,1.2440123103694298,2.4396258538036424,0.15022116996464796,0.24581122795284144,0.014223609992768615,0.004838800057768822,,nan,nan,nan,nan,nan,nan,nan,nan,9,9,9,9,9,0,9,9,0,0,0,1,False,False,2.0,0,nan,nan,nan,nan,0.16209626917406456,1.7830589609147085,0.1620962691740644,1.7830589609147083,11.0,0.9999999999999993,1.0000000000000016,6.169173449181403,0.7582260504986735,10.0,10,logcosh,1.0,stepsize_pilot
manuscript-pilot,D,pilot_logcosh_d10_k10_rho1_fb-gvi,FB--GVI,2500492809,10,1.121667899851164,6.035481838339857,0.08295186106411911,nan,0.10771442165566508,0.013418644021732068,0.6900811491889165,1.19719975952171,1.2440123099288194,1.1971997595217096,1.244012309928819,2.4396251554119637,0.15022067632944308,0.24581047463064287,0.01568823994603008,0.005374740052502602,,nan,nan,nan,nan,nan,nan,nan,nan,10,10,10,10,10,0,10,10,0,0,0,1,False,False,2.0,0,nan,nan,nan,nan,0.16209626917406456,1.7830589609147085,0.1620962691740644,1.7830589609147083,11.0,0.9999999999999993,1.0000000000000016,6.169173449181403,0.7582237268110205,10.0,10,logcosh,1.0,stepsize_pilot
manuscript-pilot,D,pilot_logcosh_d10_k10_rho1_fb-gvi,FB--GVI,2500492809,11,1.121667899851164,6.035481926265279,0.08295194898954072,nan,0.10771455413813563,0.013418613655278855,0.6900815921342262,1.1972009821034308,1.2440123099099634,1.19720098210343,1.2440123099099623,2.4396253553381713,0.15022081774541587,0.2458106905184928,0.017158359987661242,0.005908830091357231,,nan,nan,nan,nan,nan,nan,nan,nan,11,11,11,11,11,0,11,11,0,0,0,1,False,False,2.0,0,nan,nan,nan,nan,0.16209626917406456,1.7830589609147085,0.1620962691740644,1.7830589609147083,11.0,0.9999999999999993,1.0000000000000016,6.169173449181403,0.7582243927358163,10.0,10,logcosh,1.0,stepsize_pilot
manuscript-pilot,D,pilot_logcosh_d10_k10_rho1_fb-gvi,FB--GVI,2500492809,12,1.121667899851164,6.035481900884041,0.08295192360830317,nan,0.10771451584887404,0.013418622432816605,0.6900814641300859,1.197200620188261,1.2440123099170417,1.1972006201882608,1.2440123099170408,2.4396252977444997,0.1502207769876716,0.24581062828277442,0.018654099956620485,0.006461900076828897,,nan,nan,nan,nan,nan,nan,nan,nan,12,12,12,12,12,0,12,12,0,0,0,1,False,False,2.0,0,nan,nan,nan,nan,0.16209626917406456,1.7830589609147085,0.1620962691740644,1.7830589609147083,11.0,0.9999999999999993,1.0000000000000016,6.169173449181403,0.7582242007643456,10.0,10,logcosh,1.0,stepsize_pilot
manuscript-pilot,D,pilot_logcosh_d10_k10_rho1_fb-gvi,FB--GVI,2500492809,13,1.121667899851164,6.035481908236555,0.08295193096081732,nan,0.1077145269507092,0.013418619883448227,0.6900815012419533,1.1972007273242997,1.2440123099160953,1.1972007273242988,1.2440123099160953,2.4396253144027082,0.15022078878062647,0.24581064629323526,0.0201272489503026,0.006989899033214897,,nan,nan,nan,nan,nan,nan,nan,nan,13,13,13,13,13,0,13,13,0,0,0,1,False,False,2.0,0,nan,nan,nan,nan,0.16209626917406456,1.7830589609147085,0.1620962691740644,1.7830589609147083,11.0,0.9999999999999993,1.0000000000000016,6.169173449181403,0.7582242563191741,10.0,10,logcosh,1.0,stepsize_pilot
manuscript-pilot,D,pilot_logcosh_d10_k10_rho1_fb-gvi,FB--GVI,2500492809,14,1.121667899851164,6.035481906101097,0.08295192882535929,nan,0.10771452372391799,0.013418620626301163,0.6900814904556962,1.1972006956093242,1.24401230991618,1.1972006956093233,1.244012309916179,2.4396253095705482,0.15022078535874123,0.24581064106655937,0.02158837899332866,0.007519439037423581,,nan,nan,nan,nan,nan,nan,nan,nan,14,14,14,14,14,0,14,14,0,0,0,1,False,False,2.0,0,nan,nan,nan,nan,0.16209626917406456,1.7830589609147085,0.1620962691740644,1.7830589609147083,11.0,0.9999999999999993,1.0000000000000016,6.169173449181403,0.7582242401970389,10.0,10,logcosh,1.0,stepsize_pilot
manuscript-pilot,D,pilot_logcosh_d10_k10_rho1_fb-gvi,FB--GVI,2500492809,15,1.121667899851164,6.035481906722623,0.08295192944688523,nan,0.10771452466367844,0.013418620409353897,0.6900814935969308,1.1972007049977584,1.244012309916174,1.197200704997759,1.2440123099161742,2.4396253109754498,0.1502207863538736,0.2458106425867266,0.023032218974549323,0.008041929046157748,,nan,nan,nan,nan,nan,nan,nan,nan,15,15,15,15,15,0,15,15,0,0,0,1,False,False,2.0,0,nan,nan,nan,nan,0.16209626917406456,1.7830589609147085,0.1620962691740644,1.7830589609147083,11.0,0.9999999999999993,1.0000000000000016,6.169173449181403,0.7582242448861267,10.0,10,logcosh,1.0,stepsize_pilot
manuscript-pilot,D,pilot_logcosh_d10_k10_rho1_fb-gvi,FB--GVI,2500492809,16,1.121667899851164,6.035481906541403,0.08295192926566486,nan,0.10771452438952012,0.013418620472819259,0.6900814926805519,1.197200702218544,1.2440123099161726,1.197200702218544,1.2440123099161726,2.4396253105662056,0.15022078606392783,0.2458106421437608,0.024484628986101598,0.008569599012844265,,nan,nan,nan,nan,nan,nan,nan,nan,16,16,16,16,16,0,16,16,0,0,0,1,False,False,2.0,0,nan,nan,nan,nan,0.16209626917406456,1.7830589609147085,0.1620962691740644,1.7830589609147083,11.0,0.9999999999999993,1.0000000000000016,6.169173449181403,0.7582242435197603,10.0,10,logcosh,1.0,stepsize_pilot
manuscript-pilot,D,pilot_logcosh_d10_k10_rho1_fb-gvi,FB--GVI,2500492809,17,1.121667899851164,6.035481906594325,0.08295192931858697,nan,0.10771452446961538,0.013418620454228185,0.6900814929482869,1.1972007030412626,1.2440123099161755,1.1972007030412621,1.244012309916175,2.4396253106856167,0.1502207861485462,0.2458106422730491,0.02592514897696674,0.009088569029700011,,nan,nan,nan,nan,nan,nan,nan,nan,17,17,17,17,17,0,17,17,0,0,0,1,False,False,2.0,0,nan,nan,nan,nan,0.16209626917406456,1.7830589609147085,0.1620962691740644,1.7830589609147083,11.0,0.9999999999999993,1.0000000000000016,6.169173449181403,0.7582242439185612,10.0,10,logcosh,1.0,stepsize_pilot
manuscript-pilot,D,pilot_logcosh_d10_k10_rho1_fb-gvi,FB--GVI,2500492809,18,1.121667899851164,6.035481906578848,0.08295192930311046,nan,0.10771452444617302,0.013418620459680189,0.6900814928699585,1.197200702797718,1.244012309916175,1.1972007027977172,1.244012309916174,2.439625310650723,0.1502207861238175,0.24581064223525873,0.02737665898166597,0.009619869000744075,,nan,nan,nan,nan,nan,nan,nan,nan,18,18,18,18,18,0,18,18,0,0,0,1,False,False,2.0,0,nan,nan,nan,nan,0.16209626917406456,1.7830589609147085,0.1620962691740644,1.7830589609147083,11.0,0.9999999999999993,1.0000000000000016,6.169173449181403,0.7582242438019935,10.0,10,logcosh,1.0,stepsize_pilot
manuscript-pilot,D,pilot_logcosh_d10_k10_rho1_fb-gvi,FB--GVI,2500492809,19,1.121667899851164,6.035481906583379,0.08295192930764106,nan,0.10771452445304631,0.013418620458079853,0.6900814928929027,1.1972007028698122,1.2440123099161744,1.1972007028698126,1.244012309916174,2.4396253106609334,0.15022078613105477,0.24581064224631954,0.02882014896022156,0.010150268964935094,,nan,nan,nan,nan,nan,nan,nan,nan,19,19,19,19,19,0,19,19,0,0,0,1,False,False,2.0,0,nan,nan,nan,nan,0.16209626917406456,1.7830589609147085,0.1620962691740644,1.7830589609147083,11.0,0.9999999999999993,1.0000000000000016,6.169173449181403,0.7582242438361115,10.0,10,logcosh,1.0,stepsize_pilot
manuscript-pilot,D,pilot_logcosh_d10_k10_rho1_fb-gvi,FB--GVI,2500492809,20,1.121667899851164,6.035481906582051,0.08295192930631323,nan,0.10771452445102633,0.013418620458550018,0.6900814928861737,1.197200702848471,1.2440123099161753,1.197200702848471,1.2440123099161746,2.4396253106579406,0.15022078612893347,0.24581064224307808,0.030273788957856596,0.010682868945877999,,nan,nan,nan,nan,nan,nan,nan,nan,20,20,20,20,20,0,20,20,0,0,0,1,False,False,2.0,0,nan,nan,nan,nan,0.16209626917406456,1.7830589609147085,0.1620962691740644,1.7830589609147083,11.0,0.9999999999999993,1.0000000000000016,6.169173449181403,0.758224243826113,10.0,10,logcosh,1.0,stepsize_pilot
manuscript-pilot,D,pilot_logcosh_d10_k10_rho1_fb-gvi,FB--GVI,2500492809,21,1.121667899851164,6.035481906582442,0.08295192930670403,nan,0.10771452445162082,0.013418620458411764,0.6900814928881495,1.1972007028547884,1.244012309916175,1.1972007028547884,1.244012309916174,2.4396253106588186,0.15022078612955556,0.2458106422440291,0.031725948967505246,0.011212508950848132,,nan,nan,nan,nan,nan,nan,nan,nan,21,21,21,21,21,0,21,21,0,0,0,1,False,False,2.0,0,nan,nan,nan,nan,0.16209626917406456,1.7830589609147085,0.1620962691740644,1.7830589609147083,11.0,0.9999999999999993,1.0000000000000016,6.169173449181403,0.7582242438290465,10.0,10,logcosh,1.0,stepsize_pilot
manuscript-pilot,D,pilot_logcosh_d10_k10_rho1_fb-gvi,FB--GVI,2500492809,22,1.121667899851164,6.035481906582326,0.08295192930658857,nan,0.1077145244514487,0.013418620458452435,0.6900814928875681,1.1972007028529177,1.244012309916174,1.197200702852917,1.2440123099161733,2.439625310658561,0.15022078612937143,0.24581064224374893,0.0331686389981769,0.011733938939869404,,nan,nan,nan,nan,nan,nan,nan,nan,22,22,22,22,22,0,22,22,0,0,0,1,False,False,2.0,0,nan,nan,nan,nan,0.16209626917406456,1.7830589609147085,0.1620962691740644,1.7830589609147083,11.0,0.9999999999999993,1.0000000000000016,6.169173449181403,0.7582242438281823,10.0,10,logcosh,1.0,stepsize_pilot
manuscript-pilot,D,pilot_logcosh_d10_k10_rho1_fb-gvi,FB--GVI,2500492809,23,1.121667899851164,6.035481906582362,0.0829519293066241,nan,0.10771452445149546,0.01341862045844044,0.690081492887741,1.1972007028534724,1.2440123099161755,1.1972007028534724,1.2440123099161746,2.4396253106586374,0.15022078612942893,0.24581064224383287,0.034647028951440006,0.012274968903511763,,nan,nan,nan,nan,nan,nan,nan,nan,23,23,23,23,23,0,23,23,0,0,0,1,False,False,2.0,0,nan,nan,nan,nan,0.16209626917406456,1.7830589609147085,0.1620962691740644,1.7830589609147083,11.0,0.9999999999999993,1.0000000000000016,6.169173449181403,0.7582242438284412,10.0,10,logcosh,1.0,stepsize_pilot
manuscript-pilot,D,pilot_logcosh_d10_k10_rho1_fb-gvi,FB--GVI,2500492809,24,1.121667899851164,6.035481906582351,0.08295192930661344,nan,0.10771452445148356,0.013418620458444016,0.6900814928876862,1.1972007028533056,1.2440123099161737,1.197200702853305,1.2440123099161724,2.439625310658613,0.15022078612940806,0.24581064224380567,0.03608982899459079,0.012797158909961581,,nan,nan,nan,nan,nan,nan,nan,nan,24,24,24,24,24,0,24,24,0,0,0,1,False,False,2.0,0,nan,nan,nan,nan,0.16209626917406456,1.7830589609147085,0.1620962691740644,1.7830589609147083,11.0,0.9999999999999993,1.0000000000000016,6.169173449181403,0.7582242438283573,10.0,10,logcosh,1.0,stepsize_pilot
manuscript-pilot,D,pilot_logcosh_d10_k10_rho1_fb-gvi,FB--GVI,2500492809,25,1.121667899851164,6.035481906582354,0.0829519293066161,nan,0.10771452445149952,0.013418620458442969,0.6900814928877054,1.1972007028533567,1.2440123099161744,1.1972007028533564,1.2440123099161735,2.439625310658622,0.1502207861294172,0.24581064224381546,0.03754298895364627,0.013328468892723322,,nan,nan,nan,nan,nan,nan,nan,nan,25,25,25,25,25,0,25,25,0,0,0,1,False,False,2.0,0,nan,nan,nan,nan,0.16209626917406456,1.7830589609147085,0.1620962691740644,1.7830589609147083,11.0,0.9999999999999993,1.0000000000000016,6.169173449181403,0.7582242438283875,10.0,10,logcosh,1.0,stepsize_pilot
manuscript-pilot,D,pilot_logcosh_d10_k10_rho1_fb-gvi,FB--GVI,2500492809,26,1.121667899851164,6.035481906582353,0.08295192930661521,nan,0.10771452445148355,0.013418620458443314,0.6900814928876988,1.1972007028533422,1.2440123099161737,1.1972007028533422,1.2440123099161724,2.4396253106586197,0.15022078612941042,0.24581064224381188,0.03898435895098373,0.013846928894054145,,nan,nan,nan,nan,nan,nan,nan,nan,26,26,26,26,26,0,26,26,0,0,0,1,False,False,2.0,0,nan,nan,nan,nan,0.16209626917406456,1.7830589609147085,0.1620962691740644,1.7830589609147083,11.0,0.9999999999999993,1.0000000000000016,6.169173449181403,0.7582242438283765,10.0,10,logcosh,1.0,stepsize_pilot
manuscript-pilot,D,pilot_logcosh_d10_k10_rho1_fb-gvi,FB--GVI,2500492809,27,1.121667899851164,6.035481906582354,0.0829519293066161,nan,0.10771452445148975,0.013418620458443142,0.6900814928877033,1.1972007028533465,1.2440123099161746,1.1972007028533458,1.244012309916174,2.4396253106586214,0.15022078612941658,0.24581064224381488,0.040458158997353166,0.014390628901310265,,nan,nan,nan,nan,nan,nan,nan,nan,27,27,27,27,27,0,27,27,0,0,0,1,False,False,2.0,0,nan,nan,nan,nan,0.16209626917406456,1.7830589609147085,0.1620962691740644,1.7830589609147083,11.0,0.9999999999999993,1.0000000000000016,6.169173449181403,0.7582242438283857,10.0,10,logcosh,1.0,stepsize_pilot
manuscript-pilot,D,pilot_logcosh_d10_k10_rho1_fb-gvi,FB--GVI,2500492809,28,1.121667899851164,6.035481906582351,0.08295192930661344,nan,0.10771452445148133,0.013418620458443215,0.6900814928876984,1.1972007028533442,1.244012309916175,1.197200702853344,1.2440123099161742,2.4396253106586188,0.15022078612941506,0.24581064224381166,0.04190726898377761,0.014912328915670514,,nan,nan,nan,nan,nan,nan,nan,nan,28,28,28,28,28,0,28,28,0,0,0,1,False,False,2.0,0,nan,nan,nan,nan,0.16209626917406456,1.7830589609147085,0.1620962691740644,1.7830589609147083,11.0,0.9999999999999993,1.0000000000000016,6.169173449181403,0.7582242438283758,10.0,10,logcosh,1.0,stepsize_pilot
manuscript-pilot,D,pilot_logcosh_d10_k10_rho1_fb-gvi,FB--GVI,2500492809,29,1.121667899851164,6.035481906582354,0.0829519293066161,nan,0.10771452445148443,0.013418620458443165,0.6900814928877007,1.1972007028533445,1.2440123099161724,1.1972007028533445,1.244012309916172,2.439625310658619,0.15022078612941098,0.24581064224381274,0.04336115898331627,0.015444258926436305,,nan,nan,nan,nan,nan,nan,nan,nan,29,29,29,29,29,0,29,29,0,0,0,1,False,False,2.0,0,nan,nan,nan,nan,0.16209626917406456,1.7830589609147085,0.1620962691740644,1.7830589609147083,11.0,0.9999999999999993,1.0000000000000016,6.169173449181403,0.7582242438283792,10.0,10,logcosh,1.0,stepsize_pilot
manuscript-pilot,D,pilot_logcosh_d10_k10_rho1_fb-gvi,FB--GVI,2500492809,30,1.121667899851164,6.035481906582354,0.0829519293066161,nan,0.10771452445148576,0.01341862045844316,0.6900814928877005,1.197200702853345,1.2440123099161753,1.1972007028533442,1.2440123099161746,2.43962531065862,0.15022078612941275,0.2458106422438129,0.04479920899029821,0.015977728879079223,,nan,nan,nan,nan,nan,nan,nan,nan,30,30,30,30,30,0,30,30,0,0,0,1,False,False,2.0,0,nan,nan,nan,nan,0.16209626917406456,1.7830589609147085,0.1620962691740644,1.7830589609147083,11.0,0.9999999999999993,1.0000000000000016,6.169173449181403,0.7582242438283796,10.0,10,logcosh,1.0,stepsize_pilot
manuscript-pilot,D,pilot_logcosh_d10_k10_rho1_fb-gvi,FB--GVI,2500492809,31,1.121667899851164,6.035481906582352,0.08295192930661432,nan,0.10771452445149776,0.013418620458443239,0.6900814928877006,1.1972007028533445,1.2440123099161764,1.1972007028533438,1.244012309916176,2.4396253106586197,0.15022078612941622,0.24581064224381363,0.04623320896644145,0.016495118907187134,,nan,nan,nan,nan,nan,nan,nan,nan,31,31,31,31,31,0,31,31,0,0,0,1,False,False,2.0,0,nan,nan,nan,nan,0.16209626917406456,1.7830589609147085,0.1620962691740644,1.7830589609147083,11.0,0.9999999999999993,1.0000000000000016,6.169173449181403,0.7582242438283818,10.0,10,logcosh,1.0,stepsize_pilot
manuscript-pilot,D,pilot_logcosh_d10_k10_rho1_fb-gvi,FB--GVI,2500492809,32,1.121667899851164,6.035481906582353,0.08295192930661521,nan,0.10771452445148622,0.013418620458443251,0.6900814928877005,1.1972007028533462,1.2440123099161737,1.197200702853346,1.2440123099161733,2.4396253106586188,0.15022078612941378,0.24581064224381294,0.047686238947790116,0.017018118873238564,,nan,nan,nan,nan,nan,nan,nan,nan,32,32,32,32,32,0,32,32,0,0,0,1,False,False,2.0,0,nan,nan,nan,nan,0.16209626917406456,1.7830589609147085,0.1620962691740644,1.7830589609147083,11.0,0.9999999999999993,1.0000000000000016,6.169173449181403,0.7582242438283797,10.0,10,logcosh,1.0,stepsize_pilot
manuscript-pilot,D,pilot_logcosh_d10_k10_rho1_fb-gvi,FB--GVI,2500492809,33,1.121667899851164,6.035481906582353,0.08295192930661521,nan,0.10771452445149599,0.013418620458443213,0.6900814928877005,1.1972007028533456,1.244012309916173,1.1972007028533453,1.244012309916172,2.4396253106586197,0.15022078612941409,0.24581064224381297,0.0491125289699994,0.017530688841361552,,nan,nan,nan,nan,nan,nan,nan,nan,33,33,33,33,33,0,33,33,0,0,0,1,False,False,2.0,0,nan,nan,nan,nan,0.16209626917406456,1.7830589609147085,0.1620962691740644,1.7830589609147083,11.0,0.9999999999999993,1.0000000000000016,6.169173449181403,0.7582242438283798,10.0,10,logcosh,1.0,stepsize_pilot
manuscript-pilot,D,pilot_logcosh_d10_k10_rho1_fb-gvi,FB--GVI,2500492809,34,1.121667899851164,6.035481906582352,0.08295192930661432,nan,0.10771452445149642,0.01341862045844314,0.6900814928877025,1.1972007028533458,1.2440123099161757,1.197200702853346,1.2440123099161753,2.4396253106586214,0.15022078612941536,0.24581064224381435,0.05056127900024876,0.0180583288311027,,nan,nan,nan,nan,nan,nan,nan,nan,34,34,34,34,34,0,34,34,0,0,0,1,False,False,2.0,0,nan,nan,nan,nan,0.16209626917406456,1.7830589609147085,0.1620962691740644,1.7830589609147083,11.0,0.9999999999999993,1.0000000000000016,6.169173449181403,0.758224243828384,10.0,10,logcosh,1.0,stepsize_pilot
manuscript-pilot,D,pilot_logcosh_d10_k10_rho1_fb-gvi,FB--GVI,2500492809,35,1.121667899851164,6.035481906582352,0.08295192930661432,nan,0.10771452445149066,0.01341862045844331,0.6900814928876997,1.197200702853346,1.2440123099161744,1.1972007028533462,1.2440123099161742,2.4396253106586183,0.15022078612941384,0.2458106422438124,0.05198985897004604,0.018571898865047842,,nan,nan,nan,nan,nan,nan,nan,nan,35,35,35,35,35,0,35,35,0,0,0,1,False,False,2.0,0,nan,nan,nan,nan,0.16209626917406456,1.7830589609147085,0.1620962691740644,1.7830589609147083,11.0,0.9999999999999993,1.0000000000000016,6.169173449181403,0.758224243828378,10.0,10,logcosh,1.0,stepsize_pilot
manuscript-pilot,D,pilot_logcosh_d10_k10_rho1_fb-gvi,FB--GVI,2500492809,36,1.121667899851164,6.035481906582352,0.08295192930661432,nan,0.10771452445148309,0.013418620458443185,0.6900814928876985,1.1972007028533447,1.2440123099161748,1.1972007028533442,1.2440123099161748,2.4396253106586183,0.15022078612941306,0.24581064224381188,0.05342953797662631,0.019097407872322947,,nan,nan,nan,nan,nan,nan,nan,nan,36,36,36,36,36,0,36,36,0,0,0,1,False,False,2.0,0,nan,nan,nan,nan,0.16209626917406456,1.7830589609147085,0.1620962691740644,1.7830589609147083,11.0,0.9999999999999993,1.0000000000000016,6.169173449181403,0.7582242438283765,10.0,10,logcosh,1.0,stepsize_pilot
manuscript-pilot,D,pilot_logcosh_d10_k10_rho1_fb-gvi,FB--GVI,2500492809,37,1.121667899851164,6.035481906582354,0.0829519293066161,nan,0.10771452445147778,0.0134186204584432,0.6900814928877026,1.1972007028533453,1.2440123099161737,1.1972007028533451,1.244012309916173,2.4396253106586214,0.15022078612941445,0.24581064224381446,0.054866387974470854,0.01962036790791899,,nan,nan,nan,nan,nan,nan,nan,nan,37,37,37,37,37,0,37,37,0,0,0,1,False,False,2.0,0,nan,nan,nan,nan,0.16209626917406456,1.7830589609147085,0.1620962691740644,1.7830589609147083,11.0,0.9999999999999993,1.0000000000000016,6.169173449181403,0.7582242438283844,10.0,10,logcosh,1.0,stepsize_pilot
manuscript-pilot,D,pilot_logcosh_d10_k10_rho1_fb-gvi,FB--GVI,2500492809,38,1.121667899851164,6.035481906582352,0.08295192930661432,nan,0.10771452445149197,0.013418620458443178,0.6900814928877012,1.1972007028533445,1.2440123099161766,1.1972007028533445,1.244012309916176,2.439625310658621,0.15022078612941256,0.24581064224381383,0.0563000479596667,0.020135697908699512,,nan,nan,nan,nan,nan,nan,nan,nan,38,38,38,38,38,0,38,38,0,0,0,1,False,False,2.0,0,nan,nan,nan,nan,0.16209626917406456,1.7830589609147085,0.1620962691740644,1.7830589609147083,11.0,0.9999999999999993,1.0000000000000016,6.169173449181403,0.7582242438283825,10.0,10,logcosh,1.0,stepsize_pilot
manuscript-pilot,D,pilot_logcosh_d10_k10_rho1_fb-gvi,FB--GVI,2500492809,39,1.121667899851164,6.035481906582354,0.0829519293066161,nan,0.10771452445148844,0.013418620458443288,0.6900814928877,1.1972007028533442,1.2440123099161742,1.1972007028533442,1.2440123099161744,2.43962531065862,0.1502207861294125,0.2458106422438129,0.05773961800150573,0.020663877890910953,,nan,nan,nan,nan,nan,nan,nan,nan,39,39,39,39,39,0,39,39,0,0,0,1,False,False,2.0,0,nan,nan,nan,nan,0.16209626917406456,1.7830589609147085,0.1620962691740644,1.7830589609147083,11.0,0.9999999999999993,1.0000000000000016,6.169173449181403,0.7582242438283796,10.0,10,logcosh,1.0,stepsize_pilot
manuscript-pilot,D,pilot_logcosh_d10_k10_rho1_fb-gvi,FB--GVI,2500492809,40,1.121667899851164,6.035481906582352,0.08295192930661432,nan,0.10771452445149908,0.013418620458443163,0.6900814928877009,1.1972007028533451,1.2440123099161744,1.197200702853345,1.2440123099161737,2.43962531065862,0.15022078612941317,0.24581064224381344,0.0591795279760845,0.02118101791711524,,nan,nan,nan,nan,nan,nan,nan,nan,40,40,40,40,40,0,40,40,0,0,0,1,False,False,2.0,0,nan,nan,nan,nan,0.16209626917406456,1.7830589609147085,0.1620962691740644,1.7830589609147083,11.0,0.9999999999999993,1.0000000000000016,6.169173449181403,0.7582242438283813,10.0,10,logcosh,1.0,stepsize_pilot
manuscript-pilot,D,pilot_logcosh_d10_k10_rho1_fb-gvi,FB--GVI,2500492809,41,1.121667899851164,6.035481906582353,0.08295192930661521,nan,0.10771452445150842,0.01341862045844321,0.6900814928877015,1.1972007028533458,1.2440123099161737,1.197200702853346,1.2440123099161744,2.439625310658621,0.15022078612941409,0.24581064224381366,0.060623787983786315,0.021711997920647264,,nan,nan,nan,nan,nan,nan,nan,nan,41,41,41,41,41,0,41,41,0,0,0,1,False,False,2.0,0,nan,nan,nan,nan,0.16209626917406456,1.7830589609147085,0.1620962691740644,1.7830589609147083,11.0,0.9999999999999993,1.0000000000000016,6.169173449181403,0.7582242438283819,10.0,10,logcosh,1.0,stepsize_pilot
manuscript-pilot,D,pilot_logcosh_d10_k10_rho1_fb-gvi,FB--GVI,2500492809,42,1.121667899851164,6.035481906582353,0.08295192930661521,nan,0.10771452445148798,0.013418620458443184,0.690081492887701,1.197200702853345,1.2440123099161757,1.1972007028533451,1.244012309916175,2.4396253106586197,0.15022078612941378,0.24581064224381383,0.06205807795049623,0.022229157912079245,,nan,nan,nan,nan,nan,nan,nan,nan,42,42,42,42,42,0,42,42,0,0,0,1,False,False,2.0,0,nan,nan,nan,nan,0.16209626917406456,1.7830589609147085,0.1620962691740644,1.7830589609147083,11.0,0.9999999999999993,1.0000000000000016,6.169173449181403,0.7582242438283825,10.0,10,logcosh,1.0,stepsize_pilot
manuscript-pilot,D,pilot_logcosh_d10_k10_rho1_fb-gvi,FB--GVI,2500492809,43,1.121667899851164,6.035481906582353,0.08295192930661521,nan,0.10771452445150131,0.013418620458443211,0.6900814928876997,1.1972007028533447,1.244012309916175,1.1972007028533438,1.2440123099161737,2.439625310658619,0.1502207861294144,0.2458106422438125,0.06349438795587048,0.02275969786569476,,nan,nan,nan,nan,nan,nan,nan,nan,43,43,43,43,43,0,43,43,0,0,0,1,False,False,2.0,0,nan,nan,nan,nan,0.16209626917406456,1.7830589609147085,0.1620962691740644,1.7830589609147083,11.0,0.9999999999999993,1.0000000000000016,6.169173449181403,0.7582242438283784,10.0,10,logcosh,1.0,stepsize_pilot
manuscript-pilot,D,pilot_logcosh_d10_k10_rho1_fb-gvi,FB--GVI,2500492809,44,1.121667899851164,6.035481906582352,0.08295192930661432,nan,0.10771452445148132,0.013418620458443156,0.6900814928877006,1.1972007028533456,1.2440123099161748,1.197200702853346,1.2440123099161753,2.43962531065862,0.15022078612941367,0.24581064224381316,0.06492527795489877,0.023277897853404284,,nan,nan,nan,nan,nan,nan,nan,nan,44,44,44,44,44,0,44,44,0,0,0,1,False,False,2.0,0,nan,nan,nan,nan,0.16209626917406456,1.7830589609147085,0.1620962691740644,1.7830589609147083,11.0,0.9999999999999993,1.0000000000000016,6.169173449181403,0.7582242438283804,10.0,10,logcosh,1.0,stepsize_pilot
manuscript-pilot,D,pilot_logcosh_d10_k10_rho1_fb-gvi,FB--GVI,2500492809,45,1.121667899851164,6.035481906582351,0.08295192930661344,nan,0.10771452445148044,0.013418620458443258,0.6900814928876999,1.1972007028533467,1.2440123099161737,1.1972007028533462,1.2440123099161726,2.4396253106586188,0.15022078612941311,0.24581064224381233,0.06636421795701608,0.023803267860785127,,nan,nan,nan,nan,nan,nan,nan,nan,45,45,45,45,45,0,45,45,0,0,0,1,False,False,2.0,0,nan,nan,nan,nan,0.16209626917406456,1.7830589609147085,0.1620962691740644,1.7830589609147083,11.0,0.9999999999999993,1.0000000000000016,6.169173449181403,0.7582242438283778,10.0,10,logcosh,1.0,stepsize_pilot
manuscript-pilot,D,pilot_logcosh_d10_k10_rho1_fb-gvi,FB--GVI,2500492809,46,1.121667899851164,6.035481906582353,0.08295192930661521,nan,0.1077145244514822,0.013418620458443135,0.6900814928876993,1.1972007028533445,1.2440123099161744,1.197200702853345,1.2440123099161746,2.4396253106586188,0.15022078612941292,0.24581064224381227,0.06778872798895463,0.024327357881702483,,nan,nan,nan,nan,nan,nan,nan,nan,46,46,46,46,46,0,46,46,0,0,0,1,False,False,2.0,0,nan,nan,nan,nan,0.16209626917406456,1.7830589609147085,0.1620962691740644,1.7830589609147083,11.0,0.9999999999999993,1.0000000000000016,6.169173449181403,0.7582242438283777,10.0,10,logcosh,1.0,stepsize_pilot
manuscript-pilot,D,pilot_logcosh_d10_k10_rho1_fb-gvi,FB--GVI,2500492809,47,1.121667899851164,6.035481906582353,0.08295192930661521,nan,0.10771452445148176,0.013418620458443161,0.6900814928876998,1.1972007028533433,1.2440123099161742,1.1972007028533438,1.244012309916174,2.439625310658619,0.1502207861294111,0.24581064224381252,0.06921123794745654,0.024842967861332,,nan,nan,nan,nan,nan,nan,nan,nan,47,47,47,47,47,0,47,47,0,0,0,1,False,False,2.0,0,nan,nan,nan,nan,0.16209626917406456,1.7830589609147085,0.1620962691740644,1.7830589609147083,11.0,0.9999999999999993,1.0000000000000016,6.169173449181403,0.7582242438283784,10.0,10,logcosh,1.0,stepsize_pilot
manuscript-pilot,D,pilot_logcosh_d10_k10_rho1_fb-gvi,FB--GVI,2500492809,48,1.121667899851164,6.035481906582352,0.08295192930661432,nan,0.10771452445148665,0.013418620458443189,0.6900814928876992,1.1972007028533453,1.2440123099161744,1.1972007028533456,1.2440123099161744,2.4396253106586188,0.1502207861294142,0.24581064224381194,0.07066296797711402,0.025371987896505743,,nan,nan,nan,nan,nan,nan,nan,nan,48,48,48,48,48,0,48,48,0,0,0,1,False,False,2.0,0,nan,nan,nan,nan,0.16209626917406456,1.7830589609147085,0.1620962691740644,1.7830589609147083,11.0,0.9999999999999993,1.0000000000000016,6.169173449181403,0.7582242438283766,10.0,10,logcosh,1.0,stepsize_pilot
manuscript-pilot,D,pilot_logcosh_d10_k10_rho1_fb-gvi,FB--GVI,2500492809,49,1.121667899851164,6.035481906582353,0.08295192930661521,nan,0.10771452445148753,0.013418620458443185,0.6900814928876995,1.1972007028533431,1.2440123099161737,1.1972007028533436,1.2440123099161744,2.4396253106586183,0.15022078612941286,0.2458106422438127,0.07209090795367956,0.025888527918141335,,nan,nan,nan,nan,nan,nan,nan,nan,49,49,49,49,49,0,49,49,0,0,0,1,False,False,2.0,0,nan,nan,nan,nan,0.16209626917406456,1.7830589609147085,0.1620962691740644,1.7830589609147083,11.0,0.9999999999999993,1.0000000000000016,6.169173449181403,0.7582242438283789,10.0,10,logcosh,1.0,stepsize_pilot
manuscript-pilot,D,pilot_logcosh_d10_k10_rho1_fb-gvi,FB--GVI,2500492809,50,1.121667899851164,6.035481906582352,0.08295192930661432,nan,0.10771452445147733,0.01341862045844321,0.6900814928876996,1.1972007028533456,1.2440123099161744,1.1972007028533447,1.244012309916173,2.4396253106586188,0.15022078612941414,0.2458106422438125,0.07352391799213365,0.026416997890919447,,nan,nan,nan,nan,nan,nan,nan,nan,50,50,50,50,50,0,50,50,0,0,0,1,False,False,2.0,0,nan,nan,nan,nan,0.16209626917406456,1.7830589609147085,0.1620962691740644,1.7830589609147083,11.0,0.9999999999999993,1.0000000000000016,6.169173449181403,0.7582242438283784,10.0,10,logcosh,1.0,stepsize_pilot
manuscript-pilot,D,pilot_logcosh_d10_k10_rho1_fb-gvi,FB--GVI,2500492809,51,1.121667899851164,6.035481906582352,0.08295192930661432,nan,0.10771452445150487,0.013418620458443203,0.6900814928876994,1.197200702853344,1.244012309916174,1.1972007028533442,1.2440123099161735,2.439625310658619,0.15022078612941123,0.24581064224381258,0.07496180798625574,0.026936327922157943,,nan,nan,nan,nan,nan,nan,nan,nan,51,51,51,51,51,0,51,51,0,0,0,1,False,False,2.0,0,nan,nan,nan,nan,0.16209626917406456,1.7830589609147085,0.1620962691740644,1.7830589609147083,11.0,0.9999999999999993,1.0000000000000016,6.169173449181403,0.7582242438283786,10.0,10,logcosh,1.0,stepsize_pilot
manuscript-pilot,D,pilot_logcosh_d10_k10_rho1_fb-gvi,FB--GVI,2500492809,52,1.121667899851164,6.035481906582354,0.0829519293066161,nan,0.10771452445147954,0.013418620458443184,0.6900814928877,1.197200702853345,1.2440123099161737,1.1972007028533447,1.244012309916174,2.43962531065862,0.15022078612941317,0.24581064224381244,0.07639201794518158,0.027464967919513583,,nan,nan,nan,nan,nan,nan,nan,nan,52,52,52,52,52,0,52,52,0,0,0,1,False,False,2.0,0,nan,nan,nan,nan,0.16209626917406456,1.7830589609147085,0.1620962691740644,1.7830589609147083,11.0,0.9999999999999993,1.0000000000000016,6.169173449181403,0.7582242438283782,10.0,10,logcosh,1.0,stepsize_pilot
manuscript-pilot,D,pilot_logcosh_d10_k10_rho1_fb-gvi,FB--GVI,2500492809,53,1.121667899851164,6.035481906582352,0.08295192930661432,nan,0.10771452445148133,0.01341862045844322,0.6900814928877002,1.1972007028533456,1.2440123099161748,1.1972007028533451,1.2440123099161748,2.43962531065862,0.15022078612941178,0.24581064224381266,0.07781853794585913,0.02799716795561835,,nan,nan,nan,nan,nan,nan,nan,nan,53,53,53,53,53,0,53,53,0,0,0,1,False,False,2.0,0,nan,nan,nan,nan,0.16209626917406456,1.7830589609147085,0.1620962691740644,1.7830589609147083,11.0,0.9999999999999993,1.0000000000000016,6.169173449181403,0.7582242438283788,10.0,10,logcosh,1.0,stepsize_pilot
manuscript-pilot,D,pilot_logcosh_d10_k10_rho1_fb-gvi,FB--GVI,2500492809,54,1.121667899851164,6.035481906582354,0.0829519293066161,nan,0.10771452445148044,0.01341862045844324,0.6900814928876987,1.197200702853344,1.244012309916174,1.1972007028533442,1.2440123099161737,2.439625310658619,0.15022078612941092,0.24581064224381163,0.07929298799717799,0.028517067956272513,,nan,nan,nan,nan,nan,nan,nan,nan,54,54,54,54,54,0,54,54,0,0,0,1,False,False,2.0,0,nan,nan,nan,nan,0.16209626917406456,1.7830589609147085,0.1620962691740644,1.7830589609147083,11.0,0.9999999999999993,1.0000000000000016,6.169173449181403,0.7582242438283757,10.0,10,logcosh,1.0,stepsize_pilot
manuscript-pilot,D,pilot_logcosh_d10_k10_rho1_fb-gvi,FB--GVI,2500492809,55,1.121667899851164,6.035481906582352,0.08295192930661432,nan,0.10771452445150308,0.01341862045844313,0.6900814928877004,1.1972007028533433,1.2440123099161755,1.1972007028533433,1.2440123099161755,2.43962531065862,0.15022078612941275,0.24581064224381324,0.08074843796202913,0.02904906793264672,,nan,nan,nan,nan,nan,nan,nan,nan,55,55,55,55,55,0,55,55,0,0,0,1,False,False,2.0,0,nan,nan,nan,nan,0.16209626917406456,1.7830589609147085,0.1620962691740644,1.7830589609147083,11.0,0.9999999999999993,1.0000000000000016,6.169173449181403,0.7582242438283807,10.0,10,logcosh,1.0,stepsize_pilot
manuscript-pilot,D,pilot_logcosh_d10_k10_rho1_fb-gvi,FB--GVI,2500492809,56,1.121667899851164,6.035481906582354,0.0829519293066161,nan,0.10771452445149465,0.013418620458443206,0.6900814928877005,1.1972007028533458,1.2440123099161755,1.1972007028533453,1.244012309916175,2.4396253106586197,0.1502207861294123,0.24581064224381308,0.08217637799680233,0.02956887794425711,,nan,nan,nan,nan,nan,nan,nan,nan,56,56,56,56,56,0,56,56,0,0,0,1,False,False,2.0,0,nan,nan,nan,nan,0.16209626917406456,1.7830589609147085,0.1620962691740644,1.7830589609147083,11.0,0.9999999999999993,1.0000000000000016,6.169173449181403,0.7582242438283802,10.0,10,logcosh,1.0,stepsize_pilot
manuscript-pilot,D,pilot_logcosh_d10_k10_rho1_fb-gvi,FB--GVI,2500492809,57,1.121667899851164,6.035481906582352,0.08295192930661432,nan,0.10771452445148132,0.013418620458443182,0.6900814928877015,1.1972007028533451,1.2440123099161748,1.1972007028533445,1.2440123099161744,2.43962531065862,0.15022078612941456,0.24581064224381396,0.08361830795183778,0.030104057921562344,,nan,nan,nan,nan,nan,nan,nan,nan,57,57,57,57,57,0,57,57,0,0,0,1,False,False,2.0,0,nan,nan,nan,nan,0.16209626917406456,1.7830589609147085,0.1620962691740644,1.7830589609147083,11.0,0.9999999999999993,1.0000000000000016,6.169173449181403,0.7582242438283829,10.0,10,logcosh,1.0,stepsize_pilot
manuscript-pilot,D,pilot_logcosh_d10_k10_rho1_fb-gvi,FB--GVI,2500492809,58,1.121667899851164,6.035481906582353,0.08295192930661521,nan,0.10771452445148666,0.01341862045844321,0.6900814928877008,1.197200702853345,1.2440123099161746,1.1972007028533456,1.244012309916175,2.43962531065862,0.15022078612941286,0.24581064224381313,0.08509630797198042,0.030628887936472893,,nan,nan,nan,nan,nan,nan,nan,nan,58,58,58,58,58,0,58,58,0,0,0,1,False,False,2.0,0,nan,nan,nan,nan,0.16209626917406456,1.7830589609147085,0.1620962691740644,1.7830589609147083,11.0,0.9999999999999993,1.0000000000000016,6.169173449181403,0.7582242438283803,10.0,10,logcosh,1.0,stepsize_pilot
manuscript-pilot,D,pilot_logcosh_d10_k10_rho1_fb-gvi,FB--GVI,2500492809,59,1.121667899851164,6.035481906582352,0.08295192930661432,nan,0.10771452445149776,0.013418620458443286,0.6900814928876989,1.1972007028533451,1.2440123099161737,1.1972007028533458,1.2440123099161737,2.439625310658618,0.15022078612941317,0.24581064224381188,0.08655238797655329,0.031161137914750725,,nan,nan,nan,nan,nan,nan,nan,nan,59,59,59,59,59,0,59,59,0,0,0,1,False,False,2.0,0,nan,nan,nan,nan,0.16209626917406456,1.7830589609147085,0.1620962691740644,1.7830589609147083,11.0,0.9999999999999993,1.0000000000000016,6.169173449181403,0.7582242438283765,10.0,10,logcosh,1.0,stepsize_pilot
manuscript-pilot,D,pilot_logcosh_d10_k10_rho1_fb-gvi,FB--GVI,2500492809,60,1.121667899851164,6.035481906582352,0.08295192930661432,nan,0.10771452445148044,0.01341862045844321,0.6900814928877,1.1972007028533442,1.2440123099161748,1.1972007028533442,1.2440123099161744,2.4396253106586188,0.15022078612941336,0.24581064224381272,0.08798160695005208,0.03167984791798517,,nan,nan,nan,nan,nan,nan,nan,nan,60,60,60,60,60,0,60,60,0,0,0,1,False,False,2.0,0,nan,nan,nan,nan,0.16209626917406456,1.7830589609147085,0.1620962691740644,1.7830589609147083,11.0,0.9999999999999993,1.0000000000000016,6.169173449181403,0.758224243828379,10.0,10,logcosh,1.0,stepsize_pilot
manuscript-pilot,D,pilot_logcosh_d10_k10_rho1_fb-gvi,FB--GVI,2500492809,61,1.121667899851164,6.035481906582354,0.0829519293066161,nan,0.1077145244514911,0.013418620458443236,0.6900814928877004,1.1972007028533447,1.244012309916173,1.1972007028533447,1.244012309916173,2.439625310658619,0.15022078612941536,0.2458106422438129,0.08942304697120562,0.032208607881329954,,nan,nan,nan,nan,nan,nan,nan,nan,61,61,61,61,61,0,61,61,0,0,0,1,False,False,2.0,0,nan,nan,nan,nan,0.16209626917406456,1.7830589609147085,0.1620962691740644,1.7830589609147083,11.0,0.9999999999999993,1.0000000000000016,6.169173449181403,0.7582242438283796,10.0,10,logcosh,1.0,stepsize_pilot
manuscript-pilot,D,pilot_logcosh_d10_k10_rho1_fb-gvi,FB--GVI,2500492809,62,1.121667899851164,6.035481906582354,0.0829519293066161,nan,0.10771452445149864,0.013418620458443185,0.6900814928877024,1.1972007028533476,1.2440123099161757,1.1972007028533471,1.2440123099161748,2.43962531065862,0.15022078612941409,0.245810642243814,0.0908708069473505,0.032742227893322706,,nan,nan,nan,nan,nan,nan,nan,nan,62,62,62,62,62,0,62,62,0,0,0,1,False,False,2.0,0,nan,nan,nan,nan,0.16209626917406456,1.7830589609147085,0.1620962691740644,1.7830589609147083,11.0,0.9999999999999993,1.0000000000000016,6.169173449181403,0.7582242438283829,10.0,10,logcosh,1.0,stepsize_pilot
manuscript-pilot,D,pilot_logcosh_d10_k10_rho1_fb-gvi,FB--GVI,2500492809,63,1.121667899851164,6.035481906582353,0.08295192930661521,nan,0.10771452445148844,0.013418620458443251,0.6900814928876989,1.197200702853345,1.244012309916175,1.1972007028533438,1.244012309916174,2.4396253106586183,0.15022078612941409,0.24581064224381213,0.09229973697802052,0.03325708786724135,,nan,nan,nan,nan,nan,nan,nan,nan,63,63,63,63,63,0,63,63,0,0,0,1,False,False,2.0,0,nan,nan,nan,nan,0.16209626917406456,1.7830589609147085,0.1620962691740644,1.7830589609147083,11.0,0.9999999999999993,1.0000000000000016,6.169173449181403,0.7582242438283773,10.0,10,logcosh,1.0,stepsize_pilot
manuscript-pilot,D,pilot_logcosh_d10_k10_rho1_fb-gvi,FB--GVI,2500492809,64,1.121667899851164,6.035481906582353,0.08295192930661521,nan,0.10771452445148844,0.013418620458443243,0.6900814928877029,1.1972007028533465,1.2440123099161764,1.1972007028533467,1.244012309916176,2.439625310658622,0.15022078612941603,0.24581064224381483,0.09374100697459653,0.03378700785106048,,nan,nan,nan,nan,nan,nan,nan,nan,64,64,64,64,64,0,64,64,0,0,0,1,False,False,2.0,0,nan,nan,nan,nan,0.16209626917406456,1.7830589609147085,0.1620962691740644,1.7830589609147083,11.0,0.9999999999999993,1.0000000000000016,6.169173449181403,0.7582242438283855,10.0,10,logcosh,1.0,stepsize_pilot
manuscript-pilot,D,pilot_logcosh_d10_k10_rho1_fb-gvi,FB--GVI,2500492809,65,1.121667899851164,6.035481906582353,0.08295192930661521,nan,0.1077145244514689,0.013418620458443288,0.6900814928876997,1.1972007028533431,1.2440123099161753,1.1972007028533433,1.2440123099161753,2.439625310658619,0.1502207861294121,0.24581064224381302,0.09517213696381077,0.03430403786478564,,nan,nan,nan,nan,nan,nan,nan,nan,65,65,65,65,65,0,65,65,0,0,0,1,False,False,2.0,0,nan,nan,nan,nan,0.16209626917406456,1.7830589609147085,0.1620962691740644,1.7830589609147083,11.0,0.9999999999999993,1.0000000000000016,6.169173449181403,0.7582242438283799,10.0,10,logcosh,1.0,stepsize_pilot
manuscript-pilot,D,pilot_logcosh_d10_k10_rho1_fb-gvi,FB--GVI,2500492809,66,1.121667899851164,6.035481906582353,0.08295192930661521,nan,0.10771452445149775,0.01341862045844315,0.6900814928877029,1.1972007028533476,1.2440123099161746,1.1972007028533471,1.2440123099161742,2.4396253106586214,0.15022078612941597,0.24581064224381435,0.09660688694566488,0.03483153786510229,,nan,nan,nan,nan,nan,nan,nan,nan,66,66,66,66,66,0,66,66,0,0,0,1,False,False,2.0,0,nan,nan,nan,nan,0.16209626917406456,1.7830589609147085,0.1620962691740644,1.7830589609147083,11.0,0.9999999999999993,1.0000000000000016,6.169173449181403,0.758224243828384,10.0,10,logcosh,1.0,stepsize_pilot
manuscript-pilot,D,pilot_logcosh_d10_k10_rho1_fb-gvi,FB--GVI,2500492809,67,1.121667899851164,6.035481906582354,0.0829519293066161,nan,0.10771452445149421,0.013418620458443208,0.6900814928877018,1.1972007028533451,1.244012309916176,1.1972007028533445,1.244012309916175,2.439625310658621,0.15022078612941658,0.2458106422438141,0.09803211694816127,0.035346697841305286,,nan,nan,nan,nan,nan,nan,nan,nan,67,67,67,67,67,0,67,67,0,0,0,1,False,False,2.0,0,nan,nan,nan,nan,0.16209626917406456,1.7830589609147085,0.1620962691740644,1.7830589609147083,11.0,0.9999999999999993,1.0000000000000016,6.169173449181403,0.7582242438283833,10.0,10,logcosh,1.0,stepsize_pilot
manuscript-pilot,D,pilot_logcosh_d10_k10_rho1_fb-gvi,FB--GVI,2500492809,68,1.121667899851164,6.035481906582353,0.08295192930661521,nan,0.10771452445150176,0.01341862045844323,0.6900814928877,1.1972007028533447,1.2440123099161748,1.1972007028533442,1.2440123099161742,2.4396253106586188,0.15022078612941567,0.2458106422438128,0.09947306697722524,0.035878567839972675,,nan,nan,nan,nan,nan,nan,nan,nan,68,68,68,68,68,0,68,68,0,0,0,1,False,False,2.0,0,nan,nan,nan,nan,0.16209626917406456,1.7830589609147085,0.1620962691740644,1.7830589609147083,11.0,0.9999999999999993,1.0000000000000016,6.169173449181403,0.7582242438283793,10.0,10,logcosh,1.0,stepsize_pilot
manuscript-pilot,D,pilot_logcosh_d10_k10_rho1_fb-gvi,FB--GVI,2500492809,69,1.121667899851164,6.035481906582353,0.08295192930661521,nan,0.10771452445148533,0.013418620458443206,0.6900814928877027,1.197200702853346,1.2440123099161748,1.197200702853346,1.244012309916176,2.4396253106586214,0.15022078612941164,0.24581064224381455,0.10091134696267545,0.036398667842149734,,nan,nan,nan,nan,nan,nan,nan,nan,69,69,69,69,69,0,69,69,0,0,0,1,False,False,2.0,0,nan,nan,nan,nan,0.16209626917406456,1.7830589609147085,0.1620962691740644,1.7830589609147083,11.0,0.9999999999999993,1.0000000000000016,6.169173449181403,0.7582242438283847,10.0,10,logcosh,1.0,stepsize_pilot
manuscript-pilot,D,pilot_logcosh_d10_k10_rho1_fb-gvi,FB--GVI,2500492809,70,1.121667899851164,6.035481906582352,0.08295192930661432,nan,0.10771452445148132,0.013418620458443147,0.6900814928877003,1.1972007028533442,1.2440123099161755,1.1972007028533445,1.2440123099161757,2.439625310658619,0.1502207861294125,0.24581064224381308,0.10235675697913393,0.03692881786264479,,nan,nan,nan,nan,nan,nan,nan,nan,70,70,70,70,70,0,70,70,0,0,0,1,False,False,2.0,0,nan,nan,nan,nan,0.16209626917406456,1.7830589609147085,0.1620962691740644,1.7830589609147083,11.0,0.9999999999999993,1.0000000000000016,6.169173449181403,0.7582242438283802,10.0,10,logcosh,1.0,stepsize_pilot
manuscript-pilot,D,pilot_logcosh_d10_k10_rho1_fb-gvi,FB--GVI,2500492809,71,1.121667899851164,6.035481906582354,0.0829519293066161,nan,0.10771452445148089,0.013418620458443246,0.6900814928877003,1.1972007028533453,1.2440123099161748,1.1972007028533447,1.244012309916174,2.43962531065862,0.1502207861294125,0.2458106422438129,0.10379663697676733,0.03745752788381651,,nan,nan,nan,nan,nan,nan,nan,nan,71,71,71,71,71,0,71,71,0,0,0,1,False,False,2.0,0,nan,nan,nan,nan,0.16209626917406456,1.7830589609147085,0.1620962691740644,1.7830589609147083,11.0,0.9999999999999993,1.0000000000000016,6.169173449181403,0.7582242438283796,10.0,10,logcosh,1.0,stepsize_pilot
manuscript-pilot,D,pilot_logcosh_d10_k10_rho1_fb-gvi,FB--GVI,2500492809,72,1.121667899851164,6.035481906582353,0.08295192930661521,nan,0.10771452445149421,0.013418620458443197,0.6900814928876996,1.1972007028533456,1.244012309916175,1.1972007028533453,1.2440123099161737,2.439625310658619,0.15022078612941214,0.24581064224381227,0.10522740695159882,0.037973117898218334,,nan,nan,nan,nan,nan,nan,nan,nan,72,72,72,72,72,0,72,72,0,0,0,1,False,False,2.0,0,nan,nan,nan,nan,0.16209626917406456,1.7830589609147085,0.1620962691740644,1.7830589609147083,11.0,0.9999999999999993,1.0000000000000016,6.169173449181403,0.7582242438283777,10.0,10,logcosh,1.0,stepsize_pilot
manuscript-pilot,D,pilot_logcosh_d10_k10_rho1_fb-gvi,FB--GVI,2500492809,73,1.121667899851164,6.035481906582352,0.08295192930661432,nan,0.10771452445149597,0.013418620458443182,0.6900814928877009,1.1972007028533447,1.2440123099161762,1.197200702853345,1.2440123099161755,2.4396253106586205,0.15022078612941536,0.24581064224381385,0.1066648869891651,0.03849420795449987,,nan,nan,nan,nan,nan,nan,nan,nan,73,73,73,73,73,0,73,73,0,0,0,1,False,False,2.0,0,nan,nan,nan,nan,0.16209626917406456,1.7830589609147085,0.1620962691740644,1.7830589609147083,11.0,0.9999999999999993,1.0000000000000016,6.169173449181403,0.7582242438283825,10.0,10,logcosh,1.0,stepsize_pilot
manuscript-pilot,D,pilot_logcosh_d10_k10_rho1_fb-gvi,FB--GVI,2500492809,74,1.121667899851164,6.035481906582352,0.08295192930661432,nan,0.10771452445149421,0.013418620458443256,0.6900814928876985,1.1972007028533456,1.244012309916174,1.1972007028533447,1.2440123099161728,2.439625310658618,0.15022078612941464,0.2458106422438116,0.10807669698260725,0.03900217794580385,,nan,nan,nan,nan,nan,nan,nan,nan,74,74,74,74,74,0,74,74,0,0,0,1,False,False,2.0,0,nan,nan,nan,nan,0.16209626917406456,1.7830589609147085,0.1620962691740644,1.7830589609147083,11.0,0.9999999999999993,1.0000000000000016,6.169173449181403,0.7582242438283756,10.0,10,logcosh,1.0,stepsize_pilot
manuscript-pilot,D,pilot_logcosh_d10_k10_rho1_fb-gvi,FB--GVI,2500492809,75,1.121667899851164,6.035481906582352,0.08295192930661432,nan,0.10771452445148443,0.013418620458443154,0.6900814928877006,1.1972007028533431,1.2440123099161742,1.1972007028533436,1.2440123099161748,2.43962531065862,0.15022078612941336,0.24581064224381335,0.1095188069739379,0.03953512798761949,,nan,nan,nan,nan,nan,nan,nan,nan,75,75,75,75,75,0,75,75,0,0,0,1,False,False,2.0,0,nan,nan,nan,nan,0.16209626917406456,1.7830589609147085,0.1620962691740644,1.7830589609147083,11.0,0.9999999999999993,1.0000000000000016,6.169173449181403,0.758224243828381,10.0,10,logcosh,1.0,stepsize_pilot
manuscript-pilot,D,pilot_logcosh_d10_k10_rho1_fb-gvi,FB--GVI,2500492809,76,1.121667899851164,6.035481906582353,0.08295192930661521,nan,0.10771452445149109,0.013418620458443189,0.6900814928876998,1.1972007028533453,1.244012309916174,1.197200702853345,1.2440123099161733,2.4396253106586197,0.1502207861294121,0.24581064224381244,0.11095171695342287,0.04005192802287638,,nan,nan,nan,nan,nan,nan,nan,nan,76,76,76,76,76,0,76,76,0,0,0,1,False,False,2.0,0,nan,nan,nan,nan,0.16209626917406456,1.7830589609147085,0.1620962691740644,1.7830589609147083,11.0,0.9999999999999993,1.0000000000000016,6.169173449181403,0.7582242438283782,10.0,10,logcosh,1.0,stepsize_pilot
manuscript-pilot,D,pilot_logcosh_d10_k10_rho1_fb-gvi,FB--GVI,2500492809,77,1.121667899851164,6.035481906582351,0.08295192930661344,nan,0.1077145244514973,0.013418620458443192,0.6900814928876984,1.1972007028533451,1.244012309916175,1.1972007028533445,1.244012309916174,2.439625310658618,0.1502207861294123,0.24581064224381163,0.1124064969480969,0.04057598800864071,,nan,nan,nan,nan,nan,nan,nan,nan,77,77,77,77,77,0,77,77,0,0,0,1,False,False,2.0,0,nan,nan,nan,nan,0.16209626917406456,1.7830589609147085,0.1620962691740644,1.7830589609147083,11.0,0.9999999999999993,1.0000000000000016,6.169173449181403,0.7582242438283757,10.0,10,logcosh,1.0,stepsize_pilot
manuscript-pilot,D,pilot_logcosh_d10_k10_rho1_fb-gvi,FB--GVI,2500492809,78,1.121667899851164,6.035481906582353,0.08295192930661521,nan,0.10771452445147421,0.01341862045844315,0.6900814928876994,1.1972007028533445,1.2440123099161742,1.1972007028533445,1.244012309916174,2.4396253106586188,0.15022078612941328,0.24581064224381222,0.11384088697377592,0.04109828796936199,,nan,nan,nan,nan,nan,nan,nan,nan,78,78,78,78,78,0,78,78,0,0,0,1,False,False,2.0,0,nan,nan,nan,nan,0.16209626917406456,1.7830589609147085,0.1620962691740644,1.7830589609147083,11.0,0.9999999999999993,1.0000000000000016,6.169173449181403,0.7582242438283775,10.0,10,logcosh,1.0,stepsize_pilot
manuscript-pilot,D,pilot_logcosh_d10_k10_rho1_fb-gvi,FB--GVI,2500492809,79,1.121667899851164,6.035481906582353,0.08295192930661521,nan,0.10771452445148265,0.013418620458443137,0.6900814928876994,1.1972007028533453,1.244012309916175,1.1972007028533447,1.2440123099161742,2.4396253106586188,0.15022078612941306,0.24581064224381222,0.11527514696354046,0.0416152979596518,,nan,nan,nan,nan,nan,nan,nan,nan,79,79,79,79,79,0,79,79,0,0,0,1,False,False,2.0,0,nan,nan,nan,nan,0.16209626917406456,1.7830589609147085,0.1620962691740644,1.7830589609147083,11.0,0.9999999999999993,1.0000000000000016,6.169173449181403,0.7582242438283775,10.0,10,logcosh,1.0,stepsize_pilot
manuscript-pilot,D,pilot_logcosh_d10_k10_rho1_fb-gvi,FB--GVI,2500492809,80,1.121667899851164,6.035481906582355,0.08295192930661699,nan,0.10771452445149331,0.013418620458443123,0.6900814928877015,1.1972007028533447,1.2440123099161755,1.1972007028533445,1.244012309916175,2.43962531065862,0.15022078612941328,0.24581064224381363,0.11671862698858604,0.042142057965975255,,nan,nan,nan,nan,nan,nan,nan,nan,80,80,80,80,80,0,80,80,0,0,0,1,False,False,2.0,0,nan,nan,nan,nan,0.16209626917406456,1.7830589609147085,0.1620962691740644,1.7830589609147083,11.0,0.9999999999999993,1.0000000000000016,6.169173449181403,0.7582242438283818,10.0,10,logcosh,1.0,stepsize_pilot
manuscript-pilot,D,pilot_logcosh_d10_k10_rho1_fb-gvi,FB--GVI,2500492809,81,1.121667899851164,6.035481906582353,0.08295192930661521,nan,0.10771452445149242,0.013418620458443184,0.6900814928876993,1.197200702853344,1.2440123099161742,1.1972007028533445,1.2440123099161744,2.4396253106586183,0.15022078612941164,0.24581064224381252,0.11816703696968034,0.04266390792327002,,nan,nan,nan,nan,nan,nan,nan,nan,81,81,81,81,81,0,81,81,0,0,0,1,False,False,2.0,0,nan,nan,nan,nan,0.16209626917406456,1.7830589609147085,0.1620962691740644,1.7830589609147083,11.0,0.9999999999999993,1.0000000000000016,6.169173449181403,0.7582242438283784,10.0,10,logcosh,1.0,stepsize_pilot
manuscript-pilot,D,pilot_logcosh_d10_k10_rho1_fb-gvi,FB--GVI,2500492809,82,1.121667899851164,6.035481906582353,0.08295192930661521,nan,0.10771452445150352,0.013418620458443147,0.6900814928877012,1.1972007028533453,1.2440123099161762,1.1972007028533458,1.2440123099161764,2.4396253106586205,0.15022078612941409,0.2458106422438134,0.11961686698487028,0.04319544788450003,,nan,nan,nan,nan,nan,nan,nan,nan,82,82,82,82,82,0,82,82,0,0,0,1,False,False,2.0,0,nan,nan,nan,nan,0.16209626917406456,1.7830589609147085,0.1620962691740644,1.7830589609147083,11.0,0.9999999999999993,1.0000000000000016,6.169173449181403,0.7582242438283812,10.0,10,logcosh,1.0,stepsize_pilot
manuscript-pilot,D,pilot_logcosh_d10_k10_rho1_fb-gvi,FB--GVI,2500492809,83,1.121667899851164,6.035481906582353,0.08295192930661521,nan,0.10771452445148977,0.013418620458443211,0.6900814928876993,1.1972007028533445,1.2440123099161744,1.1972007028533451,1.2440123099161733,2.4396253106586183,0.15022078612941245,0.24581064224381222,0.1210780959809199,0.04371840786188841,,nan,nan,nan,nan,nan,nan,nan,nan,83,83,83,83,83,0,83,83,0,0,0,1,False,False,2.0,0,nan,nan,nan,nan,0.16209626917406456,1.7830589609147085,0.1620962691740644,1.7830589609147083,11.0,0.9999999999999993,1.0000000000000016,6.169173449181403,0.7582242438283775,10.0,10,logcosh,1.0,stepsize_pilot
manuscript-pilot,D,pilot_logcosh_d10_k10_rho1_fb-gvi,FB--GVI,2500492809,84,1.121667899851164,6.035481906582354,0.0829519293066161,nan,0.10771452445148487,0.013418620458443126,0.6900814928877014,1.1972007028533456,1.244012309916176,1.1972007028533442,1.2440123099161746,2.4396253106586197,0.15022078612941614,0.2458106422438135,0.12254000594839454,0.04425443790387362,,nan,nan,nan,nan,nan,nan,nan,nan,84,84,84,84,84,0,84,84,0,0,0,1,False,False,2.0,0,nan,nan,nan,nan,0.16209626917406456,1.7830589609147085,0.1620962691740644,1.7830589609147083,11.0,0.9999999999999993,1.0000000000000016,6.169173449181403,0.7582242438283814,10.0,10,logcosh,1.0,stepsize_pilot
manuscript-pilot,D,pilot_logcosh_d10_k10_rho1_fb-gvi,FB--GVI,2500492809,85,1.121667899851164,6.035481906582353,0.08295192930661521,nan,0.10771452445148799,0.01341862045844325,0.6900814928877012,1.197200702853347,1.2440123099161744,1.1972007028533467,1.2440123099161746,2.4396253106586205,0.15022078612941298,0.24581064224381344,0.12397707597119734,0.044772567867767066,,nan,nan,nan,nan,nan,nan,nan,nan,85,85,85,85,85,0,85,85,0,0,0,1,False,False,2.0,0,nan,nan,nan,nan,0.16209626917406456,1.7830589609147085,0.1620962691740644,1.7830589609147083,11.0,0.9999999999999993,1.0000000000000016,6.169173449181403,0.7582242438283813,10.0,10,logcosh,1.0,stepsize_pilot
manuscript-pilot,D,pilot_logcosh_d10_k10_rho1_fb-gvi,FB--GVI,2500492809,86,1.121667899851164,6.035481906582352,0.08295192930661432,nan,0.1077145244514951,0.01341862045844322,0.6900814928877016,1.1972007028533451,1.244012309916175,1.1972007028533442,1.2440123099161742,2.4396253106586205,0.15022078612941475,0.2458106422438142,0.1254277759580873,0.04529999784426764,,nan,nan,nan,nan,nan,nan,nan,nan,86,86,86,86,86,0,86,86,0,0,0,1,False,False,2.0,0,nan,nan,nan,nan,0.16209626917406456,1.7830589609147085,0.1620962691740644,1.7830589609147083,11.0,0.9999999999999993,1.0000000000000016,6.169173449181403,0.7582242438283836,10.0,10,logcosh,1.0,stepsize_pilot
manuscript-pilot,D,pilot_logcosh_d10_k10_rho1_fb-gvi,FB--GVI,2500492809,87,1.121667899851164,6.035481906582352,0.08295192930661432,nan,0.10771452445149732,0.013418620458443213,0.6900814928877003,1.197200702853344,1.2440123099161728,1.1972007028533442,1.2440123099161728,2.43962531065862,0.15022078612941178,0.2458106422438127,0.12687027599895373,0.04582305788062513,,nan,nan,nan,nan,nan,nan,nan,nan,87,87,87,87,87,0,87,87,0,0,0,1,False,False,2.0,0,nan,nan,nan,nan,0.16209626917406456,1.7830589609147085,0.1620962691740644,1.7830589609147083,11.0,0.9999999999999993,1.0000000000000016,6.169173449181403,0.7582242438283789,10.0,10,logcosh,1.0,stepsize_pilot
manuscript-pilot,D,pilot_logcosh_d10_k10_rho1_fb-gvi,FB--GVI,2500492809,88,1.121667899851164,6.035481906582352,0.08295192930661432,nan,0.10771452445150796,0.013418620458443158,0.6900814928877022,1.1972007028533465,1.244012309916176,1.1972007028533458,1.244012309916175,2.439625310658621,0.15022078612941536,0.24581064224381446,0.12832173594506457,0.04635406791931018,,nan,nan,nan,nan,nan,nan,nan,nan,88,88,88,88,88,0,88,88,0,0,0,1,False,False,2.0,0,nan,nan,nan,nan,0.16209626917406456,1.7830589609147085,0.1620962691740644,1.7830589609147083,11.0,0.9999999999999993,1.0000000000000016,6.169173449181403,0.7582242438283844,10.0,10,logcosh,1.0,stepsize_pilot
manuscript-pilot,D,pilot_logcosh_d10_k10_rho1_fb-gvi,FB--GVI,2500492809,89,1.121667899851164,6.035481906582352,0.08295192930661432,nan,0.10771452445148622,0.013418620458443262,0.6900814928876986,1.1972007028533431,1.2440123099161744,1.1972007028533427,1.2440123099161742,2.4396253106586183,0.15022078612941256,0.24581064224381186,0.12976119597442448,0.04688313789665699,,nan,nan,nan,nan,nan,nan,nan,nan,89,89,89,89,89,0,89,89,0,0,0,1,False,False,2.0,0,nan,nan,nan,nan,0.16209626917406456,1.7830589609147085,0.1620962691740644,1.7830589609147083,11.0,0.9999999999999993,1.0000000000000016,6.169173449181403,0.7582242438283764,10.0,10,logcosh,1.0,stepsize_pilot
manuscript-pilot,D,pilot_logcosh_d10_k10_rho1_fb-gvi,FB--GVI,2500492809,90,1.121667899851164,6.035481906582353,0.08295192930661521,nan,0.10771452445149286,0.013418620458443182,0.690081492887701,1.1972007028533465,1.2440123099161742,1.1972007028533462,1.2440123099161733,2.439625310658619,0.15022078612941347,0.245810642243813,0.13120975595666096,0.04740363790187985,,nan,nan,nan,nan,nan,nan,nan,nan,90,90,90,90,90,0,90,90,0,0,0,1,False,False,2.0,0,nan,nan,nan,nan,0.16209626917406456,1.7830589609147085,0.1620962691740644,1.7830589609147083,11.0,0.9999999999999993,1.0000000000000016,6.169173449181403,0.7582242438283799,10.0,10,logcosh,1.0,stepsize_pilot
manuscript-pilot,D,pilot_logcosh_d10_k10_rho1_fb-gvi,FB--GVI,2500492809,91,1.121667899851164,6.035481906582352,0.08295192930661432,nan,0.10771452445148089,0.013418620458443201,0.6900814928876994,1.197200702853346,1.244012309916174,1.1972007028533453,1.2440123099161742,2.4396253106586197,0.1502207861294144,0.24581064224381233,0.13265835598576814,0.04793496790807694,,nan,nan,nan,nan,nan,nan,nan,nan,91,91,91,91,91,0,91,91,0,0,0,1,False,False,2.0,0,nan,nan,nan,nan,0.16209626917406456,1.7830589609147085,0.1620962691740644,1.7830589609147083,11.0,0.9999999999999993,1.0000000000000016,6.169173449181403,0.7582242438283778,10.0,10,logcosh,1.0,stepsize_pilot
manuscript-pilot,D,pilot_logcosh_d10_k10_rho1_fb-gvi,FB--GVI,2500492809,92,1.121667899851164,6.035481906582352,0.08295192930661432,nan,0.1077145244514871,0.013418620458443204,0.6900814928877005,1.197200702853344,1.2440123099161755,1.1972007028533436,1.2440123099161744,2.43962531065862,0.1502207861294128,0.24581064224381313,0.13412526599131525,0.048459717945661396,,nan,nan,nan,nan,nan,nan,nan,nan,92,92,92,92,92,0,92,92,0,0,0,1,False,False,2.0,0,nan,nan,nan,nan,0.16209626917406456,1.7830589609147085,0.1620962691740644,1.7830589609147083,11.0,0.9999999999999993,1.0000000000000016,6.169173449181403,0.7582242438283803,10.0,10,logcosh,1.0,stepsize_pilot
manuscript-pilot,D,pilot_logcosh_d10_k10_rho1_fb-gvi,FB--GVI,2500492809,93,1.121667899851164,6.035481906582353,0.08295192930661521,nan,0.10771452445149109,0.013418620458443194,0.6900814928876985,1.197200702853345,1.2440123099161735,1.1972007028533445,1.244012309916173,2.4396253106586183,0.15022078612941359,0.24581064224381183,0.13559365598484874,0.04899905790807679,,nan,nan,nan,nan,nan,nan,nan,nan,93,93,93,93,93,0,93,93,0,0,0,1,False,False,2.0,0,nan,nan,nan,nan,0.16209626917406456,1.7830589609147085,0.1620962691740644,1.7830589609147083,11.0,0.9999999999999993,1.0000000000000016,6.169173449181403,0.7582242438283763,10.0,10,logcosh,1.0,stepsize_pilot
manuscript-pilot,D,pilot_logcosh_d10_k10_rho1_fb-gvi,FB--GVI,2500492809,94,1.121667899851164,6.035481906582353,0.08295192930661521,nan,0.10771452445148665,0.013418620458443123,0.6900814928877013,1.1972007028533451,1.2440123099161753,1.1972007028533451,1.244012309916175,2.4396253106586205,0.15022078612941328,0.24581064224381324,0.13704516598954797,0.04952552792383358,,nan,nan,nan,nan,nan,nan,nan,nan,94,94,94,94,94,0,94,94,0,0,0,1,False,False,2.0,0,nan,nan,nan,nan,0.16209626917406456,1.7830589609147085,0.1620962691740644,1.7830589609147083,11.0,0.9999999999999993,1.0000000000000016,6.169173449181403,0.7582242438283807,10.0,10,logcosh,1.0,stepsize_pilot
manuscript-pilot,D,pilot_logcosh_d10_k10_rho1_fb-gvi,FB--GVI,2500492809,95,1.121667899851164,6.035481906582352,0.08295192930661432,nan,0.10771452445148089,0.01341862045844323,0.6900814928876995,1.1972007028533462,1.2440123099161742,1.1972007028533465,1.2440123099161737,2.4396253106586188,0.15022078612941536,0.24581064224381244,0.1385021960013546,0.05006466794293374,,nan,nan,nan,nan,nan,nan,nan,nan,95,95,95,95,95,0,95,95,0,0,0,1,False,False,2.0,0,nan,nan,nan,nan,0.16209626917406456,1.7830589609147085,0.1620962691740644,1.7830589609147083,11.0,0.9999999999999993,1.0000000000000016,6.169173449181403,0.7582242438283782,10.0,10,logcosh,1.0,stepsize_pilot
manuscript-pilot,D,pilot_logcosh_d10_k10_rho1_fb-gvi,FB--GVI,2500492809,96,1.121667899851164,6.035481906582353,0.08295192930661521,nan,0.10771452445148132,0.013418620458443086,0.6900814928876994,1.1972007028533447,1.244012309916175,1.197200702853344,1.2440123099161742,2.4396253106586188,0.1502207861294148,0.24581064224381213,0.13993954594479874,0.05058916792040691,,nan,nan,nan,nan,nan,nan,nan,nan,96,96,96,96,96,0,96,96,0,0,0,1,False,False,2.0,0,nan,nan,nan,nan,0.16209626917406456,1.7830589609147085,0.1620962691740644,1.7830589609147083,11.0,0.9999999999999993,1.0000000000000016,6.169173449181403,0.7582242438283773,10.0,10,logcosh,1.0,stepsize_pilot
manuscript-pilot,D,pilot_logcosh_d10_k10_rho1_fb-gvi,FB--GVI,2500492809,97,1.121667899851164,6.035481906582354,0.0829519293066161,nan,0.10771452445148309,0.013418620458443182,0.690081492887701,1.197200702853345,1.2440123099161762,1.197200702853344,1.2440123099161753,2.4396253106586205,0.15022078612941434,0.24581064224381355,0.14139491599053144,0.05112317792372778,,nan,nan,nan,nan,nan,nan,nan,nan,97,97,97,97,97,0,97,97,0,0,0,1,False,False,2.0,0,nan,nan,nan,nan,0.16209626917406456,1.7830589609147085,0.1620962691740644,1.7830589609147083,11.0,0.9999999999999993,1.0000000000000016,6.169173449181403,0.7582242438283816,10.0,10,logcosh,1.0,stepsize_pilot
manuscript-pilot,D,pilot_logcosh_d10_k10_rho1_fb-gvi,FB--GVI,2500492809,98,1.121667899851164,6.035481906582354,0.0829519293066161,nan,0.10771452445148666,0.013418620458443256,0.6900814928877012,1.1972007028533451,1.244012309916176,1.1972007028533453,1.2440123099161755,2.4396253106586205,0.1502207861294145,0.24581064224381358,0.1428363459999673,0.051659657969139516,,nan,nan,nan,nan,nan,nan,nan,nan,98,98,98,98,98,0,98,98,0,0,0,1,False,False,2.0,0,nan,nan,nan,nan,0.16209626917406456,1.7830589609147085,0.1620962691740644,1.7830589609147083,11.0,0.9999999999999993,1.0000000000000016,6.169173449181403,0.7582242438283817,10.0,10,logcosh,1.0,stepsize_pilot
manuscript-pilot,D,pilot_logcosh_d10_k10_rho1_fb-gvi,FB--GVI,2500492809,99,1.121667899851164,6.035481906582354,0.0829519293066161,nan,0.10771452445149021,0.013418620458443215,0.6900814928877027,1.197200702853347,1.244012309916175,1.1972007028533462,1.2440123099161746,2.4396253106586214,0.15022078612941742,0.2458106422438146,0.14426909596659243,0.05217950796941295,,nan,nan,nan,nan,nan,nan,nan,nan,99,99,99,99,99,0,99,99,0,0,0,1,False,False,2.0,0,nan,nan,nan,nan,0.16209626917406456,1.7830589609147085,0.1620962691740644,1.7830589609147083,11.0,0.9999999999999993,1.0000000000000016,6.169173449181403,0.7582242438283848,10.0,10,logcosh,1.0,stepsize_pilot
manuscript-pilot,D,pilot_logcosh_d10_k10_rho1_fb-gvi,FB--GVI,2500492809,100,1.121667899851164,6.035481906582352,0.08295192930661432,nan,0.1077145244514911,0.013418620458443269,0.690081492887699,1.1972007028533445,1.2440123099161744,1.1972007028533447,1.2440123099161744,2.4396253106586188,0.15022078612941214,0.24581064224381186,0.14572541596135125,0.05271816800814122,,nan,nan,nan,nan,nan,nan,nan,nan,100,100,100,100,100,0,100,100,0,0,0,1,False,False,2.0,0,nan,nan,nan,nan,0.16209626917406456,1.7830589609147085,0.1620962691740644,1.7830589609147083,11.0,0.9999999999999993,1.0000000000000016,6.169173449181403,0.7582242438283764,10.0,10,logcosh,1.0,stepsize_pilot
manuscript-pilot,D,pilot_logcosh_d10_k10_rho1_fb-gvi,FB--GVI,2500492809,101,1.121667899851164,6.035481906582353,0.08295192930661521,nan,0.10771452445147423,0.013418620458443203,0.6900814928877008,1.1972007028533467,1.244012309916174,1.1972007028533467,1.2440123099161728,2.439625310658619,0.15022078612941195,0.24581064224381308,0.14717253594426438,0.053237048035953194,,nan,nan,nan,nan,nan,nan,nan,nan,101,101,101,101,101,0,101,101,0,0,0,1,False,False,2.0,0,nan,nan,nan,nan,0.16209626917406456,1.7830589609147085,0.1620962691740644,1.7830589609147083,11.0,0.9999999999999993,1.0000000000000016,6.169173449181403,0.7582242438283802,10.0,10,logcosh,1.0,stepsize_pilot
manuscript-pilot,D,pilot_logcosh_d10_k10_rho1_fb-gvi,FB--GVI,2500492809,102,1.121667899851164,6.035481906582353,0.08295192930661521,nan,0.10771452445148977,0.013418620458443222,0.6900814928877017,1.197200702853346,1.2440123099161755,1.1972007028533451,1.2440123099161748,2.439625310658621,0.15022078612941372,0.245810642243814,0.14862613595323637,0.053774948057252914,,nan,nan,nan,nan,nan,nan,nan,nan,102,102,102,102,102,0,102,102,0,0,0,1,False,False,2.0,0,nan,nan,nan,nan,0.16209626917406456,1.7830589609147085,0.1620962691740644,1.7830589609147083,11.0,0.9999999999999993,1.0000000000000016,6.169173449181403,0.7582242438283829,10.0,10,logcosh,1.0,stepsize_pilot
manuscript-pilot,D,pilot_logcosh_d10_k10_rho1_fb-gvi,FB--GVI,2500492809,103,1.121667899851164,6.035481906582352,0.08295192930661432,nan,0.10771452445149732,0.013418620458443234,0.6900814928876988,1.1972007028533436,1.2440123099161733,1.1972007028533438,1.2440123099161737,2.4396253106586188,0.15022078612941359,0.24581064224381183,0.15006220596842468,0.05429853807436302,,nan,nan,nan,nan,nan,nan,nan,nan,103,103,103,103,103,0,103,103,0,0,0,1,False,False,2.0,0,nan,nan,nan,nan,0.16209626917406456,1.7830589609147085,0.1620962691740644,1.7830589609147083,11.0,0.9999999999999993,1.0000000000000016,6.169173449181403,0.7582242438283763,10.0,10,logcosh,1.0,stepsize_pilot
manuscript-pilot,D,pilot_logcosh_d10_k10_rho1_fb-gvi,FB--GVI,2500492809,104,1.121667899851164,6.035481906582351,0.08295192930661344,nan,0.10771452445148977,0.013418620458443234,0.6900814928876982,1.197200702853344,1.244012309916175,1.1972007028533438,1.2440123099161748,2.4396253106586183,0.15022078612941275,0.24581064224381166,0.1515184659510851,0.054833008034620434,,nan,nan,nan,nan,nan,nan,nan,nan,104,104,104,104,104,0,104,104,0,0,0,1,False,False,2.0,0,nan,nan,nan,nan,0.16209626917406456,1.7830589609147085,0.1620962691740644,1.7830589609147083,11.0,0.9999999999999993,1.0000000000000016,6.169173449181403,0.7582242438283758,10.0,10,logcosh,1.0,stepsize_pilot
manuscript-pilot,D,pilot_logcosh_d10_k10_rho1_fb-gvi,FB--GVI,2500492809,105,1.121667899851164,6.035481906582353,0.08295192930661521,nan,0.10771452445148932,0.013418620458443208,0.6900814928876989,1.197200702853345,1.2440123099161746,1.1972007028533456,1.2440123099161742,2.439625310658619,0.15022078612941336,0.2458106422438121,0.15296223596669734,0.05535605800105259,,nan,nan,nan,nan,nan,nan,nan,nan,105,105,105,105,105,0,105,105,0,0,0,1,False,False,2.0,0,nan,nan,nan,nan,0.16209626917406456,1.7830589609147085,0.1620962691740644,1.7830589609147083,11.0,0.9999999999999993,1.0000000000000016,6.169173449181403,0.7582242438283772,10.0,10,logcosh,1.0,stepsize_pilot
manuscript-pilot,D,pilot_logcosh_d10_k10_rho1_fb-gvi,FB--GVI,2500492809,106,1.121667899851164,6.035481906582354,0.0829519293066161,nan,0.10771452445149465,0.013418620458443272,0.6900814928876994,1.197200702853346,1.244012309916175,1.1972007028533451,1.2440123099161746,2.4396253106586188,0.15022078612941062,0.2458106422438121,0.15440016495995224,0.05588154698489234,,nan,nan,nan,nan,nan,nan,nan,nan,106,106,106,106,106,0,106,106,0,0,0,1,False,False,2.0,0,nan,nan,nan,nan,0.16209626917406456,1.7830589609147085,0.1620962691740644,1.7830589609147083,11.0,0.9999999999999993,1.0000000000000016,6.169173449181403,0.7582242438283772,10.0,10,logcosh,1.0,stepsize_pilot
manuscript-pilot,D,pilot_logcosh_d10_k10_rho1_fb-gvi,FB--GVI,2500492809,107,1.121667899851164,6.035481906582352,0.08295192930661432,nan,0.10771452445148577,0.013418620458443234,0.6900814928876989,1.1972007028533458,1.244012309916174,1.1972007028533453,1.2440123099161733,2.4396253106586183,0.15022078612941261,0.24581064224381188,0.1558539149700664,0.056409776967484504,,nan,nan,nan,nan,nan,nan,nan,nan,107,107,107,107,107,0,107,107,0,0,0,1,False,False,2.0,0,nan,nan,nan,nan,0.16209626917406456,1.7830589609147085,0.1620962691740644,1.7830589609147083,11.0,0.9999999999999993,1.0000000000000016,6.169173449181403,0.7582242438283765,10.0,10,logcosh,1.0,stepsize_pilot
manuscript-pilot,D,pilot_logcosh_d10_k10_rho1_fb-gvi,FB--GVI,2500492809,108,1.121667899851164,6.035481906582351,0.08295192930661344,nan,0.1077145244514942,0.013418620458443182,0.6900814928876994,1.1972007028533442,1.2440123099161753,1.1972007028533436,1.244012309916174,2.4396253106586188,0.15022078612941384,0.24581064224381233,0.15729378495598212,0.056933686952106655,,nan,nan,nan,nan,nan,nan,nan,nan,108,108,108,108,108,0,108,108,0,0,0,1,False,False,2.0,0,nan,nan,nan,nan,0.16209626917406456,1.7830589609147085,0.1620962691740644,1.7830589609147083,11.0,0.9999999999999993,1.0000000000000016,6.169173449181403,0.7582242438283778,10.0,10,logcosh,1.0,stepsize_pilot
manuscript-pilot,D,pilot_logcosh_d10_k10_rho1_fb-gvi,FB--GVI,2500492809,109,1.121667899851164,6.035481906582353,0.08295192930661521,nan,0.10771452445148753,0.013418620458443171,0.6900814928877013,1.1972007028533462,1.2440123099161746,1.197200702853346,1.2440123099161742,2.4396253106586205,0.15022078612941414,0.24581064224381372,0.15875315497396514,0.05746165697928518,,nan,nan,nan,nan,nan,nan,nan,nan,109,109,109,109,109,0,109,109,0,0,0,1,False,False,2.0,0,nan,nan,nan,nan,0.16209626917406456,1.7830589609147085,0.1620962691740644,1.7830589609147083,11.0,0.9999999999999993,1.0000000000000016,6.169173449181403,0.7582242438283822,10.0,10,logcosh,1.0,stepsize_pilot
manuscript-pilot,D,pilot_logcosh_d10_k10_rho1_fb-gvi,FB--GVI,2500492809,110,1.121667899851164,6.035481906582353,0.08295192930661521,nan,0.10771452445148087,0.013418620458443182,0.6900814928876998,1.1972007028533447,1.2440123099161748,1.1972007028533447,1.2440123099161748,2.4396253106586183,0.15022078612941556,0.2458106422438126,0.1601836549816653,0.05797912698471919,,nan,nan,nan,nan,nan,nan,nan,nan,110,110,110,110,110,0,110,110,0,0,0,1,False,False,2.0,0,nan,nan,nan,nan,0.16209626917406456,1.7830589609147085,0.1620962691740644,1.7830589609147083,11.0,0.9999999999999993,1.0000000000000016,6.169173449181403,0.7582242438283787,10.0,10,logcosh,1.0,stepsize_pilot
manuscript-pilot,D,pilot_logcosh_d10_k10_rho1_fb-gvi,FB--GVI,2500492809,111,1.121667899851164,6.035481906582352,0.08295192930661432,nan,0.10771452445149732,0.013418620458443217,0.6900814928877004,1.197200702853344,1.2440123099161755,1.1972007028533442,1.2440123099161757,2.4396253106586197,0.1502207861294122,0.2458106422438132,0.1616523650009185,0.058513447002042085,,nan,nan,nan,nan,nan,nan,nan,nan,111,111,111,111,111,0,111,111,0,0,0,1,False,False,2.0,0,nan,nan,nan,nan,0.16209626917406456,1.7830589609147085,0.1620962691740644,1.7830589609147083,11.0,0.9999999999999993,1.0000000000000016,6.169173449181403,0.7582242438283805,10.0,10,logcosh,1.0,stepsize_pilot
manuscript-pilot,D,pilot_logcosh_d10_k10_rho1_fb-gvi,FB--GVI,2500492809,112,1.121667899851164,6.035481906582353,0.08295192930661521,nan,0.10771452445148799,0.013418620458443328,0.6900814928876996,1.1972007028533451,1.244012309916175,1.197200702853344,1.2440123099161744,2.439625310658619,0.1502207861294123,0.24581064224381208,0.16310056496877223,0.05903814698103815,,nan,nan,nan,nan,nan,nan,nan,nan,112,112,112,112,112,0,112,112,0,0,0,1,False,False,2.0,0,nan,nan,nan,nan,0.16209626917406456,1.7830589609147085,0.1620962691740644,1.7830589609147083,11.0,0.9999999999999993,1.0000000000000016,6.169173449181403,0.758224243828377,10.0,10,logcosh,1.0,stepsize_pilot
manuscript-pilot,D,pilot_logcosh_d10_k10_rho1_fb-gvi,FB--GVI,2500492809,113,1.121667899851164,6.035481906582353,0.08295192930661521,nan,0.10771452445148444,0.013418620458443204,0.6900814928877022,1.1972007028533462,1.244012309916175,1.1972007028533458,1.244012309916174,2.4396253106586205,0.15022078612941414,0.2458106422438141,0.16455468494677916,0.059571637015324086,,nan,nan,nan,nan,nan,nan,nan,nan,113,113,113,113,113,0,113,113,0,0,0,1,False,False,2.0,0,nan,nan,nan,nan,0.16209626917406456,1.7830589609147085,0.1620962691740644,1.7830589609147083,11.0,0.9999999999999993,1.0000000000000016,6.169173449181403,0.7582242438283833,10.0,10,logcosh,1.0,stepsize_pilot
manuscript-pilot,D,pilot_logcosh_d10_k10_rho1_fb-gvi,FB--GVI,2500492809,114,1.121667899851164,6.035481906582352,0.08295192930661432,nan,0.10771452445148666,0.013418620458443204,0.6900814928877003,1.1972007028533436,1.2440123099161742,1.1972007028533422,1.2440123099161733,2.4396253106586205,0.15022078612941456,0.24581064224381338,0.16598249494563788,0.06009099702350795,,nan,nan,nan,nan,nan,nan,nan,nan,114,114,114,114,114,0,114,114,0,0,0,1,False,False,2.0,0,nan,nan,nan,nan,0.16209626917406456,1.7830589609147085,0.1620962691740644,1.7830589609147083,11.0,0.9999999999999993,1.0000000000000016,6.169173449181403,0.758224243828381,10.0,10,logcosh,1.0,stepsize_pilot
manuscript-pilot,D,pilot_logcosh_d10_k10_rho1_fb-gvi,FB--GVI,2500492809,115,1.121667899851164,6.035481906582351,0.08295192930661344,nan,0.1077145244514911,0.013418620458443208,0.690081492887702,1.1972007028533465,1.2440123099161748,1.197200702853346,1.2440123099161746,2.4396253106586205,0.15022078612941317,0.2458106422438143,0.16743863496230915,0.06062261702027172,,nan,nan,nan,nan,nan,nan,nan,nan,115,115,115,115,115,0,115,115,0,0,0,1,False,False,2.0,0,nan,nan,nan,nan,0.16209626917406456,1.7830589609147085,0.1620962691740644,1.7830589609147083,11.0,0.9999999999999993,1.0000000000000016,6.169173449181403,0.7582242438283839,10.0,10,logcosh,1.0,stepsize_pilot
manuscript-pilot,D,pilot_logcosh_d10_k10_rho1_fb-gvi,FB--GVI,2500492809,116,1.121667899851164,6.035481906582353,0.08295192930661521,nan,0.10771452445147733,0.01341862045844323,0.6900814928876996,1.1972007028533433,1.2440123099161753,1.1972007028533425,1.2440123099161744,2.439625310658619,0.15022078612941256,0.24581064224381263,0.16887837497051805,0.06114604702452198,,nan,nan,nan,nan,nan,nan,nan,nan,116,116,116,116,116,0,116,116,0,0,0,1,False,False,2.0,0,nan,nan,nan,nan,0.16209626917406456,1.7830589609147085,0.1620962691740644,1.7830589609147083,11.0,0.9999999999999993,1.0000000000000016,6.169173449181403,0.7582242438283788,10.0,10,logcosh,1.0,stepsize_pilot
manuscript-pilot,D,pilot_logcosh_d10_k10_rho1_fb-gvi,FB--GVI,2500492809,117,1.121667899851164,6.035481906582352,0.08295192930661432,nan,0.1077145244514942,0.013418620458443156,0.6900814928876986,1.1972007028533465,1.244012309916175,1.1972007028533462,1.244012309916174,2.4396253106586183,0.15022078612941311,0.2458106422438117,0.1703252149745822,0.061682057043071836,,nan,nan,nan,nan,nan,nan,nan,nan,117,117,117,117,117,0,117,117,0,0,0,1,False,False,2.0,0,nan,nan,nan,nan,0.16209626917406456,1.7830589609147085,0.1620962691740644,1.7830589609147083,11.0,0.9999999999999993,1.0000000000000016,6.169173449181403,0.7582242438283758,10.0,10,logcosh,1.0,stepsize_pilot
manuscript-pilot,D,pilot_logcosh_d10_k10_rho1_fb-gvi,FB--GVI,2500492809,118,1.121667899851164,6.035481906582353,0.08295192930661521,nan,0.10771452445147332,0.013418620458443166,0.6900814928877028,1.1972007028533465,1.2440123099161757,1.197200702853346,1.244012309916175,2.439625310658622,0.15022078612941572,0.24581064224381444,0.17177736497251317,0.062221427040640265,,nan,nan,nan,nan,nan,nan,nan,nan,118,118,118,118,118,0,118,118,0,0,0,1,False,False,2.0,0,nan,nan,nan,nan,0.16209626917406456,1.7830589609147085,0.1620962691740644,1.7830589609147083,11.0,0.9999999999999993,1.0000000000000016,6.169173449181403,0.7582242438283844,10.0,10,logcosh,1.0,stepsize_pilot
manuscript-pilot,D,pilot_logcosh_d10_k10_rho1_fb-gvi,FB--GVI,2500492809,119,1.121667899851164,6.035481906582353,0.08295192930661521,nan,0.107714524451476,0.01341862045844323,0.6900814928876988,1.1972007028533442,1.2440123099161755,1.1972007028533438,1.244012309916175,2.439625310658619,0.15022078612941378,0.24581064224381236,0.17323370499070734,0.06274220702471212,,nan,nan,nan,nan,nan,nan,nan,nan,119,119,119,119,119,0,119,119,0,0,0,1,False,False,2.0,0,nan,nan,nan,nan,0.16209626917406456,1.7830589609147085,0.1620962691740644,1.7830589609147083,11.0,0.9999999999999993,1.0000000000000016,6.169173449181403,0.7582242438283779,10.0,10,logcosh,1.0,stepsize_pilot
manuscript-pilot,D,pilot_logcosh_d10_k10_rho1_fb-gvi,FB--GVI,2500492809,120,1.121667899851164,6.035481906582352,0.08295192930661432,nan,0.10771452445148977,0.01341862045844322,0.6900814928876996,1.197200702853345,1.244012309916174,1.1972007028533451,1.2440123099161737,2.4396253106586183,0.15022078612941409,0.24581064224381222,0.17468395497417077,0.06328270706580952,,nan,nan,nan,nan,nan,nan,nan,nan,120,120,120,120,120,0,120,120,0,0,0,1,False,False,2.0,0,nan,nan,nan,nan,0.16209626917406456,1.7830589609147085,0.1620962691740644,1.7830589609147083,11.0,0.9999999999999993,1.0000000000000016,6.169173449181403,0.7582242438283775,10.0,10,logcosh,1.0,stepsize_pilot
manuscript-pilot,D,pilot_logcosh_d10_k10_rho1_fb-gvi,FB--GVI,2500492809,121,1.121667899851164,6.035481906582353,0.08295192930661521,nan,0.10771452445148842,0.013418620458443182,0.6900814928877,1.1972007028533445,1.244012309916175,1.1972007028533442,1.2440123099161742,2.4396253106586188,0.15022078612941603,0.24581064224381283,0.17611506499815732,0.06380434706807137,,nan,nan,nan,nan,nan,nan,nan,nan,121,121,121,121,121,0,121,121,0,0,0,1,False,False,2.0,0,nan,nan,nan,nan,0.16209626917406456,1.7830589609147085,0.1620962691740644,1.7830589609147083,11.0,0.9999999999999993,1.0000000000000016,6.169173449181403,0.7582242438283794,10.0,10,logcosh,1.0,stepsize_pilot
manuscript-pilot,D,pilot_logcosh_d10_k10_rho1_fb-gvi,FB--GVI,2500492809,122,1.121667899851164,6.035481906582354,0.0829519293066161,nan,0.10771452445149109,0.01341862045844319,0.690081492887703,1.197200702853347,1.2440123099161748,1.1972007028533458,1.2440123099161744,2.439625310658621,0.15022078612941164,0.2458106422438146,0.177559494972229,0.06434085709042847,,nan,nan,nan,nan,nan,nan,nan,nan,122,122,122,122,122,0,122,122,0,0,0,1,False,False,2.0,0,nan,nan,nan,nan,0.16209626917406456,1.7830589609147085,0.1620962691740644,1.7830589609147083,11.0,0.9999999999999993,1.0000000000000016,6.169173449181403,0.7582242438283848,10.0,10,logcosh,1.0,stepsize_pilot
manuscript-pilot,D,pilot_logcosh_d10_k10_rho1_fb-gvi,FB--GVI,2500492809,123,1.121667899851164,6.035481906582352,0.08295192930661432,nan,0.10771452445149599,0.01341862045844321,0.6900814928876974,1.1972007028533436,1.2440123099161733,1.1972007028533436,1.2440123099161728,2.4396253106586183,0.15022078612941092,0.2458106422438112,0.1790457849856466,0.06487101706443354,,nan,nan,nan,nan,nan,nan,nan,nan,123,123,123,123,123,0,123,123,0,0,0,1,False,False,2.0,0,nan,nan,nan,nan,0.16209626917406456,1.7830589609147085,0.1620962691740644,1.7830589609147083,11.0,0.9999999999999993,1.0000000000000016,6.169173449181403,0.7582242438283743,10.0,10,logcosh,1.0,stepsize_pilot
manuscript-pilot,D,pilot_logcosh_d10_k10_rho1_fb-gvi,FB--GVI,2500492809,124,1.121667899851164,6.035481906582352,0.08295192930661432,nan,0.10771452445148265,0.013418620458443128,0.6900814928877012,1.1972007028533453,1.2440123099161748,1.1972007028533465,1.2440123099161746,2.4396253106586197,0.15022078612941556,0.24581064224381358,0.18049848498776555,0.06540767708793283,,nan,nan,nan,nan,nan,nan,nan,nan,124,124,124,124,124,0,124,124,0,0,0,1,False,False,2.0,0,nan,nan,nan,nan,0.16209626917406456,1.7830589609147085,0.1620962691740644,1.7830589609147083,11.0,0.9999999999999993,1.0000000000000016,6.169173449181403,0.7582242438283817,10.0,10,logcosh,1.0,stepsize_pilot
manuscript-pilot,D,pilot_logcosh_d10_k10_rho1_fb-gvi,FB--GVI,2500492809,125,1.121667899851164,6.035481906582353,0.08295192930661521,nan,0.10771452445148398,0.013418620458443147,0.6900814928876998,1.1972007028533451,1.2440123099161737,1.197200702853345,1.244012309916174,2.4396253106586197,0.15022078612941214,0.2458106422438126,0.18193983496166766,0.06593572709243745,,nan,nan,nan,nan,nan,nan,nan,nan,125,125,125,125,125,0,125,125,0,0,0,1,False,False,2.0,0,nan,nan,nan,nan,0.16209626917406456,1.7830589609147085,0.1620962691740644,1.7830589609147083,11.0,0.9999999999999993,1.0000000000000016,6.169173449181403,0.7582242438283787,10.0,10,logcosh,1.0,stepsize_pilot
manuscript-pilot,D,pilot_logcosh_d10_k10_rho1_fb-gvi,FB--GVI,2500492809,126,1.121667899851164,6.035481906582352,0.08295192930661432,nan,0.10771452445149064,0.013418620458443175,0.6900814928876996,1.197200702853344,1.2440123099161724,1.1972007028533436,1.244012309916172,2.439625310658619,0.15022078612941134,0.24581064224381227,0.18339573498815298,0.06647806713590398,,nan,nan,nan,nan,nan,nan,nan,nan,126,126,126,126,126,0,126,126,0,0,0,1,False,False,2.0,0,nan,nan,nan,nan,0.16209626917406456,1.7830589609147085,0.1620962691740644,1.7830589609147083,11.0,0.9999999999999993,1.0000000000000016,6.169173449181403,0.7582242438283777,10.0,10,logcosh,1.0,stepsize_pilot
manuscript-pilot,D,pilot_logcosh_d10_k10_rho1_fb-gvi,FB--GVI,2500492809,127,1.121667899851164,6.035481906582353,0.08295192930661521,nan,0.1077145244514862,0.013418620458443165,0.6900814928877008,1.1972007028533453,1.2440123099161755,1.1972007028533451,1.2440123099161742,2.4396253106586205,0.15022078612941567,0.24581064224381358,0.18484281498240307,0.06701935711316764,,nan,nan,nan,nan,nan,nan,nan,nan,127,127,127,127,127,0,127,127,0,0,0,1,False,False,2.0,0,nan,nan,nan,nan,0.16209626917406456,1.7830589609147085,0.1620962691740644,1.7830589609147083,11.0,0.9999999999999993,1.0000000000000016,6.169173449181403,0.7582242438283817,10.0,10,logcosh,1.0,stepsize_pilot
manuscript-pilot,D,pilot_logcosh_d10_k10_rho1_fb-gvi,FB--GVI,2500492809,128,1.121667899851164,6.035481906582352,0.08295192930661432,nan,0.10771452445149154,0.013418620458443276,0.6900814928877005,1.1972007028533438,1.2440123099161748,1.1972007028533436,1.2440123099161744,2.43962531065862,0.15022078612941414,0.24581064224381347,0.1862841549445875,0.06754440715303645,,nan,nan,nan,nan,nan,nan,nan,nan,128,128,128,128,128,0,128,128,0,0,0,1,False,False,2.0,0,nan,nan,nan,nan,0.16209626917406456,1.7830589609147085,0.1620962691740644,1.7830589609147083,11.0,0.9999999999999993,1.0000000000000016,6.169173449181403,0.7582242438283814,10.0,10,logcosh,1.0,stepsize_pilot
manuscript-pilot,D,pilot_logcosh_d10_k10_rho1_fb-gvi,FB--GVI,2500492809,129,1.121667899851164,6.035481906582353,0.08295192930661521,nan,0.107714524451484,0.013418620458443274,0.6900814928877005,1.1972007028533453,1.2440123099161735,1.1972007028533458,1.2440123099161733,2.43962531065862,0.1502207861294116,0.24581064224381283,0.1877397839562036,0.06808237615041435,,nan,nan,nan,nan,nan,nan,nan,nan,129,129,129,129,129,0,129,129,0,0,0,1,False,False,2.0,0,nan,nan,nan,nan,0.16209626917406456,1.7830589609147085,0.1620962691740644,1.7830589609147083,11.0,0.9999999999999993,1.0000000000000016,6.169173449181403,0.7582242438283794,10.0,10,logcosh,1.0,stepsize_pilot
manuscript-pilot,D,pilot_logcosh_d10_k10_rho1_fb-gvi,FB--GVI,2500492809,130,1.121667899851164,6.035481906582351,0.08295192930661344,nan,0.1077145244514902,0.013418620458443187,0.6900814928877006,1.1972007028533453,1.2440123099161755,1.1972007028533451,1.2440123099161748,2.43962531065862,0.15022078612941456,0.2458106422438134,0.18917712394613773,0.06860460614552721,,nan,nan,nan,nan,nan,nan,nan,nan,130,130,130,130,130,0,130,130,0,0,0,1,False,False,2.0,0,nan,nan,nan,nan,0.16209626917406456,1.7830589609147085,0.1620962691740644,1.7830589609147083,11.0,0.9999999999999993,1.0000000000000016,6.169173449181403,0.7582242438283812,10.0,10,logcosh,1.0,stepsize_pilot
manuscript-pilot,D,pilot_logcosh_d10_k10_rho1_fb-gvi,FB--GVI,2500492809,131,1.121667899851164,6.035481906582354,0.0829519293066161,nan,0.10771452445148755,0.013418620458443218,0.6900814928877012,1.1972007028533445,1.2440123099161757,1.1972007028533442,1.2440123099161746,2.439625310658619,0.15022078612941547,0.24581064224381352,0.1906218639924191,0.06913867610273883,,nan,nan,nan,nan,nan,nan,nan,nan,131,131,131,131,131,0,131,131,0,0,0,1,False,False,2.0,0,nan,nan,nan,nan,0.16209626917406456,1.7830589609147085,0.1620962691740644,1.7830589609147083,11.0,0.9999999999999993,1.0000000000000016,6.169173449181403,0.7582242438283815,10.0,10,logcosh,1.0,stepsize_pilot
manuscript-pilot,D,pilot_logcosh_d10_k10_rho1_fb-gvi,FB--GVI,2500492809,132,1.121667899851164,6.035481906582353,0.08295192930661521,nan,0.10771452445148844,0.013418620458443244,0.690081492887701,1.197200702853345,1.2440123099161757,1.197200702853344,1.2440123099161746,2.439625310658619,0.15022078612941495,0.24581064224381338,0.19205526396399364,0.06966083613224328,,nan,nan,nan,nan,nan,nan,nan,nan,132,132,132,132,132,0,132,132,0,0,0,1,False,False,2.0,0,nan,nan,nan,nan,0.16209626917406456,1.7830589609147085,0.1620962691740644,1.7830589609147083,11.0,0.9999999999999993,1.0000000000000016,6.169173449181403,0.758224243828381,10.0,10,logcosh,1.0,stepsize_pilot
manuscript-pilot,D,pilot_logcosh_d10_k10_rho1_fb-gvi,FB--GVI,2500492809,133,1.121667899851164,6.035481906582353,0.08295192930661521,nan,0.10771452445149199,0.013418620458443326,0.690081492887702,1.1972007028533456,1.2440123099161748,1.197200702853345,1.2440123099161742,2.4396253106586205,0.15022078612941311,0.24581064224381416,0.19350234395824373,0.07019614614546299,,nan,nan,nan,nan,nan,nan,nan,nan,133,133,133,133,133,0,133,133,0,0,0,1,False,False,2.0,0,nan,nan,nan,nan,0.16209626917406456,1.7830589609147085,0.1620962691740644,1.7830589609147083,11.0,0.9999999999999993,1.0000000000000016,6.169173449181403,0.7582242438283835,10.0,10,logcosh,1.0,stepsize_pilot
manuscript-pilot,D,pilot_logcosh_d10_k10_rho1_fb-gvi,FB--GVI,2500492809,134,1.121667899851164,6.035481906582353,0.08295192930661521,nan,0.10771452445148888,0.013418620458443211,0.6900814928877007,1.1972007028533438,1.2440123099161764,1.1972007028533438,1.2440123099161766,2.43962531065862,0.15022078612941556,0.24581064224381322,0.19495061394991353,0.07073118613334373,,nan,nan,nan,nan,nan,nan,nan,nan,134,134,134,134,134,0,134,134,0,0,0,1,False,False,2.0,0,nan,nan,nan,nan,0.16209626917406456,1.7830589609147085,0.1620962691740644,1.7830589609147083,11.0,0.9999999999999993,1.0000000000000016,6.169173449181403,0.7582242438283806,10.0,10,logcosh,1.0,stepsize_pilot
manuscript-pilot,D,pilot_logcosh_d10_k10_rho1_fb-gvi,FB--GVI,2500492809,135,1.121667899851164,6.035481906582354,0.0829519293066161,nan,0.10771452445148799,0.013418620458443331,0.6900814928877008,1.1972007028533442,1.2440123099161742,1.197200702853344,1.2440123099161737,2.439625310658619,0.15022078612941445,0.24581064224381302,0.19639886397635564,0.07126512617105618,,nan,nan,nan,nan,nan,nan,nan,nan,135,135,135,135,135,0,135,135,0,0,0,1,False,False,2.0,0,nan,nan,nan,nan,0.16209626917406456,1.7830589609147085,0.1620962691740644,1.7830589609147083,11.0,0.9999999999999993,1.0000000000000016,6.169173449181403,0.7582242438283799,10.0,10,logcosh,1.0,stepsize_pilot
manuscript-pilot,D,pilot_logcosh_d10_k10_rho1_fb-gvi,FB--GVI,2500492809,136,1.121667899851164,6.035481906582352,0.08295192930661432,nan,0.10771452445148577,0.01341862045844322,0.6900814928876997,1.197200702853343,1.2440123099161753,1.1972007028533438,1.2440123099161757,2.439625310658619,0.15022078612941306,0.24581064224381252,0.19782894395757467,0.07179999619256705,,nan,nan,nan,nan,nan,nan,nan,nan,136,136,136,136,136,0,136,136,0,0,0,1,False,False,2.0,0,nan,nan,nan,nan,0.16209626917406456,1.7830589609147085,0.1620962691740644,1.7830589609147083,11.0,0.9999999999999993,1.0000000000000016,6.169173449181403,0.7582242438283784,10.0,10,logcosh,1.0,stepsize_pilot
manuscript-pilot,D,pilot_logcosh_d10_k10_rho1_fb-gvi,FB--GVI,2500492809,137,1.121667899851164,6.035481906582355,0.08295192930661699,nan,0.10771452445148266,0.013418620458443284,0.6900814928877016,1.1972007028533447,1.2440123099161764,1.197200702853345,1.2440123099161757,2.439625310658621,0.15022078612941347,0.24581064224381405,0.1992594039766118,0.0723220361978747,,nan,nan,nan,nan,nan,nan,nan,nan,137,137,137,137,137,0,137,137,0,0,0,1,False,False,2.0,0,nan,nan,nan,nan,0.16209626917406456,1.7830589609147085,0.1620962691740644,1.7830589609147083,11.0,0.9999999999999993,1.0000000000000016,6.169173449181403,0.7582242438283832,10.0,10,logcosh,1.0,stepsize_pilot
manuscript-pilot,D,pilot_logcosh_d10_k10_rho1_fb-gvi,FB--GVI,2500492809,138,1.121667899851164,6.035481906582353,0.08295192930661521,nan,0.10771452445149954,0.013418620458443276,0.6900814928877003,1.1972007028533447,1.244012309916175,1.1972007028533445,1.244012309916175,2.439625310658619,0.15022078612941267,0.2458106422438129,0.20071308396290988,0.07286349619971588,,nan,nan,nan,nan,nan,nan,nan,nan,138,138,138,138,138,0,138,138,0,0,0,1,False,False,2.0,0,nan,nan,nan,nan,0.16209626917406456,1.7830589609147085,0.1620962691740644,1.7830589609147083,11.0,0.9999999999999993,1.0000000000000016,6.169173449181403,0.7582242438283796,10.0,10,logcosh,1.0,stepsize_pilot
manuscript-pilot,D,pilot_logcosh_d10_k10_rho1_fb-gvi,FB--GVI,2500492809,139,1.121667899851164,6.035481906582351,0.08295192930661344,nan,0.1077145244514911,0.01341862045844322,0.6900814928877008,1.1972007028533465,1.2440123099161753,1.1972007028533456,1.2440123099161746,2.43962531065862,0.15022078612941359,0.24581064224381316,0.2021625439519994,0.07339355623116717,,nan,nan,nan,nan,nan,nan,nan,nan,139,139,139,139,139,0,139,139,0,0,0,1,False,False,2.0,0,nan,nan,nan,nan,0.16209626917406456,1.7830589609147085,0.1620962691740644,1.7830589609147083,11.0,0.9999999999999993,1.0000000000000016,6.169173449181403,0.7582242438283804,10.0,10,logcosh,1.0,stepsize_pilot
manuscript-pilot,D,pilot_logcosh_d10_k10_rho1_fb-gvi,FB--GVI,2500492809,140,1.121667899851164,6.035481906582353,0.08295192930661521,nan,0.10771452445148799,0.0134186204584433,0.6900814928877024,1.1972007028533447,1.2440123099161764,1.1972007028533447,1.244012309916175,2.439625310658621,0.15022078612941403,0.2458106422438145,0.20362756395479664,0.07393653620965779,,nan,nan,nan,nan,nan,nan,nan,nan,140,140,140,140,140,0,140,140,0,0,0,1,False,False,2.0,0,nan,nan,nan,nan,0.16209626917406456,1.7830589609147085,0.1620962691740644,1.7830589609147083,11.0,0.9999999999999993,1.0000000000000016,6.169173449181403,0.7582242438283845,10.0,10,logcosh,1.0,stepsize_pilot
manuscript-pilot,D,pilot_logcosh_d10_k10_rho1_fb-gvi,FB--GVI,2500492809,141,1.121667899851164,6.035481906582353,0.08295192930661521,nan,0.10771452445149066,0.013418620458443326,0.690081492887701,1.1972007028533462,1.2440123099161755,1.197200702853346,1.2440123099161744,2.43962531065862,0.15022078612941414,0.24581064224381322,0.20508132397662848,0.07447529619093984,,nan,nan,nan,nan,nan,nan,nan,nan,141,141,141,141,141,0,141,141,0,0,0,1,False,False,2.0,0,nan,nan,nan,nan,0.16209626917406456,1.7830589609147085,0.1620962691740644,1.7830589609147083,11.0,0.9999999999999993,1.0000000000000016,6.169173449181403,0.7582242438283806,10.0,10,logcosh,1.0,stepsize_pilot
manuscript-pilot,D,pilot_logcosh_d10_k10_rho1_fb-gvi,FB--GVI,2500492809,142,1.121667899851164,6.035481906582353,0.08295192930661521,nan,0.10771452445148488,0.013418620458443244,0.6900814928876998,1.1972007028533453,1.2440123099161755,1.1972007028533447,1.2440123099161753,2.4396253106586197,0.15022078612941378,0.24581064224381255,0.20664215396391228,0.07512028620112687,,nan,nan,nan,nan,nan,nan,nan,nan,142,142,142,142,142,0,142,142,0,0,0,1,False,False,2.0,0,nan,nan,nan,nan,0.16209626917406456,1.7830589609147085,0.1620962691740644,1.7830589609147083,11.0,0.9999999999999993,1.0000000000000016,6.169173449181403,0.7582242438283785,10.0,10,logcosh,1.0,stepsize_pilot
manuscript-pilot,D,pilot_logcosh_d10_k10_rho1_fb-gvi,FB--GVI,2500492809,143,1.121667899851164,6.035481906582351,0.08295192930661344,nan,0.1077145244514951,0.013418620458443217,0.6900814928876972,1.1972007028533431,1.2440123099161728,1.197200702853344,1.2440123099161737,2.439625310658618,0.15022078612941275,0.24581064224381105,0.20835286396322772,0.0757622862001881,,nan,nan,nan,nan,nan,nan,nan,nan,143,143,143,143,143,0,143,143,0,0,0,1,False,False,2.0,0,nan,nan,nan,nan,0.16209626917406456,1.7830589609147085,0.1620962691740644,1.7830589609147083,11.0,0.9999999999999993,1.0000000000000016,6.169173449181403,0.758224243828374,10.0,10,logcosh,1.0,stepsize_pilot
manuscript-pilot,D,pilot_logcosh_d10_k10_rho1_fb-gvi,FB--GVI,2500492809,144,1.121667899851164,6.035481906582353,0.08295192930661521,nan,0.10771452445149242,0.013418620458443118,0.6900814928877009,1.1972007028533453,1.2440123099161748,1.1972007028533445,1.2440123099161735,2.4396253106586197,0.15022078612941378,0.24581064224381333,0.21005492395488545,0.07637832616455853,,nan,nan,nan,nan,nan,nan,nan,nan,144,144,144,144,144,0,144,144,0,0,0,1,False,False,2.0,0,nan,nan,nan,nan,0.16209626917406456,1.7830589609147085,0.1620962691740644,1.7830589609147083,11.0,0.9999999999999993,1.0000000000000016,6.169173449181403,0.7582242438283809,10.0,10,logcosh,1.0,stepsize_pilot
manuscript-pilot,D,pilot_logcosh_d10_k10_rho1_fb-gvi,FB--GVI,2500492809,145,1.121667899851164,6.035481906582354,0.0829519293066161,nan,0.10771452445148177,0.013418620458443227,0.6900814928877017,1.1972007028533462,1.2440123099161775,1.1972007028533456,1.2440123099161764,2.4396253106586205,0.15022078612941214,0.2458106422438138,0.21189508395036682,0.07706803613109514,,nan,nan,nan,nan,nan,nan,nan,nan,145,145,145,145,145,0,145,145,0,0,0,1,False,False,2.0,0,nan,nan,nan,nan,0.16209626917406456,1.7830589609147085,0.1620962691740644,1.7830589609147083,11.0,0.9999999999999993,1.0000000000000016,6.169173449181403,0.7582242438283824,10.0,10,logcosh,1.0,stepsize_pilot
manuscript-pilot,D,pilot_logcosh_d10_k10_rho1_fb-gvi,FB--GVI,2500492809,146,1.121667899851164,6.035481906582353,0.08295192930661521,nan,0.10771452445149154,0.013418620458443256,0.6900814928876997,1.1972007028533451,1.2440123099161737,1.197200702853345,1.2440123099161728,2.439625310658619,0.15022078612941397,0.24581064224381205,0.2137320939800702,0.07776339614065364,,nan,nan,nan,nan,nan,nan,nan,nan,146,146,146,146,146,0,146,146,0,0,0,1,False,False,2.0,0,nan,nan,nan,nan,0.16209626917406456,1.7830589609147085,0.1620962691740644,1.7830589609147083,11.0,0.9999999999999993,1.0000000000000016,6.169173449181403,0.7582242438283769,10.0,10,logcosh,1.0,stepsize_pilot
manuscript-pilot,D,pilot_logcosh_d10_k10_rho1_fb-gvi,FB--GVI,2500492809,147,1.121667899851164,6.035481906582353,0.08295192930661521,nan,0.10771452445147643,0.013418620458443177,0.690081492887702,1.1972007028533447,1.2440123099161764,1.1972007028533442,1.244012309916176,2.4396253106586214,0.15022078612941578,0.2458106422438144,0.215562853962183,0.07845249614911154,,nan,nan,nan,nan,nan,nan,nan,nan,147,147,147,147,147,0,147,147,0,0,0,1,False,False,2.0,0,nan,nan,nan,nan,0.16209626917406456,1.7830589609147085,0.1620962691740644,1.7830589609147083,11.0,0.9999999999999993,1.0000000000000016,6.169173449181403,0.7582242438283843,10.0,10,logcosh,1.0,stepsize_pilot
manuscript-pilot,D,pilot_logcosh_d10_k10_rho1_fb-gvi,FB--GVI,2500492809,148,1.121667899851164,6.035481906582353,0.08295192930661521,nan,0.10771452445148666,0.01341862045844324,0.6900814928876997,1.1972007028533447,1.244012309916174,1.1972007028533447,1.244012309916174,2.43962531065862,0.1502207861294117,0.24581064224381255,0.21737359400140122,0.07913316617486998,,nan,nan,nan,nan,nan,nan,nan,nan,148,148,148,148,148,0,148,148,0,0,0,1,False,False,2.0,0,nan,nan,nan,nan,0.16209626917406456,1.7830589609147085,0.1620962691740644,1.7830589609147083,11.0,0.9999999999999993,1.0000000000000016,6.169173449181403,0.7582242438283785,10.0,10,logcosh,1.0,stepsize_pilot
manuscript-pilot,D,pilot_logcosh_d10_k10_rho1_fb-gvi,FB--GVI,2500492809,149,1.121667899851164,6.035481906582352,0.08295192930661432,nan,0.1077145244514822,0.013418620458443196,0.6900814928876982,1.1972007028533451,1.244012309916174,1.197200702853345,1.244012309916173,2.439625310658618,0.15022078612941256,0.24581064224381138,0.21916577394586056,0.07979934616014361,,nan,nan,nan,nan,nan,nan,nan,nan,149,149,149,149,149,0,149,149,0,0,0,1,False,False,2.0,0,nan,nan,nan,nan,0.16209626917406456,1.7830589609147085,0.1620962691740644,1.7830589609147083,11.0,0.9999999999999993,1.0000000000000016,6.169173449181403,0.7582242438283749,10.0,10,logcosh,1.0,stepsize_pilot
manuscript-pilot,D,pilot_logcosh_d10_k10_rho1_fb-gvi,FB--GVI,2500492809,150,1.121667899851164,6.035481906582354,0.0829519293066161,nan,0.10771452445148487,0.013418620458443158,0.6900814928877027,1.1972007028533467,1.2440123099161746,1.197200702853346,1.2440123099161737,2.439625310658621,0.15022078612941517,0.24581064224381438,0.2209925539791584,0.0804890661383979,,nan,nan,nan,nan,nan,nan,nan,nan,150,150,150,150,150,0,150,150,0,0,0,1,False,False,2.0,0,nan,nan,nan,nan,0.16209626917406456,1.7830589609147085,0.1620962691740644,1.7830589609147083,11.0,0.9999999999999993,1.0000000000000016,6.169173449181403,0.7582242438283842,10.0,10,logcosh,1.0,stepsize_pilot
manuscript-pilot,D,pilot_logcosh_d10_k10_rho1_fb-gvi,FB--GVI,2500492809,151,1.121667899851164,6.035481906582353,0.08295192930661521,nan,0.10771452445149154,0.013418620458443206,0.6900814928877003,1.1972007028533462,1.2440123099161748,1.1972007028533465,1.2440123099161748,2.43962531065862,0.15022078612941148,0.24581064224381302,0.22281768295215443,0.08117931615561247,,nan,nan,nan,nan,nan,nan,nan,nan,151,151,151,151,151,0,151,151,0,0,0,1,False,False,2.0,0,nan,nan,nan,nan,0.16209626917406456,1.7830589609147085,0.1620962691740644,1.7830589609147083,11.0,0.9999999999999993,1.0000000000000016,6.169173449181403,0.7582242438283799,10.0,10,logcosh,1.0,stepsize_pilot
manuscript-pilot,D,pilot_logcosh_d10_k10_rho1_fb-gvi,FB--GVI,2500492809,152,1.121667899851164,6.035481906582353,0.08295192930661521,nan,0.10771452445149954,0.013418620458443229,0.6900814928876977,1.197200702853342,1.2440123099161737,1.1972007028533418,1.2440123099161733,2.439625310658618,0.15022078612941062,0.24581064224381116,0.224665482994169,0.08187345619080588,,nan,nan,nan,nan,nan,nan,nan,nan,152,152,152,152,152,0,152,152,0,0,0,1,False,False,2.0,0,nan,nan,nan,nan,0.16209626917406456,1.7830589609147085,0.1620962691740644,1.7830589609147083,11.0,0.9999999999999993,1.0000000000000016,6.169173449181403,0.7582242438283743,10.0,10,logcosh,1.0,stepsize_pilot
manuscript-pilot,D,pilot_logcosh_d10_k10_rho1_fb-gvi,FB--GVI,2500492809,153,1.121667899851164,6.035481906582352,0.08295192930661432,nan,0.10771452445148887,0.013418620458443109,0.690081492887703,1.1972007028533456,1.2440123099161755,1.1972007028533445,1.2440123099161748,2.4396253106586214,0.15022078612941603,0.24581064224381471,0.22642369294771925,0.08250298618804663,,nan,nan,nan,nan,nan,nan,nan,nan,153,153,153,153,153,0,153,153,0,0,0,1,False,False,2.0,0,nan,nan,nan,nan,0.16209626917406456,1.7830589609147085,0.1620962691740644,1.7830589609147083,11.0,0.9999999999999993,1.0000000000000016,6.169173449181403,0.7582242438283852,10.0,10,logcosh,1.0,stepsize_pilot
manuscript-pilot,D,pilot_logcosh_d10_k10_rho1_fb-gvi,FB--GVI,2500492809,154,1.121667899851164,6.035481906582352,0.08295192930661432,nan,0.10771452445148755,0.013418620458443265,0.6900814928877009,1.197200702853346,1.2440123099161746,1.1972007028533456,1.2440123099161737,2.43962531065862,0.15022078612941633,0.24581064224381344,0.227948302985169,0.08305120619479567,,nan,nan,nan,nan,nan,nan,nan,nan,154,154,154,154,154,0,154,154,0,0,0,1,False,False,2.0,0,nan,nan,nan,nan,0.16209626917406456,1.7830589609147085,0.1620962691740644,1.7830589609147083,11.0,0.9999999999999993,1.0000000000000016,6.169173449181403,0.7582242438283813,10.0,10,logcosh,1.0,stepsize_pilot
manuscript-pilot,D,pilot_logcosh_d10_k10_rho1_fb-gvi,FB--GVI,2500492809,155,1.121667899851164,6.035481906582353,0.08295192930661521,nan,0.10771452445147645,0.013418620458443213,0.6900814928876972,1.197200702853344,1.2440123099161733,1.1972007028533438,1.2440123099161735,2.439625310658617,0.15022078612941267,0.24581064224381066,0.22945441299816594,0.08358828618656844,,nan,nan,nan,nan,nan,nan,nan,nan,155,155,155,155,155,0,155,155,0,0,0,1,False,False,2.0,0,nan,nan,nan,nan,0.16209626917406456,1.7830589609147085,0.1620962691740644,1.7830589609147083,11.0,0.9999999999999993,1.0000000000000016,6.169173449181403,0.7582242438283727,10.0,10,logcosh,1.0,stepsize_pilot
manuscript-pilot,D,pilot_logcosh_d10_k10_rho1_fb-gvi,FB--GVI,2500492809,156,1.121667899851164,6.035481906582354,0.0829519293066161,nan,0.10771452445148087,0.013418620458443173,0.690081492887702,1.1972007028533465,1.244012309916175,1.197200702853346,1.2440123099161746,2.439625310658621,0.15022078612941286,0.24581064224381394,0.23096777294995263,0.08412107621552423,,nan,nan,nan,nan,nan,nan,nan,nan,156,156,156,156,156,0,156,156,0,0,0,1,False,False,2.0,0,nan,nan,nan,nan,0.16209626917406456,1.7830589609147085,0.1620962691740644,1.7830589609147083,11.0,0.9999999999999993,1.0000000000000016,6.169173449181403,0.7582242438283828,10.0,10,logcosh,1.0,stepsize_pilot
manuscript-pilot,D,pilot_logcosh_d10_k10_rho1_fb-gvi,FB--GVI,2500492809,157,1.121667899851164,6.035481906582352,0.08295192930661432,nan,0.10771452445146934,0.013418620458443206,0.6900814928877006,1.1972007028533451,1.244012309916176,1.1972007028533456,1.2440123099161757,2.4396253106586197,0.15022078612941342,0.24581064224381302,0.23244578298181295,0.08466196618974209,,nan,nan,nan,nan,nan,nan,nan,nan,157,157,157,157,157,0,157,157,0,0,0,1,False,False,2.0,0,nan,nan,nan,nan,0.16209626917406456,1.7830589609147085,0.1620962691740644,1.7830589609147083,11.0,0.9999999999999993,1.0000000000000016,6.169173449181403,0.7582242438283799,10.0,10,logcosh,1.0,stepsize_pilot
manuscript-pilot,D,pilot_logcosh_d10_k10_rho1_fb-gvi,FB--GVI,2500492809,158,1.121667899851164,6.035481906582353,0.08295192930661521,nan,0.10771452445148533,0.01341862045844321,0.6900814928877018,1.1972007028533456,1.2440123099161764,1.1972007028533453,1.2440123099161757,2.439625310658621,0.15022078612941683,0.24581064224381413,0.23395873297704384,0.08518925617681816,,nan,nan,nan,nan,nan,nan,nan,nan,158,158,158,158,158,0,158,158,0,0,0,1,False,False,2.0,0,nan,nan,nan,nan,0.16209626917406456,1.7830589609147085,0.1620962691740644,1.7830589609147083,11.0,0.9999999999999993,1.0000000000000016,6.169173449181403,0.7582242438283834,10.0,10,logcosh,1.0,stepsize_pilot
manuscript-pilot,D,pilot_logcosh_d10_k10_rho1_fb-gvi,FB--GVI,2500492809,159,1.121667899851164,6.035481906582354,0.0829519293066161,nan,0.10771452445149819,0.013418620458443166,0.6900814928876992,1.1972007028533456,1.2440123099161757,1.1972007028533456,1.2440123099161744,2.439625310658619,0.15022078612941275,0.24581064224381222,0.23546421295031905,0.0857312161824666,,nan,nan,nan,nan,nan,nan,nan,nan,159,159,159,159,159,0,159,159,0,0,0,1,False,False,2.0,0,nan,nan,nan,nan,0.16209626917406456,1.7830589609147085,0.1620962691740644,1.7830589609147083,11.0,0.9999999999999993,1.0000000000000016,6.169173449181403,0.7582242438283775,10.0,10,logcosh,1.0,stepsize_pilot
manuscript-pilot,D,pilot_logcosh_d10_k10_rho1_fb-gvi,FB--GVI,2500492809,160,1.121667899851164,6.035481906582353,0.08295192930661521,nan,0.10771452445148709,0.01341862045844314,0.6900814928877013,1.1972007028533456,1.2440123099161746,1.1972007028533451,1.2440123099161746,2.43962531065862,0.15022078612941403,0.2458106422438136,0.23699938296340406,0.08632968622259796,,nan,nan,nan,nan,nan,nan,nan,nan,160,160,160,160,160,0,160,160,0,0,0,1,False,False,2.0,0,nan,nan,nan,nan,0.16209626917406456,1.7830589609147085,0.1620962691740644,1.7830589609147083,11.0,0.9999999999999993,1.0000000000000016,6.169173449181403,0.7582242438283818,10.0,10,logcosh,1.0,stepsize_pilot
manuscript-pilot,D,pilot_logcosh_d10_k10_rho1_fb-gvi,FB--GVI,2500492809,161,1.121667899851164,6.035481906582353,0.08295192930661521,nan,0.1077145244515093,0.013418620458443177,0.690081492887699,1.197200702853344,1.2440123099161755,1.1972007028533438,1.2440123099161746,2.4396253106586197,0.15022078612941178,0.24581064224381227,0.2385168729815632,0.0868947661947459,,nan,nan,nan,nan,nan,nan,nan,nan,161,161,161,161,161,0,161,161,0,0,0,1,False,False,2.0,0,nan,nan,nan,nan,0.16209626917406456,1.7830589609147085,0.1620962691740644,1.7830589609147083,11.0,0.9999999999999993,1.0000000000000016,6.169173449181403,0.7582242438283777,10.0,10,logcosh,1.0,stepsize_pilot
manuscript-pilot,D,pilot_logcosh_d10_k10_rho1_fb-gvi,FB--GVI,2500492809,162,1.121667899851164,6.035481906582353,0.08295192930661521,nan,0.1077145244514791,0.013418620458443152,0.6900814928877016,1.1972007028533447,1.2440123099161748,1.1972007028533453,1.244012309916175,2.439625310658621,0.15022078612941456,0.2458106422438136,0.24006167298648506,0.08743247616803274,,nan,nan,nan,nan,nan,nan,nan,nan,162,162,162,162,162,0,162,162,0,0,0,1,False,False,2.0,0,nan,nan,nan,nan,0.16209626917406456,1.7830589609147085,0.1620962691740644,1.7830589609147083,11.0,0.9999999999999993,1.0000000000000016,6.169173449181403,0.7582242438283818,10.0,10,logcosh,1.0,stepsize_pilot
manuscript-pilot,D,pilot_logcosh_d10_k10_rho1_fb-gvi,FB--GVI,2500492809,163,1.121667899851164,6.035481906582354,0.0829519293066161,nan,0.10771452445147378,0.01341862045844324,0.6900814928877014,1.1972007028533445,1.2440123099161737,1.1972007028533445,1.2440123099161737,2.43962531065862,0.15022078612941286,0.2458106422438138,0.24161121295765042,0.08798753621522337,,nan,nan,nan,nan,nan,nan,nan,nan,163,163,163,163,163,0,163,163,0,0,0,1,False,False,2.0,0,nan,nan,nan,nan,0.16209626917406456,1.7830589609147085,0.1620962691740644,1.7830589609147083,11.0,0.9999999999999993,1.0000000000000016,6.169173449181403,0.7582242438283824,10.0,10,logcosh,1.0,stepsize_pilot
manuscript-pilot,D,pilot_logcosh_d10_k10_rho1_fb-gvi,FB--GVI,2500492809,164,1.121667899851164,6.035481906582351,0.08295192930661344,nan,0.10771452445149997,0.013418620458443125,0.6900814928876998,1.1972007028533456,1.244012309916175,1.1972007028533453,1.2440123099161735,2.4396253106586183,0.15022078612941245,0.24581064224381238,0.2431924929842353,0.0885347761795856,,nan,nan,nan,nan,nan,nan,nan,nan,164,164,164,164,164,0,164,164,0,0,0,1,False,False,2.0,0,nan,nan,nan,nan,0.16209626917406456,1.7830589609147085,0.1620962691740644,1.7830589609147083,11.0,0.9999999999999993,1.0000000000000016,6.169173449181403,0.758224243828378,10.0,10,logcosh,1.0,stepsize_pilot
manuscript-pilot,D,pilot_logcosh_d10_k10_rho1_fb-gvi,FB--GVI,2500492809,165,1.121667899851164,6.035481906582352,0.08295192930661432,nan,0.10771452445149197,0.013418620458443083,0.6900814928877,1.197200702853344,1.2440123099161742,1.1972007028533438,1.2440123099161737,2.4396253106586188,0.15022078612941134,0.24581064224381294,0.24474567297147587,0.08908687619259581,,nan,nan,nan,nan,nan,nan,nan,nan,165,165,165,165,165,0,165,165,0,0,0,1,False,False,2.0,0,nan,nan,nan,nan,0.16209626917406456,1.7830589609147085,0.1620962691740644,1.7830589609147083,11.0,0.9999999999999993,1.0000000000000016,6.169173449181403,0.7582242438283797,10.0,10,logcosh,1.0,stepsize_pilot
manuscript-pilot,D,pilot_logcosh_d10_k10_rho1_fb-gvi,FB--GVI,2500492809,166,1.121667899851164,6.035481906582353,0.08295192930661521,nan,0.10771452445149464,0.013418620458443154,0.6900814928877002,1.1972007028533465,1.2440123099161737,1.1972007028533456,1.2440123099161733,2.4396253106586197,0.1502207861294142,0.24581064224381272,0.2461951829609461,0.08961896615801379,,nan,nan,nan,nan,nan,nan,nan,nan,166,166,166,166,166,0,166,166,0,0,0,1,False,False,2.0,0,nan,nan,nan,nan,0.16209626917406456,1.7830589609147085,0.1620962691740644,1.7830589609147083,11.0,0.9999999999999993,1.0000000000000016,6.169173449181403,0.758224243828379,10.0,10,logcosh,1.0,stepsize_pilot
manuscript-pilot,D,pilot_logcosh_d10_k10_rho1_fb-gvi,FB--GVI,2500492809,167,1.121667899851164,6.035481906582352,0.08295192930661432,nan,0.1077145244514862,0.013418620458443173,0.6900814928876995,1.1972007028533451,1.2440123099161746,1.1972007028533445,1.244012309916174,2.439625310658619,0.1502207861294156,0.24581064224381263,0.24786037299782038,0.09025721618672833,,nan,nan,nan,nan,nan,nan,nan,nan,167,167,167,167,167,0,167,167,0,0,0,1,False,False,2.0,0,nan,nan,nan,nan,0.16209626917406456,1.7830589609147085,0.1620962691740644,1.7830589609147083,11.0,0.9999999999999993,1.0000000000000016,6.169173449181403,0.7582242438283788,10.0,10,logcosh,1.0,stepsize_pilot
manuscript-pilot,D,pilot_logcosh_d10_k10_rho1_fb-gvi,FB--GVI,2500492809,168,1.121667899851164,6.035481906582353,0.08295192930661521,nan,0.1077145244514911,0.01341862045844321,0.6900814928877017,1.1972007028533458,1.2440123099161744,1.1972007028533447,1.2440123099161735,2.43962531065862,0.15022078612941495,0.24581064224381366,0.24948076298460364,0.0908074761973694,,nan,nan,nan,nan,nan,nan,nan,nan,168,168,168,168,168,0,168,168,0,0,0,1,False,False,2.0,0,nan,nan,nan,nan,0.16209626917406456,1.7830589609147085,0.1620962691740644,1.7830589609147083,11.0,0.9999999999999993,1.0000000000000016,6.169173449181403,0.7582242438283819,10.0,10,logcosh,1.0,stepsize_pilot
manuscript-pilot,D,pilot_logcosh_d10_k10_rho1_fb-gvi,FB--GVI,2500492809,169,1.121667899851164,6.035481906582352,0.08295192930661432,nan,0.10771452445148488,0.013418620458443215,0.6900814928877008,1.1972007028533458,1.2440123099161744,1.1972007028533445,1.2440123099161742,2.439625310658619,0.1502207861294156,0.24581064224381338,0.2509322330006398,0.09133403620216995,,nan,nan,nan,nan,nan,nan,nan,nan,169,169,169,169,169,0,169,169,0,0,0,1,False,False,2.0,0,nan,nan,nan,nan,0.16209626917406456,1.7830589609147085,0.1620962691740644,1.7830589609147083,11.0,0.9999999999999993,1.0000000000000016,6.169173449181403,0.758224243828381,10.0,10,logcosh,1.0,stepsize_pilot
manuscript-pilot,D,pilot_logcosh_d10_k10_rho1_fb-gvi,FB--GVI,2500492809,170,1.121667899851164,6.035481906582352,0.08295192930661432,nan,0.10771452445149776,0.013418620458443208,0.6900814928877003,1.1972007028533451,1.2440123099161748,1.197200702853345,1.244012309916174,2.43962531065862,0.15022078612941572,0.24581064224381308,0.25238903297577053,0.09187417617067695,,nan,nan,nan,nan,nan,nan,nan,nan,170,170,170,170,170,0,170,170,0,0,0,1,False,False,2.0,0,nan,nan,nan,nan,0.16209626917406456,1.7830589609147085,0.1620962691740644,1.7830589609147083,11.0,0.9999999999999993,1.0000000000000016,6.169173449181403,0.7582242438283802,10.0,10,logcosh,1.0,stepsize_pilot
manuscript-pilot,D,pilot_logcosh_d10_k10_rho1_fb-gvi,FB--GVI,2500492809,171,1.121667899851164,6.035481906582353,0.08295192930661521,nan,0.10771452445147732,0.01341862045844319,0.6900814928877018,1.1972007028533462,1.244012309916176,1.1972007028533456,1.2440123099161746,2.439625310658621,0.15022078612941486,0.24581064224381413,0.2539106629556045,0.09240829618647695,,nan,nan,nan,nan,nan,nan,nan,nan,171,171,171,171,171,0,171,171,0,0,0,1,False,False,2.0,0,nan,nan,nan,nan,0.16209626917406456,1.7830589609147085,0.1620962691740644,1.7830589609147083,11.0,0.9999999999999993,1.0000000000000016,6.169173449181403,0.7582242438283834,10.0,10,logcosh,1.0,stepsize_pilot
manuscript-pilot,D,pilot_logcosh_d10_k10_rho1_fb-gvi,FB--GVI,2500492809,172,1.121667899851164,6.03548190658235,0.08295192930661255,nan,0.10771452445149554,0.013418620458443255,0.6900814928877,1.1972007028533442,1.244012309916175,1.1972007028533433,1.2440123099161742,2.4396253106586197,0.15022078612941572,0.2458106422438131,0.25549354194663465,0.09295641619246453,,nan,nan,nan,nan,nan,nan,nan,nan,172,172,172,172,172,0,172,172,0,0,0,1,False,False,2.0,0,nan,nan,nan,nan,0.16209626917406456,1.7830589609147085,0.1620962691740644,1.7830589609147083,11.0,0.9999999999999993,1.0000000000000016,6.169173449181403,0.7582242438283803,10.0,10,logcosh,1.0,stepsize_pilot
manuscript-pilot,D,pilot_logcosh_d10_k10_rho1_fb-gvi,FB--GVI,2500492809,173,1.121667899851164,6.035481906582352,0.08295192930661432,nan,0.10771452445148531,0.01341862045844309,0.6900814928876976,1.1972007028533438,1.2440123099161746,1.197200702853343,1.2440123099161742,2.439625310658618,0.15022078612941103,0.2458106422438113,0.25720120198093355,0.09362155623966828,,nan,nan,nan,nan,nan,nan,nan,nan,173,173,173,173,173,0,173,173,0,0,0,1,False,False,2.0,0,nan,nan,nan,nan,0.16209626917406456,1.7830589609147085,0.1620962691740644,1.7830589609147083,11.0,0.9999999999999993,1.0000000000000016,6.169173449181403,0.7582242438283747,10.0,10,logcosh,1.0,stepsize_pilot
manuscript-pilot,D,pilot_logcosh_d10_k10_rho1_fb-gvi,FB--GVI,2500492809,174,1.121667899851164,6.035481906582352,0.08295192930661432,nan,0.1077145244515013,0.013418620458443165,0.6900814928877018,1.197200702853346,1.2440123099161755,1.197200702853346,1.2440123099161748,2.439625310658621,0.15022078612941292,0.245810642243814,0.25904168194392696,0.09429610625375062,,nan,nan,nan,nan,nan,nan,nan,nan,174,174,174,174,174,0,174,174,0,0,0,1,False,False,2.0,0,nan,nan,nan,nan,0.16209626917406456,1.7830589609147085,0.1620962691740644,1.7830589609147083,11.0,0.9999999999999993,1.0000000000000016,6.169173449181403,0.7582242438283829,10.0,10,logcosh,1.0,stepsize_pilot
manuscript-pilot,D,pilot_logcosh_d10_k10_rho1_fb-gvi,FB--GVI,2500492809,175,1.121667899851164,6.035481906582354,0.0829519293066161,nan,0.10771452445150353,0.013418620458443262,0.6900814928877006,1.197200702853346,1.2440123099161748,1.1972007028533447,1.244012309916174,2.43962531065862,0.15022078612941225,0.24581064224381305,0.260849401995074,0.09497317625209689,,nan,nan,nan,nan,nan,nan,nan,nan,175,175,175,175,175,0,175,175,0,0,0,1,False,False,2.0,0,nan,nan,nan,nan,0.16209626917406456,1.7830589609147085,0.1620962691740644,1.7830589609147083,11.0,0.9999999999999993,1.0000000000000016,6.169173449181403,0.75822424382838,10.0,10,logcosh,1.0,stepsize_pilot
manuscript-pilot,D,pilot_logcosh_d10_k10_rho1_fb-gvi,FB--GVI,2500492809,176,1.121667899851164,6.035481906582353,0.08295192930661521,nan,0.1077145244514822,0.013418620458443109,0.6900814928877014,1.1972007028533462,1.244012309916175,1.1972007028533458,1.2440123099161742,2.439625310658621,0.15022078612941353,0.24581064224381383,0.26267014199402183,0.09565568628022447,,nan,nan,nan,nan,nan,nan,nan,nan,176,176,176,176,176,0,176,176,0,0,0,1,False,False,2.0,0,nan,nan,nan,nan,0.16209626917406456,1.7830589609147085,0.1620962691740644,1.7830589609147083,11.0,0.9999999999999993,1.0000000000000016,6.169173449181403,0.7582242438283825,10.0,10,logcosh,1.0,stepsize_pilot
manuscript-pilot,D,pilot_logcosh_d10_k10_rho1_fb-gvi,FB--GVI,2500492809,177,1.121667899851164,6.035481906582352,0.08295192930661432,nan,0.10771452445149642,0.01341862045844317,0.6900814928877008,1.1972007028533438,1.2440123099161773,1.1972007028533433,1.2440123099161766,2.43962531065862,0.1502207861294173,0.24581064224381338,0.2644740819814615,0.09633196622598916,,nan,nan,nan,nan,nan,nan,nan,nan,177,177,177,177,177,0,177,177,0,0,0,1,False,False,2.0,0,nan,nan,nan,nan,0.16209626917406456,1.7830589609147085,0.1620962691740644,1.7830589609147083,11.0,0.9999999999999993,1.0000000000000016,6.169173449181403,0.758224243828381,10.0,10,logcosh,1.0,stepsize_pilot
manuscript-pilot,D,pilot_logcosh_d10_k10_rho1_fb-gvi,FB--GVI,2500492809,178,1.121667899851164,6.035481906582352,0.08295192930661432,nan,0.10771452445149154,0.01341862045844326,0.6900814928877005,1.1972007028533447,1.2440123099161755,1.1972007028533445,1.2440123099161744,2.43962531065862,0.150220786129415,0.24581064224381316,0.2662524819606915,0.09699283621739596,,nan,nan,nan,nan,nan,nan,nan,nan,178,178,178,178,178,0,178,178,0,0,0,1,False,False,2.0,0,nan,nan,nan,nan,0.16209626917406456,1.7830589609147085,0.1620962691740644,1.7830589609147083,11.0,0.9999999999999993,1.0000000000000016,6.169173449181403,0.7582242438283804,10.0,10,logcosh,1.0,stepsize_pilot
manuscript-pilot,D,pilot_logcosh_d10_k10_rho1_fb-gvi,FB--GVI,2500492809,179,1.121667899851164,6.035481906582351,0.08295192930661344,nan,0.10771452445148488,0.01341862045844321,0.6900814928877017,1.1972007028533458,1.2440123099161746,1.1972007028533458,1.244012309916174,2.4396253106586205,0.15022078612941608,0.24581064224381366,0.26803845196263865,0.09765118622453883,,nan,nan,nan,nan,nan,nan,nan,nan,179,179,179,179,179,0,179,179,0,0,0,1,False,False,2.0,0,nan,nan,nan,nan,0.16209626917406456,1.7830589609147085,0.1620962691740644,1.7830589609147083,11.0,0.9999999999999993,1.0000000000000016,6.169173449181403,0.7582242438283819,10.0,10,logcosh,1.0,stepsize_pilot
manuscript-pilot,D,pilot_logcosh_d10_k10_rho1_fb-gvi,FB--GVI,2500492809,180,1.121667899851164,6.035481906582352,0.08295192930661432,nan,0.1077145244514862,0.013418620458443137,0.6900814928877015,1.197200702853345,1.2440123099161755,1.197200702853344,1.244012309916175,2.439625310658621,0.1502207861294148,0.24581064224381363,0.26984643196919933,0.09833414625609294,,nan,nan,nan,nan,nan,nan,nan,nan,180,180,180,180,180,0,180,180,0,0,0,1,False,False,2.0,0,nan,nan,nan,nan,0.16209626917406456,1.7830589609147085,0.1620962691740644,1.7830589609147083,11.0,0.9999999999999993,1.0000000000000016,6.169173449181403,0.7582242438283818,10.0,10,logcosh,1.0,stepsize_pilot
manuscript-pilot,D,pilot_logcosh_d10_k10_rho1_fb-gvi,FB--GVI,2500492809,181,1.121667899851164,6.035481906582352,0.08295192930661432,nan,0.1077145244514911,0.013418620458443222,0.6900814928877005,1.1972007028533458,1.2440123099161746,1.1972007028533453,1.2440123099161742,2.4396253106586197,0.15022078612941525,0.24581064224381338,0.2716596919926815,0.09901744627859443,,nan,nan,nan,nan,nan,nan,nan,nan,181,181,181,181,181,0,181,181,0,0,0,1,False,False,2.0,0,nan,nan,nan,nan,0.16209626917406456,1.7830589609147085,0.1620962691740644,1.7830589609147083,11.0,0.9999999999999993,1.0000000000000016,6.169173449181403,0.758224243828381,10.0,10,logcosh,1.0,stepsize_pilot
manuscript-pilot,D,pilot_logcosh_d10_k10_rho1_fb-gvi,FB--GVI,2500492809,182,1.121667899851164,6.035481906582352,0.08295192930661432,nan,0.10771452445150041,0.013418620458443128,0.6900814928877005,1.197200702853344,1.2440123099161746,1.1972007028533442,1.2440123099161742,2.4396253106586197,0.15022078612941336,0.24581064224381288,0.2734712419915013,0.09969087631907314,,nan,nan,nan,nan,nan,nan,nan,nan,182,182,182,182,182,0,182,182,0,0,0,1,False,False,2.0,0,nan,nan,nan,nan,0.16209626917406456,1.7830589609147085,0.1620962691740644,1.7830589609147083,11.0,0.9999999999999993,1.0000000000000016,6.169173449181403,0.7582242438283795,10.0,10,logcosh,1.0,stepsize_pilot
manuscript-pilot,D,pilot_logcosh_d10_k10_rho1_fb-gvi,FB--GVI,2500492809,183,1.121667899851164,6.035481906582354,0.0829519293066161,nan,0.10771452445148044,0.013418620458443206,0.6900814928876998,1.1972007028533453,1.2440123099161757,1.1972007028533456,1.244012309916175,2.4396253106586183,0.15022078612941664,0.2458106422438123,0.2752637819503434,0.1003565063001588,,nan,nan,nan,nan,nan,nan,nan,nan,183,183,183,183,183,0,183,183,0,0,0,1,False,False,2.0,0,nan,nan,nan,nan,0.16209626917406456,1.7830589609147085,0.1620962691740644,1.7830589609147083,11.0,0.9999999999999993,1.0000000000000016,6.169173449181403,0.7582242438283777,10.0,10,logcosh,1.0,stepsize_pilot
manuscript-pilot,D,pilot_logcosh_d10_k10_rho1_fb-gvi,FB--GVI,2500492809,184,1.121667899851164,6.035481906582355,0.08295192930661699,nan,0.1077145244514991,0.01341862045844324,0.6900814928877014,1.1972007028533442,1.2440123099161746,1.1972007028533445,1.2440123099161746,2.43962531065862,0.1502207861294144,0.24581064224381355,0.2770694019855,0.1010244963108562,,nan,nan,nan,nan,nan,nan,nan,nan,184,184,184,184,184,0,184,184,0,0,0,1,False,False,2.0,0,nan,nan,nan,nan,0.16209626917406456,1.7830589609147085,0.1620962691740644,1.7830589609147083,11.0,0.9999999999999993,1.0000000000000016,6.169173449181403,0.7582242438283816,10.0,10,logcosh,1.0,stepsize_pilot
manuscript-pilot,D,pilot_logcosh_d10_k10_rho1_fb-gvi,FB--GVI,2500492809,185,1.121667899851164,6.035481906582353,0.08295192930661521,nan,0.10771452445147112,0.013418620458443256,0.6900814928877024,1.197200702853344,1.2440123099161755,1.197200702853344,1.2440123099161746,2.439625310658621,0.15022078612941286,0.24581064224381446,0.2789225419983268,0.10175722633721307,,nan,nan,nan,nan,nan,nan,nan,nan,185,185,185,185,185,0,185,185,0,0,0,1,False,False,2.0,0,nan,nan,nan,nan,0.16209626917406456,1.7830589609147085,0.1620962691740644,1.7830589609147083,11.0,0.9999999999999993,1.0000000000000016,6.169173449181403,0.7582242438283844,10.0,10,logcosh,1.0,stepsize_pilot
manuscript-pilot,D,pilot_logcosh_d10_k10_rho1_fb-gvi,FB--GVI,2500492809,186,1.121667899851164,6.035481906582354,0.0829519293066161,nan,0.1077145244514831,0.01341862045844327,0.6900814928877015,1.1972007028533473,1.2440123099161748,1.1972007028533471,1.2440123099161746,2.43962531065862,0.1502207861294128,0.2458106422438137,0.28074631199706346,0.10244645632337779,,nan,nan,nan,nan,nan,nan,nan,nan,186,186,186,186,186,0,186,186,0,0,0,1,False,False,2.0,0,nan,nan,nan,nan,0.16209626917406456,1.7830589609147085,0.1620962691740644,1.7830589609147083,11.0,0.9999999999999993,1.0000000000000016,6.169173449181403,0.758224243828382,10.0,10,logcosh,1.0,stepsize_pilot
manuscript-pilot,D,pilot_logcosh_d10_k10_rho1_fb-gvi,FB--GVI,2500492809,187,1.121667899851164,6.035481906582353,0.08295192930661521,nan,0.10771452445149376,0.01341862045844324,0.6900814928876997,1.1972007028533442,1.2440123099161748,1.1972007028533438,1.2440123099161744,2.43962531065862,0.15022078612941378,0.2458106422438126,0.2825651419698261,0.10313230630708858,,nan,nan,nan,nan,nan,nan,nan,nan,187,187,187,187,187,0,187,187,0,0,0,1,False,False,2.0,0,nan,nan,nan,nan,0.16209626917406456,1.7830589609147085,0.1620962691740644,1.7830589609147083,11.0,0.9999999999999993,1.0000000000000016,6.169173449181403,0.7582242438283787,10.0,10,logcosh,1.0,stepsize_pilot
manuscript-pilot,D,pilot_logcosh_d10_k10_rho1_fb-gvi,FB--GVI,2500492809,188,1.121667899851164,6.035481906582355,0.08295192930661699,nan,0.1077145244514822,0.013418620458443121,0.6900814928877014,1.1972007028533451,1.244012309916175,1.1972007028533458,1.2440123099161742,2.439625310658621,0.15022078612941536,0.2458106422438137,0.2843644819804467,0.10380564630031586,,nan,nan,nan,nan,nan,nan,nan,nan,188,188,188,188,188,0,188,188,0,0,0,1,False,False,2.0,0,nan,nan,nan,nan,0.16209626917406456,1.7830589609147085,0.1620962691740644,1.7830589609147083,11.0,0.9999999999999993,1.0000000000000016,6.169173449181403,0.758224243828382,10.0,10,logcosh,1.0,stepsize_pilot
manuscript-pilot,D,pilot_logcosh_d10_k10_rho1_fb-gvi,FB--GVI,2500492809,189,1.121667899851164,6.035481906582352,0.08295192930661432,nan,0.10771452445148887,0.01341862045844316,0.6900814928876983,1.1972007028533445,1.2440123099161748,1.1972007028533438,1.2440123099161742,2.4396253106586183,0.15022078612941367,0.24581064224381177,0.28618098195875064,0.10448721627471969,,nan,nan,nan,nan,nan,nan,nan,nan,189,189,189,189,189,0,189,189,0,0,0,1,False,False,2.0,0,nan,nan,nan,nan,0.16209626917406456,1.7830589609147085,0.1620962691740644,1.7830589609147083,11.0,0.9999999999999993,1.0000000000000016,6.169173449181403,0.7582242438283762,10.0,10,logcosh,1.0,stepsize_pilot
manuscript-pilot,D,pilot_logcosh_d10_k10_rho1_fb-gvi,FB--GVI,2500492809,190,1.121667899851164,6.035481906582353,0.08295192930661521,nan,0.10771452445148887,0.013418620458443118,0.6900814928877025,1.1972007028533458,1.2440123099161742,1.1972007028533465,1.2440123099161748,2.4396253106586214,0.15022078612941409,0.24581064224381446,0.2879966319887899,0.10516250628279522,,nan,nan,nan,nan,nan,nan,nan,nan,190,190,190,190,190,0,190,190,0,0,0,1,False,False,2.0,0,nan,nan,nan,nan,0.16209626917406456,1.7830589609147085,0.1620962691740644,1.7830589609147083,11.0,0.9999999999999993,1.0000000000000016,6.169173449181403,0.7582242438283844,10.0,10,logcosh,1.0,stepsize_pilot
manuscript-pilot,D,pilot_logcosh_d10_k10_rho1_fb-gvi,FB--GVI,2500492809,191,1.121667899851164,6.035481906582353,0.08295192930661521,nan,0.10771452445149332,0.013418620458443206,0.6900814928877007,1.197200702853345,1.2440123099161735,1.197200702853345,1.2440123099161733,2.43962531065862,0.15022078612941506,0.24581064224381283,0.2898144409991801,0.10584891628241166,,nan,nan,nan,nan,nan,nan,nan,nan,191,191,191,191,191,0,191,191,0,0,0,1,False,False,2.0,0,nan,nan,nan,nan,0.16209626917406456,1.7830589609147085,0.1620962691740644,1.7830589609147083,11.0,0.9999999999999993,1.0000000000000016,6.169173449181403,0.7582242438283794,10.0,10,logcosh,1.0,stepsize_pilot
manuscript-pilot,D,pilot_logcosh_d10_k10_rho1_fb-gvi,FB--GVI,2500492809,192,1.121667899851164,6.035481906582354,0.0829519293066161,nan,0.10771452445149153,0.01341862045844317,0.6900814928876993,1.1972007028533447,1.2440123099161742,1.1972007028533445,1.2440123099161726,2.4396253106586188,0.1502207861294128,0.24581064224381224,0.29160085099283606,0.10652684624074027,,nan,nan,nan,nan,nan,nan,nan,nan,192,192,192,192,192,0,192,192,0,0,0,1,False,False,2.0,0,nan,nan,nan,nan,0.16209626917406456,1.7830589609147085,0.1620962691740644,1.7830589609147083,11.0,0.9999999999999993,1.0000000000000016,6.169173449181403,0.7582242438283776,10.0,10,logcosh,1.0,stepsize_pilot
manuscript-pilot,D,pilot_logcosh_d10_k10_rho1_fb-gvi,FB--GVI,2500492809,193,1.121667899851164,6.03548190658235,0.08295192930661255,nan,0.10771452445148132,0.013418620458443154,0.6900814928876987,1.1972007028533438,1.2440123099161737,1.197200702853344,1.2440123099161742,2.439625310658619,0.15022078612941087,0.24581064224381205,0.2934075809898786,0.10720248625148088,,nan,nan,nan,nan,nan,nan,nan,nan,193,193,193,193,193,0,193,193,0,0,0,1,False,False,2.0,0,nan,nan,nan,nan,0.16209626917406456,1.7830589609147085,0.1620962691740644,1.7830589609147083,11.0,0.9999999999999993,1.0000000000000016,6.169173449181403,0.7582242438283769,10.0,10,logcosh,1.0,stepsize_pilot
manuscript-pilot,D,pilot_logcosh_d10_k10_rho1_fb-gvi,FB--GVI,2500492809,194,1.121667899851164,6.035481906582352,0.08295192930661432,nan,0.10771452445148887,0.013418620458443152,0.690081492887699,1.197200702853344,1.2440123099161735,1.197200702853344,1.2440123099161728,2.439625310658619,0.15022078612941067,0.24581064224381222,0.2952100309776142,0.10786316625308245,,nan,nan,nan,nan,nan,nan,nan,nan,194,194,194,194,194,0,194,194,0,0,0,1,False,False,2.0,0,nan,nan,nan,nan,0.16209626917406456,1.7830589609147085,0.1620962691740644,1.7830589609147083,11.0,0.9999999999999993,1.0000000000000016,6.169173449181403,0.7582242438283775,10.0,10,logcosh,1.0,stepsize_pilot
manuscript-pilot,D,pilot_logcosh_d10_k10_rho1_fb-gvi,FB--GVI,2500492809,195,1.121667899851164,6.035481906582351,0.08295192930661344,nan,0.10771452445147599,0.013418620458443081,0.6900814928876985,1.197200702853345,1.2440123099161744,1.1972007028533451,1.2440123099161742,2.4396253106586188,0.15022078612941256,0.24581064224381155,0.2970099709928036,0.10852043621707708,,nan,nan,nan,nan,nan,nan,nan,nan,195,195,195,195,195,0,195,195,0,0,0,1,False,False,2.0,0,nan,nan,nan,nan,0.16209626917406456,1.7830589609147085,0.1620962691740644,1.7830589609147083,11.0,0.9999999999999993,1.0000000000000016,6.169173449181403,0.7582242438283754,10.0,10,logcosh,1.0,stepsize_pilot
manuscript-pilot,D,pilot_logcosh_d10_k10_rho1_fb-gvi,FB--GVI,2500492809,196,1.121667899851164,6.035481906582353,0.08295192930661521,nan,0.1077145244514942,0.01341862045844311,0.6900814928877013,1.1972007028533445,1.244012309916175,1.1972007028533447,1.2440123099161757,2.4396253106586205,0.150220786129415,0.2458106422438138,0.2988207209855318,0.10921506624436006,,nan,nan,nan,nan,nan,nan,nan,nan,196,196,196,196,196,0,196,196,0,0,0,1,False,False,2.0,0,nan,nan,nan,nan,0.16209626917406456,1.7830589609147085,0.1620962691740644,1.7830589609147083,11.0,0.9999999999999993,1.0000000000000016,6.169173449181403,0.7582242438283824,10.0,10,logcosh,1.0,stepsize_pilot
manuscript-pilot,D,pilot_logcosh_d10_k10_rho1_fb-gvi,FB--GVI,2500492809,197,1.121667899851164,6.035481906582352,0.08295192930661432,nan,0.10771452445148176,0.013418620458443154,0.6900814928877004,1.1972007028533451,1.2440123099161744,1.197200702853345,1.2440123099161746,2.43962531065862,0.1502207861294102,0.24581064224381308,0.30061670095892623,0.10988075629575178,,nan,nan,nan,nan,nan,nan,nan,nan,197,197,197,197,197,0,197,197,0,0,0,1,False,False,2.0,0,nan,nan,nan,nan,0.16209626917406456,1.7830589609147085,0.1620962691740644,1.7830589609147083,11.0,0.9999999999999993,1.0000000000000016,6.169173449181403,0.7582242438283802,10.0,10,logcosh,1.0,stepsize_pilot
manuscript-pilot,D,pilot_logcosh_d10_k10_rho1_fb-gvi,FB--GVI,2500492809,198,1.121667899851164,6.035481906582354,0.0829519293066161,nan,0.10771452445148753,0.013418620458443187,0.6900814928877007,1.1972007028533458,1.244012309916176,1.1972007028533453,1.2440123099161748,2.4396253106586197,0.1502207861294139,0.24581064224381327,0.302423340966925,0.11056549631757662,,nan,nan,nan,nan,nan,nan,nan,nan,198,198,198,198,198,0,198,198,0,0,0,1,False,False,2.0,0,nan,nan,nan,nan,0.16209626917406456,1.7830589609147085,0.1620962691740644,1.7830589609147083,11.0,0.9999999999999993,1.0000000000000016,6.169173449181403,0.7582242438283807,10.0,10,logcosh,1.0,stepsize_pilot
manuscript-pilot,D,pilot_logcosh_d10_k10_rho1_fb-gvi,FB--GVI,2500492809,199,1.121667899851164,6.035481906582352,0.08295192930661432,nan,0.10771452445148444,0.013418620458443237,0.6900814928876998,1.1972007028533465,1.2440123099161746,1.1972007028533453,1.2440123099161726,2.4396253106586183,0.15022078612941286,0.24581064224381255,0.3042271209997125,0.1112353663193062,,nan,nan,nan,nan,nan,nan,nan,nan,199,199,199,199,199,0,199,199,0,0,0,1,False,False,2.0,0,nan,nan,nan,nan,0.16209626917406456,1.7830589609147085,0.1620962691740644,1.7830589609147083,11.0,0.9999999999999993,1.0000000000000016,6.169173449181403,0.7582242438283785,10.0,10,logcosh,1.0,stepsize_pilot
manuscript-pilot,D,pilot_logcosh_d10_k10_rho1_fb-gvi,FB--GVI,2500492809,200,1.121667899851164,6.035481906582354,0.0829519293066161,nan,0.10771452445148044,0.013418620458443215,0.6900814928877016,1.1972007028533438,1.2440123099161757,1.1972007028533433,1.244012309916175,2.4396253106586205,0.15022078612941675,0.24581064224381408,0.3060388309531845,0.11190300632733852,,nan,nan,nan,nan,nan,nan,nan,nan,200,200,200,200,200,0,200,200,0,0,0,1,False,False,2.0,0,nan,nan,nan,nan,0.16209626917406456,1.7830589609147085,0.1620962691740644,1.7830589609147083,11.0,0.9999999999999993,1.0000000000000016,6.169173449181403,0.7582242438283833,10.0,10,logcosh,1.0,stepsize_pilot
