tier,experiment,job_id,method,seed,iteration,step_size,objective,objective_gap,exact_gaussian_kl,w2_squared,mean_error,covariance_error,covariance_min_eigenvalue,covariance_max_eigenvalue,relative_covariance_min_eigenvalue,relative_covariance_max_eigenvalue,gaussian_core_rate,fisher_rao_residual_squared,bures_wasserstein_residual_squared,wall_time_seconds,algorithm_seconds,repair,equivariance_error_mean,equivariance_error_covariance,equivariance_error_back,local_gamma,local_lambda,predictive_nll,classification_error,brier,iterations,gradient_evaluations,hessian_evaluations,oracle_pairs,expectation_evaluations,matrix_exponentials,matrix_square_roots,eigendecompositions,cholesky_factorizations,cholesky_solves,roundoff_repairs,batch_size,quadratic_rescue,raw_mean_ablation,normalized_step_size,problem_instance,local_kl_gamma,local_discrete_rate,predicted_contraction,local_radius,alpha,beta,alpha_star,beta_star,kappa_star,lambda_0_star,lambda_0_star_max,lambda_max_star,certified_gap,grid_dimension,grid_family,grid_feature_condition,grid_role
manuscript-pilot,L,pilot_logistic_d50_kX1e2_fr-r,FR--R,3602226593,0,0.0,767.7933702295541,369.07772370135365,nan,30.898135161619525,8.029745762023783,245.3061502952845,1.0,1.0,1.847131287012389,102.95285089620805,147.43189234935107,10463.072107262384,18389.775361643668,0.011847069952636957,0.0,,nan,nan,nan,nan,nan,0.693147180557945,0.4922,0.2499999999999998,0,0,0,0,0,0,0,0,0,0,0,1,False,False,0.25,0,nan,nan,nan,nan,1.0,126.5374245596017,0.009713184154639442,1.550916949065213,159.67132140951196,1.8471312870123962,102.95285089620789,102.95285089620789,946639.9004110257,50,logistic,100.0,stepsize_pilot
manuscript-pilot,L,pilot_logistic_d50_kX1e2_fr-r,FR--R,3602226593,1,0.0015657163590374475,751.7604760023105,353.0448294741101,nan,29.93285197721352,7.646765169042265,231.37486406262386,0.9238093877677201,0.9992693230322003,1.8457706023744056,95.13073838465141,136.35611481105846,9494.936874965002,17750.11100554879,0.15042011498007923,0.012193099013529718,,nan,nan,nan,nan,nan,0.6921226188528204,0.465,0.24948778226949317,1,1,1,1,1,1,1,2,0,0,0,1,False,False,0.25,0,nan,nan,nan,nan,1.0,126.5374245596017,0.009713184154639442,1.550916949065213,159.67132140951196,1.8471312870123962,102.95285089620789,102.95285089620789,913712.2658726985,50,logistic,100.0,stepsize_pilot
manuscript-pilot,L,pilot_logistic_d50_kX1e2_fr-r,FR--R,3602226593,2,0.0015657163590374475,737.1940612349699,338.4784147067695,nan,29.043993564120647,7.3173790487071555,218.97758613054427,0.8574822028335102,0.9985289823846041,1.8443920835402299,88.32055435526304,126.74829682014868,8667.84959587058,17159.98513585634,0.278866461943835,0.024153588979970664,,nan,nan,nan,nan,nan,0.6913042755280125,0.4632,0.2490789402404492,2,2,2,2,2,2,2,4,0,0,0,1,False,False,0.25,0,nan,nan,nan,nan,1.0,126.5374245596017,0.009713184154639442,1.550916949065213,159.67132140951196,1.8471312870123962,102.95285089620789,102.95285089620789,883334.6955364776,50,logistic,100.0,stepsize_pilot
manuscript-pilot,L,pilot_logistic_d50_kX1e2_fr-r,FR--R,3602226593,3,0.0015657163590374475,723.8826435665819,325.1669970383815,nan,28.220899542711738,7.031528558608919,207.87040022690766,0.7992928997275149,0.997779782955802,1.8429972260574037,82.34532969980911,118.34134213655445,7954.325218243141,16613.214545245457,0.39003287797095254,0.035683497961144894,,nan,nan,nan,nan,nan,0.6906536035635527,0.4626,0.2487542422162033,3,3,3,3,3,3,3,6,0,0,0,1,False,False,0.25,0,nan,nan,nan,nan,1.0,126.5374245596017,0.009713184154639442,1.550916949065213,159.67132140951196,1.8471312870123962,102.95285089620789,102.95285089620789,855188.8999916809,50,logistic,100.0,stepsize_pilot
manuscript-pilot,L,pilot_logistic_d50_kX1e2_fr-r,FR--R,3602226593,4,0.0015657163590374475,711.6555943674754,312.93994783927496,nan,27.45498716520561,6.781389095389839,197.85884463334372,0.7478865325205302,0.9970224398700039,1.841587359153365,77.0660750248884,110.92834605705433,7333.427000734974,16104.657048192568,0.5002898749662563,0.0473918579518795,,nan,nan,nan,nan,nan,0.6901407316298872,0.4624,0.24849866962063816,4,4,4,4,4,4,4,8,0,0,0,1,False,False,0.25,0,nan,nan,nan,nan,1.0,126.5374245596017,0.009713184154639442,1.550916949065213,159.67132140951196,1.8471312870123962,102.95285089620789,102.95285089620789,829010.1779085635,50,logistic,100.0,stepsize_pilot
manuscript-pilot,L,pilot_logistic_d50_kX1e2_fr-r,FR--R,3602226593,5,0.0015657163590374475,700.3734771821369,301.65783065393646,nan,26.739247366051124,6.560806391171108,188.78595186497282,0.7021861190638503,0.9962575928927431,1.8401636722722585,72.37230155693744,104.3467390403394,6788.958022590319,15629.996644416173,0.6105655119754374,0.05895754793891683,,nan,nan,nan,nan,nan,0.6897421818991379,0.4626,0.24830035067241343,5,5,5,5,5,5,5,10,0,0,0,1,False,False,0.25,0,nan,nan,nan,nan,1.0,126.5374245596017,0.009713184154639442,1.550916949065213,159.67132140951196,1.8471312870123962,102.95285089620789,102.95285089620789,804576.3570204012,50,logistic,100.0,stepsize_pilot
manuscript-pilot,L,pilot_logistic_d50_kX1e2_fr-r,FR--R,3602226593,6,0.0015657163590374475,689.9210374071534,291.20539087895304,nan,26.067883631676892,6.364890871797685,180.52359883745152,0.6613260612299343,0.9954858178749678,1.8387272361754616,68.17520141219175,98.46713592463308,6308.212350410899,15185.580053969992,0.720819097943604,0.0705570369027555,,nan,nan,nan,nan,nan,0.6894392656044734,0.4624,0.24814979676859797,6,6,6,6,6,6,6,12,0,0,0,1,False,False,0.25,0,nan,nan,nan,nan,1.0,126.5374245596017,0.009713184154639442,1.550916949065213,159.67132140951196,1.8471312870123962,102.95285089620789,102.95285089620789,781699.3795343979,50,logistic,100.0,stepsize_pilot
manuscript-pilot,L,pilot_logistic_d50_kX1e2_fr-r,FR--R,3602226593,7,0.0015657163590374475,680.2020273720716,281.4863808438712,nan,25.436048169725417,6.189721583590305,172.96614776880526,0.62460356188363,0.9947076359550937,1.8372790199332942,64.40266790914238,93.18535679516083,5881.096197540468,14768.290894195778,0.8307461449876428,0.08206923690158874,,nan,nan,nan,nan,nan,0.6892169346326446,0.4622,0.24803934734383257,7,7,7,7,7,7,7,14,0,0,0,1,False,False,0.25,0,nan,nan,nan,nan,1.0,126.5374245596017,0.009713184154639442,1.550916949065213,159.67132140951196,1.8471312870123962,102.95285089620789,102.95285089620789,760218.8252109786,50,logistic,100.0,stepsize_pilot
manuscript-pilot,L,pilot_logistic_d50_kX1e2_fr-r,FR--R,3602226593,8,0.0015657163590374475,671.1353260792731,272.4196795510727,nan,24.839645774284527,6.032127238768204,166.02570070772896,0.5914426754691627,0.9939235210449846,1.8358199047669048,60.995609141145735,88.41662508865122,5499.498662211173,14375.451768729947,0.9465811519767158,0.09618786693317816,,nan,nan,nan,nan,nan,0.6890629459612857,0.462,0.2479627606106127,8,8,8,8,8,8,8,16,0,0,0,1,False,False,0.25,0,nan,nan,nan,nan,1.0,126.5374245596017,0.009713184154639442,1.550916949065213,159.67132140951196,1.8471312870123962,102.95285089620789,102.95285089620789,739996.8712558385,50,logistic,100.0,stepsize_pilot
manuscript-pilot,L,pilot_logistic_d50_kX1e2_fr-r,FR--R,3602226593,9,0.0015657163590374475,662.6519879643971,263.9363414361967,nan,24.275185698495044,5.889522355343886,159.6285094977176,0.5613673617026235,0.993133905984917,1.8343506954433448,57.90518394038294,84.09128596134819,5156.833966992571,14004.747292191603,1.0729963279445656,0.11019890691386536,,nan,nan,nan,nan,nan,0.6889672445496805,0.4608,0.24791490791198645,9,9,9,9,9,9,9,18,0,0,0,1,False,False,0.25,0,nan,nan,nan,nan,1.0,126.5374245596017,0.009713184154639442,1.550916949065213,159.67132140951196,1.8471312870123962,102.95285089620789,102.95285089620789,720914.3299060342,50,logistic,100.0,stepsize_pilot
manuscript-pilot,L,pilot_logistic_d50_kX1e2_fr-r,FR--R,3602226593,10,0.0015657163590374475,654.6929688576502,255.97732232944975,nan,23.739668169377786,5.759783292050731,153.7122256457748,0.5339810452935086,0.9923391876534052,1.8328721297466966,55.090704793724036,80.15160311621763,4847.703575723362,13654.162990214782,1.1992674139910378,0.12406132591422647,,nan,nan,nan,nan,nan,0.6889215012730476,0.4604,0.2478915426955368,10,10,10,10,10,10,10,20,0,0,0,1,False,False,0.25,0,nan,nan,nan,nan,1.0,126.5374245596017,0.009713184154639442,1.550916949065213,159.67132140951196,1.8471312870123962,102.95285089620789,102.95285089620789,702867.5032220487,50,logistic,100.0,stepsize_pilot
manuscript-pilot,L,pilot_logistic_d50_kX1e2_fr-r,FR--R,3602226593,11,0.0015657163590374475,647.2073527553406,248.49170622714018,nan,23.23049630075433,5.641153528489655,148.2237692563225,0.5089509385317355,0.9915397312470148,1.8313848864193552,52.51802921518461,76.54933201385306,4567.643432671497,13321.936362812816,1.3259307299740613,0.13819011492887512,,nan,nan,nan,nan,nan,0.6889187625551559,0.4612,0.24788912393084025,11,11,11,11,11,11,11,22,0,0,0,1,False,False,0.25,0,nan,nan,nan,nan,1.0,126.5374245596017,0.009713184154639442,1.550916949065213,159.67132140951196,1.8471312870123962,102.95285089620789,102.95285089620789,685765.6640047166,50,logistic,100.0,stepsize_pilot
manuscript-pilot,L,pilot_logistic_d50_kX1e2_fr-r,FR--R,3602226593,12,0.0015657163590374475,640.1509539027489,241.43530737454853,nan,22.745406899691613,5.53217062477012,143.1176601294148,0.48599589291480705,0.99073587389409,1.829889591874075,50.15831314338087,73.243859700316,4312.932530343356,13006.517358550864,1.4486441269982606,0.15017193491803482,,nan,nan,nan,nan,nan,0.6889531815899432,0.4606,0.24790467973222857,12,12,12,12,12,12,12,24,0,0,0,1,False,False,0.25,0,nan,nan,nan,nan,1.0,126.5374245596017,0.009713184154639442,1.550916949065213,159.67132140951196,1.8471312870123962,102.95285089620789,102.95285089620789,669529.0211469111,50,logistic,100.0,stepsize_pilot
manuscript-pilot,L,pilot_logistic_d50_kX1e2_fr-r,FR--R,3602226593,13,0.0015657163590374475,633.4852036010969,234.76955707289653,nan,22.282415516698247,5.431609417839428,138.35469798886012,0.46487689514789216,0.9899279277287483,1.8283868259087181,47.98703566344328,70.20076345811265,4080.446261905789,12706.536197314448,1.5578679429600015,0.16184335388243198,,nan,nan,nan,nan,nan,0.6890198099239473,0.4594,0.24793570100955384,13,13,13,13,13,13,13,26,0,0,0,1,False,False,0.25,0,nan,nan,nan,nan,1.0,126.5374245596017,0.009713184154639442,1.550916949065213,159.67132140951196,1.8471312870123962,102.95285089620789,102.95285089620789,654087.0632646891,50,logistic,100.0,stepsize_pilot
manuscript-pilot,L,pilot_logistic_d50_kX1e2_fr-r,FR--R,3602226593,14,0.0015657163590374475,627.1762554724953,228.4606089442949,nan,21.839772367045114,5.338437493634412,133.90090935124752,0.4453895654931891,0.9891161825236076,1.8268771266049098,45.983229204774204,67.39068272806131,3867.542887820213,12420.776981410558,1.6692679399857298,0.17337793385377154,,nan,nan,nan,nan,nan,0.6891144342254356,0.4594,0.24798005778390675,14,14,14,14,14,14,14,28,0,0,0,1,False,False,0.25,0,nan,nan,nan,nan,1.0,126.5374245596017,0.009713184154639442,1.550916949065213,159.67132140951196,1.8471312870123962,102.95285089620789,102.95285089620789,639377.2002911039,50,logistic,100.0,stepsize_pilot
manuscript-pilot,L,pilot_logistic_d50_kX1e2_fr-r,FR--R,3602226593,15,0.0015657163590374475,621.1942601042275,222.4786135760271,nan,21.415926643807985,5.251780022051592,129.72670011242593,0.4273581872413024,0.9883009079587481,1.8253609945530034,44.12886687033597,64.78842795487628,3671.974773040356,12148.1559034669,1.777784546953626,0.1851385838817805,,nan,nan,nan,nan,nan,0.6892334472540927,0.4596,0.24803593278059033,15,15,15,15,15,15,15,30,0,0,0,1,False,False,0.25,0,nan,nan,nan,nan,1.0,126.5374245596017,0.009713184154639442,1.550916949065213,159.67132140951196,1.8471312870123962,102.95285089620789,102.95285089620789,625343.6416967555,50,logistic,100.0,stepsize_pilot
manuscript-pilot,L,pilot_logistic_d50_kX1e2_fr-r,FR--R,3602226593,16,0.0015657163590374475,615.5127723027499,216.7971257745495,nan,21.009497377043317,5.170891791437092,125.80616835112161,0.41063091775480404,0.9874823555885358,1.8238388965170977,42.408371029360374,62.3722704730657,3491.818354525552,11887.703133120158,1.8864971539587714,0.19677620386937633,,nan,nan,nan,nan,nan,0.689373744982076,0.4582,0.24810176831492253,16,16,16,16,16,16,16,32,0,0,0,1,False,False,0.25,0,nan,nan,nan,nan,1.0,126.5374245596017,0.009713184154639442,1.550916949065213,159.67132140951196,1.8471312870123962,102.95285089620789,102.95285089620789,611936.4640812493,50,logistic,100.0,stepsize_pilot
manuscript-pilot,L,pilot_logistic_d50_kX1e2_fr-r,FR--R,3602226593,17,0.0015657163590374475,610.1082631130664,211.392616584866,nan,20.61924944932558,5.0951348215203485,122.11654301314375,0.39507591920325846,0.986660760555632,1.82231126863109,40.80821629774669,60.1233720700232,3325.4184150177284,11638.547669286094,1.9957529999664985,0.2084202328696847,,nan,nan,nan,nan,nan,0.6895326439032781,0.4582,0.2481762234946358,17,17,17,17,17,17,17,34,0,0,0,1,False,False,0.25,0,nan,nan,nan,nan,1.0,126.5374245596017,0.009713184154639442,1.550916949065213,159.67132140951196,1.8471312870123962,102.95285089620789,102.95285089620789,599110.8314222074,50,logistic,100.0,stepsize_pilot
manuscript-pilot,L,pilot_logistic_d50_kX1e2_fr-r,FR--R,3602226593,18,0.0015657163590374475,604.9597153062751,206.24406877807473,nan,20.244073709805534,5.023960329812087,118.63772231172,0.3805782109498845,0.9858363430921554,1.820778519199281,39.31660658041337,58.02532328886638,3171.3433872445903,11399.904599516238,2.105053916980978,0.22024749190313742,,nan,nan,nan,nan,nan,0.6897078140670283,0.4584,0.24825813949474082,18,18,18,18,18,18,18,36,0,0,0,1,False,False,0.25,0,nan,nan,nan,nan,1.0,126.5374245596017,0.009713184154639442,1.550916949065213,159.67132140951196,1.8471312870123962,102.95285089620789,102.95285089620789,586826.3392324928,50,logistic,100.0,stepsize_pilot
manuscript-pilot,L,pilot_logistic_d50_kX1e2_fr-r,FR--R,3602226593,19,0.0015657163590374475,600.0482858930129,201.3326393648125,nan,19.882970373496054,4.9568941185254,115.35189172498721,0.3670370925065126,0.9850093098404656,1.8192410311619913,37.92321066849722,56.06376710316755,3028.3492380160415,11171.064325810345,2.2152039139764383,0.23204011184861884,,nan,nan,nan,nan,nan,0.6898972244622642,0.4576,0.24834651119769552,19,19,19,19,19,19,19,38,0,0,0,1,False,False,0.25,0,nan,nan,nan,nan,1.0,126.5374245596017,0.009713184154639442,1.550916949065213,159.67132140951196,1.8471312870123962,102.95285089620789,102.95285089620789,575046.4599435477,50,logistic,100.0,stepsize_pilot
manuscript-pilot,L,pilot_logistic_d50_kX1e2_fr-r,FR--R,3602226593,20,0.0015657163590374475,595.3570228573116,196.64137632911115,nan,19.53503507462937,4.893524666254969,112.24320598826802,0.3543640208384548,0.9841798550202427,1.8176991642751175,36.61894446259015,54.22609014964015,2895.3500814149465,10951.383406768284,2.328514679975342,0.2443066908745095,,nan,nan,nan,nan,nan,0.6900990981786009,0.4578,0.248440463889317,20,20,20,20,20,20,20,40,0,0,0,1,False,False,0.25,0,nan,nan,nan,nan,1.0,126.5374245596017,0.009713184154639442,1.550916949065213,159.67132140951196,1.8471312870123962,102.95285089620789,102.95285089620789,563738.0714921082,50,logistic,100.0,stepsize_pilot
manuscript-pilot,L,pilot_logistic_d50_kX1e2_fr-r,FR--R,3602226593,21,0.0015657163590374475,590.870626055717,192.15497952751662,nan,19.199447079975133,4.833493371455577,109.29752288457975,0.34248085191946204,0.9833481614638997,1.8161532570445804,35.395790574086185,52.501167820386186,2771.39411060155,10740.276736010019,2.442751436959952,0.25602182088186964,,nan,nan,nan,nan,nan,0.6903118753643793,0.4588,0.24853923399791783,21,21,21,21,21,21,21,42,0,0,0,1,False,False,0.25,0,nan,nan,nan,nan,1.0,126.5374245596017,0.009713184154639442,1.550916949065213,159.67132140951196,1.8471312870123962,102.95285089620789,102.95285089620789,552871.054693223,50,logistic,100.0,stepsize_pilot
manuscript-pilot,L,pilot_logistic_d50_kX1e2_fr-r,FR--R,3602226593,22,0.0015657163590374475,586.57524432515,187.85959779694963,nan,18.875459272110724,4.776486517730706,106.50217922747895,0.3313183761686408,0.9825144015386081,1.8146036284497022,34.246648082145974,50.8791525946106,2655.6437641721764,10537.210831389673,2.552103443944361,0.2678345708991401,,nan,nan,nan,nan,nan,0.6905341824461593,0.4584,0.2486421530879526,22,22,22,22,22,22,22,44,0,0,0,1,False,False,0.25,0,nan,nan,nan,nan,1.0,126.5374245596017,0.009713184154639442,1.550916949065213,159.67132140951196,1.8471312870123962,102.95285089620789,102.95285089620789,542417.947792982,50,logistic,100.0,stepsize_pilot
manuscript-pilot,L,pilot_logistic_d50_kX1e2_fr-r,FR--R,3602226593,23,0.0015657163590374475,582.4583024578535,183.7426559296531,nan,18.56238959243008,4.7222286244826766,103.84580141718183,0.32081509242689915,0.9816787379702477,1.8130505794835952,33.165206766202544,49.351297312593495,2547.359287215561,10341.69805238224,2.661474650958553,0.2794990309048444,,nan,nan,nan,nan,nan,0.6907648064096688,0.4586,0.24874863448943774,23,23,23,23,23,23,23,46,0,0,0,1,False,False,0.25,0,nan,nan,nan,nan,1.0,126.5374245596017,0.009713184154639442,1.550916949065213,159.67132140951196,1.8471312870123962,102.95285089620789,102.95285089620789,532353.6488002543,50,logistic,100.0,stepsize_pilot
manuscript-pilot,L,pilot_logistic_d50_kX1e2_fr-r,FR--R,3602226593,24,0.0015657163590374475,578.5083529542817,179.79270642608128,nan,18.25961369535242,4.670476918108096,101.3181444864667,0.310916176659232,0.9808413245821581,1.8114943945347273,32.14584131738492,47.909806862235996,2445.8850314828373,10153.291596875499,2.779749496956356,0.29394678090466186,,nan,nan,nan,nan,nan,0.6910026731976855,0.4594,0.24885816207449052,24,24,24,24,24,24,24,48,0,0,0,1,False,False,0.25,0,nan,nan,nan,nan,1.0,126.5374245596017,0.009713184154639442,1.550916949065213,159.67132140951196,1.8471312870123962,102.95285089620789,102.95285089620789,522655.15793942,50,logistic,100.0,stepsize_pilot
manuscript-pilot,L,pilot_logistic_d50_kX1e2_fr-r,FR--R,3602226593,25,0.0015657163590374475,574.7149484435562,175.99930191535577,nan,17.966558613246917,4.621016714126388,98.90995474836193,0.3015726104782609,0.9800023069595267,1.8099353426296592,31.18352194676971,46.5477131040967,2350.6379792733464,9971.581155514008,2.907189332996495,0.30810217990074307,,nan,nan,nan,nan,nan,0.6912468294763304,0.4596,0.248970280792602,25,25,25,25,25,25,25,50,0,0,0,1,False,False,0.25,0,nan,nan,nan,nan,1.0,126.5374245596017,0.009713184154639442,1.550916949065213,159.67132140951196,1.8471312870123962,102.95285089620789,102.95285089620789,513301.3539515332,50,logistic,100.0,stepsize_pilot
manuscript-pilot,L,pilot_logistic_d50_kX1e2_fr-r,FR--R,3602226593,26,0.0015657163590374475,571.0685314313702,172.35288490316975,nan,17.68269726931034,4.573657543429768,96.61285209479725,0.2927404415160661,0.9791618230486963,1.8083736785542845,30.273738519889033,45.258768908306635,2261.0980831094976,9796.18912326585,3.035687668947503,0.3224957289057784,,nan,nan,nan,nan,nan,0.6914964271727402,0.4598,0.24908458865408348,26,26,26,26,26,26,26,52,0,0,0,1,False,False,0.25,0,nan,nan,nan,nan,1.0,126.5374245596017,0.009713184154639442,1.550916949065213,159.67132140951196,1.8471312870123962,102.95285089620789,102.95285089620789,504272.7990793195,50,logistic,100.0,stepsize_pilot
manuscript-pilot,L,pilot_logistic_d50_kX1e2_fr-r,FR--R,3602226593,27,0.0015657163590374475,567.5603386454892,168.8446921172888,nan,17.40754370545542,4.528229889218138,94.41922873487657,0.28438015309932246,0.9783200036991947,1.8068096438679904,29.41243590407658,44.03735799187603,2176.8000962680403,9626.767285193862,3.163549045973923,0.3365656888927333,,nan,nan,nan,nan,nan,0.6917507103049955,0.4608,0.2492007299119162,27,27,27,27,27,27,27,54,0,0,0,1,False,False,0.25,0,nan,nan,nan,nan,1.0,126.5374245596017,0.009713184154639442,1.550916949065213,159.67132140951196,1.8471312870123962,102.95285089620789,102.95285089620789,495551.56846252613,50,logistic,100.0,stepsize_pilot
manuscript-pilot,L,pilot_logistic_d50_kX1e2_fr-r,FR--R,3602226593,28,0.0015657163590374475,564.1823177355492,165.46667120734878,nan,17.14064891600067,4.48458242735094,92.32216174855554,0.2764561249594487,0.9774769731553179,1.8052434678235647,28.59595865419244,42.87841788350919,2097.3266337720843,9462.99390741214,3.2910819120006636,0.35064674890600145,,nan,nan,nan,nan,nan,0.6920090037175608,0.4604,0.24931838924002833,28,28,28,28,28,28,28,56,0,0,0,1,False,False,0.25,0,nan,nan,nan,nan,1.0,126.5374245596017,0.009713184154639442,1.550916949065213,159.67132140951196,1.8471312870123962,102.95285089620789,102.95285089620789,487121.1003907611,50,logistic,100.0,stepsize_pilot
manuscript-pilot,L,pilot_logistic_d50_kX1e2_fr-r,FR--R,3602226593,29,0.0015657163590374475,560.9270544741422,162.2114079459418,nan,16.881597196960644,4.442579683474021,90.3153373003978,0.26893617009886145,0.9766328495030133,1.803675368203498,27.82100351013344,41.777373846540904,2022.3022539637486,9304.571175587338,3.418518937949557,0.3648471489432268,,nan,nan,nan,nan,nan,0.6922707034083252,0.46,0.249437286743807,29,29,29,29,29,29,29,58,0,0,0,1,False,False,0.25,0,nan,nan,nan,nan,1.0,126.5374245596017,0.009713184154639442,1.550916949065213,159.67132140951196,1.8471312870123962,102.95285089620789,102.95285089620789,478966.06444669684,50,logistic,100.0,stepsize_pilot
manuscript-pilot,L,pilot_logistic_d50_kX1e2_fr-r,FR--R,3602226593,30,0.0015657163590374475,557.7877089210168,159.0720623928164,nan,16.63000293605185,4.402100036619323,88.3929847346531,0.2617911356355727,0.9757877450770949,1.8021055520820664,27.08457845674796,40.73008199000042,1951.3883905653609,9151.222932639304,3.546294133993797,0.3788676879485138,,nan,nan,nan,nan,nan,0.692535268191103,0.4598,0.24955717366870778,30,30,30,30,30,30,30,60,0,0,0,1,False,False,0.25,0,nan,nan,nan,nan,1.0,126.5374245596017,0.009713184154639442,1.550916949065213,159.67132140951196,1.8471312870123962,102.95285089620789,102.95285089620789,471072.24505098467,50,logistic,100.0,stepsize_pilot
manuscript-pilot,L,pilot_logistic_d50_kX1e2_fr-r,FR--R,3602226593,31,0.0015657163590374475,554.7579592675943,156.04231273939388,nan,16.38550778093987,4.363034011981938,86.54981907693733,0.25499455761256473,0.9749417668331525,1.8005342165213185,26.383967318869978,39.7327801164536,1884.278996663551,9002.692674924407,3.6697463209857233,0.38971931795822456,,nan,nan,nan,nan,nan,0.692802212483539,0.46,0.2496778286968495,31,31,31,31,31,31,31,62,0,0,0,1,False,False,0.25,0,nan,nan,nan,nan,1.0,126.5374245596017,0.009713184154639442,1.550916949065213,159.67132140951196,1.8471312870123962,102.95285089620789,102.95285089620789,463426.43831293605,50,logistic,100.0,stepsize_pilot
manuscript-pilot,L,pilot_logistic_d50_kX1e2_fr-r,FR--R,3602226593,32,0.0015657163590374475,551.8319522872138,153.11630575901336,nan,16.14777813336718,4.325282815981191,84.78099071450893,0.2485223615011841,0.9740950166879333,1.7989615492081077,25.71669904302283,38.782045110890195,1820.6967871719273,8858.741772474674,3.7934486669837497,0.4040299479966052,,nan,nan,nan,nan,nan,0.6930711000473255,0.4594,0.2497990547407917,32,32,32,32,32,32,32,64,0,0,0,1,False,False,0.25,0,nan,nan,nan,nan,1.0,126.5374245596017,0.009713184154639442,1.550916949065213,159.67132140951196,1.8471312870123962,102.95285089620789,102.95285089620789,456016.36041479517,50,logistic,100.0,stepsize_pilot
manuscript-pilot,L,pilot_logistic_d50_kX1e2_fr-r,FR--R,3602226593,33,0.0015657163590374475,549.0042594871106,150.28861295891022,nan,15.916502925080351,4.288757075068814,83.08204122830755,0.24235260153806945,0.9732475918314976,1.7973877290381168,25.080520962050915,37.87475588105656,1760.389986454926,8719.147884073995,3.917470402957406,0.4150130379712209,,nan,nan,nan,nan,nan,0.6933415385374447,0.4592,0.2499206761592899,33,33,33,33,33,33,33,66,0,0,0,1,False,False,0.25,0,nan,nan,nan,nan,1.0,126.5374245596017,0.009713184154639442,1.550916949065213,159.67132140951196,1.8471312870123962,102.95285089620789,102.95285089620789,448830.56602552667,50,logistic,100.0,stepsize_pilot
manuscript-pilot,L,pilot_logistic_d50_kX1e2_fr-r,FR--R,3602226593,34,0.0015657163590374475,546.2698381985692,147.55419167036882,nan,15.691391638293513,4.2533757464894215,81.44886451471068,0.23646523318170884,0.9723995850140323,1.7958129266526053,24.473375456579124,37.008061026691486,1703.129504003936,8583.703542283072,4.024577769974712,0.4236044179997407,,nan,nan,nan,nan,nan,0.6936131747412954,0.4592,0.2500425363324807,34,34,34,34,34,34,34,68,0,0,0,1,False,False,0.25,0,nan,nan,nan,nan,1.0,126.5374245596017,0.009713184154639442,1.550916949065213,159.67132140951196,1.8471312870123962,102.95285089620789,102.95285089620789,441858.37546295876,50,logistic,100.0,stepsize_pilot
manuscript-pilot,L,pilot_logistic_d50_kX1e2_fr-r,FR--R,3602226593,35,0.0015657163590374475,543.6239969578141,144.90835042961373,nan,15.47217253905894,4.219065174660846,79.87767247054794,0.23084191391098566,0.9715510848098862,1.7942373049323124,23.89337952325511,36.1793505511578,1648.7064741745082,8452.214887140011,4.128115436993539,0.4322597379796207,,nan,nan,nan,nan,nan,0.6938856904082286,0.4596,0.25016449554426545,35,35,35,35,35,35,35,70,0,0,0,1,False,False,0.25,0,nan,nan,nan,nan,1.0,126.5374245596017,0.009713184154639442,1.550916949065213,159.67132140951196,1.8471312870123962,102.95285089620789,102.95285089620789,435089.8095092156,50,logistic,100.0,stepsize_pilot
manuscript-pilot,L,pilot_logistic_d50_kX1e2_fr-r,FR--R,3602226593,36,0.0015657163590374475,541.0623646266497,142.3467180984493,nan,15.258591096597346,4.185758271285502,78.36496462693941,0.22546582835599305,0.970702175861052,1.7926610194529269,23.33880683851177,35.38623104024404,1596.9301066598418,8324.500530293182,4.2306889039464295,0.4408122379682027,,nan,nan,nan,nan,nan,0.6941587985861017,0.4594,0.2502864291281121,36,36,36,36,36,36,36,72,0,0,0,1,False,False,0.25,0,nan,nan,nan,nan,1.0,126.5374245596017,0.009713184154639442,1.550916949065213,159.67132140951196,1.8471312870123962,102.95285089620789,102.95285089620789,428515.5309403372,50,logistic,100.0,stepsize_pilot
manuscript-pilot,L,pilot_logistic_d50_kX1e2_fr-r,FR--R,3602226593,37,0.0015657163590374475,538.5808627822666,139.86521625406624,nan,15.050408565544462,4.153393800932717,76.90750121045338,0.22032153438368768,0.9698529391020853,1.791084218905718,22.808071971449284,34.62650382433078,1547.6258030883487,8200.390533870774,4.332383440982085,0.4493533979402855,,nan,nan,nan,nan,nan,0.6944322403946686,0.4598,0.2504082258394393,37,37,37,37,37,37,37,74,0,0,0,1,False,False,0.25,0,nan,nan,nan,nan,1.0,126.5374245596017,0.009713184154639442,1.550916949065213,159.67132140951196,1.8471312870123962,102.95285089620789,102.95285089620789,422126.7919621347,50,logistic,100.0,stepsize_pilot
manuscript-pilot,L,pilot_logistic_d50_kX1e2_fr-r,FR--R,3602226593,38,0.0015657163590374475,536.1756809729627,137.4600344447623,nan,14.8474007113404,4.121915756806572,75.50227918747356,0.2153948272837453,0.9690034519681832,1.7895070454866455,22.2997164530625,33.89814571554411,1500.6335022806174,8079.72549054256,4.435594597947784,0.4579733279533684,,nan,nan,nan,nan,nan,0.6947057821765268,0.4598,0.2505297864234827,38,38,38,38,38,38,38,76,0,0,0,1,False,False,0.25,0,nan,nan,nan,nan,1.0,126.5374245596017,0.009713184154639442,1.550916949065213,159.67132140951196,1.8471312870123962,102.95285089620789,102.95285089620789,415915.3868550577,50,logistic,100.0,stepsize_pilot
manuscript-pilot,L,pilot_logistic_d50_kX1e2_fr-r,FR--R,3602226593,39,0.0015657163590374475,533.8432544931001,135.12760796489965,nan,14.649356661738036,4.091272813861231,74.14651091235585,0.2106726196338225,0.9681537885880316,1.7879296352568739,21.812396453542423,33.19929197399093,1455.806222588956,7962.355693050906,4.539291074965149,0.46669685799861327,,nan,nan,nan,nan,nan,0.6949792129753712,0.4594,0.2506510223522974,39,39,39,39,39,39,39,78,0,0,0,1,False,False,0.25,0,nan,nan,nan,nan,1.0,126.5374245596017,0.009713184154639442,1.550916949065213,159.67132140951196,1.8471312870123962,102.95285089620789,102.95285089620789,409873.6092246195,50,logistic,100.0,stepsize_pilot
manuscript-pilot,L,pilot_logistic_d50_kX1e2_fr-r,FR--R,3602226593,40,0.0015657163590374475,531.5802443783206,132.86459785012016,nan,14.456077869726355,4.0614178484463155,72.8376050542169,0.20614283478472573,0.9673040199627607,1.7863521184772346,21.344871856435724,32.52822120911519,1413.0087746125148,7848.140383035824,4.643373601953499,0.47532279801089317,,nan,nan,nan,nan,nan,0.6952523422988129,0.4594,0.2507718547085008,40,40,40,40,40,40,40,80,0,0,0,1,False,False,0.25,0,nan,nan,nan,nan,1.0,126.5374245596017,0.009713184154639442,1.550916949065213,159.67132140951196,1.8471312870123962,102.95285089620789,102.95285089620789,403994.2133335961,50,logistic,100.0,stepsize_pilot
manuscript-pilot,L,pilot_logistic_d50_kX1e2_fr-r,FR--R,3602226593,41,0.0015657163590374475,529.3835193624348,130.66787283423434,nan,14.267377175130322,4.03230751533898,71.57314952287665,0.20179431220804792,0.9664542141322613,1.7847746199190293,20.89599654942832,31.883341965563837,1372.1166216239549,7736.947070298363,4.748826827970333,0.4842934170155786,,nan,nan,nan,nan,nan,0.695524998129288,0.4594,0.2508922131966643,41,41,41,41,41,41,41,82,0,0,0,1,False,False,0.25,0,nan,nan,nan,nan,1.0,126.5374245596017,0.009713184154639442,1.550916949065213,159.67132140951196,1.8471312870123962,102.95285089620789,102.95285089620789,398270.3790601385,50,logistic,100.0,stepsize_pilot
manuscript-pilot,L,pilot_logistic_d50_kX1e2_fr-r,FR--R,3602226593,42,0.0015657163590374475,527.2501395716668,128.53449304346634,nan,14.083077953818979,4.003901874410918,70.35089615304508,0.19761672320207038,0.9656044363299738,1.783197259153166,20.46470977749015,31.263180779252085,1333.0148684127134,7628.650914774622,4.853168645000551,0.49289126601070166,,nan,nan,nan,nan,nan,0.6957970251518321,0.4594,0.2510120352660265,42,42,42,42,42,42,42,84,0,0,0,1,False,False,0.25,0,nan,nan,nan,nan,1.0,126.5374245596017,0.009713184154639442,1.550916949065213,159.67132140951196,1.8471312870123962,102.95285089620789,102.95285089620789,392695.6800840044,50,logistic,100.0,stepsize_pilot
manuscript-pilot,L,pilot_logistic_d50_kX1e2_fr-r,FR--R,3602226593,43,0.0015657163590374475,525.1773417611506,126.4616952329502,nan,13.9030133448773,3.976164060338953,69.16874693852365,0.19360049566482698,0.9647547491271278,1.7816201508195497,20.050028425975608,30.66637151982305,1295.5973620673185,7523.134164459817,4.9560753319528885,0.5015782159753144,,nan,nan,nan,nan,nan,0.69606828317191,0.46,0.25113126533052244,43,43,43,43,43,43,43,86,0,0,0,1,False,False,0.25,0,nan,nan,nan,nan,1.0,126.5374245596017,0.009713184154639442,1.550916949065213,159.67132140951196,1.8471312870123962,102.95285089620789,102.95285089620789,387264.0549528982,50,logistic,100.0,stepsize_pilot
manuscript-pilot,L,pilot_logistic_d50_kX1e2_fr-r,FR--R,3602226593,44,0.0015657163590374475,523.1625259235282,124.44687939532776,nan,13.72702554731602,3.9490599897386622,68.02474163595843,0.18973674682310623,0.9639052125673406,1.7800434048783627,19.651040119717777,30.091645861412793,1259.7658905832152,7420.285643353819,5.05983872897923,0.5101607659598812,,nan,nan,nan,nan,nan,0.6963386457002126,0.4594,0.25124985407408623,44,44,44,44,44,44,44,88,0,0,0,1,False,False,0.25,0,nan,nan,nan,nan,1.0,126.5374245596017,0.009713184154639442,1.550916949065213,159.67132140951196,1.8471312870123962,102.95285089620789,102.95285089620789,381969.78072373755,50,logistic,100.0,stepsize_pilot
manuscript-pilot,L,pilot_logistic_d50_kX1e2_fr-r,FR--R,3602226593,45,0.0015657163590374475,521.2032431208735,122.48759659267307,nan,13.55496517893805,3.9225581009149812,66.91704658134502,0.18601722295838657,0.9630558842923568,1.7784671268447874,19.266897039769262,29.537824745379154,1225.4294671728085,7320.000284216564,5.163117945950944,0.5189036259544082,,nan,nan,nan,nan,nan,0.6966079986844805,0.4594,0.2513677578308409,45,45,45,45,45,45,45,90,0,0,0,1,False,False,0.25,0,nan,nan,nan,nan,1.0,126.5374245596017,0.009713184154639442,1.550916949065213,159.67132140951196,1.8471312870123962,102.95285089620789,102.95285089620789,376807.44891057233,50,logistic,100.0,stepsize_pilot
manuscript-pilot,L,pilot_logistic_d50_kX1e2_fr-r,FR--R,3602226593,46,0.0015657163590374475,519.2971844095542,120.58153788135382,nan,13.386690690880068,3.896629122109258,65.84394458271161,0.18243424530001173,0.9622068196596516,1.7768914180084021,18.896810372699694,29.003810717099658,1192.5036898352118,7222.178701541776,5.26728105294751,0.5274471859447658,,nan,nan,nan,nan,nan,0.6968762393710908,0.4598,0.25148493803119526,46,46,46,46,46,46,46,92,0,0,0,1,False,False,0.25,0,nan,nan,nan,nan,1.0,126.5374245596017,0.009713184154639442,1.550916949065213,159.67132140951196,1.8471312870123962,102.95285089620789,102.95285089620789,371771.9435027981,50,logistic,100.0,stepsize_pilot
manuscript-pilot,L,pilot_logistic_d50_kX1e2_fr-r,FR--R,3602226593,47,0.0015657163590374475,517.4421707434768,118.72652421527641,nan,13.222067832124084,3.8712458647007137,64.80382576973986,0.17898066136593543,0.9613580718525636,1.7753163756386168,18.540045318645596,28.488581034635864,1160.9101671669412,7126.7268006949225,5.370818600000348,0.5362315459060483,,nan,nan,nan,nan,nan,0.6971432752814177,0.4598,0.2516013607060639,47,47,47,47,47,47,47,94,0,0,0,1,False,False,0.25,0,nan,nan,nan,nan,1.0,126.5374245596017,0.009713184154639442,1.550916949065213,159.67132140951196,1.8471312870123962,102.95285089620789,102.95285089620789,366858.4208449752,50,logistic,100.0,stepsize_pilot
manuscript-pilot,L,pilot_logistic_d50_kX1e2_fr-r,FR--R,3602226593,48,0.0015657163590374475,515.636143754845,116.92049722664456,nan,13.060969158944355,3.8463830383098796,63.79517929597434,0.17564980112537118,0.9605096919835416,1.773742093177194,18.19591659394699,27.991181460449287,1130.576002604388,7033.555419628131,5.475901246943977,0.5449516859371215,,nan,nan,nan,nan,nan,0.6974090232899213,0.4594,0.2517169960424493,48,48,48,48,48,48,48,96,0,0,0,1,False,False,0.25,0,nan,nan,nan,nan,1.0,126.5374245596017,0.009713184154639442,1.550916949065213,159.67132140951196,1.8471312870123962,102.95285089620789,102.95285089620789,362062.29119359364,50,logistic,100.0,stepsize_pilot
manuscript-pilot,L,pilot_logistic_d50_kX1e2_fr-r,FR--R,3602226593,49,0.0015657163590374475,513.8771573234151,115.16151079521467,nan,12.903273584838777,3.8220170851670643,62.81658580210294,0.1724354374380854,0.9596617291910351,1.7721686604188271,17.863784372449672,27.5107206588035,1101.433330319583,6942.579999991262,5.579953643959016,0.5536476559354924,,nan,nan,nan,nan,nan,0.6976734087925794,0.4588,0.25183181798449533,49,49,49,49,49,49,49,98,0,0,0,1,False,False,0.25,0,nan,nan,nan,nan,1.0,126.5374245596017,0.009713184154639442,1.550916949065213,159.67132140951196,1.8471312870123962,102.95285089620789,102.95285089620789,357379.20178704645,50,logistic,100.0,stepsize_pilot
manuscript-pilot,L,pilot_logistic_d50_kX1e2_fr-r,FR--R,3602226593,50,0.0015657163590374475,512.1633698555315,113.44772332733112,nan,12.74886596699917,3.798126031462407,61.86671055986987,0.1693317502941272,0.9588142307305052,1.7705961636807594,17.543050616636197,27.046365131309695,1073.4188968711799,6853.720284813585,5.683334030967671,0.5623170658946037,,nan,nan,nan,nan,nan,0.6979363649557152,0.459,0.251945803874874,50,50,50,50,50,50,50,100,0,0,0,1,False,False,0.25,0,nan,nan,nan,nan,1.0,126.5374245596017,0.009713184154639442,1.550916949065213,159.67132140951196,1.8471312870123962,102.95285089620789,102.95285089620789,352805.021283363,50,logistic,100.0,stepsize_pilot
manuscript-pilot,L,pilot_logistic_d50_kX1e2_fr-r,FR--R,3602226593,51,0.0015657163590374475,510.49303720318215,111.77739067498175,nan,12.59763672581862,3.7746893536955906,60.944297225773234,0.16633329443716618,0.9579672420600305,1.7690246859622003,17.233155755833582,26.597334631515203,1046.4736834668013,6766.900040240678,5.78723870695103,0.5710245648515411,,nan,nan,nan,nan,nan,0.6981978320364894,0.4592,0.2520589341320078,51,51,51,51,51,51,51,102,0,0,0,1,False,False,0.25,0,nan,nan,nan,nan,1.0,126.5374245596017,0.009713184154639442,1.550916949065213,159.67132140951196,1.8471312870123962,102.95285089620789,102.95285089620789,348335.82543621963,50,logistic,100.0,stepsize_pilot
manuscript-pilot,L,pilot_logistic_d50_kX1e2_fr-r,FR--R,3602226593,52,0.0015657163590374475,508.8645061611333,110.1488596329329,nan,12.44948149431708,3.7516878583011746,60.04816214202129,0.16343497000580834,0.9571208069208593,1.767454307094314,16.93357567400064,26.162898006712965,1020.5425643407093,6682.046799083628,5.891335383988917,0.5797345238970593,,nan,nan,nan,nan,nan,0.6984577567674,0.459,0.252171191959188,52,52,52,52,52,52,52,104,0,0,0,1,False,False,0.25,0,nan,nan,nan,nan,1.0,126.5374245596017,0.009713184154639442,1.550916949065213,159.67132140951196,1.8471312870123962,102.95285089620789,102.95285089620789,343967.88389376877,50,logistic,100.0,stepsize_pilot
manuscript-pilot,L,pilot_logistic_d50_kX1e2_fr-r,FR--R,3602226593,53,0.0015657163590374475,507.27620848704555,108.56056195884514,nan,12.304300794707904,3.7291035730464905,59.17718912945816,0.1606319958715578,0.956274967413327,1.7658851038815488,16.643818974135872,25.7423694214377,995.5739973082699,6599.09162417669,5.995614000945352,0.5884937538648956,,nan,nan,nan,nan,nan,0.6987160917980398,0.4596,0.2522825630821284,53,53,53,53,53,53,53,106,0,0,0,1,False,False,0.25,0,nan,nan,nan,nan,1.0,126.5374245596017,0.009713184154639442,1.550916949065213,159.67132140951196,1.8471312870123962,102.95285089620789,102.95285089620789,339697.64801713737,50,logistic,100.0,stepsize_pilot
manuscript-pilot,L,pilot_logistic_d50_kX1e2_fr-r,FR--R,3602226593,54,0.0015657163590374475,505.72665539545454,107.01100886725413,nan,12.161999739621873,3.7069196488889955,58.33032472347376,0.1579198853904085,0.9554297640684346,1.7643171502347679,16.363424490280412,25.335104922557868,971.5197430400333,6517.968889750054,6.099266147997696,0.5972019338514656,,nan,nan,nan,nan,nan,0.6989727951881661,0.4598,0.2523930355119074,54,54,54,54,54,54,54,108,0,0,0,1,False,False,0.25,0,nan,nan,nan,nan,1.0,126.5374245596017,0.009713184154639442,1.550916949065213,159.67132140951196,1.8471312870123962,102.95285089620789,102.95285089620789,335521.7396262783,50,logistic,100.0,stepsize_pilot
manuscript-pilot,L,pilot_logistic_d50_kX1e2_fr-r,FR--R,3602226593,55,0.0015657163590374475,504.21443248177206,105.49878595357166,nan,12.02248775576804,3.6851202711434823,57.506573809422655,0.1552944243183576,0.9545852359153966,1.762750517296904,16.091959021503403,24.940499310598263,948.3346100144986,6438.616079210144,6.203118454955984,0.6057983638020232,,nan,nan,nan,nan,nan,0.6992278299468216,0.4594,0.25250259933061586,55,55,55,55,55,55,55,110,0,0,0,1,False,False,0.25,0,nan,nan,nan,nan,1.0,126.5374245596017,0.009713184154639442,1.550916949065213,159.67132140951196,1.8471312870123962,102.95285089620789,102.95285089620789,331436.9405904231,50,logistic,100.0,stepsize_pilot
manuscript-pilot,L,pilot_logistic_d50_kX1e2_fr-r,FR--R,3602226593,56,0.0015657163590374475,502.7381950370851,104.02254850888471,nan,11.885678328040477,3.6636905789507153,56.70499561889415,0.15275165067011112,0.9537414205454855,1.7611852735616738,15.82901526522981,24.55798328603743,925.9762224694573,6360.97359788403,6.306312271975912,0.6144920937949792,,nan,nan,nan,nan,nan,0.6994811636128542,0.4596,0.25261124649733674,56,56,56,56,56,56,56,112,0,0,0,1,False,False,0.25,0,nan,nan,nan,nan,1.0,126.5374245596017,0.009713184154639442,1.550916949065213,159.67132140951196,1.8471312870123962,102.95285089620789,102.95285089620789,327440.18318883365,50,logistic,100.0,stepsize_pilot
manuscript-pilot,L,pilot_logistic_d50_kX1e2_fr-r,FR--R,3602226593,57,0.0015657163590374475,501.2966637186153,102.58101719041491,nan,11.751488762282483,3.642616592161159,55.924700052401846,0.1502878363254826,0.9528983541723576,1.7596214849856355,15.574209929858714,24.187020842904644,904.4048089854659,6284.9845994297475,6.40971284895204,0.6232746238238178,,nan,nan,nan,nan,nan,0.6997327678727033,0.4606,0.25271897067236,57,57,57,57,57,57,57,114,0,0,0,1,False,False,0.25,0,nan,nan,nan,nan,1.0,126.5374245596017,0.009713184154639442,1.550916949065213,159.67132140951196,1.8471312870123962,102.95285089620789,102.95285089620789,323528.5411750257,50,logistic,100.0,stepsize_pilot
manuscript-pilot,L,pilot_logistic_d50_kX1e2_fr-r,FR--R,3602226593,58,0.0015657163590374475,499.8886205443075,101.1729740161071,nan,11.619839965100944,3.621885144853259,55.16484429777255,0.14789947021006294,0.9520560716891497,1.7580592150942806,15.327182008883646,23.82710688512885,883.5830096079111,6210.594824743171,6.520821125945076,0.6319135538651608,,nan,nan,nan,nan,nan,0.6999826182117864,0.4606,0.2528257670577728,58,58,58,58,58,58,58,116,0,0,0,1,False,False,0.25,0,nan,nan,nan,nan,1.0,126.5374245596017,0.009713184154639442,1.550916949065213,159.67132140951196,1.8471312870123962,102.95285089620789,102.95285089620789,319699.2214842709,50,logistic,100.0,stepsize_pilot
manuscript-pilot,L,pilot_logistic_d50_kX1e2_fr-r,FR--R,3602226593,59,0.0015657163590374475,498.5129051832042,99.79725865500382,nan,11.49065623928179,3.601483824797695,54.42462971678307,0.14558324289604394,0.9512146067225464,1.756498525082458,15.08759120070635,23.477765043828995,863.4756996523439,6137.752452306753,6.624450801988132,0.6411697628791444,,nan,nan,nan,nan,nan,0.7002306935962163,0.4602,0.2529316322527741,59,59,59,59,59,59,59,118,0,0,0,1,False,False,0.25,0,nan,nan,nan,nan,1.0,126.5374245596017,0.009713184154639442,1.550916949065213,159.67132140951196,1.8471312870123962,102.95285089620789,102.95285089620789,315949.55653008464,50,logistic,100.0,stepsize_pilot
manuscript-pilot,L,pilot_logistic_d50_kX1e2_fr-r,FR--R,3602226593,60,0.0015657163590374475,497.1684115160945,98.45276498789411,nan,11.363865093499836,3.581400918258981,53.703298975472585,0.14333603248600646,0.950373991684012,1.7549394739094295,14.855116460071939,23.138545676133408,844.049828545992,6066.40795902717,6.7383669189875945,0.6508479228941724,,nan,nan,nan,nan,nan,0.7004769761819394,0.4602,0.2530365641222457,60,60,60,60,60,60,60,120,0,0,0,1,False,False,0.25,0,nan,nan,nan,nan,1.0,126.5374245596017,0.009713184154639442,1.550916949065213,159.67132140951196,1.8471312870123962,102.95285089620789,102.95285089620789,312276.99704064545,50,logistic,100.0,stepsize_pilot
manuscript-pilot,L,pilot_logistic_d50_kX1e2_fr-r,FR--R,3602226593,61,0.0015657163590374475,495.854084443435,97.13843791523459,nan,11.239397065141915,3.5616253595955762,53.00013339610337,0.1411548916573669,0.9495342578183761,1.7533821183890559,14.629454668579212,22.809024028223003,825.274272240721,5996.51399069979,6.842227515997365,0.6593641228973866,,nan,nan,nan,nan,nan,0.7007214510486927,0.4606,0.2531405616772735,61,61,61,61,61,61,61,122,0,0,0,1,False,False,0.25,0,nan,nan,nan,nan,1.0,126.5374245596017,0.009713184154639442,1.550916949065213,159.67132140951196,1.8471312870123962,102.95285089620789,102.95285089620789,308679.10539076896,50,logistic,100.0,stepsize_pilot
manuscript-pilot,L,pilot_logistic_d50_kX1e2_fr-r,FR--R,3602226593,62,0.0015657163590374475,494.56891691977796,95.85327039157755,nan,11.117185555174862,3.542146685180595,52.31445051099524,0.13903703575825388,0.9486954352499567,1.7518265132753195,14.41031941306183,22.488798547147432,807.1196978927272,5928.025241319111,6.946963402966503,0.670298442884814,,nan,nan,nan,nan,nan,0.7009641059564535,0.46,0.25324362496645225,62,62,62,62,62,62,62,124,0,0,0,1,False,False,0.25,0,nan,nan,nan,nan,1.0,126.5374245596017,0.009713184154639442,1.550916949065213,159.67132140951196,1.8471312870123962,102.95285089620789,102.95285089620789,305153.54938924056,50,logistic,100.0,stepsize_pilot
manuscript-pilot,L,pilot_logistic_d50_kX1e2_fr-r,FR--R,3602226593,63,0.0015657163590374475,493.31194719592884,94.59630066772843,nan,10.99716667408949,3.5229549912185583,51.645601800452276,0.13697983185713988,0.9478575530263358,1.7502727113434862,14.197439861820829,22.177489327596746,789.5584396450125,5860.8983405266645,7.050841539981775,0.6788678328739479,,nan,nan,nan,nan,nan,0.7012049311222978,0.4598,0.253345754976934,63,63,63,63,63,63,63,126,0,0,0,1,False,False,0.25,0,nan,nan,nan,nan,1.0,126.5374245596017,0.009713184154639442,1.550916949065213,159.67132140951196,1.8471312870123962,102.95285089620789,102.95285089620789,301698.0964850359,50,logistic,100.0,stepsize_pilot
manuscript-pilot,L,pilot_logistic_d50_kX1e2_fr-r,FR--R,3602226593,64,0.0015657163590374475,492.08225625183877,93.36660972363836,nan,10.879279098042499,3.504040895080403,50.99297059877412,0.1349807886587402,0.9470206391599905,1.7487207634672892,13.990559729733016,21.87473668125384,772.5643844725312,5795.091748552974,7.154446517000906,0.6875771929044276,,nan,nan,nan,nan,nan,0.7014439190157992,0.459,0.2534469535442878,64,64,64,64,64,64,64,128,0,0,0,1,False,False,0.25,0,nan,nan,nan,nan,1.0,126.5374245596017,0.009713184154639442,1.550916949065213,159.67132140951196,1.8471312870123962,102.95285089620789,102.95285089620789,298310.60835930845,50,logistic,100.0,stepsize_pilot
manuscript-pilot,L,pilot_logistic_d50_kX1e2_fr-r,FR--R,3602226593,65,0.0015657163590374475,490.87896540481773,92.16331887661732,nan,10.76346393439686,3.485395499820049,50.35597015391714,0.13303754720769898,0.9461847206678609,1.7471707186922056,13.789436324185466,21.58019981762939,756.112867159247,5730.565658068376,7.260044513968751,0.6966679329052567,,nan,nan,nan,nan,nan,0.7016810641712868,0.4592,0.25354722327033863,65,65,65,65,65,65,65,130,0,0,0,1,False,False,0.25,0,nan,nan,nan,nan,1.0,126.5374245596017,0.009713184154639442,1.550916949065213,159.67132140951196,1.8471312870123962,102.95285089620789,102.95285089620789,294989.0358730205,50,logistic,100.0,stepsize_pilot
manuscript-pilot,L,pilot_logistic_d50_kX1e2_fr-r,FR--R,3602226593,66,0.0015657163590374475,489.7012340790832,90.98558755088277,nan,10.649664595934981,3.4670103615719965,49.73404182777478,0.13114787230958266,0.9453498236090189,1.745622624305208,13.593839664605014,21.29355562641054,740.1805735729623,5667.281902409844,7.364621489949059,0.7054475718759932,,nan,nan,nan,nan,nan,0.7019163630154533,0.459,0.25364656744823594,66,66,66,66,66,66,66,132,0,0,0,1,False,False,0.25,0,nan,nan,nan,nan,1.0,126.5374245596017,0.009713184154639442,1.550916949065213,159.67132140951196,1.8471312870123962,102.95285089620789,102.95285089620789,291731.41434278805,50,logistic,100.0,stepsize_pilot
manuscript-pilot,L,pilot_logistic_d50_kX1e2_fr-r,FR--R,3602226593,67,0.0015657163590374475,488.5482577239285,89.83261119572808,nan,10.537826683082471,3.448877459561276,49.12665342529585,0.12930964460576996,0.9445159731205233,1.7440765259011712,13.403551669078231,21.01449755235737,724.7454514892113,5605.203869697978,7.469579236989375,0.7141093008685857,,nan,nan,nan,nan,nan,0.7021498137089511,0.4584,0.2537449899940824,67,67,67,67,67,67,67,134,0,0,0,1,False,False,0.25,0,nan,nan,nan,nan,1.0,126.5374245596017,0.009713184154639442,1.550916949065213,159.67132140951196,1.8471312870123962,102.95285089620789,102.95285089620789,288535.8591199307,50,logistic,100.0,stepsize_pilot
manuscript-pilot,L,pilot_logistic_d50_kX1e2_fr-r,FR--R,3602226593,68,0.0015657163590374475,487.4192658689417,88.70361934074128,nan,10.42789787353848,3.430989168485214,48.53329764177689,0.12752085324514859,0.943683193451583,1.7425324674460545,13.218365402204324,20.74273455467223,709.7866282914299,5544.296422400783,7.573697263957001,0.722845000855159,,nan,nan,nan,nan,nan,0.7023814160007499,0.4584,0.25384249538451786,68,68,68,68,68,68,68,136,0,0,0,1,False,False,0.25,0,nan,nan,nan,nan,1.0,126.5374245596017,0.009713184154639442,1.550916949065213,159.67132140951196,1.8471312870123962,102.95285089620789,102.95285089620789,285400.5614499023,50,logistic,100.0,stepsize_pilot
manuscript-pilot,L,pilot_logistic_d50_kX1e2_fr-r,FR--R,3602226593,69,0.0015657163590374475,486.31352030573544,87.59787377753503,nan,10.319827818761903,3.413338233051372,47.953490618665526,0.12577958910110726,0.9428515079961347,1.7409904913371899,13.038084378897574,20.47799014356022,695.2843349417997,5484.525821939106,7.677638340974227,0.7316155708394945,,nan,nan,nan,nan,nan,0.7026111710941463,0.4582,0.253939088599717,69,69,69,69,69,69,69,138,0,0,0,1,False,False,0.25,0,nan,nan,nan,nan,1.0,126.5374245596017,0.009713184154639442,1.550916949065213,159.67132140951196,1.8471312870123962,102.95285089620789,102.95285089620789,282323.78459124843,50,logistic,100.0,stepsize_pilot
manuscript-pilot,L,pilot_logistic_d50_kX1e2_fr-r,FR--R,3602226593,70,0.0015657163590374475,485.2303133865694,86.51466685836897,nan,10.213568046809165,3.395917744478032,47.386770599103116,0.12408403848732538,0.9420209393238984,1.739450638460689,12.86252191936819,20.220001487404673,681.2198356771208,5425.859657962996,7.782237707986496,0.7403843808569945,,nan,nan,nan,nan,nan,0.702839081523425,0.4576,0.254034775071309,70,70,70,70,70,70,70,140,0,0,0,1,False,False,0.25,0,nan,nan,nan,nan,1.0,126.5374245596017,0.009713184154639442,1.550916949065213,159.67132140951196,1.8471312870123962,102.95285089620789,102.95285089620789,279303.8601750059,50,logistic,100.0,stepsize_pilot
manuscript-pilot,L,pilot_logistic_d50_kX1e2_fr-r,FR--R,3602226593,71,0.0015657163590374475,484.16896643108885,85.45331990288844,nan,10.109071871062152,3.378721118783154,46.83269667524157,0.1224324773303215,0.9411915092100303,1.7379129482462494,12.691500550968598,19.96851858461311,667.5753629373072,5368.26678195961,7.8890944049926475,0.7491585008683614,,nan,nan,nan,nan,nan,0.7030651510402613,0.4584,0.2541295606347809,71,71,71,71,71,71,71,142,0,0,0,1,False,False,0.25,0,nan,nan,nan,nan,1.0,126.5374245596017,0.009713184154639442,1.550916949065213,159.67132140951196,1.8471312870123962,102.95285089620789,102.95285089620789,276339.1847870758,50,logistic,100.0,stepsize_pilot
manuscript-pilot,L,pilot_logistic_d50_kX1e2_fr-r,FR--R,3602226593,72,0.0015657163590374475,483.1288282331505,84.41318170495009,nan,10.00629430442347,3.361742076705102,46.29084762008656,0.12082326576069366,0.9403632386634515,1.736377458719515,12.524851453001023,19.72330349475208,654.3340570816553,5311.717244881523,7.993998561985791,0.7580202808603644,,nan,nan,nan,nan,nan,0.7032893845090467,0.4582,0.25422345148596304,72,72,72,72,72,72,72,144,0,0,0,1,False,False,0.25,0,nan,nan,nan,nan,1.0,126.5374245596017,0.009713184154639442,1.550916949065213,159.67132140951196,1.8471312870123962,102.95285089620789,102.95285089620789,273428.21675755084,50,logistic,100.0,stepsize_pilot
manuscript-pilot,L,pilot_logistic_d50_kX1e2_fr-r,FR--R,3602226593,73,0.0015657163590374475,482.109273660388,83.39362713218759,nan,9.905191978591759,3.3449746251138666,45.76082079726906,0.11925484308856488,0.9395361479538774,1.7348442065519893,12.362413940946537,19.48412962409322,641.4799104905107,5256.18223850974,8.101285797951277,0.7665270198485814,,nan,nan,nan,nan,nan,0.7035117878103879,0.4594,0.254316454141238,73,73,73,73,73,73,73,146,0,0,0,1,False,False,0.25,0,nan,nan,nan,nan,1.0,126.5374245596017,0.009713184154639442,1.550916949065213,159.67132140951196,1.8471312870123962,102.95285089620789,102.95285089620789,270569.4731422938,50,logistic,100.0,stepsize_pilot
manuscript-pilot,L,pilot_logistic_d50_kX1e2_fr-r,FR--R,3602226593,74,0.0015657163590374475,481.1097023397898,82.3940558115894,nan,9.805723068060217,3.3284130397852985,45.242231142731,0.1177257231319381,0.9387102566376904,1.7333132271087943,12.204034986906137,19.25078106114611,628.9977156879156,5201.634040289265,8.205409324960783,0.7751906988560222,,nan,nan,nan,nan,nan,0.7037323677521048,0.459,0.25440857540114675,74,74,74,74,74,74,74,148,0,0,0,1,False,False,0.25,0,nan,nan,nan,nan,1.0,126.5374245596017,0.009713184154639442,1.550916949065213,159.67132140951196,1.8471312870123962,102.95285089620789,102.95285089620789,267761.5268832691,50,logistic,100.0,stepsize_pilot
manuscript-pilot,L,pilot_logistic_d50_kX1e2_fr-r,FR--R,3602226593,75,0.0015657163590374475,480.12953742311504,81.41389089491463,nan,9.707847218511631,3.3120518494230993,44.73471021283516,0.11623448986952638,0.9378855835826844,1.7317845544943664,12.049568773336114,19.023051958157133,616.8730171547976,5148.045961395867,8.310496811987832,0.7845537988469005,,nan,nan,nan,nan,nan,0.7039511319871079,0.4598,0.25449982231709595,75,75,75,75,75,75,75,150,0,0,0,1,False,False,0.25,0,nan,nan,nan,nan,1.0,126.5374245596017,0.009713184154639442,1.550916949065213,159.67132140951196,1.8471312870123962,102.95285089620789,102.95285089620789,265003.00413520605,50,logistic,100.0,stepsize_pilot
manuscript-pilot,L,pilot_logistic_d50_kX1e2_fr-r,FR--R,3602226593,76,0.0015657163590374475,479.1682244264811,80.45257789828071,nan,9.61152547930836,3.2958858208243567,44.23790529388569,0.11477979339221663,0.9370621469917025,1.7302582215960398,11.8988762774264,18.800745954919233,605.0920665327883,5095.392297812086,8.415359748993069,0.7933180588297546,,nan,nan,nan,nan,nan,0.7041680889375999,0.46,0.2545902021608995,76,76,76,76,76,76,76,152,0,0,0,1,False,False,0.25,0,nan,nan,nan,nan,1.0,126.5374245596017,0.009713184154639442,1.550916949065213,159.67132140951196,1.8471312870123962,102.95285089620789,102.95285089620789,262292.581747166,50,logistic,100.0,stepsize_pilot
manuscript-pilot,L,pilot_logistic_d50_kX1e2_fr-r,FR--R,3602226593,77,0.0015657163590374475,478.22523013891737,79.50958361071696,nan,9.516720239800032,3.2799099450941336,43.75147856847347,0.1133603461296226,0.9362399644253188,1.728734260125897,11.751824883706517,18.583675641564163,593.6417809461067,5043.648284207912,8.51904141594423,0.8019512288738042,,nan,nan,nan,nan,nan,0.7043832477250856,0.4604,0.2546797223969106,77,77,77,77,77,77,77,154,0,0,0,1,False,False,0.25,0,nan,nan,nan,nan,1.0,126.5374245596017,0.009713184154639442,1.550916949065213,159.67132140951196,1.8471312870123962,102.95285089620789,102.95285089620789,259628.98488848505,50,logistic,100.0,stepsize_pilot
manuscript-pilot,L,pilot_logistic_d50_kX1e2_fr-r,FR--R,3602226593,78,0.0015657163590374475,477.3000415950947,78.58439506689427,nan,9.423395169193062,3.264119424823494,43.275106334449774,0.11197491933029104,0.9354190528235258,1.727212700660757,11.608288022679716,18.371662057304583,582.5097041935537,4992.790050437611,8.623316932993475,0.8106337988865562,,nan,nan,nan,nan,nan,0.7045966181057269,0.4602,0.2547683906565244,78,78,78,78,78,78,78,156,0,0,0,1,False,False,0.25,0,nan,nan,nan,nan,1.0,126.5374245596017,0.009713184154639442,1.550916949065213,159.67132140951196,1.8471312870123962,102.95285089620789,102.95285089620789,257010.98480938593,50,logistic,100.0,stepsize_pilot
manuscript-pilot,L,pilot_logistic_d50_kX1e2_fr-r,FR--R,3602226593,79,0.0015657163590374475,476.39216510782165,77.67651857962124,nan,9.33151515974611,3.2485096621531686,42.80847827268115,0.11062233977598267,0.9345994285265454,1.7256935726805178,11.468144833477078,18.164534222358526,571.6839705847967,4942.794580478475,8.7278684899793,0.8192500189179555,,nan,nan,nan,nan,nan,0.7048082104106177,0.4602,0.25485621471484937,79,79,79,79,79,79,79,158,0,0,0,1,False,False,0.25,0,nan,nan,nan,nan,1.0,126.5374245596017,0.009713184154639442,1.550916949065213,159.67132140951196,1.8471312870123962,102.95285089620789,102.95285089620789,254437.39672729155,50,logistic,100.0,stepsize_pilot
manuscript-pilot,L,pilot_logistic_d50_kX1e2_fr-r,FR--R,3602226593,80,0.0015657163590374475,475.50112535624424,76.78547882804384,nan,9.241046273073565,3.233076247652179,42.3512967600592,0.10930148671218165,0.9337811072947549,1.7241769046048827,11.331279848699264,17.962128700529608,561.1532712151027,4893.639673650833,8.833130736951716,0.8279938889318146,,nan,nan,nan,nan,nan,0.7050180354905912,0.4602,0.25494320246936686,80,80,80,80,80,80,80,160,0,0,0,1,False,False,0.25,0,nan,nan,nan,nan,1.0,126.5374245596017,0.009713184154639442,1.550916949065213,159.67132140951196,1.8471312870123962,102.95285089620789,102.95285089620789,251907.07783056994,50,logistic,100.0,stepsize_pilot
manuscript-pilot,L,pilot_logistic_d50_kX1e2_fr-r,FR--R,3602226593,81,0.0015657163590374475,474.6264645260028,75.91081799780238,nan,9.151955689355141,3.2178149499470723,41.90327622452661,0.1080112889784797,0.9329641043277966,1.7226627238285535,11.197582699770058,17.764289190132992,550.9068224906486,4845.303907970605,8.94016036298126,0.8388749079313129,,nan,nan,nan,nan,nan,0.7052261046652019,0.4604,0.2550293619204097,81,81,81,81,81,81,81,162,0,0,0,1,False,False,0.25,0,nan,nan,nan,nan,1.0,126.5374245596017,0.009713184154639442,1.550916949065213,159.67132140951196,1.8471312870123962,102.95285089620789,102.95285089620789,249418.92539205466,50,logistic,100.0,stepsize_pilot
manuscript-pilot,L,pilot_logistic_d50_kX1e2_fr-r,FR--R,3602226593,82,0.0015657163590374475,473.76774149788446,75.05209496968405,nan,9.064211659265808,3.202721706043194,41.464142539143886,0.10675072232391344,0.9321484342829537,1.7211510567550585,11.066947841268973,17.5708661411533,540.9343367328055,4797.766605496795,9.048721229948569,0.8475387879298069,,nan,nan,nan,nan,nan,0.7054324296755617,0.4594,0.25511470115331175,82,82,82,82,82,82,82,164,0,0,0,1,False,False,0.25,0,nan,nan,nan,nan,1.0,126.5374245596017,0.009713184154639442,1.550916949065213,159.67132140951196,1.8471312870123962,102.95285089620789,102.95285089620789,246971.87498525763,50,logistic,100.0,stepsize_pilot
manuscript-pilot,L,pilot_logistic_d50_kX1e2_fr-r,FR--R,3602226593,83,0.0015657163590374475,472.9245310817767,74.2088845535763,nan,8.9777834584527,3.1877926122845146,41.033632452460374,0.10551880689355794,0.9313341112927371,1.7196419288291416,10.939274292838347,17.381716396698664,531.225994704508,4751.007799546608,9.152092676959,0.8562267179368064,,nan,nan,nan,nan,nan,0.7056370226407288,0.46,0.255199228322087,83,83,83,83,83,83,83,166,0,0,0,1,False,False,0.25,0,nan,nan,nan,nan,1.0,126.5374245596017,0.009713184154639442,1.550916949065213,159.67132140951196,1.8471312870123962,102.95285089620789,102.95285089620789,244564.8987967205,50,logistic,100.0,stepsize_pilot
manuscript-pilot,L,pilot_logistic_d50_kX1e2_fr-r,FR--R,3602226593,84,0.0015657163590374475,472.0964232929659,73.38077676476547,nan,8.892641344399621,3.1730239159032694,40.61149305267051,0.10431460487383803,0.930521148981813,1.7181353645678894,10.814465397378877,17.19670285697618,521.7724199150682,4705.008203660062,9.257070043997373,0.8648502678843215,,nan,nan,nan,nan,nan,0.7058398960173771,0.4598,0.255282951634515,84,84,84,84,84,84,84,168,0,0,0,1,False,False,0.25,0,nan,nan,nan,nan,1.0,126.5374245596017,0.009713184154639442,1.550916949065213,159.67132140951196,1.8471312870123962,102.95285089620789,102.95285089620789,242197.00402842378,50,logistic,100.0,stepsize_pilot
manuscript-pilot,L,pilot_logistic_d50_kX1e2_fr-r,FR--R,3602226593,85,0.0015657163590374475,471.28302266804513,72.56737613984473,nan,8.808756515530042,3.1584120071148143,40.19748126323446,0.10313721828504813,0.9297095604832389,1.716631387590614,10.69242859435183,17.015694164160283,512.5646545719263,4659.7491822046,9.360955620999448,0.8734391579055227,,nan,nan,nan,nan,nan,0.7060410625624997,0.4592,0.2553658793385147,85,85,85,85,85,85,85,170,0,0,0,1,False,False,0.25,0,nan,nan,nan,nan,1.0,126.5374245596017,0.009713184154639442,1.550916949065213,159.67132140951196,1.8471312870123962,102.95285089620789,102.95285089620789,239867.2313846176,50,logistic,100.0,stepsize_pilot
manuscript-pilot,L,pilot_logistic_d50_kX1e2_fr-r,FR--R,3602226593,86,0.0015657163590374475,470.4839476178995,71.7683010896991,nan,8.7261010724116,3.1439534117169208,39.79136336782293,0.10198578691050768,0.9288993584540876,1.7151300206475784,10.57307520710399,16.838564406658143,503.5941370586809,4615.2127225180175,9.464286327944137,0.8819737978628837,,nan,nan,nan,nan,nan,0.7062405352989128,0.4594,0.2554480197097038,86,86,86,86,86,86,86,172,0,0,0,1,False,False,0.25,0,nan,nan,nan,nan,1.0,126.5374245596017,0.009713184154639442,1.550916949065213,159.67132140951196,1.8471312870123962,102.95285089620789,102.95285089620789,237574.65363783872,50,logistic,100.0,stepsize_pilot
manuscript-pilot,L,pilot_logistic_d50_kX1e2_fr-r,FR--R,3602226593,87,0.0015657163590374475,469.6988298154182,70.9831832872178,nan,8.644647980933346,3.1296447841562074,39.39291456261175,0.1008594863526457,0.9280905550904622,1.7136312856475957,10.456320243218931,16.665192841397886,494.8526808287264,4571.381408495336,9.567924044968095,0.8907357378629968,,nan,nan,nan,nan,nan,0.7064383274833502,0.4598,0.25552938104004674,87,87,87,87,87,87,87,174,0,0,0,1,False,False,0.25,0,nan,nan,nan,nan,1.0,126.5374245596017,0.009713184154639442,1.550916949065213,159.67132140951196,1.8471312870123962,102.95285089620789,102.95285089620789,235318.3742692577,50,logistic,100.0,stepsize_pilot
manuscript-pilot,L,pilot_logistic_d50_kX1e2_fr-r,FR--R,3602226593,88,0.0015657163590374475,468.92731361575846,70.21166708755806,nan,8.564371037337127,3.115482901027474,39.00191853410161,0.09975752620707128,0.927283162141927,1.7121352036845632,10.342082206977354,16.495463632874095,486.33245461281064,4528.238395531756,9.672315541945864,0.899404447816778,,nan,nan,nan,nan,nan,0.7066344525769555,0.46,0.25560997162750093,88,88,88,88,88,88,88,176,0,0,0,1,False,False,0.25,0,nan,nan,nan,nan,1.0,126.5374245596017,0.009713184154639442,1.550916949065213,159.67132140951196,1.8471312870123962,102.95285089620789,102.95285089620789,233097.52617883147,50,logistic,100.0,stepsize_pilot
manuscript-pilot,L,pilot_logistic_d50_kX1e2_fr-r,FR--R,3602226593,89,0.0015657163590374475,468.16905550713597,69.45340897893556,nan,8.485244834992663,3.1014646549745812,38.61816706077748,0.09867914834640722,0.92647719092541,1.7106417950629829,10.230282923082324,16.329265607786443,478.0259638470302,4485.767386740053,9.785116787999868,0.9102718968060799,,nan,nan,nan,nan,nan,0.7068289242179923,0.4602,0.2556897997665849,89,89,89,89,89,89,89,178,0,0,0,1,False,False,0.25,0,nan,nan,nan,nan,1.0,126.5374245596017,0.009713184154639442,1.550916949065213,159.67132140951196,1.8471312870123962,102.95285089620789,102.95285089620789,230911.27046105955,50,logistic,100.0,stepsize_pilot
manuscript-pilot,L,pilot_logistic_d50_kX1e2_fr-r,FR--R,3602226593,90,0.0015657163590374475,467.42372359026575,68.70807706206534,nan,8.407244732812154,3.0875870489640658,38.24145963704718,0.09762362530630402,0.9256726523385751,1.7091510793225564,10.120847370872205,16.166492024197883,469.9260332352912,4443.952610366352,9.901800434978213,0.9189185968134552,,nan,nan,nan,nan,nan,0.7070217561966093,0.46,0.25576887373979046,90,90,90,90,90,90,90,180,0,0,0,1,False,False,0.25,0,nan,nan,nan,nan,1.0,126.5374245596017,0.009713184154639442,1.550916949065213,159.67132140951196,1.8471312870123962,102.95285089620789,102.95285089620789,228758.79524242962,50,logistic,100.0,stepsize_pilot
manuscript-pilot,L,pilot_logistic_d50_kX1e2_fr-r,FR--R,3602226593,91,0.0015657163590374475,466.6909970847058,67.97535055650542,nan,8.330346825209855,3.073847190905018,37.8716031180167,0.0965902587666464,0.9248695568726956,1.707663075261799,10.013703528303417,16.00704035422307,462.0257903670127,4402.778798333533,10.006312221987173,0.9277058567968197,,nan,nan,nan,nan,nan,0.7072129624315088,0.4604,0.25584720180977283,91,91,91,91,91,91,91,182,0,0,0,1,False,False,0.25,0,nan,nan,nan,nan,1.0,126.5374245596017,0.009713184154639442,1.550916949065213,159.67132140951196,1.8471312870123962,102.95285089620789,102.95285089620789,226639.314576908,50,logistic,100.0,stepsize_pilot
manuscript-pilot,L,pilot_logistic_d50_kX1e2_fr-r,FR--R,3602226593,92,0.0015657163590374475,465.9705658604792,67.2549193322788,nan,8.254527913515691,3.0602422885908855,37.508411383762784,0.09557837812149575,0.9240679146250504,1.7061778009608002,9.908782225041168,15.850812079332396,454.3186503171135,4362.231165846079,10.110493458982091,0.9364956467761658,,nan,nan,nan,nan,nan,0.7074025569483781,0.46,0.25592479221225706,92,92,92,92,92,92,92,184,0,0,0,1,False,False,0.25,0,nan,nan,nan,nan,1.0,126.5374245596017,0.009713184154639442,1.550916949065213,159.67132140951196,1.8471312870123962,102.95285089620789,102.95285089620789,224552.0673960705,50,logistic,100.0,stepsize_pilot
manuscript-pilot,L,pilot_logistic_d50_kX1e2_fr-r,FR--R,3602226593,93,0.0015657163590374475,465.262129993462,66.54648346526159,nan,8.179765478760183,3.0467696449407944,37.15170502186398,0.09458733913181981,0.9232677353108878,1.7046952738031809,9.806017004047655,15.697712497428821,446.7983011609568,4322.295391994933,10.214235254970845,0.9451024457812309,,nan,nan,nan,nan,nan,0.7075905538599563,0.4606,0.25600165314960216,93,93,93,93,93,93,93,186,0,0,0,1,False,False,0.25,0,nan,nan,nan,nan,1.0,126.5374245596017,0.009713184154639442,1.550916949065213,159.67132140951196,1.8471312870123962,102.95285089620789,102.95285089620789,222496.3165107096,50,logistic,100.0,stepsize_pilot
manuscript-pilot,L,pilot_logistic_d50_kX1e2_fr-r,FR--R,3602226593,94,0.0015657163590374475,464.5653993431269,65.84975281492649,nan,8.10603765575226,3.033426653519744,36.801311027038544,0.09361652265548681,0.9224690282749263,1.703215510497208,9.70534399110105,15.54765054091631,439.45869034213723,4282.957601304701,10.319068271957804,0.953883234760724,,nan,nan,nan,nan,nan,0.707776967347618,0.4606,0.256077792784972,94,94,94,94,94,94,94,188,0,0,0,1,False,False,0.25,0,nan,nan,nan,nan,1.0,126.5374245596017,0.009713184154639442,1.550916949065213,159.67132140951196,1.8471312870123962,102.95285089620789,102.95285089620789,220471.34766095076,50,logistic,100.0,stepsize_pilot
manuscript-pilot,L,pilot_logistic_d50_kX1e2_fr-r,FR--R,3602226593,95,0.0015657163590374475,463.88009315133115,65.16444662313074,nan,8.03332320837723,3.020210794318647,36.45706251682115,0.09266533344944727,0.9216718025024799,1.7017385270961862,9.606701771724099,15.400538605038566,432.29401183572327,4244.204346169593,10.423341018962674,0.9625633237301372,,nan,nan,nan,nan,nan,0.7079618116443631,0.4608,0.2561532192370636,95,95,95,95,95,95,95,190,0,0,0,1,False,False,0.25,0,nan,nan,nan,nan,1.0,126.5374245596017,0.009713184154639442,1.550916949065213,159.67132140951196,1.8471312870123962,102.95285089620789,102.95285089620789,218476.46861211702,50,logistic,100.0,stepsize_pilot
manuscript-pilot,L,pilot_logistic_d50_kX1e2_fr-r,FR--R,3602226593,96,0.0015657163590374475,463.20593966092133,64.49029313272092,nan,7.961601506046694,3.007119629776653,36.11879846228606,0.09173319903937308,0.920876066630136,1.7002643390180354,9.510031275037456,15.256292385819828,425.2986940538904,4206.022590127894,10.527432425995357,0.9712372937356122,,nan,nan,nan,nan,nan,0.7081451010191137,0.4606,0.25622794057534937,96,96,96,96,96,96,96,192,0,0,0,1,False,False,0.25,0,nan,nan,nan,nan,1.0,126.5374245596017,0.009713184154639442,1.550916949065213,159.67132140951196,1.8471312870123962,102.95285089620789,102.95285089620789,216511.00829375882,50,logistic,100.0,stepsize_pilot
manuscript-pilot,L,pilot_logistic_d50_kX1e2_fr-r,FR--R,3602226593,97,0.0015657163590374475,462.5426757530104,63.82702922481002,nan,7.890852501236336,2.9941508010295363,35.78636343289285,0.09081956865239457,0.9200818289561026,1.6987929610642833,9.415275664090132,15.114830726988266,418.4673884449045,4168.399691927914,10.631933002965525,0.9798930337419733,,nan,nan,nan,nan,nan,0.7083268497622198,0.4604,0.25630196481579276,97,97,97,97,97,97,97,194,0,0,0,1,False,False,0.25,0,nan,nan,nan,nan,1.0,126.5374245596017,0.009713184154639442,1.550916949065213,159.67132140951196,1.8471312870123962,102.95285089620789,102.95285089620789,214574.31597942597,50,logistic,100.0,stepsize_pilot
manuscript-pilot,L,pilot_logistic_d50_kX1e2_fr-r,FR--R,3602226593,98,0.0015657163590374475,461.8900466018629,63.17440007366247,nan,7.821056708052705,2.9813020243691657,35.45960735459741,0.08992391220888145,0.9192890974501896,1.6973244074383325,9.322380232251183,14.976075475308335,411.79495873999247,4131.323390341614,10.736462369968649,0.9896244537667371,,nan,nan,nan,nan,nan,0.7085070721720945,0.4596,0.25637529991699837,98,98,98,98,98,98,98,196,0,0,0,1,False,False,0.25,0,nan,nan,nan,nan,1.0,126.5374245596017,0.009713184154639442,1.550916949065213,159.67132140951196,1.8471312870123962,102.95285089620789,102.95285089620789,212665.76050492737,50,logistic,100.0,stepsize_pilot
manuscript-pilot,L,pilot_logistic_d50_kX1e2_fr-r,FR--R,3602226593,99,0.0015657163590374475,461.24780534638296,62.53215881818255,nan,7.752195181772058,2.9685710879001874,35.138385280427414,0.08904571936951479,0.9184978797634111,1.6958586917630813,9.231292305277522,14.83995134378916,405.2764708060436,4094.7817896846186,10.85290526598692,1.0007253927760758,,nan,nan,nan,nan,nan,0.7086857825428918,0.4596,0.2564479537767641,99,99,99,99,99,99,99,198,0,0,0,1,False,False,0.25,0,nan,nan,nan,nan,1.0,126.5374245596017,0.009713184154639442,1.550916949065213,159.67132140951196,1.8471312870123962,102.95285089620789,102.95285089620789,210784.7295229532,50,logistic,100.0,stepsize_pilot
manuscript-pilot,L,pilot_logistic_d50_kX1e2_fr-r,FR--R,3602226593,100,0.0015657163590374475,460.6157127772786,61.90006624907818,nan,7.6842494992996215,2.9559558483810964,34.82255717277868,0.08818449863416254,0.9177081832372902,1.6943958270979522,9.141961148699842,14.706385782274825,398.9071830651189,4058.7633460042184,10.974464272963814,1.0119977327995002,,nan,nan,nan,nan,nan,0.7088629951531557,0.4598,0.2565199342290017,100,100,100,100,100,100,100,200,0,0,0,1,False,False,0.25,0,nan,nan,nan,nan,1.0,126.5374245596017,0.009713184154639442,1.550916949065213,159.67132140951196,1.8471312870123962,102.95285089620789,102.95285089620789,208930.62879208234,50,logistic,100.0,stepsize_pilot
manuscript-pilot,L,pilot_logistic_d50_kX1e2_fr-r,FR--R,3602226593,101,0.0015657163590374475,459.99353703902244,61.27789051082203,nan,7.617201740499646,2.9434542282378158,34.51198769673758,0.08733977648931379,0.9169200149128333,1.6929358259553384,9.054337880194412,14.57530885495689,392.6825374445866,4023.256853899077,11.097077658982016,1.0229635428404436,,nan,nan,nan,nan,nan,0.7090387242553731,0.4596,0.25659124904099834,101,101,101,101,101,101,101,202,0,0,0,1,False,False,0.25,0,nan,nan,nan,nan,1.0,126.5374245596017,0.009713184154639442,1.550916949065213,159.67132140951196,1.8471312870123962,102.95285089620789,102.95285089620789,207102.88149830836,50,logistic,100.0,stepsize_pilot
manuscript-pilot,L,pilot_logistic_d50_kX1e2_fr-r,FR--R,3602226593,102,0.0015657163590374475,459.381053345795,60.6654068175946,nan,7.551034470350691,2.9310642127387614,34.206546023782394,0.08651109660107646,0.9161333815391959,1.6914787003164704,8.96837538663207,14.446653124382392,386.5981508242912,3988.251433936884,11.217853475944139,1.03397708281409,,nan,nan,nan,nan,nan,0.7092129840663641,0.4598,0.2566619059109899,102,102,102,102,102,102,102,204,0,0,0,1,False,False,0.25,0,nan,nan,nan,nan,1.0,126.5374245596017,0.009713184154639442,1.550916949065213,159.67132140951196,1.8471312870123962,102.95285089620789,102.95285089620789,205300.92760734496,50,logistic,100.0,stepsize_pilot
manuscript-pilot,L,pilot_logistic_d50_kX1e2_fr-r,FR--R,3602226593,103,0.0015657163590374475,458.7780437106413,60.06239718244092,nan,7.485730721882284,2.9187838473211722,33.90610564525902,0.08569801905092,0.9153482895820687,1.6900244616467648,8.88402824551675,14.320353541559797,380.64980694954545,3953.7365206380227,11.336314691987354,1.0427643228322268,,nan,nan,nan,nan,nan,0.7093857887584528,0.4604,0.2567319124660236,103,103,103,103,103,103,103,206,0,0,0,1,False,False,0.25,0,nan,nan,nan,nan,1.0,126.5374245596017,0.009713184154639442,1.550916949065213,159.67132140951196,1.8471312870123962,102.95285089620789,102.95285089620789,203524.22324606834,50,logistic,100.0,stepsize_pilot
manuscript-pilot,L,pilot_logistic_d50_kX1e2_fr-r,FR--R,3602226593,104,0.0015657163590374475,458.18429668712406,59.46865015892365,nan,7.421273979852388,2.9066112350592435,33.610544195066666,0.08490011961157476,0.9145647452317659,1.6885731209106414,8.801252650546497,14.196347341793151,374.833448780961,3919.701850995459,11.439196158957202,1.0515207028365694,,nan,nan,nan,nan,nan,0.7095571524513627,0.4608,0.2568012762600851,104,104,104,104,104,104,104,208,0,0,0,1,False,False,0.25,0,nan,nan,nan,nan,1.0,126.5374245596017,0.009713184154639442,1.550916949065213,159.67132140951196,1.8471312870123962,102.95285089620789,102.95285089620789,201772.24011156207,50,logistic,100.0,stepsize_pilot
manuscript-pilot,L,pilot_logistic_d50_kX1e2_fr-r,FR--R,3602226593,105,0.0015657163590374475,457.5996071227996,58.883960594599216,nan,7.357648165127845,2.8945445342652234,33.31974328102656,0.08411698906064566,0.9137827544110738,1.68712468858587,8.720006341047714,14.07457394590026,369.14517125414045,3886.1374535027744,11.542846335971262,1.0602704328484833,,nan,nan,nan,nan,nan,0.7097270892047862,0.4608,0.25687000477247013,105,105,105,105,105,105,105,210,0,0,0,1,False,False,0.25,0,nan,nan,nan,nan,1.0,126.5374245596017,0.009713184154639442,1.550916949065213,159.67132140951196,1.8471312870123962,102.95285089620789,102.95285089620789,200044.46490631936,50,logistic,100.0,stepsize_pilot
manuscript-pilot,L,pilot_logistic_d50_kX1e2_fr-r,FR--R,3602226593,106,0.0015657163590374475,457.0237759238827,58.30812939568227,nan,7.294837619731574,2.8825819562153088,33.033588324440174,0.08334823252969475,0.9130023227828217,1.685679174677435,8.64024853505096,13.954974866493403,363.581214424126,3853.033637663931,11.647931152954698,1.0691501728724688,,nan,nan,nan,nan,nan,0.7098956130115813,0.461,0.2569381054063801,106,106,106,106,106,106,106,212,0,0,0,1,False,False,0.25,0,nan,nan,nan,nan,1.0,126.5374245596017,0.009713184154639442,1.550916949065213,159.67132140951196,1.8471312870123962,102.95285089620789,102.95285089620789,198340.3987982434,50,logistic,100.0,stepsize_pilot
manuscript-pilot,L,pilot_logistic_d50_kX1e2_fr-r,FR--R,3602226593,107,0.0015657163590374475,456.45660983050897,57.74096330230856,nan,7.232827092522525,2.870721762992714,32.75196840737582,0.0825934688866721,0.9122234557571934,1.6842365887308974,8.561939865791551,13.837493619023633,358.13795697123817,3820.3809839599926,11.7545728799887,1.0782687828759663,,nan,nan,nan,nan,nan,0.7100627377915516,0.4614,0.25700558548772523,107,107,107,107,107,107,107,214,0,0,0,1,False,False,0.25,0,nan,nan,nan,nan,1.0,126.5374245596017,0.009713184154639442,1.550916949065213,159.67132140951196,1.8471312870123962,102.95285089620789,102.95285089620789,196659.55690416985,50,logistic,100.0,stepsize_pilot
manuscript-pilot,L,pilot_logistic_d50_kX1e2_fr-r,FR--R,3602226593,108,0.0015657163590374475,455.89792120203595,57.182274673835536,nan,7.171601725476888,2.858962265440828,32.474776127252156,0.08185233014973736,0.9114461584988405,1.6827969398454148,8.485042321433616,13.722075637309006,352.8119100465307,3788.170334249444,11.86692762596067,1.0872315828455612,,nan,nan,nan,nan,nan,0.7102284773857681,0.4614,0.25707245226411635,108,108,108,108,108,108,108,216,0,0,0,1,False,False,0.25,0,nan,nan,nan,nan,1.0,126.5374245596017,0.009713184154639442,1.550916949065213,159.67132140951196,1.8471312870123962,102.95285089620789,102.95285089620789,195001.46779570982,50,logistic,100.0,stepsize_pilot
manuscript-pilot,L,pilot_logistic_d50_kX1e2_fr-r,FR--R,3602226593,109,0.0015657163590374475,455.3475278118585,56.63188128365812,nan,7.111147040540347,2.8473018212198613,32.201907458313755,0.08112446093062894,0.9106704359337301,1.6813602366862603,8.409519187828861,13.608668193286158,347.59971143655616,3756.3927825801197,11.971679282956757,1.0961040428373963,,nan,nan,nan,nan,nan,0.710392845551396,0.4612,0.25713871290403184,109,109,109,109,109,109,109,218,0,0,0,1,False,False,0.25,0,nan,nan,nan,nan,1.0,126.5374245596017,0.009713184154639442,1.550916949065213,159.67132140951196,1.8471312870123962,102.95285089620789,102.95285089620789,193365.6730262806,50,logistic,100.0,stepsize_pilot
manuscript-pilot,L,pilot_logistic_d50_kX1e2_fr-r,FR--R,3602226593,110,0.0015657163590374475,454.8052526512472,56.08960612304679,nan,7.051448927023319,2.8357388329608266,31.9332616196203,0.08040951790587286,0.9098962927557956,1.6799264874969821,8.335334994134266,13.497220320741345,342.49812002850456,3725.039666392075,12.076659219979774,1.1049123528646305,,nan,nan,nan,nan,nan,0.710555855956991,0.4614,0.2572043744961454,110,110,110,110,110,110,110,220,0,0,0,1,False,False,0.25,0,nan,nan,nan,nan,1.0,126.5374245596017,0.009713184154639442,1.550916949065213,159.67132140951196,1.8471312870123962,102.95285089620789,102.95285089620789,191751.72667826098,50,logistic,100.0,stepsize_pilot
manuscript-pilot,L,pilot_logistic_d50_kX1e2_fr-r,FR--R,3602226593,111,0.0015657163590374475,454.27092374174396,55.55527721354355,nan,6.992493629512192,2.8242717465111244,31.668740949193698,0.07970716931422353,0.9091237334333634,1.6784957001111376,8.262455461124196,13.387682742793332,337.5040105580498,3694.1025580918295,12.181009726948105,1.1136859328835271,,nan,nan,nan,nan,nan,0.710717522178233,0.4614,0.25726944404879976,111,111,111,111,111,111,111,222,0,0,0,1,False,False,0.25,0,nan,nan,nan,nan,1.0,126.5374245596017,0.009713184154639442,1.550916949065213,159.67132140951196,1.8471312870123962,102.95285089620789,102.95285089620789,190159.19492926347,50,logistic,100.0,stepsize_pilot
manuscript-pilot,L,pilot_logistic_d50_kX1e2_fr-r,FR--R,3602226593,112,0.0015657163590374475,453.7443739556812,55.02872742748082,nan,6.934267736271966,2.8128990492663806,31.40825078399077,0.07901709447884515,0.9083527622153938,1.677067881963718,8.190847452043373,13.280007802915181,332.61436862337985,3663.573256979696,12.285153203993104,1.1224341829074547,,nan,nan,nan,nan,nan,0.7108778576940642,0.4612,0.2573339284896165,112,112,112,112,112,112,112,224,0,0,0,1,False,False,0.25,0,nan,nan,nan,nan,1.0,126.5374245596017,0.009713184154639442,1.550916949065213,159.67132140951196,1.8471312870123962,102.95285089620789,102.95285089620789,188587.65563658203,50,logistic,100.0,stepsize_pilot
manuscript-pilot,L,pilot_logistic_d50_kX1e2_fr-r,FR--R,3602226593,113,0.0015657163590374475,453.2254408444111,54.50979431621067,nan,6.8767581681158445,2.8016192685835364,31.151699345387325,0.07833898335282237,0.9075833831375059,1.675643040102137,8.120478925856556,13.174149399295247,327.826285950011,3633.4437815126985,12.38953618099913,1.1311141629121266,,nan,nan,nan,nan,nan,0.711036875883207,0.4616,0.25739783466522903,113,113,113,113,113,113,113,226,0,0,0,1,False,False,0.25,0,nan,nan,nan,nan,1.0,126.5374245596017,0.009713184154639442,1.550916949065213,159.67132140951196,1.8471312870123962,102.95285089620789,102.95285089620789,187036.69793891464,50,logistic,100.0,stepsize_pilot
manuscript-pilot,L,pilot_logistic_d50_kX1e2_fr-r,FR--R,3602226593,114,0.0015657163590374475,452.7139664738594,53.99831994565898,nan,6.819952167720302,2.790430970270533,30.89899762988161,0.07767253608669947,0.9068156000278316,1.6742211811969514,8.051318892760586,13.07006292235131,323.1369558919456,3603.7063618868733,12.495408256945666,1.1400530019309372,,nan,nan,nan,nan,nan,0.7111945900210328,0.4616,0.2574611693411299,114,114,114,114,114,114,114,228,0,0,0,1,False,False,0.25,0,nan,nan,nan,nan,1.0,126.5374245596017,0.009713184154639442,1.550916949065213,159.67132140951196,1.8471312870123962,102.95285089620789,102.95285089620789,185505.9218745269,50,logistic,100.0,stepsize_pilot
manuscript-pilot,L,pilot_logistic_d50_kX1e2_fr-r,FR--R,3602226593,115,0.0015657163590374475,452.20979726703763,53.49415073883722,nan,6.763837289363453,2.7793327571482265,30.650059304739692,0.07701746261680958,0.9060494165126957,1.6728023115521988,7.983337371832363,12.967705195222468,318.54366915570705,3574.353432923339,12.606481193972286,1.148771681881044,,nan,nan,nan,nan,nan,0.7113510132767579,0.4616,0.25752393920162076,115,115,115,115,115,115,115,230,0,0,0,1,False,False,0.25,0,nan,nan,nan,nan,1.0,126.5374245596017,0.009713184154639442,1.550916949065213,159.67132140951196,1.8471312870123962,102.95285089620789,102.95285089620789,183994.938015052,50,logistic,100.0,stepsize_pilot
manuscript-pilot,L,pilot_logistic_d50_kX1e2_fr-r,FR--R,3602226593,116,0.0015657163590374475,451.71278385317146,52.99713732497105,nan,6.708401389067765,2.7683232676804455,30.404800608325058,0.07637348227325055,0.905284836022086,1.6713864371154254,7.916505350695188,12.867034417075422,314.04380973461383,3545.377627243709,12.73309698997764,1.160264800884761,,nan,nan,nan,nan,nan,0.7115061587109429,0.4616,0.2575861508498587,116,116,116,116,116,116,116,232,0,0,0,1,False,False,0.25,0,nan,nan,nan,nan,1.0,126.5374245596017,0.009713184154639442,1.550916949065213,159.67132140951196,1.8471312870123962,102.95285089620789,102.95285089620789,182503.3671141858,50,logistic,100.0,stepsize_pilot
manuscript-pilot,L,pilot_logistic_d50_kX1e2_fr-r,FR--R,3602226593,117,0.0015657163590374475,451.2227809231176,52.507134394917216,nan,6.653632615127297,2.7574011746683915,30.163140254866775,0.07574032340642427,0.904521861795003,1.669973563487421,7.850794747091865,12.768010109071053,309.6348510414872,3516.771768720859,12.846669246966485,1.168855000869371,,nan,nan,nan,nan,nan,0.7116600392732769,0.4618,0.25764781080798826,117,117,117,117,117,117,117,234,0,0,0,1,False,False,0.25,0,nan,nan,nan,nan,1.0,126.5374245596017,0.009713184154639442,1.550916949065213,159.67132140951196,1.8471312870123962,102.95285089620789,102.95285089620789,181030.83977055532,50,logistic,100.0,stepsize_pilot
manuscript-pilot,L,pilot_logistic_d50_kX1e2_fr-r,FR--R,3602226593,118,0.0015657163590374475,450.73964709076563,52.02400056256522,nan,6.599519399002073,2.7465651840058034,29.92499934343858,0.0751177230311243,0.9037604968846228,1.668563695931668,7.786178372261431,12.670593062847567,305.3143522287177,3488.5288661922013,12.94992139399983,1.1773819808731787,,nan,nan,nan,nan,nan,0.7118126678006219,0.462,0.2577089255173534,118,118,118,118,118,118,118,236,0,0,0,1,False,False,0.25,0,nan,nan,nan,nan,1.0,126.5374245596017,0.009713184154639442,1.550916949065213,159.67132140951196,1.8471312870123962,102.95285089620789,102.95285089620789,179576.9961041008,50,logistic,100.0,stepsize_pilot
manuscript-pilot,L,pilot_logistic_d50_kX1e2_fr-r,FR--R,3602226593,119,0.0015657163590374475,450.26324476013383,51.54759823193342,nan,6.546050446563022,2.735814033491529,29.690301270931588,0.0745054264872313,0.9030007441632932,1.667156839383455,7.722629896021557,12.574745291384545,301.0799546853074,3460.642107422982,13.05337321094703,1.1859330309089273,,nan,nan,nan,nan,nan,0.7119640570153043,0.4624,0.2577695013387816,119,119,119,119,119,119,119,238,0,0,0,1,False,False,0.25,0,nan,nan,nan,nan,1.0,126.5374245596017,0.009713184154639442,1.550916949065213,159.67132140951196,1.8471312870123962,102.95285089620789,102.95285089620789,178141.48544532782,50,logistic,100.0,stepsize_pilot
manuscript-pilot,L,pilot_logistic_d50_kX1e2_fr-r,FR--R,3602226593,120,0.0015657163590374475,449.79343999788523,51.07779346968482,nan,6.493214729670126,2.7251464916963806,29.458971648818007,0.07390318711611557,0.9022426063274129,1.6657529984587724,7.660123813465195,12.480429982120985,296.9293787011703,3433.104853308031,13.156800737953745,1.1946012208936736,,nan,nan,nan,nan,nan,0.7121142195236311,0.4628,0.2578295445529334,120,120,120,120,120,120,120,240,0,0,0,1,False,False,0.25,0,nan,nan,nan,nan,1.0,126.5374245596017,0.009713184154639442,1.550916949065213,159.67132140951196,1.8471312870123962,102.95285089620789,102.95285089620789,176723.96603683408,50,logistic,100.0,stepsize_pilot
manuscript-pilot,L,pilot_logistic_d50_kX1e2_fr-r,FR--R,3602226593,121,0.0015657163590374475,449.33010241100754,50.614455882807135,nan,6.441001478070757,2.7145613568813376,29.230938223513864,0.07331076595190958,0.9014860859021477,1.6643521774629257,7.5986354131855265,12.38761145220796,292.860420289549,3405.910632300865,13.261457564949524,1.2032170809106901,,nan,nan,nan,nan,nan,0.7122631678146201,0.4632,0.2578890613607117,121,121,121,121,121,121,121,242,0,0,0,1,False,False,0.25,0,nan,nan,nan,nan,1.0,126.5374245596017,0.009713184154639442,1.550916949065213,159.67132140951196,1.8471312870123962,102.95285089620789,102.95285089620789,175324.10474653944,50,logistic,100.0,stepsize_pilot
manuscript-pilot,L,pilot_logistic_d50_kX1e2_fr-r,FR--R,3602226593,122,0.0015657163590374475,448.87310502940943,50.15745850120902,nan,6.389400171601411,2.7040574559643127,29.006130800160573,0.07272793142687269,0.9007311852460023,1.6629543803988749,7.538140746948331,12.296255105783578,288.87094815898644,3379.0531350597385,13.366005511954427,1.2118623309070244,,nan,nan,nan,nan,nan,0.7124109142589232,0.4636,0.25794805788372616,122,122,122,122,122,122,122,244,0,0,0,1,False,False,0.25,0,nan,nan,nan,nan,1.0,126.5374245596017,0.009713184154639442,1.550916949065213,159.67132140951196,1.8471312870123962,102.95285089620789,102.95285089620789,173941.5767920839,50,logistic,100.0,stepsize_pilot
manuscript-pilot,L,pilot_logistic_d50_kX1e2_fr-r,FR--R,3602226593,123,0.0015657163590374475,448.422324193206,49.7066776650056,nan,6.3384005326812,2.6936336435329227,28.784481169654562,0.07215445909009079,0.8999779065552713,1.6615596109753556,7.4786166007358466,12.206327393164711,284.9589008268021,3352.5262093006695,13.470794297987595,1.2204586498555727,,nan,nan,nan,nan,nan,0.712557471107934,0.4636,0.2580065401648048,123,123,123,123,123,123,123,246,0,0,0,1,False,False,0.25,0,nan,nan,nan,nan,1.0,126.5374245596017,0.009713184154639442,1.550916949065213,159.67132140951196,1.8471312870123962,102.95285089620789,102.95285089620789,172576.06547587982,50,logistic,100.0,stepsize_pilot
manuscript-pilot,L,pilot_logistic_d50_kX1e2_fr-r,FR--R,3602226593,124,0.0015657163590374475,447.97763944447007,49.26199291626966,nan,6.287992519083094,2.6832888009008085,28.56592303876444,0.07159013133883421,0.8992262518683488,1.6601678726147455,7.420040467090476,12.11779577185609,281.12228386651617,3326.323854848092,13.581947644997854,1.2291441098204814,,nan,nan,nan,nan,nan,0.7127028504930631,0.4638,0.25806451416855203,124,124,124,124,124,124,124,248,0,0,0,1,False,False,0.25,0,nan,nan,nan,nan,1.0,126.5374245596017,0.009713184154639442,1.550916949065213,159.67132140951196,1.8471312870123962,102.95285089620789,102.95285089620789,171227.26193033694,50,logistic,100.0,stepsize_pilot
manuscript-pilot,L,pilot_logistic_d50_kX1e2_fr-r,FR--R,3602226593,125,0.0015657163590374475,447.5389334232476,48.823286895047204,nan,6.238166316970942,2.6730218352052297,28.350391963184748,0.07103473716190521,0.8984762230699203,1.6587791684606863,7.362390518691371,12.03062866928361,277.3591672821107,3300.440218874292,13.685015481954906,1.2376714198035188,,nan,nan,nan,nan,nan,0.7128470644251704,0.464,0.25812198578194484,125,125,125,125,125,125,125,250,0,0,0,1,False,False,0.25,0,nan,nan,nan,nan,1.0,126.5374245596017,0.009713184154639442,1.550916949065213,159.67132140951196,1.8471312870123962,102.95285089620789,102.95285089620789,169894.86487280577,50,logistic,100.0,stepsize_pilot
manuscript-pilot,L,pilot_logistic_d50_kX1e2_fr-r,FR--R,3602226593,126,0.0015657163590374475,447.1060917676361,48.39044523943568,nan,6.18891233419066,2.662831678543787,28.13782528338193,0.07048807189435954,0.897727821895037,1.6573935013855352,7.305645583100299,11.944795447163262,273.66768300245167,3274.8695913190536,13.788917398953345,1.246235329832416,,nan,nan,nan,nan,nan,0.7129901247941439,0.464,0.25817896081496583,126,126,126,126,126,126,126,252,0,0,0,1,False,False,0.25,0,nan,nan,nan,nan,1.0,126.5374245596017,0.009713184154639442,1.550916949065213,159.67132140951196,1.8471312870123962,102.95285089620789,102.95285089620789,168578.5803697973,50,logistic,100.0,stepsize_pilot
manuscript-pilot,L,pilot_logistic_d50_kX1e2_fr-r,FR--R,3602226593,127,0.0015657163590374475,446.6790030177444,47.96335648954397,nan,6.1402211938047815,2.652717287148242,27.928162063098362,0.06994993698302941,0.8969810499330682,1.6560108739975776,7.249785118617136,11.860266367423204,270.0460224895761,3249.6064004816244,13.892559385974891,1.254809279809706,,nan,nan,nan,nan,nan,0.7131320433686107,0.4642,0.258235445001268,127,127,127,127,127,127,127,254,0,0,0,1,False,False,0.25,0,nan,nan,nan,nan,1.0,126.5374245596017,0.009713184154639442,1.550916949065213,159.67132140951196,1.8471312870123962,102.95285089620789,102.95285089620789,167278.12161007317,50,logistic,100.0,stepsize_pilot
manuscript-pilot,L,pilot_logistic_d50_kX1e2_fr-r,FR--R,3602226593,128,0.0015657163590374475,446.2575585233541,47.54191199515367,nan,6.092083727859305,2.642677640593545,27.721343030385995,0.06942013976228946,0.8962359086315367,1.6546312886479915,7.194789191189075,11.777012559600516,266.492434454941,3224.6452087773546,13.99687032296788,1.2634642798220739,,nan,nan,nan,nan,nan,0.7132728317957759,0.4634,0.2582914439988681,128,128,128,128,128,128,128,256,0,0,0,1,False,False,0.25,0,nan,nan,nan,nan,1.0,126.5374245596017,0.009713184154639442,1.550916949065213,159.67132140951196,1.8471312870123962,102.95285089620789,102.95285089620789,165993.20868621249,50,logistic,100.0,stepsize_pilot
manuscript-pilot,L,pilot_logistic_d50_kX1e2_fr-r,FR--R,3602226593,129,0.0015657163590374475,445.84165235511955,47.12600582691914,nan,6.0444909713734045,2.632711741040274,27.517310521049385,0.06889849323955673,0.8954923992998531,1.6532547474376695,7.140638452320158,11.695005989639036,263.00522267805013,3199.980708651799,14.101650919998065,1.2722667398047633,,nan,nan,nan,nan,nan,0.7134125016013748,0.463,0.2583469633908654,129,129,129,129,129,129,129,258,0,0,0,1,False,False,0.25,0,nan,nan,nan,nan,1.0,126.5374245596017,0.009713184154639442,1.550916949065213,159.67132140951196,1.8471312870123962,102.95285089620789,102.95285089620789,164723.5683842846,50,logistic,100.0,stepsize_pilot
manuscript-pilot,L,pilot_logistic_d50_kX1e2_fr-r,FR--R,3602226593,130,0.0015657163590374475,445.4311812191448,46.71553469094437,nan,5.997434156542339,2.6228186125088,27.316008424383238,0.06838481589003925,0.8947505231129468,1.651881252223833,7.087314117931441,11.614219430018707,259.5827439222189,3175.607718645428,14.206292496994138,1.2807785898330621,,nan,nan,nan,nan,nan,0.7135510641897327,0.4628,0.258402008686183,130,130,130,130,130,130,130,260,0,0,0,1,False,False,0.25,0,nan,nan,nan,nan,1.0,126.5374245596017,0.009713184154639442,1.550916949065213,159.67132140951196,1.8471312870123962,102.95285089620789,102.95285089620789,163468.93398127425,50,logistic,100.0,stepsize_pilot
manuscript-pilot,L,pilot_logistic_d50_kX1e2_fr-r,FR--R,3602226593,131,0.0015657163590374475,445.0260443747895,46.31039784658907,nan,5.950904707144611,2.6129973001835953,27.117382131097063,0.06787893146026329,0.894010281114789,1.6505108046264756,7.034797948124574,11.534626431150704,256.22340594252944,3151.52117960246,14.31139888294274,1.289525838859845,,nan,nan,nan,nan,nan,0.7136885308439233,0.4626,0.25845658532032884,131,131,131,131,131,131,131,262,0,0,0,1,False,False,0.25,0,nan,nan,nan,nan,1.0,126.5374245596017,0.009713184154639442,1.550916949065213,159.67132140951196,1.8471312870123962,102.95285089620789,102.95285089620789,162229.04504992606,50,logistic,100.0,stepsize_pilot
manuscript-pilot,L,pilot_logistic_d50_kX1e2_fr-r,FR--R,3602226593,132,0.0015657163590374475,444.62614355555945,45.91049702735904,nan,5.9048942331446606,2.6032468697461804,26.921378483323874,0.06738066877996145,0.8932716742218211,1.6491434060345582,6.983072227804064,11.456201293976424,252.92566558131213,3127.716151017563,14.419021869951393,1.2980191788519733,,nan,nan,nan,nan,nan,0.7138249127260191,0.4632,0.25851069865617327,132,132,132,132,132,132,132,264,0,0,0,1,False,False,0.25,0,nan,nan,nan,nan,1.0,126.5374245596017,0.009713184154639442,1.550916949065213,159.67132140951196,1.8471312870123962,102.95285089620789,102.95285089620789,161003.64727068564,50,logistic,100.0,stepsize_pilot
manuscript-pilot,L,pilot_logistic_d50_kX1e2_fr-r,FR--R,3602226593,133,0.0015657163590374475,444.23138289294826,45.51573636474785,nan,5.859394525483173,2.593566406735301,26.727945726616912,0.06688986158190244,0.8925347032262851,1.6477790576121325,6.932119748116497,11.37891904371187,249.68802694675946,3104.1878075146315,14.523111396993045,1.3066740388749167,,nan,nan,nan,nan,nan,0.7139602208774243,0.4626,0.25856435398474265,133,133,133,133,133,133,133,266,0,0,0,1,False,False,0.25,0,nan,nan,nan,nan,1.0,126.5374245596017,0.009713184154639442,1.550916949065213,159.67132140951196,1.8471312870123962,102.95285089620789,102.95285089620789,159792.4922504396,50,logistic,100.0,stepsize_pilot
manuscript-pilot,L,pilot_logistic_d50_kX1e2_fr-r,FR--R,3602226593,134,0.0015657163590374475,443.8416688431001,45.12602231489967,nan,5.814397551047109,2.5839550159330082,26.537033463842054,0.06640634832926882,0.891799368799464,1.6464177603042,6.881923788666927,11.30275540468192,246.5090396705218,3080.9314354519743,14.629672863986343,1.3177909788209945,,nan,nan,nan,nan,nan,0.7140944662192876,0.4628,0.25861755652602403,134,134,134,134,134,134,134,268,0,0,0,1,False,False,0.25,0,nan,nan,nan,nan,1.0,126.5374245596017,0.009713184154639442,1.550916949065213,159.67132140951196,1.8471312870123962,102.95285089620789,102.95285089620789,158595.33734776286,50,logistic,100.0,stepsize_pilot
manuscript-pilot,L,pilot_logistic_d50_kX1e2_fr-r,FR--R,3602226593,135,0.0015657163590374475,443.4569101161719,44.7412635879715,nan,5.76989544781202,2.5744118207753774,26.34859261087914,0.06592997205024277,0.8910656714948465,1.6450595148425096,6.83246810047478,11.227686776192423,243.3872972403667,3057.9424296486136,14.736759470950346,1.326801428804174,,nan,nan,nan,nan,nan,0.7142276595529836,0.463,0.25867031142978236,135,135,135,135,135,135,135,270,0,0,0,1,False,False,0.25,0,nan,nan,nan,nan,1.0,126.5374245596017,0.009713184154639442,1.550916949065213,159.67132140951196,1.8471312870123962,102.95285089620789,102.95285089620789,157411.94550440015,50,logistic,100.0,stepsize_pilot
manuscript-pilot,L,pilot_logistic_d50_kX1e2_fr-r,FR--R,3602226593,136,0.0015657163590374475,443.0770176082787,44.3613710800783,nan,5.7258805201497465,2.564935962786676,26.16257535404996,0.06546058017942144,0.8903336117511659,1.6437043217510712,6.783736889633936,11.153690209390465,240.32143540421023,3035.2162902266277,14.854685376980342,1.3378188377828337,,nan,nan,nan,nan,nan,0.7143598115606624,0.463,0.25872262377638433,136,136,136,136,136,136,136,272,0,0,0,1,False,False,0.25,0,nan,nan,nan,nan,1.0,126.5374245596017,0.009713184154639442,1.550916949065213,159.67132140951196,1.8471312870123962,102.95285089620789,102.95285089620789,156242.08508272108,50,logistic,100.0,stepsize_pilot
manuscript-pilot,L,pilot_logistic_d50_kX1e2_fr-r,FR--R,3602226593,137,0.0015657163590374475,442.70190433591256,43.98625780771215,nan,5.68234523429502,2.555526601035871,25.978935109194772,0.0649980244057631,0.8896031898954185,1.6423521813516566,6.735714801643359,11.080743385066176,237.31013064202241,3012.74861956472,14.97179552394664,1.3478281478164718,,nan,nan,nan,nan,nan,0.7144909328058582,0.463,0.25877449857763163,137,137,137,137,137,137,137,274,0,0,0,1,False,False,0.25,0,nan,nan,nan,nan,1.0,126.5374245596017,0.009713184154639442,1.550916949065213,159.67132140951196,1.8471312870123962,102.95285089620789,102.95285089620789,155085.52970890084,50,logistic,100.0,stepsize_pilot
manuscript-pilot,L,pilot_logistic_d50_kX1e2_fr-r,FR--R,3602226593,138,0.0015657163590374475,442.3314853727284,43.615838844528014,nan,5.639282213963744,2.5461829116144057,25.79762648232298,0.06454216052674042,0.8888744061457352,1.6410030937690363,6.6883869063765955,11.00882459235177,234.35209870230702,2990.535119358405,15.073699280968867,1.3564525177935138,,nan,nan,nan,nan,nan,0.7146210337341521,0.4634,0.2588259407775978,138,138,138,138,138,138,138,276,0,0,0,1,False,False,0.25,0,nan,nan,nan,nan,1.0,126.5374245596017,0.009713184154639442,1.550916949065213,159.67132140951196,1.8471312870123962,102.95285089620789,102.95285089620789,153942.05812158904,50,logistic,100.0,stepsize_pilot
manuscript-pilot,L,pilot_logistic_d50_kX1e2_fr-r,FR--R,3602226593,139,0.0015657163590374475,441.9656777885989,43.25003126039849,nan,5.596684236118048,2.5369040871342445,25.61860523176804,0.06409284830840987,0.8881472606142259,1.6396570589361468,6.641738683660077,10.937912708275833,231.44609320003465,2968.571587782455,15.176041597966105,1.3651252478011884,,nan,nan,nan,nan,nan,0.7147501246738891,0.4634,0.2588769552534708,139,139,139,139,139,139,139,278,0,0,0,1,False,False,0.25,0,nan,nan,nan,nan,1.0,126.5374245596017,0.009713184154639442,1.550916949065213,159.67132140951196,1.8471312870123962,102.95285089620789,102.95285089620789,152811.45402584257,50,logistic,100.0,stepsize_pilot
manuscript-pilot,L,pilot_logistic_d50_kX1e2_fr-r,FR--R,3602226593,140,0.0015657163590374475,441.60440059084095,42.888754062640544,nan,5.554544226871289,2.527689336245242,25.441828231779507,0.06364995135112568,0.8874217533097188,1.6383140765990853,6.595756009431841,10.867987178133268,228.59090427308325,2946.8539167514136,15.27788527496159,1.3737243578070775,,nan,nan,nan,nan,nan,0.7148782158369362,0.4632,0.25892754681639724,140,140,140,140,140,140,140,280,0,0,0,1,False,False,0.25,0,nan,nan,nan,nan,1.0,126.5374245596017,0.009713184154639442,1.550916949065213,159.67132140951196,1.8471312870123962,102.95285089620789,102.95285089620789,151693.50595210673,50,logistic,100.0,stepsize_pilot
manuscript-pilot,L,pilot_logistic_d50_kX1e2_fr-r,FR--R,3602226593,141,0.0015657163590374475,441.2475746675255,42.53192813932509,nan,5.512855257528055,2.5185378831709375,25.267253437489046,0.06321333696063251,0.886697884140435,1.6369741463219851,6.550425142453474,10.799027996633255,225.78535729438843,2925.3780892742066,15.37999345199205,1.3824911778210662,,nan,nan,nan,nan,nan,0.7150053173194869,0.4634,0.25897772021232907,141,141,141,141,141,141,141,282,0,0,0,1,False,False,0.25,0,nan,nan,nan,nan,1.0,126.5374245596017,0.009713184154639442,1.550916949065213,159.67132140951196,1.8471312870123962,102.95285089620789,102.95285089620789,150588.00712003993,50,logistic,100.0,stepsize_pilot
manuscript-pilot,L,pilot_logistic_d50_kX1e2_fr-r,FR--R,3602226593,142,0.0015657163590374475,440.8951227327833,42.1794762045829,nan,5.471610540753733,2.509448967261927,25.094839851190148,0.06278287602428305,0.8859756529166118,1.6356372674917636,6.5057327115501575,10.731015689789487,223.02831163716547,2904.1401768990836,15.482571107975673,1.3910780767910182,,nan,nan,nan,nan,nan,0.7151314391029014,0.4632,0.25902748012287014,142,142,142,142,142,142,142,284,0,0,0,1,False,False,0.25,0,nan,nan,nan,nan,1.0,126.5374245596017,0.009713184154639442,1.550916949065213,159.67132140951196,1.8471312870123962,102.95285089620789,102.95285089620789,149494.75530698855,50,logistic,100.0,stepsize_pilot
manuscript-pilot,L,pilot_logistic_d50_kX1e2_fr-r,FR--R,3602226593,143,0.0015657163590374475,440.54696927402364,41.83132274582323,nan,5.430803426868445,2.5004218425660003,24.924547489874477,0.062358442892162025,0.8852550593530137,1.6343034393227287,6.461665703354335,10.663931297519175,220.31865949070294,2883.13633724525,15.584382714994717,1.3996827057562768,,nan,nan,nan,nan,nan,0.715256591054583,0.463,0.25907683116612296,143,143,143,143,143,143,143,286,0,0,0,1,False,False,0.25,0,nan,nan,nan,nan,1.0,126.5374245596017,0.009713184154639442,1.550916949065213,159.67132140951196,1.8471312870123962,102.95285089620789,102.95285089620789,148413.55272092408,50,logistic,100.0,stepsize_pilot
manuscript-pilot,L,pilot_logistic_d50_kX1e2_fr-r,FR--R,3602226593,144,0.0015657163590374475,440.20304050099065,41.487393972790244,nan,5.3904274002608545,2.491455777414302,24.756337353970213,0.06193991526287127,0.8845361030714228,1.6329726608610802,6.418211450530146,10.597756356918365,217.65532472435643,2862.362811617736,15.686356481979601,1.4083388347644359,,nan,nan,nan,nan,nan,0.7153807829288841,0.4634,0.2591257778975331,144,144,144,144,144,144,144,288,0,0,0,1,False,False,0.25,0,nan,nan,nan,nan,1.0,126.5374245596017,0.009713184154639442,1.550916949065213,159.67132140951196,1.8471312870123962,102.95285089620789,102.95285089620789,147344.20587766508,50,logistic,100.0,stepsize_pilot
manuscript-pilot,L,pilot_logistic_d50_kX1e2_fr-r,FR--R,3602226593,145,0.0015657163590374475,439.863264296579,41.14761776837861,nan,5.3504760759168235,2.482550054022769,24.590171397230947,0.06152717407378187,0.8838187836030279,1.631644930989277,6.37535762045683,10.532472886183552,215.03726179750154,2841.815922702233,15.78872324898839,1.4168877237825654,,nan,nan,nan,nan,nan,0.7155040243680428,0.4636,0.2591743248107322,145,145,145,145,145,145,145,290,0,0,0,1,False,False,0.25,0,nan,nan,nan,nan,1.0,126.5374245596017,0.009713184154639442,1.550916949065213,159.67132140951196,1.8471312870123962,102.95285089620789,102.95285089620789,146286.52548221571,50,logistic,100.0,stepsize_pilot
manuscript-pilot,L,pilot_logistic_d50_kX1e2_fr-r,FR--R,3602226593,146,0.0015657163590374475,439.52757016934,40.81192364113957,nan,5.310943196058905,2.473703968108179,24.42601249772576,0.061120103395540366,0.8831031003907901,1.6303202484303243,6.333092204350529,10.46806336915044,212.46345471332074,2821.4920723367204,15.891201245947741,1.4255916528054513,,nan,nan,nan,nan,nan,0.7156263249031428,0.4632,0.2592224763383774,146,146,146,146,146,146,146,292,0,0,0,1,False,False,0.25,0,nan,nan,nan,nan,1.0,126.5374245596017,0.009713184154639442,1.550916949065213,159.67132140951196,1.8471312870123962,102.95285089620789,102.95285089620789,145240.326314057,50,logistic,100.0,stepsize_pilot
manuscript-pilot,L,pilot_logistic_d50_kX1e2_fr-r,FR--R,3602226593,147,0.0015657163590374475,439.19588920761015,40.48024267940974,nan,5.271822626892348,2.4649168285181555,24.263824429884203,0.06071859033065022,0.8823890527916989,1.6289986117519013,6.291403506804923,10.404510740422733,209.93291601440527,2801.3877393569487,15.992818242986687,1.4341706418199465,,nan,nan,nan,nan,nan,0.715747693955096,0.4632,0.2592702368529872,147,147,147,147,147,147,147,294,0,0,0,1,False,False,0.25,0,nan,nan,nan,nan,1.0,126.5374245596017,0.009713184154639442,1.550916949065213,159.67132140951196,1.8471312870123962,102.95285089620789,102.95285089620789,144205.4271162399,50,logistic,100.0,stepsize_pilot
manuscript-pilot,L,pilot_logistic_d50_kX1e2_fr-r,FR--R,3602226593,148,0.0015657163590374475,438.8681540351966,40.15250750699619,nan,5.233108355453357,2.4561879568745124,24.103571837550703,0.060322524915935524,0.8816766400790146,1.627680019370416,6.250280135731883,10.341798371064582,207.44468581826303,2781.4994775128075,16.09595474996604,1.4428006218513474,,nan,nan,nan,nan,nan,0.715868140835647,0.4632,0.25931761066777254,148,148,148,148,148,148,148,296,0,0,0,1,False,False,0.25,0,nan,nan,nan,nan,1.0,126.5374245596017,0.009713184154639442,1.550916949065213,159.67132140951196,1.8471312870123962,102.95285089620789,102.95285089620789,143181.6504881276,50,logistic,100.0,stepsize_pilot
manuscript-pilot,L,pilot_logistic_d50_kX1e2_fr-r,FR--R,3602226593,149,0.0015657163590374475,438.5442987685586,39.82865224035817,nan,5.19479448655631,2.4475166872293492,23.94522020800711,0.05993180002872218,0.8809658614444273,1.626364469554945,6.209710992684764,10.279910054832369,204.9978308909204,2761.8239134529304,16.198747676971834,1.4513983218930662,,nan,nan,nan,nan,nan,0.7159876747483933,0.4634,0.2593646020374632,149,149,149,149,149,149,149,298,0,0,0,1,False,False,0.25,0,nan,nan,nan,nan,1.0,126.5374245596017,0.009713184154639442,1.550916949065213,159.67132140951196,1.8471312870123962,102.95285089620789,102.95285089620789,142168.82278164994,50,logistic,100.0,stepsize_pilot
manuscript-pilot,L,pilot_logistic_d50_kX1e2_fr-r,FR--R,3602226593,150,0.0015657163590374475,438.2242589754247,39.508612447224266,nan,5.15687523983559,2.4389023657333633,23.7887358469224,0.05954631129657251,0.8802567160001729,1.6250519604310854,6.169685263547413,10.218829994922045,202.59144375689502,2742.3577447748967,16.300905703974422,1.460000351886265,,nan,nan,nan,nan,nan,0.7161063047898224,0.4636,0.2594112151591289,150,150,150,150,150,150,150,300,0,0,0,1,False,False,0.25,0,nan,nan,nan,nan,1.0,126.5374245596017,0.009713184154639442,1.550916949065213,159.67132140951196,1.8471312870123962,102.95285089620789,102.95285089620789,141166.77400093494,50,logistic,100.0,stepsize_pilot
