tier,experiment,job_id,method,seed,iteration,step_size,objective,objective_gap,exact_gaussian_kl,w2_squared,mean_error,covariance_error,covariance_min_eigenvalue,covariance_max_eigenvalue,relative_covariance_min_eigenvalue,relative_covariance_max_eigenvalue,gaussian_core_rate,fisher_rao_residual_squared,bures_wasserstein_residual_squared,wall_time_seconds,algorithm_seconds,repair,equivariance_error_mean,equivariance_error_covariance,equivariance_error_back,local_gamma,local_lambda,predictive_nll,classification_error,brier,iterations,gradient_evaluations,hessian_evaluations,oracle_pairs,expectation_evaluations,matrix_exponentials,matrix_square_roots,eigendecompositions,cholesky_factorizations,cholesky_solves,roundoff_repairs,batch_size,quadratic_rescue,raw_mean_ablation,normalized_step_size,problem_instance,local_kl_gamma,local_discrete_rate,predicted_contraction,local_radius,alpha,beta,alpha_star,beta_star,kappa_star,lambda_0_star,lambda_0_star_max,lambda_max_star,certified_gap,grid_dimension,grid_family,grid_feature_condition,grid_role
manuscript-pilot,L,pilot_logistic_d50_kX1e2_fb-gvi,FB--GVI,3602226593,0,0.0,767.7933702295541,369.07772370135365,nan,30.898135161619525,8.029745762023783,245.3061502952845,1.0,1.0,1.847131287012389,102.95285089620805,147.43189234935107,10463.072107262384,18389.775361643668,0.0019685100414790213,0.0,,nan,nan,nan,nan,nan,0.693147180557945,0.4922,0.2499999999999998,0,0,0,0,0,0,0,0,0,0,0,1,False,False,8.0,0,nan,nan,nan,nan,1.0,126.5374245596017,0.009713184154639442,1.550916949065213,159.67132140951196,1.8471312870123962,102.95285089620789,102.95285089620789,946639.9004110257,50,logistic,100.0,stepsize_pilot
manuscript-pilot,L,pilot_logistic_d50_kX1e2_fb-gvi,FB--GVI,3602226593,1,0.05010292348919832,712.1244204144508,313.4087738862504,nan,19.997790245163834,13.873828439762837,402.9800973318554,0.06570555359532532,2.6149195035516697,1.764578433080285,268.33530237515805,461.07162053626024,18694.46384102133,17590.121946260162,0.10569728602422401,0.008291609003208578,,nan,nan,nan,nan,nan,0.7408878670713668,0.465,0.2684098201420058,1,1,1,1,1,0,1,1,0,0,0,1,False,False,8.0,0,nan,nan,nan,nan,1.0,126.5374245596017,0.009713184154639442,1.550916949065213,159.67132140951196,1.8471312870123962,102.95285089620789,102.95285089620789,905476.6009897151,50,logistic,100.0,stepsize_pilot
manuscript-pilot,L,pilot_logistic_d50_kX1e2_fb-gvi,FB--GVI,3602226593,2,0.05010292348919832,742.1367421413918,343.42109561319137,nan,16.585567960748154,7.560236063495347,588.1697240651877,0.054735327644453956,4.22041853606707,1.6996093821004878,417.18132300336237,768.1372517969774,37727.7488626769,22678.992422703926,0.21006700303405523,0.016857457987498492,,nan,nan,nan,nan,nan,0.7057719791032583,0.4752,0.2554045798493708,2,2,2,2,2,0,2,2,0,0,0,1,False,False,8.0,0,nan,nan,nan,nan,1.0,126.5374245596017,0.009713184154639442,1.550916949065213,159.67132140951196,1.8471312870123962,102.95285089620789,102.95285089620789,1167433.4626854288,50,logistic,100.0,stepsize_pilot
manuscript-pilot,L,pilot_logistic_d50_kX1e2_fb-gvi,FB--GVI,3602226593,3,0.05010292348919832,832.1911995238605,433.4755529956601,nan,21.298319103733213,15.02274808964708,887.9113208586958,0.051564404372662576,6.315417052060933,1.6355805606227676,624.0067881292978,1182.3662228963399,57518.134410214014,21738.203484114172,0.32287719001760706,0.024990538018755615,,nan,nan,nan,nan,nan,0.7429488394633867,0.4706,0.26952523314993354,3,3,3,3,3,0,3,3,0,0,0,1,False,False,8.0,0,nan,nan,nan,nan,1.0,126.5374245596017,0.009713184154639442,1.550916949065213,159.67132140951196,1.8471312870123962,102.95285089620789,102.95285089620789,1119005.0110257126,50,logistic,100.0,stepsize_pilot
manuscript-pilot,L,pilot_logistic_d50_kX1e2_fb-gvi,FB--GVI,3602226593,4,0.05010292348919832,717.0729964759806,318.3573499477802,nan,13.93716661007836,7.807376306999938,623.6774118939336,0.05235727174370879,4.713367864696496,1.595416664931834,465.55136493596336,854.8304299179118,39811.17111498337,21070.960681161294,0.43447102699428797,0.036640148027800024,,nan,nan,nan,nan,nan,0.7201710722154113,0.4696,0.2606448426660457,4,4,4,4,4,0,4,4,0,0,0,1,False,False,8.0,0,nan,nan,nan,nan,1.0,126.5374245596017,0.009713184154639442,1.550916949065213,159.67132140951196,1.8471312870123962,102.95285089620789,102.95285089620789,1084657.7366237252,50,logistic,100.0,stepsize_pilot
manuscript-pilot,L,pilot_logistic_d50_kX1e2_fb-gvi,FB--GVI,3602226593,5,0.05010292348919832,813.2619001696643,414.54625364146386,nan,18.726889043161997,12.688615392414658,913.6418402703044,0.05114799236474251,6.675165633221149,1.547373110765952,660.1642089119543,1245.407026438288,60928.474285249955,21761.799950431167,0.5402434130082838,0.04471403703792021,,nan,nan,nan,nan,nan,0.7394101824430062,0.474,0.26830507730430514,5,5,5,5,5,0,5,5,0,0,0,1,False,False,8.0,0,nan,nan,nan,nan,1.0,126.5374245596017,0.009713184154639442,1.550916949065213,159.67132140951196,1.8471312870123962,102.95285089620789,102.95285089620789,1120219.672764918,50,logistic,100.0,stepsize_pilot
manuscript-pilot,L,pilot_logistic_d50_kX1e2_fb-gvi,FB--GVI,3602226593,6,0.05010292348919832,731.9974107261122,333.2817641979118,nan,13.903456707362395,7.540507625525248,694.071569720974,0.05071657016827746,5.2005339233646355,1.516335770505162,513.7889192777291,954.2759583252287,45303.95751677107,21271.800812311925,0.644351210037712,0.053560726053547114,,nan,nan,nan,nan,nan,0.7233345809506196,0.467,0.26167476233230674,6,6,6,6,6,0,6,6,0,0,0,1,False,False,8.0,0,nan,nan,nan,nan,1.0,126.5374245596017,0.009713184154639442,1.550916949065213,159.67132140951196,1.8471312870123962,102.95285089620789,102.95285089620789,1094996.2686618879,50,logistic,100.0,stepsize_pilot
manuscript-pilot,L,pilot_logistic_d50_kX1e2_fb-gvi,FB--GVI,3602226593,7,0.05010292348919832,799.7823922953338,401.0667457671334,nan,17.5483618482796,11.52403037819956,899.543751160202,0.05252089869577075,6.539551068155473,1.4819887547696995,647.5085644355686,1228.7512827784442,59710.79631405096,21558.3830786911,0.7490122769959271,0.06158131605479866,,nan,nan,nan,nan,nan,0.7386659821849136,0.4696,0.2679372045166439,7,7,7,7,7,0,7,7,0,0,0,1,False,False,8.0,0,nan,nan,nan,nan,1.0,126.5374245596017,0.009713184154639442,1.550916949065213,159.67132140951196,1.8471312870123962,102.95285089620789,102.95285089620789,1109748.499331904,50,logistic,100.0,stepsize_pilot
manuscript-pilot,L,pilot_logistic_d50_kX1e2_fb-gvi,FB--GVI,3602226593,8,0.05010292348919832,737.9446329358602,339.2289864076598,nan,13.962621297599082,7.20137914811778,724.8807653847956,0.0502692437289186,5.3647739904376985,1.4589031606493446,530.0764216740938,994.3223269566606,47380.41781198864,21269.53349538713,0.854727683996316,0.07315584609750658,,nan,nan,nan,nan,nan,0.7248957609121675,0.4664,0.26218272866799724,8,8,8,8,8,0,8,8,0,0,0,1,False,False,8.0,0,nan,nan,nan,nan,1.0,126.5374245596017,0.009713184154639442,1.550916949065213,159.67132140951196,1.8471312870123962,102.95285089620789,102.95285089620789,1094879.5552912415,50,logistic,100.0,stepsize_pilot
manuscript-pilot,L,pilot_logistic_d50_kX1e2_fb-gvi,FB--GVI,3602226593,9,0.05010292348919832,791.9009920673533,393.1853455391529,nan,16.97966896186588,10.582174355223724,889.2696143456485,0.05323681459301262,6.4292902390016105,1.4336994715414941,637.5785986236368,1213.9660537668024,58662.71847542957,21461.140020205028,0.9802725500194356,0.08521803509211168,,nan,nan,nan,nan,nan,0.7371226031657888,0.4694,0.2672686885976382,9,9,9,9,9,0,9,9,0,0,0,1,False,False,8.0,0,nan,nan,nan,nan,1.0,126.5374245596017,0.009713184154639442,1.550916949065213,159.67132140951196,1.8471312870123962,102.95285089620789,102.95285089620789,1104742.7742814003,50,logistic,100.0,stepsize_pilot
manuscript-pilot,L,pilot_logistic_d50_kX1e2_fb-gvi,FB--GVI,3602226593,10,0.05010292348919832,742.0428997652984,343.32725323709803,nan,14.151090386214568,6.915120063133088,745.0748111146344,0.05073439679125553,5.455691541826775,1.4168356935285227,539.1314680494839,1019.2796949561424,48521.9156101659,21235.428716381557,1.0932133970200084,0.09329617506591603,,nan,nan,nan,nan,nan,0.7258510477674421,0.4692,0.26249247884535015,10,10,10,10,10,0,10,10,0,0,0,1,False,False,8.0,0,nan,nan,nan,nan,1.0,126.5374245596017,0.009713184154639442,1.550916949065213,159.67132140951196,1.8471312870123962,102.95285089620789,102.95285089620789,1093123.963177337,50,logistic,100.0,stepsize_pilot
manuscript-pilot,L,pilot_logistic_d50_kX1e2_fb-gvi,FB--GVI,3602226593,11,0.05010292348919832,785.9141385609051,387.19849203270473,nan,16.649667763638053,9.749103900484199,879.4682626779846,0.053780951517131845,6.331491229230464,1.3981644995240898,628.9812166779197,1199.358511766031,57678.62894864289,21407.55310064391,1.198624604032375,0.10137600509915501,,nan,nan,nan,nan,nan,0.7353980987496292,0.4706,0.2665347697944178,11,11,11,11,11,0,11,11,0,0,0,1,False,False,8.0,0,nan,nan,nan,nan,1.0,126.5374245596017,0.009713184154639442,1.550916949065213,159.67132140951196,1.8471312870123962,102.95285089620789,102.95285089620789,1101984.3112116188,50,logistic,100.0,stepsize_pilot
manuscript-pilot,L,pilot_logistic_d50_kX1e2_fb-gvi,FB--GVI,3602226593,12,0.05010292348919832,745.920877761378,347.20523123317764,nan,14.426138952801338,6.740324156748646,761.8817220280363,0.051113942302964566,5.530409758905806,1.3858249428088594,546.7034986248268,1039.9421884504313,49416.734156015955,21211.10401240094,1.3021946609951556,0.10943327512359247,,nan,nan,nan,nan,nan,0.7266100750550368,0.4688,0.26274955176417514,12,12,12,12,12,0,12,12,0,0,0,1,False,False,8.0,0,nan,nan,nan,nan,1.0,126.5374245596017,0.009713184154639442,1.550916949065213,159.67132140951196,1.8471312870123962,102.95285089620789,102.95285089620789,1091871.8143663318,50,logistic,100.0,stepsize_pilot
manuscript-pilot,L,pilot_logistic_d50_kX1e2_fb-gvi,FB--GVI,3602226593,13,0.05010292348919832,780.8301154092068,382.11446888100636,nan,16.436126723990483,9.05319505110983,869.3329336767129,0.05419436952222557,6.239146107601389,1.371956739225372,620.8310366798866,1184.4513780247685,56725.78466660842,21366.586195880474,1.4058590280474164,0.11761883512372151,,nan,nan,nan,nan,nan,0.73395872502648,0.4702,0.2659121624026076,13,13,13,13,13,0,13,13,0,0,0,1,False,False,8.0,0,nan,nan,nan,nan,1.0,126.5374245596017,0.009713184154639442,1.550916949065213,159.67132140951196,1.8471312870123962,102.95285089620789,102.95285089620789,1099875.4813927242,50,logistic,100.0,stepsize_pilot
manuscript-pilot,L,pilot_logistic_d50_kX1e2_fb-gvi,FB--GVI,3602226593,14,0.05010292348919832,749.5314181016802,350.81577157347976,nan,14.727353430699406,6.680356686393601,776.1554193079268,0.05144714491976906,5.597281637676544,1.3628571997334986,553.7365822406018,1057.737362887216,50182.76821925019,21197.809285788095,1.5114097550394945,0.1258480551186949,,nan,nan,nan,nan,nan,0.7273248875454182,0.4682,0.2630068920334496,14,14,14,14,14,0,14,14,0,0,0,1,False,False,8.0,0,nan,nan,nan,nan,1.0,126.5374245596017,0.009713184154639442,1.550916949065213,159.67132140951196,1.8471312870123962,102.95285089620789,102.95285089620789,1091187.4493629925,50,logistic,100.0,stepsize_pilot
manuscript-pilot,L,pilot_logistic_d50_kX1e2_fb-gvi,FB--GVI,3602226593,15,0.05010292348919832,776.5257041269001,377.8100575986997,nan,16.295884412195864,8.513974817472123,859.5727411918807,0.05382044768270295,6.155871707053166,1.3525520375458417,613.331476185699,1170.3811905359696,55860.104117647665,21329.6619021627,1.616351441014558,0.13410878408467397,,nan,nan,nan,nan,nan,0.7329351377452445,0.4682,0.2654545570838175,15,15,15,15,15,0,15,15,0,0,0,1,False,False,8.0,0,nan,nan,nan,nan,1.0,126.5374245596017,0.009713184154639442,1.550916949065213,159.67132140951196,1.8471312870123962,102.95285089620789,102.95285089620789,1097974.7507399374,50,logistic,100.0,stepsize_pilot
manuscript-pilot,L,pilot_logistic_d50_kX1e2_fb-gvi,FB--GVI,3602226593,16,0.05010292348919832,752.6404206635747,353.92477413537426,nan,15.01368703720172,6.705476088986971,787.7736586274184,0.05173186764339051,5.655809139926681,1.3457904683342483,560.2228403718444,1072.504133958884,50822.23642757686,21190.44090763167,1.722109268011991,0.14229914313182235,,nan,nan,nan,nan,nan,0.7280186056108973,0.4678,0.2632673166446908,16,16,16,16,16,0,16,16,0,0,0,1,False,False,8.0,0,nan,nan,nan,nan,1.0,126.5374245596017,0.009713184154639442,1.550916949065213,159.67132140951196,1.8471312870123962,102.95285089620789,102.95285089620789,1090808.1515941499,50,logistic,100.0,stepsize_pilot
manuscript-pilot,L,pilot_logistic_d50_kX1e2_fb-gvi,FB--GVI,3602226593,17,0.05010292348919832,773.0034149148935,374.2877683866931,nan,16.208216564804655,8.121236962644986,850.9190441793112,0.053516523545832605,6.085306382471903,1.33813372643269,606.810363403395,1158.1370899935505,55125.65612162685,21295.874900285642,1.826268715027254,0.15037603309610859,,nan,nan,nan,nan,nan,0.732279548612661,0.4654,0.26514672357899,17,17,17,17,17,0,17,17,0,0,0,1,False,False,8.0,0,nan,nan,nan,nan,1.0,126.5374245596017,0.009713184154639442,1.550916949065213,159.67132140951196,1.8471312870123962,102.95285089620789,102.95285089620789,1096235.516656698,50,logistic,100.0,stepsize_pilot
manuscript-pilot,L,pilot_logistic_d50_kX1e2_fb-gvi,FB--GVI,3602226593,18,0.05010292348919832,755.1461184766472,356.4304719484468,nan,15.265254905135583,6.777170170964453,796.8243417990989,0.05196479426323896,5.704970507046735,1.3330792066289654,565.9398359569174,1084.24397370927,51333.521105966815,21185.36986474958,1.9323222319944762,0.15869684313656762,,nan,nan,nan,nan,nan,0.7286667508273391,0.4672,0.26351617711622327,18,18,18,18,18,0,18,18,0,0,0,1,False,False,8.0,0,nan,nan,nan,nan,1.0,126.5374245596017,0.009713184154639442,1.550916949065213,159.67132140951196,1.8471312870123962,102.95285089620789,102.95285089620789,1090547.112433286,50,logistic,100.0,stepsize_pilot
manuscript-pilot,L,pilot_logistic_d50_kX1e2_fb-gvi,FB--GVI,3602226593,19,0.05010292348919832,770.2199204683671,371.50427394016674,nan,16.159095185255474,7.847130561134629,843.7308604300775,0.053280831715012945,6.028574340775097,1.3273903828128812,601.436287139554,1148.1312400501927,54534.805270356155,21266.074663004314,2.0354339990299195,0.1669891231576912,,nan,nan,nan,nan,nan,0.7318905493773148,0.4658,0.26495068965965324,19,19,19,19,19,0,19,19,0,0,0,1,False,False,8.0,0,nan,nan,nan,nan,1.0,126.5374245596017,0.009713184154639442,1.550916949065213,159.67132140951196,1.8471312870123962,102.95285089620789,102.95285089620789,1094701.5069639499,50,logistic,100.0,stepsize_pilot
manuscript-pilot,L,pilot_logistic_d50_kX1e2_fb-gvi,FB--GVI,3602226593,20,0.05010292348919832,757.0721163105966,358.3564697823962,nan,15.476438818823945,6.864848210106322,803.6447674746756,0.05214814100821013,5.7446431433211504,1.323595426671722,570.6883753745759,1093.2680457829365,51727.22308047284,21180.907403597255,2.1408083559945226,0.17522039311006665,,nan,nan,nan,nan,nan,0.7292432750777889,0.4676,0.26373996954438783,20,20,20,20,20,0,20,20,0,0,0,1,False,False,8.0,0,nan,nan,nan,nan,1.0,126.5374245596017,0.009713184154639442,1.550916949065213,159.67132140951196,1.8471312870123962,102.95285089620789,102.95285089620789,1090317.4008844632,50,logistic,100.0,stepsize_pilot
manuscript-pilot,L,pilot_logistic_d50_kX1e2_fb-gvi,FB--GVI,3602226593,21,0.05010292348919832,768.080002677074,369.36435614887364,nan,16.137360680509808,7.6605369354363,838.0294292339702,0.053104113876222034,5.984703457625978,1.3193682246139973,597.1929126625882,1140.3056792234283,54076.66445044274,21240.859088566027,2.2491690030437894,0.18346314306836575,,nan,nan,nan,nan,nan,0.7316743243401308,0.4658,0.26482984201927723,21,21,21,21,21,0,21,21,0,0,0,1,False,False,8.0,0,nan,nan,nan,nan,1.0,126.5374245596017,0.009713184154639442,1.550916949065213,159.67132140951196,1.8471312870123962,102.95285089620789,102.95285089620789,1093403.4993262463,50,logistic,100.0,stepsize_pilot
manuscript-pilot,L,pilot_logistic_d50_kX1e2_fb-gvi,FB--GVI,3602226593,22,0.05010292348919832,758.5060531740036,359.79040664580316,nan,15.649221166123287,6.9502664868206825,808.6705202190337,0.05228826300819584,5.775619442682933,1.3165101022893373,574.4364928453174,1100.042459935822,52021.894174728266,21176.536210559276,2.3527348290081136,0.19168338208692148,,nan,nan,nan,nan,nan,0.7297354422570929,0.4648,0.2639319067942603,22,22,22,22,22,0,22,22,0,0,0,1,False,False,8.0,0,nan,nan,nan,nan,1.0,126.5374245596017,0.009713184154639442,1.550916949065213,159.67132140951196,1.8471312870123962,102.95285089620789,102.95285089620789,1090092.3874919245,50,logistic,100.0,stepsize_pilot
manuscript-pilot,L,pilot_logistic_d50_kX1e2_fb-gvi,FB--GVI,3602226593,23,0.05010292348919832,766.4662072705939,367.75056074239353,nan,16.134100020919398,7.535023726505552,833.6433636374827,0.05297456350867531,5.9516606167980575,1.3133685607630807,593.9441074937719,1134.3568732479002,53729.630557420714,21220.19458631994,2.4597437060438097,0.20002732111606747,,nan,nan,nan,nan,nan,0.7315628124052611,0.4648,0.2647567771164981,23,23,23,23,23,0,23,23,0,0,0,1,False,False,8.0,0,nan,nan,nan,nan,1.0,126.5374245596017,0.009713184154639442,1.550916949065213,159.67132140951196,1.8471312870123962,102.95285089620789,102.95285089620789,1092339.7646169534,50,logistic,100.0,stepsize_pilot
manuscript-pilot,L,pilot_logistic_d50_kX1e2_fb-gvi,FB--GVI,3602226593,24,0.05010292348919832,759.5515230940912,360.83587656589077,nan,15.78868079924425,7.025018108472592,812.3208186052658,0.052393104813905036,5.79921622932316,1.3112111661675787,577.2944422474022,1105.0477408791696,52237.967277206975,21172.247026852365,2.566385773010552,0.20817324111703783,,nan,nan,nan,nan,nan,0.7301431162015407,0.465,0.2640911013888289,24,24,24,24,24,0,24,24,0,0,0,1,False,False,8.0,0,nan,nan,nan,nan,1.0,126.5374245596017,0.009713184154639442,1.550916949065213,159.67132140951196,1.8471312870123962,102.95285089620789,102.95285089620789,1089871.5956466023,50,logistic,100.0,stepsize_pilot
manuscript-pilot,L,pilot_logistic_d50_kX1e2_fb-gvi,FB--GVI,3602226593,25,0.05010292348919832,765.2643525552535,366.5487060270531,nan,16.14254805646814,7.450951757613893,830.3338894154901,0.05288097685784483,5.927188102945596,1.3088764075020929,591.5085087462298,1129.9124929295745,53470.32493269616,21203.612781251995,2.68140455003595,0.21846607112092897,,nan,nan,nan,nan,nan,0.7315121490835249,0.4646,0.2647132641441122,25,25,25,25,25,0,25,25,0,0,0,1,False,False,8.0,0,nan,nan,nan,nan,1.0,126.5374245596017,0.009713184154639442,1.550916949065213,159.67132140951196,1.8471312870123962,102.95285089620789,102.95285089620789,1091486.1925645785,50,logistic,100.0,stepsize_pilot
manuscript-pilot,L,pilot_logistic_d50_kX1e2_fb-gvi,FB--GVI,3602226593,26,0.05010292348919832,760.3030567088699,361.5874101806695,nan,15.900539955444295,7.086639329240044,814.9471547487647,0.05247037989867035,5.8168749566512545,1.3072451742552942,579.4277139029728,1108.7057429034494,52394.011991090796,21168.167457144442,2.7921557660447434,0.22666495013982058,,nan,nan,nan,nan,nan,0.7304738328332844,0.4644,0.2642201802602408,26,26,26,26,26,0,26,26,0,0,0,1,False,False,8.0,0,nan,nan,nan,nan,1.0,126.5374245596017,0.009713184154639442,1.550916949065213,159.67132140951196,1.8471312870123962,102.95285089620789,102.95285089620789,1089661.593980672,50,logistic,100.0,stepsize_pilot
manuscript-pilot,L,pilot_logistic_d50_kX1e2_fb-gvi,FB--GVI,3602226593,27,0.05010292348919832,764.3764033392549,365.6607568110545,nan,16.157843597303046,7.394692305444443,827.8667162279688,0.05281404781423058,5.909251606456756,1.3055102969477246,589.7082373128505,1126.6258621759382,53278.00000576695,21190.47263469509,2.8981531930039637,0.2348796801525168,,nan,nan,nan,nan,nan,0.7314957851483311,0.4642,0.264687858895685,27,27,27,27,27,0,27,27,0,0,0,1,False,False,8.0,0,nan,nan,nan,nan,1.0,126.5374245596017,0.009713184154639442,1.550916949065213,159.67132140951196,1.8471312870123962,102.95285089620789,102.95285089620789,1090809.7847899646,50,logistic,100.0,stepsize_pilot
manuscript-pilot,L,pilot_logistic_d50_kX1e2_fb-gvi,FB--GVI,3602226593,28,0.05010292348919832,760.8375886930172,362.1219421648168,nan,15.990078677569329,7.135639530945984,816.8237164151406,0.052526710126595634,5.829918615155305,1.3042752220570186,580.999289031281,1111.3575135166234,52505.311110926676,21164.41033257897,3.0202434200327843,0.2469919101567939,,nan,nan,nan,nan,nan,0.7307384203458822,0.4646,0.26432328946121714,28,28,28,28,28,0,28,28,0,0,0,1,False,False,8.0,0,nan,nan,nan,nan,1.0,126.5374245596017,0.009713184154639442,1.550916949065213,159.67132140951196,1.8471312870123962,102.95285089620789,102.95285089620789,1089468.1906380784,50,logistic,100.0,stepsize_pilot
manuscript-pilot,L,pilot_logistic_d50_kX1e2_fb-gvi,FB--GVI,3602226593,29,0.05010292348919832,763.7237633764021,365.00811684820167,nan,16.176650024563727,7.357079317697943,826.0415115023328,0.05276655883138031,5.896192996958535,1.3029865803629024,588.3906398229983,1124.2100868970524,53135.88450691048,21180.129221058825,3.1368909160373732,0.25789975019870326,,nan,nan,nan,nan,nan,0.7314981674615068,0.4642,0.264673554414172,29,29,29,29,29,0,29,29,0,0,0,1,False,False,8.0,0,nan,nan,nan,nan,1.0,126.5374245596017,0.009713184154639442,1.550916949065213,159.67132140951196,1.8471312870123962,102.95285089620789,102.95285089620789,1090277.3428290386,50,logistic,100.0,stepsize_pilot
manuscript-pilot,L,pilot_logistic_d50_kX1e2_fb-gvi,FB--GVI,3602226593,30,0.05010292348919832,761.2142337288512,362.49858720065083,nan,16.06178016897735,7.173730361319529,818.156447379439,0.052567412565616804,5.839455632087172,1.302050378463344,582.1470947951304,1113.2668609179314,52583.78087751669,21161.036589014395,3.254238363006152,0.26638890022877604,,nan,nan,nan,nan,nan,0.7309482248018728,0.4648,0.2644048661386706,30,30,30,30,30,0,30,30,0,0,0,1,False,False,8.0,0,nan,nan,nan,nan,1.0,126.5374245596017,0.009713184154639442,1.550916949065213,159.67132140951196,1.8471312870123962,102.95285089620789,102.95285089620789,1089294.5223789955,50,logistic,100.0,stepsize_pilot
manuscript-pilot,L,pilot_logistic_d50_kX1e2_fb-gvi,FB--GVI,3602226593,31,0.05010292348919832,763.2457736504426,364.5301271222422,nan,16.196764827433213,7.332009735723166,824.6981092216682,0.05273310926477038,5.8867295993095965,1.301093746766517,587.4334271321952,1122.4411732732908,53031.04732568646,21172.010867856705,3.358922539046034,0.27462521923007444,,nan,nan,nan,nan,nan,0.731510330554114,0.4636,0.26466608377595413,31,31,31,31,31,0,31,31,0,0,0,1,False,False,8.0,0,nan,nan,nan,nan,1.0,126.5374245596017,0.009713184154639442,1.550916949065213,159.67132140951196,1.8471312870123962,102.95285089620789,102.95285089620789,1089859.4390256684,50,logistic,100.0,stepsize_pilot
manuscript-pilot,L,pilot_logistic_d50_kX1e2_fb-gvi,FB--GVI,3602226593,32,0.05010292348919832,761.4770819178774,362.761435389677,nan,16.119303371516427,7.202912051841681,819.0970755740001,0.0525965979724199,5.8463688171588615,1.3003833748515357,582.9801180787521,1114.6329630924438,52638.436477470605,21158.061645830076,3.464237206033431,0.28295954823261127,,nan,nan,nan,nan,nan,0.7311136864274231,0.4644,0.26446901947726426,32,32,32,32,32,0,32,32,0,0,0,1,False,False,8.0,0,nan,nan,nan,nan,1.0,126.5374245596017,0.009713184154639442,1.550916949065213,159.67132140951196,1.8471312870123962,102.95285089620789,102.95285089620789,1089141.3829379554,50,logistic,100.0,stepsize_pilot
manuscript-pilot,L,pilot_logistic_d50_kX1e2_fb-gvi,FB--GVI,3602226593,33,0.05010292348919832,762.8966012353254,364.180954707125,nan,16.21679040045307,7.3154139663612465,823.712906942005,0.052709732053695654,5.879896328948725,1.29967375350348,586.7422658396761,1121.1493554482647,52953.75366411127,21165.64179653352,3.5701944430475123,0.2912537982338108,,nan,nan,nan,nan,nan,0.7315271498906488,0.4632,0.26466283300465127,33,33,33,33,33,0,33,33,0,0,0,1,False,False,8.0,0,nan,nan,nan,nan,1.0,126.5374245596017,0.009713184154639442,1.550916949065213,159.67132140951196,1.8471312870123962,102.95285089620789,102.95285089620789,1089531.5820005268,50,logistic,100.0,stepsize_pilot
manuscript-pilot,L,pilot_logistic_d50_kX1e2_fb-gvi,FB--GVI,3602226593,34,0.05010292348919832,761.6585033663351,362.94285683813473,nan,16.16557633997853,7.225059809131379,819.7562971968619,0.05261737402541026,5.851340674585913,1.2991342393893899,583.581581907502,1115.6041101759292,52675.97859228987,21155.4713656129,3.6741290000500157,0.29945891827810556,,nan,nan,nan,nan,nan,0.7312437771045706,0.4648,0.2645192873031444,34,34,34,34,34,0,34,34,0,0,0,1,False,False,8.0,0,nan,nan,nan,nan,1.0,126.5374245596017,0.009713184154639442,1.550916949065213,159.67132140951196,1.8471312870123962,102.95285089620789,102.95285089620789,1089008.0445714663,50,logistic,100.0,stepsize_pilot
manuscript-pilot,L,pilot_logistic_d50_kX1e2_fb-gvi,FB--GVI,3602226593,35,0.05010292348919832,762.6420334259191,363.92638689771866,nan,16.235883515348682,7.304559984891092,822.9923660995574,0.05269354127322001,5.874977784126354,1.298608337274913,586.2459489709436,1120.207917387369,52896.761074215945,21160.63925986763,3.7803465670440346,0.30767186830053106,,nan,nan,nan,nan,nan,0.7315457180766897,0.4634,0.2646621812228248,35,35,35,35,35,0,35,35,0,0,0,1,False,False,8.0,0,nan,nan,nan,nan,1.0,126.5374245596017,0.009713184154639442,1.550916949065213,159.67132140951196,1.8471312870123962,102.95285089620789,102.95285089620789,1089274.0692947935,50,logistic,100.0,stepsize_pilot
manuscript-pilot,L,pilot_logistic_d50_kX1e2_fb-gvi,FB--GVI,3602226593,36,0.05010292348919832,761.7820512443161,363.0664047161157,nan,16.202919355462026,7.241771463103282,820.2144420077307,0.05263205675719585,5.8548890212112,1.2981982335995252,584.0138696794338,1116.2897213320125,52701.330651056385,21153.235762047316,3.886062794015743,0.31593173829605803,,nan,nan,nan,nan,nan,0.7313459069545779,0.4636,0.2645585924275303,36,36,36,36,36,0,36,36,0,0,0,1,False,False,8.0,0,nan,nan,nan,nan,1.0,126.5374245596017,0.009713184154639442,1.550916949065213,159.67132140951196,1.8471312870123962,102.95285089620789,102.95285089620789,1088892.963691191,50,logistic,100.0,stepsize_pilot
manuscript-pilot,L,pilot_logistic_d50_kX1e2_fb-gvi,FB--GVI,3602226593,37,0.05010292348919832,762.4567198771514,363.741073348951,nan,16.25357457316399,7.29759872704302,822.4665072702155,0.05268244932334767,5.871448025306702,1.2978089102553243,585.8914335872253,1119.5230342040313,52854.71229894177,21156.701163459278,3.9911860110005364,0.32412125827977434,,nan,nan,nan,nan,nan,0.7315644068988731,0.4642,0.2646631087548671,37,37,37,37,37,0,37,37,0,0,0,1,False,False,8.0,0,nan,nan,nan,nan,1.0,126.5374245596017,0.009713184154639442,1.550916949065213,159.67132140951196,1.8471312870123962,102.95285089620789,102.95285089620789,1089071.3501686216,50,logistic,100.0,stepsize_pilot
manuscript-pilot,L,pilot_logistic_d50_kX1e2_fb-gvi,FB--GVI,3602226593,38,0.05010292348919832,761.8647602321712,363.1491137039708,nan,16.233162557736573,7.2543401360079,820.5295932680889,0.0526423548869428,5.8574016459515,1.2974969209715252,584.3232278866031,1116.7700070120054,52718.07918259059,21151.318174154596,4.095195258036256,0.3322207082528621,,nan,nan,nan,nan,nan,0.73142605111109,0.4638,0.2645892910656953,38,38,38,38,38,0,38,38,0,0,0,1,False,False,8.0,0,nan,nan,nan,nan,1.0,126.5374245596017,0.009713184154639442,1.550916949065213,159.67132140951196,1.8471312870123962,102.95285089620789,102.95285089620789,1088794.2531209914,50,logistic,100.0,stepsize_pilot
manuscript-pilot,L,pilot_logistic_d50_kX1e2_fb-gvi,FB--GVI,3602226593,39,0.05010292348919832,762.3219701121843,363.6063235839839,nan,16.269640778010796,7.293269632271358,822.0833585680751,0.05267495238960217,5.868922353047328,1.2972090655720157,585.6395553162225,1119.0255532930614,52823.65598881249,21153.591639568363,4.200705174007453,0.34057295724051073,,nan,nan,nan,nan,nan,0.7315823293431248,0.4642,0.26466496526523187,39,39,39,39,39,0,39,39,0,0,0,1,False,False,8.0,0,nan,nan,nan,nan,1.0,126.5374245596017,0.009713184154639442,1.550916949065213,159.67132140951196,1.8471312870123962,102.95285089620789,102.95285089620789,1088911.282993872,50,logistic,100.0,stepsize_pilot
manuscript-pilot,L,pilot_logistic_d50_kX1e2_fb-gvi,FB--GVI,3602226593,40,0.05010292348919832,761.9188880630345,363.2032415348341,nan,16.257746953197984,7.263780403458944,820.743613940068,0.0526495190723387,5.859166098639904,1.2969715302342715,584.5436838332241,1117.1034473156005,52728.817441576284,21149.680668411827,4.311831230996177,0.35114146722480655,,nan,nan,nan,nan,nan,0.7314889576236016,0.4636,0.26461325477943604,40,40,40,40,40,0,40,40,0,0,0,1,False,False,8.0,0,nan,nan,nan,nan,1.0,126.5374245596017,0.009713184154639442,1.550916949065213,159.67132140951196,1.8471312870123962,102.95285089620789,102.95285089620789,1088709.9601787028,50,logistic,100.0,stepsize_pilot
manuscript-pilot,L,pilot_logistic_d50_kX1e2_fb-gvi,FB--GVI,3602226593,41,0.05010292348919832,762.2240553226862,363.50840879448583,nan,16.28401849401073,7.290708927239503,821.8045215240154,0.052669971539949775,5.867120396825145,1.2967589983423569,585.4615875270262,1118.6646633612415,52800.68250720419,21151.127629509567,4.417259167996235,0.35955376719357446,,nan,nan,nan,nan,nan,0.7315990302515012,0.464,0.26466733156936684,41,41,41,41,41,0,41,41,0,0,0,1,False,False,8.0,0,nan,nan,nan,nan,1.0,126.5374245596017,0.009713184154639442,1.550916949065213,159.67132140951196,1.8471312870123962,102.95285089620789,102.95285089620789,1088784.444563777,50,logistic,100.0,stepsize_pilot
manuscript-pilot,L,pilot_logistic_d50_kX1e2_fb-gvi,FB--GVI,3602226593,42,0.05010292348919832,761.953209812655,363.2375632844546,nan,16.277807159997746,7.270872605641881,820.886572898872,0.05265445839203287,5.860393858044574,1.296578009650658,584.7001300179323,1117.3324683876115,52735.40705435831,21148.28692277237,4.524653444997966,0.3676843072171323,,nan,nan,nan,nan,nan,0.7315383665337589,0.4636,0.2646319571021836,42,42,42,42,42,0,42,42,0,0,0,1,False,False,8.0,0,nan,nan,nan,nan,1.0,126.5374245596017,0.009713184154639442,1.550916949065213,159.67132140951196,1.8471312870123962,102.95285089620789,102.95285089620789,1088638.2151351997,50,logistic,100.0,stepsize_pilot
manuscript-pilot,L,pilot_logistic_d50_kX1e2_fb-gvi,FB--GVI,3602226593,43,0.05010292348919832,762.1529223902451,363.43727586204466,nan,16.29674329633365,7.289323284996402,821.6017412758916,0.052666736164586926,5.865838452344445,1.2964213419937791,585.3365755871374,1118.4031235403422,52783.65174676011,21149.16748160798,4.632690911996178,0.37678840721491724,,nan,nan,nan,nan,nan,0.7316143069395638,0.4638,0.26466993604896,43,43,43,43,43,0,43,43,0,0,0,1,False,False,8.0,0,nan,nan,nan,nan,1.0,126.5374245596017,0.009713184154639442,1.550916949065213,159.67132140951196,1.8471312870123962,102.95285089620789,102.95285089620789,1088683.5431564536,50,logistic,100.0,stepsize_pilot
manuscript-pilot,L,pilot_logistic_d50_kX1e2_fb-gvi,FB--GVI,3602226593,44,0.05010292348919832,761.9739714726355,363.2583249444351,nan,16.294237610688413,7.276208999574558,820.9799828460315,0.05265782938528786,5.861239329605609,1.2962833336143686,584.8106867383551,1117.4877022611267,52739.174493148654,21147.103596492572,4.750027278030757,0.38525003724498674,,nan,nan,nan,nan,nan,0.7315772092092135,0.4636,0.26464655232400874,44,44,44,44,44,0,44,44,0,0,0,1,False,False,8.0,0,nan,nan,nan,nan,1.0,126.5374245596017,0.009713184154639442,1.550916949065213,159.67132140951196,1.8471312870123962,102.95285089620789,102.95285089620789,1088577.301728177,50,logistic,100.0,stepsize_pilot
manuscript-pilot,L,pilot_logistic_d50_kX1e2_fb-gvi,FB--GVI,3602226593,45,0.05010292348919832,762.1012298473569,363.38558331915647,nan,16.307909362699714,7.288705342764935,821.4542985513087,0.05266469878846129,5.864928959702979,1.2961680551651171,585.2493110375772,1118.2137035817113,52770.99112425731,21147.601690807205,4.856025695044082,0.3936798572540283,,nan,nan,nan,nan,nan,0.7316281039364562,0.4638,0.2646726030980417,45,45,45,45,45,0,45,45,0,0,0,1,False,False,8.0,0,nan,nan,nan,nan,1.0,126.5374245596017,0.009713184154639442,1.550916949065213,159.67132140951196,1.8471312870123962,102.95285089620789,102.95285089620789,1088602.9418430303,50,logistic,100.0,stepsize_pilot
manuscript-pilot,L,pilot_logistic_d50_kX1e2_fb-gvi,FB--GVI,3602226593,46,0.05010292348919832,761.9855894634165,363.26994293521614,nan,16.307744840345155,7.280235039235638,821.0391646954027,0.052660103216228625,5.861814487307532,1.296062740227381,584.8884847536864,1117.5911589721595,52741.05726580448,21146.100846083384,4.961821902019437,0.4016518272110261,,nan,nan,nan,nan,nan,0.7316077773586789,0.463,0.2646579422306167,46,46,46,46,46,0,46,46,0,0,0,1,False,False,8.0,0,nan,nan,nan,nan,1.0,126.5374245596017,0.009713184154639442,1.550916949065213,159.67132140951196,1.8471312870123962,102.95285089620789,102.95285089620789,1088525.6837214953,50,logistic,100.0,stepsize_pilot
manuscript-pilot,L,pilot_logistic_d50_kX1e2_fb-gvi,FB--GVI,3602226593,47,0.05010292348919832,762.0636297656472,363.3479832374468,nan,16.31764230098725,7.288576397852048,821.3470464629858,0.05266347291131307,5.864285357957423,1.295978091110158,585.1888096760761,1118.0765400486425,52761.54608486694,21146.345565856413,5.0659310790360905,0.4097411371767521,,nan,nan,nan,nan,nan,0.7316404504101651,0.4638,0.2646752206164404,47,47,47,47,47,0,47,47,0,0,0,1,False,False,8.0,0,nan,nan,nan,nan,1.0,126.5374245596017,0.009713184154639442,1.550916949065213,159.67132140951196,1.8471312870123962,102.95285089620789,102.95285089620789,1088538.2810206471,50,logistic,100.0,stepsize_pilot
manuscript-pilot,L,pilot_logistic_d50_kX1e2_fb-gvi,FB--GVI,3602226593,48,0.05010292348919832,761.9911622903527,363.2755157621523,nan,16.31888847569056,7.283283701275986,821.0749717459981,0.05266161585239761,5.8622000038777,1.295897662982953,584.9429977095054,1117.6585744599706,52741.711926151685,21145.25238360482,5.172000045015011,0.41796742618316785,,nan,nan,nan,nan,nan,0.731631860876614,0.4628,0.26466683049529593,48,48,48,48,48,0,48,48,0,0,0,1,False,False,8.0,0,nan,nan,nan,nan,1.0,126.5374245596017,0.009713184154639442,1.550916949065213,159.67132140951196,1.8471312870123962,102.95285089620789,102.95285089620789,1088482.007905972,50,logistic,100.0,stepsize_pilot
manuscript-pilot,L,pilot_logistic_d50_kX1e2_fb-gvi,FB--GVI,3602226593,49,0.05010292348919832,762.0362352950496,363.32058876684914,nan,16.326081280298883,7.288747058296973,821.268942644912,0.052662787712090355,5.863830942467405,1.295835651336326,585.1471770435479,1117.9771779631017,52754.469613748624,21145.33350973786,5.287718392035458,0.42833840620005503,,nan,nan,nan,nan,nan,0.7316514225196804,0.4636,0.26467771904584697,49,49,49,49,49,0,49,49,0,0,0,1,False,False,8.0,0,nan,nan,nan,nan,1.0,126.5374245596017,0.009713184154639442,1.550916949065213,159.67132140951196,1.8471312870123962,102.95285089620789,102.95285089620789,1088486.183989311,50,logistic,100.0,stepsize_pilot
manuscript-pilot,L,pilot_logistic_d50_kX1e2_fb-gvi,FB--GVI,3602226593,50,0.05010292348919832,761.9928437518413,363.2771972236409,nan,16.32811322219959,7.285602867336622,821.0950449184293,0.05266260526421686,5.862453622388025,1.2957741810292296,584.9810312844872,1117.7011394237948,52741.59338840313,21144.535303159733,5.409897798032034,0.43868231523083523,,nan,nan,nan,nan,nan,0.7316508577510669,0.4628,0.2646737660340861,50,50,50,50,50,0,50,50,0,0,0,1,False,False,8.0,0,nan,nan,nan,nan,1.0,126.5374245596017,0.009713184154639442,1.550916949065213,159.67132140951196,1.8471312870123962,102.95285089620789,102.95285089620789,1088445.0951679002,50,logistic,100.0,stepsize_pilot
manuscript-pilot,L,pilot_logistic_d50_kX1e2_fb-gvi,FB--GVI,3602226593,51,0.05010292348919832,762.0162273493906,363.30058082119024,nan,16.33336757793186,7.28908996530977,821.2119573836317,0.05266245510532537,5.863510687256329,1.2957288761902737,585.1187677470173,1117.9051232143104,52749.1406594659,21144.514599415175,5.533564854995348,0.44919028523145244,,nan,nan,nan,nan,nan,0.7316611205668921,0.4632,0.2646800575578756,51,51,51,51,51,0,51,51,0,0,0,1,False,False,8.0,0,nan,nan,nan,nan,1.0,126.5374245596017,0.009713184154639442,1.550916949065213,159.67132140951196,1.8471312870123962,102.95285089620789,102.95285089620789,1088444.029413137,50,logistic,100.0,stepsize_pilot
manuscript-pilot,L,pilot_logistic_d50_kX1e2_fb-gvi,FB--GVI,3602226593,52,0.05010292348919832,761.9921142904478,363.2764677622474,nan,16.335773760381883,7.287376606672282,821.1047246088077,0.05266323881711196,5.862616398145471,1.2956818574421356,585.0074534500561,1117.7267663704768,52741.01283521403,21143.92980037338,5.656208261032589,0.4595292452722788,,nan,nan,nan,nan,nan,0.7316658605398825,0.4628,0.2646791771217547,52,52,52,52,52,0,52,52,0,0,0,1,False,False,8.0,0,nan,nan,nan,nan,1.0,126.5374245596017,0.009713184154639442,1.550916949065213,159.67132140951196,1.8471312870123962,102.95285089620789,102.95285089620789,1088413.9260488597,50,logistic,100.0,stepsize_pilot
manuscript-pilot,L,pilot_logistic_d50_kX1e2_fb-gvi,FB--GVI,3602226593,53,0.05010292348919832,762.0015650570551,363.2859185288547,nan,16.33963752287866,7.289520761191006,821.1702649624382,0.05266234584659619,5.863285257939728,1.2956488626247569,585.0995657311655,1117.8527748263066,52745.10397345465,21143.849188930068,5.770678998029325,0.4677454652846791,,nan,nan,nan,nan,nan,0.7316696550896009,0.4632,0.26468221477993004,53,53,53,53,53,0,53,53,0,0,0,1,False,False,8.0,0,nan,nan,nan,nan,1.0,126.5374245596017,0.009713184154639442,1.550916949065213,159.67132140951196,1.8471312870123962,102.95285089620789,102.95285089620789,1088409.7764599079,50,logistic,100.0,stepsize_pilot
manuscript-pilot,L,pilot_logistic_d50_kX1e2_fb-gvi,FB--GVI,3602226593,54,0.05010292348919832,761.9899775361888,363.2743310079884,nan,16.34215409758356,7.288741433775397,821.1077112924188,0.052663633317127555,5.862717317401513,1.2956128681023167,585.0257309655503,1117.7410141085818,52740.17975777783,21143.418852373918,5.878820654004812,0.47638827428454533,,nan,nan,nan,nan,nan,0.7316777238985616,0.4628,0.26468339804514907,54,54,54,54,54,0,54,54,0,0,0,1,False,False,8.0,0,nan,nan,nan,nan,1.0,126.5374245596017,0.009713184154639442,1.550916949065213,159.67132140951196,1.8471312870123962,102.95285089620789,102.95285089620789,1088387.6242722576,50,logistic,100.0,stepsize_pilot
manuscript-pilot,L,pilot_logistic_d50_kX1e2_fb-gvi,FB--GVI,3602226593,55,0.05010292348919832,761.9907732756292,363.27512674742877,nan,16.34501842267097,7.289984762132361,821.1396471124807,0.052662372263618376,5.863126640000934,1.2955889271597427,585.0867296319366,1117.8146393191353,52742.02580637112,21143.306307457373,5.987274911021814,0.4845952842733823,,nan,nan,nan,nan,nan,0.7316771384456835,0.463,0.2646841824686343,55,55,55,55,55,0,55,55,0,0,0,1,False,False,8.0,0,nan,nan,nan,nan,1.0,126.5374245596017,0.009713184154639442,1.550916949065213,159.67132140951196,1.8471312870123962,102.95285089620789,102.95285089620789,1088381.8308622516,50,logistic,100.0,stepsize_pilot
manuscript-pilot,L,pilot_logistic_d50_kX1e2_fb-gvi,FB--GVI,3602226593,56,0.05010292348919832,761.9871020331381,363.27145550493765,nan,16.34748260593046,7.289798578953036,821.1065425583278,0.05266386959350767,5.862776691581489,1.295561348366692,585.0383217186873,1117.7477594322074,52739.232300833115,21142.98789412476,6.095789868035354,0.49278755427803844,,nan,nan,nan,nan,nan,0.7316871171056073,0.4628,0.2646866898509139,56,56,56,56,56,0,56,56,0,0,0,1,False,False,8.0,0,nan,nan,nan,nan,1.0,126.5374245596017,0.009713184154639442,1.550916949065213,159.67132140951196,1.8471312870123962,102.95285089620789,102.95285089620789,1088365.4400820734,50,logistic,100.0,stepsize_pilot
manuscript-pilot,L,pilot_logistic_d50_kX1e2_fb-gvi,FB--GVI,3602226593,57,0.05010292348919832,761.9827871315625,363.2671406033621,nan,16.349626485525604,7.2904476160579,821.1170545569813,0.052662475830814286,5.863014955946498,1.2955440527036122,585.0782608103567,1117.7867541981725,52739.66133573656,21142.861669525406,6.203179455013014,0.5010475042508915,,nan,nan,nan,nan,nan,0.7316836798165749,0.4628,0.2646859611403351,57,57,57,57,57,0,57,57,0,0,0,1,False,False,8.0,0,nan,nan,nan,nan,1.0,126.5374245596017,0.009713184154639442,1.550916949065213,159.67132140951196,1.8471312870123962,102.95285089620789,102.95285089620789,1088358.9424908953,50,logistic,100.0,stepsize_pilot
manuscript-pilot,L,pilot_logistic_d50_kX1e2_fb-gvi,FB--GVI,3602226593,58,0.05010292348919832,761.9839229176904,363.26827638949,nan,16.351943715205383,7.2906231703534345,821.1029363084351,0.05266400304541696,5.862808635762905,1.295522903037242,585.0469603769378,1117.7496830903501,52738.25903501564,21142.62450962161,6.31023823202122,0.5096548342844471,,nan,nan,nan,nan,nan,0.7316945648540656,0.4628,0.2646892564738374,58,58,58,58,58,0,58,58,0,0,0,1,False,False,8.0,0,nan,nan,nan,nan,1.0,126.5374245596017,0.009713184154639442,1.550916949065213,159.67132140951196,1.8471312870123962,102.95285089620789,102.95285089620789,1088346.7343467884,50,logistic,100.0,stepsize_pilot
manuscript-pilot,L,pilot_logistic_d50_kX1e2_fb-gvi,FB--GVI,3602226593,59,0.05010292348919832,761.976838612107,363.2611920839066,nan,16.35356604923411,7.2908887619542915,821.1002858797716,0.052662618275354324,5.862936155493614,1.2955104733002714,585.0727621066821,1117.7662661362829,52737.83076138574,21142.496154023524,6.421200128039345,0.5182262142770924,,nan,nan,nan,nan,nan,0.7316893823609629,0.4628,0.2646875570266735,59,59,59,59,59,0,59,59,0,0,0,1,False,False,8.0,0,nan,nan,nan,nan,1.0,126.5374245596017,0.009713184154639442,1.550916949065213,159.67132140951196,1.8471312870123962,102.95285089620789,102.95285089620789,1088340.1270594124,50,logistic,100.0,stepsize_pilot
manuscript-pilot,L,pilot_logistic_d50_kX1e2_fb-gvi,FB--GVI,3602226593,60,0.05010292348919832,761.9807144445236,363.26506791632323,nan,16.355687017496734,7.291271061956825,821.0980366414016,0.05266407122512088,5.862822867462951,1.295494238798057,585.0528654557012,1117.7486199210541,52737.31447886279,21142.31814695904,6.530048315005843,0.5265511642792262,,nan,nan,nan,nan,nan,0.7317004789277207,0.4626,0.26469125727446535,60,60,60,60,60,0,60,60,0,0,0,1,False,False,8.0,0,nan,nan,nan,nan,1.0,126.5374245596017,0.009713184154639442,1.550916949065213,159.67132140951196,1.8471312870123962,102.95285089620789,102.95285089620789,1088330.9638920284,50,logistic,100.0,stepsize_pilot
manuscript-pilot,L,pilot_logistic_d50_kX1e2_fb-gvi,FB--GVI,3602226593,61,0.05010292348919832,761.9723740660946,363.2567275378942,nan,16.356929639800274,7.291296865633913,821.087753108839,0.05266277524912699,5.862880345153997,1.2954853623743166,585.0692633618582,1117.751123277949,52736.40179411313,21142.194640969887,6.638011422008276,0.534875524288509,,nan,nan,nan,nan,nan,0.7316943417268953,0.4628,0.2646889799425218,61,61,61,61,61,0,61,61,0,0,0,1,False,False,8.0,0,nan,nan,nan,nan,1.0,126.5374245596017,0.009713184154639442,1.550916949065213,159.67132140951196,1.8471312870123962,102.95285089620789,102.95285089620789,1088324.6062451852,50,logistic,100.0,stepsize_pilot
manuscript-pilot,L,pilot_logistic_d50_kX1e2_fb-gvi,FB--GVI,3602226593,62,0.05010292348919832,761.9776413817016,363.26199485350116,nan,16.35883437153585,7.291783887792194,821.0925891983393,0.05266409925764928,5.862826004382717,1.2954728885140263,585.0568887686713,1117.7458100427623,52736.43008792231,21142.059861010577,6.7484398080268875,0.5433651932980865,,nan,nan,nan,nan,nan,0.7317051828192643,0.4626,0.26469281679349116,62,62,62,62,62,0,62,62,0,0,0,1,False,False,8.0,0,nan,nan,nan,nan,1.0,126.5374245596017,0.009713184154639442,1.550916949065213,159.67132140951196,1.8471312870123962,102.95285089620789,102.95285089620789,1088317.668254658,50,logistic,100.0,stepsize_pilot
manuscript-pilot,L,pilot_logistic_d50_kX1e2_fb-gvi,FB--GVI,3602226593,63,0.05010292348919832,761.9689943506077,363.25334782240725,nan,16.359798532383444,7.291666651426923,821.078311142416,0.05266293185700438,5.8628405846893425,1.2954665986574976,585.0670958459185,1117.739851481316,52735.276850194015,21141.945120778473,6.85843779501738,0.5516533433110453,,nan,nan,nan,nan,nan,0.7316986454205043,0.4628,0.2646902417910089,63,63,63,63,63,0,63,63,0,0,0,1,False,False,8.0,0,nan,nan,nan,nan,1.0,126.5374245596017,0.009713184154639442,1.550916949065213,159.67132140951196,1.8471312870123962,102.95285089620789,102.95285089620789,1088311.7618376543,50,logistic,100.0,stepsize_pilot
manuscript-pilot,L,pilot_logistic_d50_kX1e2_fb-gvi,FB--GVI,3602226593,64,0.05010292348919832,761.9747951623368,363.2591486341364,nan,16.36148546149731,7.292192790721288,821.0870655597053,0.05266410368989669,5.862822495128814,1.2954570044398528,585.0596228194867,1117.742078263379,52735.62197440056,21141.84208452435,6.965519322024193,0.5598015133291483,,nan,nan,nan,nan,nan,0.7317089308890459,0.4626,0.26469403235029865,64,64,64,64,64,0,64,64,0,0,0,1,False,False,8.0,0,nan,nan,nan,nan,1.0,126.5374245596017,0.009713184154639442,1.550916949065213,159.67132140951196,1.8471312870123962,102.95285089620789,102.95285089620789,1088306.4578996003,50,logistic,100.0,stepsize_pilot
manuscript-pilot,L,pilot_logistic_d50_kX1e2_fb-gvi,FB--GVI,3602226593,65,0.05010292348919832,761.9664115182183,363.25076499001784,nan,16.362243592657162,7.291996718907337,821.0711340027465,0.0526630795215493,5.862812023327543,1.2954525904290632,585.0658023410579,1117.7313920976455,52734.38370210305,21141.73801091268,7.072330249007791,0.5678705433383584,,nan,nan,nan,nan,nan,0.7317023727094591,0.4626,0.264691355518539,65,65,65,65,65,0,65,65,0,0,0,1,False,False,8.0,0,nan,nan,nan,nan,1.0,126.5374245596017,0.009713184154639442,1.550916949065213,159.67132140951196,1.8471312870123962,102.95285089620789,102.95285089620789,1088301.1005620882,50,logistic,100.0,stepsize_pilot
manuscript-pilot,L,pilot_logistic_d50_kX1e2_fb-gvi,FB--GVI,3602226593,66,0.05010292348919832,761.9722190981554,363.256572569955,nan,16.363722160972806,7.29252116696783,821.0817509857427,0.05266409520605988,5.862815282689265,1.295445203123442,585.0614776264902,1117.7379616174524,52734.896281984635,21141.65842678951,7.180599016021006,0.576010953343939,,nan,nan,nan,nan,nan,0.7317119232992025,0.4626,0.26469497997050084,66,66,66,66,66,0,66,66,0,0,0,1,False,False,8.0,0,nan,nan,nan,nan,1.0,126.5374245596017,0.009713184154639442,1.550916949065213,159.67132140951196,1.8471312870123962,102.95285089620789,102.95285089620789,1088297.0038559048,50,logistic,100.0,stepsize_pilot
manuscript-pilot,L,pilot_logistic_d50_kX1e2_fb-gvi,FB--GVI,3602226593,67,0.05010292348919832,761.9644175492056,363.24877102100515,nan,16.36432625089488,7.29228805287213,821.0656253142234,0.05266321380439893,5.8627912823460875,1.295442143536651,585.065073093537,1117.724984714186,52733.66866185332,21141.565630375266,7.28733604203444,0.5841789523256011,,nan,nan,nan,nan,nan,0.7317055948529763,0.4626,0.26469233439053624,67,67,67,67,67,0,67,67,0,0,0,1,False,False,8.0,0,nan,nan,nan,nan,1.0,126.5374245596017,0.009713184154639442,1.550916949065213,159.67132140951196,1.8471312870123962,102.95285089620789,102.95285089620789,1088292.2270282053,50,logistic,100.0,stepsize_pilot
manuscript-pilot,L,pilot_logistic_d50_kX1e2_fb-gvi,FB--GVI,3602226593,68,0.05010292348919832,761.9699257901951,363.2542792619947,nan,16.365611972018357,7.292786683203824,821.0768058955316,0.052664080529435484,5.862806274438495,1.2954364490892645,585.0627354294284,1117.7337995682358,52734.252889109426,21141.50349812757,7.394096039002761,0.592349752318114,,nan,nan,nan,nan,nan,0.7317143176744383,0.4626,0.2646957190163859,68,68,68,68,68,0,68,68,0,0,0,1,False,False,8.0,0,nan,nan,nan,nan,1.0,126.5374245596017,0.009713184154639442,1.550916949065213,159.67132140951196,1.8471312870123962,102.95285089620789,102.95285089620789,1088289.0286821888,50,logistic,100.0,stepsize_pilot
manuscript-pilot,L,pilot_logistic_d50_kX1e2_fb-gvi,FB--GVI,3602226593,69,0.05010292348919832,761.9628618295656,363.24721530136515,nan,16.366099512940167,7.292543019175617,821.0613537088362,0.05266333290828226,5.8627760156192945,1.2954343622901843,585.0647004428465,1117.7200826390344,52733.09161605051,21141.42179441203,7.501568096049596,0.6004816322820261,,nan,nan,nan,nan,nan,0.7317083755232033,0.4626,0.2646931914973264,69,69,69,69,69,0,69,69,0,0,0,1,False,False,8.0,0,nan,nan,nan,nan,1.0,126.5374245596017,0.009713184154639442,1.550916949065213,159.67132140951196,1.8471312870123962,102.95285089620789,102.95285089620789,1088284.822866967,50,logistic,100.0,stepsize_pilot
manuscript-pilot,L,pilot_logistic_d50_kX1e2_fb-gvi,FB--GVI,3602226593,70,0.05010292348919832,761.9679090092194,363.252262481019,nan,16.367210746743673,7.293002757942159,821.0723086192118,0.052664063743772964,5.862796672878074,1.2954299676125844,585.0635894621095,1117.7297974471217,52733.68792843355,21141.37275800595,7.60746701300377,0.6086193122901022,,nan,nan,nan,nan,nan,0.7317162382219378,0.4626,0.2646962958086353,70,70,70,70,70,0,70,70,0,0,0,1,False,False,8.0,0,nan,nan,nan,nan,1.0,126.5374245596017,0.009713184154639442,1.550916949065213,159.67132140951196,1.8471312870123962,102.95285089620789,102.95285089620789,1088282.2986480652,50,logistic,100.0,stepsize_pilot
manuscript-pilot,L,pilot_logistic_d50_kX1e2_fb-gvi,FB--GVI,3602226593,71,0.05010292348919832,761.9616349614867,363.24598843328624,nan,16.367608948120075,7.292764699125093,821.058006327835,0.05266343665981397,5.862764598202028,1.2954285750403711,585.0645468683191,1117.7162921481513,52732.62241196301,21141.30150089532,7.713752220035531,0.616701272316277,,nan,nan,nan,nan,nan,0.7317107713302147,0.4626,0.26469393942586716,71,71,71,71,71,0,71,71,0,0,0,1,False,False,8.0,0,nan,nan,nan,nan,1.0,126.5374245596017,0.009713184154639442,1.550916949065213,159.67132140951196,1.8471312870123962,102.95285089620789,102.95285089620789,1088278.6305867222,50,logistic,100.0,stepsize_pilot
manuscript-pilot,L,pilot_logistic_d50_kX1e2_fb-gvi,FB--GVI,3602226593,72,0.05010292348919832,761.9661516848862,363.2505051566858,nan,16.368564850870797,7.293179649521323,821.0682848641968,0.05266404720315422,5.862787206707503,1.295425179316111,585.0641712973907,1117.726070790569,52733.19547406013,21141.262384387926,7.819392557023093,0.6248171823099256,,nan,nan,nan,nan,nan,0.7317177828749397,0.4626,0.26469674646199526,72,72,72,72,72,0,72,72,0,0,0,1,False,False,8.0,0,nan,nan,nan,nan,1.0,126.5374245596017,0.009713184154639442,1.550916949065213,159.67132140951196,1.8471312870123962,102.95285089620789,102.95285089620789,1088276.6170087454,50,logistic,100.0,stepsize_pilot
manuscript-pilot,L,pilot_logistic_d50_kX1e2_fb-gvi,FB--GVI,3602226593,73,0.05010292348919832,761.9606571465962,363.2450106183958,nan,16.36889361873306,7.292956458073115,821.0553554196866,0.05266352582932004,5.862755906644954,1.2954242782942849,585.0645226248452,1117.7133289208932,52732.238227420516,21141.200686756343,7.925831813015975,0.6329236113233492,,nan,nan,nan,nan,nan,0.7317128323939128,0.4626,0.26469459005120377,73,73,73,73,73,0,73,73,0,0,0,1,False,False,8.0,0,nan,nan,nan,nan,1.0,126.5374245596017,0.009713184154639442,1.550916949065213,159.67132140951196,1.8471312870123962,102.95285089620789,102.95285089620789,1088273.441035213,50,logistic,100.0,stepsize_pilot
manuscript-pilot,L,pilot_logistic_d50_kX1e2_fb-gvi,FB--GVI,3602226593,74,0.05010292348919832,761.9646311793516,363.2489846511512,nan,16.369712891829042,7.293325255754144,821.064727808633,0.05266403215206534,5.862778290982328,1.2954216511349534,585.0645700340017,1117.722676103741,52732.76864847856,21141.169161920407,8.032854849996511,0.6413558113272302,,nan,nan,nan,nan,nan,0.7317190288958167,0.4626,0.26469709910721667,74,74,74,74,74,0,74,74,0,0,0,1,False,False,8.0,0,nan,nan,nan,nan,1.0,126.5374245596017,0.009713184154639442,1.550916949065213,159.67132140951196,1.8471312870123962,102.95285089620789,102.95285089620789,1088271.8182493462,50,logistic,100.0,stepsize_pilot
manuscript-pilot,L,pilot_logistic_d50_kX1e2_fb-gvi,FB--GVI,3602226593,75,0.05010292348919832,761.959869862821,363.24422333462064,nan,16.36998693229836,7.293121674524417,821.0532343880418,0.05266360168473603,5.862749164744428,1.2954210947522065,585.0645701947815,1117.7109868695425,52731.921655976344,21141.1160380638,8.14210862701293,0.6495117513113655,,nan,nan,nan,nan,nan,0.7317146029265926,0.4626,0.264695154414234,75,75,75,75,75,0,75,75,0,0,0,1,False,False,8.0,0,nan,nan,nan,nan,1.0,126.5374245596017,0.009713184154639442,1.550916949065213,159.67132140951196,1.8471312870123962,102.95285089620789,102.95285089620789,1088269.083623102,50,logistic,100.0,stepsize_pilot
manuscript-pilot,L,pilot_logistic_d50_kX1e2_fb-gvi,FB--GVI,3602226593,76,0.05010292348919832,761.9633226837074,363.24767615550695,nan,16.370687105731623,7.293445702532732,821.0616116245677,0.05266401914296707,5.862770137131036,1.295419059558919,585.0648456869392,1117.7196320265944,52732.400328811185,21141.09038665358,8.247430784045719,0.6578518213354982,,nan,nan,nan,nan,nan,0.7317200372759309,0.4626,0.2646973756329442,76,76,76,76,76,0,76,76,0,0,0,1,False,False,8.0,0,nan,nan,nan,nan,1.0,126.5374245596017,0.009713184154639442,1.550916949065213,159.67132140951196,1.8471312870123962,102.95285089620789,102.95285089620789,1088267.7631801963,50,logistic,100.0,stepsize_pilot
manuscript-pilot,L,pilot_logistic_d50_kX1e2_fb-gvi,FB--GVI,3602226593,77,0.05010292348919832,761.9592299078026,363.2435833796022,nan,16.370917408669424,7.293263577985104,821.0515206399155,0.05266366570638036,5.862743835758021,1.2954187417993035,585.0646535575597,1117.7091158785486,52731.65931137414,21141.044841300773,8.355458201025613,0.6659359813202173,,nan,nan,nan,nan,nan,0.73171612180344,0.4626,0.2646956426613707,77,77,77,77,77,0,77,77,0,0,0,1,False,False,8.0,0,nan,nan,nan,nan,1.0,126.5374245596017,0.009713184154639442,1.550916949065213,159.67132140951196,1.8471312870123962,102.95285089620789,102.95285089620789,1088265.418668238,50,logistic,100.0,stepsize_pilot
manuscript-pilot,L,pilot_logistic_d50_kX1e2_fb-gvi,FB--GVI,3602226593,78,0.05010292348919832,761.9622013312775,363.24655480307706,nan,16.371514475997312,7.29354577807152,821.0589004285373,0.05266400831344432,5.862762827750731,1.295417163082445,585.065038479731,1117.716933749954,52732.08357956572,21141.0237851418,8.461368087038863,0.6740113603300415,,nan,nan,nan,nan,nan,0.7317208561939006,0.4626,0.2646975930515297,78,78,78,78,78,0,78,78,0,0,0,1,False,False,8.0,0,nan,nan,nan,nan,1.0,126.5374245596017,0.009713184154639442,1.550916949065213,159.67132140951196,1.8471312870123962,102.95285089620789,102.95285089620789,1088264.3347724404,50,logistic,100.0,stepsize_pilot
manuscript-pilot,L,pilot_logistic_d50_kX1e2_fb-gvi,FB--GVI,3602226593,79,0.05010292348919832,761.9587051389537,363.24305861075334,nan,16.371709361103573,7.293385159391839,821.0501233149955,0.0526637194109973,5.8627395474606185,1.2954170078494645,585.0647508440378,1117.7076059305327,52731.44080871225,21140.9848663811,8.568227484007366,0.6820878103026189,,nan,nan,nan,nan,nan,0.7317174231071729,0.4626,0.26469606402814283,79,79,79,79,79,0,79,79,0,0,0,1,False,False,8.0,0,nan,nan,nan,nan,1.0,126.5374245596017,0.009713184154639442,1.550916949065213,159.67132140951196,1.8471312870123962,102.95285089620789,102.95285089620789,1088262.3313737565,50,logistic,100.0,stepsize_pilot
manuscript-pilot,L,pilot_logistic_d50_kX1e2_fb-gvi,FB--GVI,3602226593,80,0.05010292348919832,761.9612434456782,363.24559691747777,nan,16.372217639880283,7.293629254254501,821.0565540764178,0.05266399956687388,5.862756366838555,1.2954157815596294,585.0651752542558,1117.7145627124612,52731.81190132756,21140.967445963324,8.674932481022552,0.6904137103119865,,nan,nan,nan,nan,nan,0.7317215237357773,0.4626,0.264697764569857,80,80,80,80,80,0,80,80,0,0,0,1,False,False,8.0,0,nan,nan,nan,nan,1.0,126.5374245596017,0.009713184154639442,1.550916949065213,159.67132140951196,1.8471312870123962,102.95285089620789,102.95285089620789,1088261.4346329197,50,logistic,100.0,stepsize_pilot
manuscript-pilot,L,pilot_logistic_d50_kX1e2_fb-gvi,FB--GVI,3602226593,81,0.05010292348919832,761.9582714274316,363.24262489923115,nan,16.37238349465739,7.293489129044356,821.0489745106466,0.0526637642488311,5.862736040298389,1.295415734585708,585.064849353554,1117.7063757984524,52731.25801871155,21140.934274205338,8.784677988034673,0.6987748303217813,,nan,nan,nan,nan,nan,0.7317185366389264,0.4626,0.26469642685345723,81,81,81,81,81,0,81,81,0,0,0,1,False,False,8.0,0,nan,nan,nan,nan,1.0,126.5374245596017,0.009713184154639442,1.550916949065213,159.67132140951196,1.8471312870123962,102.95285089620789,102.95285089620789,1088259.7270693928,50,logistic,100.0,stepsize_pilot
manuscript-pilot,L,pilot_logistic_d50_kX1e2_fb-gvi,FB--GVI,3602226593,82,0.05010292348919832,761.9604272153083,363.2447806871079,nan,16.372815626556324,7.293699125364789,821.054531801895,0.05266399268757623,5.86275071302643,1.2954147807368008,585.0652738642203,1117.7124930206226,52731.57935783867,21140.919761898178,8.892275195044931,0.7071376203093678,,nan,nan,nan,nan,nan,0.7317220700358043,0.4628,0.26469790042856445,82,82,82,82,82,0,82,82,0,0,0,1,False,False,8.0,0,nan,nan,nan,nan,1.0,126.5374245596017,0.009713184154639442,1.550916949065213,159.67132140951196,1.8471312870123962,102.95285089620789,102.95285089620789,1088258.9800276952,50,logistic,100.0,stepsize_pilot
manuscript-pilot,L,pilot_logistic_d50_kX1e2_fb-gvi,FB--GVI,3602226593,83,0.05010292348919832,761.9579104790956,363.2422639508952,nan,16.372957427713008,7.293577904804287,821.0480230053786,0.052663801548648394,5.862733131704761,1.2954148036294777,585.0649422086636,1117.70536499439,52731.104520004796,21140.89154326304,8.999912501021754,0.7154344793525524,,nan,nan,nan,nan,nan,0.7317194883913744,0.4626,0.2646967386146698,83,83,83,83,83,0,83,83,0,0,0,1,False,False,8.0,0,nan,nan,nan,nan,1.0,126.5374245596017,0.009713184154639442,1.550916949065213,159.67132140951196,1.8471312870123962,102.95285089620789,102.95285089620789,1088257.527433227,50,logistic,100.0,stepsize_pilot
manuscript-pilot,L,pilot_logistic_d50_kX1e2_fb-gvi,FB--GVI,3602226593,84,0.05010292348919832,761.9597329960008,363.24408646780034,nan,16.373324460754397,7.293757786275544,821.0527943991709,0.052663987411961474,5.862745801160457,1.2954140606673252,585.0653461662939,1117.7106956112855,52731.3806246211,21140.879381206916,9.107549067994114,0.7236469193012454,,nan,nan,nan,nan,nan,0.7317225189617668,0.4628,0.2646980085593225,84,84,84,84,84,0,84,84,0,0,0,1,False,False,8.0,0,nan,nan,nan,nan,1.0,126.5374245596017,0.009713184154639442,1.550916949065213,159.67132140951196,1.8471312870123962,102.95285089620789,102.95285089620789,1088256.9013740518,50,logistic,100.0,stepsize_pilot
manuscript-pilot,L,pilot_logistic_d50_kX1e2_fb-gvi,FB--GVI,3602226593,85,0.05010292348919832,761.9576082738018,363.24196174560143,nan,16.373446143647513,7.293653618839911,821.0472297652202,0.052663832493423136,5.862730691666029,1.2954141265353336,585.0650261363612,1117.7045280362343,52730.97519509354,21140.85541108017,9.213505535037257,0.7318259092862718,,nan,nan,nan,nan,nan,0.7317203009826192,0.4626,0.26469700597616125,85,85,85,85,85,0,85,85,0,0,0,1,False,False,8.0,0,nan,nan,nan,nan,1.0,126.5374245596017,0.009713184154639442,1.550916949065213,159.67132140951196,1.8471312870123962,102.95285089620789,102.95285089620789,1088255.6674776094,50,logistic,100.0,stepsize_pilot
manuscript-pilot,L,pilot_logistic_d50_kX1e2_fb-gvi,FB--GVI,3602226593,86,0.05010292348919832,761.9591433798254,363.24349685162497,nan,16.37375765851324,7.293807166190263,821.0513054374991,0.05266398347058336,5.862741555969131,1.295413547036144,585.0654000418896,1117.7091408730707,52731.21098868273,21140.845166645133,9.320285852008965,0.7399674992775545,,nan,nan,nan,nan,nan,0.7317228894420703,0.4628,0.2646980950991426,86,86,86,86,86,0,86,86,0,0,0,1,False,False,8.0,0,nan,nan,nan,nan,1.0,126.5374245596017,0.009713184154639442,1.550916949065213,159.67132140951196,1.8471312870123962,102.95285089620789,102.95285089620789,1088255.1401307129,50,logistic,100.0,stepsize_pilot
manuscript-pilot,L,pilot_logistic_d50_kX1e2_fb-gvi,FB--GVI,3602226593,87,0.05010292348919832,761.9573539452223,363.24170741702187,nan,16.37386238006151,7.29371813505402,821.0465647207607,0.05266385811498944,5.862728626073717,1.2954136372833076,585.0651000175072,1117.7038303611969,52730.86593068876,21140.82482728835,9.426142019045074,0.74804087926168,,nan,nan,nan,nan,nan,0.7317209940510203,0.4626,0.264697234846007,87,87,87,87,87,0,87,87,0,0,0,1,False,False,8.0,0,nan,nan,nan,nan,1.0,126.5374245596017,0.009713184154639442,1.550916949065213,159.67132140951196,1.8471312870123962,102.95285089620789,102.95285089620789,1088254.0931333299,50,logistic,100.0,stepsize_pilot
manuscript-pilot,L,pilot_logistic_d50_kX1e2_fb-gvi,FB--GVI,3602226593,88,0.05010292348919832,761.9586431233017,363.2429965951013,nan,16.374126635949676,7.293848829652463,821.0500318444565,0.0526639806113519,5.862737900427771,1.2954131846658574,585.0654407533726,1117.707800227854,52731.06631925665,21140.816161031253,9.532370155036915,0.7561805282603018,,nan,nan,nan,nan,nan,0.7317231965107612,0.4628,0.2646981647923484,88,88,88,88,88,0,88,88,0,0,0,1,False,False,8.0,0,nan,nan,nan,nan,1.0,126.5374245596017,0.009713184154639442,1.550916949065213,159.67132140951196,1.8471312870123962,102.95285089620789,102.95285089620789,1088253.6470253924,50,logistic,100.0,stepsize_pilot
manuscript-pilot,L,pilot_logistic_d50_kX1e2_fb-gvi,FB--GVI,3602226593,89,0.05010292348919832,761.9571389743193,363.24149244611885,nan,16.374216962884717,7.293773072011928,821.0460044490932,0.052663879299856727,5.862726865434831,1.2954132866461703,585.065163954999,1117.7032454077416,52730.77339404442,21140.7989158339,9.640596351993736,0.7643386872368865,,nan,nan,nan,nan,nan,0.7317215846121963,0.4628,0.26469743043676924,89,89,89,89,89,0,89,89,0,0,0,1,False,False,8.0,0,nan,nan,nan,nan,1.0,126.5374245596017,0.009713184154639442,1.550916949065213,159.67132140951196,1.8471312870123962,102.95285089620789,102.95285089620789,1088252.7593042767,50,logistic,100.0,stepsize_pilot
manuscript-pilot,L,pilot_logistic_d50_kX1e2_fb-gvi,FB--GVI,3602226593,90,0.05010292348919832,761.9582189969833,363.2425724687829,nan,16.37444104752941,7.2938840533659,821.0489440882911,0.05266397861080511,5.862734760618561,1.295412932657184,585.0654718464518,1117.706647020143,52730.94302280925,21140.791558347762,9.747529529035091,0.7725089772138745,,nan,nan,nan,nan,nan,0.7317234521303946,0.4628,0.2646982213043167,90,90,90,90,90,0,90,90,0,0,0,1,False,False,8.0,0,nan,nan,nan,nan,1.0,126.5374245596017,0.009713184154639442,1.550916949065213,159.67132140951196,1.8471312870123962,102.95285089620789,102.95285089620789,1088252.38056719,50,logistic,100.0,stepsize_pilot
manuscript-pilot,L,pilot_logistic_d50_kX1e2_fb-gvi,FB--GVI,3602226593,91,0.05010292348919832,761.9569566061942,363.24131007799383,nan,16.374519092281897,7.293819828031721,821.045530500226,0.052663896800990616,5.862725357248024,1.2954130379648228,585.0652186884511,1117.7027525260573,52730.694864803794,21140.776944410456,9.855190846021287,0.7805124172009528,,nan,nan,nan,nan,nan,0.731722087380063,0.4628,0.2646975973275191,91,91,91,91,91,0,91,91,0,0,0,1,False,False,8.0,0,nan,nan,nan,nan,1.0,126.5374245596017,0.009713184154639442,1.550916949065213,159.67132140951196,1.8471312870123962,102.95285089620789,102.95285089620789,1088251.6282939357,50,logistic,100.0,stepsize_pilot
manuscript-pilot,L,pilot_logistic_d50_kX1e2_fb-gvi,FB--GVI,3602226593,92,0.05010292348919832,761.9578595967918,363.24221306859135,nan,16.374709066932287,7.293913885057302,821.0480161152794,0.05266397727809122,5.862732068318627,1.2954127607540389,585.0654957455641,1117.705656954296,52730.837990943444,21140.77067950379,9.961132223019376,0.7887330772355199,,nan,nan,nan,nan,nan,0.7317236658398925,0.4628,0.2646982674659669,92,92,92,92,92,0,92,92,0,0,0,1,False,False,8.0,0,nan,nan,nan,nan,1.0,126.5374245596017,0.009713184154639442,1.550916949065213,159.67132140951196,1.8471312870123962,102.95285089620789,102.95285089620789,1088251.3057989348,50,logistic,100.0,stepsize_pilot
manuscript-pilot,L,pilot_logistic_d50_kX1e2_fb-gvi,FB--GVI,3602226593,93,0.05010292348919832,761.9568014260775,363.2411548978771,nan,16.374776586719058,7.2938596063565,821.0451281825808,0.05266391125234716,5.862724060870995,1.2954128639802929,585.0652652371614,1117.7023354757112,52730.62810754018,21140.758299626283,10.069850208994467,0.7969660261878744,,nan,nan,nan,nan,nan,0.7317225150541637,0.4628,0.26469773952503084,93,93,93,93,93,0,93,93,0,0,0,1,False,False,8.0,0,nan,nan,nan,nan,1.0,126.5374245596017,0.009713184154639442,1.550916949065213,159.67132140951196,1.8471312870123962,102.95285089620789,102.95285089620789,1088250.6685270933,50,logistic,100.0,stepsize_pilot
manuscript-pilot,L,pilot_logistic_d50_kX1e2_fb-gvi,FB--GVI,3602226593,94,0.05010292348919832,761.9575551426726,363.2419086144722,nan,16.374937620958438,7.293939188936134,821.0472251460551,0.05266397645465906,5.862729762150017,1.2954126466260147,585.0655141432694,1117.704808243445,52730.7485466339,21140.75295201616,10.176939146011136,0.8051614052383229,,nan,nan,nan,nan,nan,0.7317238452645238,0.4628,0.2646983054639517,94,94,94,94,94,0,94,94,0,0,0,1,False,False,8.0,0,nan,nan,nan,nan,1.0,126.5374245596017,0.009713184154639442,1.550916949065213,159.67132140951196,1.8471312870123962,102.95285089620789,102.95285089620789,1088250.3932512393,50,logistic,100.0,stepsize_pilot
manuscript-pilot,L,pilot_logistic_d50_kX1e2_fb-gvi,FB--GVI,3602226593,95,0.05010292348919832,761.956669048924,363.2410225207236,nan,16.37499609092271,7.29389343917537,821.0447856760907,0.052663923184060796,5.862722944070882,1.295412744459241,585.0653046911975,1117.7019813398222,52730.57127429063,21140.742466747935,10.284528513031546,0.813374885241501,,nan,nan,nan,nan,nan,0.7317228785757304,0.4628,0.2646978605227152,95,95,95,95,95,0,95,95,0,0,0,1,False,False,8.0,0,nan,nan,nan,nan,1.0,126.5374245596017,0.009713184154639442,1.550916949065213,159.67132140951196,1.8471312870123962,102.95285089620789,102.95285089620789,1088249.8535071113,50,logistic,100.0,stepsize_pilot
manuscript-pilot,L,pilot_logistic_d50_kX1e2_fb-gvi,FB--GVI,3602226593,96,0.05010292348919832,761.9572972801617,363.2416507519613,nan,16.375132584857337,7.293960681089321,821.046551399111,0.05266397601172217,5.862727787850149,1.2954125738379265,585.0655282527188,1117.7040815810856,52730.67239207387,21140.737892979647,10.39148493000539,0.8215903152595274,,nan,nan,nan,nan,nan,0.7317239965172783,0.4628,0.2646983369883235,96,96,96,96,96,0,96,96,0,0,0,1,False,False,8.0,0,nan,nan,nan,nan,1.0,126.5374245596017,0.009713184154639442,1.550916949065213,159.67132140951196,1.8471312870123962,102.95285089620789,102.95285089620789,1088249.618065869,50,logistic,100.0,stepsize_pilot
manuscript-pilot,L,pilot_logistic_d50_kX1e2_fb-gvi,FB--GVI,3602226593,97,0.05010292348919832,761.9565558902847,363.24090936208427,nan,16.375183252818648,7.293922209821295,821.0444933795521,0.052663933037137636,5.8627219807039355,1.295412664414563,585.0653380966612,1117.701679735047,52730.52282932581,21140.72901311226,10.498953327012714,0.8298835252062418,,nan,nan,nan,nan,nan,0.7317231873549949,0.4628,0.26469796335634355,97,97,97,97,97,0,97,97,0,0,0,1,False,False,8.0,0,nan,nan,nan,nan,1.0,126.5374245596017,0.009713184154639442,1.550916949065213,159.67132140951196,1.8471312870123962,102.95285089620789,102.95285089620789,1088249.1609620375,50,logistic,100.0,stepsize_pilot
manuscript-pilot,L,pilot_logistic_d50_kX1e2_fb-gvi,FB--GVI,3602226593,98,0.05010292348919832,761.9570788937654,363.24143236556495,nan,16.37529894583919,7.293978957265154,821.0459777850635,0.0526639758466164,5.862726098030029,1.2954125303332706,585.0655389699675,1117.703460009286,52730.60756000242,21140.7250947942,10.606477953027934,0.8381814141757786,,nan,nan,nan,nan,nan,0.7317241245147147,0.4628,0.2646983633469511,98,98,98,98,98,0,98,98,0,0,0,1,False,False,8.0,0,nan,nan,nan,nan,1.0,126.5374245596017,0.009713184154639442,1.550916949065213,159.67132140951196,1.8471312870123962,102.95285089620789,102.95285089620789,1088248.9592610302,50,logistic,100.0,stepsize_pilot
manuscript-pilot,L,pilot_logistic_d50_kX1e2_fb-gvi,FB--GVI,3602226593,99,0.05010292348919832,761.9564589955727,363.2408124673723,nan,16.375342873916583,7.293946672837843,821.0442434261118,0.05266394117695509,5.862721149148409,1.2954126127729426,585.0653663993496,1117.7014222322077,52730.481490527054,21140.71757449322,10.727764240000397,0.84953439416131,,nan,nan,nan,nan,nan,0.7317234494722494,0.4628,0.264698050655975,99,99,99,99,99,0,99,99,0,0,0,1,False,False,8.0,0,nan,nan,nan,nan,1.0,126.5374245596017,0.009713184154639442,1.550916949065213,159.67132140951196,1.8471312870123962,102.95285089620789,102.95285089620789,1088248.5721428173,50,logistic,100.0,stepsize_pilot
manuscript-pilot,L,pilot_logistic_d50_kX1e2_fb-gvi,FB--GVI,3602226593,100,0.05010292348919832,761.9568939367356,363.2412474085352,nan,16.375440940249305,7.293994514859156,821.045489598762,0.05266397587887116,5.862724651658698,1.2954125073029217,585.0655469776432,1117.702928732243,52730.55236942747,21140.714213201616,10.846927366044838,0.8604176431545056,,nan,nan,nan,nan,nan,0.7317242332254924,0.4628,0.26469838555397973,100,100,100,100,100,0,100,100,0,0,0,1,False,False,8.0,0,nan,nan,nan,nan,1.0,126.5374245596017,0.009713184154639442,1.550916949065213,159.67132140951196,1.8471312870123962,102.95285089620789,102.95285089620789,1088248.3991155406,50,logistic,100.0,stepsize_pilot
manuscript-pilot,L,pilot_logistic_d50_kX1e2_fb-gvi,FB--GVI,3602226593,101,0.05010292348919832,761.9563759114683,363.2407293832679,nan,16.37547903702546,7.2939674718369485,821.0440293199473,0.05266394790533444,5.862720431236778,1.29541258137709,585.0653904233662,1117.701201927421,52730.446183256565,21140.707843859276,10.978852692001965,0.8713087021606043,,nan,nan,nan,nan,nan,0.7317236718550931,0.4628,0.2646981246937736,101,101,101,101,101,0,101,101,0,0,0,1,False,False,8.0,0,nan,nan,nan,nan,1.0,126.5374245596017,0.009713184154639442,1.550916949065213,159.67132140951196,1.8471312870123962,102.95285089620789,102.95285089620789,1088248.0712445646,50,logistic,100.0,stepsize_pilot
manuscript-pilot,L,pilot_logistic_d50_kX1e2_fb-gvi,FB--GVI,3602226593,102,0.05010292348919832,761.9567372790135,363.2410907508131,nan,16.375562168868434,7.2940077704473465,821.0450742250789,0.0526639760464324,5.862723413423328,1.295412498341432,585.0655528108068,1117.7024749063573,52730.50538606681,21140.704957254897,11.107856459042523,0.8820806221337989,,nan,nan,nan,nan,nan,0.7317243258659378,0.4628,0.26469840439807174,102,102,102,102,102,0,102,102,0,0,0,1,False,False,8.0,0,nan,nan,nan,nan,1.0,126.5374245596017,0.009713184154639442,1.550916949065213,159.67132140951196,1.8471312870123962,102.95285089620789,102.95285089620789,1088247.9226524893,50,logistic,100.0,stepsize_pilot
manuscript-pilot,L,pilot_logistic_d50_kX1e2_fb-gvi,FB--GVI,3602226593,103,0.05010292348919832,761.9563045879469,363.24065805974647,nan,16.375595214659352,7.293985155208568,821.0438456608605,0.052663953471040685,5.862719811517495,1.2954125642395626,585.0654108696383,1117.7010131213126,52730.416003719976,21140.69956207323,11.215095795050729,0.8902004210976884,,nan,nan,nan,nan,nan,0.7317238604341862,0.4628,0.26469818742760504,103,103,103,103,103,0,103,103,0,0,0,1,False,False,8.0,0,nan,nan,nan,nan,1.0,126.5374245596017,0.009713184154639442,1.550916949065213,159.67132140951196,1.8471312870123962,102.95285089620789,102.95285089620789,1088247.6449278225,50,logistic,100.0,stepsize_pilot
manuscript-pilot,L,pilot_logistic_d50_kX1e2_fb-gvi,FB--GVI,3602226593,104,0.05010292348919832,761.9566045734556,363.2409580452552,nan,16.375665693993447,7.294019073871939,821.0447208670788,0.05266397630218673,5.862722353057181,1.2954124988186153,585.0655568988662,1117.7020874264479,52730.465387457014,21140.697080905185,11.32165812200401,0.8983278510859236,,nan,nan,nan,nan,nan,0.7317244050539689,0.4628,0.26469842049492676,104,104,104,104,104,0,104,104,0,0,0,1,False,False,8.0,0,nan,nan,nan,nan,1.0,126.5374245596017,0.009713184154639442,1.550916949065213,159.67132140951196,1.8471312870123962,102.95285089620789,102.95285089620789,1088247.5172061606,50,logistic,100.0,stepsize_pilot
manuscript-pilot,L,pilot_logistic_d50_kX1e2_fb-gvi,FB--GVI,3602226593,105,0.05010292348919832,761.9562433027277,363.24059677452726,nan,16.375694361022124,7.29400018982213,821.0436879330979,0.0526639580787987,5.862719276733476,1.2954125569847994,585.0654283248654,1117.700851076339,52730.39018960192,21140.692510176992,11.429821758996695,0.9064645310863853,,nan,nan,nan,nan,nan,0.7317240202797151,0.4628,0.26469824054044777,105,105,105,105,105,0,105,105,0,0,0,1,False,False,8.0,0,nan,nan,nan,nan,1.0,126.5374245596017,0.009713184154639442,1.550916949065213,159.67132140951196,1.8471312870123962,102.95285089620789,102.95285089620789,1088247.2819214116,50,logistic,100.0,stepsize_pilot
manuscript-pilot,L,pilot_logistic_d50_kX1e2_fb-gvi,FB--GVI,3602226593,106,0.05010292348919832,761.9564921394248,363.24084561122436,nan,16.37575412130024,7.294028719635096,821.0444203004175,0.05266397661096724,5.862721444688167,1.2954125054120291,585.0655595924361,1117.7017567196735,52730.43133249243,21140.690375941773,11.538238456007093,0.9145004210877232,,nan,nan,nan,nan,nan,0.7317244729302913,0.4628,0.2646984343276108,106,106,106,106,106,0,106,106,0,0,0,1,False,False,8.0,0,nan,nan,nan,nan,1.0,126.5374245596017,0.009713184154639442,1.550916949065213,159.67132140951196,1.8471312870123962,102.95285089620789,102.95285089620789,1088247.1720586114,50,logistic,100.0,stepsize_pilot
manuscript-pilot,L,pilot_logistic_d50_kX1e2_fb-gvi,FB--GVI,3602226593,107,0.05010292348919832,761.9561906022964,363.24054407409596,nan,16.375778990044868,7.294012972898549,821.0435523415119,0.05266396189693196,5.862718815443385,1.2954125564322843,585.0654432751427,1117.7007118310016,52730.36809633272,21140.686502974397,11.645721542998217,0.9226091611199081,,nan,nan,nan,nan,nan,0.7317241557206097,0.4628,0.26469828547575824,107,107,107,107,107,0,107,107,0,0,0,1,False,False,8.0,0,nan,nan,nan,nan,1.0,126.5374245596017,0.009713184154639442,1.550916949065213,159.67132140951196,1.8471312870123962,102.95285089620789,102.95285089620789,1088246.972692095,50,logistic,100.0,stepsize_pilot
manuscript-pilot,L,pilot_logistic_d50_kX1e2_fb-gvi,FB--GVI,3602226593,108,0.05010292348919832,761.956396862333,363.2407503341326,nan,16.375829668966436,7.294036956173423,821.0441646549797,0.052663976947004996,5.862720666236511,1.2954125157596752,585.0655611809132,1117.7014745536758,52730.40233500419,21140.684666064157,11.75282984902151,0.9306387801188976,,nan,nan,nan,nan,nan,0.7317245312538938,0.4628,0.26469844627745276,108,108,108,108,108,0,108,108,0,0,0,1,False,False,8.0,0,nan,nan,nan,nan,1.0,126.5374245596017,0.009713184154639442,1.550916949065213,159.67132140951196,1.8471312870123962,102.95285089620789,102.95285089620789,1088246.878134522,50,logistic,100.0,stepsize_pilot
manuscript-pilot,L,pilot_logistic_d50_kX1e2_fb-gvi,FB--GVI,3602226593,109,0.05010292348919832,761.9561452553004,363.2404987271,nan,16.3758512415877,7.29402384224609,821.0434356829375,0.05266396506376558,5.862718417736992,1.295412560285479,585.0654561208548,1117.700592055848,52730.349177757984,21140.681383680963,11.859819546050858,0.938770710141398,,nan,nan,nan,nan,nan,0.7317242704484198,0.4628,0.264698323469001,109,109,109,109,109,0,109,109,0,0,0,1,False,False,8.0,0,nan,nan,nan,nan,1.0,126.5374245596017,0.009713184154639442,1.550916949065213,159.67132140951196,1.8471312870123962,102.95285089620789,102.95285089620789,1088246.7091691683,50,logistic,100.0,stepsize_pilot
manuscript-pilot,L,pilot_logistic_d50_kX1e2_fb-gvi,FB--GVI,3602226593,110,0.05010292348919832,761.9563161074796,363.24066957927914,nan,16.37589422610559,7.294043993450299,821.0439472229465,0.05266397729182404,5.862719998874231,1.29541252820215,585.0655619043567,1117.701233861996,52730.37764098438,21140.679801901624,11.971089743019547,0.9468850501580164,,nan,nan,nan,nan,nan,0.7317245814773672,0.4628,0.2646984566476636,110,110,110,110,110,0,110,110,0,0,0,1,False,False,8.0,0,nan,nan,nan,nan,1.0,126.5374245596017,0.009713184154639442,1.550916949065213,159.67132140951196,1.8471312870123962,102.95285089620789,102.95285089620789,1088246.627744822,50,logistic,100.0,stepsize_pilot
manuscript-pilot,L,pilot_logistic_d50_kX1e2_fb-gvi,FB--GVI,3602226593,111,0.05010292348919832,761.9561062153,363.2404596870996,nan,16.375912937604404,7.294033085051934,821.0433352440857,0.05266396769296314,5.862718075013939,1.2954125669000376,585.065467191003,1117.700488940539,52730.33297028753,21140.67701945353,12.07635794003727,0.9548696702113375,,nan,nan,nan,nan,nan,0.7317243676075877,0.4628,0.2646983555755961,111,111,111,111,111,0,111,111,0,0,0,1,False,False,8.0,0,nan,nan,nan,nan,1.0,126.5374245596017,0.009713184154639442,1.550916949065213,159.67132140951196,1.8471312870123962,102.95285089620789,102.95285089620789,1088246.4845143403,50,logistic,100.0,stepsize_pilot
manuscript-pilot,L,pilot_logistic_d50_kX1e2_fb-gvi,FB--GVI,3602226593,112,0.05010292348919832,761.9562476464962,363.2406011182958,nan,16.3759494022174,7.29405000920305,821.0437622915539,0.05266397763254949,5.862719426549838,1.2954125415917654,585.0655619619411,1117.7010285878202,52730.35660901985,21140.675656825915,12.187155196035746,0.9661920791841112,,nan,nan,nan,nan,nan,0.7317246248063887,0.4628,0.26469846568135574,112,112,112,112,112,0,112,112,0,0,0,1,False,False,8.0,0,nan,nan,nan,nan,1.0,126.5374245596017,0.009713184154639442,1.550916949065213,159.67132140951196,1.8471312870123962,102.95285089620789,102.95285089620789,1088246.4143711412,50,logistic,100.0,stepsize_pilot
manuscript-pilot,L,pilot_logistic_d50_kX1e2_fb-gvi,FB--GVI,3602226593,113,0.05010292348919832,761.9560725906754,363.24042606247497,nan,16.375965629798326,7.294040945411352,821.0432487196222,0.0526639698779475,5.86271777980536,1.2954125751110437,585.0654767560618,1117.7004001042333,52730.31907981173,21140.673297647936,12.30690946301911,0.9748959392309189,,nan,nan,nan,nan,nan,0.7317244498737089,0.4628,0.26469838269556484,113,113,113,113,113,0,113,113,0,0,0,1,False,False,8.0,0,nan,nan,nan,nan,1.0,126.5374245596017,0.009713184154639442,1.550916949065213,159.67132140951196,1.8471312870123962,102.95285089620789,102.95285089620789,1088246.292929092,50,logistic,100.0,stepsize_pilot
manuscript-pilot,L,pilot_logistic_d50_kX1e2_fb-gvi,FB--GVI,3602226593,114,0.05010292348919832,761.9561895947687,363.2405430665683,nan,16.375996569073948,7.2940551541065055,821.0436049982774,0.05266397796052224,5.862718935576186,1.2954125551515239,585.0655615183146,1117.7008535457044,52730.33869355229,21140.672123428332,12.411434940004256,0.9829986892291345,,nan,nan,nan,nan,nan,0.731724662246789,0.4628,0.2646984735752659,114,114,114,114,114,0,114,114,0,0,0,1,False,False,8.0,0,nan,nan,nan,nan,1.0,126.5374245596017,0.009713184154639442,1.550916949065213,159.67132140951196,1.8471312870123962,102.95285089620789,102.95285089620789,1088246.232484464,50,logistic,100.0,stepsize_pilot
manuscript-pilot,L,pilot_logistic_d50_kX1e2_fb-gvi,FB--GVI,3602226593,115,0.05010292348919832,761.9560436200721,363.2403970918717,nan,16.376010640066745,7.294047630761374,821.0431741457741,0.05266397169554775,5.862717525625926,1.2954125841047415,585.0654850389963,1117.700323523692,52730.30717085112,21140.67012268032,12.515585437009577,0.9910046192235313,,nan,nan,nan,nan,nan,0.7317245195212223,0.4628,0.2646984055951609,115,115,115,115,115,0,115,115,0,0,0,1,False,False,8.0,0,nan,nan,nan,nan,1.0,126.5374245596017,0.009713184154639442,1.550916949065213,159.67132140951196,1.8471312870123962,102.95285089620789,102.95285089620789,1088246.1294931083,50,logistic,100.0,stepsize_pilot
manuscript-pilot,L,pilot_logistic_d50_kX1e2_fb-gvi,FB--GVI,3602226593,116,0.05010292348919832,761.9561403583358,363.2404938301354,nan,16.376036896228605,7.294059556057987,821.0434712060452,0.05266397827024303,5.862718514276544,1.2954125683710254,585.0655607086794,1117.7007043002975,52730.32343057237,21140.669110553397,12.629015283018816,1.0013471082202159,,nan,nan,nan,nan,nan,0.7317246946418734,0.4628,0.2646984804901916,116,116,116,116,116,0,116,116,0,0,0,1,False,False,8.0,0,nan,nan,nan,nan,1.0,126.5374245596017,0.009713184154639442,1.550916949065213,159.67132140951196,1.8471312870123962,102.95285089620789,102.95285089620789,1088246.0773924321,50,logistic,100.0,stepsize_pilot
manuscript-pilot,L,pilot_logistic_d50_kX1e2_fb-gvi,FB--GVI,3602226593,117,0.05010292348919832,761.956018652206,363.2403721240056,nan,16.37604909483376,7.294053317369134,821.0431098460936,0.05266397320898259,5.862717306848273,1.2954125933232483,585.0654922244671,1117.7002574750802,52730.29695750889,21140.667413390765,12.747684110014234,1.0116217882023193,,nan,nan,nan,nan,nan,0.731724578481829,0.4628,0.2646984249257761,117,117,117,117,117,0,117,117,0,0,0,1,False,False,8.0,0,nan,nan,nan,nan,1.0,126.5374245596017,0.009713184154639442,1.550916949065213,159.67132140951196,1.8471312870123962,102.95285089620789,102.95285089620789,1088245.9900285664,50,logistic,100.0,stepsize_pilot
manuscript-pilot,L,pilot_logistic_d50_kX1e2_fb-gvi,FB--GVI,3602226593,118,0.05010292348919832,761.9560985889059,363.2404520607055,nan,16.376071381140534,7.294063323745751,821.0433573960805,0.05266397855851413,5.862718152682447,1.2954125809301502,585.0655596430221,1117.7005770606113,52730.310425422846,21140.66654079949,12.866122196021024,1.021293718193192,,nan,nan,nan,nan,nan,0.7317247227021002,0.4628,0.2646984865589216,118,118,118,118,118,0,118,118,0,0,0,1,False,False,8.0,0,nan,nan,nan,nan,1.0,126.5374245596017,0.009713184154639442,1.550916949065213,159.67132140951196,1.8471312870123962,102.95285089620789,102.95285089620789,1088245.9451106868,50,logistic,100.0,stepsize_pilot
manuscript-pilot,L,pilot_logistic_d50_kX1e2_fb-gvi,FB--GVI,3602226593,119,0.05010292348919832,761.9559971291136,363.2403506009132,nan,16.3760819542032,7.294058155007766,821.0430543867544,0.05266397447033111,5.862717118594316,1.2954126023940693,585.065498466302,1117.700200486362,52730.28819590363,21140.665100825416,12.98580063303234,1.031518688192591,,nan,nan,nan,nan,nan,0.7317246283948049,0.4628,0.2646984412404005,119,119,119,119,119,0,119,119,0,0,0,1,False,False,8.0,0,nan,nan,nan,nan,1.0,126.5374245596017,0.009713184154639442,1.550916949065213,159.67132140951196,1.8471312870123962,102.95285089620789,102.95285089620789,1088245.8709859685,50,logistic,100.0,stepsize_pilot
manuscript-pilot,L,pilot_logistic_d50_kX1e2_fb-gvi,FB--GVI,3602226593,120,0.05010292348919832,761.9560631458141,363.24041661761373,nan,16.376100874749174,7.2940665496297985,821.0432605761729,0.05266397882381982,5.862717842277265,1.2954125926428828,585.0655584098033,1117.7004685883578,52730.29934241807,21140.664348411396,13.105067039025016,1.0418811081908643,,nan,nan,nan,nan,nan,0.7317247470287559,0.4628,0.2646984918922592,120,120,120,120,120,0,120,120,0,0,0,1,False,False,8.0,0,nan,nan,nan,nan,1.0,126.5374245596017,0.009713184154639442,1.550916949065213,159.67132140951196,1.8471312870123962,102.95285089620789,102.95285089620789,1088245.8322543844,50,logistic,100.0,stepsize_pilot
manuscript-pilot,L,pilot_logistic_d50_kX1e2_fb-gvi,FB--GVI,3602226593,121,0.05010292348919832,761.9559785721817,363.2403320439813,nan,16.376110036720956,7.29406227093649,821.0430065395045,0.05266397552251712,5.862716956640342,1.2954126110779653,585.0655038935154,1117.7001512981228,52730.280677817944,21140.663126368345,13.224483085039537,1.0521884871996008,,nan,nan,nan,nan,nan,0.7317246706502454,0.4628,0.2646984550079015,121,121,121,121,121,0,121,121,0,0,0,1,False,False,8.0,0,nan,nan,nan,nan,1.0,126.5374245596017,0.009713184154639442,1.550916949065213,159.67132140951196,1.8471312870123962,102.95285089620789,102.95285089620789,1088245.7693479764,50,logistic,100.0,stepsize_pilot
manuscript-pilot,L,pilot_logistic_d50_kX1e2_fb-gvi,FB--GVI,3602226593,122,0.05010292348919832,761.9560330638586,363.2403865356582,nan,16.37612610319812,7.294069312438629,821.0431782022619,0.05266397906580669,5.862717575778716,1.2954126034166251,585.0655570791681,1117.7003761186954,52730.289896004164,21140.66247750163,13.343658382014837,1.062404347176198,,nan,nan,nan,nan,nan,0.7317247681329165,0.4628,0.26469849658360284,122,122,122,122,122,0,122,122,0,0,0,1,False,False,8.0,0,nan,nan,nan,nan,1.0,126.5374245596017,0.009713184154639442,1.550916949065213,159.67132140951196,1.8471312870123962,102.95285089620789,102.95285089620789,1088245.7359466373,50,logistic,100.0,stepsize_pilot
manuscript-pilot,L,pilot_logistic_d50_kX1e2_fb-gvi,FB--GVI,3602226593,123,0.05010292348919832,761.955962570433,363.2403160422326,nan,16.376134040414787,7.294065773285877,821.042965250764,0.052663976400992484,5.862716817333772,1.2954126192306075,585.0655086150831,1117.7001088310979,52730.274225342546,21140.661440166055,13.462638108001556,1.0726535961730406,,nan,nan,nan,nan,nan,0.731724706426168,0.4628,0.2646984666253715,123,123,123,123,123,0,123,123,0,0,0,1,False,False,8.0,0,nan,nan,nan,nan,1.0,126.5374245596017,0.009713184154639442,1.550916949065213,159.67132140951196,1.8471312870123962,102.95285089620789,102.95285089620789,1088245.68254831,50,logistic,100.0,stepsize_pilot
manuscript-pilot,L,pilot_logistic_d50_kX1e2_fb-gvi,FB--GVI,3602226593,124,0.05010292348919832,761.9560075261388,363.2403609979384,nan,16.376147686299248,7.294071679265498,821.0431081115586,0.052663979284931474,5.862717346954994,1.295412613222439,585.065555705831,1117.7002972919822,52730.28184324865,21140.660880548647,13.581661514996085,1.0829628861974925,,nan,nan,nan,nan,nan,0.7317247864506975,0.4628,0.2646985007124329,124,124,124,124,124,0,124,124,0,0,0,1,False,False,8.0,0,nan,nan,nan,nan,1.0,126.5374245596017,0.009713184154639442,1.550916949065213,159.67132140951196,1.8471312870123962,102.95285089620789,102.95285089620789,1088245.653741206,50,logistic,100.0,stepsize_pilot
manuscript-pilot,L,pilot_logistic_d50_kX1e2_fb-gvi,FB--GVI,3602226593,125,0.05010292348919832,761.9559487706514,363.240302242451,nan,16.376154560677033,7.294068753935916,821.0429296157239,0.05266397713502978,5.862716697519482,1.295412626774439,585.0655127237019,1117.7000721590837,52730.26868636763,21140.659999797354,13.693852171010803,1.0909189151716419,,nan,nan,nan,nan,nan,0.7317247367202883,0.4628,0.2646984764287739,125,125,125,125,125,0,125,125,0,0,0,1,False,False,8.0,0,nan,nan,nan,nan,1.0,126.5374245596017,0.009713184154639442,1.550916949065213,159.67132140951196,1.8471312870123962,102.95285089620789,102.95285089620789,1088245.6084032778,50,logistic,100.0,stepsize_pilot
manuscript-pilot,L,pilot_logistic_d50_kX1e2_fb-gvi,FB--GVI,3602226593,126,0.05010292348919832,761.9559858411121,363.2403393129117,nan,16.376166153233434,7.2940737073321165,821.0430484655194,0.052663979482181156,5.86271715046908,1.2954126220737545,585.0655543315951,1117.7002300950448,52730.27497745249,21140.659517127395,13.79711646802025,1.0988797741592862,,nan,nan,nan,nan,nan,0.7317248023555801,0.4628,0.2646985043469759,126,126,126,126,126,0,126,126,0,0,0,1,False,False,8.0,0,nan,nan,nan,nan,1.0,126.5374245596017,0.009713184154639442,1.550916949065213,159.67132140951196,1.8471312870123962,102.95285089620789,102.95285089620789,1088245.5835571536,50,logistic,100.0,stepsize_pilot
manuscript-pilot,L,pilot_logistic_d50_kX1e2_fb-gvi,FB--GVI,3602226593,127,0.05010292348919832,761.9559368690335,363.2402903408331,nan,16.376172105469152,7.294071290961823,821.0428988565491,0.05266397774886311,5.8627165944751205,1.2954126336780634,585.0655162987498,1117.700040486245,52730.26393075749,21140.6587691492,13.900945375033189,1.1067838831804693,,nan,nan,nan,nan,nan,0.7317247623771883,0.4628,0.26469848470209495,127,127,127,127,127,0,127,127,0,0,0,1,False,False,8.0,0,nan,nan,nan,nan,1.0,126.5374245596017,0.009713184154639442,1.550916949065213,159.67132140951196,1.8471312870123962,102.95285089620789,102.95285089620789,1088245.5450539098,50,logistic,100.0,stepsize_pilot
manuscript-pilot,L,pilot_logistic_d50_kX1e2_fb-gvi,FB--GVI,3602226593,128,0.05010292348919832,761.9559674232218,363.24032089502134,nan,16.376181955908162,7.294075445475387,821.0429977012985,0.05266397965887377,5.862716981747059,1.295412630011046,585.0655529875936,1117.700172810801,52730.26912272304,21140.658352835897,14.003950842015911,1.1146964331855997,,nan,nan,nan,nan,nan,0.7317248161684263,0.4628,0.26469850754624924,128,128,128,128,128,0,128,128,0,0,0,1,False,False,8.0,0,nan,nan,nan,nan,1.0,126.5374245596017,0.009713184154639442,1.550916949065213,159.67132140951196,1.8471312870123962,102.95285089620789,102.95285089620789,1088245.5236235892,50,logistic,100.0,stepsize_pilot
manuscript-pilot,L,pilot_logistic_d50_kX1e2_fb-gvi,FB--GVI,3602226593,129,0.05010292348919832,761.9559266041067,363.2402800759063,nan,16.376187108253415,7.294073450712103,821.042872303969,0.052663978262554326,5.8627165058540065,1.295412639941432,585.065519408601,1117.7000131280342,52730.25984711868,21140.657717465947,14.107874109002296,1.1229638531804085,,nan,nan,nan,nan,nan,0.7317247841115133,0.4628,0.2646984916851934,129,129,129,129,129,0,129,129,0,0,0,1,False,False,8.0,0,nan,nan,nan,nan,1.0,126.5374245596017,0.009713184154639442,1.550916949065213,159.67132140951196,1.8471312870123962,102.95285089620789,102.95285089620789,1088245.4909170154,50,logistic,100.0,stepsize_pilot
manuscript-pilot,L,pilot_logistic_d50_kX1e2_fb-gvi,FB--GVI,3602226593,130,0.05010292348919832,761.9559517765384,363.240305248338,nan,16.376195480326363,7.294076935402714,821.0429544904266,0.05266397981649436,5.862716836866573,1.2954126370909342,585.0655516962303,1117.700123975052,52730.26412936301,21140.65735838681,14.21169742604252,1.1309995331685059,,nan,nan,nan,nan,nan,0.7317248281656633,0.4628,0.26469851036164094,130,130,130,130,130,0,130,130,0,0,0,1,False,False,8.0,0,nan,nan,nan,nan,1.0,126.5374245596017,0.009713184154639442,1.550916949065213,159.67132140951196,1.8471312870123962,102.95285089620789,102.95285089620789,1088245.4724329049,50,logistic,100.0,stepsize_pilot
manuscript-pilot,L,pilot_logistic_d50_kX1e2_fb-gvi,FB--GVI,3602226593,131,0.05010292348919832,761.9559177507081,363.24027122250766,nan,16.376199938995327,7.294075289573803,821.0428493816896,0.05266397869274527,5.862716429635034,1.2954126455848662,585.065522112465,1117.699989495079,52730.2563400537,21140.656818544354,14.315557563037146,1.1390091931680217,,nan,nan,nan,nan,nan,0.7317248025277441,0.4628,0.2646984975805156,131,131,131,131,131,0,131,131,0,0,0,1,False,False,8.0,0,nan,nan,nan,nan,1.0,126.5374245596017,0.009713184154639442,1.550916949065213,159.67132140951196,1.8471312870123962,102.95285089620789,102.95285089620789,1088245.444643745,50,logistic,100.0,stepsize_pilot
manuscript-pilot,L,pilot_logistic_d50_kX1e2_fb-gvi,FB--GVI,3602226593,132,0.05010292348919832,761.9559384809471,363.2402919527467,nan,16.376207056266605,7.29407821275363,821.0429177036671,0.05266397995661698,5.8627167124622375,1.2954126433787512,585.0655504728751,1117.7000823395094,52730.25986994893,21140.65650883812,14.419988440000452,1.1470093331299722,,nan,nan,nan,nan,nan,0.7317248385860116,0.4628,0.2646985128381399,132,132,132,132,132,0,132,132,0,0,0,1,False,False,8.0,0,nan,nan,nan,nan,1.0,126.5374245596017,0.009713184154639442,1.550916949065213,159.67132140951196,1.8471312870123962,102.95285089620789,102.95285089620789,1088245.4287011751,50,logistic,100.0,stepsize_pilot
manuscript-pilot,L,pilot_logistic_d50_kX1e2_fb-gvi,FB--GVI,3602226593,133,0.05010292348919832,761.9559101148445,363.2402635866441,nan,16.376210913527117,7.294076855471917,821.0428295931331,0.052663979053249266,5.862716364078684,1.295412650641544,585.0655244618224,1117.699969079517,52730.253327825354,21140.65605005154,14.523785627039615,1.1549685331410728,,nan,nan,nan,nan,nan,0.731724818137033,0.4628,0.2646985025588292,133,133,133,133,133,0,133,133,0,0,0,1,False,False,8.0,0,nan,nan,nan,nan,1.0,126.5374245596017,0.009713184154639442,1.550916949065213,159.67132140951196,1.8471312870123962,102.95285089620789,102.95285089620789,1088245.405084482,50,logistic,100.0,stepsize_pilot
manuscript-pilot,L,pilot_logistic_d50_kX1e2_fb-gvi,FB--GVI,3602226593,134,0.05010292348919832,761.955927180476,363.2402806522756,nan,16.376216965528563,7.294079307998655,821.0428863811201,0.05266398008081706,5.862716605645281,1.295412648943259,585.0655493272977,1117.700046840133,52730.25623600676,21140.655782941303,14.627353664021939,1.1629978031269275,,nan,nan,nan,nan,nan,0.7317248476360484,0.4628,0.264698515015305,134,134,134,134,134,0,134,134,0,0,0,1,False,False,8.0,0,nan,nan,nan,nan,1.0,126.5374245596017,0.009713184154639442,1.550916949065213,159.67132140951196,1.8471312870123962,102.95285089620789,102.95285089620789,1088245.3913346017,50,logistic,100.0,stepsize_pilot
manuscript-pilot,L,pilot_logistic_d50_kX1e2_fb-gvi,FB--GVI,3602226593,135,0.05010292348919832,761.9559035293148,363.2402570011144,nan,16.376220301519524,7.294078189142896,821.0428125101747,0.05266397935554956,5.862716307688727,1.295412655151886,585.0655265015869,1117.6999514434258,52730.25074037502,21140.65539294683,14.73191442101961,1.1711850431165658,,nan,nan,nan,nan,nan,0.7317248313715184,0.4628,0.26469850676410794,135,135,135,135,135,0,135,135,0,0,0,1,False,False,8.0,0,nan,nan,nan,nan,1.0,126.5374245596017,0.009713184154639442,1.550916949065213,159.67132140951196,1.8471312870123962,102.95285089620789,102.95285089620789,1088245.3712590802,50,logistic,100.0,stepsize_pilot
manuscript-pilot,L,pilot_logistic_d50_kX1e2_fb-gvi,FB--GVI,3602226593,136,0.05010292348919832,761.9559175734308,363.24027104523043,nan,16.376225448958248,7.294080247201571,821.0428597067901,0.0526639801906203,5.862716513935058,1.2954126538531432,585.0655482648742,1117.7000165700492,52730.25313517395,21140.65516258851,14.834983206994366,1.1792160820914432,,nan,nan,nan,nan,nan,0.7317248554948413,0.4628,0.264698516928038,136,136,136,136,136,0,136,136,0,0,0,1,False,False,8.0,0,nan,nan,nan,nan,1.0,126.5374245596017,0.009713184154639442,1.550916949065213,159.67132140951196,1.8471312870123962,102.95285089620789,102.95285089620789,1088245.3594010575,50,logistic,100.0,stepsize_pilot
manuscript-pilot,L,pilot_logistic_d50_kX1e2_fb-gvi,FB--GVI,3602226593,137,0.05010292348919832,761.9558978499563,363.24025132175586,nan,16.376228333270383,7.2940793252161376,821.0427977635176,0.05266397960919943,5.8627162591787005,1.2954126591598598,585.0655282710408,1117.6999362089502,52730.24851763145,21140.654830991167,14.939139513997361,1.1873756010900252,,nan,nan,nan,nan,nan,0.7317248425964824,0.4628,0.26469851031768626,137,137,137,137,137,0,137,137,0,0,0,1,False,False,8.0,0,nan,nan,nan,nan,1.0,126.5374245596017,0.009713184154639442,1.550916949065213,159.67132140951196,1.8471312870123962,102.95285089620789,102.95285089620789,1088245.3423316116,50,logistic,100.0,stepsize_pilot
manuscript-pilot,L,pilot_logistic_d50_kX1e2_fb-gvi,FB--GVI,3602226593,138,0.05010292348919832,761.9559094040696,363.24026287586923,nan,16.376232712436916,7.29408105266641,821.0428369870065,0.05266398028748418,5.862716435200926,1.295412658174725,585.065547287619,1117.699990756462,52730.25048880017,21140.654632343787,15.04316508100601,1.1956085200654343,,nan,nan,nan,nan,nan,0.7317248623178236,0.4628,0.26469851860720695,138,138,138,138,138,0,138,138,0,0,0,1,False,False,8.0,0,nan,nan,nan,nan,1.0,126.5374245596017,0.009713184154639442,1.550916949065213,159.67132140951196,1.8471312870123962,102.95285089620789,102.95285089620789,1088245.3321059544,50,logistic,100.0,stepsize_pilot
manuscript-pilot,L,pilot_logistic_d50_kX1e2_fb-gvi,FB--GVI,3602226593,139,0.05010292348919832,761.9558929524347,363.24024642423433,nan,16.376235205487298,7.294080293132655,821.0427850344751,0.05266397982214944,5.862716217442909,1.2954126627102829,585.0655298045913,1117.6999230498882,52730.24660806879,21140.6543503307,15.14763701800257,1.2037006700993516,,nan,nan,nan,nan,nan,0.7317248521206675,0.4628,0.264698513321787,139,139,139,139,139,0,139,139,0,0,0,1,False,False,8.0,0,nan,nan,nan,nan,1.0,126.5374245596017,0.009713184154639442,1.550916949065213,159.67132140951196,1.8471312870123962,102.95285089620789,102.95285089620789,1088245.3175889289,50,logistic,100.0,stepsize_pilot
manuscript-pilot,L,pilot_logistic_d50_kX1e2_fb-gvi,FB--GVI,3602226593,140,0.05010292348919832,761.955902455552,363.24025592735154,nan,16.376238931986812,7.294081743487257,821.0428176320424,0.052663980372772874,5.862716367612473,1.295412661970706,585.0655463950138,1117.6999687408731,52730.24822990105,21140.654179045065,15.252620065002702,1.2121287101181224,,nan,nan,nan,nan,nan,0.7317248682400613,0.4628,0.26469852008015887,140,140,140,140,140,0,140,140,0,0,0,1,False,False,8.0,0,nan,nan,nan,nan,1.0,126.5374245596017,0.009713184154639442,1.550916949065213,159.67132140951196,1.8471312870123962,102.95285089620789,102.95285089620789,1088245.3087717565,50,logistic,100.0,stepsize_pilot
manuscript-pilot,L,pilot_logistic_d50_kX1e2_fb-gvi,FB--GVI,3602226593,141,0.05010292348919832,761.9558887294911,363.2402422012907,nan,16.37624108621503,7.294081117925181,821.0427740479352,0.05266398000103223,5.862716181531201,1.2954126658471685,585.0655311324119,1117.6999116845031,52730.24496747932,21140.65393914302,15.36032051203074,1.2231867901282385,,nan,nan,nan,nan,nan,0.7317248602050213,0.4628,0.26469851586251225,141,141,141,141,141,0,141,141,0,0,0,1,False,False,8.0,0,nan,nan,nan,nan,1.0,126.5374245596017,0.009713184154639442,1.550916949065213,159.67132140951196,1.8471312870123962,102.95285089620789,102.95285089620789,1088245.2964224569,50,logistic,100.0,stepsize_pilot
manuscript-pilot,L,pilot_logistic_d50_kX1e2_fb-gvi,FB--GVI,3602226593,142,0.05010292348919832,761.9558965439818,363.2402500157814,nan,16.376244258125723,7.29408233601594,821.0428011405045,0.05266398044773321,5.862716309596943,1.2954126652991969,585.0655455846922,1117.699949962222,52730.24630141797,21140.653791466124,15.468931848998182,1.2311538201174699,,nan,nan,nan,nan,nan,0.7317248733790193,0.4628,0.264698521371146,142,142,142,142,142,0,142,142,0,0,0,1,False,False,8.0,0,nan,nan,nan,nan,1.0,126.5374245596017,0.009713184154639442,1.550916949065213,159.67132140951196,1.8471312870123962,102.95285089620789,102.95285089620789,1088245.288820578,50,logistic,100.0,stepsize_pilot
manuscript-pilot,L,pilot_logistic_d50_kX1e2_fb-gvi,FB--GVI,3602226593,143,0.05010292348919832,761.9558850885799,363.24023856037945,nan,16.37624611903511,7.294081820880748,821.0427645663409,0.05266398015138435,5.862716150627246,1.2954126686125602,585.0655322809729,1117.6999018693834,52730.24355792377,21140.65358733661,15.57239823503187,1.2391902091330849,,nan,nan,nan,nan,nan,0.7317248670701019,0.4628,0.264698518012375,143,143,143,143,143,0,143,143,0,0,0,1,False,False,8.0,0,nan,nan,nan,nan,1.0,126.5374245596017,0.009713184154639442,1.550916949065213,159.67132140951196,1.8471312870123962,102.95285089620789,102.95285089620789,1088245.2783127204,50,logistic,100.0,stepsize_pilot
manuscript-pilot,L,pilot_logistic_d50_kX1e2_fb-gvi,FB--GVI,3602226593,144,0.05010292348919832,761.9558915133703,363.24024498516985,nan,16.37624881958224,7.294082844260274,821.0427870860756,0.052663980513530266,5.862716259802954,1.2954126682135156,585.0655448529922,1117.6999339424988,52730.244654739035,21140.65346002942,15.674318952020258,1.2472653581062332,,nan,nan,nan,nan,nan,0.7317248778369165,0.4628,0.2646985225016863,144,144,144,144,144,0,144,144,0,0,0,1,False,False,8.0,0,nan,nan,nan,nan,1.0,126.5374245596017,0.009713184154639442,1.550916949065213,159.67132140951196,1.8471312870123962,102.95285089620789,102.95285089620789,1088245.2717594013,50,logistic,100.0,stepsize_pilot
manuscript-pilot,L,pilot_logistic_d50_kX1e2_fb-gvi,FB--GVI,3602226593,145,0.05010292348919832,761.9558819498355,363.24023542163513,nan,16.37625042664581,7.29408242010345,821.0427563845022,0.05266398027781618,5.8627161240296335,1.29541267104587,585.0655332734856,1117.699893394143,52730.24234683457,21140.65328629514,15.77884622901911,1.2553459370974451,,nan,nan,nan,nan,nan,0.7317248729023468,0.4628,0.26469851983244036,145,145,145,145,145,0,145,145,0,0,0,1,False,False,8.0,0,nan,nan,nan,nan,1.0,126.5374245596017,0.009713184154639442,1.550916949065213,159.67132140951196,1.8471312870123962,102.95285089620789,102.95285089620789,1088245.2628161816,50,logistic,100.0,stepsize_pilot
manuscript-pilot,L,pilot_logistic_d50_kX1e2_fb-gvi,FB--GVI,3602226593,146,0.05010292348919832,761.955887231371,363.24024070317057,nan,16.376252726466,7.294083280223305,821.0427751062358,0.05266398057119342,5.862716217069255,1.2954126707619964,585.0655441953919,1117.6999202744612,52730.24324844707,21140.653176562002,15.886245726025663,1.265683387115132,,nan,nan,nan,nan,nan,0.7317248817027396,0.4628,0.26469852349087236,146,146,146,146,146,0,146,146,0,0,0,1,False,False,8.0,0,nan,nan,nan,nan,1.0,126.5374245596017,0.009713184154639442,1.550916949065213,159.67132140951196,1.8471312870123962,102.95285089620789,102.95285089620789,1088245.2571675119,50,logistic,100.0,stepsize_pilot
manuscript-pilot,L,pilot_logistic_d50_kX1e2_fb-gvi,FB--GVI,3602226593,147,0.05010292348919832,761.9558792443308,363.24023271613044,nan,16.376254113915326,7.294082930992437,821.0427493251688,0.052663980384194946,5.862716101135773,1.2954126731835707,585.0655341303064,1117.6998860769227,52730.24130624913,21140.653028660185,15.998934653005563,1.2759161371504888,,nan,nan,nan,nan,nan,0.7317248778593728,0.4628,0.2646985213741334,147,147,147,147,147,0,147,147,0,0,0,1,False,False,8.0,0,nan,nan,nan,nan,1.0,126.5374245596017,0.009713184154639442,1.550916949065213,159.67132140951196,1.8471312870123962,102.95285089620789,102.95285089620789,1088245.249554055,50,logistic,100.0,stepsize_pilot
manuscript-pilot,L,pilot_logistic_d50_kX1e2_fb-gvi,FB--GVI,3602226593,148,0.05010292348919832,761.9558835856719,363.2402370574715,nan,16.37625607297364,7.294083654192784,821.0427648926847,0.05266398062167479,5.862716180398014,1.2954126729882478,585.0655436068495,1117.6999086111553,52730.24204724382,21140.652934087895,16.117264019034337,1.2861351861502044,,nan,nan,nan,nan,nan,0.7317248850539748,0.4628,0.26469852435563934,148,148,148,148,148,0,148,148,0,0,0,1,False,False,8.0,0,nan,nan,nan,nan,1.0,126.5374245596017,0.009713184154639442,1.550916949065213,159.67132140951196,1.8471312870123962,102.95285089620789,102.95285089620789,1088245.2446858117,50,logistic,100.0,stepsize_pilot
manuscript-pilot,L,pilot_logistic_d50_kX1e2_fb-gvi,FB--GVI,3602226593,149,0.05010292348919832,761.955876912571,363.24023038437053,nan,16.376257270485365,7.294083366647869,821.0427432351928,0.05266398047374667,5.862716081427805,1.2954126750589667,585.0655348692635,1117.6998797604733,52730.240412154366,21140.65280814602,16.235982026031706,1.2964299361337908,,nan,nan,nan,nan,nan,0.7317248820744578,0.4628,0.2646985226807652,149,149,149,149,149,0,149,149,0,0,0,1,False,False,8.0,0,nan,nan,nan,nan,1.0,126.5374245596017,0.009713184154639442,1.550916949065213,159.67132140951196,1.8471312870123962,102.95285089620789,102.95285089620789,1088245.2382027742,50,logistic,100.0,stepsize_pilot
manuscript-pilot,L,pilot_logistic_d50_kX1e2_fb-gvi,FB--GVI,3602226593,150,0.05010292348919832,761.9558804809434,363.240233952743,nan,16.376258939699245,7.294083974988106,821.0427561832071,0.0526639806658186,5.862716148931879,1.295412674931208,585.0655430820727,1117.6998986570027,52730.24102104645,21140.652726651504,16.35301606199937,1.3043703861767426,,nan,nan,nan,nan,nan,0.7317248879580985,0.4628,0.26469852511099967,150,150,150,150,150,0,150,150,0,0,0,1,False,False,8.0,0,nan,nan,nan,nan,1.0,126.5374245596017,0.009713184154639442,1.550916949065213,159.67132140951196,1.8471312870123962,102.95285089620789,102.95285089620789,1088245.2340077278,50,logistic,100.0,stepsize_pilot
