tier,experiment,job_id,method,seed,iteration,step_size,objective,objective_gap,exact_gaussian_kl,w2_squared,mean_error,covariance_error,covariance_min_eigenvalue,covariance_max_eigenvalue,relative_covariance_min_eigenvalue,relative_covariance_max_eigenvalue,gaussian_core_rate,fisher_rao_residual_squared,bures_wasserstein_residual_squared,wall_time_seconds,algorithm_seconds,repair,equivariance_error_mean,equivariance_error_covariance,equivariance_error_back,local_gamma,local_lambda,predictive_nll,classification_error,brier,iterations,gradient_evaluations,hessian_evaluations,oracle_pairs,expectation_evaluations,matrix_exponentials,matrix_square_roots,eigendecompositions,cholesky_factorizations,cholesky_solves,roundoff_repairs,batch_size,quadratic_rescue,raw_mean_ablation,normalized_step_size,problem_instance,local_kl_gamma,local_discrete_rate,predicted_contraction,local_radius,alpha,beta,alpha_star,beta_star,kappa_star,lambda_0_star,lambda_0_star_max,lambda_max_star,certified_gap,grid_condition,grid_dimension,grid_family,grid_rho,grid_role
manuscript-pilot,D,pilot_logcosh_d10_k10_rho1_fr-r,FR--R,2500492809,0,0.0,8.112338983637708,2.1598090063619697,nan,4.562957184844511,2.1361079525259266,2.9495198569914895e-15,1.0,1.0,0.9999999999999981,1.0000000000000013,2.0000000000000018,3.8248759027547212,3.8906654092881583,0.0007562200189568102,0.0,,nan,nan,nan,nan,nan,nan,nan,nan,0,0,0,0,0,0,0,0,0,0,0,1,False,False,0.5,0,nan,nan,nan,nan,0.16209626917406456,1.7830589609147085,0.1620962691740644,1.7830589609147083,11.0,0.9999999999999993,1.0000000000000016,6.169173449181403,12.001094871314502,10.0,10,logcosh,1.0,stepsize_pilot
manuscript-pilot,D,pilot_logcosh_d10_k10_rho1_fr-r,FR--R,2500492809,1,0.280416974962791,7.1672805063091305,1.2147505290333926,nan,2.5425498811392013,1.5936925108610713,0.10596777210136402,0.9995558725270246,1.09717190201778,0.9995558725270237,1.0971719020177808,2.1368827544312405,2.3560611478537363,2.2240125438476257,0.0026952900225296617,0.0006077999714761972,,nan,nan,nan,nan,nan,nan,nan,nan,1,1,1,1,1,1,1,2,0,0,0,1,False,False,0.5,0,nan,nan,nan,nan,0.16209626917406456,1.7830589609147085,0.1620962691740644,1.7830589609147083,11.0,0.9999999999999993,1.0000000000000016,6.169173449181403,6.8601595680755825,10.0,10,logcosh,1.0,stepsize_pilot
manuscript-pilot,D,pilot_logcosh_d10_k10_rho1_fr-r,FR--R,2500492809,2,0.280416974962791,6.593812295042467,0.6412823177667288,nan,1.3293348988597837,1.1504464997757458,0.15718400894497747,0.9993283193927964,1.1457277748376629,0.9993283193927961,1.1457277748376635,2.2046262949745774,1.310235249205377,1.1927794164826084,0.004284909984562546,0.001214299933053553,,nan,nan,nan,nan,nan,nan,nan,nan,2,2,2,2,2,2,2,4,0,0,0,1,False,False,0.5,0,nan,nan,nan,nan,0.16209626917406456,1.7830589609147085,0.1620962691740644,1.7830589609147083,11.0,0.9999999999999993,1.0000000000000016,6.169173449181403,3.6792315534472975,10.0,10,logcosh,1.0,stepsize_pilot
manuscript-pilot,D,pilot_logcosh_d10_k10_rho1_fr-r,FR--R,2500492809,3,0.280416974962791,6.278105593767692,0.3255756164919541,nan,0.6684945649054477,0.8137028482527848,0.16503702719402452,0.9992415535387446,1.1532333344727403,0.999241553538744,1.1532333344727403,2.213134424506871,0.678003290569295,0.6154663885814233,0.005814980017021298,0.0017882099491544068,,nan,nan,nan,nan,nan,nan,nan,nan,3,3,3,3,3,3,3,6,0,0,0,1,False,False,0.5,0,nan,nan,nan,nan,0.16209626917406456,1.7830589609147085,0.1620962691740644,1.7830589609147083,11.0,0.9999999999999993,1.0000000000000016,6.169173449181403,1.8984594516500406,10.0,10,logcosh,1.0,stepsize_pilot
manuscript-pilot,D,pilot_logcosh_d10_k10_rho1_fr-r,FR--R,2500492809,4,0.280416974962791,6.115455190252734,0.16292521297699647,nan,0.33155722675661425,0.5712139124699575,0.14953052140238837,0.9992412587842097,1.1383373969414106,0.999241258784209,1.1383373969414112,2.190298952566164,0.339303804315387,0.31301213499910546,0.00740722002228722,0.002398169948719442,,nan,nan,nan,nan,nan,nan,nan,nan,4,4,4,4,4,4,4,8,0,0,0,1,False,False,0.5,0,nan,nan,nan,nan,0.16209626917406456,1.7830589609147085,0.1620962691740644,1.7830589609147083,11.0,0.9999999999999993,1.0000000000000016,6.169173449181403,0.9655130762540333,10.0,10,logcosh,1.0,stepsize_pilot
manuscript-pilot,D,pilot_logcosh_d10_k10_rho1_fr-r,FR--R,2500492809,5,0.280416974962791,6.034118726465021,0.08158874918928305,nan,0.16469106576661727,0.40113659870442736,0.12602970957945442,0.999290157458093,1.1158978622422382,0.9992901574580917,1.1158978622422386,2.1579360777359358,0.16854822363074343,0.1591653125052251,0.008919109997805208,0.002967839944176376,,nan,nan,nan,nan,nan,nan,nan,nan,5,5,5,5,5,5,5,10,0,0,0,1,False,False,0.5,0,nan,nan,nan,nan,0.16209626917406456,1.7830589609147085,0.1620962691740644,1.7830589609147083,11.0,0.9999999999999993,1.0000000000000016,6.169173449181403,0.4909592099689477,10.0,10,logcosh,1.0,stepsize_pilot
manuscript-pilot,D,pilot_logcosh_d10_k10_rho1_fr-r,FR--R,2500492809,6,0.280416974962791,5.99367911957567,0.04114914229993172,nan,0.08244637469041091,0.28271551227902164,0.10237573994468378,0.9993636433368345,1.093498018704076,0.9993636433368327,1.0934980187040764,2.126579329884506,0.08412150494736222,0.08141818439702811,0.010455949988681823,0.0035738899605348706,,nan,nan,nan,nan,nan,nan,nan,nan,6,6,6,6,6,6,6,12,0,0,0,1,False,False,0.5,0,nan,nan,nan,nan,0.16209626917406456,1.7830589609147085,0.1620962691740644,1.7830589609147083,11.0,0.9999999999999993,1.0000000000000016,6.169173449181403,0.2511414507313507,10.0,10,logcosh,1.0,stepsize_pilot
manuscript-pilot,D,pilot_logcosh_d10_k10_rho1_fr-r,FR--R,2500492809,7,0.280416974962791,5.973467160044883,0.02093718276914558,nan,0.0416582967633769,0.2001167591915517,0.08155822272029685,0.9994461332287959,1.0739673625732402,0.9994461332287949,1.0739673625732402,2.0997752628097643,0.04235612758016243,0.041973939475908356,0.012001460010651499,0.004179259936790913,,nan,nan,nan,nan,nan,nan,nan,nan,7,7,7,7,7,7,7,14,0,0,0,1,False,False,0.5,0,nan,nan,nan,nan,0.16209626917406456,1.7830589609147085,0.1620962691740644,1.7830589609147083,11.0,0.9999999999999993,1.0000000000000016,6.169173449181403,0.1294722564861605,10.0,10,logcosh,1.0,stepsize_pilot
manuscript-pilot,D,pilot_logcosh_d10_k10_rho1_fr-r,FR--R,2500492809,8,0.280416974962791,5.96327503689786,0.010745059622122355,nan,0.021235327692235625,0.14222274266100632,0.06428256646589299,0.9995282543424703,1.0579132001876506,0.9995282543424703,1.0579132001876514,2.0780323488614716,0.021528128692363757,0.02181049244635317,0.013532079989090562,0.004785229917615652,,nan,nan,nan,nan,nan,nan,nan,nan,8,8,8,8,8,8,8,16,0,0,0,1,False,False,0.5,0,nan,nan,nan,nan,0.16209626917406456,1.7830589609147085,0.1620962691740644,1.7830589609147083,11.0,0.9999999999999993,1.0000000000000016,6.169173449181403,0.06727635545680677,10.0,10,logcosh,1.0,stepsize_pilot
manuscript-pilot,D,pilot_logcosh_d10_k10_rho1_fr-r,FR--R,2500492809,9,0.280416974962791,5.958087518921018,0.005557541645280217,nan,0.010909355410831911,0.10142696023339966,0.05035503421313672,0.9996047791414959,1.045088733233427,0.9996047791414954,1.0450887332334275,2.0608072381376576,0.0110379446849369,0.011417552091224638,0.01562422001734376,0.005626359896268696,,nan,nan,nan,nan,nan,nan,nan,nan,9,9,9,9,9,9,9,18,0,0,0,1,False,False,0.5,0,nan,nan,nan,nan,0.16209626917406456,1.7830589609147085,0.1620962691740644,1.7830589609147083,11.0,0.9999999999999993,1.0000000000000016,6.169173449181403,0.035218429607914326,10.0,10,logcosh,1.0,stepsize_pilot
manuscript-pilot,D,pilot_logcosh_d10_k10_rho1_fr-r,FR--R,2500492809,10,0.280416974962791,5.955424410681035,0.0028944334052969367,nan,0.005642437172262481,0.07253984486074967,0.039297497250018056,0.999673160246132,1.0349937207440378,0.999673160246132,1.0349937207440383,2.047309352593945,0.005703494609751688,0.006018000584408009,0.017360470024868846,0.006252509891055524,,nan,nan,nan,nan,nan,nan,nan,nan,10,10,10,10,10,10,10,20,0,0,0,1,False,False,0.5,0,nan,nan,nan,nan,0.16209626917406456,1.7830589609147085,0.1620962691740644,1.7830589609147083,11.0,0.9999999999999993,1.0000000000000016,6.169173449181403,0.01856304471124403,10.0,10,logcosh,1.0,stepsize_pilot
manuscript-pilot,D,pilot_logcosh_d10_k10_rho1_fr-r,FR--R,2500492809,11,0.280416974962791,5.954046770383289,0.0015167931075508179,nan,0.002935441071551856,0.05200101995435184,0.030593742925506495,0.9996778770698015,1.0271093341307078,0.999677877069801,1.0271093341307083,2.0367844531230515,0.0029673244346817168,0.00319212087848356,0.018867200007662177,0.006819319911301136,,nan,nan,nan,nan,nan,nan,nan,nan,11,11,11,11,11,11,11,22,0,0,0,1,False,False,0.5,0,nan,nan,nan,nan,0.16209626917406456,1.7830589609147085,0.1620962691740644,1.7830589609147083,11.0,0.9999999999999993,1.0000000000000016,6.169173449181403,0.009846373685059197,10.0,10,logcosh,1.0,stepsize_pilot
manuscript-pilot,D,pilot_logcosh_d10_k10_rho1_fr-r,FR--R,2500492809,12,0.280416974962791,5.953329287577443,0.0007993103017049918,nan,0.0015350160727152905,0.037348550876410695,0.023777623985116323,0.9996736192911952,1.0209779481162427,0.9996736192911957,1.020977948116243,2.02859497875406,0.0015532065087456295,0.001703235453041448,0.020439510000869632,0.007442489906679839,,nan,nan,nan,nan,nan,nan,nan,nan,12,12,12,12,12,12,12,24,0,0,0,1,False,False,0.5,0,nan,nan,nan,nan,0.16209626917406456,1.7830589609147085,0.1620962691740644,1.7830589609147083,11.0,0.9999999999999993,1.0000000000000016,6.169173449181403,0.00525377746730388,10.0,10,logcosh,1.0,stepsize_pilot
manuscript-pilot,D,pilot_logcosh_d10_k10_rho1_fr-r,FR--R,2500492809,13,0.280416974962791,5.952953367183394,0.00042338990765600215,nan,0.0008064102300728534,0.026866778264983578,0.018456916880202293,0.9996885267172702,1.0162213935088769,0.9996885267172705,1.0162213935088782,2.0222275144495807,0.0008174811149702886,0.0009139050853510136,0.021996840019710362,0.00805069989291951,,nan,nan,nan,nan,nan,nan,nan,nan,13,13,13,13,13,13,13,26,0,0,0,1,False,False,0.5,0,nan,nan,nan,nan,0.16209626917406456,1.7830589609147085,0.1620962691740644,1.7830589609147083,11.0,0.9999999999999993,1.0000000000000016,6.169173449181403,0.002819019493809669,10.0,10,logcosh,1.0,stepsize_pilot
manuscript-pilot,D,pilot_logcosh_d10_k10_rho1_fr-r,FR--R,2500492809,14,0.280416974962791,5.952755331724546,0.0002253544488084458,nan,0.00042543965729545884,0.019351889067804787,0.014312548598296912,0.999714037009971,1.0125366679605563,0.9997140370099706,1.0125366679605565,2.017277411241016,0.00043243618585316306,0.000493009844574187,0.023502659983932972,0.008630079915747046,,nan,nan,nan,nan,nan,nan,nan,nan,14,14,14,14,14,14,14,28,0,0,0,1,False,False,0.5,0,nan,nan,nan,nan,0.16209626917406456,1.7830589609147085,0.1620962691740644,1.7830589609147083,11.0,0.9999999999999993,1.0000000000000016,6.169173449181403,0.0015207316216660626,10.0,10,logcosh,1.0,stepsize_pilot
manuscript-pilot,D,pilot_logcosh_d10_k10_rho1_fr-r,FR--R,2500492809,15,0.280416974962791,5.952650480846815,0.00012050357107717957,nan,0.00022534410081221742,0.013954350420691373,0.011089523381311321,0.9997444402043087,1.0096847973559662,0.9997444402043083,1.0096847973559664,2.013428804808886,0.0002298416885663142,0.0002673376714168765,0.024988369026686996,0.009200909873470664,,nan,nan,nan,nan,nan,nan,nan,nan,15,15,15,15,15,15,15,30,0,0,0,1,False,False,0.5,0,nan,nan,nan,nan,0.16209626917406456,1.7830589609147085,0.1620962691740644,1.7830589609147083,11.0,0.9999999999999993,1.0000000000000016,6.169173449181403,0.0008246262322354883,10.0,10,logcosh,1.0,stepsize_pilot
manuscript-pilot,D,pilot_logcosh_d10_k10_rho1_fr-r,FR--R,2500492809,16,0.280416974962791,5.95259470373015,6.4726454412245e-05,nan,0.00011981440807897976,0.010071821891085832,0.008586079134485934,0.9997760765525854,1.0074788785992714,0.9997760765525855,1.0074788785992719,2.0104361331941543,0.00012271794169063535,0.0001456978580602158,0.02646985900355503,0.009775489917956293,,nan,nan,nan,nan,nan,nan,nan,nan,16,16,16,16,16,16,16,32,0,0,0,1,False,False,0.5,0,nan,nan,nan,nan,0.16209626917406456,1.7830589609147085,0.1620962691740644,1.7830589609147083,11.0,0.9999999999999993,1.0000000000000016,6.169173449181403,0.000449417678773842,10.0,10,logcosh,1.0,stepsize_pilot
manuscript-pilot,D,pilot_logcosh_d10_k10_rho1_fr-r,FR--R,2500492809,17,0.280416974962791,5.9525648973352805,3.4920059542642434e-05,nan,6.394200791119456e-05,0.007275601860897255,0.006643520203670475,0.9998067177104726,1.005773396201365,0.9998067177104731,1.005773396201366,2.0081087515731704,6.581159392540748e-05,7.979620257010294e-05,0.02800426899921149,0.01035590993706137,,nan,nan,nan,nan,nan,nan,nan,nan,17,17,17,17,17,17,17,34,0,0,0,1,False,False,0.5,0,nan,nan,nan,nan,0.16209626917406456,1.7830589609147085,0.1620962691740644,1.7830589609147083,11.0,0.9999999999999993,1.0000000000000016,6.169173449181403,0.00024613830712049,10.0,10,logcosh,1.0,stepsize_pilot
manuscript-pilot,D,pilot_logcosh_d10_k10_rho1_fr-r,FR--R,2500492809,18,0.280416974962791,5.952548898883202,1.892160746397309e-05,nan,3.425004137524707e-05,0.005259635927387721,0.005137492989188582,0.9998351083861742,1.0044553406040642,0.9998351083861737,1.0044553406040646,2.0062986679312345,3.544687240428698e-05,4.391355480683805e-05,0.02951628901064396,0.010954649944324046,,nan,nan,nan,nan,nan,nan,nan,nan,18,18,18,18,18,18,18,36,0,0,0,1,False,False,0.5,0,nan,nan,nan,nan,0.16209626917406456,1.7830589609147085,0.1620962691740644,1.7830589609147083,11.0,0.9999999999999993,1.0000000000000016,6.169173449181403,0.00013545516818675886,10.0,10,logcosh,1.0,stepsize_pilot
manuscript-pilot,D,pilot_logcosh_d10_k10_rho1_fr-r,FR--R,2500492809,19,0.280416974962791,5.952540274468801,1.0297193063557586e-05,nan,1.841339034958054e-05,0.003804888622953454,0.0039708019919050975,0.9998606365399937,1.0034370707457723,0.9998606365399934,1.0034370707457727,2.004890951685497,1.917416891074815e-05,2.428024430288416e-05,0.031030658981762826,0.011525249923579395,,nan,nan,nan,nan,nan,nan,nan,nan,19,19,19,19,19,19,19,38,0,0,0,1,False,False,0.5,0,nan,nan,nan,nan,0.16209626917406456,1.7830589609147085,0.1620962691740644,1.7830589609147083,11.0,0.9999999999999993,1.0000000000000016,6.169173449181403,7.48945192464955e-05,10.0,10,logcosh,1.0,stepsize_pilot
manuscript-pilot,D,pilot_logcosh_d10_k10_rho1_fr-r,FR--R,2500492809,20,0.280416974962791,5.952535605216938,5.627941200181397e-06,nan,9.936102777059327e-06,0.002754288224490053,0.003067619755364368,0.9998831015163583,1.0026506763557954,0.9998831015163574,1.0026506763557959,2.0037962936993106,1.0416213396599043e-05,1.3486307452420256e-05,0.03254472900880501,0.012097729893866926,,nan,nan,nan,nan,nan,nan,nan,nan,20,20,20,20,20,20,20,40,0,0,0,1,False,False,0.5,0,nan,nan,nan,nan,0.16209626917406456,1.7830589609147085,0.1620962691740644,1.7830589609147083,11.0,0.9999999999999993,1.0000000000000016,6.169173449181403,4.159968493148417e-05,10.0,10,logcosh,1.0,stepsize_pilot
manuscript-pilot,D,pilot_logcosh_d10_k10_rho1_fr-r,FR--R,2500492809,21,0.280416974962791,5.952533066450606,3.0891748679096054e-06,nan,5.381793437298922e-06,0.00199501401390809,0.002368875627172883,0.9999025543812003,1.0020435648508523,0.9999025543811999,1.0020435648508528,2.002945251947234,5.682690980531064e-06,7.524212734698424e-06,0.03413487900979817,0.012701079889666289,,nan,nan,nan,nan,nan,nan,nan,nan,21,21,21,21,21,21,21,42,0,0,0,1,False,False,0.5,0,nan,nan,nan,nan,0.16209626917406456,1.7830589609147085,0.1620962691740644,1.7830589609147083,11.0,0.9999999999999993,1.0000000000000016,6.169173449181403,2.320908671444706e-05,10.0,10,logcosh,1.0,stepsize_pilot
manuscript-pilot,D,pilot_logcosh_d10_k10_rho1_fr-r,FR--R,2500492809,22,0.280416974962791,5.952531680168745,1.7028930070495107e-06,nan,2.926099310154692e-06,0.001445920919737962,0.0018286090846943994,0.9999191902514054,1.0015750231811222,0.999919190251405,1.0015750231811227,2.002283802776583,3.11347797809941e-06,4.215934025310507e-06,0.03566066897474229,0.013275459932629019,,nan,nan,nan,nan,nan,nan,nan,nan,22,22,22,22,22,22,22,44,0,0,0,1,False,False,0.5,0,nan,nan,nan,nan,0.16209626917406456,1.7830589609147085,0.1620962691740644,1.7830589609147083,11.0,0.9999999999999993,1.0000000000000016,6.169173449181403,1.3004414126223029e-05,10.0,10,logcosh,1.0,stepsize_pilot
manuscript-pilot,D,pilot_logcosh_d10_k10_rho1_fr-r,FR--R,2500492809,23,0.280416974962791,5.952530919966005,9.426902671805237e-07,nan,1.5970741313913233e-06,0.0010485808822733604,0.0014110985300064916,0.9999332773612082,1.0012135458511346,0.9999332773612077,1.001213545851135,2.0017698991263027,1.7130868362026076e-06,2.372041571625184e-06,0.03719923901371658,0.013877239893190563,,nan,nan,nan,nan,nan,nan,nan,nan,23,23,23,23,23,23,23,46,0,0,0,1,False,False,0.5,0,nan,nan,nan,nan,0.16209626917406456,1.7830589609147085,0.1620962691740644,1.7830589609147083,11.0,0.9999999999999993,1.0000000000000016,6.169173449181403,7.3167679420123065e-06,10.0,10,logcosh,1.0,stepsize_pilot
manuscript-pilot,D,pilot_logcosh_d10_k10_rho1_fr-r,FR--R,2500492809,24,0.280416974962791,5.952530501317805,5.240420675178825e-07,nan,8.750964874156546e-07,0.0007608831513383662,0.0010886073322003758,0.9999451116576215,1.0009347610219188,0.9999451116576221,1.0009347610219197,2.001370804794387,9.465515402009224e-07,1.3399002326009822e-06,0.038856889004819095,0.014549139945302159,,nan,nan,nan,nan,nan,nan,nan,nan,24,24,24,24,24,24,24,48,0,0,0,1,False,False,0.5,0,nan,nan,nan,nan,0.16209626917406456,1.7830589609147085,0.1620962691740644,1.7830589609147083,11.0,0.9999999999999993,1.0000000000000016,6.169173449181403,4.133038469756983e-06,10.0,10,logcosh,1.0,stepsize_pilot
manuscript-pilot,D,pilot_logcosh_d10_k10_rho1_fr-r,FR--R,2500492809,25,0.280416974962791,5.952530269792343,2.925166047162975e-07,nan,4.813916673179573e-07,0.000552452418474301,0.0008396182412566326,0.9999549888505977,1.0007198218968645,0.9999549888505972,1.0007198218968651,2.0010610272872724,5.251987688439555e-07,7.597420392561922e-07,0.040384028980042785,0.01512989989714697,,nan,nan,nan,nan,nan,nan,nan,nan,25,25,25,25,25,25,25,50,0,0,0,1,False,False,0.5,0,nan,nan,nan,nan,0.16209626917406456,1.7830589609147085,0.1620962691740644,1.7830589609147083,11.0,0.9999999999999993,1.0000000000000016,6.169173449181403,2.3434902084031184e-06,10.0,10,logcosh,1.0,stepsize_pilot
manuscript-pilot,D,pilot_logcosh_d10_k10_rho1_fr-r,FR--R,2500492809,26,0.280416974962791,5.952530141216472,1.639407338771548e-07,nan,2.6586702755261224e-07,0.00040136251762925483,0.000647452723097397,0.9999631881913678,1.0005541594836243,0.9999631881913683,1.0005541594836247,2.000820713019115,2.9261313212965094e-07,4.323370288722465e-07,0.04198704898590222,0.015749959915410727,,nan,nan,nan,nan,nan,nan,nan,nan,26,26,26,26,26,26,26,52,0,0,0,1,False,False,0.5,0,nan,nan,nan,nan,0.16209626917406456,1.7830589609147085,0.1620962691740644,1.7830589609147083,11.0,0.9999999999999993,1.0000000000000016,6.169173449181403,1.3335810598083185e-06,10.0,10,logcosh,1.0,stepsize_pilot
manuscript-pilot,D,pilot_logcosh_d10_k10_rho1_fr-r,FR--R,2500492809,27,0.280416974962791,5.952530069518694,9.224295638432523e-08,nan,1.4742078176105567e-07,0.0002917758934942295,0.0004991928685397419,0.9999699639725802,1.0004265158161796,0.9999699639725804,1.00042651581618,2.000634400178727,1.6369046070964434e-07,2.4686466167221725e-07,0.043502669024746865,0.016327679913956672,,nan,nan,nan,nan,nan,nan,nan,nan,27,27,27,27,27,27,27,54,0,0,0,1,False,False,0.5,0,nan,nan,nan,nan,0.16209626917406456,1.7830589609147085,0.1620962691740644,1.7830589609147083,11.0,0.9999999999999993,1.0000000000000016,6.169173449181403,7.614754581646964e-07,10.0,10,logcosh,1.0,stepsize_pilot
manuscript-pilot,D,pilot_logcosh_d10_k10_rho1_fr-r,FR--R,2500492809,28,0.280416974962791,5.952530029376194,5.2100456393588956e-08,nan,8.206902679314572e-08,0.00021224598788349168,0.0003848406618444187,0.9999755419833664,1.0003281947648266,0.999975541983366,1.0003281947648275,2.0004900486809207,9.193353832577274e-08,1.4141427488525826e-07,0.04507618898060173,0.016975299920886755,,nan,nan,nan,nan,nan,nan,nan,nan,28,28,28,28,28,28,28,56,0,0,0,1,False,False,0.5,0,nan,nan,nan,nan,0.16209626917406456,1.7830589609147085,0.1620962691740644,1.7830589609147083,11.0,0.9999999999999993,1.0000000000000016,6.169173449181403,4.362045949786879e-07,10.0,10,logcosh,1.0,stepsize_pilot
manuscript-pilot,D,pilot_logcosh_d10_k10_rho1_fr-r,FR--R,2500492809,29,0.280416974962791,5.9525300068122124,2.953647459946751e-08,nan,4.586877360025717e-08,0.00015449513699486623,0.00029666313670278604,0.9999801190341554,1.0002524816256742,0.9999801190341546,1.0002524816256744,2.0003782850518474,5.1832322021172674e-08,8.125391969618144e-08,0.046609758981503546,0.01756354991812259,,nan,nan,nan,nan,nan,nan,nan,nan,29,29,29,29,29,29,29,58,0,0,0,1,False,False,0.5,0,nan,nan,nan,nan,0.16209626917406456,1.7830589609147085,0.1620962691740644,1.7830589609147083,11.0,0.9999999999999993,1.0000000000000016,6.169173449181403,2.506347620158002e-07,10.0,10,logcosh,1.0,stepsize_pilot
manuscript-pilot,D,pilot_logcosh_d10_k10_rho1_fr-r,FR--R,2500492809,30,0.280416974962791,5.952529994080315,1.6804577285256528e-08,nan,2.573685890142683e-08,0.00011253402923289096,0.00022868289306819526,0.9999838642860597,1.000194193609733,0.999983864286059,1.0001941936097332,2.0002918142308483,2.933275199725596e-08,4.682022713434522e-08,0.04819865897297859,0.018165389948990196,,nan,nan,nan,nan,nan,nan,nan,nan,30,30,30,30,30,30,30,60,0,0,0,1,False,False,0.5,0,nan,nan,nan,nan,0.16209626917406456,1.7830589609147085,0.1620962691740644,1.7830589609147083,11.0,0.9999999999999993,1.0000000000000016,6.169173449181403,1.444210510609226e-07,10.0,10,logcosh,1.0,stepsize_pilot
manuscript-pilot,D,pilot_logcosh_d10_k10_rho1_fr-r,FR--R,2500492809,31,0.280416974962791,5.95252998686949,9.593752459124971e-09,nan,1.4496785495819644e-08,8.202678972276963e-05,0.00017628212828523694,0.9999869215510707,1.0001493318340193,0.9999869215510713,1.0001493318340198,2.000224961134401,1.6660008161889117e-08,2.7051147388551614e-08,0.04971032898174599,0.018735469959210604,,nan,nan,nan,nan,nan,nan,nan,nan,31,31,31,31,31,31,31,62,0,0,0,1,False,False,0.5,0,nan,nan,nan,nan,0.16209626917406456,1.7830589609147085,0.1620962691740644,1.7830589609147083,11.0,0.9999999999999993,1.0000000000000016,6.169173449181403,8.344161011967273e-08,10.0,10,logcosh,1.0,stepsize_pilot
manuscript-pilot,D,pilot_logcosh_d10_k10_rho1_fr-r,FR--R,2500492809,32,0.280416974962791,5.952529982770893,5.495155441792576e-09,nan,8.196648158518511e-09,5.9832872839035124e-05,0.00013589519911535073,0.9999894120262184,1.000114811999727,0.9999894120262174,1.000114811999727,2.000173313195223,9.495313346319721e-09,1.5668592108090406e-08,0.051239959022495896,0.019335789955221117,,nan,nan,nan,nan,nan,nan,nan,nan,32,32,32,32,32,32,32,64,0,0,0,1,False,False,0.5,0,nan,nan,nan,nan,0.16209626917406456,1.7830589609147085,0.1620962691740644,1.7830589609147083,11.0,0.9999999999999993,1.0000000000000016,6.169173449181403,4.8331131209642305e-08,10.0,10,logcosh,1.0,stepsize_pilot
manuscript-pilot,D,pilot_logcosh_d10_k10_rho1_fr-r,FR--R,2500492809,33,0.280416974962791,5.952529980433217,3.1574787229260437e-09,nan,4.651739152241592e-09,4.367632968174474e-05,0.00010477014568109096,0.99999143712709,1.000088256051792,0.9999914371270896,1.0000882560517925,2.000133441545708,5.429932223015376e-09,9.097046008242243e-09,0.052797319018281996,0.019932630006223917,,nan,nan,nan,nan,nan,nan,nan,nan,33,33,33,33,33,33,33,66,0,0,0,1,False,False,0.5,0,nan,nan,nan,nan,0.16209626917406456,1.7830589609147085,0.1620962691740644,1.7830589609147083,11.0,0.9999999999999993,1.0000000000000016,6.169173449181403,2.8060627350014858e-08,10.0,10,logcosh,1.0,stepsize_pilot
manuscript-pilot,D,pilot_logcosh_d10_k10_rho1_fr-r,FR--R,2500492809,34,0.280416974962791,5.952529979095477,1.8197390261320834e-09,nan,2.649516553684378e-09,3.19069033335399e-05,8.078387142661513e-05,0.9999930812214902,1.0000678310808977,0.99999308122149,1.000067831080898,2.000102683502671,3.115078278428374e-09,5.2934190893835995e-09,0.05433786899084225,0.020524190040305257,,nan,nan,nan,nan,nan,nan,nan,nan,34,34,34,34,34,34,34,68,0,0,0,1,False,False,0.5,0,nan,nan,nan,nan,0.16209626917406456,1.7830589609147085,0.1620962691740644,1.7830589609147083,11.0,0.9999999999999993,1.0000000000000016,6.169173449181403,1.6328010250807652e-08,10.0,10,logcosh,1.0,stepsize_pilot
manuscript-pilot,D,pilot_logcosh_d10_k10_rho1_fr-r,FR--R,2500492809,35,0.280416974962791,5.9525299783275205,1.0517826609657277e-09,nan,1.5144414472418132e-09,2.3327366582483043e-05,6.229902457805703e-05,0.9999944141538595,1.0000521248094687,0.9999944141538591,1.000052124809469,2.000078972868849,1.7925515207722347e-09,3.0866156620123277e-09,0.05582442897139117,0.021084320091176778,,nan,nan,nan,nan,nan,nan,nan,nan,35,35,35,35,35,35,35,70,0,0,0,1,False,False,0.5,0,nan,nan,nan,nan,0.16209626917406456,1.7830589609147085,0.1620962691740644,1.7830589609147083,11.0,0.9999999999999993,1.0000000000000016,6.169173449181403,9.520933694956966e-09,10.0,10,logcosh,1.0,stepsize_pilot
manuscript-pilot,D,pilot_logcosh_d10_k10_rho1_fr-r,FR--R,2500492809,36,0.280416974962791,5.952529977885325,6.095870475064658e-10,nan,8.686129226029672e-10,1.70686725424689e-05,4.805325616814423e-05,0.9999954935086757,1.0000400493953898,0.9999954935086752,1.0000400493953903,2.000060707554107,1.034528366202025e-09,1.8033906927404718e-09,0.05738704797113314,0.021687659085728228,,nan,nan,nan,nan,nan,nan,nan,nan,36,36,36,36,36,36,36,72,0,0,0,1,False,False,0.5,0,nan,nan,nan,nan,0.16209626917406456,1.7830589609147085,0.1620962691740644,1.7830589609147083,11.0,0.9999999999999993,1.0000000000000016,6.169173449181403,5.562714990077688e-09,10.0,10,logcosh,1.0,stepsize_pilot
manuscript-pilot,D,pilot_logcosh_d10_k10_rho1_fr-r,FR--R,2500492809,37,0.280416974962791,5.9525299776299665,3.5422864641532215e-10,nan,4.998606505738294e-10,1.2499634046347742e-05,3.707359051182765e-05,0.9999963665975626,1.0000307671450017,0.9999963665975622,1.0000307671450026,2.000046646336101,5.987193996242253e-10,1.055636413040533e-09,0.05888737802160904,0.02225061907665804,,nan,nan,nan,nan,nan,nan,nan,nan,37,37,37,37,37,37,37,74,0,0,0,1,False,False,0.5,0,nan,nan,nan,nan,0.16209626917406456,1.7830589609147085,0.1620962691740644,1.7830589609147083,11.0,0.9999999999999993,1.0000000000000016,6.169173449181403,3.2562020656593746e-09,10.0,10,logcosh,1.0,stepsize_pilot
manuscript-pilot,D,pilot_logcosh_d10_k10_rho1_fr-r,FR--R,2500492809,38,0.280416974962791,5.952529977482095,2.06356709497868e-10,nan,2.8857875910912685e-10,9.161550824791123e-06,2.8610256015610542e-05,0.9999970721765589,1.0000236331692995,0.9999970721765591,1.0000236331693,2.00003582837867,3.474236661654998e-10,6.190389953283282e-10,0.06038331799209118,0.022827859094832093,,nan,nan,nan,nan,nan,nan,nan,nan,38,38,38,38,38,38,38,76,0,0,0,1,False,False,0.5,0,nan,nan,nan,nan,0.16209626917406456,1.7830589609147085,0.1620962691740644,1.7830589609147083,11.0,0.9999999999999993,1.0000000000000016,6.169173449181403,1.9094794669937264e-09,10.0,10,logcosh,1.0,stepsize_pilot
manuscript-pilot,D,pilot_logcosh_d10_k10_rho1_fr-r,FR--R,2500492809,39,0.280416974962791,5.952529977396241,1.205027189143948e-10,nan,1.6712365974425554e-10,6.72087058209579e-06,2.208558358780458e-05,0.9999976419122869,1.0000181511367785,0.999997641912286,1.000018151136779,2.0000275105249243,2.0211522153633887e-10,3.636369107759786e-10,0.061880507972091436,0.023409509100019932,,nan,nan,nan,nan,nan,nan,nan,nan,39,39,39,39,39,39,39,78,0,0,0,1,False,False,0.5,0,nan,nan,nan,nan,0.16209626917406456,1.7830589609147085,0.1620962691740644,1.7830589609147083,11.0,0.9999999999999993,1.0000000000000016,6.169173449181403,1.121669587550757e-09,10.0,10,logcosh,1.0,stepsize_pilot
manuscript-pilot,D,pilot_logcosh_d10_k10_rho1_fr-r,FR--R,2500492809,40,0.280416974962791,5.952529977346269,7.053113648680664e-11,nan,9.70789867227622e-11,4.934892233967887e-06,1.7054562455080625e-05,0.9999981016217558,1.000013939145043,0.999998101621755,1.0000139391450438,2.0000211184711576,1.178676082832567e-10,2.1396193898493817e-10,0.06339910801034421,0.023999069118872285,,nan,nan,nan,nan,nan,nan,nan,nan,40,40,40,40,40,40,40,80,0,0,0,1,False,False,0.5,0,nan,nan,nan,nan,0.16209626917406456,1.7830589609147085,0.1620962691740644,1.7830589609147083,11.0,0.9999999999999993,1.0000000000000016,6.169173449181403,6.59984156560626e-10,10.0,10,logcosh,1.0,stepsize_pilot
manuscript-pilot,D,pilot_logcosh_d10_k10_rho1_fr-r,FR--R,2500492809,41,0.280416974962791,5.952529977317112,4.1374015324890934e-11,nan,5.654284848967261e-11,3.6269056382682196e-06,1.3174408460741245e-05,0.9999984723126907,1.000010703406853,0.9999984723126899,1.0000107034068535,2.0000162087773727,6.889729149412033e-11,1.2609585599244088e-10,0.06504198798211291,0.024717769119888544,,nan,nan,nan,nan,nan,nan,nan,nan,41,41,41,41,41,41,41,82,0,0,0,1,False,False,0.5,0,nan,nan,nan,nan,0.16209626917406456,1.7830589609147085,0.1620962691740644,1.7830589609147083,11.0,0.9999999999999993,1.0000000000000016,6.169173449181403,3.8895360342018405e-10,10.0,10,logcosh,1.0,stepsize_pilot
manuscript-pilot,D,pilot_logcosh_d10_k10_rho1_fr-r,FR--R,2500492809,42,0.280416974962791,5.95252997730006,2.432187784506823e-11,nan,3.3040132396349266e-11,2.668162158979653e-06,1.0181095502357729e-05,0.9999987710509657,1.0000082179684595,0.9999987710509646,1.0000082179684595,2.0000124393336605,4.0362934738850115e-11,7.442903837381386e-11,0.06664302799617872,0.025285519135650247,,nan,nan,nan,nan,nan,nan,nan,nan,42,42,42,42,42,42,42,84,0,0,0,1,False,False,0.5,0,nan,nan,nan,nan,0.16209626917406456,1.7830589609147085,0.1620962691740644,1.7830589609147083,11.0,0.9999999999999993,1.0000000000000016,6.169173449181403,2.2958282369191816e-10,10.0,10,logcosh,1.0,stepsize_pilot
manuscript-pilot,D,pilot_logcosh_d10_k10_rho1_fr-r,FR--R,2500492809,43,0.280416974962791,5.952529977290064,1.432631790976302e-11,nan,1.9364006900158064e-11,1.9647922269498447e-06,7.871263608233742e-06,0.999999011680072,1.0000063090825666,0.9999990116800717,1.000006309082567,2.000009546420596,2.369742844730713e-11,4.3999425137197586e-11,0.06817530799889937,0.025862509093713015,,nan,nan,nan,nan,nan,nan,nan,nan,43,43,43,43,43,43,43,86,0,0,0,1,False,False,0.5,0,nan,nan,nan,nan,0.16209626917406456,1.7830589609147085,0.1620962691740644,1.7830589609147083,11.0,0.9999999999999993,1.0000000000000016,6.169173449181403,1.3572004266782208e-10,10.0,10,logcosh,1.0,stepsize_pilot
manuscript-pilot,D,pilot_logcosh_d10_k10_rho1_fr-r,FR--R,2500492809,44,0.280416974962791,5.952529977284195,8.457234912384592e-12,nan,1.1369732707824327e-11,1.4483073207592617e-06,6.088276349170348e-06,0.999999205415257,1.000004843171499,0.9999992054152572,1.0000048431715003,2.0000073269078915,1.3942056576239168e-11,2.6049778981005072e-11,0.06966115802060813,0.026426039112266153,,nan,nan,nan,nan,nan,nan,nan,nan,44,44,44,44,44,44,44,88,0,0,0,1,False,False,0.5,0,nan,nan,nan,nan,0.16209626917406456,1.7830589609147085,0.1620962691740644,1.7830589609147083,11.0,0.9999999999999993,1.0000000000000016,6.169173449181403,8.035280242333014e-11,10.0,10,logcosh,1.0,stepsize_pilot
manuscript-pilot,D,pilot_logcosh_d10_k10_rho1_fr-r,FR--R,2500492809,45,0.280416974962791,5.952529977280739,5.001332681331405e-12,nan,6.700785136825475e-12,1.0687003776233273e-06,4.7114789082474275e-06,0.9999993613323149,1.000003717558462,0.9999993613323146,1.0000037175584624,2.0000056244534785,8.219264149304374e-12,1.5445655733822797e-11,0.07119265798246488,0.02702571911504492,,nan,nan,nan,nan,nan,nan,nan,nan,45,45,45,45,45,45,45,90,0,0,0,1,False,False,0.5,0,nan,nan,nan,nan,0.16209626917406456,1.7830589609147085,0.1620962691740644,1.7830589609147083,11.0,0.9999999999999993,1.0000000000000016,6.169173449181403,4.7643464629148054e-11,10.0,10,logcosh,1.0,stepsize_pilot
manuscript-pilot,D,pilot_logcosh_d10_k10_rho1_fr-r,FR--R,2500492809,46,0.280416974962791,5.9525299772787035,2.965627743378718e-12,nan,3.948096947258714e-12,7.894308285792335e-07,3.647924035217096e-06,0.9999994867684867,1.0000028533323495,0.9999994867684869,1.00000285333235,2.0000043188143812,4.855084032369008e-12,9.171698153846306e-12,0.07272260799072683,0.027594829094596207,,nan,nan,nan,nan,nan,nan,nan,nan,46,46,46,46,46,46,46,92,0,0,0,1,False,False,0.5,0,nan,nan,nan,nan,0.16209626917406456,1.7830589609147085,0.1620962691740644,1.7830589609147083,11.0,0.9999999999999993,1.0000000000000016,6.169173449181403,2.8290898367307362e-11,10.0,10,logcosh,1.0,stepsize_pilot
manuscript-pilot,D,pilot_logcosh_d10_k10_rho1_fr-r,FR--R,2500492809,47,0.280416974962791,5.952529977277497,1.759481449425948e-12,nan,2.340085511715963e-12,5.837772597241018e-07,2.8260000365665103e-06,0.9999995876503243,1.000002189856384,0.9999995876503233,1.0000021898563836,2.0000033175756067,2.8734203136898164e-12,5.45422074603463e-12,0.07423972798278555,0.028177599073387682,,nan,nan,nan,nan,nan,nan,nan,nan,47,47,47,47,47,47,47,94,0,0,0,1,False,False,0.5,0,nan,nan,nan,nan,0.16209626917406456,1.7830589609147085,0.1620962691740644,1.7830589609147083,11.0,0.9999999999999993,1.0000000000000016,6.169173449181403,1.6824016906205614e-11,10.0,10,logcosh,1.0,stepsize_pilot
manuscript-pilot,D,pilot_logcosh_d10_k10_rho1_fr-r,FR--R,2500492809,48,0.280416974962791,5.952529977276784,1.0462741784067475e-12,nan,1.3911521414687831e-12,4.3218306810356805e-07,2.190524383129653e-06,0.9999996687612441,1.0000016805429541,0.9999996687612427,1.0000016805429544,2.0000025497563048,1.7038225962315259e-12,3.2482986781615908e-12,0.07574546802788973,0.02874917909502983,,nan,nan,nan,nan,nan,nan,nan,nan,48,48,48,48,48,48,48,96,0,0,0,1,False,False,0.5,0,nan,nan,nan,nan,0.16209626917406456,1.7830589609147085,0.1620962691740644,1.7830589609147083,11.0,0.9999999999999993,1.0000000000000016,6.169173449181403,1.0019658980162768e-11,10.0,10,logcosh,1.0,stepsize_pilot
manuscript-pilot,D,pilot_logcosh_d10_k10_rho1_fr-r,FR--R,2500492809,49,0.280416974962791,5.952529977276362,6.24389429049188e-13,nan,8.300252777673732e-13,3.2032351152072905e-07,1.6989661612622282e-06,0.9999997339593755,1.0000012896034105,0.9999997339593746,1.000001289603411,2.0000019608716544,1.0121843821719117e-12,1.9374126493504126e-12,0.07731464802054688,0.02935334906214848,,nan,nan,nan,nan,nan,nan,nan,nan,49,49,49,49,49,49,49,98,0,0,0,1,False,False,0.5,0,nan,nan,nan,nan,0.16209626917406456,1.7830589609147085,0.1620962691740644,1.7830589609147083,11.0,0.9999999999999993,1.0000000000000016,6.169173449181403,5.976117338240383e-12,10.0,10,logcosh,1.0,stepsize_pilot
manuscript-pilot,D,pilot_logcosh_d10_k10_rho1_fr-r,FR--R,2500492809,50,0.280416974962791,5.952529977276111,3.730349362740526e-13,nan,4.988127858118516e-13,2.3769714512629146e-07,1.3185379230505649e-06,0.9999997863546777,1.0000009895484039,0.9999997863546778,1.000000989548405,2.0000015091226078,6.024136930779427e-13,1.1572720138148639e-12,0.07885398797225207,0.02994565910194069,,nan,nan,nan,nan,nan,nan,nan,nan,50,50,50,50,50,50,50,100,0,0,0,1,False,False,0.5,0,nan,nan,nan,nan,0.16209626917406456,1.7830589609147085,0.1620962691740644,1.7830589609147083,11.0,0.9999999999999993,1.0000000000000016,6.169173449181403,3.5697058905536764e-12,10.0,10,logcosh,1.0,stepsize_pilot
manuscript-pilot,D,pilot_logcosh_d10_k10_rho1_fr-r,FR--R,2500492809,51,0.280416974962791,5.952529977275961,2.2293278334473143e-13,nan,3.01637419613535e-13,1.7659867161121826e-07,1.023956861213851e-06,0.9999998284526844,1.0000007592658313,0.9999998284526838,1.0000007592658322,2.000001162458518,3.5918830437247867e-13,6.923111952559994e-13,0.08042428799672052,0.03054624912329018,,nan,nan,nan,nan,nan,nan,nan,nan,51,51,51,51,51,51,51,102,0,0,0,1,False,False,0.5,0,nan,nan,nan,nan,0.16209626917406456,1.7830589609147085,0.1620962691740644,1.7830589609147083,11.0,0.9999999999999993,1.0000000000000016,6.169173449181403,2.135493922172177e-12,10.0,10,logcosh,1.0,stepsize_pilot
manuscript-pilot,D,pilot_logcosh_d10_k10_rho1_fr-r,FR--R,2500492809,52,0.280416974962791,5.95252997727587,1.3233858453531866e-13,nan,1.8023865586575088e-13,1.3136938703814493e-07,7.95721301137089e-07,0.9999998622710036,1.0000005825432006,0.9999998622710031,1.0000005825432006,2.0000008963146185,2.1455362373141077e-13,4.1478799947888606e-13,0.08196160802617669,0.03114771912805736,,nan,nan,nan,nan,nan,nan,nan,nan,52,52,52,52,52,52,52,104,0,0,0,1,False,False,0.5,0,nan,nan,nan,nan,0.16209626917406456,1.7830589609147085,0.1620962691740644,1.7830589609147083,11.0,0.9999999999999993,1.0000000000000016,6.169173449181403,1.279449556712107e-12,10.0,10,logcosh,1.0,stepsize_pilot
manuscript-pilot,D,pilot_logcosh_d10_k10_rho1_fr-r,FR--R,2500492809,53,0.280416974962791,5.952529977275818,7.993605777301127e-14,nan,1.2015279566049105e-13,9.784979513430507e-08,6.187838400224533e-07,0.9999998894336627,1.0000004469318633,0.9999998894336629,1.000000446931864,2.0000006918708433,1.2839011158045441e-13,2.4889540343964635e-13,0.08349381800508127,0.031743889150675386,,nan,nan,nan,nan,nan,nan,nan,nan,53,53,53,53,53,53,53,106,0,0,0,1,False,False,0.5,0,nan,nan,nan,nan,0.16209626917406456,1.7830589609147085,0.1620962691740644,1.7830589609147083,11.0,0.9999999999999993,1.0000000000000016,6.169173449181403,7.6773945726158e-13,10.0,10,logcosh,1.0,stepsize_pilot
manuscript-pilot,D,pilot_logcosh_d10_k10_rho1_fr-r,FR--R,2500492809,54,0.280416974962791,5.952529977275787,4.884981308350689e-14,nan,7.860073535256134e-14,7.297955691357003e-08,4.815297340982818e-07,0.9999999112473864,1.0000003428741384,0.999999911247386,1.0000003428741389,2.0000005347128242,7.69673163621248e-14,1.4958245190195907e-13,0.08502509800018743,0.03233451914275065,,nan,nan,nan,nan,nan,nan,nan,nan,54,54,54,54,54,54,54,108,0,0,0,1,False,False,0.5,0,nan,nan,nan,nan,0.16209626917406456,1.7830589609147085,0.1620962691740644,1.7830589609147083,11.0,0.9999999999999993,1.0000000000000016,6.169173449181403,4.614000453685101e-13,10.0,10,logcosh,1.0,stepsize_pilot
manuscript-pilot,D,pilot_logcosh_d10_k10_rho1_fr-r,FR--R,2500492809,55,0.280416974962791,5.952529977275767,2.930988785010413e-14,nan,4.2938811832849295e-14,5.4504889196691895e-08,3.7499031168296956e-07,0.9999999287632324,1.0000002630326288,0.9999999287632314,1.0000002630326286,2.0000004138031318,4.622298833054603e-14,9.003777041119746e-14,0.08655884797917679,0.032915409188717604,,nan,nan,nan,nan,nan,nan,nan,nan,55,55,55,55,55,55,55,110,0,0,0,1,False,False,0.5,0,nan,nan,nan,nan,0.16209626917406456,1.7830589609147085,0.1620962691740644,1.7830589609147083,11.0,0.9999999999999993,1.0000000000000016,6.169173449181403,2.777293113221252e-13,10.0,10,logcosh,1.0,stepsize_pilot
manuscript-pilot,D,pilot_logcosh_d10_k10_rho1_fr-r,FR--R,2500492809,56,0.280416974962791,5.952529977275755,1.687538997430238e-14,nan,3.1859800994272025e-14,4.076438058486563e-08,2.922371682219309e-07,0.9999999428263637,1.0000002017749132,0.999999942826364,1.0000002017749143,2.0000003206913397,2.780897738701305e-14,5.428203075397231e-14,0.08808453800156713,0.03349278919631615,,nan,nan,nan,nan,nan,nan,nan,nan,56,56,56,56,56,56,56,112,0,0,0,1,False,False,0.5,0,nan,nan,nan,nan,0.16209626917406456,1.7830589609147085,0.1620962691740644,1.7830589609147083,11.0,0.9999999999999993,1.0000000000000016,6.169173449181403,1.674376314475272e-13,10.0,10,logcosh,1.0,stepsize_pilot
manuscript-pilot,D,pilot_logcosh_d10_k10_rho1_fr-r,FR--R,2500492809,57,0.280416974962791,5.952529977275748,9.769962616701378e-15,nan,2.4024846757326875e-14,3.053207895187649e-08,2.2791557826329642e-07,0.9999999541162143,1.000000154777724,0.9999999541162141,1.000000154777724,2.000000248907977,1.676046329156362e-14,3.2777902416760384e-14,0.08963191800285131,0.034071299189236015,,nan,nan,nan,nan,nan,nan,nan,nan,57,57,57,57,57,57,57,114,0,0,0,1,False,False,0.5,0,nan,nan,nan,nan,0.16209626917406456,1.7830589609147085,0.1620962691740644,1.7830589609147083,11.0,0.9999999999999993,1.0000000000000016,6.169173449181403,1.0110628265466856e-13,10.0,10,logcosh,1.0,stepsize_pilot
manuscript-pilot,D,pilot_logcosh_d10_k10_rho1_fr-r,FR--R,2500492809,58,0.280416974962791,5.952529977275744,6.217248937900877e-15,nan,1.873217935062234e-14,2.2902439755837648e-08,1.7788503019735887e-07,0.9999999631788401,1.0000001187229037,0.9999999631788388,1.0000001187229042,2.000000193499848,1.0119513924930882e-14,1.9824655667954822e-14,0.0911890069837682,0.03465043817413971,,nan,nan,nan,nan,nan,nan,nan,nan,58,58,58,58,58,58,58,116,0,0,0,1,False,False,0.5,0,nan,nan,nan,nan,0.16209626917406456,1.7830589609147085,0.1620962691740644,1.7830589609147083,11.0,0.9999999999999993,1.0000000000000016,6.169173449181403,6.115086969295526e-14,10.0,10,logcosh,1.0,stepsize_pilot
manuscript-pilot,D,pilot_logcosh_d10_k10_rho1_fr-r,FR--R,2500492809,59,0.280416974962791,5.952529977275741,3.552713678800501e-15,nan,1.0510094622153667e-14,1.720589421106114e-08,1.3894222941282807e-07,0.9999999704530218,1.0000000910639109,0.9999999704530209,1.0000000910639109,2.0000001506739933,6.120744781717726e-15,1.2009760206068279e-14,0.09272031701402739,0.03521871817065403,,nan,nan,nan,nan,nan,nan,nan,nan,59,59,59,59,59,59,59,118,0,0,0,1,False,False,0.5,0,nan,nan,nan,nan,0.16209626917406456,1.7830589609147085,0.1620962691740644,1.7830589609147083,11.0,0.9999999999999993,1.0000000000000016,6.169173449181403,3.70451468971559e-14,10.0,10,logcosh,1.0,stepsize_pilot
manuscript-pilot,D,pilot_logcosh_d10_k10_rho1_fr-r,FR--R,2500492809,60,0.280416974962791,5.9525299772757405,2.6645352591003757e-15,nan,1.3490296795570066e-14,1.2946833592357129e-08,1.0860759452922413e-07,0.99999997629126,1.000000069972624,0.9999999762912598,1.0000000699726241,2.0000001175250137,3.708664855406665e-15,7.287370377608241e-15,0.09425836702575907,0.035826128150802106,,nan,nan,nan,nan,nan,nan,nan,nan,60,60,60,60,60,60,60,120,0,0,0,1,False,False,0.5,0,nan,nan,nan,nan,0.16209626917406456,1.7830589609147085,0.1620962691740644,1.7830589609147083,11.0,0.9999999999999993,1.0000000000000016,6.169173449181403,2.247852592394591e-14,10.0,10,logcosh,1.0,stepsize_pilot
manuscript-pilot,D,pilot_logcosh_d10_k10_rho1_fr-r,FR--R,2500492809,61,0.280416974962791,5.95252997727574,1.7763568394002505e-15,nan,4.536111001517458e-15,9.758017371209783e-09,8.496063274473076e-08,0.9999999809767077,1.00000005579578,0.9999999809767076,1.000000055795779,2.000000091826418,2.2511097101792797e-15,4.4291208915814755e-15,0.09576328698312864,0.036387238185852766,,nan,nan,nan,nan,nan,nan,nan,nan,61,61,61,61,61,61,61,122,0,0,0,1,False,False,0.5,0,nan,nan,nan,nan,0.16209626917406456,1.7830589609147085,0.1620962691740644,1.7830589609147083,11.0,0.9999999999999993,1.0000000000000016,6.169173449181403,1.3662007503779553e-14,10.0,10,logcosh,1.0,stepsize_pilot
manuscript-pilot,D,pilot_logcosh_d10_k10_rho1_fr-r,FR--R,2500492809,62,0.280416974962791,5.952529977275739,8.881784197001252e-16,nan,1.2932860135609772e-14,7.367024498259559e-09,6.651297597780926e-08,0.9999999847367607,1.0000000444907164,0.9999999847367608,1.0000000444907158,2.0000000718709563,1.3687923314835212e-15,2.696343988636662e-15,0.09731651697074994,0.03698115819133818,,nan,nan,nan,nan,nan,nan,nan,nan,62,62,62,62,62,62,62,124,0,0,0,1,False,False,0.5,0,nan,nan,nan,nan,0.16209626917406456,1.7830589609147085,0.1620962691740644,1.7830589609147083,11.0,0.9999999999999993,1.0000000000000016,6.169173449181403,8.317106872278588e-15,10.0,10,logcosh,1.0,stepsize_pilot
manuscript-pilot,D,pilot_logcosh_d10_k10_rho1_fr-r,FR--R,2500492809,63,0.280416974962791,5.952529977275737,-8.881784197001252e-16,nan,5.804201828663145e-15,5.571543826654379e-09,5.21104234104324e-08,0.9999999877540279,1.0000000354758511,0.9999999877540268,1.0000000354758507,2.0000000563485973,8.337490476307488e-16,1.6441579995748056e-15,0.09885134699288756,0.03758376819314435,,nan,nan,nan,nan,nan,nan,nan,nan,63,63,63,63,63,63,63,126,0,0,0,1,False,False,0.5,0,nan,nan,nan,nan,0.16209626917406456,1.7830589609147085,0.1620962691740644,1.7830589609147083,11.0,0.9999999999999993,1.0000000000000016,6.169173449181403,5.0715479386180495e-15,10.0,10,logcosh,1.0,stepsize_pilot
manuscript-pilot,D,pilot_logcosh_d10_k10_rho1_fr-r,FR--R,2500492809,64,0.280416974962791,5.952529977275738,0.0,nan,1.289640525411496e-14,4.221157242172304e-09,4.0857321193629084e-08,0.9999999901751316,1.0000000282873358,0.9999999901751312,1.0000000282873363,2.0000000442531913,5.087255698549459e-16,1.0041997351914276e-15,0.10045096697285771,0.03823012817883864,,nan,nan,nan,nan,nan,nan,nan,nan,64,64,64,64,64,64,64,128,0,0,0,1,False,False,0.5,0,nan,nan,nan,nan,0.16209626917406456,1.7830589609147085,0.1620962691740644,1.7830589609147083,11.0,0.9999999999999993,1.0000000000000016,6.169173449181403,3.097541172008976e-15,10.0,10,logcosh,1.0,stepsize_pilot
manuscript-pilot,D,pilot_logcosh_d10_k10_rho1_fr-r,FR--R,2500492809,65,0.280416974962791,5.952529977275737,-8.881784197001252e-16,nan,3.118889423980583e-15,3.203896850734224e-09,3.205817277858522e-08,0.9999999921177805,1.0000000225552435,0.9999999921177806,1.0000000225552437,2.0000000348111806,3.109389242365796e-16,6.143291364561769e-16,0.10219610697822645,0.038847358198836446,,nan,nan,nan,nan,nan,nan,nan,nan,65,65,65,65,65,65,65,130,0,0,0,1,False,False,0.5,0,nan,nan,nan,nan,0.16209626917406456,1.7830589609147085,0.1620962691740644,1.7830589609147083,11.0,0.9999999999999993,1.0000000000000016,6.169173449181403,1.894951498841993e-15,10.0,10,logcosh,1.0,stepsize_pilot
manuscript-pilot,D,pilot_logcosh_d10_k10_rho1_fr-r,FR--R,2500492809,66,0.280416974962791,5.952529977275739,8.881784197001252e-16,nan,7.111362987977581e-15,2.436314917365935e-09,2.517253314721689e-08,0.9999999936764623,1.000000017984554,0.9999999936764629,1.0000000179845525,2.00000002742711,1.9037099472450511e-16,3.7642735250998093e-16,0.10370976699050516,0.03941304818727076,,nan,nan,nan,nan,nan,nan,nan,nan,66,66,66,66,66,66,66,132,0,0,0,1,False,False,0.5,0,nan,nan,nan,nan,0.16209626917406456,1.7830589609147085,0.1620962691740644,1.7830589609147083,11.0,0.9999999999999993,1.0000000000000016,6.169173449181403,1.1611228143251115e-15,10.0,10,logcosh,1.0,stepsize_pilot
manuscript-pilot,D,pilot_logcosh_d10_k10_rho1_fr-r,FR--R,2500492809,67,0.280416974962791,5.952529977275737,-8.881784197001252e-16,nan,1.1549764717345398e-14,1.8561414934669164e-09,1.9780128776372324e-08,0.9999999949270337,1.000000014339987,0.9999999949270327,1.0000000143399874,2.0000000216419935,1.167483686967824e-16,2.310218730406533e-16,0.10521649697329849,0.039993308193515986,,nan,nan,nan,nan,nan,nan,nan,nan,67,67,67,67,67,67,67,134,0,0,0,1,False,False,0.5,0,nan,nan,nan,nan,0.16209626917406456,1.7830589609147085,0.1620962691740644,1.7830589609147083,11.0,0.9999999999999993,1.0000000000000016,6.169173449181403,7.126070026712776e-16,10.0,10,logcosh,1.0,stepsize_pilot
manuscript-pilot,D,pilot_logcosh_d10_k10_rho1_fr-r,FR--R,2500492809,68,0.280416974962791,5.952529977275738,0.0,nan,1.778364303446049e-15,1.4168500435114906e-09,1.5553902477968112e-08,0.9999999959303624,1.0000000114339174,0.9999999959303618,1.0000000114339178,2.000000017101503,7.171555852892036e-17,1.4200650952333524e-16,0.10669585701543838,0.04055180819705129,,nan,nan,nan,nan,nan,nan,nan,nan,68,68,68,68,68,68,68,136,0,0,0,1,False,False,0.5,0,nan,nan,nan,nan,0.16209626917406456,1.7830589609147085,0.1620962691740644,1.7830589609147083,11.0,0.9999999999999993,1.0000000000000016,6.169173449181403,4.3803139408114294e-16,10.0,10,logcosh,1.0,stepsize_pilot
manuscript-pilot,D,pilot_logcosh_d10_k10_rho1_fr-r,FR--R,2500492809,69,0.280416974962791,5.952529977275739,8.881784197001252e-16,nan,1.9541099489357738e-14,1.0836309127105365e-09,1.2239143503857184e-08,0.9999999967353121,1.0000000091167254,0.9999999967353125,1.000000009116726,2.0000000135316744,4.412409303873777e-17,8.742515368546529e-17,0.10823493701172993,0.041126518161036074,,nan,nan,nan,nan,nan,nan,nan,nan,69,69,69,69,69,69,69,138,0,0,0,1,False,False,0.5,0,nan,nan,nan,nan,0.16209626917406456,1.7830589609147085,0.1620962691740644,1.7830589609147083,11.0,0.9999999999999993,1.0000000000000016,6.169173449181403,2.696704684534881e-16,10.0,10,logcosh,1.0,stepsize_pilot
manuscript-pilot,D,pilot_logcosh_d10_k10_rho1_fr-r,FR--R,2500492809,70,0.280416974962791,5.952529977275738,0.0,nan,7.550206139605943e-15,8.304048138579188e-10,9.637329523488931e-09,0.999999997381085,1.000000007269095,0.9999999973810845,1.000000007269095,2.0000000107202816,2.7190943819208398e-17,5.390458804038171e-17,0.1097512969863601,0.04168600816046819,,nan,nan,nan,nan,nan,nan,nan,nan,70,70,70,70,70,70,70,140,0,0,0,1,False,False,0.5,0,nan,nan,nan,nan,0.16209626917406456,1.7830589609147085,0.1620962691740644,1.7830589609147083,11.0,0.9999999999999993,1.0000000000000016,6.169173449181403,1.6627337666389214e-16,10.0,10,logcosh,1.0,stepsize_pilot
manuscript-pilot,D,pilot_logcosh_d10_k10_rho1_fr-r,FR--R,2500492809,71,0.280416974962791,5.952529977275739,8.881784197001252e-16,nan,0.0,6.376055097725712e-10,7.59361615449879e-09,0.9999999978991528,1.0000000057958875,0.9999999978991525,1.0000000057958867,2.0000000085026497,1.6781991481417435e-17,3.328613891764699e-17,0.11129338701721281,0.04227724816882983,,nan,nan,nan,nan,nan,nan,nan,nan,71,71,71,71,71,71,71,142,0,0,0,1,False,False,0.5,0,nan,nan,nan,nan,0.16209626917406456,1.7830589609147085,0.1620962691740644,1.7830589609147083,11.0,0.9999999999999993,1.0000000000000016,6.169173449181403,1.0267398221825581e-16,10.0,10,logcosh,1.0,stepsize_pilot
manuscript-pilot,D,pilot_logcosh_d10_k10_rho1_fr-r,FR--R,2500492809,72,0.280416974962791,5.952529977275738,0.0,nan,2.406212185071163e-19,4.905315672891158e-10,5.9871261745988854e-09,0.9999999983147579,1.00000000462123,0.9999999983147583,1.0000000046212307,2.0000000067507213,1.037329780236371e-17,2.058425509800757e-17,0.11278808698989451,0.0428358981735073,,nan,nan,nan,nan,nan,nan,nan,nan,72,72,72,72,72,72,72,144,0,0,0,1,False,False,0.5,0,nan,nan,nan,nan,0.16209626917406456,1.7830589609147085,0.1620962691740644,1.7830589609147083,11.0,0.9999999999999993,1.0000000000000016,6.169173449181403,6.349392001090263e-17,10.0,10,logcosh,1.0,stepsize_pilot
manuscript-pilot,D,pilot_logcosh_d10_k10_rho1_fr-r,FR--R,2500492809,73,0.280416974962791,5.95252997727574,1.7763568394002505e-15,nan,1.5543265319451907e-14,3.7811995413544177e-10,4.72342614799822e-09,0.9999999986481602,1.0000000036846266,0.9999999986481604,1.0000000036846257,2.0000000053647358,6.421372229720813e-18,1.274751061073357e-17,0.11428494699066505,0.04340623813914135,,nan,nan,nan,nan,nan,nan,nan,nan,73,73,73,73,73,73,73,146,0,0,0,1,False,False,0.5,0,nan,nan,nan,nan,0.16209626917406456,1.7830589609147085,0.1620962691740644,1.7830589609147083,11.0,0.9999999999999993,1.0000000000000016,6.169173449181403,3.932080200144788e-17,10.0,10,logcosh,1.0,stepsize_pilot
manuscript-pilot,D,pilot_logcosh_d10_k10_rho1_fr-r,FR--R,2500492809,74,0.280416974962791,5.95252997727574,1.7763568394002505e-15,nan,1.287867236856229e-14,2.920323791538692e-10,3.728687690893434e-09,0.9999999989156155,1.0000000029378393,0.9999999989156156,1.0000000029378389,2.0000000042668233,3.980696805225059e-18,7.905298573941267e-18,0.11577308701816946,0.0439768981304951,,nan,nan,nan,nan,nan,nan,nan,nan,74,74,74,74,74,74,74,148,0,0,0,1,False,False,0.5,0,nan,nan,nan,nan,0.16209626917406456,1.7830589609147085,0.1620962691740644,1.7830589609147083,11.0,0.9999999999999993,1.0000000000000016,6.169173449181403,2.438457903510504e-17,10.0,10,logcosh,1.0,stepsize_pilot
manuscript-pilot,D,pilot_logcosh_d10_k10_rho1_fr-r,FR--R,2500492809,75,0.280416974962791,5.952529977275738,0.0,nan,1.3323186937595343e-15,2.2597391297774248e-10,2.9451390757765523e-09,0.9999999991301631,1.000000002342402,0.9999999991301628,1.000000002342402,2.0000000033960603,2.4711053757186575e-18,4.9090468592548955e-18,0.11732042697258294,0.044553608109708875,,nan,nan,nan,nan,nan,nan,nan,nan,75,75,75,75,75,75,75,150,0,0,0,1,False,False,0.5,0,nan,nan,nan,nan,0.16209626917406456,1.7830589609147085,0.1620962691740644,1.7830589609147083,11.0,0.9999999999999993,1.0000000000000016,6.169173449181403,1.514238077245133e-17,10.0,10,logcosh,1.0,stepsize_pilot
manuscript-pilot,D,pilot_logcosh_d10_k10_rho1_fr-r,FR--R,2500492809,76,0.280416974962791,5.952529977275737,-8.881784197001252e-16,nan,1.3766796194853748e-14,1.7518419394169334e-10,2.327540727259408e-09,0.9999999993022692,1.000000001867644,0.9999999993022688,1.0000000018676438,2.0000000027047045,1.536053646662837e-18,3.0524256211087707e-18,0.11885691701900214,0.045132128114346415,,nan,nan,nan,nan,nan,nan,nan,nan,76,76,76,76,76,76,76,152,0,0,0,1,False,False,0.5,0,nan,nan,nan,nan,0.16209626917406456,1.7830589609147085,0.1620962691740644,1.7830589609147083,11.0,0.9999999999999993,1.0000000000000016,6.169173449181403,9.41547154867264e-18,10.0,10,logcosh,1.0,stepsize_pilot
manuscript-pilot,D,pilot_logcosh_d10_k10_rho1_fr-r,FR--R,2500492809,77,0.280416974962791,5.952529977275738,0.0,nan,1.332286141029296e-15,1.3605689658389445e-10,1.8404334133566645e-09,0.9999999994403245,1.0000000014891042,0.9999999994403249,1.000000001489104,2.0000000021552427,9.560546711696773e-19,1.90039052495387e-18,0.12039443699177355,0.04573743813671172,,nan,nan,nan,nan,nan,nan,nan,nan,77,77,77,77,77,77,77,154,0,0,0,1,False,False,0.5,0,nan,nan,nan,nan,0.16209626917406456,1.7830589609147085,0.1620962691740644,1.7830589609147083,11.0,0.9999999999999993,1.0000000000000016,6.169173449181403,5.8619193848106624e-18,10.0,10,logcosh,1.0,stepsize_pilot
manuscript-pilot,D,pilot_logcosh_d10_k10_rho1_fr-r,FR--R,2500492809,78,0.280416974962791,5.952529977275739,8.881784197001252e-16,nan,7.105438562909294e-15,1.0585512879103697e-10,1.4560104354413009e-09,0.9999999995510661,1.0000000011872845,0.9999999995510663,1.0000000011872843,2.000000001718178,5.958052317439272e-19,1.1846006057308588e-18,0.12193761701928452,0.046315668092574924,,nan,nan,nan,nan,nan,nan,nan,nan,78,78,78,78,78,78,78,156,0,0,0,1,False,False,0.5,0,nan,nan,nan,nan,0.16209626917406456,1.7830589609147085,0.1620962691740644,1.7830589609147083,11.0,0.9999999999999993,1.0000000000000016,6.169173449181403,3.654003302379511e-18,10.0,10,logcosh,1.0,stepsize_pilot
manuscript-pilot,D,pilot_logcosh_d10_k10_rho1_fr-r,FR--R,2500492809,79,0.280416974962791,5.952529977275738,0.0,nan,2.664542064988043e-15,8.2497804014621e-11,1.1524483966051862e-09,0.999999999639898,1.000000000946637,0.9999999996398985,1.0000000009466377,2.0000000013702577,3.717507861905619e-19,7.392913780510014e-19,0.12344271701294929,0.046881138056050986,,nan,nan,nan,nan,nan,nan,nan,nan,79,79,79,79,79,79,79,158,0,0,0,1,False,False,0.5,0,nan,nan,nan,nan,0.16209626917406456,1.7830589609147085,0.1620962691740644,1.7830589609147083,11.0,0.9999999999999993,1.0000000000000016,6.169173449181403,2.2804083703404846e-18,10.0,10,logcosh,1.0,stepsize_pilot
manuscript-pilot,D,pilot_logcosh_d10_k10_rho1_fr-r,FR--R,2500492809,80,0.280416974962791,5.952529977275739,8.881784197001252e-16,nan,0.0,6.439967548286143e-11,9.126029628311595e-10,0.9999999997111555,1.0000000007547658,0.9999999997111556,1.0000000007547656,2.0000000010931225,2.3222255444503915e-19,4.619097482698286e-19,0.1249159459839575,0.047431407088879496,,nan,nan,nan,nan,nan,nan,nan,nan,80,80,80,80,80,80,80,160,0,0,0,1,False,False,0.5,0,nan,nan,nan,nan,0.16209626917406456,1.7830589609147085,0.1620962691740644,1.7830589609147083,11.0,0.9999999999999993,1.0000000000000016,6.169173449181403,1.424800677472146e-18,10.0,10,logcosh,1.0,stepsize_pilot
manuscript-pilot,D,pilot_logcosh_d10_k10_rho1_fr-r,FR--R,2500492809,81,0.280416974962791,5.952529977275738,0.0,nan,1.2878589620835693e-14,5.035060950336494e-11,7.22995278949722e-10,0.9999999997683134,1.0000000006017817,0.9999999997683133,1.000000000601781,2.0000000008722374,1.4522703526631835e-19,2.889202700586309e-19,0.12642744602635503,0.04801597708137706,,nan,nan,nan,nan,nan,nan,nan,nan,81,81,81,81,81,81,81,162,0,0,0,1,False,False,0.5,0,nan,nan,nan,nan,0.16209626917406456,1.7830589609147085,0.1620962691740644,1.7830589609147083,11.0,0.9999999999999993,1.0000000000000016,6.169173449181403,8.911996294880133e-19,10.0,10,logcosh,1.0,stepsize_pilot
manuscript-pilot,D,pilot_logcosh_d10_k10_rho1_fr-r,FR--R,2500492809,82,0.280416974962791,5.952529977275739,8.881784197001252e-16,nan,8.43769654149763e-15,3.94252005715791e-11,5.730241072856493e-10,0.9999999998141601,1.0000000004798046,0.9999999998141594,1.0000000004798044,2.000000000696102,9.091999116887323e-20,1.8090965243565452e-19,0.1279248259961605,0.04858650703681633,,nan,nan,nan,nan,nan,nan,nan,nan,82,82,82,82,82,82,82,164,0,0,0,1,False,False,0.5,0,nan,nan,nan,nan,0.16209626917406456,1.7830589609147085,0.1620962691740644,1.7830589609147083,11.0,0.9999999999999993,1.0000000000000016,6.169173449181403,5.580315122533378e-19,10.0,10,logcosh,1.0,stepsize_pilot
manuscript-pilot,D,pilot_logcosh_d10_k10_rho1_fr-r,FR--R,2500492809,83,0.280416974962791,5.952529977275738,0.0,nan,8.43769594283801e-15,3.0914184786486943e-11,4.5434593824071437e-10,0.9999999998509351,1.000000000382551,0.9999999998509356,1.0000000003825515,2.000000000555608,5.698036835854144e-20,1.133953476202444e-19,0.1294586060103029,0.04916358704213053,,nan,nan,nan,nan,nan,nan,nan,nan,83,83,83,83,83,83,83,166,0,0,0,1,False,False,0.5,0,nan,nan,nan,nan,0.16209626917406456,1.7830589609147085,0.1620962691740644,1.7830589609147083,11.0,0.9999999999999993,1.0000000000000016,6.169173449181403,3.497777838997537e-19,10.0,10,logcosh,1.0,stepsize_pilot
manuscript-pilot,D,pilot_logcosh_d10_k10_rho1_fr-r,FR--R,2500492809,84,0.280416974962791,5.952529977275738,0.0,nan,0.0,2.4272970273486098e-11,3.6038344125831787e-10,0.9999999998804328,1.0000000003050094,0.9999999998804321,1.0000000003050096,2.0000000004434964,3.574618912858891e-20,7.114736818963586e-20,0.130997306026984,0.04976238706149161,,nan,nan,nan,nan,nan,nan,nan,nan,84,84,84,84,84,84,84,168,0,0,0,1,False,False,0.5,0,nan,nan,nan,nan,0.16209626917406456,1.7830589609147085,0.1620962691740644,1.7830589609147083,11.0,0.9999999999999993,1.0000000000000016,6.169173449181403,2.1946022740731754e-19,10.0,10,logcosh,1.0,stepsize_pilot
manuscript-pilot,D,pilot_logcosh_d10_k10_rho1_fr-r,FR--R,2500492809,85,0.280416974962791,5.952529977275736,-1.7763568394002505e-15,nan,6.2172493020416035e-15,1.9082471728384314e-11,2.8595749736118455e-10,0.9999999999040932,1.0000000002431852,0.9999999999040929,1.000000000243185,2.0000000003540204,2.2447402062250016e-20,4.468330652283618e-20,0.1325819159974344,0.05040861706947908,,nan,nan,nan,nan,nan,nan,nan,nan,85,85,85,85,85,85,85,170,0,0,0,1,False,False,0.5,0,nan,nan,nan,nan,0.16209626917406456,1.7830589609147085,0.1620962691740644,1.7830589609147083,11.0,0.9999999999999993,1.0000000000000016,6.169173449181403,1.3782953411115758e-19,10.0,10,logcosh,1.0,stepsize_pilot
manuscript-pilot,D,pilot_logcosh_d10_k10_rho1_fr-r,FR--R,2500492809,86,0.280416974962791,5.952529977275739,8.881784197001252e-16,nan,9.547918237366647e-15,1.501966380209033e-11,2.2697977228081993e-10,0.9999999999230732,1.0000000001938927,0.9999999999230734,1.0000000001938931,2.0000000002825984,1.410961533831559e-20,2.8089325792313234e-20,0.13428069598739967,0.05107759707607329,,nan,nan,nan,nan,nan,nan,nan,nan,86,86,86,86,86,86,86,172,0,0,0,1,False,False,0.5,0,nan,nan,nan,nan,0.16209626917406456,1.7830589609147085,0.1620962691740644,1.7830589609147083,11.0,0.9999999999999993,1.0000000000000016,6.169173449181403,8.66439614416726e-20,10.0,10,logcosh,1.0,stepsize_pilot
manuscript-pilot,D,pilot_logcosh_d10_k10_rho1_fr-r,FR--R,2500492809,87,0.280416974962791,5.952529977275739,8.881784197001252e-16,nan,3.774758423790708e-15,1.183491342492621e-11,1.8022449976719432e-10,0.9999999999382968,1.0000000001545912,0.9999999999382954,1.000000000154591,2.0000000002255742,8.87720485475437e-21,1.76743074345087e-20,0.13584779598750174,0.05167983705177903,,nan,nan,nan,nan,nan,nan,nan,nan,87,87,87,87,87,87,87,174,0,0,0,1,False,False,0.5,0,nan,nan,nan,nan,0.16209626917406456,1.7830589609147085,0.1620962691740644,1.7830589609147083,11.0,0.9999999999999993,1.0000000000000016,6.169173449181403,5.451793407882027e-20,10.0,10,logcosh,1.0,stepsize_pilot
manuscript-pilot,D,pilot_logcosh_d10_k10_rho1_fr-r,FR--R,2500492809,88,0.280416974962791,5.952529977275738,0.0,nan,1.3988810197421083e-14,9.33510102049315e-12,1.4314357814609139e-10,0.9999999999505094,1.000000000123256,0.9999999999505099,1.000000000123257,2.000000000180053,5.590034720642108e-21,1.1131049516078071e-20,0.13752348598791286,0.05239008704666048,,nan,nan,nan,nan,nan,nan,nan,nan,88,88,88,88,88,88,88,176,0,0,0,1,False,False,0.5,0,nan,nan,nan,nan,0.16209626917406456,1.7830589609147085,0.1620962691740644,1.7830589609147083,11.0,0.9999999999999993,1.0000000000000016,6.169173449181403,3.4334687568056174e-20,10.0,10,logcosh,1.0,stepsize_pilot
manuscript-pilot,D,pilot_logcosh_d10_k10_rho1_fr-r,FR--R,2500492809,89,0.280416974962791,5.952529977275739,8.881784197001252e-16,nan,1.0436096485798645e-14,7.370357768041173e-12,1.1372426579534536e-10,0.999999999960304,1.0000000000982716,0.999999999960303,1.0000000000982712,2.0000000001436975,3.5237302734047654e-21,7.016552126190021e-21,0.13913832599064335,0.05297647701809183,,nan,nan,nan,nan,nan,nan,nan,nan,89,89,89,89,89,89,89,178,0,0,0,1,False,False,0.5,0,nan,nan,nan,nan,0.16209626917406456,1.7830589609147085,0.1620962691740644,1.7830589609147083,11.0,0.9999999999999993,1.0000000000000016,6.169173449181403,2.1643163540844402e-20,10.0,10,logcosh,1.0,stepsize_pilot
manuscript-pilot,D,pilot_logcosh_d10_k10_rho1_fr-r,FR--R,2500492809,90,0.280416974962791,5.952529977275738,0.0,nan,0.0,5.824309172427707e-12,9.037952951368957e-11,0.9999999999681577,1.0000000000783527,0.9999999999681586,1.0000000000783529,2.0000000001146736,2.2230992209767833e-21,4.4273898433619775e-21,0.14065941597800702,0.05355100700398907,,nan,nan,nan,nan,nan,nan,nan,nan,90,90,90,90,90,90,90,180,0,0,0,1,False,False,0.5,0,nan,nan,nan,nan,0.16209626917406456,1.7830589609147085,0.1620962691740644,1.7830589609147083,11.0,0.9999999999999993,1.0000000000000016,6.169173449181403,1.3656667935422062e-20,10.0,10,logcosh,1.0,stepsize_pilot
manuscript-pilot,D,pilot_logcosh_d10_k10_rho1_fr-r,FR--R,2500492809,91,0.280416974962791,5.952529977275739,8.881784197001252e-16,nan,0.0,4.606346156166871e-12,7.184369518128368e-11,0.9999999999744578,1.00000000006247,0.9999999999744579,1.0000000000624696,2.000000000091498,1.4040779916940654e-21,2.7961531619489702e-21,0.14219560602214187,0.054154056997504085,,nan,nan,nan,nan,nan,nan,nan,nan,91,91,91,91,91,91,91,182,0,0,0,1,False,False,0.5,0,nan,nan,nan,nan,0.16209626917406456,1.7830589609147085,0.1620962691740644,1.7830589609147083,11.0,0.9999999999999993,1.0000000000000016,6.169173449181403,8.624976923270108e-21,10.0,10,logcosh,1.0,stepsize_pilot
manuscript-pilot,D,pilot_logcosh_d10_k10_rho1_fr-r,FR--R,2500492809,92,0.280416974962791,5.952529977275738,0.0,nan,0.0,3.645882697548204e-12,5.7124386967169174e-11,0.9999999999795114,1.0000000000498082,0.9999999999795114,1.0000000000498084,2.0000000000729976,8.875445442111039e-22,1.76776167493325e-21,0.1436824959819205,0.05470341700129211,,nan,nan,nan,nan,nan,nan,nan,nan,92,92,92,92,92,92,92,184,0,0,0,1,False,False,0.5,0,nan,nan,nan,nan,0.16209626917406456,1.7830589609147085,0.1620962691740644,1.7830589609147083,11.0,0.9999999999999993,1.0000000000000016,6.169173449181403,5.4528141947393266e-21,10.0,10,logcosh,1.0,stepsize_pilot
manuscript-pilot,D,pilot_logcosh_d10_k10_rho1_fr-r,FR--R,2500492809,93,0.280416974962791,5.952529977275738,0.0,nan,1.42108547235409e-14,2.8877149259024294e-12,4.542943503209599e-11,0.9999999999835669,1.000000000039712,0.9999999999835669,1.000000000039712,2.0000000000582334,5.616242215519535e-22,1.1186833699709042e-21,0.14518422598484904,0.055260566994547844,,nan,nan,nan,nan,nan,nan,nan,nan,93,93,93,93,93,93,93,186,0,0,0,1,False,False,0.5,0,nan,nan,nan,nan,0.16209626917406456,1.7830589609147085,0.1620962691740644,1.7830589609147083,11.0,0.9999999999999993,1.0000000000000016,6.169173449181403,3.450675872032639e-21,10.0,10,logcosh,1.0,stepsize_pilot
manuscript-pilot,D,pilot_logcosh_d10_k10_rho1_fr-r,FR--R,2500492809,94,0.280416974962791,5.952529977275738,0.0,nan,7.993605782539266e-15,2.288698219518498e-12,3.613791504647561e-11,0.9999999999868213,1.0000000000316642,0.9999999999868211,1.0000000000316638,2.0000000000464535,3.5585380809904733e-22,7.088031820952438e-22,0.14665000600507483,0.05580961698433384,,nan,nan,nan,nan,nan,nan,nan,nan,94,94,94,94,94,94,94,188,0,0,0,1,False,False,0.5,0,nan,nan,nan,nan,0.16209626917406456,1.7830589609147085,0.1620962691740644,1.7830589609147083,11.0,0.9999999999999993,1.0000000000000016,6.169173449181403,2.1863648858386345e-21,10.0,10,logcosh,1.0,stepsize_pilot
manuscript-pilot,D,pilot_logcosh_d10_k10_rho1_fr-r,FR--R,2500492809,95,0.280416974962791,5.952529977275739,8.881784197001252e-16,nan,1.021405182984562e-14,1.8149877165811488e-12,2.8752117967231627e-11,0.9999999999894288,1.000000000025245,0.9999999999894291,1.000000000025245,2.0000000000370415,2.2572615824925986e-22,4.496530817418745e-22,0.14816231600707397,0.05637774697970599,,nan,nan,nan,nan,nan,nan,nan,nan,95,95,95,95,95,95,95,190,0,0,0,1,False,False,0.5,0,nan,nan,nan,nan,0.16209626917406456,1.7830589609147085,0.1620962691740644,1.7830589609147083,11.0,0.9999999999999993,1.0000000000000016,6.169173449181403,1.3869939266122837e-21,10.0,10,logcosh,1.0,stepsize_pilot
manuscript-pilot,D,pilot_logcosh_d10_k10_rho1_fr-r,FR--R,2500492809,96,0.280416974962791,5.952529977275739,8.881784197001252e-16,nan,0.0,1.4401353494261155e-12,2.2880664527691214e-11,0.9999999999915223,1.0000000000201281,0.999999999991522,1.0000000000201275,2.000000000029536,1.4338192254596032e-22,2.8567780956596926e-22,0.14968792599393055,0.056940507027320564,,nan,nan,nan,nan,nan,nan,nan,nan,96,96,96,96,96,96,96,192,0,0,0,1,False,False,0.5,0,nan,nan,nan,nan,0.16209626917406456,1.7830589609147085,0.1620962691740644,1.7830589609147083,11.0,0.9999999999999993,1.0000000000000016,6.169173449181403,8.811979788973394e-22,10.0,10,logcosh,1.0,stepsize_pilot
manuscript-pilot,D,pilot_logcosh_d10_k10_rho1_fr-r,FR--R,2500492809,97,0.280416974962791,5.952529977275738,0.0,nan,1.4654943926359045e-14,1.1432315828394004e-12,1.8209800154791858e-11,0.9999999999931997,1.0000000000160463,0.9999999999931987,1.0000000000160463,2.0000000000235407,9.121440057030302e-23,1.8176946206847267e-22,0.15122442599385977,0.05752434703754261,,nan,nan,nan,nan,nan,nan,nan,nan,97,97,97,97,97,97,97,194,0,0,0,1,False,False,0.5,0,nan,nan,nan,nan,0.16209626917406456,1.7830589609147085,0.1620962691740644,1.7830589609147083,11.0,0.9999999999999993,1.0000000000000016,6.169173449181403,5.606836696324039e-22,10.0,10,logcosh,1.0,stepsize_pilot
manuscript-pilot,D,pilot_logcosh_d10_k10_rho1_fr-r,FR--R,2500492809,98,0.280416974962791,5.952529977275737,-8.881784197001252e-16,nan,0.0,9.079719044073794e-13,1.4494587410777806e-11,0.9999999999945471,1.0000000000127933,0.9999999999945465,1.0000000000127924,2.000000000018763,5.815625600638253e-23,1.1587727310058333e-22,0.15275170601671562,0.05810459703207016,,nan,nan,nan,nan,nan,nan,nan,nan,98,98,98,98,98,98,98,196,0,0,0,1,False,False,0.5,0,nan,nan,nan,nan,0.16209626917406456,1.7830589609147085,0.1620962691740644,1.7830589609147083,11.0,0.9999999999999993,1.0000000000000016,6.169173449181403,3.574334982878305e-22,10.0,10,logcosh,1.0,stepsize_pilot
manuscript-pilot,D,pilot_logcosh_d10_k10_rho1_fr-r,FR--R,2500492809,99,0.280416974962791,5.952529977275738,0.0,nan,2.1094237468398417e-14,7.214168861843108e-13,1.1539387437393764e-11,0.9999999999956269,1.0000000000101996,0.9999999999956257,1.0000000000101983,2.0000000000149507,3.717896495881612e-23,7.405660339123993e-23,0.1542869859840721,0.058681077032815665,,nan,nan,nan,nan,nan,nan,nan,nan,99,99,99,99,99,99,99,198,0,0,0,1,False,False,0.5,0,nan,nan,nan,nan,0.16209626917406456,1.7830589609147085,0.1620962691740644,1.7830589609147083,11.0,0.9999999999999993,1.0000000000000016,6.169173449181403,2.284340156888974e-22,10.0,10,logcosh,1.0,stepsize_pilot
manuscript-pilot,D,pilot_logcosh_d10_k10_rho1_fr-r,FR--R,2500492809,100,0.280416974962791,5.952529977275737,-8.881784197001252e-16,nan,5.995204333304651e-15,5.734157648645137e-13,9.189912492775593e-12,0.9999999999964931,1.0000000000081326,0.999999999996493,1.000000000008132,2.000000000011919,2.3830391128464392e-23,4.749021915803956e-23,0.15576600597705692,0.059235297027044,,nan,nan,nan,nan,nan,nan,nan,nan,100,100,100,100,100,100,100,200,0,0,0,1,False,False,0.5,0,nan,nan,nan,nan,0.16209626917406456,1.7830589609147085,0.1620962691740644,1.7830589609147083,11.0,0.9999999999999993,1.0000000000000016,6.169173449181403,1.4648769956279183e-22,10.0,10,logcosh,1.0,stepsize_pilot
manuscript-pilot,D,pilot_logcosh_d10_k10_rho1_fr-r,FR--R,2500492809,101,0.280416974962791,5.952529977275737,-8.881784197001252e-16,nan,7.771561172583969e-15,4.559314616613686e-13,7.318663458832514e-12,0.999999999997187,1.0000000000064846,0.9999999999971866,1.0000000000064846,2.0000000000094964,1.5334378552571558e-23,3.055735612014245e-23,0.15726148599060252,0.05980341706890613,,nan,nan,nan,nan,nan,nan,nan,nan,101,101,101,101,101,101,101,202,0,0,0,1,False,False,0.5,0,nan,nan,nan,nan,0.16209626917406456,1.7830589609147085,0.1620962691740644,1.7830589609147083,11.0,0.9999999999999993,1.0000000000000016,6.169173449181403,9.425681502678184e-23,10.0,10,logcosh,1.0,stepsize_pilot
manuscript-pilot,D,pilot_logcosh_d10_k10_rho1_fr-r,FR--R,2500492809,102,0.280416974962791,5.952529977275738,0.0,nan,1.3988810110408474e-14,3.626317838838879e-13,5.829428888087843e-12,0.9999999999977445,1.0000000000051699,0.9999999999977439,1.0000000000051703,2.000000000007568,9.903780420231436e-24,1.9759811399244925e-23,0.15879063500324264,0.06038234708830714,,nan,nan,nan,nan,nan,nan,nan,nan,102,102,102,102,102,102,102,204,0,0,0,1,False,False,0.5,0,nan,nan,nan,nan,0.16209626917406456,1.7830589609147085,0.1620962691740644,1.7830589609147083,11.0,0.9999999999999993,1.0000000000000016,6.169173449181403,6.095085192252692e-23,10.0,10,logcosh,1.0,stepsize_pilot
manuscript-pilot,D,pilot_logcosh_d10_k10_rho1_fr-r,FR--R,2500492809,103,0.280416974962791,5.952529977275739,8.881784197001252e-16,nan,0.0,2.885220468985954e-13,4.6422840963767395e-12,0.9999999999981898,1.00000000000412,0.9999999999981898,1.00000000000412,2.0000000000060187,6.447382456153874e-24,1.2849056497944603e-23,0.16032786498544738,0.060963037074543536,,nan,nan,nan,nan,nan,nan,nan,nan,103,103,103,103,103,103,103,206,0,0,0,1,False,False,0.5,0,nan,nan,nan,nan,0.16209626917406456,1.7830589609147085,0.1620962691740644,1.7830589609147083,11.0,0.9999999999999993,1.0000000000000016,6.169173449181403,3.9634029097075815e-23,10.0,10,logcosh,1.0,stepsize_pilot
manuscript-pilot,D,pilot_logcosh_d10_k10_rho1_fr-r,FR--R,2500492809,104,0.280416974962791,5.952529977275738,0.0,nan,1.3322676295554585e-14,2.295786503289453e-13,3.697557204721431e-12,0.9999999999985494,1.0000000000032856,0.9999999999985492,1.000000000003284,2.0000000000047944,4.226699167650826e-24,8.424541067148051e-24,0.16182972502429038,0.06151689711259678,,nan,nan,nan,nan,nan,nan,nan,nan,104,104,104,104,104,104,104,208,0,0,0,1,False,False,0.5,0,nan,nan,nan,nan,0.16209626917406456,1.7830589609147085,0.1620962691740644,1.7830589609147083,11.0,0.9999999999999993,1.0000000000000016,6.169173449181403,2.598622753649406e-23,10.0,10,logcosh,1.0,stepsize_pilot
manuscript-pilot,D,pilot_logcosh_d10_k10_rho1_fr-r,FR--R,2500492809,105,0.280416974962791,5.952529977275738,0.0,nan,8.437694987184579e-15,1.827291145325893e-13,2.9458843157141024e-12,0.9999999999988362,1.0000000000026192,0.9999999999988356,1.0000000000026188,2.0000000000038165,2.8031019765508366e-24,5.584454617126121e-24,0.16335050499765202,0.062084867095109075,,nan,nan,nan,nan,nan,nan,nan,nan,105,105,105,105,105,105,105,210,0,0,0,1,False,False,0.5,0,nan,nan,nan,nan,0.16209626917406456,1.7830589609147085,0.1620962691740644,1.7830589609147083,11.0,0.9999999999999993,1.0000000000000016,6.169173449181403,1.7225734576066485e-23,10.0,10,logcosh,1.0,stepsize_pilot
manuscript-pilot,D,pilot_logcosh_d10_k10_rho1_fr-r,FR--R,2500492809,106,0.280416974962791,5.952529977275737,-8.881784197001252e-16,nan,1.754152378909864e-14,1.4549274874641542e-13,2.3479080924097628e-12,0.999999999999066,1.0000000000020886,0.9999999999990659,1.0000000000020883,2.000000000003039,1.8778706974398955e-24,3.755918459911115e-24,0.16481086501153186,0.0626360370661132,,nan,nan,nan,nan,nan,nan,nan,nan,106,106,106,106,106,106,106,212,0,0,0,1,False,False,0.5,0,nan,nan,nan,nan,0.16209626917406456,1.7830589609147085,0.1620962691740644,1.7830589609147083,11.0,0.9999999999999993,1.0000000000000016,6.169173449181403,1.1584910047652789e-23,10.0,10,logcosh,1.0,stepsize_pilot
manuscript-pilot,D,pilot_logcosh_d10_k10_rho1_fr-r,FR--R,2500492809,107,0.280416974962791,5.952529977275738,0.0,nan,1.1102230246264987e-14,1.158503364974202e-13,1.868977301915651e-12,0.9999999999992498,1.0000000000016633,0.9999999999992494,1.0000000000016631,2.0000000000024127,1.2943098259308418e-24,2.567071593144641e-24,0.16631916497135535,0.0632065970567055,,nan,nan,nan,nan,nan,nan,nan,nan,107,107,107,107,107,107,107,214,0,0,0,1,False,False,0.5,0,nan,nan,nan,nan,0.16209626917406456,1.7830589609147085,0.1620962691740644,1.7830589609147083,11.0,0.9999999999999993,1.0000000000000016,6.169173449181403,7.918354957287863e-24,10.0,10,logcosh,1.0,stepsize_pilot
manuscript-pilot,D,pilot_logcosh_d10_k10_rho1_fr-r,FR--R,2500492809,108,0.280416974962791,5.952529977275738,0.0,nan,0.0,9.225929876175551e-14,1.4920995438710858e-12,0.9999999999993985,1.000000000001328,0.9999999999993988,1.0000000000013278,2.000000000001927,9.020558020636637e-25,1.806589687909842e-24,0.16776806500274688,0.06375099706929177,,nan,nan,nan,nan,nan,nan,nan,nan,108,108,108,108,108,108,108,216,0,0,0,1,False,False,0.5,0,nan,nan,nan,nan,0.16209626917406456,1.7830589609147085,0.1620962691740644,1.7830589609147083,11.0,0.9999999999999993,1.0000000000000016,6.169173449181403,5.564938703774537e-24,10.0,10,logcosh,1.0,stepsize_pilot
manuscript-pilot,D,pilot_logcosh_d10_k10_rho1_fr-r,FR--R,2500492809,109,0.280416974962791,5.952529977275738,0.0,nan,3.774758283730933e-15,7.348583918053922e-14,1.18892861858456e-12,0.9999999999995168,1.0000000000010583,0.9999999999995165,1.0000000000010594,2.0000000000015303,6.537279125609378e-25,1.3020095642601015e-24,0.16927794500952587,0.06432709709042683,,nan,nan,nan,nan,nan,nan,nan,nan,109,109,109,109,109,109,109,218,0,0,0,1,False,False,0.5,0,nan,nan,nan,nan,0.16209626917406456,1.7830589609147085,0.1620962691740644,1.7830589609147083,11.0,0.9999999999999993,1.0000000000000016,6.169173449181403,4.016161417206833e-24,10.0,10,logcosh,1.0,stepsize_pilot
manuscript-pilot,D,pilot_logcosh_d10_k10_rho1_fr-r,FR--R,2500492809,110,0.280416974962791,5.952529977275737,-8.881784197001252e-16,nan,3.3306690738788988e-15,5.855898121442545e-14,9.47682501254634e-13,0.9999999999996138,1.000000000000843,0.9999999999996124,1.000000000000844,2.0000000000012155,4.867654339891979e-25,9.747795035150815e-25,0.17078251502243802,0.06491225713398308,,nan,nan,nan,nan,nan,nan,nan,nan,110,110,110,110,110,110,110,220,0,0,0,1,False,False,0.5,0,nan,nan,nan,nan,0.16209626917406456,1.7830589609147085,0.1620962691740644,1.7830589609147083,11.0,0.9999999999999993,1.0000000000000016,6.169173449181403,3.0029403913465826e-24,10.0,10,logcosh,1.0,stepsize_pilot
manuscript-pilot,D,pilot_logcosh_d10_k10_rho1_fr-r,FR--R,2500492809,111,0.280416974962791,5.952529977275738,0.0,nan,7.327471962528209e-15,4.663602097940758e-14,7.539303162565791e-13,0.9999999999996908,1.0000000000006715,0.999999999999691,1.0000000000006715,2.0000000000009694,3.765536417255389e-25,7.54186636606194e-25,0.17231626500142738,0.06550781714031473,,nan,nan,nan,nan,nan,nan,nan,nan,111,111,111,111,111,111,111,222,0,0,0,1,False,False,0.5,0,nan,nan,nan,nan,0.16209626917406456,1.7830589609147085,0.1620962691740644,1.7830589609147083,11.0,0.9999999999999993,1.0000000000000016,6.169173449181403,2.3230247287264797e-24,10.0,10,logcosh,1.0,stepsize_pilot
manuscript-pilot,D,pilot_logcosh_d10_k10_rho1_fr-r,FR--R,2500492809,112,0.280416974962791,5.952529977275737,-8.881784197001252e-16,nan,5.551115123127162e-15,3.7135513894400126e-14,5.991602440203647e-13,0.9999999999997523,1.000000000000534,0.9999999999997539,1.000000000000534,2.0000000000007696,3.0430284442442288e-25,6.053153234619566e-25,0.17379905498819426,0.06606039713369682,,nan,nan,nan,nan,nan,nan,nan,nan,112,112,112,112,112,112,112,224,0,0,0,1,False,False,0.5,0,nan,nan,nan,nan,0.16209626917406456,1.7830589609147085,0.1620962691740644,1.7830589609147083,11.0,0.9999999999999993,1.0000000000000016,6.169173449181403,1.8671476109420777e-24,10.0,10,logcosh,1.0,stepsize_pilot
manuscript-pilot,D,pilot_logcosh_d10_k10_rho1_fr-r,FR--R,2500492809,113,0.280416974962791,5.95252997727574,1.7763568394002505e-15,nan,8.659739592077095e-15,2.955345377065406e-14,4.785066556306719e-13,0.9999999999998017,1.000000000000426,0.9999999999998017,1.0000000000004272,2.000000000000612,2.5519046928948377e-25,5.103136135572373e-25,0.1753204750129953,0.06664652714971453,,nan,nan,nan,nan,nan,nan,nan,nan,113,113,113,113,113,113,113,226,0,0,0,1,False,False,0.5,0,nan,nan,nan,nan,0.16209626917406456,1.7830589609147085,0.1620962691740644,1.7830589609147083,11.0,0.9999999999999993,1.0000000000000016,6.169173449181403,1.5741065977565636e-24,10.0,10,logcosh,1.0,stepsize_pilot
manuscript-pilot,D,pilot_logcosh_d10_k10_rho1_fr-r,FR--R,2500492809,114,0.280416974962791,5.952529977275738,0.0,nan,1.998401444325337e-14,2.353145892338312e-14,3.805627199888146e-13,0.9999999999998396,1.0000000000003373,0.9999999999998391,1.000000000000338,2.0000000000004787,2.202741335652881e-25,4.445800480220635e-25,0.17680039501283318,0.06720074714394286,,nan,nan,nan,nan,nan,nan,nan,nan,114,114,114,114,114,114,114,228,0,0,0,1,False,False,0.5,0,nan,nan,nan,nan,0.16209626917406456,1.7830589609147085,0.1620962691740644,1.7830589609147083,11.0,0.9999999999999993,1.0000000000000016,6.169173449181403,1.3589093363326315e-24,10.0,10,logcosh,1.0,stepsize_pilot
manuscript-pilot,D,pilot_logcosh_d10_k10_rho1_fr-r,FR--R,2500492809,115,0.280416974962791,5.952529977275737,-8.881784197001252e-16,nan,7.993605777301479e-15,1.8750403853768452e-14,3.017905775764641e-13,0.9999999999998707,1.0000000000002673,0.9999999999998708,1.0000000000002676,2.000000000000374,1.970206825458301e-25,3.960938715706513e-25,0.17829838499892503,0.06776638713199645,,nan,nan,nan,nan,nan,nan,nan,nan,115,115,115,115,115,115,115,230,0,0,0,1,False,False,0.5,0,nan,nan,nan,nan,0.16209626917406456,1.7830589609147085,0.1620962691740644,1.7830589609147083,11.0,0.9999999999999993,1.0000000000000016,6.169173449181403,1.21545476370149e-24,10.0,10,logcosh,1.0,stepsize_pilot
manuscript-pilot,D,pilot_logcosh_d10_k10_rho1_fr-r,FR--R,2500492809,116,0.280416974962791,5.952529977275737,-8.881784197001252e-16,nan,1.1324274851176819e-14,1.4902857434023348e-14,2.3869443270654414e-13,0.9999999999998972,1.0000000000002114,0.9999999999998976,1.0000000000002114,2.000000000000295,1.817405235793182e-25,3.6496497771487223e-25,0.17981138499453664,0.06831771711586043,,nan,nan,nan,nan,nan,nan,nan,nan,116,116,116,116,116,116,116,232,0,0,0,1,False,False,0.5,0,nan,nan,nan,nan,0.16209626917406456,1.7830589609147085,0.1620962691740644,1.7830589609147083,11.0,0.9999999999999993,1.0000000000000016,6.169173449181403,1.1211888127059719e-24,10.0,10,logcosh,1.0,stepsize_pilot
manuscript-pilot,D,pilot_logcosh_d10_k10_rho1_fr-r,FR--R,2500492809,117,0.280416974962791,5.952529977275737,-8.881784197001252e-16,nan,1.0658141036401643e-14,1.1851909071627729e-14,1.8910602342884675e-13,0.9999999999999181,1.0000000000001668,0.9999999999999182,1.000000000000167,2.0000000000002327,1.7118477065533719e-25,3.4271298935049866e-25,0.18135689501650631,0.06891556712798774,,nan,nan,nan,nan,nan,nan,nan,nan,117,117,117,117,117,117,117,234,0,0,0,1,False,False,0.5,0,nan,nan,nan,nan,0.16209626917406456,1.7830589609147085,0.1620962691740644,1.7830589609147083,11.0,0.9999999999999993,1.0000000000000016,6.169173449181403,1.0560685420312007e-24,10.0,10,logcosh,1.0,stepsize_pilot
manuscript-pilot,D,pilot_logcosh_d10_k10_rho1_fr-r,FR--R,2500492809,118,0.280416974962791,5.952529977275738,0.0,nan,0.0,9.407433399910282e-15,1.5201466431770606e-13,0.9999999999999347,1.0000000000001341,0.9999999999999347,1.000000000000134,2.0000000000001865,1.640818392198053e-25,3.2800770197885447e-25,0.18286202498711646,0.0694731471594423,,nan,nan,nan,nan,nan,nan,nan,nan,118,118,118,118,118,118,118,236,0,0,0,1,False,False,0.5,0,nan,nan,nan,nan,0.16209626917406456,1.7830589609147085,0.1620962691740644,1.7830589609147083,11.0,0.9999999999999993,1.0000000000000016,6.169173449181403,1.0117682030874777e-24,10.0,10,logcosh,1.0,stepsize_pilot
manuscript-pilot,D,pilot_logcosh_d10_k10_rho1_fr-r,FR--R,2500492809,119,0.280416974962791,5.952529977275738,0.0,nan,1.110223024625162e-14,7.456341154402847e-15,1.2160814282357522e-13,0.9999999999999487,1.0000000000001088,0.9999999999999478,1.000000000000108,2.0000000000001497,1.6120616916700635e-25,3.1677550311211558e-25,0.18435287498869002,0.0700381071656011,,nan,nan,nan,nan,nan,nan,nan,nan,119,119,119,119,119,119,119,238,0,0,0,1,False,False,0.5,0,nan,nan,nan,nan,0.16209626917406456,1.7830589609147085,0.1620962691740644,1.7830589609147083,11.0,0.9999999999999993,1.0000000000000016,6.169173449181403,9.771215115751722e-25,10.0,10,logcosh,1.0,stepsize_pilot
manuscript-pilot,D,pilot_logcosh_d10_k10_rho1_fr-r,FR--R,2500492809,120,0.280416974962791,5.952529977275739,8.881784197001252e-16,nan,9.32587340685135e-15,5.910785083591287e-15,9.887888011273464e-14,0.99999999999996,1.000000000000088,0.9999999999999597,1.000000000000088,2.000000000000126,1.577269654489212e-25,3.1326375000147397e-25,0.1858134550275281,0.0705835671396926,,nan,nan,nan,nan,nan,nan,nan,nan,120,120,120,120,120,120,120,240,0,0,0,1,False,False,0.5,0,nan,nan,nan,nan,0.16209626917406456,1.7830589609147085,0.1620962691740644,1.7830589609147083,11.0,0.9999999999999993,1.0000000000000016,6.169173449181403,9.66289204550047e-25,10.0,10,logcosh,1.0,stepsize_pilot
manuscript-pilot,D,pilot_logcosh_d10_k10_rho1_fr-r,FR--R,2500492809,121,0.280416974962791,5.952529977275738,0.0,nan,1.3988810110276994e-14,4.703162632264047e-15,7.986548437326296e-14,0.9999999999999684,1.0000000000000706,0.9999999999999678,1.0000000000000704,2.0000000000001,1.5376879020035854e-25,3.0886056552486574e-25,0.18727961502736434,0.0711432071402669,,nan,nan,nan,nan,nan,nan,nan,nan,121,121,121,121,121,121,121,242,0,0,0,1,False,False,0.5,0,nan,nan,nan,nan,0.16209626917406456,1.7830589609147085,0.1620962691740644,1.7830589609147083,11.0,0.9999999999999993,1.0000000000000016,6.169173449181403,9.486263378168275e-25,10.0,10,logcosh,1.0,stepsize_pilot
manuscript-pilot,D,pilot_logcosh_d10_k10_rho1_fr-r,FR--R,2500492809,122,0.280416974962791,5.952529977275739,8.881784197001252e-16,nan,2.66453525910039e-15,3.757556807760313e-15,6.536275592502961e-14,0.9999999999999756,1.0000000000000575,0.9999999999999751,1.0000000000000575,2.0000000000000804,1.5140168947688387e-25,3.022882251739435e-25,0.18875737499911338,0.07171193714020774,,nan,nan,nan,nan,nan,nan,nan,nan,122,122,122,122,122,122,122,244,0,0,0,1,False,False,0.5,0,nan,nan,nan,nan,0.16209626917406456,1.7830589609147085,0.1620962691740644,1.7830589609147083,11.0,0.9999999999999993,1.0000000000000016,6.169173449181403,9.32434246371631e-25,10.0,10,logcosh,1.0,stepsize_pilot
manuscript-pilot,D,pilot_logcosh_d10_k10_rho1_fr-r,FR--R,2500492809,123,0.280416974962791,5.952529977275738,0.0,nan,1.709743457922742e-14,2.9794046141677062e-15,5.303407071829142e-14,0.9999999999999803,1.0000000000000449,0.9999999999999803,1.0000000000000455,2.000000000000055,1.4905499374614446e-25,2.987094932951848e-25,0.19027095497585833,0.0722927171154879,,nan,nan,nan,nan,nan,nan,nan,nan,123,123,123,123,123,123,123,246,0,0,0,1,False,False,0.5,0,nan,nan,nan,nan,0.16209626917406456,1.7830589609147085,0.1620962691740644,1.7830589609147083,11.0,0.9999999999999993,1.0000000000000016,6.169173449181403,9.195461098866327e-25,10.0,10,logcosh,1.0,stepsize_pilot
manuscript-pilot,D,pilot_logcosh_d10_k10_rho1_fr-r,FR--R,2500492809,124,0.280416974962791,5.952529977275737,-8.881784197001252e-16,nan,5.107025913275726e-15,2.361182331589869e-15,4.295963137392705e-14,0.9999999999999818,1.0000000000000338,0.9999999999999819,1.0000000000000338,2.0000000000000293,1.4821972283276792e-25,2.9471318140593485e-25,0.19178621401079,0.07284679607255384,,nan,nan,nan,nan,nan,nan,nan,nan,124,124,124,124,124,124,124,248,0,0,0,1,False,False,0.5,0,nan,nan,nan,nan,0.16209626917406456,1.7830589609147085,0.1620962691740644,1.7830589609147083,11.0,0.9999999999999993,1.0000000000000016,6.169173449181403,9.090683669266378e-25,10.0,10,logcosh,1.0,stepsize_pilot
manuscript-pilot,D,pilot_logcosh_d10_k10_rho1_fr-r,FR--R,2500492809,125,0.280416974962791,5.952529977275738,0.0,nan,1.5099033134902132e-14,1.891927310943073e-15,3.661845174699122e-14,0.9999999999999817,1.000000000000028,0.9999999999999821,1.0000000000000278,2.0000000000000204,1.478251454194554e-25,2.9454534025786504e-25,0.19330159400124103,0.0734125260496512,,nan,nan,nan,nan,nan,nan,nan,nan,125,125,125,125,125,125,125,250,0,0,0,1,False,False,0.5,0,nan,nan,nan,nan,0.16209626917406456,1.7830589609147085,0.1620962691740644,1.7830589609147083,11.0,0.9999999999999993,1.0000000000000016,6.169173449181403,9.085506463494617e-25,10.0,10,logcosh,1.0,stepsize_pilot
manuscript-pilot,D,pilot_logcosh_d10_k10_rho1_fr-r,FR--R,2500492809,126,0.280416974962791,5.952529977275738,0.0,nan,1.0658141036401504e-14,1.5304154839839824e-15,3.056341933708797e-14,0.9999999999999828,1.0000000000000218,0.9999999999999828,1.000000000000022,2.0000000000000093,1.4463043429795514e-25,2.9319802765683515e-25,0.1947872940218076,0.07397546601714566,,nan,nan,nan,nan,nan,nan,nan,nan,126,126,126,126,126,126,126,252,0,0,0,1,False,False,0.5,0,nan,nan,nan,nan,0.16209626917406456,1.7830589609147085,0.1620962691740644,1.7830589609147083,11.0,0.9999999999999993,1.0000000000000016,6.169173449181403,8.922502352145356e-25,10.0,10,logcosh,1.0,stepsize_pilot
manuscript-pilot,D,pilot_logcosh_d10_k10_rho1_fr-r,FR--R,2500492809,127,0.280416974962791,5.952529977275738,0.0,nan,4.440892098500642e-16,1.2364672814527675e-15,2.6788937056610385e-14,0.999999999999983,1.0000000000000164,0.9999999999999826,1.0000000000000164,1.9999999999999938,1.4542523779487702e-25,2.8839752341790714e-25,0.19628144399030134,0.0745447360095568,,nan,nan,nan,nan,nan,nan,nan,nan,127,127,127,127,127,127,127,254,0,0,0,1,False,False,0.5,0,nan,nan,nan,nan,0.16209626917406456,1.7830589609147085,0.1620962691740644,1.7830589609147083,11.0,0.9999999999999993,1.0000000000000016,6.169173449181403,8.895871721397123e-25,10.0,10,logcosh,1.0,stepsize_pilot
manuscript-pilot,D,pilot_logcosh_d10_k10_rho1_fr-r,FR--R,2500492809,128,0.280416974962791,5.952529977275738,0.0,nan,7.771561172376097e-15,9.641817173934167e-16,2.306981632005548e-14,0.9999999999999843,1.0000000000000127,0.9999999999999845,1.000000000000012,1.9999999999999896,1.4332938639598745e-25,2.887170058163396e-25,0.1977658140240237,0.0751078860484995,,nan,nan,nan,nan,nan,nan,nan,nan,128,128,128,128,128,128,128,256,0,0,0,1,False,False,0.5,0,nan,nan,nan,nan,0.16209626917406456,1.7830589609147085,0.1620962691740644,1.7830589609147083,11.0,0.9999999999999993,1.0000000000000016,6.169173449181403,8.842238450416018e-25,10.0,10,logcosh,1.0,stepsize_pilot
manuscript-pilot,D,pilot_logcosh_d10_k10_rho1_fr-r,FR--R,2500492809,129,0.280416974962791,5.952529977275737,-8.881784197001252e-16,nan,4.662936703425658e-15,7.417804156968781e-16,2.2295291192071966e-14,0.999999999999983,1.00000000000001,0.9999999999999831,1.0000000000000098,1.9999999999999838,1.4354828451159125e-25,2.8769720262328497e-25,0.19928571401396766,0.07568405609345064,,nan,nan,nan,nan,nan,nan,nan,nan,129,129,129,129,129,129,129,258,0,0,0,1,False,False,0.5,0,nan,nan,nan,nan,0.16209626917406456,1.7830589609147085,0.1620962691740644,1.7830589609147083,11.0,0.9999999999999993,1.0000000000000016,6.169173449181403,8.855742654844618e-25,10.0,10,logcosh,1.0,stepsize_pilot
manuscript-pilot,D,pilot_logcosh_d10_k10_rho1_fr-r,FR--R,2500492809,130,0.280416974962791,5.952529977275739,8.881784197001252e-16,nan,1.998401444325282e-15,6.304854800243424e-16,2.0134241975294815e-14,0.9999999999999842,1.0000000000000073,0.9999999999999838,1.0000000000000073,1.999999999999978,1.4315764479384663e-25,2.875003174084666e-25,0.2007721940171905,0.07625154609559104,,nan,nan,nan,nan,nan,nan,nan,nan,130,130,130,130,130,130,130,260,0,0,0,1,False,False,0.5,0,nan,nan,nan,nan,0.16209626917406456,1.7830589609147085,0.1620962691740644,1.7830589609147083,11.0,0.9999999999999993,1.0000000000000016,6.169173449181403,8.831643413095549e-25,10.0,10,logcosh,1.0,stepsize_pilot
manuscript-pilot,D,pilot_logcosh_d10_k10_rho1_fr-r,FR--R,2500492809,131,0.280416974962791,5.952529977275738,0.0,nan,1.021405182655144e-14,5.055878280465184e-16,1.8152776771051833e-14,0.9999999999999851,1.0000000000000044,0.9999999999999851,1.000000000000004,1.9999999999999756,1.4347769868701536e-25,2.8679513753763933e-25,0.20230128400726244,0.07684193609748036,,nan,nan,nan,nan,nan,nan,nan,nan,131,131,131,131,131,131,131,262,0,0,0,1,False,False,0.5,0,nan,nan,nan,nan,0.16209626917406456,1.7830589609147085,0.1620962691740644,1.7830589609147083,11.0,0.9999999999999993,1.0000000000000016,6.169173449181403,8.846444739257667e-25,10.0,10,logcosh,1.0,stepsize_pilot
manuscript-pilot,D,pilot_logcosh_d10_k10_rho1_fr-r,FR--R,2500492809,132,0.280416974962791,5.952529977275738,0.0,nan,3.1086244689504383e-15,4.1616012573169735e-16,1.7124593872773526e-14,0.9999999999999852,1.0000000000000022,0.9999999999999843,1.0000000000000022,1.999999999999974,1.4449357704502182e-25,2.8700196041987073e-25,0.20379945397144184,0.07739663613028824,,nan,nan,nan,nan,nan,nan,nan,nan,132,132,132,132,132,132,132,264,0,0,0,1,False,False,0.5,0,nan,nan,nan,nan,0.16209626917406456,1.7830589609147085,0.1620962691740644,1.7830589609147083,11.0,0.9999999999999993,1.0000000000000016,6.169173449181403,8.852824370426393e-25,10.0,10,logcosh,1.0,stepsize_pilot
manuscript-pilot,D,pilot_logcosh_d10_k10_rho1_fr-r,FR--R,2500492809,133,0.280416974962791,5.952529977275737,-8.881784197001252e-16,nan,0.0,3.7082529313579543e-16,1.6626356234855327e-14,0.9999999999999849,1.000000000000003,0.9999999999999841,1.0000000000000024,1.9999999999999747,1.4501088624370759e-25,2.894116302272419e-25,0.20532627397915348,0.0779971961164847,,nan,nan,nan,nan,nan,nan,nan,nan,133,133,133,133,133,133,133,266,0,0,0,1,False,False,0.5,0,nan,nan,nan,nan,0.16209626917406456,1.7830589609147085,0.1620962691740644,1.7830589609147083,11.0,0.9999999999999993,1.0000000000000016,6.169173449181403,8.927152725411034e-25,10.0,10,logcosh,1.0,stepsize_pilot
manuscript-pilot,D,pilot_logcosh_d10_k10_rho1_fr-r,FR--R,2500492809,134,0.280416974962791,5.952529977275738,0.0,nan,4.884981308350689e-15,3.6651550256573e-16,1.6277070795233344e-14,0.9999999999999852,1.0000000000000024,0.9999999999999853,1.000000000000003,1.999999999999975,1.446402252462491e-25,2.8925918571909812e-25,0.20680467400234193,0.07855353609193116,,nan,nan,nan,nan,nan,nan,nan,nan,134,134,134,134,134,134,134,268,0,0,0,1,False,False,0.5,0,nan,nan,nan,nan,0.16209626917406456,1.7830589609147085,0.1620962691740644,1.7830589609147083,11.0,0.9999999999999993,1.0000000000000016,6.169173449181403,8.922450442350463e-25,10.0,10,logcosh,1.0,stepsize_pilot
manuscript-pilot,D,pilot_logcosh_d10_k10_rho1_fr-r,FR--R,2500492809,135,0.280416974962791,5.952529977275737,-8.881784197001252e-16,nan,2.6645352591003757e-15,3.690030447952666e-16,1.7252562965983603e-14,0.9999999999999832,1.0000000000000016,0.9999999999999837,1.0000000000000018,1.9999999999999698,1.4388417037920821e-25,2.884958821784724e-25,0.20833903399761766,0.07916292606387287,,nan,nan,nan,nan,nan,nan,nan,nan,135,135,135,135,135,135,135,270,0,0,0,1,False,False,0.5,0,nan,nan,nan,nan,0.16209626917406456,1.7830589609147085,0.1620962691740644,1.7830589609147083,11.0,0.9999999999999993,1.0000000000000016,6.169173449181403,8.876464036609196e-25,10.0,10,logcosh,1.0,stepsize_pilot
manuscript-pilot,D,pilot_logcosh_d10_k10_rho1_fr-r,FR--R,2500492809,136,0.280416974962791,5.952529977275737,-8.881784197001252e-16,nan,1.3766765505351941e-14,3.48675103412108e-16,1.9292082227008562e-14,0.999999999999982,1.0000000000000024,0.9999999999999816,1.0000000000000022,1.9999999999999654,1.4408879117596851e-25,2.86926189914554e-25,0.20983731397427619,0.07971454603830352,,nan,nan,nan,nan,nan,nan,nan,nan,136,136,136,136,136,136,136,272,0,0,0,1,False,False,0.5,0,nan,nan,nan,nan,0.16209626917406456,1.7830589609147085,0.1620962691740644,1.7830589609147083,11.0,0.9999999999999993,1.0000000000000016,6.169173449181403,8.850487163478238e-25,10.0,10,logcosh,1.0,stepsize_pilot
manuscript-pilot,D,pilot_logcosh_d10_k10_rho1_fr-r,FR--R,2500492809,137,0.280416974962791,5.952529977275737,-8.881784197001252e-16,nan,4.218847493575595e-15,3.724447667030517e-16,1.8630902641732717e-14,0.9999999999999826,1.0000000000000033,0.9999999999999826,1.0000000000000029,1.999999999999968,1.4242031434140453e-25,2.893467405147348e-25,0.21135341399349272,0.08029317605542019,,nan,nan,nan,nan,nan,nan,nan,nan,137,137,137,137,137,137,137,274,0,0,0,1,False,False,0.5,0,nan,nan,nan,nan,0.16209626917406456,1.7830589609147085,0.1620962691740644,1.7830589609147083,11.0,0.9999999999999993,1.0000000000000016,6.169173449181403,8.786156218590777e-25,10.0,10,logcosh,1.0,stepsize_pilot
manuscript-pilot,D,pilot_logcosh_d10_k10_rho1_fr-r,FR--R,2500492809,138,0.280416974962791,5.952529977275737,-8.881784197001252e-16,nan,1.1102230246251567e-15,3.4860605199972436e-16,1.8721181739292455e-14,0.9999999999999825,1.0000000000000029,0.999999999999982,1.000000000000002,1.9999999999999685,1.4338866023670143e-25,2.8647087540462366e-25,0.21285523398546502,0.08085264603141695,,nan,nan,nan,nan,nan,nan,nan,nan,138,138,138,138,138,138,138,276,0,0,0,1,False,False,0.5,0,nan,nan,nan,nan,0.16209626917406456,1.7830589609147085,0.1620962691740644,1.7830589609147083,11.0,0.9999999999999993,1.0000000000000016,6.169173449181403,8.836442592549791e-25,10.0,10,logcosh,1.0,stepsize_pilot
manuscript-pilot,D,pilot_logcosh_d10_k10_rho1_fr-r,FR--R,2500492809,139,0.280416974962791,5.952529977275736,-1.7763568394002505e-15,nan,1.021405182655144e-14,3.4722214001794433e-16,1.8043274503117845e-14,0.9999999999999838,1.0000000000000038,0.9999999999999837,1.0000000000000036,1.9999999999999716,1.4443556047667645e-25,2.866935140739879e-25,0.21436026401352137,0.08143206604290754,,nan,nan,nan,nan,nan,nan,nan,nan,139,139,139,139,139,139,139,278,0,0,0,1,False,False,0.5,0,nan,nan,nan,nan,0.16209626917406456,1.7830589609147085,0.1620962691740644,1.7830589609147083,11.0,0.9999999999999993,1.0000000000000016,6.169173449181403,8.843310075388806e-25,10.0,10,logcosh,1.0,stepsize_pilot
manuscript-pilot,D,pilot_logcosh_d10_k10_rho1_fr-r,FR--R,2500492809,140,0.280416974962791,5.952529977275738,0.0,nan,4.218847493575595e-15,3.768145235390336e-16,1.9845230069628766e-14,0.9999999999999812,1.0000000000000033,0.9999999999999816,1.000000000000004,1.9999999999999702,1.4146174186548598e-25,2.8739135073529466e-25,0.2158343039918691,0.08198570599779487,,nan,nan,nan,nan,nan,nan,nan,nan,140,140,140,140,140,140,140,280,0,0,0,1,False,False,0.5,0,nan,nan,nan,nan,0.16209626917406456,1.7830589609147085,0.1620962691740644,1.7830589609147083,11.0,0.9999999999999993,1.0000000000000016,6.169173449181403,8.727020219915259e-25,10.0,10,logcosh,1.0,stepsize_pilot
manuscript-pilot,D,pilot_logcosh_d10_k10_rho1_fr-r,FR--R,2500492809,141,0.280416974962791,5.952529977275738,0.0,nan,3.774758283725532e-15,3.8119734299181163e-16,2.0022337047437395e-14,0.9999999999999813,1.0000000000000024,0.9999999999999817,1.0000000000000022,1.9999999999999687,1.4386280446508508e-25,2.855774745150657e-25,0.21731527399970219,0.08255327603546903,,nan,nan,nan,nan,nan,nan,nan,nan,141,141,141,141,141,141,141,282,0,0,0,1,False,False,0.5,0,nan,nan,nan,nan,0.16209626917406456,1.7830589609147085,0.1620962691740644,1.7830589609147083,11.0,0.9999999999999993,1.0000000000000016,6.169173449181403,8.808884867313111e-25,10.0,10,logcosh,1.0,stepsize_pilot
manuscript-pilot,D,pilot_logcosh_d10_k10_rho1_fr-r,FR--R,2500492809,142,0.280416974962791,5.952529977275737,-8.881784197001252e-16,nan,2.886579864025407e-15,3.990919773696589e-16,1.728333720999878e-14,0.999999999999984,1.0000000000000018,0.999999999999984,1.0000000000000027,1.9999999999999727,1.4395971486902184e-25,2.8714570284113293e-25,0.2188002840266563,0.08312545606167987,,nan,nan,nan,nan,nan,nan,nan,nan,142,142,142,142,142,142,142,284,0,0,0,1,False,False,0.5,0,nan,nan,nan,nan,0.16209626917406456,1.7830589609147085,0.1620962691740644,1.7830589609147083,11.0,0.9999999999999993,1.0000000000000016,6.169173449181403,8.857258230070252e-25,10.0,10,logcosh,1.0,stepsize_pilot
manuscript-pilot,D,pilot_logcosh_d10_k10_rho1_fr-r,FR--R,2500492809,143,0.280416974962791,5.952529977275739,8.881784197001252e-16,nan,1.3100631690576847e-14,3.996345088181343e-16,1.745156772412454e-14,0.999999999999984,1.0000000000000016,0.9999999999999843,1.0000000000000022,1.9999999999999738,1.4081237311443432e-25,2.8654113324300726e-25,0.2203322239802219,0.0837232960620895,,nan,nan,nan,nan,nan,nan,nan,nan,143,143,143,143,143,143,143,286,0,0,0,1,False,False,0.5,0,nan,nan,nan,nan,0.16209626917406456,1.7830589609147085,0.1620962691740644,1.7830589609147083,11.0,0.9999999999999993,1.0000000000000016,6.169173449181403,8.686959535338074e-25,10.0,10,logcosh,1.0,stepsize_pilot
manuscript-pilot,D,pilot_logcosh_d10_k10_rho1_fr-r,FR--R,2500492809,144,0.280416974962791,5.952529977275738,0.0,nan,0.0,3.944808480857957e-16,1.975314765619993e-14,0.9999999999999823,1.0000000000000016,0.9999999999999823,1.0000000000000027,1.9999999999999696,1.4271674833965987e-25,2.8482723978880284e-25,0.22184524399926886,0.08428109606029466,,nan,nan,nan,nan,nan,nan,nan,nan,144,144,144,144,144,144,144,288,0,0,0,1,False,False,0.5,0,nan,nan,nan,nan,0.16209626917406456,1.7830589609147085,0.1620962691740644,1.7830589609147083,11.0,0.9999999999999993,1.0000000000000016,6.169173449181403,8.785743226543537e-25,10.0,10,logcosh,1.0,stepsize_pilot
manuscript-pilot,D,pilot_logcosh_d10_k10_rho1_fr-r,FR--R,2500492809,145,0.280416974962791,5.952529977275737,-8.881784197001252e-16,nan,4.218847493575595e-15,3.5361137091352316e-16,2.046475184090204e-14,0.9999999999999807,1.0000000000000018,0.9999999999999806,1.0000000000000009,1.9999999999999662,1.420193324832335e-25,2.842848732557324e-25,0.22335631400346756,0.08485075610224158,,nan,nan,nan,nan,nan,nan,nan,nan,145,145,145,145,145,145,145,290,0,0,0,1,False,False,0.5,0,nan,nan,nan,nan,0.16209626917406456,1.7830589609147085,0.1620962691740644,1.7830589609147083,11.0,0.9999999999999993,1.0000000000000016,6.169173449181403,8.761418952260471e-25,10.0,10,logcosh,1.0,stepsize_pilot
manuscript-pilot,D,pilot_logcosh_d10_k10_rho1_fr-r,FR--R,2500492809,146,0.280416974962791,5.952529977275736,-1.7763568394002505e-15,nan,1.021405182655144e-14,3.5149453186705646e-16,2.1360500314706975e-14,0.9999999999999798,1.0000000000000022,0.9999999999999803,1.0000000000000029,1.9999999999999634,1.429726218481729e-25,2.858008704847128e-25,0.22482871398096904,0.08540138608077541,,nan,nan,nan,nan,nan,nan,nan,nan,146,146,146,146,146,146,146,292,0,0,0,1,False,False,0.5,0,nan,nan,nan,nan,0.16209626917406456,1.7830589609147085,0.1620962691740644,1.7830589609147083,11.0,0.9999999999999993,1.0000000000000016,6.169173449181403,8.815775709736116e-25,10.0,10,logcosh,1.0,stepsize_pilot
manuscript-pilot,D,pilot_logcosh_d10_k10_rho1_fr-r,FR--R,2500492809,147,0.280416974962791,5.952529977275737,-8.881784197001252e-16,nan,2.0872192862952943e-14,3.5115191112877737e-16,1.9649617017954543e-14,0.9999999999999808,1.0000000000000018,0.999999999999982,1.0000000000000013,1.9999999999999643,1.4218565732395105e-25,2.862991948319484e-25,0.22630293300608173,0.08596299606142566,,nan,nan,nan,nan,nan,nan,nan,nan,147,147,147,147,147,147,147,294,0,0,0,1,False,False,0.5,0,nan,nan,nan,nan,0.16209626917406456,1.7830589609147085,0.1620962691740644,1.7830589609147083,11.0,0.9999999999999993,1.0000000000000016,6.169173449181403,8.77167982017341e-25,10.0,10,logcosh,1.0,stepsize_pilot
manuscript-pilot,D,pilot_logcosh_d10_k10_rho1_fr-r,FR--R,2500492809,148,0.280416974962791,5.952529977275738,0.0,nan,8.881784197001252e-15,3.622208959480118e-16,1.9138504473737014e-14,0.9999999999999822,1.0000000000000013,0.9999999999999826,1.0000000000000027,1.9999999999999685,1.4357004740178648e-25,2.850276161549113e-25,0.22774670302169397,0.08650615607621148,,nan,nan,nan,nan,nan,nan,nan,nan,148,148,148,148,148,148,148,296,0,0,0,1,False,False,0.5,0,nan,nan,nan,nan,0.16209626917406456,1.7830589609147085,0.1620962691740644,1.7830589609147083,11.0,0.9999999999999993,1.0000000000000016,6.169173449181403,8.791924009331737e-25,10.0,10,logcosh,1.0,stepsize_pilot
manuscript-pilot,D,pilot_logcosh_d10_k10_rho1_fr-r,FR--R,2500492809,149,0.280416974962791,5.952529977275737,-8.881784197001252e-16,nan,1.0436096431476471e-14,3.6874198848753147e-16,1.7006325222441295e-14,0.999999999999984,1.0000000000000022,0.9999999999999848,1.0000000000000024,1.9999999999999725,1.450070770623638e-25,2.8728401218946487e-25,0.22925441298866645,0.08709867607103661,,nan,nan,nan,nan,nan,nan,nan,nan,149,149,149,149,149,149,149,298,0,0,0,1,False,False,0.5,0,nan,nan,nan,nan,0.16209626917406456,1.7830589609147085,0.1620962691740644,1.7830589609147083,11.0,0.9999999999999993,1.0000000000000016,6.169173449181403,8.861524501867766e-25,10.0,10,logcosh,1.0,stepsize_pilot
manuscript-pilot,D,pilot_logcosh_d10_k10_rho1_fr-r,FR--R,2500492809,150,0.280416974962791,5.952529977275737,-8.881784197001252e-16,nan,6.8833827526759706e-15,3.656606164041785e-16,1.7263384490509315e-14,0.9999999999999843,1.0000000000000044,0.9999999999999849,1.0000000000000049,1.9999999999999745,1.440081769673196e-25,2.894726929624006e-25,0.23074326297501102,0.08765996608417481,,nan,nan,nan,nan,nan,nan,nan,nan,150,150,150,150,150,150,150,300,0,0,0,1,False,False,0.5,0,nan,nan,nan,nan,0.16209626917406456,1.7830589609147085,0.1620962691740644,1.7830589609147083,11.0,0.9999999999999993,1.0000000000000016,6.169173449181403,8.88411421811819e-25,10.0,10,logcosh,1.0,stepsize_pilot
manuscript-pilot,D,pilot_logcosh_d10_k10_rho1_fr-r,FR--R,2500492809,151,0.280416974962791,5.952529977275737,-8.881784197001252e-16,nan,9.103828801926284e-15,3.6906828001981857e-16,1.767408726143855e-14,0.999999999999985,1.000000000000005,0.9999999999999848,1.0000000000000067,1.9999999999999774,1.449745437743263e-25,2.885845483332726e-25,0.23230847297236323,0.08828460611402988,,nan,nan,nan,nan,nan,nan,nan,nan,151,151,151,151,151,151,151,302,0,0,0,1,False,False,0.5,0,nan,nan,nan,nan,0.16209626917406456,1.7830589609147085,0.1620962691740644,1.7830589609147083,11.0,0.9999999999999993,1.0000000000000016,6.169173449181403,8.901640667108163e-25,10.0,10,logcosh,1.0,stepsize_pilot
manuscript-pilot,D,pilot_logcosh_d10_k10_rho1_fr-r,FR--R,2500492809,152,0.280416974962791,5.952529977275736,-1.7763568394002505e-15,nan,4.6629367034256575e-15,3.6776137690708305e-16,1.661847400330983e-14,0.9999999999999847,1.0000000000000033,0.9999999999999841,1.0000000000000042,1.9999999999999747,1.446829051594186e-25,2.893133368588769e-25,0.233802372997161,0.08884332608431578,,nan,nan,nan,nan,nan,nan,nan,nan,152,152,152,152,152,152,152,304,0,0,0,1,False,False,0.5,0,nan,nan,nan,nan,0.16209626917406456,1.7830589609147085,0.1620962691740644,1.7830589609147083,11.0,0.9999999999999993,1.0000000000000016,6.169173449181403,8.924120781219295e-25,10.0,10,logcosh,1.0,stepsize_pilot
manuscript-pilot,D,pilot_logcosh_d10_k10_rho1_fr-r,FR--R,2500492809,153,0.280416974962791,5.952529977275738,0.0,nan,3.9968028886505635e-15,3.6776137690708305e-16,1.7136538633914236e-14,0.9999999999999856,1.0000000000000036,0.9999999999999852,1.0000000000000042,1.999999999999977,1.4643120698569411e-25,2.8919627002729693e-25,0.23529562301700935,0.08941614610375836,,nan,nan,nan,nan,nan,nan,nan,nan,153,153,153,153,153,153,153,306,0,0,0,1,False,False,0.5,0,nan,nan,nan,nan,0.16209626917406456,1.7830589609147085,0.1620962691740644,1.7830589609147083,11.0,0.9999999999999993,1.0000000000000016,6.169173449181403,8.920509753273479e-25,10.0,10,logcosh,1.0,stepsize_pilot
manuscript-pilot,D,pilot_logcosh_d10_k10_rho1_fr-r,FR--R,2500492809,154,0.280416974962791,5.952529977275738,0.0,nan,8.43769498715119e-15,3.6861139100212224e-16,1.5661597901595152e-14,0.9999999999999862,1.000000000000004,0.9999999999999869,1.0000000000000042,1.9999999999999791,1.4380381902992773e-25,2.9047340188983374e-25,0.23677555297035724,0.08997347607510164,,nan,nan,nan,nan,nan,nan,nan,nan,154,154,154,154,154,154,154,308,0,0,0,1,False,False,0.5,0,nan,nan,nan,nan,0.16209626917406456,1.7830589609147085,0.1620962691740644,1.7830589609147083,11.0,0.9999999999999993,1.0000000000000016,6.169173449181403,8.871507022503298e-25,10.0,10,logcosh,1.0,stepsize_pilot
manuscript-pilot,D,pilot_logcosh_d10_k10_rho1_fr-r,FR--R,2500492809,155,0.280416974962791,5.952529977275738,0.0,nan,0.0,3.872126627197854e-16,1.639445444193524e-14,0.9999999999999849,1.000000000000003,0.9999999999999847,1.0000000000000027,1.999999999999974,1.4403463175888673e-25,2.8970176228732674e-25,0.23826281301444396,0.09054175607161596,,nan,nan,nan,nan,nan,nan,nan,nan,155,155,155,155,155,155,155,310,0,0,0,1,False,False,0.5,0,nan,nan,nan,nan,0.16209626917406456,1.7830589609147085,0.1620962691740644,1.7830589609147083,11.0,0.9999999999999993,1.0000000000000016,6.169173449181403,8.88574626009558e-25,10.0,10,logcosh,1.0,stepsize_pilot
manuscript-pilot,D,pilot_logcosh_d10_k10_rho1_fr-r,FR--R,2500492809,156,0.280416974962791,5.952529977275738,0.0,nan,0.0,3.760470797209211e-16,1.7346127919389724e-14,0.9999999999999842,1.0000000000000018,0.999999999999984,1.000000000000002,1.999999999999972,1.4344376321516794e-25,2.8653690125654987e-25,0.23979533300735056,0.09110029606381431,,nan,nan,nan,nan,nan,nan,nan,nan,156,156,156,156,156,156,156,312,0,0,0,1,False,False,0.5,0,nan,nan,nan,nan,0.16209626917406456,1.7830589609147085,0.1620962691740644,1.7830589609147083,11.0,0.9999999999999993,1.0000000000000016,6.169173449181403,8.838479217213105e-25,10.0,10,logcosh,1.0,stepsize_pilot
manuscript-pilot,D,pilot_logcosh_d10_k10_rho1_fr-r,FR--R,2500492809,157,0.280416974962791,5.952529977275738,0.0,nan,5.551115123125783e-15,3.6434149011180456e-16,1.9690722532201645e-14,0.9999999999999819,1.000000000000001,0.9999999999999813,1.0000000000000018,1.9999999999999682,1.4352699719822991e-25,2.856451559426379e-25,0.24131952301831916,0.09169142611790448,,nan,nan,nan,nan,nan,nan,nan,nan,157,157,157,157,157,157,157,314,0,0,0,1,False,False,0.5,0,nan,nan,nan,nan,0.16209626917406456,1.7830589609147085,0.1620962691740644,1.7830589609147083,11.0,0.9999999999999993,1.0000000000000016,6.169173449181403,8.810972559643016e-25,10.0,10,logcosh,1.0,stepsize_pilot
manuscript-pilot,D,pilot_logcosh_d10_k10_rho1_fr-r,FR--R,2500492809,158,0.280416974962791,5.952529977275737,-8.881784197001252e-16,nan,6.217248937900877e-15,3.6175535893903857e-16,2.015586025908954e-14,0.9999999999999815,1.0000000000000022,0.9999999999999817,1.0000000000000016,1.9999999999999674,1.4283171400131197e-25,2.853624509447127e-25,0.24283569300314412,0.09225122613133863,,nan,nan,nan,nan,nan,nan,nan,nan,158,158,158,158,158,158,158,316,0,0,0,1,False,False,0.5,0,nan,nan,nan,nan,0.16209626917406456,1.7830589609147085,0.1620962691740644,1.7830589609147083,11.0,0.9999999999999993,1.0000000000000016,6.169173449181403,8.802252278807262e-25,10.0,10,logcosh,1.0,stepsize_pilot
manuscript-pilot,D,pilot_logcosh_d10_k10_rho1_fr-r,FR--R,2500492809,159,0.280416974962791,5.952529977275739,8.881784197001252e-16,nan,2.4424906541753444e-15,3.49227023193111e-16,1.9361590142498348e-14,0.9999999999999817,1.000000000000004,0.9999999999999819,1.0000000000000033,1.9999999999999671,1.4419393143763995e-25,2.879091478535746e-25,0.2443279330036603,0.09281984611880034,,nan,nan,nan,nan,nan,nan,nan,nan,159,159,159,159,159,159,159,318,0,0,0,1,False,False,0.5,0,nan,nan,nan,nan,0.16209626917406456,1.7830589609147085,0.1620962691740644,1.7830589609147083,11.0,0.9999999999999993,1.0000000000000016,6.169173449181403,8.880807353573577e-25,10.0,10,logcosh,1.0,stepsize_pilot
manuscript-pilot,D,pilot_logcosh_d10_k10_rho1_fr-r,FR--R,2500492809,160,0.280416974962791,5.952529977275739,8.881784197001252e-16,nan,1.1102230246251567e-15,3.417713433380362e-16,1.7889508497913643e-14,0.9999999999999829,1.0000000000000042,0.9999999999999829,1.000000000000003,1.9999999999999702,1.4369269906521188e-25,2.8797508143471125e-25,0.24582541297422722,0.09337061614496633,,nan,nan,nan,nan,nan,nan,nan,nan,160,160,160,160,160,160,160,320,0,0,0,1,False,False,0.5,0,nan,nan,nan,nan,0.16209626917406456,1.7830589609147085,0.1620962691740644,1.7830589609147083,11.0,0.9999999999999993,1.0000000000000016,6.169173449181403,8.864651839143337e-25,10.0,10,logcosh,1.0,stepsize_pilot
manuscript-pilot,D,pilot_logcosh_d10_k10_rho1_fr-r,FR--R,2500492809,161,0.280416974962791,5.952529977275737,-8.881784197001252e-16,nan,7.549516567451064e-15,3.314002943249781e-16,1.739842863239369e-14,0.9999999999999836,1.0000000000000036,0.999999999999984,1.0000000000000033,1.9999999999999698,1.4534841270023512e-25,2.882662040517457e-25,0.2473278329707682,0.09395680617308244,,nan,nan,nan,nan,nan,nan,nan,nan,161,161,161,161,161,161,161,322,0,0,0,1,False,False,0.5,0,nan,nan,nan,nan,0.16209626917406456,1.7830589609147085,0.1620962691740644,1.7830589609147083,11.0,0.9999999999999993,1.0000000000000016,6.169173449181403,8.891821061661692e-25,10.0,10,logcosh,1.0,stepsize_pilot
manuscript-pilot,D,pilot_logcosh_d10_k10_rho1_fr-r,FR--R,2500492809,162,0.280416974962791,5.952529977275738,0.0,nan,7.549516567451064e-15,3.5279345608447034e-16,1.7388506676198485e-14,0.9999999999999833,1.0000000000000027,0.9999999999999838,1.000000000000003,1.9999999999999705,1.4614564097986966e-25,2.904567493008169e-25,0.24882435298059136,0.094520986196585,,nan,nan,nan,nan,nan,nan,nan,nan,162,162,162,162,162,162,162,324,0,0,0,1,False,False,0.5,0,nan,nan,nan,nan,0.16209626917406456,1.7830589609147085,0.1620962691740644,1.7830589609147083,11.0,0.9999999999999993,1.0000000000000016,6.169173449181403,8.959390329610693e-25,10.0,10,logcosh,1.0,stepsize_pilot
manuscript-pilot,D,pilot_logcosh_d10_k10_rho1_fr-r,FR--R,2500492809,163,0.280416974962791,5.952529977275739,8.881784197001252e-16,nan,3.3306690738754696e-15,3.6354771685925086e-16,1.6359881358477775e-14,0.9999999999999858,1.000000000000004,0.9999999999999849,1.0000000000000038,1.9999999999999758,1.4612644551262832e-25,2.911456436548284e-25,0.25032591301715,0.09508914622711018,,nan,nan,nan,nan,nan,nan,nan,nan,163,163,163,163,163,163,163,326,0,0,0,1,False,False,0.5,0,nan,nan,nan,nan,0.16209626917406456,1.7830589609147085,0.1620962691740644,1.7830589609147083,11.0,0.9999999999999993,1.0000000000000016,6.169173449181403,8.980639873400987e-25,10.0,10,logcosh,1.0,stepsize_pilot
manuscript-pilot,D,pilot_logcosh_d10_k10_rho1_fr-r,FR--R,2500492809,164,0.280416974962791,5.952529977275738,0.0,nan,1.1102230246251567e-15,3.637463225647829e-16,1.6011456727411754e-14,0.9999999999999856,1.0000000000000047,0.9999999999999857,1.000000000000004,1.9999999999999774,1.4468766485180938e-25,2.9115810522439966e-25,0.2518574930145405,0.09565966622903943,,nan,nan,nan,nan,nan,nan,nan,nan,164,164,164,164,164,164,164,328,0,0,0,1,False,False,0.5,0,nan,nan,nan,nan,0.16209626917406456,1.7830589609147085,0.1620962691740644,1.7830589609147083,11.0,0.9999999999999993,1.0000000000000016,6.169173449181403,8.926033004278525e-25,10.0,10,logcosh,1.0,stepsize_pilot
manuscript-pilot,D,pilot_logcosh_d10_k10_rho1_fr-r,FR--R,2500492809,165,0.280416974962791,5.952529977275737,-8.881784197001252e-16,nan,8.43769498715119e-15,3.5442739823926906e-16,1.5642375871658905e-14,0.9999999999999866,1.000000000000003,0.9999999999999871,1.0000000000000024,1.9999999999999774,1.4490310082877543e-25,2.8889293417924905e-25,0.25340065301861614,0.0962332462077029,,nan,nan,nan,nan,nan,nan,nan,nan,165,165,165,165,165,165,165,330,0,0,0,1,False,False,0.5,0,nan,nan,nan,nan,0.16209626917406456,1.7830589609147085,0.1620962691740644,1.7830589609147083,11.0,0.9999999999999993,1.0000000000000016,6.169173449181403,8.91115309597367e-25,10.0,10,logcosh,1.0,stepsize_pilot
manuscript-pilot,D,pilot_logcosh_d10_k10_rho1_fr-r,FR--R,2500492809,166,0.280416974962791,5.952529977275738,0.0,nan,6.439293542825908e-15,3.6939428333399483e-16,1.4658113787625577e-14,0.9999999999999871,1.0000000000000036,0.9999999999999873,1.0000000000000038,1.9999999999999787,1.4509992565032465e-25,2.8865875210269185e-25,0.2548742630169727,0.09678847622126341,,nan,nan,nan,nan,nan,nan,nan,nan,166,166,166,166,166,166,166,332,0,0,0,1,False,False,0.5,0,nan,nan,nan,nan,0.16209626917406456,1.7830589609147085,0.1620962691740644,1.7830589609147083,11.0,0.9999999999999993,1.0000000000000016,6.169173449181403,8.903929546728815e-25,10.0,10,logcosh,1.0,stepsize_pilot
manuscript-pilot,D,pilot_logcosh_d10_k10_rho1_fr-r,FR--R,2500492809,167,0.280416974962791,5.952529977275737,-8.881784197001252e-16,nan,1.5765166949677223e-14,3.653971721218503e-16,1.4184338579576818e-14,0.9999999999999877,1.0000000000000047,0.9999999999999872,1.0000000000000022,1.9999999999999793,1.4478007782208444e-25,2.882791521535737e-25,0.2563759629847482,0.0973571861977689,,nan,nan,nan,nan,nan,nan,nan,nan,167,167,167,167,167,167,167,334,0,0,0,1,False,False,0.5,0,nan,nan,nan,nan,0.16209626917406456,1.7830589609147085,0.1620962691740644,1.7830589609147083,11.0,0.9999999999999993,1.0000000000000016,6.169173449181403,8.892220457091763e-25,10.0,10,logcosh,1.0,stepsize_pilot
manuscript-pilot,D,pilot_logcosh_d10_k10_rho1_fr-r,FR--R,2500492809,168,0.280416974962791,5.952529977275739,8.881784197001252e-16,nan,7.771561172376096e-15,3.600209511365428e-16,1.560918851548811e-14,0.9999999999999868,1.000000000000005,0.9999999999999876,1.0000000000000044,1.999999999999981,1.4373377094360627e-25,2.8740732737751326e-25,0.2578453330206685,0.09790876624174416,,nan,nan,nan,nan,nan,nan,nan,nan,168,168,168,168,168,168,168,336,0,0,0,1,False,False,0.5,0,nan,nan,nan,nan,0.16209626917406456,1.7830589609147085,0.1620962691740644,1.7830589609147083,11.0,0.9999999999999993,1.0000000000000016,6.169173449181403,8.865328265787712e-25,10.0,10,logcosh,1.0,stepsize_pilot
manuscript-pilot,D,pilot_logcosh_d10_k10_rho1_fr-r,FR--R,2500492809,169,0.280416974962791,5.952529977275738,0.0,nan,7.771561172376096e-15,3.6854607490503787e-16,1.507173052459971e-14,0.9999999999999879,1.0000000000000053,0.9999999999999882,1.0000000000000056,1.999999999999987,1.4373429538718533e-25,2.8893255825243776e-25,0.25934495200635865,0.09849310625577345,,nan,nan,nan,nan,nan,nan,nan,nan,169,169,169,169,169,169,169,338,0,0,0,1,False,False,0.5,0,nan,nan,nan,nan,0.16209626917406456,1.7830589609147085,0.1620962691740644,1.7830589609147083,11.0,0.9999999999999993,1.0000000000000016,6.169173449181403,8.867217988394316e-25,10.0,10,logcosh,1.0,stepsize_pilot
manuscript-pilot,D,pilot_logcosh_d10_k10_rho1_fr-r,FR--R,2500492809,170,0.280416974962791,5.952529977275736,-1.7763568394002505e-15,nan,6.439293542825908e-15,3.697851079363442e-16,1.5624064341667435e-14,0.9999999999999871,1.0000000000000044,0.9999999999999879,1.0000000000000047,1.9999999999999816,1.4263763284073366e-25,2.880748885688843e-25,0.26083698199363425,0.09905856620753184,,nan,nan,nan,nan,nan,nan,nan,nan,170,170,170,170,170,170,170,340,0,0,0,1,False,False,0.5,0,nan,nan,nan,nan,0.16209626917406456,1.7830589609147085,0.1620962691740644,1.7830589609147083,11.0,0.9999999999999993,1.0000000000000016,6.169173449181403,8.799562973751508e-25,10.0,10,logcosh,1.0,stepsize_pilot
manuscript-pilot,D,pilot_logcosh_d10_k10_rho1_fr-r,FR--R,2500492809,171,0.280416974962791,5.952529977275736,-1.7763568394002505e-15,nan,2.220446049250314e-16,3.4957153055042987e-16,1.6488586788442342e-14,0.9999999999999862,1.0000000000000047,0.9999999999999857,1.000000000000004,1.9999999999999787,1.4163960065953684e-25,2.8671239906205895e-25,0.26236716198036447,0.09965949621982872,,nan,nan,nan,nan,nan,nan,nan,nan,171,171,171,171,171,171,171,342,0,0,0,1,False,False,0.5,0,nan,nan,nan,nan,0.16209626917406456,1.7830589609147085,0.1620962691740644,1.7830589609147083,11.0,0.9999999999999993,1.0000000000000016,6.169173449181403,8.737992637414833e-25,10.0,10,logcosh,1.0,stepsize_pilot
manuscript-pilot,D,pilot_logcosh_d10_k10_rho1_fr-r,FR--R,2500492809,172,0.280416974962791,5.952529977275737,-8.881784197001252e-16,nan,3.774758283725532e-15,3.4373798464551003e-16,1.9538900186326425e-14,0.9999999999999838,1.000000000000002,0.9999999999999827,1.000000000000002,1.999999999999972,1.4333427353239392e-25,2.839279842485455e-25,0.26386065199039876,0.10021138621959835,,nan,nan,nan,nan,nan,nan,nan,nan,172,172,172,172,172,172,172,344,0,0,0,1,False,False,0.5,0,nan,nan,nan,nan,0.16209626917406456,1.7830589609147085,0.1620962691740644,1.7830589609147083,11.0,0.9999999999999993,1.0000000000000016,6.169173449181403,8.758004909528614e-25,10.0,10,logcosh,1.0,stepsize_pilot
manuscript-pilot,D,pilot_logcosh_d10_k10_rho1_fr-r,FR--R,2500492809,173,0.280416974962791,5.952529977275738,0.0,nan,1.021405182655144e-14,3.500532712483028e-16,1.7524518086342102e-14,0.9999999999999847,1.0000000000000018,0.9999999999999849,1.0000000000000022,1.999999999999975,1.4269836936235726e-25,2.8685845816641554e-25,0.26534002198604867,0.10077488626120612,,nan,nan,nan,nan,nan,nan,nan,nan,173,173,173,173,173,173,173,346,0,0,0,1,False,False,0.5,0,nan,nan,nan,nan,0.16209626917406456,1.7830589609147085,0.1620962691740644,1.7830589609147083,11.0,0.9999999999999993,1.0000000000000016,6.169173449181403,8.803309915117489e-25,10.0,10,logcosh,1.0,stepsize_pilot
manuscript-pilot,D,pilot_logcosh_d10_k10_rho1_fr-r,FR--R,2500492809,174,0.280416974962791,5.952529977275738,0.0,nan,8.659739592076221e-15,3.5720142611089104e-16,1.7220906339775846e-14,0.9999999999999856,1.0000000000000029,0.9999999999999851,1.0000000000000049,1.9999999999999774,1.4377522227314432e-25,2.864857385170756e-25,0.26683998201042414,0.10133039625361562,,nan,nan,nan,nan,nan,nan,nan,nan,174,174,174,174,174,174,174,348,0,0,0,1,False,False,0.5,0,nan,nan,nan,nan,0.16209626917406456,1.7830589609147085,0.1620962691740644,1.7830589609147083,11.0,0.9999999999999993,1.0000000000000016,6.169173449181403,8.836901058143343e-25,10.0,10,logcosh,1.0,stepsize_pilot
manuscript-pilot,D,pilot_logcosh_d10_k10_rho1_fr-r,FR--R,2500492809,175,0.280416974962791,5.952529977275738,0.0,nan,1.3322676295501878e-14,3.4673646589070086e-16,1.7132363343894558e-14,0.9999999999999852,1.000000000000002,0.9999999999999845,1.0000000000000036,1.9999999999999738,1.4284034253247433e-25,2.8669295121702475e-25,0.26832649199059233,0.10189306625397876,,nan,nan,nan,nan,nan,nan,nan,nan,175,175,175,175,175,175,175,350,0,0,0,1,False,False,0.5,0,nan,nan,nan,nan,0.16209626917406456,1.7830589609147085,0.1620962691740644,1.7830589609147083,11.0,0.9999999999999993,1.0000000000000016,6.169173449181403,8.812068486233308e-25,10.0,10,logcosh,1.0,stepsize_pilot
manuscript-pilot,D,pilot_logcosh_d10_k10_rho1_fr-r,FR--R,2500492809,176,0.280416974962791,5.952529977275737,-8.881784197001252e-16,nan,5.995204332975845e-15,3.4422788938205553e-16,1.6844292341323874e-14,0.9999999999999842,1.0000000000000038,0.9999999999999855,1.0000000000000042,1.9999999999999751,1.4351645377506697e-25,2.8745585129572915e-25,0.2698442519758828,0.10244957625400275,,nan,nan,nan,nan,nan,nan,nan,nan,176,176,176,176,176,176,176,352,0,0,0,1,False,False,0.5,0,nan,nan,nan,nan,0.16209626917406456,1.7830589609147085,0.1620962691740644,1.7830589609147083,11.0,0.9999999999999993,1.0000000000000016,6.169173449181403,8.853778961498272e-25,10.0,10,logcosh,1.0,stepsize_pilot
manuscript-pilot,D,pilot_logcosh_d10_k10_rho1_fr-r,FR--R,2500492809,177,0.280416974962791,5.952529977275738,0.0,nan,7.771561172376096e-15,3.483988156481097e-16,1.9200523332866287e-14,0.9999999999999826,1.0000000000000033,0.9999999999999823,1.0000000000000024,1.9999999999999696,1.426894496318227e-25,2.8715326445890785e-25,0.2713971419725567,0.10305375623283908,,nan,nan,nan,nan,nan,nan,nan,nan,177,177,177,177,177,177,177,354,0,0,0,1,False,False,0.5,0,nan,nan,nan,nan,0.16209626917406456,1.7830589609147085,0.1620962691740644,1.7830589609147083,11.0,0.9999999999999993,1.0000000000000016,6.169173449181403,8.80275964146963e-25,10.0,10,logcosh,1.0,stepsize_pilot
manuscript-pilot,D,pilot_logcosh_d10_k10_rho1_fr-r,FR--R,2500492809,178,0.280416974962791,5.952529977275738,0.0,nan,2.6645352591003757e-15,3.5080895576701623e-16,1.9496070617018516e-14,0.9999999999999816,1.0000000000000022,0.9999999999999813,1.000000000000003,1.999999999999969,1.4114799446281575e-25,2.8647326277601362e-25,0.27291705197421834,0.10361548623768613,,nan,nan,nan,nan,nan,nan,nan,nan,178,178,178,178,178,178,178,356,0,0,0,1,False,False,0.5,0,nan,nan,nan,nan,0.16209626917406456,1.7830589609147085,0.1620962691740644,1.7830589609147083,11.0,0.9999999999999993,1.0000000000000016,6.169173449181403,8.707664598452228e-25,10.0,10,logcosh,1.0,stepsize_pilot
manuscript-pilot,D,pilot_logcosh_d10_k10_rho1_fr-r,FR--R,2500492809,179,0.280416974962791,5.952529977275738,0.0,nan,5.10702591327572e-15,3.498468921768619e-16,1.935080201589302e-14,0.9999999999999823,1.0000000000000007,0.9999999999999828,1.0000000000000016,1.99999999999997,1.4166421029494584e-25,2.8465953449270355e-25,0.27445396198891103,0.10418422624934465,,nan,nan,nan,nan,nan,nan,nan,nan,179,179,179,179,179,179,179,358,0,0,0,1,False,False,0.5,0,nan,nan,nan,nan,0.16209626917406456,1.7830589609147085,0.1620962691740644,1.7830589609147083,11.0,0.9999999999999993,1.0000000000000016,6.169173449181403,8.739510848508462e-25,10.0,10,logcosh,1.0,stepsize_pilot
manuscript-pilot,D,pilot_logcosh_d10_k10_rho1_fr-r,FR--R,2500492809,180,0.280416974962791,5.952529977275738,0.0,nan,6.439293542825908e-15,3.3773243989337773e-16,2.035968708816192e-14,0.999999999999982,1.0000000000000016,0.9999999999999813,1.0000000000000016,1.9999999999999685,1.428649014562708e-25,2.8362186833852683e-25,0.27594551199581474,0.10473795625148341,,nan,nan,nan,nan,nan,nan,nan,nan,180,180,180,180,180,180,180,360,0,0,0,1,False,False,0.5,0,nan,nan,nan,nan,0.16209626917406456,1.7830589609147085,0.1620962691740644,1.7830589609147083,11.0,0.9999999999999993,1.0000000000000016,6.169173449181403,8.748562498806318e-25,10.0,10,logcosh,1.0,stepsize_pilot
manuscript-pilot,D,pilot_logcosh_d10_k10_rho1_fr-r,FR--R,2500492809,181,0.280416974962791,5.952529977275737,-8.881784197001252e-16,nan,1.176836406102666e-14,3.4499633412998917e-16,1.814593079743848e-14,0.9999999999999832,1.0000000000000009,0.999999999999983,1.0000000000000009,1.9999999999999691,1.4398331657267187e-25,2.860056227573404e-25,0.27743967197602615,0.1053032562485896,,nan,nan,nan,nan,nan,nan,nan,nan,181,181,181,181,181,181,181,362,0,0,0,1,False,False,0.5,0,nan,nan,nan,nan,0.16209626917406456,1.7830589609147085,0.1620962691740644,1.7830589609147083,11.0,0.9999999999999993,1.0000000000000016,6.169173449181403,8.822091471155885e-25,10.0,10,logcosh,1.0,stepsize_pilot
manuscript-pilot,D,pilot_logcosh_d10_k10_rho1_fr-r,FR--R,2500492809,182,0.280416974962791,5.952529977275738,0.0,nan,2.886579864025407e-15,3.4226406306732463e-16,1.8348817019508527e-14,0.9999999999999828,1.0000000000000036,0.9999999999999825,1.0000000000000029,1.9999999999999682,1.4679350203274602e-25,2.8872718228594515e-25,0.27893695200327784,0.10587059624958783,,nan,nan,nan,nan,nan,nan,nan,nan,182,182,182,182,182,182,182,364,0,0,0,1,False,False,0.5,0,nan,nan,nan,nan,0.16209626917406456,1.7830589609147085,0.1620962691740644,1.7830589609147083,11.0,0.9999999999999993,1.0000000000000016,6.169173449181403,8.90604033507706e-25,10.0,10,logcosh,1.0,stepsize_pilot
manuscript-pilot,D,pilot_logcosh_d10_k10_rho1_fr-r,FR--R,2500492809,183,0.280416974962791,5.952529977275738,0.0,nan,3.3306690738754696e-15,3.6015466365782396e-16,1.5918708658606716e-14,0.9999999999999861,1.0000000000000038,0.9999999999999852,1.0000000000000049,1.9999999999999756,1.487135282210582e-25,2.92348156100068e-25,0.2804633919731714,0.10645693622063845,,nan,nan,nan,nan,nan,nan,nan,nan,183,183,183,183,183,183,183,366,0,0,0,1,False,False,0.5,0,nan,nan,nan,nan,0.16209626917406456,1.7830589609147085,0.1620962691740644,1.7830589609147083,11.0,0.9999999999999993,1.0000000000000016,6.169173449181403,9.0177324126484e-25,10.0,10,logcosh,1.0,stepsize_pilot
manuscript-pilot,D,pilot_logcosh_d10_k10_rho1_fr-r,FR--R,2500492809,184,0.280416974962791,5.952529977275738,0.0,nan,7.327471962526033e-15,3.651335377642081e-16,1.3521549476170889e-14,0.9999999999999889,1.0000000000000058,0.9999999999999895,1.000000000000005,1.9999999999999885,1.4604176835504783e-25,2.9374909028446313e-25,0.28199452202534303,0.10702352627413347,,nan,nan,nan,nan,nan,nan,nan,nan,184,184,184,184,184,184,184,368,0,0,0,1,False,False,0.5,0,nan,nan,nan,nan,0.16209626917406456,1.7830589609147085,0.1620962691740644,1.7830589609147083,11.0,0.9999999999999993,1.0000000000000016,6.169173449181403,9.00956999807472e-25,10.0,10,logcosh,1.0,stepsize_pilot
manuscript-pilot,D,pilot_logcosh_d10_k10_rho1_fr-r,FR--R,2500492809,185,0.280416974962791,5.952529977275738,0.0,nan,2.2204460492503146e-16,3.613558498619533e-16,1.4620168125319286e-14,0.9999999999999863,1.000000000000005,0.9999999999999865,1.0000000000000036,1.9999999999999774,1.451289466677647e-25,2.914433425967133e-25,0.2835031619761139,0.10759315628092736,,nan,nan,nan,nan,nan,nan,nan,nan,185,185,185,185,185,185,185,370,0,0,0,1,False,False,0.5,0,nan,nan,nan,nan,0.16209626917406456,1.7830589609147085,0.1620962691740644,1.7830589609147083,11.0,0.9999999999999993,1.0000000000000016,6.169173449181403,8.953256444904501e-25,10.0,10,logcosh,1.0,stepsize_pilot
manuscript-pilot,D,pilot_logcosh_d10_k10_rho1_fr-r,FR--R,2500492809,186,0.280416974962791,5.952529977275739,8.881784197001252e-16,nan,4.6629367034256575e-15,3.5794201981656305e-16,1.6435619049855792e-14,0.999999999999985,1.0000000000000042,0.9999999999999853,1.0000000000000033,1.999999999999974,1.4370542757910005e-25,2.8887552885024203e-25,0.28500382200581953,0.10816907626576722,,nan,nan,nan,nan,nan,nan,nan,nan,186,186,186,186,186,186,186,372,0,0,0,1,False,False,0.5,0,nan,nan,nan,nan,0.16209626917406456,1.7830589609147085,0.1620962691740644,1.7830589609147083,11.0,0.9999999999999993,1.0000000000000016,6.169173449181403,8.865437083242584e-25,10.0,10,logcosh,1.0,stepsize_pilot
manuscript-pilot,D,pilot_logcosh_d10_k10_rho1_fr-r,FR--R,2500492809,187,0.280416974962791,5.952529977275738,0.0,nan,2.220446049250313e-15,3.6769590981677225e-16,1.536938814329882e-14,0.9999999999999867,1.0000000000000044,0.9999999999999862,1.000000000000003,1.9999999999999785,1.4438646227610232e-25,2.8783380235956163e-25,0.2864916219841689,0.10873860627179965,,nan,nan,nan,nan,nan,nan,nan,nan,187,187,187,187,187,187,187,374,0,0,0,1,False,False,0.5,0,nan,nan,nan,nan,0.16209626917406456,1.7830589609147085,0.1620962691740644,1.7830589609147083,11.0,0.9999999999999993,1.0000000000000016,6.169173449181403,8.878483256467677e-25,10.0,10,logcosh,1.0,stepsize_pilot
manuscript-pilot,D,pilot_logcosh_d10_k10_rho1_fr-r,FR--R,2500492809,188,0.280416974962791,5.952529977275738,0.0,nan,1.4654943925052066e-14,3.6769590981677225e-16,1.4803649876405435e-14,0.999999999999987,1.000000000000003,0.9999999999999866,1.000000000000002,1.999999999999978,1.4292478381488246e-25,2.8820615978424124e-25,0.28800151200266555,0.1093160462914966,,nan,nan,nan,nan,nan,nan,nan,nan,188,188,188,188,188,188,188,376,0,0,0,1,False,False,0.5,0,nan,nan,nan,nan,0.16209626917406456,1.7830589609147085,0.1620962691740644,1.7830589609147083,11.0,0.9999999999999993,1.0000000000000016,6.169173449181403,8.817277815407763e-25,10.0,10,logcosh,1.0,stepsize_pilot
manuscript-pilot,D,pilot_logcosh_d10_k10_rho1_fr-r,FR--R,2500492809,189,0.280416974962791,5.952529977275738,0.0,nan,1.5987211554602254e-14,3.6592387102172296e-16,1.5389511607809572e-14,0.9999999999999868,1.0000000000000036,0.9999999999999869,1.0000000000000033,1.999999999999979,1.4377761347690969e-25,2.879966725138769e-25,0.2895081620081328,0.10990103631047532,,nan,nan,nan,nan,nan,nan,nan,nan,189,189,189,189,189,189,189,378,0,0,0,1,False,False,0.5,0,nan,nan,nan,nan,0.16209626917406456,1.7830589609147085,0.1620962691740644,1.7830589609147083,11.0,0.9999999999999993,1.0000000000000016,6.169173449181403,8.869890356484293e-25,10.0,10,logcosh,1.0,stepsize_pilot
manuscript-pilot,D,pilot_logcosh_d10_k10_rho1_fr-r,FR--R,2500492809,190,0.280416974962791,5.952529977275739,8.881784197001252e-16,nan,2.6645352591003757e-15,3.547668556470655e-16,1.465250152004009e-14,0.9999999999999872,1.0000000000000047,0.9999999999999871,1.0000000000000036,1.9999999999999787,1.4452466668488998e-25,2.8782868091201577e-25,0.2910290319705382,0.11048275633947924,,nan,nan,nan,nan,nan,nan,nan,nan,190,190,190,190,190,190,190,380,0,0,0,1,False,False,0.5,0,nan,nan,nan,nan,0.16209626917406456,1.7830589609147085,0.1620962691740644,1.7830589609147083,11.0,0.9999999999999993,1.0000000000000016,6.169173449181403,8.87832528097657e-25,10.0,10,logcosh,1.0,stepsize_pilot
manuscript-pilot,D,pilot_logcosh_d10_k10_rho1_fr-r,FR--R,2500492809,191,0.280416974962791,5.952529977275738,0.0,nan,1.6653345369377348e-14,3.3723309922969635e-16,1.475007922100497e-14,0.9999999999999872,1.000000000000003,0.999999999999987,1.0000000000000027,1.9999999999999782,1.4441462553600068e-25,2.8835381263428896e-25,0.29256161098601297,0.11108123534359038,,nan,nan,nan,nan,nan,nan,nan,nan,191,191,191,191,191,191,191,382,0,0,0,1,False,False,0.5,0,nan,nan,nan,nan,0.16209626917406456,1.7830589609147085,0.1620962691740644,1.7830589609147083,11.0,0.9999999999999993,1.0000000000000016,6.169173449181403,8.894523424368422e-25,10.0,10,logcosh,1.0,stepsize_pilot
manuscript-pilot,D,pilot_logcosh_d10_k10_rho1_fr-r,FR--R,2500492809,192,0.280416974962791,5.952529977275738,0.0,nan,1.0880185641326534e-14,3.2767452510011876e-16,1.5503073135369076e-14,0.9999999999999867,1.000000000000002,0.9999999999999863,1.0000000000000018,1.9999999999999762,1.445261798830931e-25,2.8647118662110577e-25,0.29408481100108474,0.11165598535444587,,nan,nan,nan,nan,nan,nan,nan,nan,192,192,192,192,192,192,192,384,0,0,0,1,False,False,0.5,0,nan,nan,nan,nan,0.16209626917406456,1.7830589609147085,0.1620962691740644,1.7830589609147083,11.0,0.9999999999999993,1.0000000000000016,6.169173449181403,8.836452192292083e-25,10.0,10,logcosh,1.0,stepsize_pilot
manuscript-pilot,D,pilot_logcosh_d10_k10_rho1_fr-r,FR--R,2500492809,193,0.280416974962791,5.952529977275738,0.0,nan,1.2434497875801753e-14,3.3823104336622e-16,1.427603157382348e-14,0.9999999999999876,1.0000000000000024,0.9999999999999876,1.0000000000000033,1.9999999999999802,1.4273675849951194e-25,2.893466447145048e-25,0.2955682610045187,0.11220912536373362,,nan,nan,nan,nan,nan,nan,nan,nan,193,193,193,193,193,193,193,386,0,0,0,1,False,False,0.5,0,nan,nan,nan,nan,0.16209626917406456,1.7830589609147085,0.1620962691740644,1.7830589609147083,11.0,0.9999999999999993,1.0000000000000016,6.169173449181403,8.805678207574182e-25,10.0,10,logcosh,1.0,stepsize_pilot
manuscript-pilot,D,pilot_logcosh_d10_k10_rho1_fr-r,FR--R,2500492809,194,0.280416974962791,5.952529977275737,-8.881784197001252e-16,nan,7.105427357601002e-15,3.270126299733716e-16,1.5112391070645763e-14,0.9999999999999878,1.0000000000000027,0.999999999999988,1.0000000000000029,1.9999999999999807,1.4322728248487246e-25,2.86125601590609e-25,0.2970616110251285,0.11277531541418284,,nan,nan,nan,nan,nan,nan,nan,nan,194,194,194,194,194,194,194,388,0,0,0,1,False,False,0.5,0,nan,nan,nan,nan,0.16209626917406456,1.7830589609147085,0.1620962691740644,1.7830589609147083,11.0,0.9999999999999993,1.0000000000000016,6.169173449181403,8.825792322319206e-25,10.0,10,logcosh,1.0,stepsize_pilot
manuscript-pilot,D,pilot_logcosh_d10_k10_rho1_fr-r,FR--R,2500492809,195,0.280416974962791,5.952529977275739,8.881784197001252e-16,nan,0.0,3.243515426387745e-16,1.5206067030475827e-14,0.9999999999999875,1.000000000000001,0.9999999999999875,1.0000000000000016,1.999999999999981,1.4269896680564303e-25,2.8536438704395524e-25,0.2985282610170543,0.11333071539411321,,nan,nan,nan,nan,nan,nan,nan,nan,195,195,195,195,195,195,195,390,0,0,0,1,False,False,0.5,0,nan,nan,nan,nan,0.16209626917406456,1.7830589609147085,0.1620962691740644,1.7830589609147083,11.0,0.9999999999999993,1.0000000000000016,6.169173449181403,8.80231199946747e-25,10.0,10,logcosh,1.0,stepsize_pilot
manuscript-pilot,D,pilot_logcosh_d10_k10_rho1_fr-r,FR--R,2500492809,196,0.280416974962791,5.952529977275738,0.0,nan,5.329070518200751e-15,3.2316180348920853e-16,1.7435846411958386e-14,0.9999999999999855,1.0000000000000022,0.999999999999986,1.0000000000000018,1.9999999999999776,1.4406905126652675e-25,2.8484026021054754e-25,0.30007443099748343,0.11390803538961336,,nan,nan,nan,nan,nan,nan,nan,nan,196,196,196,196,196,196,196,392,0,0,0,1,False,False,0.5,0,nan,nan,nan,nan,0.16209626917406456,1.7830589609147085,0.1620962691740644,1.7830589609147083,11.0,0.9999999999999993,1.0000000000000016,6.169173449181403,8.78614485274416e-25,10.0,10,logcosh,1.0,stepsize_pilot
manuscript-pilot,D,pilot_logcosh_d10_k10_rho1_fr-r,FR--R,2500492809,197,0.280416974962791,5.952529977275739,8.881784197001252e-16,nan,1.176836406102666e-14,3.439480292631227e-16,1.6784551561204045e-14,0.9999999999999849,1.000000000000002,0.9999999999999841,1.0000000000000016,1.9999999999999736,1.4289828023856774e-25,2.8639023887369526e-25,0.30158527102321386,0.11447005538502708,,nan,nan,nan,nan,nan,nan,nan,nan,197,197,197,197,197,197,197,394,0,0,0,1,False,False,0.5,0,nan,nan,nan,nan,0.16209626917406456,1.7830589609147085,0.1620962691740644,1.7830589609147083,11.0,0.9999999999999993,1.0000000000000016,6.169173449181403,8.81564276381469e-25,10.0,10,logcosh,1.0,stepsize_pilot
manuscript-pilot,D,pilot_logcosh_d10_k10_rho1_fr-r,FR--R,2500492809,198,0.280416974962791,5.952529977275737,-8.881784197001252e-16,nan,3.774758283725532e-15,3.3515647689756127e-16,1.5339132516575813e-14,0.9999999999999866,1.0000000000000022,0.9999999999999863,1.0000000000000029,1.999999999999978,1.4368923457605736e-25,2.87672146484093e-25,0.3031257709953934,0.11504176538437605,,nan,nan,nan,nan,nan,nan,nan,nan,198,198,198,198,198,198,198,396,0,0,0,1,False,False,0.5,0,nan,nan,nan,nan,0.16209626917406456,1.7830589609147085,0.1620962691740644,1.7830589609147083,11.0,0.9999999999999993,1.0000000000000016,6.169173449181403,8.864438108798234e-25,10.0,10,logcosh,1.0,stepsize_pilot
manuscript-pilot,D,pilot_logcosh_d10_k10_rho1_fr-r,FR--R,2500492809,199,0.280416974962791,5.952529977275738,0.0,nan,3.1086244689504383e-15,3.403596423709665e-16,1.573875778513999e-14,0.9999999999999851,1.000000000000002,0.9999999999999857,1.0000000000000022,1.999999999999976,1.422998075370931e-25,2.8849243673412383e-25,0.30459995102137327,0.11559650540584698,,nan,nan,nan,nan,nan,nan,nan,nan,199,199,199,199,199,199,199,398,0,0,0,1,False,False,0.5,0,nan,nan,nan,nan,0.16209626917406456,1.7830589609147085,0.1620962691740644,1.7830589609147083,11.0,0.9999999999999993,1.0000000000000016,6.169173449181403,8.778721944814716e-25,10.0,10,logcosh,1.0,stepsize_pilot
manuscript-pilot,D,pilot_logcosh_d10_k10_rho1_fr-r,FR--R,2500492809,200,0.280416974962791,5.952529977275738,0.0,nan,9.547918011776346e-15,3.34365418773651e-16,1.6030115111941897e-14,0.9999999999999863,1.000000000000001,0.9999999999999865,1.0000000000000016,1.9999999999999767,1.429052687559312e-25,2.859363408819631e-25,0.30608089099405333,0.11616286542266607,,nan,nan,nan,nan,nan,nan,nan,nan,200,200,200,200,200,200,200,400,0,0,0,1,False,False,0.5,0,nan,nan,nan,nan,0.16209626917406456,1.7830589609147085,0.1620962691740644,1.7830589609147083,11.0,0.9999999999999993,1.0000000000000016,6.169173449181403,8.816073897572356e-25,10.0,10,logcosh,1.0,stepsize_pilot
