tier,experiment,job_id,method,seed,iteration,step_size,objective,objective_gap,exact_gaussian_kl,w2_squared,mean_error,covariance_error,covariance_min_eigenvalue,covariance_max_eigenvalue,relative_covariance_min_eigenvalue,relative_covariance_max_eigenvalue,gaussian_core_rate,fisher_rao_residual_squared,bures_wasserstein_residual_squared,wall_time_seconds,algorithm_seconds,repair,equivariance_error_mean,equivariance_error_covariance,equivariance_error_back,local_gamma,local_lambda,predictive_nll,classification_error,brier,iterations,gradient_evaluations,hessian_evaluations,oracle_pairs,expectation_evaluations,matrix_exponentials,matrix_square_roots,eigendecompositions,cholesky_factorizations,cholesky_solves,roundoff_repairs,batch_size,quadratic_rescue,raw_mean_ablation,normalized_step_size,problem_instance,local_kl_gamma,local_discrete_rate,predicted_contraction,local_radius,alpha,beta,alpha_star,beta_star,kappa_star,lambda_0_star,lambda_0_star_max,lambda_max_star,certified_gap,grid_dimension,grid_family,grid_feature_condition,grid_role
manuscript-pilot,L,pilot_logistic_d50_kX1e2_fr-kl,FR--KL,3602226593,0,0.0,767.7933702295541,369.07772370135365,nan,30.898135161619525,8.029745762023783,245.3061502952845,1.0,1.0,1.847131287012389,102.95285089620805,147.43189234935107,10463.072107262384,18389.775361643668,0.011997010034974664,0.0,,nan,nan,nan,nan,nan,0.693147180557945,0.4922,0.2499999999999998,0,0,0,0,0,0,0,0,0,0,0,1,False,False,0.25,0,nan,nan,nan,nan,1.0,126.5374245596017,0.009713184154639442,1.550916949065213,159.67132140951196,1.8471312870123962,102.95285089620789,102.95285089620789,946639.9004110257,50,logistic,100.0,stepsize_pilot
manuscript-pilot,L,pilot_logistic_d50_kX1e2_fr-kl,FR--KL,3602226593,1,0.0015657163590374475,752.1040342279128,353.38838769971244,nan,29.94927215828652,7.646765169042265,231.8076107935716,0.9266761641311061,0.9992707308412788,1.8457733177876505,95.42450831972566,136.74738396963338,9517.621546572498,17764.192619541493,0.15029841603245586,0.011718860012479126,,nan,nan,nan,nan,nan,0.6921230630846085,0.465,0.249488004291959,1,1,1,1,1,0,0,0,2,2,0,1,False,False,0.25,0,nan,nan,nan,nan,1.0,126.5374245596017,0.009713184154639442,1.550916949065213,159.67132140951196,1.8471312870123962,102.95285089620789,102.95285089620789,914437.1370255827,50,logistic,100.0,stepsize_pilot
manuscript-pilot,L,pilot_logistic_d50_kX1e2_fr-kl,FR--KL,3602226593,2,0.0015657163590374475,737.805023321705,339.0893767935046,nan,29.07325955266652,7.3169947057038245,219.72606615925906,0.8623613719590985,0.9985321556396544,1.844398172180613,88.82052540171881,127.40907868187185,8705.715397309279,17185.550447061156,0.27821973199024796,0.024218389997258782,,nan,nan,nan,nan,nan,0.6913046668245103,0.4632,0.2490791358369177,2,2,2,2,2,0,0,0,4,4,0,1,False,False,0.25,0,nan,nan,nan,nan,1.0,126.5374245596017,0.009713184154639442,1.550916949065213,159.67132140951196,1.8471312870123962,102.95285089620789,102.95285089620789,884650.7063727699,50,logistic,100.0,stepsize_pilot
manuscript-pilot,L,pilot_logistic_d50_kX1e2_fr-kl,FR--KL,3602226593,3,0.0015657163590374475,724.7028342475694,325.987187719369,nan,28.260293048760435,7.030632278886816,208.8489943508983,0.8055729693145645,0.9977850263544072,1.843007248159611,82.98882736936446,119.18622611396658,8002.227466612747,16648.193482943912,0.3903550379909575,0.036101998994126916,,nan,nan,nan,nan,nan,0.6906538370683349,0.4626,0.2487543598760669,3,3,3,3,3,0,0,0,6,6,0,1,False,False,0.25,0,nan,nan,nan,nan,1.0,126.5374245596017,0.009713184154639442,1.550916949065213,159.67132140951196,1.8471312870123962,102.95285089620789,102.95285089620789,856989.4906703692,50,logistic,100.0,stepsize_pilot
manuscript-pilot,L,pilot_logistic_d50_kX1e2_fr-kl,FR--KL,3602226593,4,0.0015657163590374475,712.6399956333319,313.92434910513145,nan,27.502410553583026,6.779991836947972,199.00419916426128,0.7551258361200838,0.9970300143126486,1.8416017941977385,77.80783301190833,111.89675918665058,7387.796024013847,16147.382907274203,0.49853180500213057,0.0477336379699409,,nan,nan,nan,nan,nan,0.6901408936929061,0.4622,0.24849875369945598,4,4,4,4,4,0,0,0,8,8,0,1,False,False,0.25,0,nan,nan,nan,nan,1.0,126.5374245596017,0.009713184154639442,1.550916949065213,159.67132140951196,1.8471312870123962,102.95285089620789,102.95285089620789,831209.5524082856,50,logistic,100.0,stepsize_pilot
manuscript-pilot,L,pilot_logistic_d50_kX1e2_fr-kl,FR--KL,3602226593,5,0.0015657163590374475,701.4868594726374,302.771212944437,nan,26.793061235045236,6.558988534128757,190.0507408408054,0.710063308344765,0.9962677226687818,1.8401829322179637,73.17938752186663,105.3953438292314,6847.294104798101,15679.115006308923,0.6059624020126648,0.0594720279914327,,nan,nan,nan,nan,nan,0.6897424415277934,0.4626,0.2483004864270556,5,5,5,5,5,0,0,0,10,10,0,1,False,False,0.25,0,nan,nan,nan,nan,1.0,126.5374245596017,0.009713184154639442,1.550916949065213,159.67132140951196,1.8471312870123962,102.95285089620789,102.95285089620789,807104.7947145062,50,logistic,100.0,stepsize_pilot
manuscript-pilot,L,pilot_logistic_d50_kX1e2_fr-kl,FR--KL,3602226593,6,0.0015657163590374475,691.1355607645829,292.4199142363825,nan,26.126792389876197,6.36276226261726,181.87218818044823,0.6696060418982269,0.9954986963916624,1.8387516760167546,69.02352494505811,99.56472009424225,6368.753752620506,15239.981156783322,0.7151337490067817,0.07135296799242496,,nan,nan,nan,nan,nan,0.6894398168818564,0.4624,0.24815008110130465,6,6,6,6,6,0,0,0,12,12,0,1,False,False,0.25,0,nan,nan,nan,nan,1.0,126.5374245596017,0.009713184154639442,1.550916949065213,159.67132140951196,1.8471312870123962,102.95285089620789,102.95285089620789,784499.7538476628,50,logistic,100.0,stepsize_pilot
manuscript-pilot,L,pilot_logistic_d50_kX1e2_fr-kl,FR--KL,3602226593,7,0.0015657163590374475,681.4955038033672,282.7798572751668,nan,25.499017905087474,6.187398991122606,174.3715343240961,0.6331137252408006,0.9947234303626448,1.837308946225943,65.27454369353201,94.30934276318337,5942.59698071576,14827.05872710571,0.8240923859993927,0.08313861797796562,,nan,nan,nan,nan,nan,0.6892179673216682,0.4618,0.248039873897502,7,7,7,7,7,0,0,0,14,14,0,1,False,False,0.25,0,nan,nan,nan,nan,1.0,126.5374245596017,0.009713184154639442,1.550916949065213,159.67132140951196,1.8471312870123962,102.95285089620789,102.95285089620789,763243.9831805134,50,logistic,100.0,stepsize_pilot
manuscript-pilot,L,pilot_logistic_d50_kX1e2_fr-kl,FR--KL,3602226593,8,0.0015657163590374475,672.4899413092129,273.7742947810125,nan,24.905844305036837,6.029722191827473,167.46732060069422,0.6000561006700099,0.9939423760119568,1.8358555825914737,61.878034727743525,89.55065070373485,5561.077562700177,14437.82527151175,0.9366727220476605,0.09677641693269834,,nan,nan,nan,nan,nan,0.6890646316550086,0.462,0.24796361282971083,8,8,8,8,8,0,0,0,16,16,0,1,False,False,0.25,0,nan,nan,nan,nan,1.0,126.5374245596017,0.009713184154639442,1.550916949065213,159.67132140951196,1.8471312870123962,102.95285089620789,102.95285089620789,743207.6362217232,50,logistic,100.0,stepsize_pilot
manuscript-pilot,L,pilot_logistic_d50_kX1e2_fr-kl,FR--KL,3602226593,9,0.0015657163590374475,664.053347926789,265.3377013985886,nan,24.34393814971134,5.887135127168087,161.09064865253262,0.569990805374444,0.9931559468106589,1.8343923541479457,58.78860837683698,85.22350520636404,5217.870088766947,14070.090437840121,1.0622434480465017,0.11154770595021546,,nan,nan,nan,nan,nan,0.6889697312919567,0.4612,0.2479161564564741,9,9,9,9,9,0,0,0,18,18,0,1,False,False,0.25,0,nan,nan,nan,nan,1.0,126.5374245596017,0.009713184154639442,1.550916949065213,159.67132140951196,1.8471312870123962,102.95285089620789,102.95285089620789,724277.9614715546,50,logistic,100.0,stepsize_pilot
manuscript-pilot,L,pilot_logistic_d50_kX1e2_fr-kl,FR--KL,3602226593,10,0.0015657163590374475,656.1293793816748,257.41373285347436,nan,23.810423602773024,5.757500469738642,155.18285347134932,0.5425462625909526,0.9923645228566061,1.8329199677248351,55.96813885855271,81.27347793265002,4907.763443794746,13721.941470153097,1.1827796050347388,0.12373252597171813,,nan,nan,nan,nan,nan,0.6889249126703969,0.4604,0.24789324515989083,10,10,10,10,10,0,0,0,20,20,0,1,False,False,0.25,0,nan,nan,nan,nan,1.0,126.5374245596017,0.009713184154639442,1.550916949065213,159.67132140951196,1.8471312870123962,102.95285089620789,102.95285089620789,706356.4970915793,50,logistic,100.0,stepsize_pilot
manuscript-pilot,L,pilot_logistic_d50_kX1e2_fr-kl,FR--KL,3602226593,11,0.0015657163590374475,648.6692691326555,249.95362260445506,nan,23.30280233609905,5.639047616412063,149.69367368146402,0.5174083507931144,0.9915684547356663,1.8314390751163485,53.38439627652203,77.6547637758217,4626.429373756893,13391.699238392866,1.2940384820103645,0.13595969596644863,,nan,nan,nan,nan,nan,0.6889231991443514,0.461,0.2478913257112009,11,11,11,11,11,0,0,0,22,22,0,1,False,False,0.25,0,nan,nan,nan,nan,1.0,126.5374245596017,0.009713184154639442,1.550916949065213,159.67132140951196,1.8471312870123962,102.95285089620789,102.95285089620789,689356.8074685583,50,logistic,100.0,stepsize_pilot
manuscript-pilot,L,pilot_logistic_d50_kX1e2_fr-kl,FR--KL,3602226593,12,0.0015657163590374475,641.6305558479687,242.9149093197683,nan,22.818890196132585,5.530300746414851,144.57979987098992,0.4943099268437023,0.990768066797556,1.829950279170404,51.009971415676766,74.32855858519852,4370.245758511545,13077.88248963337,1.4044261579983868,0.14764323498820886,,nan,nan,nan,nan,nan,0.6889587232157687,0.4608,0.24790741539518493,12,12,12,12,12,0,0,0,24,24,0,1,False,False,0.25,0,nan,nan,nan,nan,1.0,126.5374245596017,0.009713184154639442,1.550916949065213,159.67132140951196,1.8471312870123962,102.95285089620789,102.95285089620789,673202.6429966738,50,logistic,100.0,stepsize_pilot
manuscript-pilot,L,pilot_logistic_d50_kX1e2_fr-kl,FR--KL,3602226593,13,0.0015657163590374475,634.9760638897968,236.2604173615964,nan,22.356766606468238,5.430022557028524,139.80371318558178,0.47302252502777264,0.9899636599545856,1.8284541389957227,48.821423816689254,71.26178640933338,4136.160231740774,12779.178573202722,1.512765975028742,0.15931010496569797,,nan,nan,nan,nan,nan,0.6890265184463269,0.4594,0.24793899580935858,13,13,13,13,13,0,0,0,26,26,0,1,False,False,0.25,0,nan,nan,nan,nan,1.0,126.5374245596017,0.009713184154639442,1.550916949065213,159.67132140951196,1.8471312870123962,102.95285089620789,102.95285089620789,657826.433111475,50,logistic,100.0,stepsize_pilot
manuscript-pilot,L,pilot_logistic_d50_kX1e2_fr-kl,FR--KL,3602226593,14,0.0015657163590374475,628.6730793414895,229.95743281328907,nan,21.914733760149982,5.337169946766998,135.3327488502116,0.45334972955494046,0.9891555140882894,1.8269511744430869,46.79860159790422,68.42609219484673,3921.583899697437,12494.419303457547,1.6249966120230965,0.17124308494385332,,nan,nan,nan,nan,nan,0.6891223561974235,0.4596,0.2479839291431249,14,14,14,14,14,0,0,0,28,28,0,1,False,False,0.25,0,nan,nan,nan,nan,1.0,126.5374245596017,0.009713184154639442,1.550916949065213,159.67132140951196,1.8471312870123962,102.95285089620789,102.95285089620789,643168.043791781,50,logistic,100.0,stepsize_pilot
manuscript-pilot,L,pilot_logistic_d50_kX1e2_fr-kl,FR--KL,3602226593,15,0.0015657163590374475,622.6926786517951,223.97703212359465,nan,21.4912834177006,5.250858874206105,131.13833550803642,0.4351218448308587,0.9883438901312747,1.8254418699849648,44.92409447769269,65.79703802152274,3724.3077547782777,12222.560930209691,1.7366121180239134,0.18283508392050862,,nan,nan,nan,nan,nan,0.6892426163951637,0.46,0.24804039164495062,15,15,15,15,15,0,0,0,30,30,0,1,False,False,0.25,0,nan,nan,nan,nan,1.0,126.5374245596017,0.009713184154639442,1.550916949065213,159.67132140951196,1.8471312870123962,102.95285089620789,102.95285089620789,629173.7465088449,50,logistic,100.0,stepsize_pilot
manuscript-pilot,L,pilot_logistic_d50_kX1e2_fr-kl,FR--KL,3602226593,16,0.0015657163590374475,617.00917748647,218.29353095826957,nan,21.08506967305998,5.170336315080035,127.19537311248202,0.41819158007249724,0.9875290318780736,1.8239266780924313,43.18279091119841,63.35345680232994,3542.4363733482123,11962.667416581971,1.8481535449973308,0.19476133392890915,,nan,nan,nan,nan,nan,0.6893841843736229,0.4584,0.24810682034678694,16,16,16,16,16,0,0,0,32,32,0,1,False,False,0.25,0,nan,nan,nan,nan,1.0,126.5374245596017,0.009713184154639442,1.550916949065213,159.67132140951196,1.8471312870123962,102.95285089620789,102.95285089620789,615795.3574301419,50,logistic,100.0,stepsize_pilot
manuscript-pilot,L,pilot_logistic_d50_kX1e2_fr-kl,FR--KL,3602226593,17,0.0015657163590374475,611.599675071262,212.88402854306162,nan,20.69488644572781,5.094957748279459,123.48172084638824,0.4024305326571676,0.9867111675683758,1.8224060221895992,41.56151721159509,61.076928839265676,3374.3349012437448,11713.896397888466,1.95698924199678,0.20649554394185543,,nan,nan,nan,nan,nan,0.6895443678891426,0.4582,0.24818187009868298,17,17,17,17,17,0,0,0,34,34,0,1,False,False,0.25,0,nan,nan,nan,nan,1.0,126.5374245596017,0.009713184154639442,1.550916949065213,159.67132140951196,1.8471312870123962,102.95285089620789,102.95285089620789,602989.5146327169,50,logistic,100.0,stepsize_pilot
manuscript-pilot,L,pilot_logistic_d50_kX1e2_fr-kl,FR--KL,3602226593,18,0.0015657163590374475,606.443674999856,207.72802847165553,nan,20.31964874809164,5.024168976314743,119.9777730476461,0.3877263048739588,0.9858905112778362,1.8208802992503084,40.04874168489622,58.95135499956967,3218.5863448679547,11475.48732765676,2.066192659025546,0.21829314396018162,,nan,nan,nan,nan,nan,0.6897208298709804,0.4582,0.2482643786844906,18,18,18,18,18,0,0,0,36,36,0,1,False,False,0.25,0,nan,nan,nan,nan,1.0,126.5374245596017,0.009713184154639442,1.550916949065213,159.67132140951196,1.8471312870123962,102.95285089620789,102.95285089620789,590717.0679027827,50,logistic,100.0,stepsize_pilot
manuscript-pilot,L,pilot_logistic_d50_kX1e2_fr-kl,FR--KL,3602226593,19,0.0015657163590374475,601.5227677307407,202.80712120254032,nan,19.95837699259519,4.957491364784679,116.66610600797587,0.373980126336964,0.98506726414527,1.8193498820907201,38.63433066527777,56.96260645283824,3073.9569214932385,11246.75141871187,2.1773957450059243,0.23019214294617996,,nan,nan,nan,nan,nan,0.6899115335480891,0.4574,0.24835333831844245,19,19,19,19,19,0,0,0,38,38,0,1,False,False,0.25,0,nan,nan,nan,nan,1.0,126.5374245596017,0.009713184154639442,1.550916949065213,159.67132140951196,1.8471312870123962,102.95285089620789,102.95285089620789,578942.5609386768,50,logistic,100.0,stepsize_pilot
manuscript-pilot,L,pilot_logistic_d50_kX1e2_fr-kl,FR--KL,3602226593,20,0.0015657163590374475,596.8203632025437,198.1047166743433,nan,19.61018376507696,4.894509794563314,113.53118221422774,0.3611048826501863,0.9842416154599546,1.8178151214013842,37.309346245882416,55.098235506269646,2939.367761350224,11027.063066012663,2.2886432119994424,0.24198862293269485,,nan,nan,nan,nan,nan,0.6901146973836119,0.458,0.24844787221545384,20,20,20,20,20,0,0,0,40,40,0,1,False,False,0.25,0,nan,nan,nan,nan,1.0,126.5374245596017,0.009713184154639442,1.550916949065213,159.67132140951196,1.8471312870123962,102.95285089620789,102.95285089620789,567633.7898291394,50,logistic,100.0,stepsize_pilot
manuscript-pilot,L,pilot_logistic_d50_kX1e2_fr-kl,FR--KL,3602226593,21,0.0015657163590374475,592.3214644367534,193.60581790855304,nan,19.274262612981712,4.834862778377956,110.55910142956537,0.34902347242927784,0.9834137436287105,1.8162763475553545,36.06587770876348,53.34723552626001,2813.8716527121082,10815.852499308527,2.399466299044434,0.2539028229075484,,nan,nan,nan,nan,nan,0.6903287578376531,0.4588,0.24854721522260192,21,21,21,21,21,0,0,0,42,42,0,1,False,False,0.25,0,nan,nan,nan,nan,1.0,126.5374245596017,0.009713184154639442,1.550916949065213,159.67132140951196,1.8471312870123962,102.95285089620789,102.95285089620789,556761.4248383421,50,logistic,100.0,stepsize_pilot
manuscript-pilot,L,pilot_logistic_d50_kX1e2_fr-kl,FR--KL,3602226593,22,0.0015657163590374475,588.012474868856,189.29682834065557,nan,18.949878490622073,4.778234313545314,107.73739018831601,0.33766743124449705,0.9825838170391643,1.8147338722228272,34.896900347389746,51.69984054683033,2696.6338187004003,10612.599461825674,2.5045664150384255,0.2624088618904352,,nan,nan,nan,nan,nan,0.6905523384208909,0.4586,0.24865069772180695,22,22,22,22,22,0,0,0,44,44,0,1,False,False,0.25,0,nan,nan,nan,nan,1.0,126.5374245596017,0.009713184154639442,1.550916949065213,159.67132140951196,1.8471312870123962,102.95285089620789,102.95285089620789,546298.6850072554,50,logistic,100.0,stepsize_pilot
manuscript-pilot,L,pilot_logistic_d50_kX1e2_fr-kl,FR--KL,3602226593,23,0.0015657163590374475,583.881033597142,185.16538706894164,nan,18.6363595756778,4.724347134521498,105.05482296542513,0.3269757737284871,0.9817519948329476,1.8131879898177112,33.79615667687709,50.147357158294724,2586.915938499213,10416.827749195532,2.610048592032399,0.27413375093601644,,nan,nan,nan,nan,nan,0.6907842238360645,0.4584,0.2487577321831848,23,23,23,23,23,0,0,0,46,46,0,1,False,False,0.25,0,nan,nan,nan,nan,1.0,126.5374245596017,0.009713184154639442,1.550916949065213,159.67132140951196,1.8471312870123962,102.95285089620789,102.95285089620789,536221.0570372024,50,logistic,100.0,stepsize_pilot
manuscript-pilot,L,pilot_logistic_d50_kX1e2_fr-kl,FR--KL,3602226593,24,0.0015657163590374475,579.9158738672842,181.20022733908377,nan,18.33309022704719,4.672957099656133,102.50126959834972,0.3168940149250972,0.9809184276004449,1.811638978797762,32.75805603660789,48.682022801393764,2484.0627956281633,10228.100473019977,2.7164880390046164,0.28275775094516575,,nan,nan,nan,nan,nan,0.6910233382594936,0.4592,0.24886780187847202,24,24,24,24,24,0,0,0,48,48,0,1,False,False,0.25,0,nan,nan,nan,nan,1.0,126.5374245596017,0.009713184154639442,1.550916949065213,159.67132140951196,1.8471312870123962,102.95285089620789,102.95285089620789,526506.0514751277,50,logistic,100.0,stepsize_pilot
manuscript-pilot,L,pilot_logistic_d50_kX1e2_fr-kl,FR--KL,3602226593,25,0.0015657163590374475,576.1067009969701,177.39105446876965,nan,18.0395048979333,4.623848501305904,100.06756457385484,0.30737333962906616,0.9800832580069125,1.8100871028365642,31.777589377729136,47.29688577789072,2387.4910659052093,10046.015937580212,2.8341713059926406,0.29678843094734475,,nan,nan,nan,nan,nan,0.6912687270108375,0.4598,0.24898045136425326,25,25,25,25,25,0,0,0,50,50,0,1,False,False,0.25,0,nan,nan,nan,nan,1.0,126.5374245596017,0.009713184154639442,1.550916949065213,159.67132140951196,1.8471312870123962,102.95285089620789,102.95285089620789,517132.99046131,50,logistic,100.0,stepsize_pilot
manuscript-pilot,L,pilot_logistic_d50_kX1e2_fr-kl,FR--KL,3602226593,26,0.0015657163590374475,572.4440866452836,173.7284401170832,nan,17.755082852547233,4.576830131097874,97.74539461010842,0.29836989449154167,0.9792466213583543,1.808532611882868,30.850256646587678,45.98570321276004,2296.6798578631497,9870.204037566189,2.956840082013514,0.30761114094639197,,nan,nan,nan,nan,nan,0.6915195410110435,0.4598,0.24909527842270127,26,26,26,26,26,0,0,0,52,52,0,1,False,False,0.25,0,nan,nan,nan,nan,1.0,126.5374245596017,0.009713184154639442,1.550916949065213,159.67132140951196,1.8471312870123962,102.95285089620789,102.95285089620789,508082.8222973487,50,logistic,100.0,stepsize_pilot
manuscript-pilot,L,pilot_logistic_d50_kX1e2_fr-kl,FR--KL,3602226593,27,0.0015657163590374475,568.9193768886868,170.20373036048636,nan,17.479343562189566,4.531731965500099,95.52720161492152,0.28984418242474275,0.9784086461143142,1.8069757431207052,29.97200466365674,44.742853927969875,2211.162696059367,9700.323100348023,3.078690558031667,0.321692009922117,,nan,nan,nan,nan,nan,0.691775023546667,0.4602,0.2492119272085344,27,27,27,27,27,0,0,0,54,54,0,1,False,False,0.25,0,nan,nan,nan,nan,1.0,126.5374245596017,0.009713184154639442,1.550916949065213,159.67132140951196,1.8471312870123962,102.95285089620789,102.95285089620789,499337.95889758377,50,logistic,100.0,stepsize_pilot
manuscript-pilot,L,pilot_logistic_d50_kX1e2_fr-kl,FR--KL,3602226593,28,0.0015657163590374475,565.5246120113372,166.80896548313683,nan,17.21184267834239,4.4884023631034635,93.40609862116912,0.28176054261790756,0.9775694543537385,1.8054167218417236,29.13917378542471,43.56326375993783,2130.5206983725457,9536.057109011157,3.2013540850020945,0.3325407899101265,,nan,nan,nan,nan,nan,0.6920344989514855,0.4596,0.2493300823988906,28,28,28,28,28,0,0,0,56,56,0,1,False,False,0.25,0,nan,nan,nan,nan,1.0,126.5374245596017,0.009713184154639442,1.550916949065213,159.67132140951196,1.8471312870123962,102.95285089620789,102.95285089620789,490882.13284087274,50,logistic,100.0,stepsize_pilot
manuscript-pilot,L,pilot_logistic_d50_kX1e2_fr-kl,FR--KL,3602226593,29,0.0015657163590374475,562.2524562764163,163.5368097482159,nan,16.952168497979788,4.446705685764674,91.37579671867732,0.27408670249354855,0.9767291621992268,1.8038557622396085,28.348451946401244,42.44234130687892,2054.3767460415543,9377.113252737856,3.3234169610077515,0.34657467989018187,,nan,nan,nan,nan,nan,0.6922973628894936,0.4598,0.24944946418080313,29,29,29,29,29,0,0,0,58,58,0,1,False,False,0.25,0,nan,nan,nan,nan,1.0,126.5374245596017,0.009713184154639442,1.550916949065213,159.67132140951196,1.8471312870123962,102.95285089620789,102.95285089620789,482700.271272986,50,logistic,100.0,stepsize_pilot
manuscript-pilot,L,pilot_logistic_d50_kX1e2_fr-kl,FR--KL,3602226593,30,0.0015657163590374475,559.0961362356654,160.38048970746502,nan,16.699938850513913,4.406520272235821,89.43054133987913,0.26679339035397687,0.9758878802042545,1.8022930681351859,27.59683492689016,41.375922454798115,1982.3904828784732,9223.219759610176,3.4496920669917017,0.3608766689430922,,nan,nan,nan,nan,nan,0.692563073981446,0.4596,0.2495698239411904,30,30,30,30,30,0,0,0,60,60,0,1,False,False,0.25,0,nan,nan,nan,nan,1.0,126.5374245596017,0.009713184154639442,1.550916949065213,159.67132140951196,1.8471312870123962,102.95285089620789,102.95285089620789,474778.38434705074,50,logistic,100.0,stepsize_pilot
manuscript-pilot,L,pilot_logistic_d50_kX1e2_fr-kl,FR--KL,3602226593,31,0.0015657163590374475,556.0493863707054,157.333739842505,nan,16.45479834734142,4.36773670604913,87.56505653105565,0.2598539994202067,0.9750457137073782,1.800728833639706,26.881591892540445,40.360222321834414,1914.2540100418591,9074.123973901611,3.576024984009564,0.3750137889874168,,nan,nan,nan,nan,nan,0.6928311465634768,0.4598,0.24969094054845545,31,31,31,31,31,0,0,0,62,62,0,1,False,False,0.25,0,nan,nan,nan,nan,1.0,126.5374245596017,0.009713184154639442,1.550916949065213,159.67132140951196,1.8471312870123962,102.95285089620789,102.95285089620789,467103.4662493973,50,logistic,100.0,stepsize_pilot
manuscript-pilot,L,pilot_logistic_d50_kX1e2_fr-kl,FR--KL,3602226593,32,0.0015657163590374475,553.106401053037,154.39075452483655,nan,16.21641594439289,4.3302563299565495,85.7744960649664,0.2532442955468944,0.974202763156894,1.7991632437627447,26.200235414003618,39.39179349536028,1849.6881667014504,8929.590645706961,3.702141310030129,0.38927985896589234,,nan,nan,nan,nan,nan,0.6931011444035173,0.4594,0.24981261713423505,32,32,32,32,32,0,0,0,64,64,0,1,False,False,0.25,0,nan,nan,nan,nan,1.0,126.5374245596017,0.009713184154639442,1.550916949065213,159.67132140951196,1.8471312870123962,102.95285089620789,102.95285089620789,459663.4071558192,50,logistic,100.0,stepsize_pilot
manuscript-pilot,L,pilot_logistic_d50_kX1e2_fr-kl,FR--KL,3602226593,33,0.0015657163590374475,550.2617919684327,151.5461454402323,nan,15.984482775836948,4.2939899676974225,84.05440043425246,0.2469421621840435,0.9733591244090092,1.7975964749704694,25.550495307108193,38.467489626484166,1788.4393061667188,8789.400405561222,3.828180896001868,0.40329659898998216,,nan,nan,nan,nan,nan,0.6933726752312434,0.4588,0.2499346782995477,33,33,33,33,33,0,0,0,66,66,0,1,False,False,0.25,0,nan,nan,nan,nan,1.0,126.5374245596017,0.009713184154639442,1.550916949065213,159.67132140951196,1.8471312870123962,102.95285089620789,102.95285089620789,452446.9147104052,50,logistic,100.0,stepsize_pilot
manuscript-pilot,L,pilot_logistic_d50_kX1e2_fr-kl,FR--KL,3602226593,34,0.0015657163590374475,547.5105502825489,148.79490375434852,nan,15.758710223485513,4.258856820713674,82.4006589161044,0.24092737720812266,0.9725148890021902,1.7960286956992586,24.930295741908346,37.58443360153249,1730.2764925903462,8653.348400701374,3.9535902820061892,0.41736616799607873,,nan,nan,nan,nan,nan,0.6936453859615999,0.4594,0.2500569676823442,34,34,34,34,34,0,0,0,68,68,0,1,False,False,0.25,0,nan,nan,nan,nan,1.0,126.5374245596017,0.009713184154639442,1.550916949065213,159.67132140951196,1.8471312870123962,102.95285089620789,102.95285089620789,445443.4438251722,50,logistic,100.0,stepsize_pilot
manuscript-pilot,L,pilot_logistic_d50_kX1e2_fr-kl,FR--KL,3602226593,35,0.0015657163590374475,544.848012933254,146.13236640505363,nan,15.538828191747136,4.224783512985175,80.80947602357818,0.23518141710859358,0.9716701444100525,1.794460066829041,24.337735157550323,36.739989636820674,1674.9890559662717,8521.24307297497,4.075939978996757,0.4282931379857473,,nan,nan,nan,nan,nan,0.6939189585117559,0.4592,0.2501793458338604,35,35,35,35,35,0,0,0,70,70,0,1,False,False,0.25,0,nan,nan,nan,nan,1.0,126.5374245596017,0.009713184154639442,1.550916949065213,159.67132140951196,1.8471312870123962,102.95285089620789,102.95285089620789,438643.1337711667,50,logistic,100.0,stepsize_pilot
manuscript-pilot,L,pilot_logistic_d50_kX1e2_fr-kl,FR--KL,3602226593,36,0.0015657163590374475,542.269832525659,143.5541859974586,nan,15.32458356238795,4.1917032616797485,79.27734176257427,0.22968728472718863,0.9708249742748661,1.7928907421203553,23.771068592889605,35.931738747135206,1622.384453419857,8392.905061213623,4.194349975034129,0.43922292796196416,,nan,nan,nan,nan,nan,0.6941931061275469,0.4594,0.25030168835968863,36,36,36,36,36,0,0,0,72,72,0,1,False,False,0.25,0,nan,nan,nan,nan,1.0,126.5374245596017,0.009713184154639442,1.550916949065213,159.67132140951196,1.8471312870123962,102.95285089620789,102.95285089620789,432036.75167657586,50,logistic,100.0,stepsize_pilot
manuscript-pilot,L,pilot_logistic_d50_kX1e2_fr-kl,FR--KL,3602226593,37,0.0015657163590374475,539.7719503814471,141.05630385324673,nan,15.115738807048864,4.159555155008007,77.80100519981062,0.22442935733570085,0.9699794586235103,1.791320868618429,23.22869210315991,35.15745712422893,1572.286393202498,8268.166213261697,4.313099332037382,0.4501708779716864,,nan,nan,nan,nan,nan,0.6944675701487678,0.4598,0.2504238842884838,37,37,37,37,37,0,0,0,74,74,0,1,False,False,0.25,0,nan,nan,nan,nan,1.0,126.5374245596017,0.009713184154639442,1.550916949065213,159.67132140951196,1.8471312870123962,102.95285089620789,102.95285089620789,425615.64166949614,50,logistic,100.0,stepsize_pilot
manuscript-pilot,L,pilot_logistic_d50_kX1e2_fr-kl,FR--KL,3602226593,38,0.0015657163590374475,537.3505723575468,138.63492582934634,nan,14.912070738563578,4.128283521704679,76.37745091927523,0.21939325232652576,0.9691336740675222,1.7897505870274135,22.70912898311138,34.41509703275123,1524.5331847213959,8146.868694857333,4.435430638026446,0.4642250379547477,,nan,nan,nan,nan,nan,0.694742117153665,0.46,0.2505458346370024,38,38,38,38,38,0,0,0,76,76,0,1,False,False,0.25,0,nan,nan,nan,nan,1.0,126.5374245596017,0.009713184154639442,1.550916949065213,159.67132140951196,1.8471312870123962,102.95285089620789,102.95285089620789,419371.6790063139,50,logistic,100.0,stepsize_pilot
manuscript-pilot,L,pilot_logistic_d50_kX1e2_fr-kl,FR--KL,3602226593,39,0.0015657163590374475,535.002147102619,136.2865005744186,nan,14.713369384730235,4.097837379053405,75.0038780051727,0.21456570819719942,0.968287693988683,1.788180032057542,22.211017558786256,33.70276989015289,1478.9762836462983,8028.864184265835,4.558725604030769,0.4750212570070289,,nan,nan,nan,nan,nan,0.6950165364320685,0.4594,0.25066745114496064,39,39,39,39,39,0,0,0,78,78,0,1,False,False,0.25,0,nan,nan,nan,nan,1.0,126.5374245596017,0.009713184154639442,1.550916949065213,159.67132140951196,1.8471312870123962,102.95285089620789,102.95285089620789,413297.22861431073,50,logistic,100.0,stepsize_pilot
manuscript-pilot,L,pilot_logistic_d50_kX1e2_fr-kl,FR--KL,3602226593,40,0.0015657163590374475,532.7233464649757,134.00769993677534,nan,14.519436970395702,4.068169948433051,73.67768124032526,0.20993447885039782,0.9674415887114376,1.786609332747523,21.73310034500374,33.01873124642528,1435.4790058676367,7914.013143015423,4.678536791005172,0.4859637170447968,,nan,nan,nan,nan,nan,0.6952906377441768,0.4592,0.25078865515718296,40,40,40,40,40,0,0,0,80,80,0,1,False,False,0.25,0,nan,nan,nan,nan,1.0,126.5374245596017,0.009713184154639442,1.550916949065213,159.67132140951196,1.8471312870123962,102.95285089620789,102.95285089620789,407385.10755174677,50,logistic,100.0,stepsize_pilot
manuscript-pilot,L,pilot_logistic_d50_kX1e2_fr-kl,FR--KL,3602226593,41,0.0015657163590374475,530.5110478038255,131.79540127562507,nan,14.330086995582572,4.039238229071592,72.39643425200889,0.2054882395162881,0.9665954256633075,1.7850386127644413,21.274214394900472,32.36136742082378,1393.9153880174274,7802.184154323527,4.798700267041568,0.4970964470994659,,nan,nan,nan,nan,nan,0.6955642493283065,0.4594,0.250909376633839,41,41,41,41,41,0,0,0,82,82,0,1,False,False,0.25,0,nan,nan,nan,nan,1.0,126.5374245596017,0.009713184154639442,1.550916949065213,159.67132140951196,1.8471312870123962,102.95285089620789,102.95285089620789,401628.55095241155,50,logistic,100.0,stepsize_pilot
manuscript-pilot,L,pilot_logistic_d50_kX1e2_fr-kl,FR--KL,3602226593,42,0.0015657163590374475,528.3623179883047,129.64667146010424,nan,14.145143398981967,4.011002622113542,71.15787437364489,0.20121650284423825,0.9657492695243277,1.7834679906830397,20.83328269250541,31.729183587407054,1354.1691755501556,7693.253321862302,4.918444044014905,0.5081044070539065,,nan,nan,nan,nan,nan,0.6958372161262216,0.4594,0.2510295532723497,42,42,42,42,42,0,0,0,84,84,0,1,False,False,0.25,0,nan,nan,nan,nan,1.0,126.5374245596017,0.009713184154639442,1.550916949065213,159.67132140951196,1.8471312870123962,102.95285089620789,102.95285089620789,396021.1810762214,50,logistic,100.0,stepsize_pilot
manuscript-pilot,L,pilot_logistic_d50_kX1e2_fr-kl,FR--KL,3602226593,43,0.0015657163590374475,526.2743988965439,127.55875236834345,nan,13.96443979749726,3.98342659829116,69.95988902172702,0.19710954391359856,0.9649031823664465,1.7818975802461734,20.409306460117445,31.12079313045125,1316.1329221338608,7587.103722422976,5.038308510032948,0.5190290370956063,,nan,nan,nan,nan,nan,0.6961093981990886,0.4598,0.2511491297268888,43,43,43,43,43,0,0,0,86,86,0,1,False,False,0.25,0,nan,nan,nan,nan,1.0,126.5374245596017,0.009713184154639442,1.550916949065213,159.67132140951196,1.8471312870123962,102.95285089620789,102.95285089620789,390556.97913433687,50,logistic,100.0,stepsize_pilot
manuscript-pilot,L,pilot_logistic_d50_kX1e2_fr-kl,FR--KL,3602226593,44,0.0015657163590374475,524.2446942507943,125.52904772259387,nan,13.787818793688484,3.9564764034802393,68.80050341374408,0.19315833308485436,0.9640572237837195,1.7803274906080109,20.001358269853814,30.53490811550372,1279.7071864149902,7483.624906823213,5.144061086990405,0.5274827271350659,,nan,nan,nan,nan,nan,0.69638066931086,0.4596,0.25126805691337384,44,44,44,44,44,0,0,0,88,88,0,1,False,False,0.25,0,nan,nan,nan,nan,1.0,126.5374245596017,0.009713184154639442,1.550916949065213,159.67132140951196,1.8471312870123962,102.95285089620789,102.95285089620789,385230.2595976576,50,logistic,100.0,stepsize_pilot
manuscript-pilot,L,pilot_logistic_d50_kX1e2_fr-kl,FR--KL,3602226593,45,0.0015657163590374475,522.2707576450573,123.55511111685689,nan,13.615131343969782,3.930120797252407,67.67786947539763,0.189354475758131,0.9632114510140443,1.778757826561304,19.608575863678645,29.970330742787176,1244.799814171188,7382.712444079233,5.252049564034678,0.5361313471803442,,nan,nan,nan,nan,nan,0.6966509156590542,0.4594,0.25138629138951535,45,45,45,45,45,0,0,0,90,90,0,1,False,False,0.25,0,nan,nan,nan,nan,1.0,126.5374245596017,0.009713184154639442,1.550916949065213,159.67132140951196,1.8471312870123962,102.95285089620789,102.95285089620789,380035.6467324326,50,logistic,100.0,stepsize_pilot
manuscript-pilot,L,pilot_logistic_d50_kX1e2_fr-kl,FR--KL,3602226593,46,0.0015657163590374475,520.350281639229,121.63463511102862,nan,13.446236181275825,3.904330820235127,66.59025580472643,0.18569015823004956,0.9623659190531338,1.7771886887501933,19.230156598940795,29.425945667476977,1211.325295515983,7284.267504451124,5.360750860010739,0.5478980462066829,,nan,nan,nan,nan,nan,0.6969200347355917,0.4596,0.25150379480090396,46,46,46,46,46,0,0,0,92,92,0,1,False,False,0.25,0,nan,nan,nan,nan,1.0,126.5374245596017,0.009713184154639442,1.550916949065213,159.67132140951196,1.8471312870123962,102.95285089620789,102.95285089620789,374968.0531369232,50,logistic,100.0,stepsize_pilot
manuscript-pilot,L,pilot_logistic_d50_kX1e2_fr-kl,FR--KL,3602226593,47,0.0015657163590374475,518.4810878089372,119.76544128073681,nan,13.28099928665877,3.8790795866806764,65.53603857733808,0.18215809894580978,0.9615206807613286,1.7756201738694517,18.865352447308528,28.900713086560227,1179.2041882184599,7188.196477478841,5.467209457012359,0.5564801461878233,,nan,nan,nan,nan,nan,0.6971879343026388,0.46,0.2516205333853215,47,47,47,47,47,0,0,0,94,94,0,1,False,False,0.25,0,nan,nan,nan,nan,1.0,126.5374245596017,0.009713184154639442,1.550916949065213,159.67132140951196,1.8471312870123962,102.95285089620789,102.95285089620789,370022.66007926164,50,logistic,100.0,stepsize_pilot
manuscript-pilot,L,pilot_logistic_d50_kX1e2_fr-kl,FR--KL,3602226593,48,0.0015657163590374475,516.6611176533711,117.94547112517068,nan,13.119293404923745,3.85434209914453,64.51369329123449,0.1787515045339944,0.9606757869638087,1.774052374851478,18.5134654842809,28.393662504970507,1148.3625993917942,7094.410621569605,5.569880884024315,0.5650381661835127,,nan,nan,nan,nan,nan,0.6974545314703624,0.4594,0.2517364775284894,48,48,48,48,48,0,0,0,96,96,0,1,False,False,0.25,0,nan,nan,nan,nan,1.0,126.5374245596017,0.009713184154639442,1.550916949065213,159.67132140951196,1.8471312870123962,102.95285089620789,102.95285089620789,365194.89945946325,50,logistic,100.0,stepsize_pilot
manuscript-pilot,L,pilot_logistic_d50_kX1e2_fr-kl,FR--KL,3602226593,49,0.0015657163590374475,514.8884242747836,116.17277774658317,nan,12.96099759997323,3.83009508259709,63.52178726204987,0.17546403008931344,0.9598312865447126,1.7724853810417636,18.173843814429965,27.903887104821194,1118.7317188197628,7002.8257420835325,5.671909130993299,0.5735057962010615,,nan,nan,nan,nan,nan,0.697719751865174,0.4588,0.25185160136534385,49,49,49,49,49,0,0,0,98,98,0,1,False,False,0.25,0,nan,nan,nan,nan,1.0,126.5374245596017,0.009713184154639442,1.550916949065213,159.67132140951196,1.8471312870123962,102.95285089620789,102.95285089620789,360480.4372384249,50,logistic,100.0,stepsize_pilot
manuscript-pilot,L,pilot_logistic_d50_kX1e2_fr-kl,FR--KL,3602226593,50,0.0015657163590374475,513.1611647532499,114.44551822504945,nan,12.805996846018228,3.8063168356528614,62.5589727901936,0.17228974323541557,0.9589872265356296,1.7709192783638548,17.84587788438584,27.430538651125836,1090.2473980591358,6913.36189520221,5.780628098000307,0.5852988861734048,,nan,nan,nan,nan,nan,0.6979835288784771,0.4592,0.25196588242168316,50,50,50,50,50,0,0,0,100,100,0,1,False,False,0.25,0,nan,nan,nan,nan,1.0,126.5374245596017,0.009713184154639442,1.550916949065213,159.67132140951196,1.8471312870123962,102.95285089620789,102.95285089620789,355875.1581941379,50,logistic,100.0,stepsize_pilot
manuscript-pilot,L,pilot_logistic_d50_kX1e2_fr-kl,FR--KL,3602226593,51,0.0015657163590374475,511.4775931488886,112.7619466206882,nan,12.654181651242686,3.7829870969082724,61.62398093064454,0.16922309155750495,0.9581436521988649,1.7693541494745029,17.52899714148814,26.972822875632477,1062.8497702007833,6825.943115160533,5.889994065044448,0.5939669561339542,,nan,nan,nan,nan,nan,0.6982458029871687,0.459,0.2520793012916776,51,51,51,51,51,0,0,0,102,102,0,1,False,False,0.25,0,nan,nan,nan,nan,1.0,126.5374245596017,0.009713184154639442,1.550916949065213,159.67132140951196,1.8471312870123962,102.95285089620789,102.95285089620789,351375.15188055835,50,logistic,100.0,stepsize_pilot
manuscript-pilot,L,pilot_logistic_d50_kX1e2_fr-kl,FR--KL,3602226593,52,0.0015657163590374475,509.8360540712919,111.12040754309152,nan,12.505447710879295,3.7600869246417954,60.71561580419092,0.16625887304436382,0.957300607105885,1.7677900739097618,17.222667001138927,26.5299952875144,1036.4829058127193,6740.497162681908,5.995506361010484,0.6029496451374143,,nan,nan,nan,nan,nan,0.6985065211382071,0.4588,0.2521918413472917,52,52,52,52,52,0,0,0,104,104,0,1,False,False,0.25,0,nan,nan,nan,nan,1.0,126.5374245596017,0.009713184154639442,1.550916949065213,159.67132140951196,1.8471312870123962,102.95285089620789,102.95285089620789,346976.6996779502,50,logistic,100.0,stepsize_pilot
manuscript-pilot,L,pilot_logistic_d50_kX1e2_fr-kl,FR--KL,3602226593,53,0.0015657163590374475,508.23497676250514,109.51933023430473,nan,12.359695586983857,3.7375985883549445,59.83274939591713,0.16339220922249284,0.9564581332112614,1.7662271282226931,16.926386090314782,26.10135736581557,1011.0945011403256,6656.9552926852,6.10143695800798,0.6117721841437742,,nan,nan,nan,nan,nan,0.6987656361904897,0.4592,0.25230348847615053,53,53,53,53,53,0,0,0,106,106,0,1,False,False,0.25,0,nan,nan,nan,nan,1.0,126.5374245596017,0.009713184154639442,1.550916949065213,159.67132140951196,1.8471312870123962,102.95285089620789,102.95285089620789,342676.2628352695,50,logistic,100.0,stepsize_pilot
manuscript-pilot,L,pilot_logistic_d50_kX1e2_fr-kl,FR--KL,3602226593,54,0.0015657163590374475,506.6728696456908,107.9572231174904,nan,12.216830412481613,3.7155054708258124,58.97431679285869,0.16061852070255941,0.955616270922465,1.764665386113252,16.63968373853819,25.686253093891196,986.6355951157766,6575.252039533072,6.218660365033429,0.6228282141382806,,nan,nan,nan,nan,nan,0.6990231064080732,0.4596,0.2524142308447971,54,54,54,54,54,0,0,0,108,108,0,1,False,False,0.25,0,nan,nan,nan,nan,1.0,126.5374245596017,0.009713184154639442,1.550916949065213,159.67132140951196,1.8471312870123962,102.95285089620789,102.95285089620789,338470.4714155164,50,logistic,100.0,stepsize_pilot
manuscript-pilot,L,pilot_logistic_d50_kX1e2_fr-kl,FR--KL,3602226593,55,0.0015657163590374475,505.14831529669465,106.43266876849424,nan,12.076761617313565,3.6937919795130396,58.13931181809666,0.15793350489089064,0.9547750591657694,1.7631049185509078,16.362117690947557,25.284065800724353,963.0603121414676,6495.325018269171,6.338998040999286,0.6337507831049152,,nan,nan,nan,nan,nan,0.6992788949994688,0.4594,0.25252405868465316,55,55,55,55,55,0,0,0,110,110,0,1,False,False,0.25,0,nan,nan,nan,nan,1.0,126.5374245596017,0.009713184154639442,1.550916949065213,159.67132140951196,1.8471312870123962,102.95285089620789,102.95285089620789,334356.11406413617,50,logistic,100.0,stepsize_pilot
manuscript-pilot,L,pilot_logistic_d50_kX1e2_fr-kl,FR--KL,3602226593,56,0.0015657163590374475,503.659965800219,104.94431927201862,nan,11.939402674733522,3.6724434662915066,57.3267830232552,0.15533311564715963,0.9539345354485572,1.7615457938904748,16.093272021017203,24.894215278043834,940.3256279706277,6417.1147404487065,6.459849128033966,0.6477004730841145,,nan,nan,nan,nan,nan,0.6995329696983508,0.4596,0.2526329640983064,56,56,56,56,56,0,0,0,112,112,0,1,False,False,0.25,0,nan,nan,nan,nan,1.0,126.5374245596017,0.009713184154639442,1.550916949065213,159.67132140951196,1.8471312870123962,102.95285089620789,102.95285089620789,330330.1285286356,50,logistic,100.0,stepsize_pilot
manuscript-pilot,L,pilot_logistic_d50_kX1e2_fr-kl,FR--KL,3602226593,57,0.0015657163590374475,502.2065384562627,103.4908919280623,nan,11.80467086600466,3.6514461546249404,56.53583000548267,0.1528135446941754,0.9530947359182531,1.7599880779817512,15.832755223020646,24.5161551456977,918.3911563196166,6340.564443306448,6.585894294024911,0.658859393093735,,nan,nan,nan,nan,nan,0.6997853023815409,0.4602,0.2527409408840243,57,57,57,57,57,0,0,0,114,114,0,1,False,False,0.25,0,nan,nan,nan,nan,1.0,126.5374245596017,0.009713184154639442,1.550916949065213,159.67132140951196,1.8471312870123962,102.95285089620789,102.95285089620789,326389.59286476194,50,logistic,100.0,stepsize_pilot
manuscript-pilot,L,pilot_logistic_d50_kX1e2_fr-kl,FR--KL,3602226593,58,0.0015657163590374475,500.78681180598437,102.07116527778396,nan,11.672487061918847,3.630787073388062,55.76560001862176,0.1503712046074014,0.9522556954181298,1.7584318342731327,15.580198466554293,24.149370440821983,897.2189541180686,6265.619931129768,6.707871660008095,0.6699783020885661,,nan,nan,nan,nan,nan,0.7000358687205923,0.4606,0.2528479843766336,58,58,58,58,58,0,0,0,116,116,0,1,False,False,0.25,0,nan,nan,nan,nan,1.0,126.5374245596017,0.009713184154639442,1.550916949065213,159.67132140951196,1.8471312870123962,102.95285089620789,102.95285089620789,322531.7172709545,50,logistic,100.0,stepsize_pilot
manuscript-pilot,L,pilot_logistic_d50_kX1e2_fr-kl,FR--KL,3602226593,59,0.0015657163590374475,499.3996219492472,100.6839754210468,nan,11.54277551971822,3.610453996644031,55.015284851466845,0.1480027132308165,0.951417447540174,1.7568771239098695,15.335253997389902,23.793375409049197,876.7733435398783,6192.229427814467,6.816179757006466,0.6786441921140067,,nan,nan,nan,nan,nan,0.7002846478637071,0.4602,0.2529540913031117,59,59,59,59,59,0,0,0,118,118,0,1,False,False,0.25,0,nan,nan,nan,nan,1.0,126.5374245596017,0.009713184154639442,1.550916949065213,159.67132140951196,1.8471312870123962,102.95285089620789,102.95285089620789,318753.83649844566,50,logistic,100.0,stepsize_pilot
manuscript-pilot,L,pilot_logistic_d50_kX1e2_fr-kl,FR--KL,3602226593,60,0.0015657163590374475,498.04385912884914,99.32821260064873,nan,11.41546369413574,3.590435388764065,54.28411794882602,0.14570487938244436,0.9505800246752174,1.7553240058271449,15.097593670634827,23.447711478374174,857.0207491655847,6120.343439679058,6.917921384039801,0.6872019420843571,,nan,nan,nan,nan,nan,0.7005316221450677,0.4602,0.2530592596514236,60,60,60,60,60,0,0,0,120,120,0,1,False,False,0.25,0,nan,nan,nan,nan,1.0,126.5374245596017,0.009713184154639442,1.550916949065213,159.67132140951196,1.8471312870123962,102.95285089620789,102.95285089620789,315053.40278943,50,logistic,100.0,stepsize_pilot
manuscript-pilot,L,pilot_logistic_d50_kX1e2_fr-kl,FR--KL,3602226593,61,0.0015657163590374475,496.7184645588915,98.00281803069112,nan,11.29048206139464,3.5707203543467343,53.5713717535995,0.14347468972755742,0.9497434580605074,1.7537725368383459,14.866907603686705,23.111945398381547,837.9295488083352,6049.914627700691,7.029037271044217,0.6981669620727189,,nan,nan,nan,nan,nan,0.7007767768189821,0.4604,0.25316348855129517,61,61,61,61,61,0,0,0,122,122,0,1,False,False,0.25,0,nan,nan,nan,nan,1.0,126.5374245596017,0.009713184154639442,1.550916949065213,159.67132140951196,1.8471312870123962,102.95285089620789,102.95285089620789,311427.9793002271,50,logistic,100.0,stepsize_pilot
manuscript-pilot,L,pilot_logistic_d50_kX1e2_fr-kl,FR--KL,3602226593,62,0.0015657163590374475,495.4224274769091,96.70678094870868,nan,11.16776395511629,3.5512985924560967,52.87635525029399,0.1413092967104999,0.94890777782487,1.7522227717188472,14.64290293779595,22.78566752937922,819.469936695294,5980.8976884140375,7.150256157037802,0.7093300220440142,,nan,nan,nan,nan,nan,0.7010200998165146,0.4602,0.25326677816575704,62,62,62,62,62,0,0,0,124,124,0,1,False,False,0.25,0,nan,nan,nan,nan,1.0,126.5374245596017,0.009713184154639442,1.550916949065213,159.67132140951196,1.8471312870123962,102.95285089620789,102.95285089620789,307875.2339703813,50,logistic,100.0,stepsize_pilot
manuscript-pilot,L,pilot_logistic_d50_kX1e2_fr-kl,FR--KL,3602226593,63,0.0015657163590374475,494.1547824013305,95.43913587313011,nan,11.047245413184474,3.5321603547518357,52.19841169235374,0.13920600744751102,0.9480730130316313,1.7506747632856599,14.42530269822161,22.468490267602526,801.6137978368097,5913.249242784342,7.271662153012585,0.7202716610627249,,nan,nan,nan,nan,nan,0.7012615815225149,0.4598,0.2533691295924195,63,63,63,63,63,0,0,0,126,126,0,1,False,False,0.25,0,nan,nan,nan,nan,1.0,126.5374245596017,0.009713184154639442,1.550916949065213,159.67132140951196,1.8471312870123962,102.95285089620789,102.95285089620789,304392.9338022442,50,logistic,100.0,stepsize_pilot
manuscript-pilot,L,pilot_logistic_d50_kX1e2_fr-kl,FR--KL,3602226593,64,0.0015657163590374475,492.9146065775691,94.19896004936868,nan,10.928865034700683,3.5132964071317874,51.53691649742954,0.1371622734930181,0.9472391917194172,1.7491285624730297,14.21384474400228,22.160046594089806,784.3345925393398,5846.92773242869,7.390893470030278,0.7296816010493785,,nan,nan,nan,nan,nan,0.7015012145711795,0.459,0.25347054477354614,64,64,64,64,64,0,0,0,128,128,0,1,False,False,0.25,0,nan,nan,nan,nan,1.0,126.5374245596017,0.009713184154639442,1.550916949065213,159.67132140951196,1.8471312870123962,102.95285089620789,102.95285089620789,300978.9395188159,50,logistic,100.0,stepsize_pilot
manuscript-pilot,L,pilot_logistic_d50_kX1e2_fr-kl,FR--KL,3602226593,65,0.0015657163590374475,491.70101759759206,92.98537106939165,nan,10.81256384624454,3.494697994548812,50.89127529625836,0.13517568140082703,0.9464063409409849,1.7475842184043993,14.00828079928103,21.859988736098092,767.6072501274886,5781.893322615625,7.49390568700619,0.7383012110367417,,nan,nan,nan,nan,nan,0.7017389936584619,0.4588,0.25357102641409335,65,65,65,65,65,0,0,0,130,130,0,1,False,False,0.25,0,nan,nan,nan,nan,1.0,126.5374245596017,0.009713184154639442,1.550916949065213,159.67132140951196,1.8471312870123962,102.95285089620789,102.95285089620789,297631.2005705122,50,logistic,100.0,stepsize_pilot
manuscript-pilot,L,pilot_logistic_d50_kX1e2_fr-kl,FR--KL,3602226593,66,0.0015657163590374475,490.5131711792111,91.79752465101069,nan,10.69828517672353,3.4763568087004124,50.260922122207425,0.133243944009565,0.945574486800179,1.746041778460866,13.808375558937593,21.567986931054275,751.4080710369756,5718.1078115240225,7.597180294047575,0.7468834510073066,,nan,nan,nan,nan,nan,0.7019749153698239,0.459,0.2536705779069686,66,66,66,66,66,0,0,0,132,132,0,1,False,False,0.25,0,nan,nan,nan,nan,1.0,126.5374245596017,0.009713184154639442,1.550916949065213,159.67132140951196,1.8471312870123962,102.95285089620789,102.95285089620789,294347.75046413613,50,logistic,100.0,stepsize_pilot
manuscript-pilot,L,pilot_logistic_d50_kX1e2_fr-kl,FR--KL,3602226593,67,0.0015657163590374475,489.3502590925765,90.63461256437608,nan,10.585974540159613,3.4582649583216756,49.64531772977064,0.13136489238877794,0.9447436544871438,1.7445012883463968,13.613905862003659,21.283728284036144,735.7146365260498,5655.534545287545,7.700253501010593,0.7555253810132854,,nan,nan,nan,nan,nan,0.7022089780219635,0.4588,0.2537692032648362,67,67,67,67,67,0,0,0,134,134,0,1,False,False,0.25,0,nan,nan,nan,nan,1.0,126.5374245596017,0.009713184154639442,1.550916949065213,159.67132140951196,1.8471312870123962,102.95285089620789,102.95285089620789,291126.7023896698,50,logistic,100.0,stepsize_pilot
manuscript-pilot,L,pilot_logistic_d50_kX1e2_fr-kl,FR--KL,3602226593,68,0.0015657163590374475,488.21150722248194,89.49586069428153,nan,10.475579525817514,3.440414941840498,49.043948031408135,0.12953646838835883,0.9439138683118817,1.7429627921499347,13.424659926980407,21.006915710667084,720.5057253286622,5594.138338392115,7.811266787000932,0.766658489999827,,nan,nan,nan,nan,nan,0.7024411815172967,0.4584,0.2538669070578683,68,68,68,68,68,0,0,0,136,136,0,1,False,False,0.25,0,nan,nan,nan,nan,1.0,126.5374245596017,0.009713184154639442,1.550916949065213,159.67132140951196,1.8471312870123962,102.95285089620789,102.95285089620789,287966.2451226208,50,logistic,100.0,stepsize_pilot
manuscript-pilot,L,pilot_logistic_d50_kX1e2_fr-kl,FR--KL,3602226593,69,0.0015657163590374475,487.09617375608985,88.38052722788944,nan,10.367049695130502,3.422799622179083,48.45632264310653,0.1277567177395704,0.9430851517362657,1.741426332404626,13.240436643750616,20.737266958100133,705.7612366401677,5533.885399030835,7.931346094002947,0.7776124999509193,,nan,nan,nan,nan,nan,0.7026715272100812,0.4588,0.25396369435689764,69,69,69,69,69,0,0,0,138,138,0,1,False,False,0.25,0,nan,nan,nan,nan,1.0,126.5374245596017,0.009713184154639442,1.550916949065213,159.67132140951196,1.8471312870123962,102.95285089620789,102.95285089620789,284864.6391815607,50,logistic,100.0,stepsize_pilot
manuscript-pilot,L,pilot_logistic_d50_kX1e2_fr-kl,FR--KL,3602226593,70,0.0015657163590374475,486.00354748659976,87.28790095839935,nan,10.26033648492636,3.4054122035079115,47.88197352992329,0.12602378366090503,0.9422575274045794,1.7398919501442929,13.061044917288438,20.47451369747296,691.4621188863331,5474.743259054337,8.050961169996299,0.7881171999615617,,nan,nan,nan,nan,nan,0.702900017783182,0.4578,0.2540595706814846,70,70,70,70,70,0,0,0,140,140,0,1,False,False,0.25,0,nan,nan,nan,nan,1.0,126.5374245596017,0.009713184154639442,1.550916949065213,159.67132140951196,1.8471312870123962,102.95285089620789,102.95285089620789,281820.2132222192,50,logistic,100.0,stepsize_pilot
manuscript-pilot,L,pilot_logistic_d50_kX1e2_fr-kl,FR--KL,3602226593,71,0.0015657163590374475,484.93294622419324,86.21729969599284,nan,10.155393116497942,3.388246209778076,47.32045374357202,0.12433590092647355,0.941431017172684,1.7383596849573872,12.886303058827247,20.218400681847015,677.5903037798224,5416.680708184737,8.169325886992738,0.7990051499800757,,nan,nan,nan,nan,nan,0.7031266571345728,0.4582,0.2541545419524559,71,71,71,71,71,0,0,0,142,142,0,1,False,False,0.25,0,nan,nan,nan,nan,1.0,126.5374245596017,0.009713184154639442,1.550916949065213,159.67132140951196,1.8471312870123962,102.95285089620789,102.95285089620789,278831.36065105355,50,logistic,100.0,stepsize_pilot
manuscript-pilot,L,pilot_logistic_d50_kX1e2_fr-kl,FR--KL,3602226593,72,0.0015657163590374475,483.88371530633475,85.16806877813434,nan,10.05217451010029,3.3712954648752773,46.77133624482034,0.12269139035861414,0.9406056421358769,1.7368295750384553,12.716038220553946,19.968684964207142,664.1286452161114,5359.667732188902,8.288826372998301,0.8101006599608809,,nan,nan,nan,nan,nan,0.7033514502727493,0.4582,0.2542486144485188,72,72,72,72,72,0,0,0,144,144,0,1,False,False,0.25,0,nan,nan,nan,nan,1.0,126.5374245596017,0.009713184154639442,1.550916949065213,159.67132140951196,1.8471312870123962,102.95285089620789,102.95285089620789,275896.5364426294,50,logistic,100.0,stepsize_pilot
manuscript-pilot,L,pilot_logistic_d50_kX1e2_fr-kl,FR--KL,3602226593,73,0.0015657163590374475,482.85522620017343,84.13957967197302,nan,9.950637204491727,3.354554074254348,46.23421280411428,0.12108865370995717,0.9397814226555209,1.7353016572373494,12.550085870264496,19.725135170604666,651.0608626032996,5303.675454731538,8.40888465900207,0.8211492789559998,,nan,nan,nan,nan,nan,0.7035744032203102,0.459,0.2543417947665892,73,73,73,73,73,0,0,0,146,146,0,1,False,False,0.25,0,nan,nan,nan,nan,1.0,126.5374245596017,0.009713184154639442,1.550916949065213,159.67132140951196,1.8471312870123962,102.95285089620789,102.95285089620789,273014.2541464258,50,logistic,100.0,stepsize_pilot
manuscript-pilot,L,pilot_logistic_d50_kX1e2_fr-kl,FR--KL,3602226593,74,0.0015657163590374475,481.846875190393,83.1312286621926,nan,9.85073928116578,3.338016407927003,45.708692974421496,0.11952616890340115,0.938958378384511,1.7337759671062232,12.388289302743583,19.487530823978854,638.3714882585188,5248.6760826512955,8.516050166042987,0.8297412680112757,,nan,nan,nan,nan,nan,0.7037955229250303,0.459,0.2544340897855095,74,74,74,74,74,0,0,0,148,148,0,1,False,False,0.25,0,nan,nan,nan,nan,1.0,126.5374245596017,0.009713184154639442,1.550916949065213,159.67132140951196,1.8471312870123962,102.95285089620789,102.95285089620789,270183.0830698447,50,logistic,100.0,stepsize_pilot
manuscript-pilot,L,pilot_logistic_d50_kX1e2_fr-kl,FR--KL,3602226593,75,0.0015657163590374475,480.8580821464108,82.14243561821041,nan,9.752440292951404,3.32167708468778,45.1944031308087,0.11800248560131561,0.9381365282916367,1.7322525389445675,12.23049918492598,19.255661714599245,626.045818537682,5194.642854423506,8.618603403039742,0.8382771370233968,,nan,nan,nan,nan,nan,0.7040148171778079,0.4594,0.25452550663286044,75,75,75,75,75,0,0,0,150,150,0,1,False,False,0.25,0,nan,nan,nan,nan,1.0,126.5374245596017,0.009713184154639442,1.550916949065213,159.67132140951196,1.8471312870123962,102.95285089620789,102.95285089620789,267401.6456252565,50,logistic,100.0,stepsize_pilot
manuscript-pilot,L,pilot_logistic_d50_kX1e2_fr-kl,FR--KL,3602226593,76,0.0015657163590374475,479.8882893633204,81.17264283511997,nan,9.655701196682184,3.305530957474208,44.69098557173972,0.11651622107787696,0.9373158906849094,1.730731405842202,12.076573132162498,19.02932731343685,614.0698683960934,5141.549991592023,8.721006500010844,0.8469610170577653,,nan,nan,nan,nan,nan,0.7042322945369267,0.4598,0.2546160526546006,76,76,76,76,76,0,0,0,152,152,0,1,False,False,0.25,0,nan,nan,nan,nan,1.0,126.5374245596017,0.009713184154639442,1.550916949065213,159.67132140951196,1.8471312870123962,102.95285089620789,102.95285089620789,264668.6148298853,50,logistic,100.0,stepsize_pilot
manuscript-pilot,L,pilot_logistic_d50_kX1e2_fr-kl,FR--KL,3602226593,77,0.0015657163590374475,478.9369604714261,80.22131394322571,nan,9.560484289660788,3.2895730997670394,44.19809767750734,0.11506605637076935,0.9364964832338929,1.7292125997204972,11.926375313151565,18.808336225101346,602.4303291048147,5089.372652969458,8.823915307002608,0.8557621370418929,,nan,nan,nan,nan,nan,0.7044479642581245,0.4602,0.2547057353872893,77,77,77,77,77,0,0,0,154,154,0,1,False,False,0.25,0,nan,nan,nan,nan,1.0,126.5374245596017,0.009713184154639442,1.550916949065213,159.67132140951196,1.8471312870123962,102.95285089620789,102.95285089620789,261982.71194820036,50,logistic,100.0,stepsize_pilot
manuscript-pilot,L,pilot_logistic_d50_kX1e2_fr-kl,FR--KL,3602226593,78,0.0015657163590374475,478.0035794096282,79.28793288142776,nan,9.46675314966507,3.273798792945188,43.71541112159806,0.11365073269057241,0.9356783229911113,1.7276961513718532,11.779776081313084,18.592505677278297,591.1145288725712,5038.086891420858,8.928353074006736,0.8649176870239899,,nan,nan,nan,nan,nan,0.7046618362300001,0.4602,0.2547945625326752,78,78,78,78,78,0,0,0,156,156,0,1,False,False,0.25,0,nan,nan,nan,nan,1.0,126.5374245596017,0.009713184154639442,1.550916949065213,159.67132140951196,1.8471312870123962,102.95285089620789,102.95285089620789,259342.7042672946,50,logistic,100.0,stepsize_pilot
manuscript-pilot,L,pilot_logistic_d50_kX1e2_fr-kl,FR--KL,3602226593,79,0.0015657163590374475,477.0876494582914,78.37200293009101,nan,9.374472578261853,3.2582035145179336,43.242611131138744,0.11226904806805577,0.9348614264125583,1.7261820904975014,11.636651630574642,18.381661043867712,580.1103961451433,4987.669613059822,9.035834891023114,0.8734877370297909,,nan,nan,nan,nan,nan,0.7048739209143363,0.46,0.2548825419344472,79,79,79,79,79,0,0,0,158,158,0,1,False,False,0.25,0,nan,nan,nan,nan,1.0,126.5374245596017,0.009713184154639442,1.550916949065213,159.67132140951196,1.8471312870123962,102.95285089620789,102.95285089620789,256747.40299644647,50,logistic,100.0,stepsize_pilot
manuscript-pilot,L,pilot_logistic_d50_kX1e2_fr-kl,FR--KL,3602226593,80,0.0015657163590374475,476.1886923275732,77.47304579937281,nan,9.283608547212935,3.242782927164013,42.77939579289145,0.11091985422130651,0.934045809377375,1.7246704457437676,11.496883673715958,18.17563539926718,569.4064253743908,4938.098538699229,9.139289618004113,0.88204176700674,,nan,nan,nan,nan,nan,0.7050842292909497,0.4602,0.254969681556969,80,80,80,80,80,0,0,0,160,160,0,1,False,False,0.25,0,nan,nan,nan,nan,1.0,126.5374245596017,0.009713184154639442,1.550916949065213,159.67132140951196,1.8471312870123962,102.95285089620789,102.95285089620789,254195.661282741,50,logistic,100.0,stepsize_pilot
manuscript-pilot,L,pilot_logistic_d50_kX1e2_fr-kl,FR--KL,3602226593,81,0.0015657163590374475,475.30624729749456,76.59060076929416,nan,9.194128147772664,3.227532868513602,42.32547540155101,0.10960205362615927,0.933231487206725,1.7231612447368592,11.360359141575401,17.97426910146134,558.9916450670528,4889.352167410369,9.242419275047723,0.8907538970233873,,nan,nan,nan,nan,nan,0.7052927728067141,0.4602,0.25505598946582797,81,81,81,81,81,0,0,0,162,162,0,1,False,False,0.25,0,nan,nan,nan,nan,1.0,126.5374245596017,0.009713184154639442,1.550916949065213,159.67132140951196,1.8471312870123962,102.95285089620789,102.95285089620789,251686.37233522438,50,logistic,100.0,stepsize_pilot
manuscript-pilot,L,pilot_logistic_d50_kX1e2_fr-kl,FR--KL,3602226593,82,0.0015657163590374475,474.43987040632504,75.72422387812463,nan,9.105999542693286,3.212449341614903,41.88057184736198,0.1083145967747948,0.9324184746819099,1.7216545141162078,11.22696990156635,17.777409401777206,548.8555879399796,4841.409742055343,9.34618308203062,0.8993003870127723,,nan,nan,nan,nan,nan,0.7054995633284314,0.4602,0.25514147381005015,82,82,82,82,82,0,0,0,164,164,0,1,False,False,0.25,0,nan,nan,nan,nan,1.0,126.5374245596017,0.009713184154639442,1.550916949065213,159.67132140951196,1.8471312870123962,102.95285089620789,102.95285089620789,249218.4676506351,50,logistic,100.0,stepsize_pilot
manuscript-pilot,L,pilot_logistic_d50_kX1e2_fr-kl,FR--KL,3602226593,83,0.0015657163590374475,473.58913368411123,74.87348715591082,nan,9.019191920765802,3.1975285060322345,41.444418040309756,0.10705647960864943,0.9316067860617663,1.720150279566511,11.096612494080933,17.584910079344198,538.9882630231594,4794.251216667344,9.449604828027077,0.9079623459838331,,nan,nan,nan,nan,nan,0.7057046130992538,0.4598,0.255226142805841,83,83,83,83,83,0,0,0,166,166,0,1,False,False,0.25,0,nan,nan,nan,nan,1.0,126.5374245596017,0.009713184154639442,1.550916949065213,159.67132140951196,1.8471312870123962,102.95285089620789,102.95285089620789,246790.9153342573,50,logistic,100.0,stepsize_pilot
manuscript-pilot,L,pilot_logistic_d50_kX1e2_fr-kl,FR--KL,3602226593,84,0.0015657163590374475,472.7536244284146,74.03797790021417,nan,8.933675453738262,3.18276666952715,41.0167573683581,0.10582674111291461,0.93079643509938,1.7186485658484956,10.969187885476519,17.396631098460148,529.3801295653335,4747.8572255626805,9.552661655005068,0.9165593649959192,,nan,nan,nan,nan,nan,0.7059079346983855,0.4598,0.25531000472172827,84,84,84,84,84,0,0,0,168,168,0,1,False,False,0.25,0,nan,nan,nan,nan,1.0,126.5374245596017,0.009713184154639442,1.550916949065213,159.67132140951196,1.8471312870123962,102.95285089620789,102.95285089620789,244402.7185099181,50,logistic,100.0,stepsize_pilot
manuscript-pilot,L,pilot_logistic_d50_kX1e2_fr-kl,FR--KL,3602226593,85,0.0015657163590374475,471.9329445195453,73.21729799134488,nan,8.849421255463753,3.1681602802783204,40.59734318740322,0.10462446106096016,0.9299874350581415,1.717149396828436,10.844601236447808,17.212438287212393,520.0220726092077,4702.209054076706,9.655566652014386,0.925097253988497,,nan,nan,nan,nan,nan,0.7061095410038122,0.4596,0.25539306786499083,85,85,85,85,85,0,0,0,170,170,0,1,False,False,0.25,0,nan,nan,nan,nan,1.0,126.5374245596017,0.009713184154639442,1.550916949065213,159.67132140951196,1.8471312870123962,102.95285089620789,102.95285089620789,242052.91381357808,50,logistic,100.0,stepsize_pilot
manuscript-pilot,L,pilot_logistic_d50_kX1e2_fr-kl,FR--KL,3602226593,86,0.0015657163590374475,471.1267097727749,72.4110632445745,nan,8.76640134314162,3.153705919599724,40.185938340795246,0.10344875789795631,0.9291797987271857,1.715652795506582,10.72276168468428,17.03220303583707,510.90538011420244,4657.288610823547,9.762620969035197,0.9360000140150078,,nan,nan,nan,nan,nan,0.7063094451578313,0.4594,0.2554753405692685,86,86,86,86,86,0,0,0,172,172,0,1,False,False,0.25,0,nan,nan,nan,nan,1.0,126.5374245596017,0.009713184154639442,1.550916949065213,159.67132140951196,1.8471312870123962,102.95285089620789,102.95285089620789,239740.56996536106,50,logistic,100.0,stepsize_pilot
manuscript-pilot,L,pilot_logistic_d50_kX1e2_fr-kl,FR--KL,3602226593,87,0.0015657163590374475,470.3345493251962,71.61890279699577,nan,8.684588600524595,3.139400295120091,39.782314706442946,0.10229878675384013,0.9283735384362425,1.7141587840444446,10.60358214080156,16.855802013421897,502.021721514766,4613.0784013865705,9.882072986045387,0.9468945940025151,,nan,nan,nan,nan,nan,0.7065076605351698,0.4598,0.2555568311832575,87,87,87,87,87,0,0,0,174,174,0,1,False,False,0.25,0,nan,nan,nan,nan,1.0,126.5374245596017,0.009713184154639442,1.550916949065213,159.67132140951196,1.8471312870123962,102.95285089620789,102.95285089620789,237464.78641523348,50,logistic,100.0,stepsize_pilot
manuscript-pilot,L,pilot_logistic_d50_kX1e2_fr-kl,FR--KL,3602226593,88,0.0015657163590374475,469.55610505506456,70.84045852686415,nan,8.603956742973528,3.125240234389697,39.38625276966877,0.10117373757654893,0.9275686660699172,1.7126673837910686,10.486979096615828,16.68311690166874,493.3631276113428,4569.56150335306,9.986941481998656,0.9554356330190785,,nan,nan,nan,nan,nan,0.7067042007134984,0.46,0.2556375480604032,88,88,88,88,88,0,0,0,176,176,0,1,False,False,0.25,0,nan,nan,nan,nan,1.0,126.5374245596017,0.009713184154639442,1.550916949065213,159.67132140951196,1.8471312870123962,102.95285089620789,102.95285089620789,235224.69205787877,50,logistic,100.0,stepsize_pilot
manuscript-pilot,L,pilot_logistic_d50_kX1e2_fr-kl,FR--KL,3602226593,89,0.0015657163590374475,468.791031031613,70.07538450341258,nan,8.524480284250025,3.1112226788833963,38.997541220118926,0.10007283337716955,0.926765193081442,1.7111786153082753,10.372872444904166,16.51403414453381,484.9219716993957,4526.721542612552,10.089611629024148,0.9640405719983391,,nan,nan,nan,nan,nan,0.7068990794461625,0.4602,0.2557174995495093,89,89,89,89,89,0,0,0,178,178,0,1,False,False,0.25,0,nan,nan,nan,nan,1.0,126.5374245596017,0.009713184154639442,1.550916949065213,159.67132140951196,1.8471312870123962,102.95285089620789,102.95285089620789,233019.4440126203,50,logistic,100.0,stepsize_pilot
manuscript-pilot,L,pilot_logistic_d50_kX1e2_fr-kl,FR--KL,3602226593,90,0.0015657163590374475,468.0389929934693,69.32334646526891,nan,8.446134504944322,3.0973446783713485,38.615976571160196,0.09899532857929709,0.925963130505912,1.7096924983949895,10.261185309860181,16.348444712655475,476.69095184939465,4484.542670843837,10.192138476006221,0.9727231209981255,,nan,nan,nan,nan,nan,0.7070923106369659,0.4604,0.255796693986191,90,90,90,90,90,0,0,0,180,180,0,1,False,False,0.25,0,nan,nan,nan,nan,1.0,126.5374245596017,0.009713184154639442,1.550916949065213,159.67132140951196,1.8471312870123962,102.95285089620789,102.95285089620789,230848.22646453293,50,logistic,100.0,stepsize_pilot
manuscript-pilot,L,pilot_logistic_d50_kX1e2_fr-kl,FR--KL,3602226593,91,0.0015657163590374475,467.29966785394316,68.58402132574275,nan,8.36889542244276,3.083603385631224,38.24136280031091,0.09794050746550031,0.9251624889730292,1.7082090521106519,10.151843887516337,16.186243881564348,468.6630742575953,4443.009544120712,10.295541942992713,0.9812784499954432,,nan,nan,nan,nan,nan,0.7072839083168562,0.4602,0.2558751396851027,91,91,91,91,91,0,0,0,182,182,0,1,False,False,0.25,0,nan,nan,nan,nan,1.0,126.5374245596017,0.009713184154639442,1.550916949065213,159.67132140951196,1.8471312870123962,102.95285089620789,102.95285089620789,228710.24956314333,50,logistic,100.0,stepsize_pilot
manuscript-pilot,L,pilot_logistic_d50_kX1e2_fr-kl,FR--KL,3602226593,92,0.0015657163590374475,466.5727432315608,67.85709670336041,nan,8.29273976234629,3.0699960514777915,37.87351100935986,0.09690768271433603,0.9243632787193881,1.7067282947977742,10.04477729545968,16.027331022747333,460.83163759368614,4402.107302571286,10.397646940022241,0.9899813099764287,,nan,nan,nan,nan,nan,0.7074738866223732,0.4602,0.2559528449328803,92,92,92,92,92,0,0,0,184,184,0,1,False,False,0.25,0,nan,nan,nan,nan,1.0,126.5374245596017,0.009713184154639442,1.550916949065213,159.67132140951196,1.8471312870123962,102.95285089620789,102.95285089620789,226604.74837536397,50,logistic,100.0,stepsize_pilot
manuscript-pilot,L,pilot_logistic_d50_kX1e2_fr-kl,FR--KL,3602226593,93,0.0015657163590374475,465.8579170043475,67.14227047614708,nan,8.217644931256267,3.0565200200877016,37.51223910292489,0.0958961940218477,0.9235655096003105,1.7052502441036559,9.939917431219305,15.871609406707728,453.1902182771124,4361.821551030008,10.500031256990042,0.9986798099707812,,nan,nan,nan,nan,nan,0.7076622597757312,0.4606,0.25602981798173896,93,93,93,93,93,0,0,0,186,186,0,1,False,False,0.25,0,nan,nan,nan,nan,1.0,126.5374245596017,0.009713184154639442,1.550916949065213,159.67132140951196,1.8471312870123962,102.95285089620789,102.95285089620789,224530.98188952854,50,logistic,100.0,stepsize_pilot
manuscript-pilot,L,pilot_logistic_d50_kX1e2_fr-kl,FR--KL,3602226593,94,0.0015657163590374475,465.1548968864499,66.43925035824947,nan,8.143588990850281,3.043172724599051,37.1573714842924,0.0949054068019486,0.9227691911012548,1.703774917001335,9.83719883875049,15.718986017228483,445.7326566191442,4322.138340625595,10.601760304009076,1.0074460299802013,,nan,nan,nan,nan,nan,0.7078490420664175,0.4606,0.2561060670436763,94,94,94,94,94,0,0,0,188,188,0,1,False,False,0.25,0,nan,nan,nan,nan,1.0,126.5374245596017,0.009713184154639442,1.550916949065213,159.67132140951196,1.8471312870123962,102.95285089620789,102.95285089620789,222488.23206760437,50,logistic,100.0,stepsize_pilot
manuscript-pilot,L,pilot_logistic_d50_kX1e2_fr-kl,FR--KL,3602226593,95,0.0015657163590374475,464.4634000257945,65.74775349759409,nan,8.070550633175538,3.0299516829669018,36.8087387674617,0.0939347109605016,0.9219743323488229,1.7023023298097615,9.736558582483772,15.569371376104417,438.45304377251216,4283.044151251788,10.703481301025022,1.0160144999972545,,nan,nan,nan,nan,nan,0.7080342478341961,0.4606,0.2561816002852309,95,95,95,95,95,0,0,0,190,190,0,1,False,False,0.25,0,nan,nan,nan,nan,1.0,126.5374245596017,0.009713184154639442,1.550916949065213,159.67132140951196,1.8471312870123962,102.95285089620789,102.95285089620789,220475.80294284955,50,logistic,100.0,stepsize_pilot
manuscript-pilot,L,pilot_logistic_d50_kX1e2_fr-kl,FR--KL,3602226593,96,0.0015657163590374475,463.7831526215572,65.06750609335677,nan,7.998509157091685,3.016854494057391,36.46617750439441,0.09298351973830175,0.921180942121372,1.700832498213291,9.637936128446151,15.422679377663943,431.34570943488416,4244.5258748712595,10.811048178002238,1.0270236500073224,,nan,nan,nan,nan,nan,0.708217891453417,0.4606,0.2562564258227538,96,96,96,96,96,0,0,0,192,192,0,1,False,False,0.25,0,nan,nan,nan,nan,1.0,126.5374245596017,0.009713184154639442,1.550916949065213,159.67132140951196,1.8471312870123962,102.95285089620789,102.95285089620789,218493.0197603578,50,logistic,100.0,stepsize_pilot
manuscript-pilot,L,pilot_logistic_d50_kX1e2_fr-kl,FR--KL,3602226593,97,0.0015657163590374475,463.1138895603088,64.39824303210838,nan,7.9274444457998605,3.003878833964408,36.129529926538424,0.0920512686185023,0.9203890288592621,1.69936543728042,9.54127323199798,15.278827132450227,424.40521025638,4206.570799606293,10.93004246399505,1.0379621390020475,,nan,nan,nan,nan,nan,0.7083999873185367,0.4606,0.25633055171815083,97,97,97,97,97,0,0,0,194,194,0,1,False,False,0.25,0,nan,nan,nan,nan,1.0,126.5374245596017,0.009713184154639442,1.550916949065213,159.67132140951196,1.8471312870123962,102.95285089620789,102.95285089620789,216539.22815810356,50,logistic,100.0,stepsize_pilot
manuscript-pilot,L,pilot_logistic_d50_kX1e2_fr-kl,FR--KL,3602226593,98,0.0015657163590374475,462.455354069767,63.73970754156659,nan,7.8573369453982735,2.991022452534039,35.79864369976147,0.09113741429437047,0.9195986006747385,1.6979011614819706,9.446513831762685,15.137734819477894,417.62631890512137,4169.1665945727145,11.049623591010459,1.0491313189850189,,nan,nan,nan,nan,nan,0.7085805498307635,0.4598,0.2564039859750594,98,98,98,98,98,0,0,0,196,196,0,1,False,False,0.25,0,nan,nan,nan,nan,1.0,126.5374245596017,0.009713184154639442,1.550916949065213,159.67132140951196,1.8471312870123962,102.95285089620789,102.95285089620789,214613.79338624698,50,logistic,100.0,stepsize_pilot
manuscript-pilot,L,pilot_logistic_d50_kX1e2_fr-kl,FR--KL,3602226593,99,0.0015657163590374475,461.80729738916267,63.09165086096226,nan,7.788167644408921,2.9782831700830563,35.473371691887905,0.090241433693539,0.91880966536148,1.6964396847085559,9.35360394935615,14.999325546523114,411.00401374811776,4132.301295416381,11.169200847041793,1.0602226879564114,,nan,nan,nan,nan,nan,0.7087595933857487,0.4598,0.25647673653542524,99,99,99,99,99,0,0,0,198,198,0,1,False,False,0.25,0,nan,nan,nan,nan,1.0,126.5374245596017,0.009713184154639442,1.550916949065213,159.67132140951196,1.8471312870123962,102.95285089620789,102.95285089620789,212716.09956260398,50,logistic,100.0,stepsize_pilot
manuscript-pilot,L,pilot_logistic_d50_kX1e2_fr-kl,FR--KL,3602226593,100,0.0015657163590374475,461.1694784552888,62.4538319270884,nan,7.719918054223156,2.965658874298829,35.15357175208801,0.08936282305520254,0.9180222304038226,1.6949810202874747,9.26249159455157,14.863525217943856,404.5334691079337,4095.963290514062,11.289370323996991,1.0712275979458354,,nan,nan,nan,nan,nan,0.7089371323622466,0.4596,0.2565488112764468,100,100,100,100,100,0,0,0,200,200,0,1,False,False,0.25,0,nan,nan,nan,nan,1.0,126.5374245596017,0.009713184154639442,1.550916949065213,159.67132140951196,1.8471312870123962,102.95285089620789,102.95285089620789,210845.54896231688,50,logistic,100.0,stepsize_pilot
manuscript-pilot,L,pilot_logistic_d50_kX1e2_fr-kl,FR--KL,3602226593,101,0.0015657163590374475,460.5416636033585,61.82601707515806,nan,7.652570190416977,2.9531475173088944,34.83910650141946,0.0885010970569598,0.9172363029856594,1.6935251809990173,9.17312667554065,14.730262409562496,398.21004605841006,4060.141307802913,11.409303640015423,1.082215207919944,,nan,nan,nan,nan,nan,0.7091131811116795,0.4596,0.256620218007859,101,101,101,101,101,0,0,0,202,202,0,1,False,False,0.25,0,nan,nan,nan,nan,1.0,126.5374245596017,0.009713184154639442,1.550916949065213,159.67132140951196,1.8471312870123962,102.95285089620789,102.95285089620789,209001.5613398832,50,logistic,100.0,stepsize_pilot
manuscript-pilot,L,pilot_logistic_d50_kX1e2_fr-kl,FR--KL,3602226593,102,0.0015657163590374475,459.9236262818587,61.207979753658265,nan,7.586106554890323,2.940747112909327,34.52984313386778,0.08765578798822514,0.9164518899990546,1.6920721790922655,9.085460913976513,14.59946825017588,392.02928372540526,4024.824402204993,11.529360517044552,1.0930986179155298,,nan,nan,nan,nan,nan,0.7092877539485382,0.4596,0.2566909644695288,102,102,102,102,102,0,0,0,204,204,0,1,False,False,0.25,0,nan,nan,nan,nan,1.0,126.5374245596017,0.009713184154639442,1.550916949065213,159.67132140951196,1.8471312870123962,102.95285089620789,102.95285089620789,207183.5732818141,50,logistic,100.0,stepsize_pilot
manuscript-pilot,L,pilot_logistic_d50_kX1e2_fr-kl,FR--KL,3602226593,103,0.0015657163590374475,459.3151467806326,60.599500252432165,nan,7.520510118787162,2.9284557339418336,34.22565322727593,0.08682644496736115,0.9156689980525565,1.6906220263002856,8.999447764505076,14.471076309288325,385.98689106084913,3990.001943615274,11.647410203004256,1.1040518479421735,,nan,nan,nan,nan,nan,0.7094608651415644,0.4606,0.2567610583293379,103,103,103,103,103,0,0,0,206,206,0,1,False,False,0.25,0,nan,nan,nan,nan,1.0,126.5374245596017,0.009713184154639442,1.550916949065213,159.67132140951196,1.8471312870123962,102.95285089620789,102.95285089620789,205391.03758830077,50,logistic,100.0,stepsize_pilot
manuscript-pilot,L,pilot_logistic_d50_kX1e2_fr-kl,FR--KL,3602226593,104,0.0015657163590374475,458.71601197147567,60.00036544327526,nan,7.455764306155866,2.9162715098102163,33.92641256359338,0.08601263319987351,0.9148876334792505,1.6891747338548901,8.915042338512356,14.345022490690738,380.0787390607282,3955.6636054235473,11.768009209015872,1.1151981269358657,,nan,nan,nan,nan,nan,0.7096325289056564,0.4606,0.2568305071813298,104,104,104,104,104,0,0,0,208,208,0,1,False,False,0.25,0,nan,nan,nan,nan,1.0,126.5374245596017,0.009713184154639442,1.550916949065213,159.67132140951196,1.8471312870123962,102.95285089620789,102.95285089620789,203623.42268236258,50,logistic,100.0,stepsize_pilot
manuscript-pilot,L,pilot_logistic_d50_kX1e2_fr-kl,FR--KL,3602226593,105,0.0015657163590374475,458.1260150605705,59.410368532370114,nan,7.391852978311565,2.904192624127515,33.63200095791237,0.0852139332751867,0.9141078023445282,1.6877303125008438,8.83220133183345,14.221244931534873,374.3008533995959,3921.799353542415,11.888283566047903,1.1262351369368844,,nan,nan,nan,nan,nan,0.7098027593944501,0.461,0.25689931854410053,105,105,105,105,105,0,0,0,210,210,0,1,False,False,0.25,0,nan,nan,nan,nan,1.0,126.5374245596017,0.009713184154639442,1.550916949065213,159.67132140951196,1.8471312870123962,102.95285089620789,102.95285089620789,201880.21204504767,50,logistic,100.0,stepsize_pilot
manuscript-pilot,L,pilot_logistic_d50_kX1e2_fr-kl,FR--KL,3602226593,106,0.0015657163590374475,457.54495535213107,58.82930882393066,nan,7.328760418865037,2.8922173124857657,33.34230209579331,0.0844299404996985,0.9133295104536227,1.6862887725096627,8.750882956186537,14.099683906575693,368.64940745615377,3888.3994359151734,12.009252582036424,1.1373171259183437,,nan,nan,nan,nan,nan,0.7099715706935258,0.4608,0.2569674998594124,106,106,106,106,106,0,0,0,212,212,0,1,False,False,0.25,0,nan,nan,nan,nan,1.0,126.5374245596017,0.009713184154639442,1.550916949065213,159.67132140951196,1.8471312870123962,102.95285089620789,102.95285089620789,200160.90367533616,50,logistic,100.0,stepsize_pilot
manuscript-pilot,L,pilot_logistic_d50_kX1e2_fr-kl,FR--KL,3602226593,107,0.0015657163590374475,456.97263802266235,58.25699149446194,nan,7.266471319384,2.880343860340872,33.057203378413796,0.08366026426396335,0.9125527633588798,1.684850123692911,8.671046874111122,13.980281737276593,363.1207157061616,3855.454372479015,12.12923826900078,1.1483555759186856,,nan,nan,nan,nan,nan,0.7101389768141986,0.4612,0.25703505849101455,107,107,107,107,107,0,0,0,214,214,0,1,False,False,0.25,0,nan,nan,nan,nan,1.0,126.5374245596017,0.009713184154639442,1.550916949065213,159.67132140951196,1.8471312870123962,102.95285089620789,102.95285089620789,198465.00957348172,50,logistic,100.0,stepsize_pilot
manuscript-pilot,L,pilot_logistic_d50_kX1e2_fr-kl,FR--KL,3602226593,108,0.0015657163590374475,456.4088739052792,57.69322737707881,nan,7.204970765655445,2.868570601005595,32.77659577510482,0.08290452744198641,0.911777566366816,1.6834143754151092,8.592654137204335,13.862982705492806,357.7112274605991,3822.954945560348,12.248935485025868,1.1593184759258293,,nan,nan,nan,nan,nan,0.7103049916878508,0.4614,0.25710200172365155,108,108,108,108,108,0,0,0,216,216,0,1,False,False,0.25,0,nan,nan,nan,nan,1.0,126.5374245596017,0.009713184154639442,1.550916949065213,159.67132140951196,1.8471312870123962,102.95285089620789,102.95285089620789,196792.05524659684,50,logistic,100.0,stepsize_pilot
manuscript-pilot,L,pilot_logistic_d50_kX1e2_fr-kl,FR--KL,3602226593,109,0.0015657163590374475,455.8534792835606,57.13783275536019,nan,7.144244224518558,2.856895913744177,32.50037368286581,0.08216236582076905,0.9110039245449311,1.681981536606204,8.51566712746307,13.747732971466988,352.41752092842137,3790.8921906804358,12.367181252047885,1.170218335930258,,nan,nan,nan,nan,nan,0.7104696291607705,0.4614,0.25716833676224693,109,109,109,109,109,0,0,0,218,218,0,1,False,False,0.25,0,nan,nan,nan,nan,1.0,126.5374245596017,0.009713184154639442,1.550916949065213,159.67132140951196,1.8471312870123962,102.95285089620789,102.95285089620789,195141.5792353602,50,logistic,100.0,stepsize_pilot
manuscript-pilot,L,pilot_logistic_d50_kX1e2_fr-kl,FR--KL,3602226593,110,0.0015657163590374475,455.30627569444545,56.59062916624504,nan,7.08427753124074,2.8453182219625326,32.22843479247563,0.08143342755834007,0.910231842728321,1.6805516157736473,8.440049501552116,13.634480495888631,347.2362975847253,3759.257387750802,12.487917257996742,1.1812326859217137,,nan,nan,nan,nan,nan,0.7106329029894568,0.4614,0.2572340707312458,110,110,110,110,110,0,0,0,220,220,0,1,False,False,0.25,0,nan,nan,nan,nan,1.0,126.5374245596017,0.009713184154639442,1.550916949065213,159.67132140951196,1.8471312870123962,102.95285089620789,102.95285089620789,193513.13266078747,50,logistic,100.0,stepsize_pilot
manuscript-pilot,L,pilot_logistic_d50_kX1e2_fr-kl,FR--KL,3602226593,111,0.0015657163590374475,454.7670897397093,56.05144321150891,nan,7.025056877409588,2.833835991488367,31.960679960840498,0.08071737266864479,0.9094613255260686,1.679124621014082,8.365766137830468,13.523174965784913,342.1643768263407,3728.042052639031,12.608480174036231,1.192246254940983,,nan,nan,nan,nan,nan,0.7107948268363645,0.4612,0.25729921067410444,111,111,111,111,111,0,0,0,222,222,0,1,False,False,0.25,0,nan,nan,nan,nan,1.0,126.5374245596017,0.009713184154639442,1.550916949065213,159.67132140951196,1.8471312870123962,102.95285089620789,102.95285089620789,191906.2787900688,50,logistic,100.0,stepsize_pilot
manuscript-pilot,L,pilot_logistic_d50_kX1e2_fr-kl,FR--KL,3602226593,112,0.0015657163590374475,454.23575290558347,55.52010637738306,nan,6.96656879931593,2.822447728935949,31.697013089241967,0.08001387253175951,0.9086923773274491,1.6777005600246895,8.292783085978526,13.413767724025798,337.1986908981064,3697.2379290866857,12.727692471002229,1.2031346049625427,,nan,nan,nan,nan,nan,0.7109554142660535,0.4614,0.25736376355291407,112,112,112,112,112,0,0,0,224,224,0,1,False,False,0.25,0,nan,nan,nan,nan,1.0,126.5374245596017,0.009713184154639442,1.550916949065213,159.67132140951196,1.8471312870123962,102.95285089620789,102.95285089620789,190320.59262053232,50,logistic,100.0,stepsize_pilot
manuscript-pilot,L,pilot_logistic_d50_kX1e2_fr-kl,FR--KL,3602226593,113,0.0015657163590374475,453.7121013901055,54.99645486190508,nan,6.908800166804309,2.811151980150632,31.437341007168904,0.0793226094279959,0.9079250023079284,1.6762794401141508,8.221067519079464,13.306211702240098,332.33628007415297,3666.8369809621186,12.83675304800272,1.2116703849751502,,nan,nan,nan,nan,nan,0.7111146787417165,0.4612,0.25742773624814835,113,113,113,113,113,0,0,0,226,226,0,1,False,False,0.25,0,nan,nan,nan,nan,1.0,126.5374245596017,0.009713184154639442,1.550916949065213,159.67132140951196,1.8471312870123962,102.95285089620789,102.95285089620789,188755.6604808464,50,logistic,100.0,stepsize_pilot
manuscript-pilot,L,pilot_logistic_d50_kX1e2_fr-kl,FR--KL,3602226593,114,0.0015657163590374475,453.19597593781697,54.48032940961656,nan,6.851738172568536,2.7999473287285266,31.181573361436445,0.07864327609456097,0.9071592044349859,1.6748612682132733,8.150587688016822,13.200461356951951,327.57428807955,3636.831384831887,12.938609355012886,1.2202165249618702,,nan,nan,nan,nan,nan,0.7112726336220591,0.4618,0.25749113555852365,114,114,114,114,114,0,0,0,228,228,0,1,False,False,0.25,0,nan,nan,nan,nan,1.0,126.5374245596017,0.009713184154639442,1.550916949065213,159.67132140951196,1.8471312870123962,102.95285089620789,102.95285089620789,187211.0796486226,50,logistic,100.0,stepsize_pilot
manuscript-pilot,L,pilot_logistic_d50_kX1e2_fr-kl,FR--KL,3602226593,115,0.0015657163590374475,452.68722168143796,53.97157515323755,nan,6.795370321871079,2.788832394607037,30.929622510312893,0.0779755753035081,0.9063949874737549,1.6734460508853113,8.081312878059732,13.096472608759555,322.9099577386162,3607.213522835441,13.04133177100448,1.2287072339677252,,nan,nan,nan,nan,nan,0.7114292921585058,0.4614,0.2575539682009628,115,115,115,115,115,0,0,0,230,230,0,1,False,False,0.25,0,nan,nan,nan,nan,1.0,126.5374245596017,0.009713184154639442,1.550916949065213,159.67132140951196,1.8471312870123962,102.95285089620789,102.95285089620789,185686.45798363033,50,logistic,100.0,stepsize_pilot
manuscript-pilot,L,pilot_logistic_d50_kX1e2_fr-kl,FR--KL,3602226593,116,0.0015657163590374475,452.18568799018084,53.47004146198043,nan,6.739684422666583,2.7778058327222532,30.681403422392435,0.077319219459812,0.9056323549924941,1.6720337943359416,8.01321336751486,12.994202784388712,318.3406268370642,3577.9759758485297,13.14338151802076,1.2372794229886495,,nan,nan,nan,nan,nan,0.7115846674927109,0.4616,0.25761624081065393,116,116,116,116,116,0,0,0,232,232,0,1,False,False,0.25,0,nan,nan,nan,nan,1.0,126.5374245596017,0.009713184154639442,1.550916949065213,159.67132140951196,1.8471312870123962,102.95285089620789,102.95285089620789,184181.41357587316,50,logistic,100.0,stepsize_pilot
manuscript-pilot,L,pilot_logistic_d50_kX1e2_fr-kl,FR--KL,3602226593,117,0.0015657163590374475,451.6912283243711,52.97558179617067,nan,6.684668576110246,2.766866331729444,30.436833579966844,0.07667393021845399,0.9048713103678886,1.6706245044229624,7.9462603883316545,12.893610561464635,313.863724185987,3549.1115169216478,13.250817035033833,1.2482045919750817,,nan,nan,nan,nan,nan,0.7117387726543526,0.462,0.2576779599411944,117,117,117,117,117,0,0,0,234,234,0,1,False,False,0.25,0,nan,nan,nan,nan,1.0,126.5374245596017,0.009713184154639442,1.550916949065213,159.67132140951196,1.8471312870123962,102.95285089620789,102.95285089620789,182695.57440782367,50,logistic,100.0,stepsize_pilot
manuscript-pilot,L,pilot_logistic_d50_kX1e2_fr-kl,FR--KL,3602226593,118,0.0015657163590374475,451.203700096075,52.4880535678746,nan,6.630311167433855,2.7560126127831435,30.195832886664203,0.07603943811949061,0.9041118567901959,1.6692181866656806,7.880426088554919,12.794655915854637,309.47676587641325,3520.6131049805185,13.369613872026093,1.2591827219584957,,nan,nan,nan,nan,nan,0.711891620559189,0.4618,0.25773913206481563,118,118,118,118,118,0,0,0,236,236,0,1,False,False,0.25,0,nan,nan,nan,nan,1.0,126.5374245596017,0.009713184154639442,1.550916949065213,159.67132140951196,1.8471312870123962,102.95285089620789,102.95285089620789,181228.57803014677,50,logistic,100.0,stepsize_pilot
manuscript-pilot,L,pilot_logistic_d50_kX1e2_fr-kl,FR--KL,3602226593,119,0.0015657163590374475,450.72296453544027,52.00731800723986,nan,6.576600857171559,2.7452434283735343,29.95832357913592,0.07541548224013085,0.903353997268241,1.6678148462540294,7.815683496524766,12.697300071443832,305.1773517139029,3492.4738787763645,13.490041838027537,1.2701112219365314,,nan,nan,nan,nan,nan,0.7120432240073596,0.462,0.25779976357267803,119,119,119,119,119,0,0,0,238,238,0,1,False,False,0.25,0,nan,nan,nan,nan,1.0,126.5374245596017,0.009713184154639442,1.550916949065213,159.67132140951196,1.8471312870123962,102.95285089620789,102.95285089620789,179780.0712502813,50,logistic,100.0,stepsize_pilot
manuscript-pilot,L,pilot_logistic_d50_kX1e2_fr-kl,FR--KL,3602226593,120,0.0015657163590374475,450.24888656247754,51.53324003427713,nan,6.523526572720707,2.734557561216059,29.724230142586585,0.07480180986290501,0.9025977346342513,1.66641448805739,7.752006486730373,12.601505452213882,300.9631618232836,3464.687151074336,13.609523365041241,1.2810411919490434,,nan,nan,nan,nan,nan,0.7121935956819141,0.4626,0.2578598607752322,120,120,120,120,120,0,0,0,240,240,0,1,False,False,0.25,0,nan,nan,nan,nan,1.0,126.5374245596017,0.009713184154639442,1.550916949065213,159.67132140951196,1.8471312870123962,102.95285089620789,102.95285089620789,178349.7098332811,50,logistic,100.0,stepsize_pilot
manuscript-pilot,L,pilot_logistic_d50_kX1e2_fr-kl,FR--KL,3602226593,121,0.0015657163590374475,449.7813346640238,51.06568813582339,nan,6.471077500221245,2.7239538231913594,29.49347922995234,0.0741981761590803,0.9018430715485654,1.6650171166331933,7.689369747229582,12.507235636503053,296.8319534142628,3437.2464030691353,13.719588631007355,1.2895701919915155,,nan,nan,nan,nan,nan,0.7123427481475515,0.4628,0.25791942990263933,121,121,121,121,121,0,0,0,242,242,0,1,False,False,0.25,0,nan,nan,nan,nan,1.0,126.5374245596017,0.009713184154639442,1.550916949065213,159.67132140951196,1.8471312870123962,102.95285089620789,102.95285089620789,176937.15821435116,50,logistic,100.0,stepsize_pilot
manuscript-pilot,L,pilot_logistic_d50_kX1e2_fr-kl,FR--KL,3602226593,122,0.0015657163590374475,449.3201807756427,50.6045342474423,nan,6.4192430767405,2.7134310543328324,29.265999584545344,0.07360434388650329,0.9010900105041879,1.6636227362352327,7.627748748551613,12.414455313332951,292.7815576991793,3410.1452790173867,13.821869968029205,1.2981532919802703,,nan,nan,nan,nan,nan,0.7124906938495557,0.4634,0.2579784771052457,122,122,122,122,122,0,0,0,244,244,0,1,False,False,0.25,0,nan,nan,nan,nan,1.0,126.5374245596017,0.009713184154639442,1.550916949065213,159.67132140951196,1.8471312870123962,102.95285089620789,102.95285089620789,175542.08922254152,50,logistic,100.0,stepsize_pilot
manuscript-pilot,L,pilot_logistic_d50_kX1e2_fr-kl,FR--KL,3602226593,123,0.0015657163590374475,448.86530016823167,50.14965364003126,nan,6.3680129827487155,2.7029881218592724,29.041721965991655,0.0730200831011202,0.9003385538312247,1.6622313508217477,7.567119714005151,12.32313024069408,288.8098769547453,3383.3775810769102,13.924606615037192,1.3066541819716804,,nan,nan,nan,nan,nan,0.7126374451129139,0.4636,0.2580370084541055,123,123,123,123,123,0,0,0,246,246,0,1,False,False,0.25,0,nan,nan,nan,nan,1.0,126.5374245596017,0.009713184154639442,1.550916949065213,159.67132140951196,1.8471312870123962,102.95285089620789,102.95285089620789,174164.1838150912,50,logistic,100.0,stepsize_pilot
manuscript-pilot,L,pilot_logistic_d50_kX1e2_fr-kl,FR--KL,3602226593,124,0.0015657163590374475,448.41657133911406,49.70092481091365,nan,6.3173771348733725,2.6926239192502024,28.820579079300057,0.07244517088146309,0.8995887037011828,1.66084296406327,7.507459591318625,12.233227205688921,284.91488172006314,3356.9372643435504,14.02679390204139,1.3152782319812104,,nan,nan,nan,nan,nan,0.7127830141416026,0.4638,0.25809502994154826,124,124,124,124,124,0,0,0,248,248,0,1,False,False,0.25,0,nan,nan,nan,nan,1.0,126.5374245596017,0.009713184154639442,1.550916949065213,159.67132140951196,1.8471312870123962,102.95285089620789,102.95285089620789,172803.13082194218,50,logistic,100.0,stepsize_pilot
manuscript-pilot,L,pilot_logistic_d50_kX1e2_fr-kl,FR--KL,3602226593,125,0.0015657163590374475,447.97387590741215,49.25822937921174,nan,6.267325678919203,2.682337365361643,28.602505506908226,0.07187939106542558,0.8988404621311428,1.6594575793502382,7.448746025543903,12.144713986436885,281.0946081237174,3330.8184320766854,14.130174459016416,1.3238774319761433,,nan,nan,nan,nan,nan,0.7129274130180318,0.464,0.2581525474817853,125,125,125,125,125,0,0,0,250,250,0,1,False,False,0.25,0,nan,nan,nan,nan,1.0,126.5374245596017,0.009713184154639442,1.550916949065213,159.67132140951196,1.8471312870123962,102.95285089620789,102.95285089620789,171458.62669996536,50,logistic,100.0,stepsize_pilot
manuscript-pilot,L,pilot_logistic_d50_kX1e2_fr-kl,FR--KL,3602226593,126,0.0015657163590374475,447.5370985135019,48.82145198530151,nan,6.217848983142874,2.672127403580233,28.38743764356129,0.07132253399870167,0.8980938309878272,1.6580751998004166,7.390957333158438,12.057559315651444,277.3471553331272,3305.0153311050135,14.232989706040826,1.332590451987926,,nan,nan,nan,nan,nan,0.7130706537026337,0.464,0.2582095669115523,126,126,126,126,126,0,0,0,252,252,0,1,False,False,0.25,0,nan,nan,nan,nan,1.0,126.5374245596017,0.009713184154639442,1.550916949065213,159.67132140951196,1.8471312870123962,102.95285089620789,102.95285089620789,170130.37529646722,50,logistic,100.0,stepsize_pilot
manuscript-pilot,L,pilot_logistic_d50_kX1e2_fr-kl,FR--KL,3602226593,127,0.0015657163590374475,447.1061267223652,48.39048019416481,nan,6.168937631771078,2.661993001013691,28.175313633885818,0.07077439629428983,0.8973488119915289,1.6566958282660529,7.334072477304942,11.971732845804437,273.6706831197805,3279.5223474046347,14.336627143027727,1.3410986319649965,,nan,nan,nan,nan,nan,0.7132127480335861,0.4642,0.25826609399078326,127,127,127,127,127,0,0,0,254,254,0,1,False,False,0.25,0,nan,nan,nan,nan,1.0,126.5374245596017,0.009713184154639442,1.550916949065213,159.67132140951196,1.8471312870123962,102.95285089620789,102.95285089620789,168818.08762156495,50,logistic,100.0,stepsize_pilot
manuscript-pilot,L,pilot_logistic_d50_kX1e2_fr-kl,FR--KL,3602226593,128,0.0015657163590374475,446.68085093066196,47.96520440246155,nan,6.120582418751535,2.651933147715778,27.96607331252986,0.07023478060250525,0.8966054067199559,1.655319467340893,7.278071044110915,11.887205115797924,270.06340953432544,3254.334001841841,14.43865199002903,1.3496968819526955,,nan,nan,nan,nan,nan,0.7133537077266616,0.4636,0.25832213440331314,128,128,128,128,128,0,0,0,256,256,0,1,False,False,0.25,0,nan,nan,nan,nan,1.0,126.5374245596017,0.009713184154639442,1.550916949065213,159.67132140951196,1.8471312870123962,102.95285089620789,102.95285089620789,167521.4816290407,50,logistic,100.0,stepsize_pilot
manuscript-pilot,L,pilot_logistic_d50_kX1e2_fr-kl,FR--KL,3602226593,129,0.0015657163590374475,446.2611642773549,47.5455177491545,nan,6.072774341726934,2.6419468559439863,27.75965814674657,0.0697034953909668,0.8958636166119436,1.6539461193669585,7.222933220033826,11.80394751906813,266.5236086858594,3229.4449460734522,14.541682637005579,1.3582617619540542,,nan,nan,nan,nan,nan,0.7134935443751912,0.4634,0.25837769375760583,129,129,129,129,129,0,0,0,258,258,0,1,False,False,0.25,0,nan,nan,nan,nan,1.0,126.5374245596017,0.009713184154639442,1.550916949065213,159.67132140951196,1.8471312870123962,102.95285089620789,102.95285089620789,166240.28200530555,50,logistic,100.0,stepsize_pilot
manuscript-pilot,L,pilot_logistic_d50_kX1e2_fr-kl,FR--KL,3602226593,130,0.0015657163590374475,445.84696255772974,47.13131602952933,nan,6.025504596222395,2.6320331594483126,27.556011181305802,0.06918035473406485,0.8951234429710797,1.652575786441127,7.1686397701807305,11.721932273050431,263.04960862006993,3204.8499585978234,14.644368734036107,1.3669183719321154,,nan,nan,nan,nan,nan,0.7136322694501352,0.463,0.25843277758750355,130,130,130,130,130,0,0,0,260,260,0,1,False,False,0.25,0,nan,nan,nan,nan,1.0,126.5374245596017,0.009713184154639442,1.550916949065213,159.67132140951196,1.8471312870123962,102.95285089620789,102.95285089620789,164974.2199661193,50,logistic,100.0,stepsize_pilot
manuscript-pilot,L,pilot_logistic_d50_kX1e2_fr-kl,FR--KL,3602226593,131,0.0015657163590374475,445.43814414065673,46.72249761245632,nan,5.978764570037623,2.6221911127895514,27.355076985624105,0.06866517811143708,0.8943848869692208,1.651208470421564,7.115172017554048,11.641132389938338,259.6397892912082,3180.5439409500664,14.74719995103078,1.3758687619119883,,nan,nan,nan,nan,nan,0.7137698943002533,0.4626,0.25848739135299664,131,131,131,131,131,0,0,0,262,262,0,1,False,False,0.25,0,nan,nan,nan,nan,1.0,126.5374245596017,0.009713184154639442,1.550916949065213,159.67132140951196,1.8471312870123962,102.95285089620789,102.95285089620789,163723.03306073422,50,logistic,100.0,stepsize_pilot
manuscript-pilot,L,pilot_logistic_d50_kX1e2_fr-kl,FR--KL,3602226593,132,0.0015657163590374475,445.03460988895637,46.31896336075596,nan,5.932545837834783,2.612419790685641,27.156801603009473,0.06815779021500613,0.8936479496499103,1.6498441729339535,7.062511823177944,11.561521648673251,256.29258062314636,3156.521914035294,14.84959581802832,1.3844692418933846,,nan,nan,nan,nan,nan,0.7139064301523651,0.4626,0.25854154044100996,132,132,132,132,132,0,0,0,264,264,0,1,False,False,0.25,0,nan,nan,nan,nan,1.0,126.5374245596017,0.009713184154639442,1.550916949065213,159.67132140951196,1.8471312870123962,102.95285089620789,102.95285089620789,162486.4649831436,50,logistic,100.0,stepsize_pilot
manuscript-pilot,L,pilot_logistic_d50_kX1e2_fr-kl,FR--KL,3602226593,133,0.0015657163590374475,444.6362630827263,45.92061655452591,nan,5.8868401559141805,2.6027182873846826,26.96113250192272,0.06765802076417043,0.8929126319317096,1.6484828953775488,7.010641567062133,11.483074568104886,253.00646065504048,3132.779014594009,14.95236620400101,1.393171700881794,,nan,nan,nan,nan,nan,0.7140418881116951,0.463,0.2585952301662035,133,133,133,133,133,0,0,0,266,266,0,1,False,False,0.25,0,nan,nan,nan,nan,1.0,126.5374245596017,0.009713184154639442,1.550916949065213,159.67132140951196,1.8471312870123962,102.95285089620789,102.95285089620789,161264.26539013247,50,logistic,100.0,stepsize_pilot
manuscript-pilot,L,pilot_logistic_d50_kX1e2_fr-kl,FR--KL,3602226593,134,0.0015657163590374475,444.24300934550706,45.52736281730665,nan,5.841639457170341,2.5930857160633214,26.768018529162507,0.06716570432873485,0.8921789346114295,1.6471246389310863,6.95954412996259,11.405766381266169,249.77995376739594,3109.3104917940836,15.054702531022485,1.40181137988111,,nan,nan,nan,nan,nan,0.7141762791622959,0.4626,0.2586484657717863,134,134,134,134,134,0,0,0,268,268,0,1,False,False,0.25,0,nan,nan,nan,nan,1.0,126.5374245596017,0.009713184154639442,1.550916949065213,159.67132140951196,1.8471312870123962,102.95285089620789,102.95285089620789,160056.189725845,50,logistic,100.0,stepsize_pilot
manuscript-pilot,L,pilot_logistic_d50_kX1e2_fr-kl,FR--KL,3602226593,135,0.0015657163590374475,443.85475657315925,45.13911004495884,nan,5.796935846220168,2.5835212082492567,26.577409864885933,0.06668068015922203,0.8914468583672825,1.64576940455849,6.909202875900604,11.329573010708973,246.61162898453367,3086.1117039439823,15.157704158045817,1.4103445788496174,,nan,nan,nan,nan,nan,0.7143096141675412,0.4628,0.25870125243034015,135,135,135,135,135,0,0,0,270,270,0,1,False,False,0.25,0,nan,nan,nan,nan,1.0,126.5374245596017,0.009713184154639442,1.550916949065213,159.67132140951196,1.8471312870123962,102.95285089620789,102.95285089620789,158861.99905259287,50,logistic,100.0,stepsize_pilot
manuscript-pilot,L,pilot_logistic_d50_kX1e2_fr-kl,FR--KL,3602226593,136,0.0015657163590374475,443.47141486533917,44.75576833713876,nan,5.7527215946973715,2.5740239132667204,26.38925797938112,0.06620279202420516,0.8907164037619364,1.6444171930144802,6.859601635403939,11.25447104485024,243.50009834970385,3063.1781153221905,15.260754365008324,1.4188946578651667,,nan,nan,nan,nan,nan,0.7144419038706865,0.4628,0.258753595244652,136,136,136,136,136,0,0,0,272,272,0,1,False,False,0.25,0,nan,nan,nan,nan,1.0,126.5374245596017,0.009713184154639442,1.550916949065213,159.67132140951196,1.8471312870123962,102.95285089620789,102.95285089620789,157681.45988764573,50,logistic,100.0,stepsize_pilot
manuscript-pilot,L,pilot_logistic_d50_kX1e2_fr-kl,FR--KL,3602226593,137,0.0015657163590374475,443.0928964594594,44.37724993125897,nan,5.7089891367053145,2.564592997703824,26.203515591512723,0.06573188805432344,0.889987571245503,1.643068004849977,6.810724689435578,11.18043771528057,240.44401536929254,3040.5052931180257,15.363641792035196,1.4274676778586581,,nan,nan,nan,nan,nan,0.7145731588954876,0.463,0.25880549924855406,137,137,137,137,137,0,0,0,274,274,0,1,False,False,0.25,0,nan,nan,nan,nan,1.0,126.5374245596017,0.009713184154639442,1.550916949065213,159.67132140951196,1.8471312870123962,102.95285089620789,102.95285089620789,156514.34404575493,50,logistic,100.0,stepsize_pilot
manuscript-pilot,L,pilot_logistic_d50_kX1e2_fr-kl,FR--KL,3602226593,138,0.0015657163590374475,442.7191156670305,44.0034691388301,nan,5.665731064422657,2.5552276449007327,26.020136628765066,0.06526782059267004,0.8892603611584328,1.6417218404174008,6.762556753977671,11.107450874990239,237.44207352276285,3018.0889044792552,15.466047799040098,1.4359731378499418,,nan,nan,nan,nan,nan,0.714703389746877,0.463,0.2588569694077683,138,138,138,138,138,0,0,0,276,276,0,1,False,False,0.25,0,nan,nan,nan,nan,1.0,126.5374245596017,0.009713184154639442,1.550916949065213,159.67132140951196,1.8471312870123962,102.95285089620789,102.95285089620789,155360.42848717555,50,logistic,100.0,stepsize_pilot
manuscript-pilot,L,pilot_logistic_d50_kX1e2_fr-kl,FR--KL,3602226593,139,0.0015657163590374475,442.3499888122835,43.63434228408312,nan,5.622940123855451,2.545927054457686,25.839076188811827,0.06481044605125057,0.8885347737343334,1.640378699875782,6.715082965239825,11.035488977469594,234.49300483515597,2995.924713662124,15.567867106001358,1.4446434678393416,,nan,nan,nan,nan,nan,0.714832606811688,0.4634,0.25890801062075586,139,139,139,139,139,0,0,0,278,278,0,1,False,False,0.25,0,nan,nan,nan,nan,1.0,126.5374245596017,0.009713184154639442,1.550916949065213,159.67132140951196,1.8471312870123962,102.95285089620789,102.95285089620789,154219.49517095994,50,logistic,100.0,stepsize_pilot
manuscript-pilot,L,pilot_logistic_d50_kX1e2_fr-kl,FR--KL,3602226593,140,0.0015657163590374475,441.9854341729769,43.2697876447765,nan,5.580609210729838,2.5366904417619365,25.66029050254438,0.06435962477322725,0.8878108091027248,1.6390385831958008,6.6682888654626,10.964531056643361,231.59557850914805,2974.0085792796526,15.670689873048104,1.4531433578231372,,nan,nan,nan,nan,nan,0.7149608203594277,0.4634,0.25895862771956824,140,140,140,140,140,0,0,0,280,280,0,1,False,False,0.25,0,nan,nan,nan,nan,1.0,126.5374245596017,0.009713184154639442,1.550916949065213,159.67132140951196,1.8471312870123962,102.95285089620789,102.95285089620789,153091.33091331003,50,logistic,100.0,stepsize_pilot
manuscript-pilot,L,pilot_logistic_d50_kX1e2_fr-kl,FR--KL,3602226593,141,0.0015657163590374475,441.62537192329836,42.90972539509795,nan,5.538731366519733,2.52751703753273,25.483736898494715,0.06391522090067779,0.8870884672917085,1.6377014901646194,6.622160389288582,10.894556707600469,228.74859961382614,2952.336451644228,15.773368030029815,1.461695667821914,,nan,nan,nan,nan,nan,0.7150880405430895,0.4634,0.259008825470701,141,141,141,141,141,0,0,0,282,282,0,1,False,False,0.25,0,nan,nan,nan,nan,1.0,126.5374245596017,0.009713184154639442,1.550916949065213,159.67132140951196,1.8471312870123962,102.95285089620789,102.95285089620789,151975.7272507833,50,logistic,100.0,stepsize_pilot
manuscript-pilot,L,pilot_logistic_d50_kX1e2_fr-kl,FR--KL,3602226593,142,0.0015657163590374475,441.2697240787729,42.554077550572515,nan,5.4972997746045404,2.518406087383487,25.309373768591744,0.0634771022476221,0.8863677482305692,1.6363674203906466,6.576683850674928,10.825546068082824,225.95090782748818,2930.90437020069,15.875196717039216,1.4703365778550506,,nan,nan,nan,nan,nan,0.7152142774000055,0.4634,0.25905860857594687,142,142,142,142,142,0,0,0,284,284,0,1,False,False,0.25,0,nan,nan,nan,nan,1.0,126.5374245596017,0.009713184154639442,1.550916949065213,159.67132140951196,1.8471312870123962,102.95285089620789,102.95285089620789,150872.48030815733,50,logistic,100.0,stepsize_pilot
manuscript-pilot,L,pilot_logistic_d50_kX1e2_fr-kl,FR--KL,3602226593,143,0.0015657163590374475,440.91841444309813,42.20276791489772,nan,5.456307756551539,2.509356851400413,25.137160535193132,0.0630451401780671,0.885648651752318,1.6350363733081448,6.531845930322464,10.7574798006986,223.20137623193347,2909.708461046302,15.977754654013552,1.4790017178747803,,nan,nan,nan,nan,nan,0.7153395408527333,0.4632,0.25910798167324917,143,143,143,143,143,0,0,0,286,286,0,1,False,False,0.25,0,nan,nan,nan,nan,1.0,126.5374245596017,0.009713184154639442,1.550916949065213,159.67132140951196,1.8471312870123962,102.95285089620789,102.95285089620789,149781.3906707667,50,logistic,100.0,stepsize_pilot
manuscript-pilot,L,pilot_logistic_d50_kX1e2_fr-kl,FR--KL,3602226593,144,0.0015657163590374475,440.57136855682336,41.85572202862295,nan,5.415748768518062,2.500368603736773,24.967057619337393,0.06261920948884499,0.8849311775961539,1.6337083481817216,6.487633663598001,10.690339075827294,220.49891015582017,2888.7449345341715,16.07997175102355,1.4876021978561766,,nan,nan,nan,nan,nan,0.7154638407099728,0.463,0.2591569493375524,144,144,144,144,144,0,0,0,288,288,0,1,False,False,0.25,0,nan,nan,nan,nan,1.0,126.5374245596017,0.009713184154639442,1.550916949065213,159.67132140951196,1.8471312870123962,102.95285089620789,102.95285089620789,148702.26326113567,50,logistic,100.0,stepsize_pilot
manuscript-pilot,L,pilot_logistic_d50_kX1e2_fr-kl,FR--KL,3602226593,145,0.0015657163590374475,440.22851364780286,41.51286711960245,nan,5.375616397769285,2.4914406322221394,24.799026410163858,0.06219918829702783,0.8842153254098751,1.6323833441107158,6.444034428927384,10.624105555185348,217.84244606481965,2868.0100829568146,16.183000528020784,1.4961441679042764,,nan,nan,nan,nan,nan,0.7155871866675129,0.4636,0.2592055160816517,145,145,145,145,145,0,0,0,290,290,0,1,False,False,0.25,0,nan,nan,nan,nan,1.0,126.5374245596017,0.009713184154639442,1.550916949065213,159.67132140951196,1.8471312870123962,102.95285089620789,102.95285089620789,147634.90721973637,50,logistic,100.0,stepsize_pilot
manuscript-pilot,L,pilot_logistic_d50_kX1e2_fr-kl,FR--KL,3602226593,146,0.0015657163590374475,439.8897785833478,41.17413205514737,nan,5.335904359306765,2.4825722379859356,24.63302923545072,0.061784957931708955,0.8835010947522197,1.6310613600334607,6.401035936638217,10.558761376022977,215.2309504963902,2847.500278306729,16.28660851501627,1.504763827950228,,nan,nan,nan,nan,nan,0.7157095883092022,0.4634,0.2592536863570383,146,146,146,146,146,0,0,0,292,292,0,1,False,False,0.25,0,nan,nan,nan,nan,1.0,126.5374245596017,0.009713184154639442,1.550916949065213,159.67132140951196,1.8471312870123962,102.95285089620789,102.95285089620789,146579.13578971106,50,logistic,100.0,stepsize_pilot
manuscript-pilot,L,pilot_logistic_d50_kX1e2_fr-kl,FR--KL,3602226593,147,0.0015657163590374475,439.5550938240101,40.83944729580969,nan,5.296606492603702,2.473762735094639,24.46902933322358,0.06137640282996296,0.8827884850951477,1.6297423947314253,6.358626218232145,10.494289135924099,212.66341903713348,2827.2119701109723,16.389363732014317,1.5132788279443048,,nan,nan,nan,nan,nan,0.715831055107943,0.4634,0.2593014645547416,147,147,147,147,147,0,0,0,294,294,0,1,False,False,0.25,0,nan,nan,nan,nan,1.0,126.5374245596017,0.009713184154639442,1.550916949065213,159.67132140951196,1.8471312870123962,102.95285089620789,102.95285089620789,145534.76620540404,50,logistic,100.0,stepsize_pilot
manuscript-pilot,L,pilot_logistic_d50_kX1e2_fr-kl,FR--KL,3602226593,148,0.0015657163590374475,439.2243913789342,40.50874485073376,nan,5.257716758443153,2.465011450202047,24.306990824389477,0.06097341043679118,0.8820774958260665,1.6284264468332796,6.316793616067645,10.430671878182826,210.1388753407751,2807.1416833368794,16.493243659031577,1.5218542179791257,,nan,nan,nan,nan,nan,0.7159515964267049,0.463,0.25934885500616583,148,148,148,148,148,0,0,0,296,296,0,1,False,False,0.25,0,nan,nan,nan,nan,1.0,126.5374245596017,0.009713184154639442,1.550916949065213,159.67132140951196,1.8471312870123962,102.95285089620789,102.95285089620789,144501.6195845554,50,logistic,100.0,stepsize_pilot
manuscript-pilot,L,pilot_logistic_d50_kX1e2_fr-kl,FR--KL,3602226593,149,0.0015657163590374475,438.8976047627126,40.181958234512194,nan,5.219229235854623,2.456317722212022,24.146878686353304,0.06057587110887868,0.8813681262500018,1.627113514818822,6.27552677343515,10.367893077731189,207.65637018493203,2787.2860163661794,16.59625171503285,1.5304467770038173,,nan,nan,nan,nan,nan,0.7160712215195564,0.4634,0.2593958619839228,149,149,149,149,149,0,0,0,298,298,0,1,False,False,0.25,0,nan,nan,nan,nan,1.0,126.5374245596017,0.009713184154639442,1.550916949065213,159.67132140951196,1.8471312870123962,102.95285089620789,102.95285089620789,143479.52082401575,50,logistic,100.0,stepsize_pilot
manuscript-pilot,L,pilot_logistic_d50_kX1e2_fr-kl,FR--KL,3602226593,150,0.0015657163590374475,438.5746689536878,39.85902242548741,nan,5.181138119146395,2.4476809019531904,23.988658727575704,0.060183678021998,0.8806603755917038,1.6258035970228402,6.2348146250073615,10.30593662759412,205.21498056491302,2767.6416390348923,16.698975342034828,1.5390551959862933,,nan,nan,nan,nan,nan,0.7161899395327109,0.4636,0.259442489702658,150,150,150,150,150,0,0,0,300,300,0,1,False,False,0.25,0,nan,nan,nan,nan,1.0,126.5374245596017,0.009713184154639442,1.550916949065213,159.67132140951196,1.8471312870123962,102.95285089620789,102.95285089620789,142468.29849884735,50,logistic,100.0,stepsize_pilot
