tier,experiment,job_id,method,seed,iteration,step_size,objective,objective_gap,exact_gaussian_kl,w2_squared,mean_error,covariance_error,covariance_min_eigenvalue,covariance_max_eigenvalue,relative_covariance_min_eigenvalue,relative_covariance_max_eigenvalue,gaussian_core_rate,fisher_rao_residual_squared,bures_wasserstein_residual_squared,wall_time_seconds,algorithm_seconds,repair,equivariance_error_mean,equivariance_error_covariance,equivariance_error_back,local_gamma,local_lambda,predictive_nll,classification_error,brier,iterations,gradient_evaluations,hessian_evaluations,oracle_pairs,expectation_evaluations,matrix_exponentials,matrix_square_roots,eigendecompositions,cholesky_factorizations,cholesky_solves,roundoff_repairs,batch_size,quadratic_rescue,raw_mean_ablation,normalized_step_size,problem_instance,local_kl_gamma,local_discrete_rate,predicted_contraction,local_radius,alpha,beta,alpha_star,beta_star,kappa_star,lambda_0_star,lambda_0_star_max,lambda_max_star,certified_gap,grid_dimension,grid_family,grid_feature_condition,grid_role
manuscript-pilot,L,pilot_logistic_d50_kX1e2_fr-kl,FR--KL,3602226593,0,0.0,767.7933702295541,369.07772370135365,nan,30.898135161619525,8.029745762023783,245.3061502952845,1.0,1.0,1.847131287012389,102.95285089620805,147.43189234935107,10463.072107262384,18389.775361643668,0.0019431199762038887,0.0,,nan,nan,nan,nan,nan,0.693147180557945,0.4922,0.2499999999999998,0,0,0,0,0,0,0,0,0,0,0,1,False,False,4.0,0,nan,nan,nan,nan,1.0,126.5374245596017,0.009713184154639442,1.550916949065213,159.67132140951196,1.8471312870123962,102.95285089620789,102.95285089620789,946639.9004110257,50,logistic,100.0,stepsize_pilot
manuscript-pilot,L,pilot_logistic_d50_kX1e2_fr-kl,FR--KL,3602226593,1,0.02505146174459916,619.0273497830977,220.31170325489734,nan,21.541178303045314,6.772467760566677,133.48712732048511,0.44702655817529285,0.988719417979372,1.8261232187433563,46.14797510070949,67.43207265215845,3413.6278994055588,11269.471274718317,0.10986582597251981,0.011868478963151574,,nan,nan,nan,nan,nan,0.699311661108059,0.465,0.25262680301696716,1,1,1,1,1,0,0,0,2,2,0,1,False,False,4.0,0,nan,nan,nan,nan,1.0,126.5374245596017,0.009713184154639442,1.550916949065213,159.67132140951196,1.8471312870123962,102.95285089620789,102.95285089620789,580112.0979125843,50,logistic,100.0,stepsize_pilot
manuscript-pilot,L,pilot_logistic_d50_kX1e2_fr-kl,FR--KL,3602226593,2,0.02505146174459916,557.6351557569786,158.91950922877822,nan,16.67923840103159,5.382323186102061,91.36984191907324,0.27584893642452624,0.9766781170382131,1.8037348221160583,28.596737431510437,42.55480575504092,1865.993977562223,8703.940815102866,0.22141371300676838,0.02376999898115173,,nan,nan,nan,nan,nan,0.7018888536152706,0.4574,0.25360427880869785,2,2,2,2,2,0,0,0,4,4,0,1,False,False,4.0,0,nan,nan,nan,nan,1.0,126.5374245596017,0.009713184154639442,1.550916949065213,159.67132140951196,1.8471312870123962,102.95285089620789,102.95285089620789,448047.7604733502,50,logistic,100.0,stepsize_pilot
manuscript-pilot,L,pilot_logistic_d50_kX1e2_fr-kl,FR--KL,3602226593,3,0.02505146174459916,521.406847478704,122.69120095050357,nan,13.537340552145217,4.688063989534835,68.93085561046509,0.19481805636428712,0.9641856218702154,1.7805411518590792,20.227484983680302,30.677596377843695,1182.935511390996,7044.022607008879,0.3343301800196059,0.0357226490159519,,nan,nan,nan,nan,nan,0.7059044074775176,0.4598,0.2552370751828118,3,3,3,3,3,0,0,0,6,6,0,1,False,False,4.0,0,nan,nan,nan,nan,1.0,126.5374245596017,0.009713184154639442,1.550916949065213,159.67132140951196,1.8471312870123962,102.95285089620789,102.95285089620789,362601.1045844501,50,logistic,100.0,stepsize_pilot
manuscript-pilot,L,pilot_logistic_d50_kX1e2_fr-kl,FR--KL,3602226593,4,0.02505146174459916,497.34217216237784,98.62652563417743,nan,11.295367596925566,4.211200420561373,55.06556798683882,0.14904646354690024,0.951593589051009,1.7571853886418787,15.477629970565243,23.873247413053615,817.4753665037082,5874.858322820561,0.44508881599176675,0.047518467996269464,,nan,nan,nan,nan,nan,0.70960604103926,0.4598,0.2567289887098933,4,4,4,4,4,0,0,0,8,8,0,1,False,False,4.0,0,nan,nan,nan,nan,1.0,126.5374245596017,0.009713184154639442,1.550916949065213,159.67132140951196,1.8471312870123962,102.95285089620789,102.95285089620789,302416.7064728445,50,logistic,100.0,stepsize_pilot
manuscript-pilot,L,pilot_logistic_d50_kX1e2_fr-kl,FR--KL,3602226593,5,0.02505146174459916,480.1881641882189,81.47251766001847,nan,9.602872313945793,3.843732088556208,45.66469898975585,0.12007198745928033,0.9390908351175314,1.7340110672668838,12.464598938578762,19.511895840278406,597.9148187274039,5003.845269209246,0.5559416029718705,0.059200447984039783,,nan,nan,nan,nan,nan,0.7128168712924364,0.4592,0.25800874732627105,5,5,5,5,5,0,0,0,10,10,0,1,False,False,4.0,0,nan,nan,nan,nan,1.0,126.5374245596017,0.009713184154639442,1.550916949065213,159.67132140951196,1.8471312870123962,102.95285089620789,102.95285089620789,257580.06795429645,50,logistic,100.0,stepsize_pilot
manuscript-pilot,L,pilot_logistic_d50_kX1e2_fr-kl,FR--KL,3602226593,6,0.02505146174459916,467.36176290604465,68.64611637784424,nan,8.27700108155432,3.543789421287919,38.87713352827395,0.10026556830446147,0.9267899273754756,1.711222398253082,10.403437008022445,16.498745701502422,455.2788807453222,4328.704153019858,0.667690530011896,0.07118566799908876,,nan,nan,nan,nan,nan,0.7155698183612749,0.4598,0.25909538753183997,6,6,6,6,6,0,0,0,12,12,0,1,False,False,4.0,0,nan,nan,nan,nan,1.0,126.5374245596017,0.009713184154639442,1.550916949065213,159.67132140951196,1.8471312870123962,102.95285089620789,102.95285089620789,222826.21661982386,50,logistic,100.0,stepsize_pilot
manuscript-pilot,L,pilot_logistic_d50_kX1e2_fr-kl,FR--KL,3602226593,7,0.02505146174459916,457.43309560352736,58.717449075326954,nan,7.210535996378432,3.290570375494028,33.74903151422583,0.08596017194776517,0.9147602058324626,1.688944842172554,8.914679875323987,14.30267997454137,357.24173059049497,3789.759058213544,0.7794084959896281,0.08290075702825561,,nan,nan,nan,nan,nan,0.7179323952189114,0.4602,0.26002048759548085,7,7,7,7,7,0,0,0,14,14,0,1,False,False,4.0,0,nan,nan,nan,nan,1.0,126.5374245596017,0.009713184154639442,1.550916949065213,159.67132140951196,1.8471312870123962,102.95285089620789,102.95285089620789,195083.24962640542,50,logistic,100.0,stepsize_pilot
manuscript-pilot,L,pilot_logistic_d50_kX1e2_fr-kl,FR--KL,3602226593,8,0.02505146174459916,449.54244537773025,50.82679884952984,nan,6.33545350752984,3.0720450869583997,29.73967605202953,0.0751926614676739,0.9030443148124006,1.66725528466958,7.7944401366686895,12.636741796276139,286.9260515528336,3349.667263802302,0.8929132330231369,0.09482801705598831,,nan,nan,nan,nan,nan,0.7199698004807261,0.4624,0.2608130639283484,8,8,8,8,8,0,0,0,16,16,0,1,False,False,4.0,0,nan,nan,nan,nan,1.0,126.5374245596017,0.009713184154639442,1.550916949065213,159.67132140951196,1.8471312870123962,102.95285089620789,102.95285089620789,172428.8971810729,50,logistic,100.0,stepsize_pilot
manuscript-pilot,L,pilot_logistic_d50_kX1e2_fr-kl,FR--KL,3602226593,9,0.02505146174459916,443.14016444140367,44.42451791320326,nan,5.606068672656148,2.8805079575967096,26.51992941898314,0.06682414714077868,0.8916675398309422,1.646199038547134,6.924172239459185,11.33303870795306,234.7841699452812,2983.7695354320854,1.0050888300174847,0.10687804705230519,,nan,nan,nan,nan,nan,0.721737277023523,0.4638,0.2614969938672961,9,9,9,9,9,0,0,0,18,18,0,1,False,False,4.0,0,nan,nan,nan,nan,1.0,126.5374245596017,0.009713184154639442,1.550916949065213,159.67132140951196,1.8471312870123962,102.95285089620789,102.95285089620789,153593.79004499296,50,logistic,100.0,stepsize_pilot
manuscript-pilot,L,pilot_logistic_d50_kX1e2_fr-kl,FR--KL,3602226593,10,0.02505146174459916,437.85773218976,39.14208566155958,nan,4.990350793287027,2.7106555679384874,23.878081535877897,0.060151549619688695,0.8806434994406049,1.6258001994994364,6.230604207747313,10.287135124060718,195.06900482566033,2675.0740595726215,1.116017505992204,0.11884655605535954,,nan,nan,nan,nan,nan,0.7232798545518053,0.4652,0.26209133379926974,10,10,10,10,10,0,0,0,20,20,0,1,False,False,4.0,0,nan,nan,nan,nan,1.0,126.5374245596017,0.009713184154639442,1.550916949065213,159.67132140951196,1.8471312870123962,102.95285089620789,102.95285089620789,137703.25039574635,50,logistic,100.0,stepsize_pilot
manuscript-pilot,L,pilot_logistic_d50_kX1e2_fr-kl,FR--KL,3602226593,11,0.02505146174459916,433.4385138699379,34.72286734173747,nan,4.465074218778817,2.5586430333895205,21.67182373459574,0.05471882828404833,0.8699778055995623,1.6060683055675786,5.66618336177237,9.430833653844351,164.14566412373077,2411.46157794116,1.2293201030115597,0.13086147606372833,,nan,nan,nan,nan,nan,0.724633855141823,0.466,0.2626112030496274,11,11,11,11,11,0,0,0,22,22,0,1,False,False,4.0,0,nan,nan,nan,nan,1.0,126.5374245596017,0.009713184154639442,1.550916949065213,159.67132140951196,1.8471312870123962,102.95285089620789,102.95285089620789,124133.4221378548,50,logistic,100.0,stepsize_pilot
manuscript-pilot,L,pilot_logistic_d50_kX1e2_fr-kl,FR--KL,3602226593,12,0.02505146174459916,429.6981649887357,30.98251846053529,nan,4.012936194921579,2.4215732074635574,19.801991831245697,0.05021803017537718,0.8596705112809746,1.5870027917916198,5.198794764712459,8.717806332200025,139.62037583125561,2184.0383499540308,1.3437830599723384,0.14280512608820572,,nan,nan,nan,nan,nan,0.725828589963978,0.4668,0.2630686389970673,12,12,12,12,12,0,0,0,24,24,0,1,False,False,4.0,0,nan,nan,nan,nan,1.0,126.5374245596017,0.009713184154639442,1.550916949065213,159.67132140951196,1.8471312870123962,102.95285089620789,102.95285089620789,112426.48729720822,50,logistic,100.0,stepsize_pilot
manuscript-pilot,L,pilot_logistic_d50_kX1e2_fr-kl,FR--KL,3602226593,13,0.02505146174459916,426.5008060622364,27.785159534035984,nan,3.6207563932407574,2.2971979764363675,18.19738203909922,0.04643414108500793,0.849717795394636,1.5685960582972427,4.806018814396988,8.115533272222232,119.86282292213166,1986.1196707001932,1.4575614659697749,0.15496916504343972,,nan,nan,nan,nan,nan,0.7268878323022476,0.467,0.26347329493141797,13,13,13,13,13,0,0,0,26,26,0,1,False,False,4.0,0,nan,nan,nan,nan,1.0,126.5374245596017,0.009713184154639442,1.550916949065213,159.67132140951196,1.8471312870123962,102.95285089620789,102.95285089620789,102238.3411598109,50,logistic,100.0,stepsize_pilot
manuscript-pilot,L,pilot_logistic_d50_kX1e2_fr-kl,FR--KL,3602226593,14,0.02505146174459916,423.74407010449556,25.028423576295154,nan,3.278305620079002,2.1837323709676553,16.805552962803617,0.04321275143623754,0.8401131482570852,1.5508356299612276,4.471759867494344,7.600547620769106,103.73066027061974,1812.5777992242038,1.5698859629919752,0.1670788050396368,,nan,nan,nan,nan,nan,0.7278309988258381,0.4656,0.263832979411204,14,14,14,14,14,0,0,0,28,28,0,1,False,False,4.0,0,nan,nan,nan,nan,1.0,126.5374245596017,0.009713184154639442,1.550916949065213,159.67132140951196,1.8471312870123962,102.95285089620789,102.95285089620789,93305.02595065272,50,logistic,100.0,stepsize_pilot
manuscript-pilot,L,pilot_logistic_d50_kX1e2_fr-kl,FR--KL,3602226593,15,0.02505146174459916,421.3493801855936,22.63373365739318,nan,2.9775177902855674,2.0797328886744326,15.587031825945024,0.04044027458811632,0.830848219367314,1.533705701444612,4.184182038401711,7.155510507280775,90.40375246288389,1659.4096777892905,1.6833867100067437,0.17932239506626502,,nan,nan,nan,nan,nan,0.7286740697675045,0.4652,0.26415406564253524,15,15,15,15,15,0,0,0,30,30,0,1,False,False,4.0,0,nan,nan,nan,nan,1.0,126.5374245596017,0.009713184154639442,1.550916949065213,159.67132140951196,1.8471312870123962,102.95285089620789,102.95285089620789,85420.4785665823,50,logistic,100.0,stepsize_pilot
manuscript-pilot,L,pilot_logistic_d50_kX1e2_fr-kl,FR--KL,3602226593,16,0.02505146174459916,419.2554336935547,20.539787165354312,nan,2.7119445397374142,1.984014488063207,14.511541282039763,0.03803139825181017,0.821913430950696,1.5171882555823326,3.9343992636253584,6.767346300931433,79.28075757719941,1523.4421411957687,1.797493495978415,0.1916829850524664,,nan,nan,nan,nan,nan,0.7294302990259465,0.4648,0.2644418011721474,16,16,16,16,16,0,0,0,32,32,0,1,False,False,4.0,0,nan,nan,nan,nan,1.0,126.5374245596017,0.009713184154639442,1.550916949065213,159.67132140951196,1.8471312870123962,102.95285089620789,102.95285089620789,78421.35580576355,50,logistic,100.0,stepsize_pilot
manuscript-pilot,L,pilot_logistic_d50_kX1e2_fr-kl,FR--KL,3602226593,17,0.02505146174459916,417.41372018048077,18.698073652280357,nan,2.4763685404948994,1.895592006485093,13.555470313989966,0.03592087200192432,0.8132984256595461,1.501263879475603,3.7156179156398856,6.426016693904914,69.91256061028157,1402.1258862126012,1.911773173022084,0.20395979506429285,,nan,nan,nan,nan,nan,0.7301107619316776,0.4656,0.26470054297411755,17,17,17,17,17,0,0,0,34,34,0,1,False,False,4.0,0,nan,nan,nan,nan,1.0,126.5374245596017,0.009713184154639442,1.550916949065213,159.67132140951196,1.8471312870123962,102.95285089620789,102.95285089620789,72176.42865047939,50,logistic,100.0,stepsize_pilot
manuscript-pilot,L,pilot_logistic_d50_kX1e2_fr-kl,FR--KL,3602226593,18,0.02505146174459916,415.7853670986329,17.06972057043248,nan,2.2665235579872913,1.8136376355628534,12.700135851384026,0.03405798460580431,0.804992394881783,1.4859123628173685,3.522560278996249,6.123692887232561,61.958243010465324,1293.3883394764189,2.038353249023203,0.21670931507833302,,nan,nan,nan,nan,nan,0.7307247794787806,0.4648,0.2649339370928916,18,18,18,18,18,0,0,0,36,36,0,1,False,False,4.0,0,nan,nan,nan,nan,1.0,126.5374245596017,0.009713184154639442,1.550916949065213,159.67132140951196,1.8471312870123962,102.95285089620789,102.95285089620789,66579.0084325046,50,logistic,100.0,stepsize_pilot
manuscript-pilot,L,pilot_logistic_d50_kX1e2_fr-kl,FR--KL,3602226593,19,0.02505146174459916,414.33887509003273,15.62322856183232,nan,2.0788880586387206,1.7374493184628883,11.930561124765225,0.03240276050438831,0.7969843199328535,1.4711131372347892,3.351067570168412,5.854183287388662,55.15525231478983,1195.52656566955,2.158465434971731,0.2293581840931438,,nan,nan,nan,nan,nan,0.7312802489185041,0.4656,0.2651450570385013,19,19,19,19,19,0,0,0,38,38,0,1,False,False,4.0,0,nan,nan,nan,nan,1.0,126.5374245596017,0.009713184154639442,1.550916949065213,159.67132140951196,1.8471312870123962,102.95285089620789,102.95285089620789,61541.434128916124,50,logistic,100.0,stepsize_pilot
manuscript-pilot,L,pilot_logistic_d50_kX1e2_fr-kl,FR--KL,3602226593,20,0.02505146174459916,413.04846279447924,14.332816266278826,nan,1.9105305798063923,1.6664267934739951,11.234600105250111,0.030923284341635077,0.7892631489869205,1.4568455983123023,3.1978207689066065,5.6125295101499555,49.29875820035604,1107.1279860757145,2.276558872021269,0.24204525403911248,,nan,nan,nan,nan,nan,0.7317839032471609,0.465,0.2653365113368063,20,20,20,20,20,0,0,0,40,40,0,1,False,False,4.0,0,nan,nan,nan,nan,1.0,126.5374245596017,0.009713184154639442,1.550916949065213,159.67132140951196,1.8471312870123962,102.95285089620789,102.95285089620789,56990.99123673578,50,logistic,100.0,stepsize_pilot
manuscript-pilot,L,pilot_logistic_d50_kX1e2_fr-kl,FR--KL,3602226593,21,0.02505146174459916,411.8928377653249,13.177191237124475,nan,1.758992213813802,1.6000531241970564,10.60229885627805,0.029593783166971907,0.7818179261946485,1.4430893402998166,3.0601405702158413,5.394715836795641,44.22709229412341,1027.0107865989442,2.3935174680082127,0.25451744301244617,,nan,nan,nan,nan,nan,0.7322415164385598,0.4656,0.26551052784768464,21,21,21,21,21,0,0,0,42,42,0,1,False,False,4.0,0,nan,nan,nan,nan,1.0,126.5374245596017,0.009713184154639442,1.550916949065213,159.67132140951196,1.8471312870123962,102.95285089620789,102.95285089620789,52866.84419075895,50,logistic,100.0,stepsize_pilot
manuscript-pilot,L,pilot_logistic_d50_kX1e2_fr-kl,FR--KL,3602226593,22,0.02505146174459916,410.8542706733675,12.138624145167114,nan,1.6221961480532658,1.5378802507450573,10.025422269029907,0.02839322827562002,0.7746378849850278,1.4298243254075444,2.935841588784358,5.197456739904378,39.81130231906038,954.1785075656213,2.5081021650112234,0.2667954030330293,,nan,nan,nan,nan,nan,0.732658067013621,0.4656,0.265669020442,22,22,22,22,22,0,0,0,44,44,0,1,False,False,4.0,0,nan,nan,nan,nan,1.0,126.5374245596017,0.009713184154639442,1.550916949065213,159.67132140951196,1.8471312870123962,102.95285089620789,102.95285089620789,49117.69880888462,50,logistic,100.0,stepsize_pilot
manuscript-pilot,L,pilot_logistic_d50_kX1e2_fr-kl,FR--KL,3602226593,23,0.02505146174459916,409.9178889013134,11.202242373112995,nan,1.498377224017969,1.4795175421454416,9.497098303422336,0.02730430018857862,0.7677125144039647,1.4170310038576783,2.8231244668489617,5.018039137308323,35.94754168173815,887.7850081794697,2.623254681995604,0.27882090298226103,,nan,nan,nan,nan,nan,0.7330378693880337,0.4658,0.26581364216820136,23,23,23,23,23,0,0,0,46,46,0,1,False,False,4.0,0,nan,nan,nan,nan,1.0,126.5374245596017,0.009713184154639442,1.550916949065213,159.67132140951196,1.8471312870123962,102.95285089620789,102.95285089620789,45699.99878749467,50,logistic,100.0,stepsize_pilot
manuscript-pilot,L,pilot_logistic_d50_kX1e2_fr-kl,FR--KL,3602226593,24,0.02505146174459916,409.0711311812647,10.355484653064309,nan,1.3860265081459278,1.4246226246594236,9.011547061950818,0.02631261175261912,0.7610316050861914,1.4046903967475504,2.7204949158666087,4.854203661138668,32.551446783159804,827.1071282758293,2.737954678013921,0.291745122987777,,nan,nan,nan,nan,nan,0.7333846801134518,0.4666,0.26594582798339295,24,24,24,24,24,0,0,0,48,48,0,1,False,False,4.0,0,nan,nan,nan,nan,1.0,126.5374245596017,0.009713184154639442,1.550916949065213,159.67132140951196,1.8471312870123962,102.95285089620789,102.95285089620789,42576.518426285926,50,logistic,100.0,stepsize_pilot
manuscript-pilot,L,pilot_logistic_d50_kX1e2_fr-kl,FR--KL,3602226593,25,0.02505146174459916,408.3033220312089,9.587675503008484,nan,1.283847257293437,1.3728939602357617,8.56387200571815,0.025406117566374304,0.7545852798166468,1.392784150784578,2.626702194416464,4.7040541682339425,29.553929579889175,771.5231348227136,2.852634745009709,0.30389393301447853,,nan,nan,nan,nan,nan,0.733701784409723,0.4668,0.26606682935613907,25,25,25,25,25,0,0,0,50,50,0,1,False,False,4.0,0,nan,nan,nan,nan,1.0,126.5374245596017,0.009713184154639442,1.550916949065213,159.67132140951196,1.8471312870123962,102.95285089620789,102.95285089620789,39715.25313118873,50,logistic,100.0,stepsize_pilot
manuscript-pilot,L,pilot_logistic_d50_kX1e2_fr-kl,FR--KL,3602226593,26,0.02505146174459916,407.60533640114454,8.889689872944132,nan,1.1907196295430773,1.3240647874745792,8.149897300510352,0.02457465981669667,0.7483640124310984,1.3812945717495333,2.540691810814594,4.5659879803510695,26.89799218649079,720.4955672759005,2.9666226009721868,0.31639580201590434,,nan,nan,nan,nan,nan,0.7339920671112089,0.4664,0.26617774248668297,26,26,26,26,26,0,0,0,52,52,0,1,False,False,4.0,0,nan,nan,nan,nan,1.0,126.5374245596017,0.009713184154639442,1.550916949065213,159.67132140951196,1.8471312870123962,102.95285089620789,102.95285089620789,37088.53635456712,50,logistic,100.0,stepsize_pilot
manuscript-pilot,L,pilot_logistic_d50_kX1e2_fr-kl,FR--KL,3602226593,27,0.02505146174459916,406.96933301099966,8.253686482799253,nan,1.1056721754471401,1.2778981350459835,7.766039827101841,0.023809615280594457,0.7423586379095195,1.370204641906621,2.461568771699507,4.438641536366602,24.536289217877084,673.5574642810355,3.0821433680248447,0.3287149720126763,,nan,nan,nan,nan,nan,0.7342580711995861,0.4666,0.2662795314763012,27,27,27,27,27,0,0,0,54,54,0,1,False,False,4.0,0,nan,nan,nan,nan,1.0,126.5374245596017,0.009713184154639442,1.550916949065213,159.67132140951196,1.8471312870123962,102.95285089620789,102.95285089620789,34672.33059507654,50,logistic,100.0,stepsize_pilot
manuscript-pilot,L,pilot_logistic_d50_kX1e2_fr-kl,FR--KL,3602226593,28,0.02505146174459916,406.3885405361409,7.672894007940499,nan,1.0278586355553843,1.234182687624319,7.409207534327069,0.023103618251849277,0.7365603558440011,1.3594980253505131,2.3885687428104867,4.32084763850568,22.42924377512262,630.301215618407,3.1989795439876616,0.3409144110628404,,nan,nan,nan,nan,nan,0.7345020463817993,0.4664,0.2663730474699733,28,28,28,28,28,0,0,0,56,56,0,1,False,False,4.0,0,nan,nan,nan,nan,1.0,126.5374245596017,0.009713184154639442,1.550916949065213,159.67132140951196,1.8471312870123962,102.95285089620789,102.95285089620789,32445.653535630103,50,logistic,100.0,stepsize_pilot
manuscript-pilot,L,pilot_logistic_d50_kX1e2_fr-kl,FR--KL,3602226593,29,0.02505146174459916,405.8570848392354,7.141438311035017,nan,0.9565389265000822,1.1927293355760926,7.076718020163122,0.02245034107820448,0.7309607289556254,1.3491590643523694,2.3210352115761275,4.211601515779601,20.54357791740197,590.3694712440285,3.3129912110161968,0.35320265108020976,,nan,nan,nan,nan,nan,0.7347259896323273,0.4664,0.2664590445662232,29,29,29,29,29,0,0,0,58,58,0,1,False,False,4.0,0,nan,nan,nan,nan,1.0,126.5374245596017,0.009713184154639442,1.550916949065213,159.67132140951196,1.8471312870123962,102.95285089620789,102.95285089620789,30390.110073329673,50,logistic,100.0,stepsize_pilot
manuscript-pilot,L,pilot_logistic_d50_kX1e2_fr-kl,FR--KL,3602226593,30,0.02505146174459916,405.36984836472385,6.654201836523441,nan,0.8910634598424307,1.153368277517875,6.766232795753027,0.02184431885950747,0.7255516779489046,1.339172769060839,2.2584012490450642,4.110033660743704,18.851156633514318,553.4476760913243,3.427269398001954,0.36613472108729184,,nan,nan,nan,nan,nan,0.7349316792082463,0.4662,0.2665381931141213,30,30,30,30,30,0,0,0,60,60,0,1,False,False,4.0,0,nan,nan,nan,nan,1.0,126.5374245596017,0.009713184154639442,1.550916949065213,159.67132140951196,1.8471312870123962,102.95285089620789,102.95285089620789,28489.508037741336,50,logistic,100.0,stepsize_pilot
manuscript-pilot,L,pilot_logistic_d50_kX1e2_fr-kl,FR--KL,3602226593,31,0.02505146174459916,404.92235494220563,6.20670841400522,nan,0.8308601324792704,1.1159465732497156,6.475703817884466,0.021280808318457443,0.7203254736972363,1.3295248023738784,2.200174830009573,4.0153879183864,17.32807119791229,519.257900014056,3.5452628739876673,0.37869815109297633,,nan,nan,nan,nan,nan,0.735120703330758,0.4658,0.2666110908851629,31,31,31,31,31,0,0,0,62,62,0,1,False,False,4.0,0,nan,nan,nan,nan,1.0,126.5374245596017,0.009713184154639442,1.550916949065213,159.67132140951196,1.8471312870123962,102.95285089620789,102.95285089620789,26729.54057841247,50,logistic,100.0,stepsize_pilot
manuscript-pilot,L,pilot_logistic_d50_kX1e2_fr-kl,FR--KL,3602226593,32,0.02505146174459916,404.51067481709254,5.7950282888921265,nan,0.7754234734388705,1.0803260660899072,6.203329699255002,0.02075567334850888,0.7152747275259053,1.3202014613817958,2.14592693034704,3.9270036832478654,15.953906945362801,487.5537071809539,3.6606943209772,0.39123092108638957,,nan,nan,nan,nan,nan,0.73529448448384,0.465,0.2666782725063351,32,32,32,32,32,0,0,0,64,64,0,1,False,False,4.0,0,nan,nan,nan,nan,1.0,126.5374245596017,0.009713184154639442,1.550916949065213,159.67132140951196,1.8471312870123962,102.95285089620789,102.95285089620789,25097.522059646984,50,logistic,100.0,stepsize_pilot
manuscript-pilot,L,pilot_logistic_d50_kX1e2_fr-kl,FR--KL,3602226593,33,0.02505146174459916,404.13134589889364,5.415699370693233,nan,0.7243055425156854,1.0463816101195038,5.947519612659875,0.020265291559367685,0.7103923801839348,1.31118965646111,2.095281810074201,3.844301336266907,14.71115430039294,458.1158655278803,3.7749015369918197,0.40365080011542886,,nan,nan,nan,nan,nan,0.7354543000918504,0.465,0.2667402174623897,33,33,33,33,33,0,0,0,66,66,0,1,False,False,4.0,0,nan,nan,nan,nan,1.0,126.5374245596017,0.009713184154639442,1.550916949065213,159.67132140951196,1.8471312870123962,102.95285089620789,102.95285089620789,23582.16719843946,50,logistic,100.0,stepsize_pilot
manuscript-pilot,L,pilot_logistic_d50_kX1e2_fr-kl,FR--KL,3602226593,34,0.02505146174459916,403.7813080995107,5.065661571310272,nan,0.6771082607221778,1.0139995505886759,5.706863356728598,0.01980647747727875,0.7056716899601493,1.302476888850125,2.0479090300433764,3.766770255996912,13.584731951649333,430.74873955828275,3.8886847940157168,0.41610608011251315,,nan,nan,nan,nan,nan,0.7356013001901938,0.4652,0.2667973569144474,34,34,34,34,34,0,0,0,68,68,0,1,False,False,4.0,0,nan,nan,nan,nan,1.0,126.5374245596017,0.009713184154639442,1.550916949065213,159.67132140951196,1.8471312870123962,102.95285089620789,102.95285089620789,22173.405378736607,50,logistic,100.0,stepsize_pilot
manuscript-pilot,L,pilot_logistic_d50_kX1e2_fr-kl,FR--KL,3602226593,35,0.02505146174459916,403.45784830357763,4.742201775377225,nan,0.6334769176588526,0.983076415675546,5.480106389951194,0.01937641905111514,0.7011062202932903,1.2940512273437008,2.003516853826492,3.6939588901489575,12.561598457989398,405.2772424269331,4.0049450999940746,0.42834700911771506,,nan,nan,nan,nan,nan,0.7357365225868987,0.4652,0.2668500795343942,35,35,35,35,35,0,0,0,70,70,0,1,False,False,4.0,0,nan,nan,nan,nan,1.0,126.5374245596017,0.009713184154639442,1.550916949065213,159.67132140951196,1.8471312870123962,102.95285089620789,102.95285089620789,20862.2237556031,50,logistic,100.0,stepsize_pilot
manuscript-pilot,L,pilot_logistic_d50_kX1e2_fr-kl,FR--KL,3602226593,36,0.02505146174459916,403.15855402551495,4.442907497314536,nan,0.5930946514604968,0.9535177856010711,5.266128896709399,0.01897262486100188,0.6966898271435314,1.2859012845940598,1.9618467640304085,3.625466487173211,11.630434065663625,381.5442484093777,4.11980460700579,0.4409726691083051,,nan,nan,nan,nan,nan,0.7358609059208703,0.4654,0.26689873651696805,36,36,36,36,36,0,0,0,72,72,0,1,False,False,4.0,0,nan,nan,nan,nan,1.0,126.5374245596017,0.009713184154639442,1.550916949065213,159.67132140951196,1.8471312870123962,102.95285089620789,102.95285089620789,19640.534058398116,50,logistic,100.0,stepsize_pilot
manuscript-pilot,L,pilot_logistic_d50_kX1e2_fr-kl,FR--KL,3602226593,37,0.02505146174459916,402.88127420346393,4.165627675263522,nan,0.5556777365087546,0.9252373112909649,5.063928145385617,0.01859287999064603,0.6924166463285815,1.2780161933867684,1.9226688810400243,3.5609361738441736,10.78137863028104,359.4083864102983,4.233825903967954,0.4532346990890801,,nan,nan,nan,nan,nan,0.7359753009492391,0.4662,0.26694364590165826,37,37,37,37,37,0,0,0,74,74,0,1,False,False,4.0,0,nan,nan,nan,nan,1.0,126.5374245596017,0.009713184154639442,1.550916949065213,159.67132140951196,1.8471312870123962,102.95285089620789,102.95285089620789,18501.059008472992,50,logistic,100.0,stepsize_pilot
manuscript-pilot,L,pilot_logistic_d50_kX1e2_fr-kl,FR--KL,3602226593,38,0.02505146174459916,402.6240858876261,3.9084393594256994,nan,0.5209715452217474,0.8981558597095373,4.872603549841418,0.01823520895528329,0.6882810809771343,1.2703855831690551,1.8857781169609364,3.500049130751624,10.00581464463339,338.74215046037096,4.34942962002242,0.46586776908952743,,nan,nan,nan,nan,nan,0.7360804803374749,0.4658,0.2669850963127924,38,38,38,38,38,0,0,0,76,76,0,1,False,False,4.0,0,nan,nan,nan,nan,1.0,126.5374245596017,0.009713184154639442,1.550916949065213,159.67132140951196,1.8471312870123962,102.95285089620789,102.95285089620789,17437.235054303634,50,logistic,100.0,stepsize_pilot
manuscript-pilot,L,pilot_logistic_d50_kX1e2_fr-kl,FR--KL,3602226593,39,0.02505146174459916,402.38526582104447,3.669619292844061,nan,0.4887470748896988,0.872200766949858,4.691343962878598,0.017897844408405552,0.6842777892132004,1.2629995570357677,1.8509909319103643,3.44251966839078,9.296186738576905,319.430275199979,4.462747526995372,0.47808591910870746,,nan,nan,nan,nan,nan,0.7361771471786178,0.4658,0.2670233502071412,39,39,39,39,39,0,0,0,78,78,0,1,False,False,4.0,0,nan,nan,nan,nan,1.0,126.5374245596017,0.009713184154639442,1.550916949065213,159.67132140951196,1.8471312870123962,102.95285089620789,102.95285089620789,16443.12874719899,50,logistic,100.0,stepsize_pilot
manuscript-pilot,L,pilot_logistic_d50_kX1e2_fr-kl,FR--KL,3602226593,40,0.02505146174459916,402.1632661003057,3.447619572105282,nan,0.45879795017797054,0.847305183361368,4.519416821955411,0.017579200607038038,0.680401672154016,1.2558486693220134,1.818142586387845,3.388091045954364,8.64585083056701,301.36833389941734,4.578334842983168,0.49050456809345633,,nan,nan,nan,nan,nan,0.7362659424296857,0.4658,0.26705864670301643,40,40,40,40,40,0,0,0,80,80,0,1,False,False,4.0,0,nan,nan,nan,nan,1.0,126.5374245596017,0.009713184154639442,1.550916949065213,159.67132140951196,1.8471312870123962,102.95285089620789,102.95285089620789,15513.364572392598,50,logistic,100.0,stepsize_pilot
manuscript-pilot,L,pilot_logistic_d50_kX1e2_fr-kl,FR--KL,3602226593,41,0.02505146174459916,401.95669325377065,3.241046725570243,nan,0.4309378276746341,0.8234074975914666,4.356158839516627,0.01727785081549195,0.676647862280237,1.2489239039076718,1.787084804161374,3.3365319057167184,8.048947510471887,284.46152418254763,4.692274199973326,0.5026849880814552,,nan,nan,nan,nan,nan,0.736347451422158,0.4658,0.2670912040523936,41,41,41,41,41,0,0,0,82,82,0,1,False,False,4.0,0,nan,nan,nan,nan,1.0,126.5374245596017,0.009713184154639442,1.550916949065213,159.67132140951196,1.8471312870123962,102.95285089620789,102.95285089620789,14643.06244243688,50,logistic,100.0,stepsize_pilot
manuscript-pilot,L,pilot_logistic_d50_kX1e2_fr-kl,FR--KL,3602226593,42,0.02505146174459916,401.7642901946218,3.0486436664214125,nan,0.40499814155837466,0.8004508285360237,4.200967987344408,0.01699250798466084,0.6730117122183563,1.242216653304792,1.7576837763499016,3.287633220108469,7.500295321300869,268.6236127306788,4.805919275968336,0.5151108870632015,,nan,nan,nan,nan,nan,0.7364222095779818,0.4656,0.26712122180745695,42,42,42,42,42,0,0,0,84,84,0,1,False,False,4.0,0,nan,nan,nan,nan,1.0,126.5374245596017,0.009713184154639442,1.550916949065213,159.67132140951196,1.8471312870123962,102.95285089620789,102.95285089620789,13827.783374331086,50,logistic,100.0,stepsize_pilot
manuscript-pilot,L,pilot_logistic_d50_kX1e2_fr-kl,FR--KL,3602226593,43,0.02505146174459916,401.5849206019436,2.869274073743213,nan,0.38082613974971113,0.7783825759314964,4.05329656975395,0.016722008168079422,0.6694887839607215,1.2357186985723296,1.7298184502277247,3.241205667732563,6.995300458292983,253.77601517077056,4.919975642987993,0.5270760670537129,,nan,nan,nan,nan,nan,0.7364907074416435,0.4656,0.26714888272467124,43,43,43,43,43,0,0,0,86,86,0,1,False,False,4.0,0,nan,nan,nan,nan,1.0,126.5374245596017,0.009713184154639442,1.550916949065213,159.67132140951196,1.8471312870123962,102.95285089620789,102.95285089620789,13063.48212545502,50,logistic,100.0,stepsize_pilot
manuscript-pilot,L,pilot_logistic_d50_kX1e2_fr-kl,FR--KL,3602226593,44,0.02505146174459916,401.41755536036095,2.701908832160541,nan,0.358283168284286,0.7571540217535938,3.9126452168198655,0.016465296234610568,0.6660748385372659,1.2294221900821631,1.7033790565131228,3.19707736981387,6.5298800730836914,239.84699134638194,5.033880750008393,0.5395646970719099,,nan,nan,nan,nan,nan,0.7365533951216192,0.4652,0.26717435444267273,44,44,44,44,44,0,0,0,88,88,0,1,False,False,4.0,0,nan,nan,nan,nan,1.0,126.5374245596017,0.009713184154639442,1.550916949065213,159.67132140951196,1.8471312870123962,102.95285089620789,102.95285089620789,12346.46576899402,50,logistic,100.0,stepsize_pilot
manuscript-pilot,L,pilot_logistic_d50_kX1e2_fr-kl,FR--KL,3602226593,45,0.02505146174459916,401.2612607513635,2.5456142231631134,nan,0.33724316849679603,0.7367199757731985,3.7785576580884,0.016221413516465534,0.6627658261443902,1.2233196291445987,1.6782658371249897,3.155091930770918,6.100396900106825,226.77093942369746,5.147178225975949,0.5516662860172801,,nan,nan,nan,nan,nan,0.7366106862202507,0.465,0.2671977909646448,45,45,45,45,45,0,0,0,90,90,0,1,False,False,4.0,0,nan,nan,nan,nan,1.0,126.5374245596017,0.009713184154639442,1.550916949065213,159.67132140951196,1.8471312870123962,102.95285089620789,102.95285089620789,11673.357357040417,50,logistic,100.0,stepsize_pilot
manuscript-pilot,L,pilot_logistic_d50_kX1e2_fr-kl,FR--KL,3602226593,46,0.02505146174459916,401.115188140394,2.399541612193616,nan,0.3175913572325265,0.717038459606172,3.65061616091169,0.015989487094596373,0.659557876729811,1.217403850489562,1.65438794204199,3.1151067364098974,5.703603343467893,214.48777494821567,5.2626303029828705,0.564365076017566,,nan,nan,nan,nan,nan,0.7366629613192405,0.4652,0.2672193339711828,46,46,46,46,46,0,0,0,92,92,0,1,False,False,4.0,0,nan,nan,nan,nan,1.0,126.5374245596017,0.009713184154639442,1.550916949065213,159.67132140951196,1.8471312870123962,102.95285089620789,102.95285089620789,11041.063956651482,50,logistic,100.0,stepsize_pilot
manuscript-pilot,L,pilot_logistic_d50_kX1e2_fr-kl,FR--KL,3602226593,47,0.02505146174459916,400.9785649454258,2.2629184172253645,nan,0.29922306494498685,0.698070424416753,3.5284375367938496,0.01576872047464598,0.6564472910272373,1.211668005590694,1.6316624693113433,3.076991471174325,5.3365934991368,202.94238315724826,5.379258618981112,0.5765254549914971,,nan,nan,nan,nan,nan,0.736710571078065,0.4646,0.26723911398577543,47,47,47,47,47,0,0,0,94,94,0,1,False,False,4.0,0,nan,nan,nan,nan,1.0,126.5374245596017,0.009713184154639442,1.550916949065213,159.67132140951196,1.8471312870123962,102.95285089620789,102.95285089620789,10446.748456854599,50,logistic,100.0,stepsize_pilot
manuscript-pilot,L,pilot_logistic_d50_kX1e2_fr-kl,FR--KL,3602226593,48,0.02505146174459916,400.85068670694835,2.1350401787479427,nan,0.28204271038594164,0.6797794981240642,3.4116696348657993,0.01555838544813434,0.6534305320309837,1.206105546812862,1.610013626679439,3.0406268223288135,4.996761857717227,192.0841346612383,5.4933152759913355,0.589168235019315,,nan,nan,nan,nan,nan,0.7367538389943259,0.4646,0.26725725141179,48,48,48,48,48,0,0,0,96,96,0,1,False,False,4.0,0,nan,nan,nan,nan,1.0,126.5374245596017,0.009713184154639442,1.550916949065213,159.67132140951196,1.8471312870123962,102.95285089620789,102.95285089620789,9887.804637652758,50,logistic,100.0,stepsize_pilot
manuscript-pilot,L,pilot_logistic_d50_kX1e2_fr-kl,FR--KL,3602226593,49,0.02505146174459916,400.730910107477,2.0152635792765636,nan,0.26596289379088844,0.6621317585415021,3.299988254509969,0.015357814967396853,0.6505042168980081,1.200710212358811,1.589371996945484,3.0059033442161236,4.6817676512913025,181.8664561057147,5.608617222984321,0.6012319250148721,,nan,nan,nan,nan,nan,0.7367930638680996,0.4646,0.26727385745713356,49,49,49,49,49,0,0,0,98,98,0,1,False,False,4.0,0,nan,nan,nan,nan,1.0,126.5374245596017,0.009713184154639442,1.550916949065213,159.67132140951196,1.8471312870123962,102.95285089620789,102.95285089620789,9361.835069236658,50,logistic,100.0,stepsize_pilot
manuscript-pilot,L,pilot_logistic_d50_kX1e2_fr-kl,FR--KL,3602226593,50,0.02505146174459916,400.618646812037,1.9030002838366045,nan,0.25090359313274885,0.645095529368635,3.1930944197888884,0.01516639689048188,0.6476651092629016,1.195476011987293,1.5696738921196935,2.9727204600392416,4.389503984767791,172.24644867318034,5.7248180489987135,0.6135004950338043,,nan,nan,nan,nan,nan,0.7368285220064772,0.464,0.2672890349604805,50,50,50,50,50,0,0,0,100,100,0,1,False,False,4.0,0,nan,nan,nan,nan,1.0,126.5374245596017,0.009713184154639442,1.550916949065213,159.67132140951196,1.8471312870123962,102.95285089620789,102.95285089620789,8866.631473825599,50,logistic,100.0,stepsize_pilot
manuscript-pilot,L,pilot_logistic_d50_kX1e2_fr-kl,FR--KL,3602226593,51,0.02505146174459916,400.51335802046765,1.79771149226724,nan,0.2367914502523245,0.6286411963701432,3.090711967129402,0.014983568475000273,0.6449101119501516,1.1903972134728,1.5508607839170132,2.9409855821706965,4.118071036213998,163.18454832641433,5.840295706002507,0.6255230650422163,,nan,nan,nan,nan,nan,0.7368604691995284,0.4638,0.2673028791310287,51,51,51,51,51,0,0,0,102,102,0,1,False,False,4.0,0,nan,nan,nan,nan,1.0,126.5374245596017,0.009713184154639442,1.550916949065213,159.67132140951196,1.8471312870123962,102.95285089620789,102.95285089620789,8400.157236207153,50,logistic,100.0,stepsize_pilot
manuscript-pilot,L,pilot_logistic_d50_kX1e2_fr-kl,FR--KL,3602226593,52,0.02505146174459916,400.4145496385617,1.6989031103613002,nan,0.2235591355534271,0.6127410414289438,2.9925854050216665,0.014808811518722764,0.6422362600671908,1.1854683297756916,1.5328788001305709,2.910613334926188,3.865752728417925,154.64422256850983,5.95512461202452,0.6379301740089431,,nan,nan,nan,nan,nan,0.7368891424947095,0.4636,0.26731547821211554,52,52,52,52,52,0,0,0,104,104,0,1,False,False,4.0,0,nan,nan,nan,nan,1.0,126.5374245596017,0.009713184154639442,1.550916949065213,159.67132140951196,1.8471312870123962,102.95285089620789,102.95285089620789,7960.531794027862,50,logistic,100.0,stepsize_pilot
manuscript-pilot,L,pilot_logistic_d50_kX1e2_fr-kl,FR--KL,3602226593,53,0.02505146174459916,400.32176798859587,1.6061214603954568,nan,0.21114478153387625,0.5973690924612229,2.8984780105849497,0.014641648060311032,0.6396407144613441,1.180684106890838,1.5156782780840616,2.881524866174965,3.63099637058484,146.5916992301692,6.067546899023,0.6500185240292922,,nan,nan,nan,nan,nan,0.7369147617931568,0.4632,0.26732691407764214,53,53,53,53,53,0,0,0,106,106,0,1,False,False,4.0,0,nan,nan,nan,nan,1.0,126.5374245596017,0.009713184154639442,1.550916949065213,159.67132140951196,1.8471312870123962,102.95285089620789,102.95285089620789,7546.0166767326555,50,logistic,100.0,stepsize_pilot
manuscript-pilot,L,pilot_logistic_d50_kX1e2_fr-kl,FR--KL,3602226593,54,0.02505146174459916,400.23459599116995,1.5189494629695446,nan,0.19949147676512952,0.5825009874381015,2.8081701329505098,0.014481636566538664,0.6371207555237243,1.176039512342827,1.4992133677241655,2.853647236187855,3.4123948487047744,138.99572341541648,6.180886875023134,0.6623798930086195,,nan,nan,nan,nan,nan,0.7369375312882495,0.463,0.26733726276907016,54,54,54,54,54,0,0,0,108,108,0,1,False,False,4.0,0,nan,nan,nan,nan,1.0,126.5374245596017,0.009713184154639442,1.550916949065213,159.67132140951196,1.8471312870123962,102.95285089620789,102.95285089620789,7155.002993998937,50,logistic,100.0,stepsize_pilot
manuscript-pilot,L,pilot_logistic_d50_kX1e2_fr-kl,FR--KL,3602226593,55,0.02505146174459916,400.1526497598527,1.4370032316522838,nan,0.18854681306840732,0.5681138509790414,2.7214576776927366,0.014328368543188474,0.6346737773231845,1.1715297242960068,1.4834416780363833,2.8269128738194644,3.2086710089739823,131.82733926247533,6.295268601970747,0.6744789730291814,,nan,nan,nan,nan,nan,0.7369576407642062,0.4628,0.26734659497975355,55,55,55,55,55,0,0,0,110,110,0,1,False,False,4.0,0,nan,nan,nan,nan,1.0,126.5374245596017,0.009713184154639442,1.550916949065213,159.67132140951196,1.8471312870123962,102.95285089620789,102.95285089620789,6786.000201566694,50,logistic,100.0,stepsize_pilot
manuscript-pilot,L,pilot_logistic_d50_kX1e2_fr-kl,FR--KL,3602226593,56,0.02505146174459916,400.07557555822433,1.3599290300239204,nan,0.17826247960424413,0.5541861821716102,2.638150750146591,0.014181465515889244,0.632297282053786,1.1671501212483153,1.4683239613955559,2.801259091543307,3.018663933289568,125.0596936230522,6.40891910897335,0.6867545930435881,,nan,nan,nan,nan,nan,0.7369752667702429,0.463,0.2673549764924999,56,56,56,56,56,0,0,0,112,112,0,1,False,False,4.0,0,nan,nan,nan,nan,1.0,126.5374245596017,0.009713184154639442,1.550916949065213,159.67132140951196,1.8471312870123962,102.95285089620789,102.95285089620789,6437.625995349744,50,logistic,100.0,stepsize_pilot
manuscript-pilot,L,pilot_logistic_d50_kX1e2_fr-kl,FR--KL,3602226593,57,0.02505146174459916,400.0030470757642,1.2874005475637773,nan,0.16859389841607333,0.5406977524356014,2.5580724384976685,0.014040576334780801,0.6299888747796024,1.1628962722785652,1.4538238312321743,2.7766276520555593,2.8413168513241986,118.66785914364473,6.524627064995002,0.6994263520464301,,nan,nan,nan,nan,nan,0.736990573683881,0.4628,0.2673624685755182,57,57,57,57,57,0,0,0,114,114,0,1,False,False,4.0,0,nan,nan,nan,nan,1.0,126.5374245596017,0.009713184154639442,1.550916949065213,159.67132140951196,1.8471312870123962,102.95285089620789,102.95285089620789,6108.5972042939065,50,logistic,100.0,stepsize_pilot
manuscript-pilot,L,pilot_logistic_d50_kX1e2_fr-kl,FR--KL,3602226593,58,0.02505146174459916,399.93476298486866,1.219116456668246,nan,0.1594998966751535,0.5276295123907608,2.4810577201158455,0.013905374763335436,0.6277462584612329,1.1587639278179094,1.4399075090374942,2.7529643801736445,2.6756664716847722,112.62867455753361,6.639087171992287,0.7116606720956042,,nan,nan,nan,nan,nan,0.737003714675335,0.4626,0.26736912834127075,58,58,58,58,58,0,0,0,116,116,0,1,False,False,4.0,0,nan,nan,nan,nan,1.0,126.5374245596017,0.009713184154639442,1.550916949065213,159.67132140951196,1.8471312870123962,102.95285089620789,102.95285089620789,5797.72156917962,50,logistic,100.0,stepsize_pilot
manuscript-pilot,L,pilot_logistic_d50_kX1e2_fr-kl,FR--KL,3602226593,59,0.02505146174459916,399.8704447462529,1.1547982180524627,nan,0.15094241148004767,0.5149635068097507,2.4069524768012673,0.013775557317106557,0.6255672292489108,1.1547490109172494,1.426543597268768,2.7302188146116135,2.520833546492329,106.9206002745887,6.753447948023677,0.7238594511291012,,nan,nan,nan,nan,nan,0.7370148325834666,0.4626,0.267375009072196,59,59,59,59,59,0,0,0,118,118,0,1,False,False,4.0,0,nan,nan,nan,nan,1.0,126.5374245596017,0.009713184154639442,1.550916949065213,159.67132140951196,1.8471312870123962,102.95285089620789,102.95285089620789,5503.8903089013675,50,logistic,100.0,stepsize_pilot
manuscript-pilot,L,pilot_logistic_d50_kX1e2_fr-kl,FR--KL,3602226593,60,0.02505146174459916,399.80983463424076,1.0941881060403489,nan,0.14288622358329964,0.5026827968443088,2.3356126064857423,0.013650841322792213,0.6234496720277568,1.150847608983546,1.4137028751696086,2.70834389494117,2.3760145104769754,101.52358759525127,6.8687407649704255,0.7361143811140209,,nan,nan,nan,nan,nan,0.7370240607125477,0.4626,0.2673801605167948,60,60,60,60,60,0,0,0,120,120,0,1,False,False,4.0,0,nan,nan,nan,nan,1.0,126.5374245596017,0.009713184154639442,1.550916949065213,159.67132140951196,1.8471312870123962,102.95285089620789,102.95285089620789,5226.0713880709845,50,logistic,100.0,stepsize_pilot
manuscript-pilot,L,pilot_logistic_d50_kX1e2_fr-kl,FR--KL,3602226593,61,0.02505146174459916,399.7526939570932,1.0370474288927767,nan,0.13529871686790773,0.4907713888051413,2.266903220535502,0.013530963171938684,0.6213915562013138,1.147055965959126,1.4013581149056047,2.687295679666337,2.2404740582322336,96.41896008110533,6.992006840999238,0.7506543601630256,,nan,nan,nan,nan,nan,0.7370315235579888,0.463,0.26738462915915656,61,61,61,61,61,0,0,0,122,122,0,1,False,False,4.0,0,nan,nan,nan,nan,1.0,126.5374245596017,0.009713184154639442,1.550916949065213,159.67132140951196,1.8471312870123962,102.95285089620789,102.95285089620789,4963.303410398711,50,logistic,100.0,stepsize_pilot
manuscript-pilot,L,pilot_logistic_d50_kX1e2_fr-kl,FR--KL,3602226593,62,0.02505146174459916,399.6988014506487,0.9831549224483069,nan,0.12814966078289025,0.47921416885686213,2.200697917175835,0.013415676746958267,0.6193909317001656,1.1433704749194005,1.3894839157434675,2.667033091868635,2.113538542334619,91.5893057923479,7.108720457996242,0.7632937501766719,,nan,nan,nan,nan,nan,0.7370373374682503,0.4628,0.2673884584646462,62,62,62,62,62,0,0,0,124,124,0,1,False,False,4.0,0,nan,nan,nan,nan,1.0,126.5374245596017,0.009713184154639442,1.550916949065213,159.67132140951196,1.8471312870123962,102.95285089620789,102.95285089620789,4714.690071463375,50,logistic,100.0,stepsize_pilot
manuscript-pilot,L,pilot_logistic_d50_kX1e2_fr-kl,FR--KL,3602226593,63,0.02505146174459916,399.6479518262529,0.9323052980524835,nan,0.12141101328379883,0.4679968430599458,2.13687812273963,0.013304752000011329,0.6174459252030585,1.1397876710654715,1.3780565542836123,2.6475176893325822,1.9945900911883236,87.01837925645306,7.243234763969667,0.7788141401833855,,nan,nan,nan,nan,nan,0.7370416112493279,0.463,0.2673916891041573,63,63,63,63,63,0,0,0,126,126,0,1,False,False,4.0,0,nan,nan,nan,nan,1.0,126.5374245596017,0.009713184154639442,1.550916949065213,159.67132140951196,1.8471312870123962,102.95285089620789,102.95285089620789,4479.395112409625,50,logistic,100.0,stepsize_pilot
manuscript-pilot,L,pilot_logistic_d50_kX1e2_fr-kl,FR--KL,3602226593,64,0.02505146174459916,399.5999544562726,0.8843079280721895,nan,0.11505674211408605,0.45710588225358484,2.075332493460384,0.01319797366776231,0.6155547365586513,1.1363042250894817,1.3670538489983848,2.6287134564502757,1.8830613591850505,82.69101216589043,7.380220470018685,0.7977848001755774,,nan,nan,nan,nan,nan,0.7370444467174895,0.463,0.2673943591590672,64,64,64,64,64,0,0,0,128,128,0,1,False,False,4.0,0,nan,nan,nan,nan,1.0,126.5374245596017,0.009713184154639442,1.550916949065213,159.67132140951196,1.8471312870123962,102.95285089620789,102.95285089620789,4256.6377229857,50,logistic,100.0,stepsize_pilot
manuscript-pilot,L,pilot_logistic_d50_kX1e2_fr-kl,FR--KL,3602226593,65,0.02505146174459916,399.55463218251276,0.8389856543123528,nan,0.10906266251786532,0.44652847132771095,2.015956371410109,0.013095140107139894,0.6137156353965246,1.1329169368915653,1.3564550375380002,2.6105866155385984,1.7784308334619292,78.59303191890234,7.518765155982692,0.8136068501626141,,nan,nan,nan,nan,nan,0.7370459392053091,0.4632,0.2673965043087872,65,65,65,65,65,0,0,0,130,130,0,1,False,False,4.0,0,nan,nan,nan,nan,1.0,126.5374245596017,0.009713184154639442,1.550916949065213,159.67132140951196,1.8471312870123962,102.95285089620789,102.95285089620789,4045.688348313816,50,logistic,100.0,stepsize_pilot
manuscript-pilot,L,pilot_logistic_d50_kX1e2_fr-kl,FR--KL,3602226593,66,0.02505146174459916,399.51182023459216,0.7961737063917553,nan,0.10340628969386513,0.43625246248029387,1.958651288944463,0.012996062239057303,0.6119269579168007,1.1296227296285068,1.346240665448066,2.5931054554915227,1.6802186315317105,74.71118721853965,7.65478473197436,0.8263062901678495,,nan,nan,nan,nan,nan,0.7370461780254913,0.4632,0.2673981580025973,66,66,66,66,66,0,0,0,132,132,0,1,False,False,4.0,0,nan,nan,nan,nan,1.0,126.5374245596017,0.009713184154639442,1.550916949065213,159.67132140951196,1.8471312870123962,102.95285089620789,102.95285089620789,3845.864858994479,50,logistic,100.0,stepsize_pilot
manuscript-pilot,L,pilot_logistic_d50_kX1e2_fr-kl,FR--KL,3602226593,67,0.02505146174459916,399.4713652468561,0.7557187186557144,nan,0.09806670449428181,0.42626633209820997,1.9033245166789499,0.012900562588626895,0.6101871038482435,1.1264186440752573,1.3363924851011286,2.5762401759398457,1.5879827326078253,71.03308003351778,7.771493837994058,0.8385276501649059,,nan,nan,nan,nan,nan,0.7370452468964972,0.463,0.2673993516172656,67,67,67,67,67,0,0,0,134,134,0,1,False,False,4.0,0,nan,nan,nan,nan,1.0,126.5374245596017,0.009713184154639442,1.550916949065213,159.67132140951196,1.8471312870123962,102.95285089620789,102.95285089620789,3656.529048694566,50,logistic,100.0,stepsize_pilot
manuscript-pilot,L,pilot_logistic_d50_kX1e2_fr-kl,FR--KL,3602226593,68,0.02505146174459916,399.433124363726,0.7174778355255853,nan,0.09302443103956998,0.4165591409372335,1.8498886505951615,0.012808474411770295,0.6084945335652989,1.1233018332815505,1.3268933637828506,2.5599627453073044,1.5013155927859532,67.54710330177618,7.889965475013014,0.8515569001901895,,nan,nan,nan,nan,nan,0.7370432243335533,0.4628,0.2674001146017963,68,68,68,68,68,0,0,0,136,136,0,1,False,False,4.0,0,nan,nan,nan,nan,1.0,126.5374245596017,0.009713184154639442,1.550916949065213,159.67132140951196,1.8471312870123962,102.95285089620789,102.95285089620789,3477.083427349245,50,logistic,100.0,stepsize_pilot
manuscript-pilot,L,pilot_logistic_d50_kX1e2_fr-kl,FR--KL,3602226593,69,0.02505146174459916,399.39696442453356,0.6813178963331552,nan,0.08826132506906105,0.40712049730967176,1.798261234377721,0.01271964089931359,0.6068477653550511,1.1202695575068085,1.3177271999944347,2.544246771340249,1.4198411005519553,64.24238382540605,8.004981051024515,0.8639794601476751,,nan,nan,nan,nan,nan,0.7370401840082484,0.4624,0.2674004746105049,69,69,69,69,69,0,0,0,138,138,0,1,False,False,4.0,0,nan,nan,nan,nan,1.0,126.5374245596017,0.009713184154639442,1.550916949065213,159.67132140951196,1.8471312870123962,102.95285089620789,102.95285089620789,3306.968281596982,50,logistic,100.0,stepsize_pilot
manuscript-pilot,L,pilot_logistic_d50_kX1e2_fr-kl,FR--KL,3602226593,70,0.02505146174459916,399.3627612199033,0.6471146917028818,nan,0.08376047197546888,0.3979405230173885,1.7483644135205987,0.012633914450687773,0.6052453728256147,1.1173191794175772,1.3088788471388269,2.5290673828518586,1.3432118345256538,61.10872986515633,8.121450737991836,0.8766085001407191,,nan,nan,nan,nan,nan,0.737036195079593,0.4624,0.26740045762549414,70,70,70,70,70,0,0,0,140,140,0,1,False,False,4.0,0,nan,nan,nan,nan,1.0,126.5374245596017,0.009713184154639442,1.550916949065213,159.67132140951196,1.8471312870123962,102.95285089620789,102.95285089620789,3145.658977132032,50,logistic,100.0,stepsize_pilot
manuscript-pilot,L,pilot_logistic_d50_kX1e2_fr-kl,FR--KL,3602226593,71,0.02505146174459916,399.33039881262295,0.6147522844225364,nan,0.07950609358705185,0.3890098217939059,1.7001246181249565,0.012551156010256293,0.6036859824479571,1.1144481595325633,1.3003340438513253,2.514401121564908,1.2711065900454979,58.1365829951278,8.235660013975576,0.8888707391452044,,nan,nan,nan,nan,nan,0.7370313224991163,0.4624,0.267400088069495,71,71,71,71,71,0,0,0,142,142,0,1,False,False,4.0,0,nan,nan,nan,nan,1.0,126.5374245596017,0.009713184154639442,1.550916949065213,159.67132140951196,1.8471312870123962,102.95285089620789,102.95285089620789,2992.6634803561933,50,logistic,100.0,stepsize_pilot
manuscript-pilot,L,pilot_logistic_d50_kX1e2_fr-kl,FR--KL,3602226593,72,0.02505146174459916,399.29976891671924,0.5841223885188356,nan,0.07548346285995118,0.38031945004235557,1.653472271647038,0.012471234460076962,0.6021682712235997,1.111654051901264,1.292079350316972,2.5002258430620103,1.2032281452642504,55.31697382446274,8.352775220992044,0.901305269158911,,nan,nan,nan,nan,nan,0.7370256272923222,0.4624,0.2673993889099364,72,72,72,72,72,0,0,0,144,144,0,1,False,False,4.0,0,nan,nan,nan,nan,1.0,126.5374245596017,0.009713184154639442,1.550916949065213,159.67132140951196,1.8471312870123962,102.95285089620789,102.95285089620789,2847.520079089664,50,logistic,100.0,stepsize_pilot
manuscript-pilot,L,pilot_logistic_d50_kX1e2_fr-kl,FR--KL,3602226593,73,0.02505146174459916,399.2707703291382,0.5551238009377926,nan,0.07167882573279974,0.37186088967660563,1.6083415231500324,0.012394026063593574,0.600690964471108,1.1089345000029882,1.2841020899891102,2.48652062596176,1.1393012409511767,52.64148123364391,8.46787349699298,0.9133640481741168,,nan,nan,nan,nan,nan,0.7370191668185843,0.4622,0.2673983817550219,73,73,73,73,73,0,0,0,146,146,0,1,False,False,4.0,0,nan,nan,nan,nan,1.0,126.5374245596017,0.009713184154639442,1.550916949065213,159.67132140951196,1.8471312870123962,102.95285089620789,102.95285089620789,2709.7952842014242,50,logistic,100.0,stepsize_pilot
manuscript-pilot,L,pilot_logistic_d50_kX1e2_fr-kl,FR--KL,3602226593,74,0.02505146174459916,399.2433084090266,0.5276618808262015,nan,0.06807932947418815,0.3636260228912292,1.5646700008741101,0.012319413955358082,0.5992528337246879,1.1062872328538422,1.2763902961869864,2.4732656885352813,1.0790707512579927,50.10219480911273,8.582895213970914,0.925669968186412,,nan,nan,nan,nan,nan,0.7370119950113626,0.4622,0.2673970869425139,74,74,74,74,74,0,0,0,148,148,0,1,False,False,4.0,0,nan,nan,nan,nan,1.0,126.5374245596017,0.009713184154639442,1.550916949065213,159.67132140951196,1.8471312870123962,102.95285089620789,102.95285089620789,2579.081895877663,50,logistic,100.0,stepsize_pilot
manuscript-pilot,L,pilot_logistic_d50_kX1e2_fr-kl,FR--KL,3602226593,75,0.02505146174459916,399.2172946001436,0.5016480719431797,nan,0.064672956921689,0.35560710870237444,1.5223985851681197,0.012247287672411561,0.5978526947385995,1.1037100613099913,1.268932663106245,2.4604423120621255,1.0223000253720222,47.69168019190836,8.703822829993442,0.9383072571945377,,nan,nan,nan,nan,nan,0.7370041626004359,0.4622,0.2673955236218557,75,75,75,75,75,0,0,0,150,150,0,1,False,False,4.0,0,nan,nan,nan,nan,1.0,126.5374245596017,0.009713184154639442,1.550916949065213,159.67132140951196,1.8471312870123962,102.95285089620789,102.95285089620789,2454.997219893578,50,logistic,100.0,stepsize_pilot
manuscript-pilot,L,pilot_logistic_d50_kX1e2_fr-kl,FR--KL,3602226593,76,0.02505146174459916,399.19264599239364,0.47699946419322714,nan,0.061448466073904015,0.34779676111625907,1.481471199029144,0.012177542723420825,0.596489405591467,1.1012008745562063,1.2617185008256764,2.4480327702988705,0.968769382304803,45.40294708442514,8.818907167005818,0.9505996772204526,,nan,nan,nan,nan,nan,0.7369957173176807,0.4624,0.26739370983020294,76,76,76,76,76,0,0,0,152,152,0,1,False,False,4.0,0,nan,nan,nan,nan,1.0,126.5374245596017,0.009713184154639442,1.550916949065213,159.67132140951196,1.8471312870123962,102.95285089620789,102.95285089620789,2337.1814207156112,50,logistic,100.0,stepsize_pilot
manuscript-pilot,L,pilot_logistic_d50_kX1e2_fr-kl,FR--KL,3602226593,77,0.02505146174459916,399.16928491889286,0.45363839069244705,nan,0.05839533455080006,0.3401879287951529,1.4418346146754901,0.012110080192078612,0.5951618648849201,1.098757636769353,1.2547376939373678,2.4360202644994353,0.9182747430951461,43.22941968463236,8.933685862983111,0.9631192062515765,,nan,nan,nan,nan,nan,0.7369867040877837,0.4628,0.26739166256287816,77,77,77,77,77,0,0,0,154,154,0,1,False,False,4.0,0,nan,nan,nan,nan,1.0,126.5374245596017,0.009713184154639442,1.550916949065213,159.67132140951196,1.8471312870123962,102.95285089620789,102.95285089620789,2225.295999560767,50,logistic,100.0,stepsize_pilot
manuscript-pilot,L,pilot_logistic_d50_kX1e2_fr-kl,FR--KL,3602226593,78,0.02505146174459916,399.14713858533986,0.43149205713945094,nan,0.05550370848601429,0.3327738761025167,1.4034382747375342,0.012044806371638744,0.5938690100313357,1.09637838394708,1.2479806634661694,2.4243888634840816,0.8706263864834766,41.1649093395748,9.050303549971431,0.9755514462594874,,nan,nan,nan,nan,nan,0.73697716520514,0.463,0.267389397838716,78,78,78,78,78,0,0,0,156,156,0,1,False,False,4.0,0,nan,nan,nan,nan,1.0,126.5374245596017,0.009713184154639442,1.550916949065213,159.67132140951196,1.8471312870123962,102.95285089620789,102.95285089620789,2119.0223866965725,50,logistic,100.0,stepsize_pilot
manuscript-pilot,L,pilot_logistic_d50_kX1e2_fr-kl,FR--KL,3602226593,79,0.02505146174459916,399.1261387287927,0.4104922005922731,nan,0.05276435545869712,0.3255481654195529,1.3662341267921048,0.011981632427778267,0.5926098156257515,1.0940612208925853,1.241438331778725,2.4131234483055155,0.8256478156714869,39.203589230021066,9.16667874599807,0.9882029352593236,,nan,nan,nan,nan,nan,0.7369671404980781,0.463,0.2673869307607205,79,79,79,79,79,0,0,0,158,158,0,1,False,False,4.0,0,nan,nan,nan,nan,1.0,126.5374245596017,0.009713184154639442,1.550916949065213,159.67132140951196,1.8471312870123962,102.95285089620789,102.95285089620789,2018.060638297263,50,logistic,100.0,stepsize_pilot
manuscript-pilot,L,pilot_logistic_d50_kX1e2_fr-kl,FR--KL,3602226593,80,0.02505146174459916,399.1062213032417,0.3905747750412729,nan,0.05016862110983113,0.318504640634973,1.3301764700914307,0.011920474087265523,0.5913832918973038,1.0918043183468173,1.2351020902129322,2.402209661105963,0.78317472515022,37.33997091602372,9.285720903018955,1.0008152352529578,,nan,nan,nan,nan,nan,0.7369566674814382,0.4632,0.26738427557241917,80,80,80,80,80,0,0,0,160,160,0,1,False,False,4.0,0,nan,nan,nan,nan,1.0,126.5374245596017,0.009713184154639442,1.550916949065213,159.67132140951196,1.8471312870123962,102.95285089620789,102.95285089620789,1922.1282290930576,50,logistic,100.0,stepsize_pilot
manuscript-pilot,L,pilot_logistic_d50_kX1e2_fr-kl,FR--KL,3602226593,81,0.02505146174459916,399.0873261896225,0.3716796614220925,nan,0.047708389123389885,0.311637411718372,1.2952218134495437,0.01186125135016328,0.5901884832358523,1.0896059102600457,1.2289637691856854,2.391633857799597,0.7430540577818565,35.568882589164865,9.403698868991341,1.0133273642277345,,nan,nan,nan,nan,nan,0.7369457814984498,0.4632,0.26738144571026035,81,81,81,81,81,0,0,0,162,162,0,1,False,False,4.0,0,nan,nan,nan,nan,1.0,126.5374245596017,0.009713184154639442,1.550916949065213,159.67132140951196,1.8471312870123962,102.95285089620789,102.95285089620789,1830.9589328735012,50,logistic,100.0,stepsize_pilot
manuscript-pilot,L,pilot_logistic_d50_kX1e2_fr-kl,FR--KL,3602226593,82,0.02505146174459916,399.06939692814933,0.35375039994892177,nan,0.04537604428267858,0.304940840295361,1.261328743348584,0.01180388822352365,0.5890244667896698,1.087464291195173,1.2230156105609749,2.3813830642506266,0.7051431433807055,33.885448891595686,9.535304715973325,1.030537554237526,,nan,nan,nan,nan,nan,0.7369345158527538,0.4632,0.26737845385237136,82,82,82,82,82,0,0,0,164,164,0,1,False,False,4.0,0,nan,nan,nan,nan,1.0,126.5374245596017,0.009713184154639442,1.550916949065213,159.67132140951196,1.8471312870123962,102.95285089620789,102.95285089620789,1744.3017836437557,50,logistic,100.0,stepsize_pilot
manuscript-pilot,L,pilot_logistic_d50_kX1e2_fr-kl,FR--KL,3602226593,83,0.02505146174459916,399.0523804710448,0.33673394284437563,nan,0.04316443833996532,0.29840952614960475,1.2284578014165308,0.011748312474727494,0.5878903511303493,1.0853778138556123,1.217250242081863,2.3714449356494334,0.6693089109735553,32.28507217483483,9.668446412018966,1.0457851342507638,,nan,nan,nan,nan,nan,0.7369229019313529,0.4632,0.26737531196396586,83,83,83,83,83,0,0,0,166,166,0,1,False,False,4.0,0,nan,nan,nan,nan,1.0,126.5374245596017,0.009713184154639442,1.550916949065213,159.67132140951196,1.8471312870123962,102.95285089620789,102.95285089620789,1661.9201108945344,50,logistic,100.0,stepsize_pilot
manuscript-pilot,L,pilot_logistic_d50_kX1e2_fr-kl,FR--KL,3602226593,84,0.02505146174459916,399.03622695393545,0.3205804257350451,nan,0.04106685846201664,0.29203829458324837,1.1965713705074836,0.011694455402805434,0.5867852749812836,1.0833448867310058,1.2116606536890342,2.361807718817715,0.6354271677456095,30.763415082833102,9.782039197976701,1.0577809932874516,,nan,nan,nan,nan,nan,0.7369109693191945,0.4636,0.2673720313396611,84,84,84,84,84,0,0,0,168,168,0,1,False,False,4.0,0,nan,nan,nan,nan,1.0,126.5374245596017,0.009713184154639442,1.550916949065213,159.67132140951196,1.8471312870123962,102.95285089620789,102.95285089620789,1583.5906430405291,50,logistic,100.0,stepsize_pilot
manuscript-pilot,L,pilot_logistic_d50_kX1e2_fr-kl,FR--KL,3602226593,85,0.02505146174459916,399.0208894843365,0.3052429561361123,nan,0.03907699803644465,0.28582218457295216,1.1656335686868704,0.011642251626231425,0.5857084060063156,1.0813639718544203,1.2062401755656833,2.3524602171991136,0.6033819384084234,29.31638435419088,9.89590997499181,1.0700335932779126,,nan,nan,nan,nan,nan,0.7368987459060349,0.4632,0.26736862264294675,85,85,85,85,85,0,0,0,170,170,0,1,False,False,4.0,0,nan,nan,nan,nan,1.0,126.5374245596017,0.009713184154639442,1.550916949065213,159.67132140951196,1.8471312870123962,102.95285089620789,102.95285089620789,1509.1026736164624,50,logistic,100.0,stepsize_pilot
manuscript-pilot,L,pilot_logistic_d50_kX1e2_fr-kl,FR--KL,3602226593,86,0.02505146174459916,399.00632394580504,0.29067741760462695,nan,0.03718892964312732,0.2797564376639469,1.135610150487968,0.011591638885821834,0.5846589396553086,1.079433582665064,1.2009824577638823,2.3433917583147044,0.5730648593742381,27.940115747755716,10.00955137098208,1.0820414722547866,,nan,nan,nan,nan,nan,0.7368862579861722,0.4632,0.26736509594302216,86,86,86,86,86,0,0,0,172,172,0,1,False,False,4.0,0,nan,nan,nan,nan,1.0,126.5374245596017,0.009713184154639442,1.550916949065213,159.67132140951196,1.8471312870123962,102.95285089620789,102.95285089620789,1438.257285300737,50,logistic,100.0,stepsize_pilot
manuscript-pilot,L,pilot_logistic_d50_kX1e2_fr-kl,FR--KL,3602226593,87,0.02505146174459916,398.9924888164648,0.2768422882643904,nan,0.03539708001341652,0.27383648754924383,1.1064684148634991,0.011542557861508262,0.5836360980636601,1.0775522819708854,1.1958814512811289,2.3345921634831055,0.5443746226950692,26.630960004249985,10.121646628016606,1.094384152267594,,nan,nan,nan,nan,nan,0.7368735303515928,0.4632,0.2673614607492021,87,87,87,87,87,0,0,0,174,174,0,1,False,False,4.0,0,nan,nan,nan,nan,1.0,126.5374245596017,0.009713184154639442,1.550916949065213,159.67132140951196,1.8471312870123962,102.95285089620789,102.95285089620789,1370.8666272702076,50,logistic,100.0,stepsize_pilot
manuscript-pilot,L,pilot_logistic_d50_kX1e2_fr-kl,FR--KL,3602226593,88,0.02505146174459916,398.9793450007292,0.26369847252880163,nan,0.03369620681537552,0.26805795028541646,1.078177119307719,0.011494952001854812,0.5826391290028303,1.0757186800057639,1.1909313904681424,2.3260517196234147,0.5172164652350709,25.385469764175504,10.234904785000253,1.1064043622463942,,nan,nan,nan,nan,nan,0.7368605863790187,0.4632,0.2673577260430746,88,88,88,88,88,0,0,0,176,176,0,1,False,False,4.0,0,nan,nan,nan,nan,1.0,126.5374245596017,0.009713184154639442,1.550916949065213,159.67132140951196,1.8471312870123962,102.95285089620789,102.95285089620789,1306.7532417806726,50,logistic,100.0,stepsize_pilot
manuscript-pilot,L,pilot_logistic_d50_kX1e2_fr-kl,FR--KL,3602226593,89,0.02505146174459916,398.9668556731558,0.25120914495539637,nan,0.032081377118054304,0.26241661510026265,1.050706399670869,0.011448767365303604,0.5816673048792688,1.073931432576307,1.186126776659902,2.317761152975578,0.4915016989991703,24.200387369106842,10.347356100974139,1.118596641230397,,nan,nan,nan,nan,nan,0.7368474481113158,0.463,0.26735390030857675,89,89,89,89,89,0,0,0,178,178,0,1,False,False,4.0,0,nan,nan,nan,nan,1.0,126.5374245596017,0.009713184154639442,1.550916949065213,159.67132140951196,1.8471312870123962,102.95285089620789,102.95285089620789,1245.7494362210603,50,logistic,100.0,stepsize_pilot
manuscript-pilot,L,pilot_logistic_d50_kX1e2_fr-kl,FR--KL,3602226593,90,0.02505146174459916,398.95498613345524,0.2393396052548269,nan,0.030547947400618287,0.2569084357512148,1.0240276952298117,0.011403952472217356,0.580719921779155,1.072189239293551,1.18146236293183,2.309711604587695,0.46714727894419017,23.07263347969411,10.459076587983873,1.1306159812374972,,nan,nan,nan,nan,nan,0.7368341363336687,0.4628,0.26734999156014283,90,90,90,90,90,0,0,0,180,180,0,1,False,False,4.0,0,nan,nan,nan,nan,1.0,126.5374245596017,0.009713184154639442,1.550916949065213,159.67132140951196,1.8471312870123962,102.95285089620789,102.95285089620789,1187.696697208897,50,logistic,100.0,stepsize_pilot
manuscript-pilot,L,pilot_logistic_d50_kX1e2_fr-kl,FR--KL,3602226593,91,0.02505146174459916,398.943703671773,0.22805714357258466,nan,0.029091544984065316,0.25152952239658527,0.998113678616419,0.011360458166874676,0.579796298556594,1.0704908418851435,1.1769331398918457,2.301894607433055,0.44407540496046555,21.9992964493174,10.570560554973781,1.1428158512571827,,nan,nan,nan,nan,nan,0.7368206706449127,0.463,0.26734600736906466,91,91,91,91,91,0,0,0,182,182,0,1,False,False,4.0,0,nan,nan,nan,nan,1.0,126.5374245596017,0.009713184154639442,1.550916949065213,159.67132140951196,1.8471312870123962,102.95285089620789,102.95285089620789,1132.445143584021,50,logistic,100.0,stepsize_pilot
manuscript-pilot,L,pilot_logistic_d50_kX1e2_fr-kl,FR--KL,3602226593,92,0.02505146174459916,398.9329774434329,0.2173309152324805,nan,0.02770805077425892,0.24627613394469478,0.972938190239478,0.011318237488646538,0.5788957759629983,1.0688350225838146,1.1725343224270508,2.294302065031755,0.42221315503283385,20.977622397431197,10.684557371016126,1.1553033102536574,,nan,nan,nan,nan,nan,0.7368070695243653,0.463,0.2673419548881943,92,92,92,92,92,0,0,0,184,184,0,1,False,False,4.0,0,nan,nan,nan,nan,1.0,126.5374245596017,0.009713184154639442,1.550916949065213,159.67132140951196,1.8471312870123962,102.95285089620789,102.95285089620789,1079.8530154198388,50,logistic,100.0,stepsize_pilot
manuscript-pilot,L,pilot_logistic_d50_kX1e2_fr-kl,FR--KL,3602226593,93,0.02505146174459916,398.9227783524051,0.20713182420468002,nan,0.026393583213592326,0.24114467084861377,0.9484761768667913,0.011277245551650876,0.5780177158155508,1.0672206025882365,1.1682613373309922,2.2869262314626213,0.40149214687827184,20.00500593126073,10.803178077971097,1.1675595602137037,,nan,nan,nan,nan,nan,0.7367933503944795,0.4634,0.26733784087510587,93,93,93,93,93,0,0,0,186,186,0,1,False,False,4.0,0,nan,nan,nan,nan,1.0,126.5374245596017,0.009713184154639442,1.550916949065213,159.67132140951196,1.8471312870123962,102.95285089620789,102.95285089620789,1029.7861964094166,50,logistic,100.0,stepsize_pilot
manuscript-pilot,L,pilot_logistic_d50_kX1e2_fr-kl,FR--KL,3602226593,94,0.02505146174459916,398.9130789428246,0.19743241462418837,nan,0.025144483348564707,0.23613166831671795,0.9247036340620798,0.011237439432241219,0.5771615002027277,1.065646440592524,1.164109811743877,2.2797596926609245,0.38184822561469434,19.07898146871289,10.918658463982865,1.179834179172758,,nan,nan,nan,nan,nan,0.7367795296796187,0.4634,0.2673336717138279,94,94,94,94,94,0,0,0,188,188,0,1,False,False,4.0,0,nan,nan,nan,nan,1.0,126.5374245596017,0.009713184154639442,1.550916949065213,159.67132140951196,1.8471312870123962,102.95285089620789,102.95285089620789,982.1177671999524,50,logistic,100.0,stepsize_pilot
manuscript-pilot,L,pilot_logistic_d50_kX1e2_fr-kl,FR--KL,3602226593,95,0.02505146174459916,398.9038532979438,0.18820676974337402,nan,0.023957300927752032,0.2312337899115004,0.9015975521967189,0.011198778063743874,0.5763265307250198,1.0641114313809068,1.1600755623440715,2.2727953489063193,0.36322117524665243,18.197215119182424,11.03326230100356,1.1920853491756134,,nan,nan,nan,nan,nan,0.7367656228612198,0.4634,0.26732945343524467,95,95,95,95,95,0,0,0,190,190,0,1,False,False,4.0,0,nan,nan,nan,nan,1.0,126.5374245596017,0.009713184154639442,1.550916949065213,159.67132140951196,1.8471312870123962,102.95285089620789,102.95285089620789,936.7275874457007,50,logistic,100.0,stepsize_pilot
manuscript-pilot,L,pilot_logistic_d50_kX1e2_fr-kl,FR--KL,3602226593,96,0.02505146174459916,398.8950769459534,0.17943041775299662,nan,0.022828781451807188,0.2264478215111531,0.8791358657793187,0.011161222137902656,0.5755122277690329,1.0626145044842463,1.1561545852344224,2.2660263984133886,0.3455544519599122,17.357497082411964,11.148084656975698,1.2051711282110773,,nan,nan,nan,nan,nan,0.7367516445295993,0.4636,0.26732519173625996,96,96,96,96,96,0,0,0,192,192,0,1,False,False,4.0,0,nan,nan,nan,nan,1.0,126.5374245596017,0.009713184154639442,1.550916949065213,159.67132140951196,1.8471312870123962,102.95285089620789,102.95285089620789,893.5019045284581,50,logistic,100.0,stepsize_pilot
manuscript-pilot,L,pilot_logistic_d50_kX1e2_fr-kl,FR--KL,3602226593,97,0.02505146174459916,398.88672677215686,0.17108024395645316,nan,0.021755854104021234,0.22177066561031322,0.8572974058670783,0.011124734012540301,0.5747180298133376,1.0611546228952926,1.1523430464717586,2.259446321944536,0.328794937403875,16.55773452872922,11.264543514000252,1.2179537182091735,,nan,nan,nan,nan,nan,0.7367376084326303,0.4636,0.2673208919978085,97,97,97,97,97,0,0,0,194,194,0,1,False,False,4.0,0,nan,nan,nan,nan,1.0,126.5374245596017,0.009713184154639442,1.550916949065213,159.67132140951196,1.8471312870123962,102.95285089620789,102.95285089620789,852.3329870576232,50,logistic,100.0,stepsize_pilot
manuscript-pilot,L,pilot_logistic_d50_kX1e2_fr-kl,FR--KL,3602226593,98,0.02505146174459916,398.8787809370224,0.16313440882197483,nan,0.02073562049551323,0.2171993359381046,0.8360618553418543,0.011089277624984446,0.5739433927644273,1.0597307818397448,1.148637273192284,2.2530488683715397,0.3128927103069444,15.795944926873842,11.392594090022612,1.2352937872055918,,nan,nan,nan,nan,nan,0.7367235275215082,0.4636,0.26731655930179304,98,98,98,98,98,0,0,0,196,196,0,1,False,False,4.0,0,nan,nan,nan,nan,1.0,126.5374245596017,0.009713184154639442,1.550916949065213,159.67132140951196,1.8471312870123962,102.95285089620789,102.95285089620789,813.1187814105742,50,logistic,100.0,stepsize_pilot
manuscript-pilot,L,pilot_logistic_d50_kX1e2_fr-kl,FR--KL,3602226593,99,0.02505146174459916,398.8712187996781,0.1555722714776948,nan,0.01976534416478618,0.21273095237319883,0.8154097068512318,0.011054818410841749,0.5731877893213189,1.0583420076003223,1.1450337452895056,2.246828041118093,0.2978008349210429,15.07024978826255,11.52100726601202,1.248004846216645,,nan,nan,nan,nan,nan,0.7367094139937963,0.4634,0.267312198447021,99,99,99,99,99,0,0,0,198,198,0,1,False,False,4.0,0,nan,nan,nan,nan,1.0,126.5374245596017,0.009713184154639442,1.550916949065213,159.67132140951196,1.8471312870123962,102.95285089620789,102.95285089620789,775.7625897097987,50,logistic,100.0,stepsize_pilot
manuscript-pilot,L,pilot_logistic_d50_kX1e2_fr-kl,FR--KL,3602226593,100,0.02505146174459916,398.8640208464512,0.14837431825077374,nan,0.01884244077615124,0.20836273613707518,0.795322223230564,0.011021323227739115,0.5724507083673727,1.0569873563912329,1.141529087604863,2.2407780854211103,0.28347516492646346,14.378868798948787,11.655330331996083,1.2636668052291498,,nan,nan,nan,nan,nan,0.7366952793339382,0.4634,0.2673078139642061,100,100,100,100,100,0,0,0,200,200,0,1,False,False,4.0,0,nan,nan,nan,nan,1.0,126.5374245596017,0.009713184154639442,1.550916949065213,159.67132140951196,1.8471312870123962,102.95285089620789,102.95285089620789,740.1727677571525,50,logistic,100.0,stepsize_pilot
manuscript-pilot,L,pilot_logistic_d50_kX1e2_fr-kl,FR--KL,3602226593,101,0.02505146174459916,398.85716862408395,0.1415220958835448,nan,0.017964468965996655,0.20409200524800994,0.7757814002364468,0.010988760283684357,0.5717316543879882,1.05566591328055,1.1381200625945385,2.2348934763535655,0.26987416155103666,13.720114312735063,11.783615098975133,1.2762250552186742,,nan,nan,nan,nan,nan,0.7366811343514037,0.4634,0.26730341013009845,101,101,101,101,101,0,0,0,202,202,0,1,False,False,4.0,0,nan,nan,nan,nan,1.0,126.5374245596017,0.009713184154639442,1.550916949065213,159.67132140951196,1.8471312870123962,102.95285089620789,102.95285089620789,706.2624415589679,50,logistic,100.0,stepsize_pilot
manuscript-pilot,L,pilot_logistic_d50_kX1e2_fr-kl,FR--KL,3602226593,102,0.02505146174459916,398.8506446772888,0.13499814908840335,nan,0.01712912178990262,0.19991617021955757,0.7567699314351424,0.010957099069718148,0.5710301469129165,1.0543767911581587,1.1348035634388218,2.2291689075561485,0.2569587247671614,13.092386180912003,11.90143230499234,1.2890798752196133,,nan,nan,nan,nan,nan,0.7366669892166232,0.4634,0.26729899098079984,102,102,102,102,102,0,0,0,204,204,0,1,False,False,4.0,0,nan,nan,nan,nan,1.0,126.5374245596017,0.009713184154639442,1.550916949065213,159.67132140951196,1.8471312870123962,102.95285089620789,102.95285089620789,673.9492411795006,50,logistic,100.0,stepsize_pilot
manuscript-pilot,L,pilot_logistic_d50_kX1e2_fr-kl,FR--KL,3602226593,103,0.02505146174459916,398.844432490331,0.12878596213056426,nan,0.01633421872775122,0.19583272998842863,0.738271175101451,0.01092631029656581,0.5703457199819844,1.053119129747069,1.1315766075631095,2.223599280629125,0.2446920365304776,12.494166895945662,12.016283041972201,1.3012392352102324,,nan,nan,nan,nan,nan,0.736652853494856,0.4634,0.2672945603243176,103,103,103,103,103,0,0,0,206,206,0,1,False,False,4.0,0,nan,nan,nan,nan,1.0,126.5374245596017,0.009713184154639442,1.550916949065213,159.67132140951196,1.8471312870123962,102.95285089620789,102.95285089620789,643.1550507553129,50,logistic,100.0,stepsize_pilot
manuscript-pilot,L,pilot_logistic_d50_kX1e2_fr-kl,FR--KL,3602226593,104,0.02505146174459916,398.83851643235437,0.12286990415395849,nan,0.015577698206346873,0.19183926805771534,0.7202691229946288,0.01089636583501082,0.5696779216331181,1.0518920946559647,1.1284363305420866,2.218179695139638,0.233039415113809,11.924017028123053,12.129950948001351,1.3136768442345783,,nan,nan,nan,nan,nan,0.7366387361781265,0.4636,0.2672901217524058,104,104,104,104,104,0,0,0,208,208,0,1,False,False,4.0,0,nan,nan,nan,nan,1.0,126.5374245596017,0.009713184154639442,1.550916949065213,159.67132140951196,1.8471312870123962,102.95285089620789,102.95285089620789,613.8057735900961,50,logistic,100.0,stepsize_pilot
manuscript-pilot,L,pilot_logistic_d50_kX1e2_fr-kl,FR--KL,3602226593,105,0.02505146174459916,398.83288170618465,0.11723517798424155,nan,0.014857610603713234,0.18793344884239233,0.7027483708877881,0.01086723865973973,0.5690263134115665,1.0506948764710493,1.1253799803607902,2.212905439203001,0.22196817967167354,11.380570935722378,12.245206634979695,1.3262021042173728,,nan,nan,nan,nan,nan,0.7366246457153512,0.4636,0.26728567865174063,105,105,105,105,105,0,0,0,210,210,0,1,False,False,4.0,0,nan,nan,nan,nan,1.0,126.5374245596017,0.009713184154639442,1.550916949065213,159.67132140951196,1.8471312870123962,102.95285089620789,102.95285089620789,585.8311113295695,50,logistic,100.0,stepsize_pilot
manuscript-pilot,L,pilot_logistic_d50_kX1e2_fr-kl,FR--KL,3602226593,106,0.02505146174459916,398.8275143003673,0.1118677721668746,nan,0.01417211170050657,0.18411301420490242,0.6856940907366273,0.010838902796423326,0.5683904698993504,1.0495266898852766,1.1224049120084174,2.2077719805998366,0.21144752424438967,10.862532730699087,12.359636571025476,1.338855873211287,,nan,nan,nan,nan,nan,0.7366105900407727,0.4638,0.2672812342144707,106,106,106,106,106,0,0,0,212,212,0,1,False,False,4.0,0,nan,nan,nan,nan,1.0,126.5374245596017,0.009713184154639442,1.550916949065213,159.67132140951196,1.8471312870123962,102.95285089620789,102.95285089620789,559.1643562894186,50,logistic,100.0,stepsize_pilot
manuscript-pilot,L,pilot_logistic_d50_kX1e2_fr-kl,FR--KL,3602226593,107,0.02505146174459916,398.82240094421655,0.10675441601614466,nan,0.013519456547638576,0.18037578016947564,0.6690920043816062,0.01081133327182059,0.567769978263933,1.0483867728632157,1.119508582382456,2.2027749583936482,0.2014484004781641,10.368672483188025,12.474800618016161,1.3511155032319948,,nan,nan,nan,nan,nan,0.7365965766008067,0.4638,0.2672767914481835,107,107,107,107,107,0,0,0,214,214,0,1,False,False,4.0,0,nan,nan,nan,nan,1.0,126.5374245596017,0.009713184154639442,1.550916949065213,159.67132140951196,1.8471312870123962,102.95285089620789,102.95285089620789,533.7421960766333,50,logistic,100.0,stepsize_pilot
manuscript-pilot,L,pilot_logistic_d50_kX1e2_fr-kl,FR--KL,3602226593,108,0.02505146174459916,398.81752906566663,0.10188253746622422,nan,0.012897993721226625,0.17671963380458455,0.6529283586855325,0.010784506066702896,0.5671644378252528,1.0472743858398577,1.1166885454825526,2.1979101750161694,0.19194340839806648,9.897822649328136,12.589150514977518,1.3633279732312076,,nan,nan,nan,nan,nan,0.7365826123794026,0.4638,0.26727235318532255,108,108,108,108,108,0,0,0,216,216,0,1,False,False,4.0,0,nan,nan,nan,nan,1.0,126.5374245596017,0.009713184154639442,1.550916949065213,159.67132140951196,1.8471312870123962,102.95285089620789,102.95285089620789,509.50452970669267,50,logistic,100.0,stepsize_pilot
manuscript-pilot,L,pilot_logistic_d50_kX1e2_fr-kl,FR--KL,3602226593,109,0.02505146174459916,398.81288675173346,0.09724022353304917,nan,0.012306159937979835,0.1731425302636487,0.6371899020155992,0.010758398071417711,0.5665734596402174,1.0461888109517723,1.1139424478749658,2.193173588790181,0.18290669462618,9.448874708025306,12.701960920996498,1.3753078932641074,,nan,nan,nan,nan,nan,0.7365687039220086,0.4638,0.26726792209209105,109,109,109,109,109,0,0,0,218,218,0,1,False,False,4.0,0,nan,nan,nan,nan,1.0,126.5374245596017,0.009713184154639442,1.550916949065213,159.67132140951196,1.8471312870123962,102.95285089620789,102.95285089620789,486.3942944761379,50,logistic,100.0,stepsize_pilot
manuscript-pilot,L,pilot_logistic_d50_kX1e2_fr-kl,FR--KL,3602226593,110,0.02505146174459916,398.80846271141064,0.09281618321023188,nan,0.011742475006805428,0.16964248997475684,0.621863861985405,0.010732987043917555,0.5659966661038763,1.0451293512991102,1.1112680244099895,2.1885613068617538,0.17431385748754152,9.020775993288424,12.81523417797871,1.3875990032684058,,nan,nan,nan,nan,nan,0.7365548573582275,0.4638,0.2672635006768728,110,110,110,110,110,0,0,0,220,220,0,1,False,False,4.0,0,nan,nan,nan,nan,1.0,126.5374245596017,0.009713184154639442,1.550916949065213,159.67132140951196,1.8471312870123962,102.95285089620789,102.95285089620789,464.3573029025558,50,logistic,100.0,stepsize_pilot
manuscript-pilot,L,pilot_logistic_d50_kX1e2_fr-kl,FR--KL,3602226593,111,0.02505146174459916,398.8042462408357,0.08859971263530042,nan,0.011205537093157122,0.16621759597077645,0.6069379243786055,0.010708251570097683,0.565433690566469,1.0440953302370202,1.1086630941759552,2.1840695785158726,0.16614185849206495,8.612526709717745,12.928288794006221,1.3997333922307007,,nan,nan,nan,nan,nan,0.7365410784232458,0.4638,0.26725909129819914,111,111,111,111,111,0,0,0,222,222,0,1,False,False,4.0,0,nan,nan,nan,nan,1.0,126.5374245596017,0.009713184154639442,1.550916949065213,159.67132140951196,1.8471312870123962,102.95285089620789,102.95285089620789,443.3420890925879,50,logistic,100.0,stepsize_pilot
manuscript-pilot,L,pilot_logistic_d50_kX1e2_fr-kl,FR--KL,3602226593,112,0.02505146174459916,398.80022719057183,0.08458066237142248,nan,0.010694018275690524,0.16286599135178603,0.5924002131812415,0.01068417102629515,0.5648841769656562,1.0430860906951316,1.106125556674659,2.179694788851302,0.15836893972230456,8.22317711959082,13.041042150987778,1.4119948822190054,,nan,nan,nan,nan,nan,0.7365273724781047,0.4636,0.26725469617229125,112,112,112,112,112,0,0,0,224,224,0,1,False,False,4.0,0,nan,nan,nan,nan,1.0,126.5374245596017,0.009713184154639442,1.550916949065213,159.67132140951196,1.8471312870123962,102.95285089620789,102.95285089620789,423.2997639431695,50,logistic,100.0,stepsize_pilot
manuscript-pilot,L,pilot_logistic_d50_kX1e2_fr-kl,FR--KL,3602226593,113,0.02505146174459916,398.79639593486854,0.0807494066681329,nan,0.01020666037501621,0.15958587687228448,0.5782392716550341,0.01066072554381288,0.5643477794732042,1.042100994523803,1.1036533882041626,2.1754334527922823,0.15097454669497798,7.851824890794539,13.157932098023593,1.4252903521992266,,nan,nan,nan,nan,nan,0.7365137445288903,0.4638,0.2672503173802013,113,113,113,113,113,0,0,0,226,226,0,1,False,False,4.0,0,nan,nan,nan,nan,1.0,126.5374245596017,0.009713184154639442,1.550916949065213,159.67132140951196,1.8471312870123962,102.95285089620789,102.95285089620789,404.1838786225506,50,logistic,100.0,stepsize_pilot
manuscript-pilot,L,pilot_logistic_d50_kX1e2_fr-kl,FR--KL,3602226593,114,0.02505146174459916,398.7927433427673,0.07709681456691442,nan,0.009742271036837419,0.15637550864611438,0.564444044388501,0.010637895975341937,0.5638241621554785,1.041139421865937,1.1012446384359125,2.1712822094161948,0.14393925629861454,7.497612595589496,13.27249274397036,1.4376461711945012,,nan,nan,nan,nan,nan,0.7365001992448993,0.4638,0.2672459568745773,114,114,114,114,114,0,0,0,228,228,0,1,False,False,4.0,0,nan,nan,nan,nan,1.0,126.5374245596017,0.009713184154639442,1.550916949065213,159.67132140951196,1.8471312870123962,102.95285089620789,102.95285089620789,385.9502958156265,50,logistic,100.0,stepsize_pilot
manuscript-pilot,L,pilot_logistic_d50_kX1e2_fr-kl,FR--KL,3602226593,115,0.02505146174459916,398.789260750933,0.07361422273260132,nan,0.009299720052472659,0.15323319596248933,0.5510038602671963,0.01061566386316546,0.563312998647128,1.0402007705531928,1.0988974271740621,2.1672378165778325,0.1372447094413633,7.159725350880374,13.387071250996087,1.4506808212026954,,nan,nan,nan,nan,nan,0.7364867409758488,0.4638,0.2672416164860745,115,115,115,115,115,0,0,0,230,230,0,1,False,False,4.0,0,nan,nan,nan,nan,1.0,126.5374245596017,0.009713184154639442,1.550916949065213,159.67132140951196,1.8471312870123962,102.95285089620789,102.95285089620789,368.55706825349216,50,logistic,100.0,stepsize_pilot
manuscript-pilot,L,pilot_logistic_d50_kX1e2_fr-kl,FR--KL,3602226593,116,0.02505146174459916,398.78593993809756,0.07029340989714683,nan,0.008877935901069185,0.15015729920692725,0.5379084163083175,0.010594011409032458,0.562813971837372,1.0392844555255032,1.0966099412857464,2.1632971458122485,0.13087354807186424,6.837388591294715,13.519660537014715,1.4628610612126067,,nan,nan,nan,nan,nan,0.73647337376818,0.4638,0.2672372979294318,116,116,116,116,116,0,0,0,232,232,0,1,False,False,4.0,0,nan,nan,nan,nan,1.0,126.5374245596017,0.009713184154639442,1.550916949065213,159.67132140951196,1.8471312870123962,102.95285089620789,102.95285089620789,351.9643240794976,50,logistic,100.0,stepsize_pilot
manuscript-pilot,L,pilot_logistic_d50_kX1e2_fr-kl,FR--KL,3602226593,117,0.02505146174459916,398.78277310101254,0.06712657281212842,nan,0.008475902499227214,0.14714622788127957,0.525147762308624,0.010572921445602687,0.5623267735682893,1.0383899082728634,1.0943804317918269,2.1594571774993927,0.12480935626245784,6.529865966962587,13.626835773990024,1.4716508712153882,,nan,nan,nan,nan,nan,0.7364601013805124,0.4642,0.2672330028092359,117,117,117,117,117,0,0,0,234,234,0,1,False,False,4.0,0,nan,nan,nan,nan,1.0,126.5374245596017,0.009713184154639442,1.550916949065213,159.67132140951196,1.8471312870123962,102.95285089620789,102.95285089620789,336.13415863445965,50,logistic,100.0,stepsize_pilot
manuscript-pilot,L,pilot_logistic_d50_kX1e2_fr-kl,FR--KL,3602226593,118,0.02505146174459916,398.77975283181297,0.06410630361256153,nan,0.008092656144321706,0.1441984387174161,0.5127122862580685,0.010552377409366001,0.5618511043446349,1.0375165762983807,1.0922072111083696,2.1557149962748823,0.11903660506814771,6.236457358427163,13.736307749990374,1.4838166001718491,,nan,nan,nan,nan,nan,0.7364469272982966,0.4644,0.2672287326253881,118,118,118,118,118,0,0,0,236,236,0,1,False,False,4.0,0,nan,nan,nan,nan,1.0,126.5374245596017,0.009713184154639442,1.550916949065213,159.67132140951196,1.8471312870123962,102.95285089620789,102.95285089620789,321.030532271354,50,logistic,100.0,stepsize_pilot
manuscript-pilot,L,pilot_logistic_d50_kX1e2_fr-kl,FR--KL,3602226593,119,0.02505146174459916,398.776872096702,0.061225568501583894,nan,0.007727282639096619,0.1413124338794488,0.500592700474688,0.010532363314947165,0.561386673054631,1.0366639226016765,1.0900886504297902,2.152067786672369,0.11354060089669278,5.956497001622121,13.846300016972236,1.492694050190039,,nan,nan,nan,nan,nan,0.7364338547477101,0.4644,0.2672244887782926,119,119,119,119,119,0,0,0,238,238,0,1,False,False,4.0,0,nan,nan,nan,nan,1.0,126.5374245596017,0.009713184154639442,1.550916949065213,159.67132140951196,1.8471312870123962,102.95285089620789,102.95285089620789,306.6191738358547,50,logistic,100.0,stepsize_pilot
manuscript-pilot,L,pilot_logistic_d50_kX1e2_fr-kl,FR--KL,3602226593,120,0.02505146174459916,398.77412421587354,0.05847768767313255,nan,0.007378914585984156,0.13848675924969803,0.4887800284192186,0.010512863730716646,0.5609331967012599,1.0358314251817209,1.0880231772451945,2.1485128289838498,0.1083074371457616,5.689351716315373,13.952333893976174,1.501621970150154,,nan,nan,nan,nan,nan,0.7364208867088431,0.4642,0.2672202725737817,120,120,120,120,120,0,0,0,240,240,0,1,False,False,4.0,0,nan,nan,nan,nan,1.0,126.5374245596017,0.009713184154639442,1.550916949065213,159.67132140951196,1.8471312870123962,102.95285089620789,102.95285089620789,292.8674894729495,50,logistic,100.0,stepsize_pilot
manuscript-pilot,L,pilot_logistic_d50_kX1e2_fr-kl,FR--KL,3602226593,121,0.02505146174459916,398.7715028445941,0.05585631639371513,nan,0.00704672884021009,0.1357200027938967,0.4772655921506216,0.010493863755627178,0.5604904001436248,1.0350185765582682,1.086009272980074,2.145047495325268,0.10332394888123275,5.434419231852526,14.062921861012,1.5138520501204766,,nan,nan,nan,nan,nan,0.7364080259282104,0.4642,0.2672160852277928,121,121,121,121,121,0,0,0,242,242,0,1,False,False,4.0,0,nan,nan,nan,nan,1.0,126.5374245596017,0.009713184154639442,1.550916949065213,159.67132140951196,1.8471312870123962,102.95285089620789,102.95285089620789,279.7444764421979,50,logistic,100.0,stepsize_pilot
manuscript-pilot,L,pilot_logistic_d50_kX1e2_fr-kl,FR--KL,3602226593,122,0.02505146174459916,398.76900195537087,0.053355427170458825,nan,0.0067299441115888595,0.13301079300139704,0.4660410003862594,0.010475348997207149,0.5600580158479004,1.0342248833110785,1.0840454707559524,2.1416692458955384,0.09857767034812999,5.191126604432169,14.17023801698815,1.5226368891308084,,nan,nan,nan,nan,nan,0.7363952749306302,0.464,0.26721192787081016,122,122,122,122,122,0,0,0,244,244,0,1,False,False,4.0,0,nan,nan,nan,nan,1.0,126.5374245596017,0.009713184154639442,1.550916949065213,159.67132140951196,1.8471312870123962,102.95285089620789,102.95285089620789,267.22064164472056,50,logistic,100.0,stepsize_pilot
manuscript-pilot,L,pilot_logistic_d50_kX1e2_fr-kl,FR--KL,3602226593,123,0.02505146174459916,398.7666158211391,0.05096929293870289,nan,0.006427818705761776,0.1303577973963994,0.4550981371327191,0.010457305550642356,0.5596357836475047,1.033449865636169,1.082130353261165,2.138375625417915,0.09405679512098167,4.9589287205200225,14.280394763976801,1.5345415091724135,,nan,nan,nan,nan,nan,0.7363826360305027,0.464,0.2672078015520864,123,123,123,123,123,0,0,0,246,246,0,1,False,False,4.0,0,nan,nan,nan,nan,1.0,126.5374245596017,0.009713184154639442,1.550916949065213,159.67132140951196,1.8471312870123962,102.95285089620789,102.95285089620789,255.26792458430953,50,logistic,100.0,stepsize_pilot
manuscript-pilot,L,pilot_logistic_d50_kX1e2_fr-kl,FR--KL,3602226593,124,0.02505146174459916,398.76433899940497,0.04869247120456066,nan,0.006139648395880734,0.12775972111646047,0.44442915085554596,0.010439719978884055,0.5592234505120603,1.0326930569183554,1.080262550726354,2.1351642597533504,0.08975013871499207,4.7373068813536054,14.393589960993268,1.5469011291861534,,nan,nan,nan,nan,nan,0.7363701113425246,0.4638,0.26720370724365367,124,124,124,124,124,0,0,0,248,248,0,1,False,False,4.0,0,nan,nan,nan,nan,1.0,126.5374245596017,0.009713184154639442,1.550916949065213,159.67132140951196,1.8471312870123962,102.95285089620789,102.95285089620789,243.85962450278782,50,logistic,100.0,stepsize_pilot
manuscript-pilot,L,pilot_logistic_d50_kX1e2_fr-kl,FR--KL,3602226593,125,0.02505146174459916,398.76216631728613,0.046519789085721186,nan,0.005864764417017897,0.12521530555475643,0.43402644415803904,0.01042257929372505,0.5588207703247989,1.0319540033193921,1.0784407389986594,2.1320328526761547,0.08564710349247258,4.525767463811075,14.507401786977425,1.5593066682340577,,nan,nan,nan,nan,nan,0.7363577027918676,0.4638,0.2671996458441381,125,125,125,125,125,0,0,0,250,250,0,1,False,False,4.0,0,nan,nan,nan,nan,1.0,126.5374245596017,0.009713184154639442,1.550916949065213,159.67132140951196,1.8471312870123962,102.95285089620789,102.95285089620789,232.97033144632445,50,logistic,100.0,stepsize_pilot
manuscript-pilot,L,pilot_logistic_d50_kX1e2_fr-kl,FR--KL,3602226593,126,0.02505146174459916,398.7600928573932,0.044446329192794565,nan,0.005602531575134116,0.1227233270627907,0.423882663941285,0.01040587093778854,0.5584275036680278,1.031232263381057,1.0766636377090673,2.1289791828028943,0.08173764571115917,4.323840653217908,14.62162760400679,1.5713106482289732,,nan,nan,nan,nan,nan,0.736345412123852,0.4638,0.2671956181823861,126,126,126,126,126,0,0,0,252,252,0,1,False,False,4.0,0,nan,nan,nan,nan,1.0,126.5374245596017,0.009713184154639442,1.550916949065213,159.67132140951196,1.8471312870123962,102.95285089620789,102.95285089620789,222.57586103485193,50,logistic,100.0,stepsize_pilot
manuscript-pilot,L,pilot_logistic_d50_kX1e2_fr-kl,FR--KL,3602226593,127,0.02505146174459916,398.7581139445034,0.04246741630299766,nan,0.005352346464017526,0.12028259571041754,0.41399069201920713,0.010389582767379134,0.5580434176163392,1.0305274076425468,1.0749300085276057,2.1260011006660324,0.07801224457214852,4.131079243943042,14.731748330988921,1.583289088215679,,nan,nan,nan,nan,nan,0.7363332409131425,0.4642,0.2671916250209148,127,127,127,127,127,0,0,0,254,254,0,1,False,False,4.0,0,nan,nan,nan,nan,1.0,126.5374245596017,0.009713184154639442,1.550916949065213,159.67132140951196,1.8471312870123962,102.95285089620789,102.95285089620789,212.6531927210429,50,logistic,100.0,stepsize_pilot
manuscript-pilot,L,pilot_logistic_d50_kX1e2_fr-kl,FR--KL,3602226593,128,0.02505146174459916,398.75622513297554,0.04057860477513486,nan,0.005113635783369402,0.11789195410024518,0.4043436361640746,0.010373703036147692,0.5576682855372289,1.02983901827159,1.0732386535015486,2.1230965259243426,0.07446187313566385,3.9470575038958304,14.843337006983347,1.5951588472235017,,nan,nan,nan,nan,nan,0.7363211905724918,0.464,0.2671876670591945,128,128,128,128,128,0,0,0,256,256,0,1,False,False,4.0,0,nan,nan,nan,nan,1.0,126.5374245596017,0.009713184154639442,1.550916949065213,159.67132140951196,1.8471312870123962,102.95285089620789,102.95285089620789,203.18041133867226,50,logistic,100.0,stepsize_pilot
manuscript-pilot,L,pilot_logistic_d50_kX1e2_fr-kl,FR--KL,3602226593,129,0.02505146174459916,398.7544221948648,0.03877566666437815,nan,0.004885854751796124,0.1155502762336451,0.39493482155947274,0.010358220379525803,0.5573018868988184,1.0291666887086925,1.0715884134719786,2.120263444702657,0.0710779709820124,3.7713700992773704,14.953443033969961,1.6070457672467455,,nan,nan,nan,nan,nan,0.7363092623610553,0.464,0.2671837449367724,129,129,129,129,129,0,0,0,258,258,0,1,False,False,4.0,0,nan,nan,nan,nan,1.0,126.5374245596017,0.009713184154639442,1.550916949065213,159.67132140951196,1.8471312870123962,102.95285089620789,102.95285089620789,194.13665175265925,50,logistic,100.0,stepsize_pilot
manuscript-pilot,L,pilot_logistic_d50_kX1e2_fr-kl,FR--KL,3602226593,130,0.02505146174459916,398.7527011086934,0.037054580492963396,nan,0.004668485609045529,0.11325646642575145,0.38575778263906174,0.01034312379988592,0.5569440070843792,1.0285100233239952,1.0699781665644568,2.117499907053948,0.06785241850415148,3.603631076164204,15.06235372100491,1.6159708172781393,,nan,nan,nan,nan,nan,0.7362974573923015,0.464,0.2671798592362464,130,130,130,130,130,0,0,0,260,260,0,1,False,False,4.0,0,nan,nan,nan,nan,1.0,126.5374245596017,0.009713184154639442,1.550916949065213,159.67132140951196,1.8471312870123962,102.95285089620789,102.95285089620789,185.50204643463658,50,logistic,100.0,stepsize_pilot
manuscript-pilot,L,pilot_logistic_d50_kX1e2_fr-kl,FR--KL,3602226593,131,0.02505146174459916,398.75105804883765,0.035411520637239846,nan,0.004461036202164118,0.11100945826698919,0.37680625529078615,0.010328402652390717,0.5565944372134013,1.0278686370862122,1.0684068267497187,2.114804024537141,0.06477751272616174,3.443472895713576,15.168123707990162,1.624935637228191,,nan,nan,nan,nan,nan,0.7362857766415378,0.464,0.2671760104860969,131,131,131,131,131,0,0,0,262,262,0,1,False,False,4.0,0,nan,nan,nan,nan,1.0,126.5374245596017,0.009713184154639442,1.550916949065213,159.67132140951196,1.8471312870123962,102.95285089620789,102.95285089620789,177.2576757987659,50,logistic,100.0,stepsize_pilot
manuscript-pilot,L,pilot_logistic_d50_kX1e2_fr-kl,FR--KL,3602226593,132,0.02505146174459916,398.7494893754979,0.03384284729747833,nan,0.004263038650224682,0.10880821362880203,0.36807416940745863,0.010314046631491092,0.5562529739689042,1.0272421552431494,1.0668733424706422,2.112173967904559,0.061845944549422334,3.290545519974711,15.272497294994537,1.6336453572730534,,nan,nan,nan,nan,nan,0.7362742209530728,0.464,0.2671721991633831,132,132,132,132,132,0,0,0,264,264,0,1,False,False,4.0,0,nan,nan,nan,nan,1.0,126.5374245596017,0.009713184154639442,1.550916949065213,159.67132140951196,1.8471312870123962,102.95285089620789,102.95285089620789,169.38552114257004,50,logistic,100.0,stepsize_pilot
manuscript-pilot,L,pilot_logistic_d50_kX1e2_fr-kl,FR--KL,3602226593,133,0.02505146174459916,398.7479916252131,0.03234509701269417,nan,0.0040740480834083,0.10665172171138501,0.3595556417657058,0.010300045758041063,0.5559194194307838,1.026630213013362,1.065376695331921,2.1096079648931396,0.059050777335082946,3.144515545474661,15.377731270971708,1.642421516298782,,nan,nan,nan,nan,nan,0.7362627910470337,0.464,0.2671684256963117,133,133,133,133,133,0,0,0,266,266,0,1,False,False,4.0,0,nan,nan,nan,nan,1.0,126.5374245596017,0.009713184154639442,1.550916949065213,159.67132140951196,1.8471312870123962,102.95285089620789,102.95285089620789,161.86842004702973,50,logistic,100.0,stepsize_pilot
manuscript-pilot,L,pilot_logistic_d50_kX1e2_fr-kl,FR--KL,3602226593,134,0.02505146174459916,398.7465615018915,0.030914973691096748,nan,0.003893641451515436,0.10453899813134904,0.3512449692163779,0.010286390366995173,0.5555935809148996,1.0260324552884583,1.0639158988490984,2.107104298114022,0.056385426737965254,3.005065381916818,15.483840238011908,1.6511086262762547,,nan,nan,nan,nan,nan,0.7362514875258567,0.464,0.2671646904666845,134,134,134,134,134,0,0,0,268,268,0,1,False,False,4.0,0,nan,nan,nan,nan,1.0,126.5374245596017,0.009713184154639442,1.550916949065213,159.67132140951196,1.8471312870123962,102.95285089620789,102.95285089620789,154.69002409891854,50,logistic,100.0,stepsize_pilot
manuscript-pilot,L,pilot_logistic_d50_kX1e2_fr-kl,FR--KL,3602226593,135,0.02505146174459916,398.7451958683248,0.029549340124390255,nan,0.003721416398173483,0.10246908404735824,0.3431366221705197,0.010273071095657848,0.5552752708177119,1.0254485363456713,1.0624899972538555,2.10466130303538,0.05384364171260909,2.8718924734916613,15.59493427502457,1.6636984362849034,,nan,nan,nan,nan,nan,0.7362403108804664,0.464,0.26716099381223024,135,135,135,135,135,0,0,0,270,270,0,1,False,False,4.0,0,nan,nan,nan,nan,1.0,126.5374245596017,0.009713184154639442,1.550916949065213,159.67132140951196,1.8471312870123962,102.95285089620789,102.95285089620789,147.8347588066638,50,logistic,100.0,stepsize_pilot
manuscript-pilot,L,pilot_logistic_d50_kX1e2_fr-kl,FR--KL,3602226593,136,0.02505146174459916,398.7438917381595,0.02824520995909552,nan,0.0035569901966804305,0.10044104532188806,0.33522523836586676,0.010260078872456556,0.5549643064662336,1.0248781195702388,1.0610980643525776,2.102277366053664,0.051419486617913686,2.744708560447074,15.70358737197239,1.6725510563119315,,nan,nan,nan,nan,nan,0.7362292614961632,0.4642,0.26715733602882785,136,136,136,136,136,0,0,0,272,272,0,1,False,False,4.0,0,nan,nan,nan,nan,1.0,126.5374245596017,0.009713184154639442,1.550916949065213,159.67132140951196,1.8471312870123962,102.95285089620789,102.95285089620789,141.287785588626,50,logistic,100.0,stepsize_pilot
manuscript-pilot,L,pilot_logistic_d50_kX1e2_fr-kl,FR--KL,3602226593,137,0.02505146174459916,398.7426462682983,0.0269997400978923,nan,0.003399998743858899,0.09845397171735674,0.3275056168998008,0.01024740490621105,0.554660509973071,1.0243208771872527,1.0597392024354406,2.099950922648752,0.049107324351591694,2.6232389787066057,15.807246588985436,1.6813760263612494,,nan,nan,nan,nan,nan,0.736218339658228,0.4642,0.26715371737262555,137,137,137,137,137,0,0,0,274,274,0,1,False,False,4.0,0,nan,nan,nan,nan,1.0,126.5374245596017,0.009713184154639442,1.550916949065213,159.67132140951196,1.8471312870123962,102.95285089620789,102.95285089620789,135.03496571995043,50,logistic,100.0,stepsize_pilot
manuscript-pilot,L,pilot_logistic_d50_kX1e2_fr-kl,FR--KL,3602226593,138,0.02505146174459916,398.74145675170723,0.025810223506823604,nan,0.0032500956086841323,0.09650697612497425,0.3199727125153847,0.010235040675872603,0.5543637080963909,1.0237764900025614,1.05841254123342,2.0976804556187147,0.04690180045049209,2.507221995453329,15.909975075977854,1.6900739063858055,,nan,nan,nan,nan,nan,0.7362075455572643,0.464,0.26715013806206106,138,138,138,138,138,0,0,0,276,276,0,1,False,False,4.0,0,nan,nan,nan,nan,1.0,126.5374245596017,0.009713184154639442,1.550916949065213,159.67132140951196,1.8471312870123962,102.95285089620789,102.95285089620789,129.06282613079924,50,logistic,100.0,stepsize_pilot
manuscript-pilot,L,pilot_logistic_d50_kX1e2_fr-kl,FR--KL,3602226593,139,0.02505146174459916,398.7403206106044,0.024674082403976172,nan,0.0031069511323711823,0.09459919382474209,0.31262163012796945,0.010222977920711203,0.5540737321045732,1.0232446471524006,1.0571172369207418,2.0954644933901907,0.044797828097092256,2.396408178720774,16.012249072024133,1.6987993954098783,,nan,nan,nan,nan,nan,0.7361968792942872,0.464,0.26714659827978876,139,139,139,139,139,0,0,0,278,278,0,1,False,False,4.0,0,nan,nan,nan,nan,1.0,126.5374245596017,0.009713184154639442,1.550916949065213,159.67132140951196,1.8471312870123962,102.95285089620789,102.95285089620789,123.35852695514603,50,logistic,100.0,stepsize_pilot
manuscript-pilot,L,pilot_logistic_d50_kX1e2_fr-kl,FR--KL,3602226593,140,0.02505146174459916,398.73923539000975,0.023588861809344053,nan,0.0029702515769134455,0.09272978177512653,0.30544761958049654,0.010211208630925074,0.5537904176454117,1.0227250458613955,1.0558524711605017,2.093301608400585,0.0427905739763845,2.2905597991457083,16.11562951898668,1.7075210144394077,,nan,nan,nan,nan,nan,0.7361863408855728,0.464,0.2671430981745175,140,140,140,140,140,0,0,0,280,280,0,1,False,False,4.0,0,nan,nan,nan,nan,1.0,126.5374245596017,0.009713184154639442,1.550916949065213,159.67132140951196,1.8471312870123962,102.95285089620789,102.95285089620789,117.90983073514758,50,logistic,100.0,stepsize_pilot
manuscript-pilot,L,pilot_logistic_d50_kX1e2_fr-kl,FR--KL,3602226593,141,0.02505146174459916,398.7381987516356,0.02255222343518426,nan,0.00283969831955652,0.0908979179309983,0.29844607061633843,0.010199725038654092,0.5535136046196465,1.0222173912086145,1.0546174501912406,2.0911904155484957,0.040875444931265985,2.1894502621454617,16.21762796601979,1.716161593387369,,nan,nan,nan,nan,nan,0.7361759302672803,0.4638,0.2671396378627635,141,141,141,141,141,0,0,0,282,282,0,1,False,False,4.0,0,nan,nan,nan,nan,1.0,126.5374245596017,0.009713184154639442,1.550916949065213,159.67132140951196,1.8471312870123962,102.95285089620789,102.95285089620789,112.7050731916621,50,logistic,100.0,stepsize_pilot
manuscript-pilot,L,pilot_logistic_d50_kX1e2_fr-kl,FR--KL,3602226593,142,0.02505146174459916,398.73720846809675,0.02156193989634403,nan,0.002715007090047458,0.08910280058851663,0.29161250805909983,0.01018851960937455,0.5532431370586979,1.0217213959013753,1.0534114039524574,2.089129570709039,0.03904807536780808,2.092863568882582,16.320988442981616,1.7248439724207856,,nan,nan,nan,nan,nan,0.736165647299858,0.4638,0.26713621743052324,142,142,142,142,142,0,0,0,284,284,0,1,False,False,4.0,0,nan,nan,nan,nan,1.0,126.5374245596017,0.009713184154639442,1.550916949065213,159.67132140951196,1.8471312870123962,102.95285089620789,102.95285089620789,107.7331354766366,50,logistic,100.0,stepsize_pilot
manuscript-pilot,L,pilot_logistic_d50_kX1e2_fr-kl,FR--KL,3602226593,143,0.02505146174459916,398.7362624174253,0.020615889224870898,nan,0.0025959072489298756,0.08734364775569406,0.2849425871894182,0.010177585033658246,0.5529788630064141,1.0212367800564837,1.0522335852470792,2.087117769310853,0.0373043153650448,2.00059380447444,16.423680479987524,1.7335226524155587,,nan,nan,nan,nan,nan,0.7361554917722433,0.4638,0.26713283693486894,143,143,143,143,143,0,0,0,286,286,0,1,False,False,4.0,0,nan,nan,nan,nan,1.0,126.5374245596017,0.009713184154639442,1.550916949065213,159.67132140951196,1.8471312870123962,102.95285089620789,102.95285089620789,102.98341782796678,50,logistic,100.0,stepsize_pilot
manuscript-pilot,L,pilot_logistic_d50_kX1e2_fr-kl,FR--KL,3602226593,144,0.02505146174459916,398.7353585778702,0.01971204966980622,nan,0.0024821411038605428,0.08561969654745599,0.27843208930933944,0.010166914219276344,0.5527206344046851,1.0207632709886427,1.0510832689391287,2.0851537449718047,0.035640219446942054,1.9124446519934435,16.52753780700732,1.742262942425441,,nan,nan,nan,nan,nan,0.7361454634058664,0.4638,0.2671294964054721,144,144,144,144,144,0,0,0,288,288,0,1,False,False,4.0,0,nan,nan,nan,nan,1.0,126.5374245596017,0.009713184154639442,1.550916949065213,159.67132140951196,1.8471312870123962,102.95285089620789,102.95285089620789,98.44581455196524,50,logistic,100.0,stepsize_pilot
manuscript-pilot,L,pilot_logistic_d50_kX1e2_fr-kl,FR--KL,3602226593,145,0.02505146174459916,398.7344950229676,0.018848494767212287,nan,0.0023734632622819728,0.0839302026040617,0.2720769174853541,0.010156500283632495,0.5524683069827937,1.0203006030057553,1.049959751184795,2.0832362681905554,0.0340520359768544,1.8282289308860546,16.631733914022334,1.7511610224028118,,nan,nan,nan,nan,nan,0.7361355618584693,0.464,0.26712619584605674,145,145,145,145,145,0,0,0,290,290,0,1,False,False,4.0,0,nan,nan,nan,nan,1.0,126.5374245596017,0.009713184154639442,1.550916949065213,159.67132140951196,1.8471312870123962,102.95285089620789,102.95285089620789,94.11069026282244,50,logistic,100.0,stepsize_pilot
manuscript-pilot,L,pilot_logistic_d50_kX1e2_fr-kl,FR--KL,3602226593,146,0.02505146174459916,398.73366991686663,0.018023388666222218,nan,0.0022696400181457218,0.0822744395318177,0.2658730924616758,0.010146336546507852,0.5522217401503434,1.019848517210853,1.0488623486953315,2.0813641450913103,0.032536197137439014,1.7477681585177327,16.737202890974004,1.7599474623566493,,nan,nan,nan,nan,nan,0.7361257867277453,0.464,0.267122935235787,146,146,146,146,146,0,0,0,292,292,0,1,False,False,4.0,0,nan,nan,nan,nan,1.0,126.5374245596017,0.009713184154639442,1.550916949065213,159.67132140951196,1.8471312870123962,102.95285089620789,102.95285089620789,89.96885731250767,50,logistic,100.0,stepsize_pilot
manuscript-pilot,L,pilot_logistic_d50_kX1e2_fr-kl,FR--KL,3602226593,147,0.02505146174459916,398.7328815098961,0.01723498169570803,nan,0.0021704487709163387,0.08065169836506768,0.25981674873579363,0.010136416523104541,0.5519807968936228,1.0194067613104134,1.0477903980302428,2.07953621621921,0.03108930946129755,1.6708921336226037,16.842939498019405,1.7687537523452193,,nan,nan,nan,nan,nan,0.7361161375548121,0.464,0.2671197145305915,147,147,147,147,147,0,0,0,294,294,0,1,False,False,4.0,0,nan,nan,nan,nan,1.0,126.5374245596017,0.009713184154639442,1.550916949065213,159.67132140951196,1.8471312870123962,102.95285089620789,102.95285089620789,86.01155434824699,50,logistic,100.0,stepsize_pilot
manuscript-pilot,L,pilot_logistic_d50_kX1e2_fr-kl,FR--KL,3602226593,148,0.02505146174459916,398.73212813435913,0.016481606158720297,nan,0.0020756774749211672,0.07906128704849472,0.25390413078873236,0.010126733917371903,0.5517453436753189,1.0189750894288239,1.0467432549192586,2.077751355383989,0.02970814487992689,1.5974385405064555,16.947133464971557,1.7775101923616603,,nan,nan,nan,nan,nan,0.736106613827522,0.464,0.26711653366442795,148,148,148,148,148,0,0,0,296,296,0,1,False,False,4.0,0,nan,nan,nan,nan,1.0,126.5374245596017,0.009713184154639442,1.550916949065213,159.67132140951196,1.8471312870123962,102.95285089620789,102.95285089620789,82.23042593830824,50,logistic,100.0,stepsize_pilot
manuscript-pilot,L,pilot_logistic_d50_kX1e2_fr-kl,FR--KL,3602226593,149,0.02505146174459916,398.7314082005434,0.01576167234298964,nan,0.001985124117594644,0.07750252993882278,0.24813158946290925,0.010117282615601986,0.5515152503374033,1.018553261928759,1.0457202936117935,2.076008468549618,0.028389632260493767,1.5272525729154345,17.051327112014405,1.7862752323853783,,nan,nan,nan,nan,nan,0.7360972149836207,0.464,0.26711339255049055,149,149,149,149,149,0,0,0,298,298,0,1,False,False,4.0,0,nan,nan,nan,nan,1.0,126.5374245596017,0.009713184154639442,1.550916949065213,159.67132140951196,1.8471312870123962,102.95285089620789,102.95285089620789,78.61750321010602,50,logistic,100.0,stepsize_pilot
manuscript-pilot,L,pilot_logistic_d50_kX1e2_fr-kl,FR--KL,3602226593,150,0.02505146174459916,398.73072019293517,0.01507366473475713,nan,0.0018985962246145763,0.07597476732504858,0.24249557848079034,0.010108056680283898,0.5512903900071101,1.0181410452372683,1.0447209062525422,2.074306492767797,0.027130849402074646,1.4601865765438373,17.1538764279685,1.7949529414181598,,nan,nan,nan,nan,nan,0.7360879404137586,0.464,0.26711029108236223,150,150,150,150,150,0,0,0,300,300,0,1,False,False,4.0,0,nan,nan,nan,nan,1.0,126.5374245596017,0.009713184154639442,1.550916949065213,159.67132140951196,1.8471312870123962,102.95285089620789,102.95285089620789,75.1651854477807,50,logistic,100.0,stepsize_pilot
