tier,experiment,job_id,method,seed,iteration,step_size,objective,objective_gap,exact_gaussian_kl,w2_squared,mean_error,covariance_error,covariance_min_eigenvalue,covariance_max_eigenvalue,relative_covariance_min_eigenvalue,relative_covariance_max_eigenvalue,gaussian_core_rate,fisher_rao_residual_squared,bures_wasserstein_residual_squared,wall_time_seconds,algorithm_seconds,repair,equivariance_error_mean,equivariance_error_covariance,equivariance_error_back,local_gamma,local_lambda,predictive_nll,classification_error,brier,iterations,gradient_evaluations,hessian_evaluations,oracle_pairs,expectation_evaluations,matrix_exponentials,matrix_square_roots,eigendecompositions,cholesky_factorizations,cholesky_solves,roundoff_repairs,batch_size,quadratic_rescue,raw_mean_ablation,normalized_step_size,problem_instance,local_kl_gamma,local_discrete_rate,predicted_contraction,local_radius,alpha,beta,alpha_star,beta_star,kappa_star,lambda_0_star,lambda_0_star_max,lambda_max_star,certified_gap,grid_dimension,grid_family,grid_feature_condition,grid_role
manuscript-pilot,L,pilot_logistic_d50_kX1e2_fr-kl,FR--KL,3602226593,0,0.0,767.7933702295541,369.07772370135365,nan,30.898135161619525,8.029745762023783,245.3061502952845,1.0,1.0,1.847131287012389,102.95285089620805,147.43189234935107,10463.072107262384,18389.775361643668,0.0019498399924486876,0.0,,nan,nan,nan,nan,nan,0.693147180557945,0.4922,0.2499999999999998,0,0,0,0,0,0,0,0,0,0,0,1,False,False,8.0,0,nan,nan,nan,nan,1.0,126.5374245596017,0.009713184154639442,1.550916949065213,159.67132140951196,1.8471312870123962,102.95285089620789,102.95285089620789,946639.9004110257,50,logistic,100.0,stepsize_pilot
manuscript-pilot,L,pilot_logistic_d50_kX1e2_fr-kl,FR--KL,3602226593,1,0.05010292348919832,593.666544686233,194.9508981580326,nan,19.09673586931433,13.873828439762837,95.69344690390392,0.2928269081711958,0.9782111234449227,1.8065482397114516,30.289511343316256,45.27422727889405,2435.4914127758684,9575.15524692841,0.1115304259583354,0.011457699001766741,,nan,nan,nan,nan,nan,0.7723710923979658,0.465,0.2779311320317184,1,1,1,1,1,0,0,0,2,2,0,1,False,False,8.0,0,nan,nan,nan,nan,1.0,126.5374245596017,0.009713184154639442,1.550916949065213,159.67132140951196,1.8471312870123962,102.95285089620789,102.95285089620789,492894.76522252994,50,logistic,100.0,stepsize_pilot
manuscript-pilot,L,pilot_logistic_d50_kX1e2_fr-kl,FR--KL,3602226593,2,0.05010292348919832,509.44127249489014,110.72562596668973,nan,12.351026101875494,6.616293956658949,61.03721692991061,0.16728449993089953,0.9579825455513264,1.7688798197315398,18.204711959502426,26.942672356826485,943.9861491392002,6101.537394197188,0.2236692929873243,0.023399609024636447,,nan,nan,nan,nan,nan,0.7300719302338841,0.4582,0.26418908329993346,2,2,2,2,2,0,0,0,4,4,0,1,False,False,8.0,0,nan,nan,nan,nan,1.0,126.5374245596017,0.009713184154639442,1.550916949065213,159.67132140951196,1.8471312870123962,102.95285089620789,102.95285089620789,314085.33479120885,50,logistic,100.0,stepsize_pilot
manuscript-pilot,L,pilot_logistic_d50_kX1e2_fr-kl,FR--KL,3602226593,3,0.05010292348919832,475.0216208392243,76.30597431102387,nan,8.953614028293254,4.7316205786844225,42.9914765028954,0.11183561893240117,0.9352891873466407,1.7268263823155388,12.05735693014094,18.40954011768192,519.2481142141354,4553.826666585404,0.3586249689687975,0.038157018076162785,,nan,nan,nan,nan,nan,0.727600606504774,0.4596,0.26343939601186467,3,3,3,3,3,0,0,0,6,6,0,1,False,False,8.0,0,nan,nan,nan,nan,1.0,126.5374245596017,0.009713184154639442,1.550916949065213,159.67132140951196,1.8471312870123962,102.95285089620789,102.95285089620789,234414.71890607045,50,logistic,100.0,stepsize_pilot
manuscript-pilot,L,pilot_logistic_d50_kX1e2_fr-kl,FR--KL,3602226593,4,0.05010292348919832,455.01801215895125,56.30236563075084,nan,6.815833910801735,3.834664051824992,32.66535873073141,0.08307655676780054,0.9126340852944345,1.6849000263152105,8.854314746534115,13.910524624985642,325.68577364969804,3552.6706620098985,0.49334080499829724,0.05338632705388591,,nan,nan,nan,nan,nan,0.7289645972722888,0.461,0.26403563582385475,4,4,4,4,4,0,0,0,8,8,0,1,False,False,8.0,0,nan,nan,nan,nan,1.0,126.5374245596017,0.009713184154639442,1.550916949065213,159.67132140951196,1.8471312870123962,102.95285089620789,102.95285089620789,182878.78647461798,50,logistic,100.0,stepsize_pilot
manuscript-pilot,L,pilot_logistic_d50_kX1e2_fr-kl,FR--KL,3602226593,5,0.05010292348919832,441.97418907762426,43.25854254942385,nan,5.349227230906705,3.259362173411673,26.068068361762844,0.06588888207582612,0.8908005258931136,1.6445153484258341,6.96367125801749,11.19827799617441,220.51998675827073,2850.8768737521978,0.6211434910073876,0.06614550604717806,,nan,nan,nan,nan,nan,0.7305873255718615,0.4644,0.264696842879549,5,5,5,5,5,0,0,0,10,10,0,1,False,False,8.0,0,nan,nan,nan,nan,1.0,126.5374245596017,0.009713184154639442,1.550916949065213,159.67132140951196,1.8471312870123962,102.95285089620789,102.95285089620789,146752.95085342813,50,logistic,100.0,stepsize_pilot
manuscript-pilot,L,pilot_logistic_d50_kX1e2_fr-kl,FR--KL,3602226593,6,0.05010292348919832,432.897107276861,34.181460748660584,nan,4.2906275865696,2.84208939865585,21.510606927744135,0.05457868179046641,0.8700772960965161,1.6061974876600011,5.736813646013659,9.404841571145152,157.27194361438174,2334.940481426325,0.7390990179846995,0.07853316602995619,,nan,nan,nan,nan,nan,0.7320031389415761,0.4674,0.26526368380073784,6,6,6,6,6,0,0,0,12,12,0,1,False,False,8.0,0,nan,nan,nan,nan,1.0,126.5374245596017,0.009713184154639442,1.550916949065213,159.67132140951196,1.8471312870123962,102.95285089620789,102.95285089620789,120194.38961790172,50,logistic,100.0,stepsize_pilot
manuscript-pilot,L,pilot_logistic_d50_kX1e2_fr-kl,FR--KL,3602226593,7,0.05010292348919832,426.2921885208613,27.576541992660907,nan,3.499023572930059,2.5194440769865123,18.182064492685754,0.046622067992744834,0.85056517622045,1.5701288418671968,4.88477693563996,8.139414763709679,116.48635803471427,1942.2655871782395,0.8538610539981164,0.09064944501733407,,nan,nan,nan,nan,nan,0.7331692335793021,0.4658,0.2657272561024687,7,7,7,7,7,0,0,0,14,14,0,1,False,False,8.0,0,nan,nan,nan,nan,1.0,126.5374245596017,0.009713184154639442,1.550916949065213,159.67132140951196,1.8471312870123962,102.95285089620789,102.95285089620789,99980.88969879813,50,logistic,100.0,stepsize_pilot
manuscript-pilot,L,pilot_logistic_d50_kX1e2_fr-kl,FR--KL,3602226593,8,0.05010292348919832,421.3248454758945,22.609198947694097,nan,2.891173520671377,2.259939532908561,15.648715883496932,0.040759536357358066,0.8322758274689058,1.536328530194641,4.262642531633492,7.202946745977331,88.8000869766319,1635.3991411591633,0.9699771709856577,0.10296046506846324,,nan,nan,nan,nan,nan,0.7341164226668556,0.4658,0.2661028783829719,8,8,8,8,8,0,0,0,16,16,0,1,False,False,8.0,0,nan,nan,nan,nan,1.0,126.5374245596017,0.009713184154639442,1.550916949065213,159.67132140951196,1.8471312870123962,102.95285089620789,102.95285089620789,84184.5019677726,50,logistic,100.0,stepsize_pilot
manuscript-pilot,L,pilot_logistic_d50_kX1e2_fr-kl,FR--KL,3602226593,9,0.05010292348919832,417.4924866963437,18.77684016814328,nan,2.4146282535183436,2.0454823871196104,13.658608281701321,0.03628779848818773,0.8151757251314893,1.5047328038509376,3.790666660653413,6.484260406003334,69.24887381162775,1390.5580892800267,1.0835671969689429,0.11493507405975834,,nan,nan,nan,nan,nan,0.7348841013866979,0.4652,0.26640743154480606,9,9,9,9,9,0,0,0,18,18,0,1,False,False,8.0,0,nan,nan,nan,nan,1.0,126.5374245596017,0.009713184154639442,1.550916949065213,159.67132140951196,1.8471312870123962,102.95285089620789,102.95285089620789,71580.95981408091,50,logistic,100.0,stepsize_pilot
manuscript-pilot,L,pilot_logistic_d50_kX1e2_fr-kl,FR--KL,3602226593,10,0.05010292348919832,414.4749606677677,15.759314139567266,nan,2.0347036475395055,1.864659536671946,12.055714575108938,0.032780139104422734,0.7992086151099644,1.4752362956879639,3.4216876036230905,5.916721145928664,55.002658482060944,1191.9157581971565,1.197930603986606,0.12699895404512063,,nan,nan,nan,nan,nan,0.7355069441634305,0.4668,0.2666551561716281,10,10,10,10,10,0,0,0,20,20,0,1,False,False,8.0,0,nan,nan,nan,nan,1.0,126.5374245596017,0.009713184154639442,1.550916949065213,159.67132140951196,1.8471312870123962,102.95285089620789,102.95285089620789,61355.562667256,50,logistic,100.0,stepsize_pilot
manuscript-pilot,L,pilot_logistic_d50_kX1e2_fr-kl,FR--KL,3602226593,11,0.05010292348919832,412.0591767928351,13.343530264634694,nan,1.7275803494476365,1.7097960502448788,10.738383164577634,0.029964495179426467,0.7843077764674069,1.447714572393679,3.1261737633805997,5.458111499861346,44.35385510053241,1028.5335602162354,1.3143353309715167,0.1397916540154256,,nan,nan,nan,nan,nan,0.7360130413576921,0.4662,0.2668573421338891,11,11,11,11,11,0,0,0,22,22,0,1,False,False,8.0,0,nan,nan,nan,nan,1.0,126.5374245596017,0.009713184154639442,1.550916949065213,159.67132140951196,1.8471312870123962,102.95285089620789,102.95285089620789,52945.23113334378,50,logistic,100.0,stepsize_pilot
manuscript-pilot,L,pilot_logistic_d50_kX1e2_fr-kl,FR--KL,3602226593,12,0.05010292348919832,410.09818935957344,11.38254283137303,nan,1.4763933534309595,1.5754847037304838,9.637606065056772,0.02766054407014156,0.7704029204736279,1.4220368213855448,2.884759160824494,5.080458964624968,36.22393759619163,892.6115984440263,1.4296180169912986,0.15222587302559987,,nan,nan,nan,nan,nan,0.7364246334299595,0.4666,0.267022807248312,12,12,12,12,12,0,0,0,24,24,0,1,False,False,8.0,0,nan,nan,nan,nan,1.0,126.5374245596017,0.009713184154639442,1.550916949065213,159.67132140951196,1.8471312870123962,102.95285089620789,102.95285089620789,45948.45440141665,50,logistic,100.0,stepsize_pilot
manuscript-pilot,L,pilot_logistic_d50_kX1e2_fr-kl,FR--KL,3602226593,13,0.05010292348919832,408.48765856314805,9.772012034947636,nan,1.2688962056723647,1.4577780557043867,8.70491490905348,0.025744641519311412,0.7574240936629415,1.3980730204835314,2.684251761538463,4.764533373131207,29.90552790666265,778.4408247220186,1.543955853965599,0.16455481300363317,,nan,nan,nan,nan,nan,0.7367592655174089,0.4662,0.2671584418838754,13,13,13,13,13,0,0,0,26,26,0,1,False,False,8.0,0,nan,nan,nan,nan,1.0,126.5374245596017,0.009713184154639442,1.550916949065213,159.67132140951196,1.8471312870123962,102.95285089620789,102.95285089620789,40071.3510795634,50,logistic,100.0,stepsize_pilot
manuscript-pilot,L,pilot_logistic_d50_kX1e2_fr-kl,FR--KL,3602226593,14,0.05010292348919832,407.1516538539386,8.436007325738217,nan,1.0960050333531677,1.353712023932223,7.905280551674261,0.024129454933318552,0.7453038453558949,1.3756979107166796,2.5153744822867474,4.49669997007518,24.919759068295154,681.7489225686888,1.659760179987643,0.1770635419525206,,nan,nan,nan,nan,nan,0.7370308292725404,0.4668,0.26726966343579744,14,14,14,14,14,0,0,0,28,28,0,1,False,False,8.0,0,nan,nan,nan,nan,1.0,126.5374245596017,0.009713184154639442,1.550916949065213,159.67132140951196,1.8471312870123962,102.95285089620789,102.95285089620789,35093.99758693218,50,logistic,100.0,stepsize_pilot
manuscript-pilot,L,pilot_logistic_d50_kX1e2_fr-kl,FR--KL,3602226593,15,0.05010292348919832,406.0337488285202,7.318102300319765,nan,0.9508582641085921,1.261009198314719,7.212762850980384,0.022751688114894832,0.7339783680882208,1.3547930779169552,2.371424699045394,4.267034235367668,20.933601142773195,599.2773777962617,1.7821518969722092,0.19173471193062142,,nan,nan,nan,nan,nan,0.7372503950446079,0.4656,0.26736076609285875,15,15,15,15,15,0,0,0,30,30,0,1,False,False,8.0,0,nan,nan,nan,nan,1.0,126.5374245596017,0.009713184154639442,1.550916949065213,159.67132140951196,1.8471312870123962,102.95285089620789,102.95285089620789,30848.65726086438,50,logistic,100.0,stepsize_pilot
manuscript-pilot,L,pilot_logistic_d50_kX1e2_fr-kl,FR--KL,3602226593,16,0.05010292348919832,405.0912464248085,6.375599896608094,nan,0.8281908778759358,1.177885906476248,6.607745122980658,0.02156442351440393,0.7233880242220243,1.3352479050647905,2.2474461498392846,4.068147314909579,17.710001793008967,528.4996443599314,1.9056742530083284,0.2040810819598846,,nan,nan,nan,nan,nan,0.7374268507721672,0.4656,0.2674351833598674,16,16,16,16,16,0,0,0,32,32,0,1,False,False,8.0,0,nan,nan,nan,nan,1.0,126.5374245596017,0.009713184154639442,1.550916949065213,159.67132140951196,1.8471312870123962,102.95285089620789,102.95285089620789,27205.27254224336,50,logistic,100.0,stepsize_pilot
manuscript-pilot,L,pilot_logistic_d50_kX1e2_fr-kl,FR--KL,3602226593,17,0.05010292348919832,404.29132550977045,5.575678981570036,nan,0.7239070914760849,1.102922245186159,6.075119257762255,0.020532193159573876,0.7134775061741998,1.316959851546881,2.1396993939308238,3.8944291211929056,15.07677496973458,467.42834248216803,2.031840558978729,0.21968989097513258,,nan,nan,nan,nan,nan,0.7375673866018373,0.4668,0.26749568409954316,17,17,17,17,17,0,0,0,34,34,0,1,False,False,8.0,0,nan,nan,nan,nan,1.0,126.5374245596017,0.009713184154639442,1.550916949065213,159.67132140951196,1.8471312870123962,102.95285089620789,102.95285089620789,24061.540224114036,50,logistic,100.0,stepsize_pilot
manuscript-pilot,L,pilot_logistic_d50_kX1e2_fr-kl,FR--KL,3602226593,18,0.05010292348919832,403.6084049069016,4.892758378701217,nan,0.6347819289115872,1.0349719197248368,5.6030613511525145,0.01962771575300595,0.7041957810663334,1.2998343372184933,2.0453128837662713,3.741546120347994,12.906605420881627,414.4802951696752,2.1689511250006035,0.23203353997087106,,nan,nan,nan,nan,nan,0.7376778622078295,0.4666,0.2675445194009845,18,18,18,18,18,0,0,0,36,36,0,1,False,False,8.0,0,nan,nan,nan,nan,1.0,126.5374245596017,0.009713184154639442,1.550916949065213,159.67132140951196,1.8471312870123962,102.95285089620789,102.95285089620789,21335.964014009827,50,logistic,100.0,stepsize_pilot
manuscript-pilot,L,pilot_logistic_d50_kX1e2_fr-kl,FR--KL,3602226593,19,0.05010292348919832,403.022300482583,4.306653954382568,nan,0.5582486575177589,0.9730981225268629,5.182185454566008,0.018829682025913695,0.6954959127308427,1.2837844023963492,1.9620469328428527,3.6060994714956918,11.1038598643004,368.3801124217747,2.2986236810102127,0.24736343894619495,,nan,nan,nan,nan,nan,0.7377630864052162,0.4662,0.26758353336378876,19,19,19,19,19,0,0,0,38,38,0,1,False,False,8.0,0,nan,nan,nan,nan,1.0,126.5374245596017,0.009713184154639442,1.550916949065213,159.67132140951196,1.8471312870123962,102.95285089620789,102.95285089620789,18962.891393643567,50,logistic,100.0,stepsize_pilot
manuscript-pilot,L,pilot_logistic_d50_kX1e2_fr-kl,FR--KL,3602226593,20,0.05010292348919832,402.5169115857513,3.801265057550893,nan,0.49224472199651753,0.9165269436716501,4.804946000221259,0.018121217632620486,0.6873348186221605,1.2687302496377542,1.8881303114879506,3.4853870023956692,9.595686006892915,328.0900559014742,2.431774336961098,0.25952138792490587,,nan,nan,nan,nan,nan,0.737827031410953,0.4654,0.267614247364785,20,20,20,20,20,0,0,0,40,40,0,1,False,False,8.0,0,nan,nan,nan,nan,1.0,126.5374245596017,0.009713184154639442,1.550916949065213,159.67132140951196,1.8471312870123962,102.95285089620789,102.95285089620789,16888.903302876435,50,logistic,100.0,stepsize_pilot
manuscript-pilot,L,pilot_logistic_d50_kX1e2_fr-kl,FR--KL,3602226593,21,0.05010292348919832,402.07926854362586,3.363622015425449,nan,0.43509832931563386,0.864612882178428,4.465207695260549,0.017488794741387752,0.6796729972022446,1.2545987326387367,1.822144772047909,3.3772341182933445,8.32588141525088,292.758187261904,2.5471813839976676,0.27184165793005377,,nan,nan,nan,nan,nan,0.7378729982785625,0.4656,0.26763792472567793,21,21,21,21,21,0,0,0,42,42,0,1,False,False,8.0,0,nan,nan,nan,nan,1.0,126.5374245596017,0.009713184154639442,1.550916949065213,159.67132140951196,1.8471312870123962,102.95285089620789,102.95285089620789,15070.145000909404,50,logistic,100.0,stepsize_pilot
manuscript-pilot,L,pilot_logistic_d50_kX1e2_fr-kl,FR--KL,3602226593,22,0.05010292348919832,401.69883122655926,2.983184698358855,nan,0.3854437871402203,0.8168128922282499,4.157930609956927,0.016921447346397375,0.6724742475626494,1.241322832144939,1.7629419316166555,3.2798714996130216,7.2505922377591485,261.67947016301946,2.6616155399824493,0.2841598369413987,,nan,nan,nan,nan,nan,0.7379037456469725,0.465,0.2676556207827386,22,22,22,22,22,0,0,0,44,44,0,1,False,False,8.0,0,nan,nan,nan,nan,1.0,126.5374245596017,0.009713184154639442,1.550916949065213,159.67132140951196,1.8471312870123962,102.95285089620789,102.95285089620789,13470.323737145965,50,logistic,100.0,stepsize_pilot
manuscript-pilot,L,pilot_logistic_d50_kX1e2_fr-kl,FR--KL,3602226593,23,0.05010292348919832,401.36696525906046,2.651318730860055,nan,0.3421575067958114,0.7726665650668246,3.878936024251929,0.016410196273719355,0.6657053943090652,1.2288411426865067,1.7095824494936314,3.1918451964197434,6.3352453956333665,234.2662018229416,2.777952426986303,0.2965609469101764,,nan,nan,nan,nan,nan,0.737921590730394,0.4646,0.26766822199031787,23,23,23,23,23,0,0,0,46,46,0,1,False,False,8.0,0,nan,nan,nan,nan,1.0,126.5374245596017,0.009713184154639442,1.550916949065213,159.67132140951196,1.8471312870123962,102.95285089620789,102.95285089620789,12059.186673149085,50,logistic,100.0,stepsize_pilot
manuscript-pilot,L,pilot_logistic_d50_kX1e2_fr-kl,FR--KL,3602226593,24,0.05010292348919832,401.07654591564716,2.36089938744675,nan,0.30430907252380834,0.7317807971410278,3.624729872321881,0.015947621582527313,0.65933602518899,1.2170973837511723,1.6612908506559847,3.1119495611393355,5.552327512923327,210.02526487791368,2.892931393987965,0.30900170688983053,,nan,nan,nan,nan,nan,0.7379284891428567,0.4642,0.2676764767139405,24,24,24,24,24,0,0,0,48,48,0,1,False,False,8.0,0,nan,nan,nan,nan,1.0,126.5374245596017,0.009713184154639442,1.550916949065213,159.67132140951196,1.8471312870123962,102.95285089620789,102.95285089620789,10811.349889706169,50,logistic,100.0,stepsize_pilot
manuscript-pilot,L,pilot_logistic_d50_kX1e2_fr-kl,FR--KL,3602226593,25,0.05010292348919832,400.8216551104352,2.1060085822347787,nan,0.2711234398102219,0.693817788581306,3.3923679128275332,0.015527540275576755,0.65333824542843,1.2060399425553827,1.6174215132449976,3.0391765457136213,4.879754799987104,188.5404334641391,3.0076632399577647,0.3212167359306477,,nan,nan,nan,nan,nan,0.7379260984585633,0.464,0.2676810196707417,25,25,25,25,25,0,0,0,50,50,0,1,False,False,8.0,0,nan,nan,nan,nan,1.0,126.5374245596017,0.009713184154639442,1.550916949065213,159.67132140951196,1.8471312870123962,102.95285089620789,102.95285089620789,9705.387567169926,50,logistic,100.0,stepsize_pilot
manuscript-pilot,L,pilot_logistic_d50_kX1e2_fr-kl,FR--KL,3602226593,26,0.05010292348919832,400.5973471502267,1.881700622026301,nan,0.24195145296939943,0.6584855480049013,3.179351559586812,0.015144760379354052,0.6476864505314269,1.1956214515183472,1.5774327431537145,2.972676899874444,4.299661643055653,169.45847167755758,3.122285846970044,0.33348503592424095,,nan,nan,nan,nan,nan,0.7379158291775355,0.4638,0.2676823914727732,26,26,26,26,26,0,0,0,52,52,0,1,False,False,8.0,0,nan,nan,nan,nan,1.0,126.5374245596017,0.009713184154639442,1.550916949065213,159.67132140951196,1.8471312870123962,102.95285089620789,102.95285089620789,8723.116383859397,50,logistic,100.0,stepsize_pilot
manuscript-pilot,L,pilot_logistic_d50_kX1e2_fr-kl,FR--KL,3602226593,27,0.05010292348919832,400.39946588943457,1.683819361234157,nan,0.21624664977803978,0.625530307040522,2.983546537231227,0.014794891168621517,0.6423571179243145,1.185798401035213,1.5408667880818534,2.9117301429758253,3.797489986440002,152.47811034010357,3.2377276129554957,0.34558024490252137,,nan,nan,nan,nan,nan,0.7378988858647263,0.4634,0.2676810543646025,27,27,27,27,27,0,0,0,54,54,0,1,False,False,8.0,0,nan,nan,nan,nan,1.0,126.5374245596017,0.009713184154639442,1.550916949065213,159.67132140951196,1.8471312870123962,102.95285089620789,102.95285089620789,7849.028079390081,50,logistic,100.0,stepsize_pilot
manuscript-pilot,L,pilot_logistic_d50_kX1e2_fr-kl,FR--KL,3602226593,28,0.05010292348919832,400.22450073276264,1.5088542045622262,nan,0.1935468652533666,0.5947304065274202,2.8031187334583536,0.014474195188080933,0.6373286169980917,1.1765307866357138,1.5073342691621177,2.8557210849713845,3.361297563214329,137.3412314779802,3.3535792799666524,0.3577213548705913,,nan,nan,nan,nan,nan,0.7378763005668146,0.4632,0.26767740498051773,28,28,28,28,28,0,0,0,56,56,0,1,False,False,8.0,0,nan,nan,nan,nan,1.0,126.5374245596017,0.009713184154639442,1.550916949065213,159.67132140951196,1.8471312870123962,102.95285089620789,102.95285089620789,7069.835663127009,50,logistic,100.0,stepsize_pilot
manuscript-pilot,L,pilot_logistic_d50_kX1e2_fr-kl,FR--KL,3602226593,29,0.05010292348919832,400.0694722965584,1.3538257683579786,nan,0.17345953283573176,0.5658913286132217,2.63648315123396,0.014179471752833187,0.6325810366248459,1.1677817887494717,1.4765019366002754,2.8041212926700094,2.9812272316168666,123.82576274699376,3.472574225976132,0.370012913888786,,nan,nan,nan,nan,nan,0.7378489601182495,0.463,0.2676717847505224,29,29,29,29,29,0,0,0,58,58,0,1,False,False,8.0,0,nan,nan,nan,nan,1.0,126.5374245596017,0.009713184154639442,1.550916949065213,159.67132140951196,1.8471312870123962,102.95285089620789,102.95285089620789,6374.107644600209,50,logistic,100.0,stepsize_pilot
manuscript-pilot,L,pilot_logistic_d50_kX1e2_fr-kl,FR--KL,3602226593,30,0.05010292348919832,399.93184092659646,1.2161943983960555,nan,0.15564985864559072,0.5388416296123139,2.482262942669059,0.01390796441210078,0.628096028972481,1.1595174828475627,1.4480829534477975,2.7564743301349846,2.649096203401864,111.73990829777682,3.589863603003323,0.3823762139072642,,nan,nan,nan,nan,nan,0.7378176285798396,0.463,0.2676644884385614,30,30,30,30,30,0,0,0,60,60,0,1,False,False,8.0,0,nan,nan,nan,nan,1.0,126.5374245596017,0.009713184154639442,1.550916949065213,159.67132140951196,1.8471312870123962,102.95285089620789,102.95285089620789,5751.97105906846,50,logistic,100.0,stepsize_pilot
manuscript-pilot,L,pilot_logistic_d50_kX1e2_fr-kl,FR--KL,3602226593,31,0.05010292348919832,399.8094329840693,1.0937864558688943,nan,0.13983124607203729,0.5134295871628546,2.339256275594117,0.013657286837369153,0.6238566683339948,1.151706577541495,1.4218291213968914,2.712383908011392,2.3580753965387045,100.91743297462433,3.7055895989760756,0.39480576291680336,,nan,nan,nan,nan,nan,0.7377829657758556,0.4628,0.26765577118722406,31,31,31,31,31,0,0,0,62,62,0,1,False,False,8.0,0,nan,nan,nan,nan,1.0,126.5374245596017,0.009713184154639442,1.550916949065213,159.67132140951196,1.8471312870123962,102.95285089620789,102.95285089620789,5194.868714932258,50,logistic,100.0,stepsize_pilot
manuscript-pilot,L,pilot_logistic_d50_kX1e2_fr-kl,FR--KL,3602226593,32,0.05010292348919832,399.7003810565727,0.9847345283723143,nan,0.12575749600756114,0.4895204184317319,2.2064093394298827,0.013425363008051618,0.6198473236693923,1.1443201781958394,1.3975246122243286,2.671504295595559,2.1024371733827634,91.21378323930769,3.8230482660001144,0.40738847287138924,,nan,nan,nan,nan,nan,0.7377455426852284,0.4632,0.26764585436072075,32,32,32,32,32,0,0,0,64,64,0,1,False,False,8.0,0,nan,nan,nan,nan,1.0,126.5374245596017,0.009713184154639442,1.550916949065213,159.67132140951196,1.8471312870123962,102.95285089620789,102.95285089620789,4695.359512757719,50,logistic,100.0,stepsize_pilot
manuscript-pilot,L,pilot_logistic_d50_kX1e2_fr-kl,FR--KL,3602226593,33,0.05010292348919832,399.6030751648791,0.8874286366786919,nan,0.11321641787406997,0.4669939582937401,2.082794202787052,0.013210378588330827,0.6160535435947516,1.137331573685251,1.3749808766736724,2.633532508137964,1.8773554246836177,82.50287763101205,3.9424666019622236,0.42014795186696574,,nan,nan,nan,nan,nan,0.7377058542817067,0.463,0.267634930415193,33,33,33,33,33,0,0,0,66,66,0,1,False,False,8.0,0,nan,nan,nan,nan,1.0,126.5374245596017,0.009713184154639442,1.550916949065213,159.67132140951196,1.8471312870123962,102.95285089620789,102.95285089620789,4246.95322962682,50,logistic,100.0,stepsize_pilot
manuscript-pilot,L,pilot_logistic_d50_kX1e2_fr-kl,FR--KL,3602226593,34,0.05010292348919832,399.5161227139893,0.8004761857889093,nan,0.10202456881014982,0.4457427106190191,1.967590534844245,0.013010741134680719,0.6124619526207109,1.1307160440574895,1.3540324815672438,2.5982018980960313,1.678746050723836,74.67443665577775,4.061232998967171,0.4325293418369256,,nan,nan,nan,nan,nan,0.7376643302941999,0.4624,0.26762316697734206,34,34,34,34,34,0,0,0,68,68,0,1,False,False,8.0,0,nan,nan,nan,nan,1.0,126.5374245596017,0.009713184154639442,1.550916949065213,159.67132140951196,1.8471312870123962,102.95285089620789,102.95285089620789,3843.9730713902904,50,logistic,100.0,stepsize_pilot
manuscript-pilot,L,pilot_logistic_d50_kX1e2_fr-kl,FR--KL,3602226593,35,0.05010292348919832,399.4383154441277,0.7226689159272723,nan,0.0920229004840738,0.425670204189965,1.8600704259628942,0.012825047324313398,0.6090601575269599,1.1244506870244222,1.3345336842393463,2.5652768650615982,1.5031388580697393,67.63175007499616,4.177341444999911,0.4449888508534059,,nan,nan,nan,nan,nan,0.737621344262805,0.4628,0.2676107102752541,35,35,35,35,35,0,0,0,70,70,0,1,False,False,8.0,0,nan,nan,nan,nan,1.0,126.5374245596017,0.009713184154639442,1.550916949065213,159.67132140951196,1.8471312870123962,102.95285089620789,102.95285089620789,3481.440740660326,50,logistic,100.0,stepsize_pilot
manuscript-pilot,L,pilot_logistic_d50_kX1e2_fr-kl,FR--KL,3602226593,36,0.05010292348919832,399.36860202020665,0.6529554920062424,nan,0.08307314026933171,0.40668959885987355,1.7595857111399633,0.012652055805417586,0.6058366628503427,1.118514261374976,1.3163555968225735,2.5345484633499167,1.3475740636291635,61.28980100018711,4.2950368719757535,0.4574661008664407,,nan,nan,nan,nan,nan,0.7375772211914235,0.4628,0.2675976880364745,36,36,36,36,36,0,0,0,72,72,0,1,False,False,8.0,0,nan,nan,nan,nan,1.0,126.5374245596017,0.009713184154639442,1.550916949065213,159.67132140951196,1.8471312870123962,102.95285089620789,102.95285089620789,3154.9798719152473,50,logistic,100.0,stepsize_pilot
manuscript-pilot,L,pilot_logistic_d50_kX1e2_fr-kl,FR--KL,3602226593,37,0.05010292348919832,399.3060651896853,0.5904186614848754,nan,0.07505476978191825,0.3887224984545835,1.6655573275566475,0.01249066457900465,0.6027807945559962,1.1128870455766355,1.2993838255805827,2.50583073468607,1.2095182040365053,55.573682700663426,4.4139323979616165,0.4704143598792143,,nan,nan,nan,nan,nan,0.737532244039389,0.463,0.26758421194584925,37,37,37,37,37,0,0,0,74,74,0,1,False,False,8.0,0,nan,nan,nan,nan,1.0,126.5374245596017,0.009713184154639442,1.550916949065213,159.67132140951196,1.8471312870123962,102.95285089620789,102.95285089620789,2860.7345344172745,50,logistic,100.0,stepsize_pilot
manuscript-pilot,L,pilot_logistic_d50_kX1e2_fr-kl,FR--KL,3602226593,38,0.05010292348919832,399.24990266223887,0.5342561340384577,nan,0.06786249179438239,0.3716979353988797,1.5774663352009481,0.012339892056611651,0.5998826310499005,1.1075507099989517,1.2835164952478322,2.478957630262808,1.0867954459640015,50.41725682475974,4.538121015008073,0.4851461198995821,,nan,nan,nan,nan,nan,0.7374866592484202,0.463,0.26757037973792375,38,38,38,38,38,0,0,0,76,76,0,1,False,False,8.0,0,nan,nan,nan,nan,1.0,126.5374245596017,0.009713184154639442,1.550916949065213,159.67132140951196,1.8471312870123962,102.95285089620789,102.95285089620789,2595.3001622376455,50,logistic,100.0,stepsize_pilot
manuscript-pilot,L,pilot_logistic_d50_kX1e2_fr-kl,FR--KL,3602226593,39,0.05010292348919832,399.19941103730775,0.4837645091073455,nan,0.06140409833186973,0.35555149870265135,1.4948463049258094,0.012198861117449248,0.5971329407750636,1.1024882013494324,1.2686625872682045,2.453780414678128,0.9775311930708935,45.762011726517194,4.668839310994372,0.5015897099510767,,nan,nan,nan,nan,nan,0.7374406814646459,0.4632,0.26755627698466405,39,39,39,39,39,0,0,0,78,78,0,1,False,False,8.0,0,nan,nan,nan,nan,1.0,126.5374245596017,0.009713184154639442,1.550916949065213,159.67132140951196,1.8471312870123962,102.95285089620789,102.95285089620789,2355.6647849953124,50,logistic,100.0,stepsize_pilot
manuscript-pilot,L,pilot_logistic_d50_kX1e2_fr-kl,FR--KL,3602226593,40,0.05010292348919832,399.1539722398918,0.438325711691391,nan,0.05559866981282821,0.3402245821975897,1.4172768368843907,0.012066785626810057,0.5945231257113576,1.0976836380575603,1.2547405354052312,2.430165466064821,0.880105567037408,41.55608744441086,4.797664766956586,0.5188170799519867,,nan,nan,nan,nan,nan,0.7373944975863062,0.4632,0.2675419786281129,40,40,40,40,40,0,0,0,80,80,0,1,False,False,8.0,0,nan,nan,nan,nan,1.0,126.5374245596017,0.009713184154639442,1.550916949065213,159.67132140951196,1.8471312870123962,102.95285089620789,102.95285089620789,2139.1588372470965,50,logistic,100.0,stepsize_pilot
manuscript-pilot,L,pilot_logistic_d50_kX1e2_fr-kl,FR--KL,3602226593,41,0.05010292348919832,399.11304203009354,0.3973955018931292,nan,0.0503750485273176,0.3256637340940651,1.3443780181206795,0.011942958984863796,0.5920451701701731,1.0931222154755427,1.2416770335069105,2.4079924036823734,0.793114860219258,37.753440092924194,4.923163192986976,0.531559799972456,,nan,nan,nan,nan,nan,0.7373482702443751,0.4632,0.26752755029866865,41,41,41,41,41,0,0,0,82,82,0,1,False,False,8.0,0,nan,nan,nan,nan,1.0,126.5374245596017,0.009713184154639442,1.550916949065213,159.67132140951196,1.8471312870123962,102.95285089620789,102.95285089620789,1943.4121443528638,50,logistic,100.0,stepsize_pilot
manuscript-pilot,L,pilot_logistic_d50_kX1e2_fr-kl,FR--KL,3602226593,42,0.05010292348919832,399.0761402347277,0.3604937065272793,nan,0.045670540383229014,0.3118200922708709,1.275805664194875,0.01182674435884357,0.5896915943397314,1.0887901198849523,1.2294060190412406,2.3871524875204577,0.7153394569620399,34.313123373723045,5.039629179984331,0.5438272899482399,,nan,nan,nan,nan,nan,0.7373021408045582,0.4632,0.2675130494525068,42,42,42,42,42,0,0,0,84,84,0,1,False,False,8.0,0,nan,nan,nan,nan,1.0,126.5374245596017,0.009713184154639442,1.550916949065213,159.67132140951196,1.8471312870123962,102.95285089620789,102.95285089620789,1766.316937239041,50,logistic,100.0,stepsize_pilot
manuscript-pilot,L,pilot_logistic_d50_kX1e2_fr-kl,FR--KL,3602226593,43,0.05010292348919832,399.0428424149235,0.3271958867230751,nan,0.04142980731993408,0.2986488924004218,1.2112472183327974,0.011717566317611793,0.5874554120951224,1.0846744504069037,1.2178678029615901,2.367547244927589,0.6457170294879659,31.198668872145014,5.158660455956124,0.5563557099667378,,nan,nan,nan,nan,nan,0.7372562319639011,0.4634,0.2674985263558703,43,43,43,43,43,0,0,0,86,86,0,1,False,False,8.0,0,nan,nan,nan,nan,1.0,126.5374245596017,0.009713184154639442,1.550916949065213,159.67132140951196,1.8471312870123962,102.95285089620789,102.95285089620789,1605.9959522770484,50,logistic,100.0,stepsize_pilot
manuscript-pilot,L,pilot_logistic_d50_kX1e2_fr-kl,FR--KL,3602226593,44,0.05010292348919832,399.01277273591825,0.29712620771783804,nan,0.03760391956621577,0.2861090381882775,1.1504182043956899,0.011614903639820059,0.5853300926394244,1.080763148010831,1.207008321951671,2.3490872875752675,0.5833200545539188,28.377549990881896,5.274469262978528,0.5688047799631022,,nan,nan,nan,nan,nan,0.7372106500028917,0.4636,0.267484024939261,44,44,44,44,44,0,0,0,88,88,0,1,False,False,8.0,0,nan,nan,nan,nan,1.0,126.5374245596017,0.009713184154639442,1.550916949065213,159.67132140951196,1.8471312870123962,102.95285089620789,102.95285089620789,1460.7748365054695,50,logistic,100.0,stepsize_pilot
manuscript-pilot,L,pilot_logistic_d50_kX1e2_fr-kl,FR--KL,3602226593,45,0.05010292348919832,398.9855978470952,0.2699513188948117,nan,0.03414954237080288,0.2741627247757656,1.0930591482499052,0.011518283108453329,0.5833095255890531,1.0770449309039454,1.196778493467504,2.3316912886840275,0.5273368851067309,25.820716950154548,5.3924688889528625,0.5814703099895269,,nan,nan,nan,nan,nan,0.7371654867438594,0.4636,0.2674695835407306,45,45,45,45,45,0,0,0,90,90,0,1,False,False,8.0,0,nan,nan,nan,nan,1.0,126.5374245596017,0.009713184154639442,1.550916949065213,159.67132140951196,1.8471312870123962,102.95285089620789,102.95285089620789,1329.1582111012199,50,logistic,100.0,stepsize_pilot
manuscript-pilot,L,pilot_logistic_d50_kX1e2_fr-kl,FR--KL,3602226593,46,0.05010292348919832,398.9610216140092,0.24537508580880285,nan,0.031028236237323415,0.26277510780101515,1.0389328968507756,0.011427274137835484,0.5813879891581847,1.073509235661024,1.1871336574870852,2.3152850957428983,0.47705575912150044,23.502192378932996,5.508976065961178,0.5939422600204125,,nan,nan,nan,nan,nan,0.7371208212582074,0.4636,0.26745523555434086,46,46,46,46,46,0,0,0,92,92,0,1,False,False,8.0,0,nan,nan,nan,nan,1.0,126.5374245596017,0.009713184154639442,1.550916949065213,159.67132140951196,1.8471312870123962,102.95285089620789,102.95285089620789,1209.8088538611369,50,logistic,100.0,stepsize_pilot
manuscript-pilot,L,pilot_logistic_d50_kX1e2_fr-kl,FR--KL,3602226593,47,0.05010292348919832,398.93878057138573,0.22313404318532548,nan,0.028205853269272815,0.2519140118015048,0.9878222762904969,0.01134148410595418,0.5795601211342402,1.0701461635232896,1.1780330916876227,2.299800958229883,0.4318512448592616,21.3987187330157,5.62769286200637,0.6065695500001311,,nan,nan,nan,nan,nan,0.7370767213582212,0.4638,0.2674410099972847,47,47,47,47,47,0,0,0,94,94,0,1,False,False,8.0,0,nan,nan,nan,nan,1.0,126.5374245596017,0.009713184154639442,1.550916949065213,159.67132140951196,1.8471312870123962,102.95285089620789,102.95285089620789,1101.529549545024,50,logistic,100.0,stepsize_pilot
manuscript-pilot,L,pilot_logistic_d50_kX1e2_fr-kl,FR--KL,3602226593,48,0.05010292348919832,398.91863998820986,0.20299346000945206,nan,0.02565201514365435,0.2415496726209486,0.9395280397748293,0.01126055428662995,0.5778208923695184,1.0669464313565096,1.169439589040333,2.2851768533050887,0.39117271485296556,19.489450179679825,5.743660738982726,0.6190567800076678,,nan,nan,nan,nan,nan,0.7370332449035888,0.4636,0.26742693200703804,48,48,48,48,48,0,0,0,96,96,0,1,False,False,8.0,0,nan,nan,nan,nan,1.0,126.5374245596017,0.009713184154639442,1.550916949065213,159.67132140951196,1.8471312870123962,102.95285089620789,102.95285089620789,1003.247229198821,50,logistic,100.0,stepsize_pilot
manuscript-pilot,L,pilot_logistic_d50_kX1e2_fr-kl,FR--KL,3602226593,49,0.05010292348919832,398.90039045407616,0.1847439258757504,nan,0.0233396606141217,0.23165450929486747,0.8938670644375873,0.011184156293658553,0.5761655825433453,1.0639013268130384,1.1613190886563929,2.2713558952676856,0.3545345152943191,17.755682745272477,5.860140795004554,0.6316368189873174,,nan,nan,nan,nan,nan,0.73699044094811,0.4636,0.26741302327815547,49,49,49,49,49,0,0,0,98,98,0,1,False,False,8.0,0,nan,nan,nan,nan,1.0,126.5374245596017,0.009713184154639442,1.550916949065213,159.67132140951196,1.8471312870123962,102.95285089620789,102.95285089620789,913.9990791172011,50,logistic,100.0,stepsize_pilot
manuscript-pilot,L,pilot_logistic_d50_kX1e2_fr-kl,FR--KL,3602226593,50,0.05010292348919832,398.88384491076454,0.16819838256412822,nan,0.021244652402870642,0.22220292156413465,0.8506707624267841,0.011111988963432129,0.5745897579752871,1.0610026672909503,1.1536403522216345,2.2582858168733715,0.32150755718892277,16.18061747896597,5.975950221996754,0.6439994790125638,,nan,nan,nan,nan,nan,0.7369483507482171,0.4636,0.26739930244685634,50,50,50,50,50,0,0,0,100,100,0,1,False,False,8.0,0,nan,nan,nan,nan,1.0,126.5374245596017,0.009713184154639442,1.550916949065213,159.67132140951196,1.8471312870123962,102.95285089620789,102.95285089620789,832.9203493602764,50,logistic,100.0,stepsize_pilot
manuscript-pilot,L,pilot_logistic_d50_kX1e2_fr-kl,FR--KL,3602226593,51,0.05010292348919832,398.8688360651714,0.15318953697101279,nan,0.019345434953759618,0.21317110972931733,0.8097836770782584,0.011043775614328032,0.5730892512930913,1.0582427623264452,1.146374679590083,2.2459185125024534,0.2917121037773934,14.749152180557004,6.0928669779677875,0.6564697480062023,,nan,nan,nan,nan,nan,0.7369070086516915,0.4638,0.2673857854303378,51,51,51,51,51,0,0,0,102,102,0,1,False,False,8.0,0,nan,nan,nan,nan,1.0,126.5374245596017,0.009713184154639442,1.550916949065213,159.67132140951196,1.8471312870123962,102.95285089620789,102.95285089620789,759.2336326451797,50,logistic,100.0,stepsize_pilot
manuscript-pilot,L,pilot_logistic_d50_kX1e2_fr-kl,FR--KL,3602226593,52,0.05010292348919832,398.85521412977266,0.1395676015722529,nan,0.017622735854398507,0.20453691403089355,0.7710622394497981,0.010979261630865596,0.5716601427796253,1.0556143790939196,1.1394956581206723,2.234209634730126,0.26481156769388936,13.44769790260629,6.2092996549909,0.6687902480480261,,nan,nan,nan,nan,nan,0.7368664428822695,0.4638,0.2673724857267246,52,52,52,52,52,0,0,0,104,104,0,1,False,False,8.0,0,nan,nan,nan,nan,1.0,126.5374245596017,0.009713184154639442,1.550916949065213,159.67132140951196,1.8471312870123962,102.95285089620789,102.95285089620789,692.2394185321341,50,logistic,100.0,stepsize_pilot
manuscript-pilot,L,pilot_logistic_d50_kX1e2_fr-kl,FR--KL,3602226593,53,0.05010292348919832,398.8428448451166,0.12719831691617856,nan,0.016059304843706785,0.19627967113759384,0.7343736641944434,0.010918212328652767,0.5702987432413716,1.0531107107220326,1.1329789411794087,2.223118237143479,0.24050716301996272,12.264016991382867,6.327633970999159,0.6830414770520292,,nan,nan,nan,nan,nan,0.736826676233558,0.4638,0.26735941468071567,53,53,53,53,53,0,0,0,106,106,0,1,False,False,8.0,0,nan,nan,nan,nan,1.0,126.5374245596017,0.009713184154639442,1.550916949065213,159.67132140951196,1.8471312870123962,102.95285089620789,102.95285089620789,631.307756351198,50,logistic,100.0,stepsize_pilot
manuscript-pilot,L,pilot_logistic_d50_kX1e2_fr-kl,FR--KL,3602226593,54,0.05010292348919832,398.831607745769,0.11596121756861066,nan,0.014639685244114107,0.18838008566027575,0.6995949668441229,0.010860411062807131,0.5690015782573186,1.0507253471642626,1.1268020519245663,2.2126064573244832,0.21853328325572813,11.187079896274234,6.442682127992157,0.6950895570334978,,nan,nan,nan,nan,nan,0.7367877266837712,0.4638,0.2673465817192653,54,54,54,54,54,0,0,0,108,108,0,1,False,False,8.0,0,nan,nan,nan,nan,1.0,126.5374245596017,0.009713184154639442,1.550916949065213,159.67132140951196,1.8471312870123962,102.95285089620789,102.95285089620789,575.870884262541,50,logistic,100.0,stepsize_pilot
manuscript-pilot,L,pilot_logistic_d50_kX1e2_fr-kl,FR--KL,3602226593,55,0.05010292348919832,398.82139463690567,0.10574810870525653,nan,0.013350013429638478,0.18082011489250047,0.6666120871646136,0.010805657548086043,0.5677653736814994,1.0484522483892607,1.1209442090710933,2.2026392348147987,0.1986534974204148,10.206938369118763,6.5553984139696695,0.7072203060379252,,nan,nan,nan,nan,nan,0.7367496079411914,0.4636,0.2673339945610295,55,55,55,55,55,0,0,0,110,110,0,1,False,False,8.0,0,nan,nan,nan,nan,1.0,126.5374245596017,0.009713184154639442,1.550916949065213,159.67132140951196,1.8471312870123962,102.95285089620789,102.95285089620789,525.4167020113318,50,logistic,100.0,stepsize_pilot
manuscript-pilot,L,pilot_logistic_d50_kX1e2_fr-kl,FR--KL,3602226593,56,0.05010292348919832,398.81210825358073,0.0964617253803226,nan,0.012177842586687517,0.17358286521995916,0.6353191054193154,0.010753766363600682,0.5665870422853707,1.046285719680223,1.1153861718141913,2.193184059628934,0.18065707391915062,9.314613005935168,6.66774397098925,0.7191576460609213,,nan,nan,nan,nan,nan,0.7367123299288838,0.4636,0.26732165940279395,56,56,56,56,56,0,0,0,112,112,0,1,False,False,8.0,0,nan,nan,nan,nan,1.0,126.5374245596017,0.009713184154639442,1.550916949065213,159.67132140951196,1.8471312870123962,102.95285089620789,102.95285089620789,479.4829819779594,50,logistic,100.0,stepsize_pilot
manuscript-pilot,L,pilot_logistic_d50_kX1e2_fr-kl,FR--KL,3602226593,57,0.05010292348919832,398.80366107876057,0.08801455056016039,nan,0.011111987568182043,0.1666524988461795,0.6056175402144583,0.010704565618877414,0.5654636714376158,1.0442203888536443,1.1101101014975086,2.184210747512963,0.16435595618957366,8.50199336404541,6.779367017967161,0.7313333960482851,,nan,nan,nan,nan,nan,0.7366758992160407,0.4638,0.267309581085662,57,57,57,57,57,0,0,0,114,114,0,1,False,False,8.0,0,nan,nan,nan,nan,1.0,126.5374245596017,0.009713184154639442,1.550916949065213,159.67132140951196,1.8471312870123962,102.95285089620789,102.95285089620789,437.6522275645564,50,logistic,100.0,stepsize_pilot
manuscript-pilot,L,pilot_logistic_d50_kX1e2_fr-kl,FR--KL,3602226593,58,0.05010292348919832,398.79597429962683,0.08032777142642544,nan,0.010142388099309662,0.1600141496573059,0.5774157181506199,0.010657895761314042,0.5643925117292179,1.042251185226884,1.1050994379525927,2.1756912386775813,0.14958212604537818,7.761749126001116,6.89362844399875,0.7433805550681427,,nan,nan,nan,nan,nan,0.7366403194023408,0.4638,0.26729776324341176,58,58,58,58,58,0,0,0,116,116,0,1,False,False,8.0,0,nan,nan,nan,nan,1.0,126.5374245596017,0.009713184154639442,1.550916949065213,159.67132140951196,1.8471312870123962,102.95285089620789,102.95285089620789,399.547100231481,50,logistic,100.0,stepsize_pilot
manuscript-pilot,L,pilot_logistic_d50_kX1e2_fr-kl,FR--KL,3602226593,59,0.05010292348919832,398.7889768845413,0.07333035634087537,nan,0.009259987980291434,0.15365384719897468,0.5506282068224206,0.010613608507836953,0.5633709664607597,1.0403733201807766,1.1003387887242042,2.167599417183765,0.1361853005199441,7.087250984923129,7.006421561003663,0.75567038502777,,nan,nan,nan,nan,nan,0.7366055914608647,0.4638,0.26728620843511103,59,59,59,59,59,0,0,0,118,118,0,1,False,False,8.0,0,nan,nan,nan,nan,1.0,126.5374245596017,0.009713184154639442,1.550916949065213,159.67132140951196,1.8471312870123962,102.95285089620789,102.95285089620789,364.8263469573954,50,logistic,100.0,stepsize_pilot
manuscript-pilot,L,pilot_logistic_d50_kX1e2_fr-kl,FR--KL,3602226593,60,0.05010292348919832,398.7826047655079,0.06695823730751727,nan,0.008456628258913952,0.14755844786734437,0.5251753038289313,0.010571565885915384,0.5623965819169905,1.0385822691785742,1.0958138296399105,2.1599109485404826,0.12403091625012795,6.472500099513173,7.120794817979913,0.7676646750769578,,nan,nan,nan,nan,nan,0.736571714044391,0.464,0.26727491826380956,60,60,60,60,60,0,0,0,120,120,0,1,False,False,8.0,0,nan,nan,nan,nan,1.0,126.5374245596017,0.009713184154639442,1.550916949065213,159.67132140951196,1.8471312870123962,102.95285089620789,102.95285089620789,333.18116883543405,50,logistic,100.0,stepsize_pilot
manuscript-pilot,L,pilot_logistic_d50_kX1e2_fr-kl,FR--KL,3602226593,61,0.05010292348919832,398.77680011304403,0.06115358484362332,nan,0.007724952624559905,0.14171557252746356,0.5009825754138506,0.010531639371074394,0.561467038361053,1.036873755116083,1.0915112153894366,2.152603133398275,0.1129983623232947,5.91206511577825,7.232850303989835,0.7796661140746437,,nan,nan,nan,nan,nan,0.7365386837592707,0.464,0.2672638934828939,61,61,61,61,61,0,0,0,122,122,0,1,False,False,8.0,0,nan,nan,nan,nan,1.0,126.5374245596017,0.009713184154639442,1.550916949065213,159.67132140951196,1.8471312870123962,102.95285089620789,102.95285089620789,304.33197917669406,50,logistic,100.0,stepsize_pilot
manuscript-pilot,L,pilot_logistic_d50_kX1e2_fr-kl,FR--KL,3602226593,62,0.05010292348919832,398.77151069213835,0.05586416393794025,nan,0.007058323512495278,0.13611354986808602,0.47798043917280175,0.0104937091097502,0.5605801416871873,1.0352437328897615,1.0874184989555093,2.145654775499061,0.1029794282793956,5.401025880298363,7.346740610955749,0.791671434068121,,nan,nan,nan,nan,nan,0.7365064954105542,0.4642,0.2672531340914914,62,62,62,62,62,0,0,0,124,124,0,1,False,False,8.0,0,nan,nan,nan,nan,1.0,126.5374245596017,0.009713184154639442,1.550916949065213,159.67132140951196,1.8471312870123962,102.95285089620789,102.95285089620789,278.02550607045765,50,logistic,100.0,stepsize_pilot
manuscript-pilot,L,pilot_logistic_d50_kX1e2_fr-kl,FR--KL,3602226593,63,0.05010292348919832,398.76668928948186,0.05104276128145102,nan,0.006450747608922104,0.13074136488506044,0.4561037859673899,0.0104576632177725,0.5597338156765943,1.0336883750804309,1.083524058888547,2.1390460622792147,0.09387693880761941,4.934923079894915,7.460151086968835,0.8041380631038919,,nan,nan,nan,nan,nan,0.7364751422215837,0.4642,0.2672426394201356,63,63,63,63,63,0,0,0,126,126,0,1,False,False,8.0,0,nan,nan,nan,nan,1.0,126.5374245596017,0.009713184154639442,1.550916949065213,159.67132140951196,1.8471312870123962,102.95285089620789,102.95285089620789,254.0322000143372,50,logistic,100.0,stepsize_pilot
manuscript-pilot,L,pilot_logistic_d50_kX1e2_fr-kl,FR--KL,3602226593,64,0.05010292348919832,398.7622932034486,0.04664667524821198,nan,0.005896809620975472,0.12558861195742163,0.4352916367897097,0.01042339714600929,0.558926094806327,1.0322040586598524,1.0798170335464619,2.1327584567258855,0.08560355076265153,4.509713137503004,7.574233444000129,0.8160158030805178,,nan,nan,nan,nan,nan,0.7364446160308634,0.4642,0.26723240820775884,64,64,64,64,64,0,0,0,128,128,0,1,False,False,8.0,0,nan,nan,nan,nan,1.0,126.5374245596017,0.009713184154639442,1.550916949065213,159.67132140951196,1.8471312870123962,102.95285089620789,102.95285089620789,232.1439121150075,50,logistic,100.0,stepsize_pilot
manuscript-pilot,L,pilot_logistic_d50_kX1e2_fr-kl,FR--KL,3602226593,65,0.05010292348919832,398.7582837894065,0.0426372612060959,nan,0.005391613324289762,0.12064545204289781,0.4154868308418765,0.010390813105765355,0.5581551175657832,1.0307873526360853,1.0762872615315453,2.126774599261072,0.07808069157689829,4.121727776168833,7.6868991809897125,0.828248993086163,,nan,nan,nan,nan,nan,0.7364149074686875,0.464,0.2672224386709459,65,65,65,65,65,0,0,0,130,130,0,1,False,False,8.0,0,nan,nan,nan,nan,1.0,126.5374245596017,0.009713184154639442,1.550916949065213,159.67132140951196,1.8471312870123962,102.95285089620789,102.95285089620789,212.17181258733345,50,logistic,100.0,stepsize_pilot
manuscript-pilot,L,pilot_logistic_d50_kX1e2_fr-kl,FR--KL,3602226593,66,0.05010292348919832,398.75462605389146,0.038979525691047456,nan,0.004930729027471557,0.11590257357407506,0.3966357415454703,0.01035981954745231,0.5574191202395471,1.0294350065613462,1.0729252276516357,2.1210782185783525,0.07123762106875123,3.767637734264002,7.801923897000961,0.8407916821306571,,nan,nan,nan,nan,nan,0.7363860061157004,0.4638,0.2672127285662749,66,66,66,66,66,0,0,0,132,132,0,1,False,False,8.0,0,nan,nan,nan,nan,1.0,126.5374245596017,0.009713184154639442,1.550916949065213,159.67132140951196,1.8471312870123962,102.95285089620789,102.95285089620789,193.9445229433035,50,logistic,100.0,stepsize_pilot
manuscript-pilot,L,pilot_logistic_d50_kX1e2_fr-kl,FR--KL,3602226593,67,0.05010292348919832,398.7512882919963,0.0356417637958657,nan,0.004510146703296506,0.11135115668405725,0.3786880175858705,0.010330330686832404,0.5567164311191114,1.0281439398330463,1.0697220138150223,2.1156540504871955,0.06501060112904118,3.4444201768222644,7.920912573987152,0.8538746720878407,,nan,nan,nan,nan,nan,0.7363579006453099,0.4638,0.2672032752464699,67,67,67,67,67,0,0,0,134,134,0,1,False,False,8.0,0,nan,nan,nan,nan,1.0,126.5374245596017,0.009713184154639442,1.550916949065213,159.67132140951196,1.8471312870123962,102.95285089620789,102.95285089620789,177.3064384441357,50,logistic,100.0,stepsize_pilot
manuscript-pilot,L,pilot_logistic_d50_kX1e2_fr-kl,FR--KL,3602226593,68,0.05010292348919832,398.7482417630288,0.03259523482836357,nan,0.004126234130447848,0.10698284043208812,0.36159634643527305,0.010302266073828892,0.5560454651094062,1.0269112317249494,1.0666692543395657,2.1104877639322948,0.059342159880556154,3.1493294016928814,8.043634400004521,0.8672040920937434,,nan,nan,nan,nan,nan,0.7363305789516514,0.4638,0.26719407571101045,68,68,68,68,68,0,0,0,136,136,0,1,False,False,8.0,0,nan,nan,nan,nan,1.0,126.5374245596017,0.009713184154639442,1.550916949065213,159.67132140951196,1.8471312870123962,102.95285089620789,102.95285089620789,162.11622015776484,50,logistic,100.0,stepsize_pilot
manuscript-pilot,L,pilot_logistic_d50_kX1e2_fr-kl,FR--KL,3602226593,69,0.05010292348919832,398.7454604001096,0.029813871909198042,nan,0.003775699472187694,0.10278969273609281,0.3453162380930194,0.010275550199487097,0.5554047186991072,1.0257341120911097,1.0637590952181604,2.1055658934531736,0.054180438707574025,2.8798704861029942,8.167583005968481,0.8803280410938896,,nan,nan,nan,nan,nan,0.7363040282646004,0.4638,0.26718512665176386,69,69,69,69,69,0,0,0,138,138,0,1,False,False,8.0,0,nan,nan,nan,nan,1.0,126.5374245596017,0.009713184154639442,1.550916949065213,159.67132140951196,1.8471312870123962,102.95285089620789,102.95285089620789,148.24543837807514,50,logistic,100.0,stepsize_pilot
manuscript-pilot,L,pilot_logistic_d50_kX1e2_fr-kl,FR--KL,3602226593,70,0.05010292348919832,398.7429205499047,0.0272740217042724,nan,0.003455557787812802,0.09876418275113036,0.32980582703891376,0.01025011213718419,0.5547927652664658,1.0246099526902661,1.0609841569361662,2.1008757774341897,0.04947861209291181,2.63377556018461,8.289243153005373,0.8937130410922691,,nan,nan,nan,nan,nan,0.7362782352531656,0.4638,0.26717642449414786,70,70,70,70,70,0,0,0,140,140,0,1,False,False,8.0,0,nan,nan,nan,nan,1.0,126.5374245596017,0.009713184154639442,1.550916949065213,159.67132140951196,1.8471312870123962,102.95285089620789,102.95285089620789,135.5773512708808,50,logistic,100.0,stepsize_pilot
manuscript-pilot,L,pilot_logistic_d50_kX1e2_fr-kl,FR--KL,3602226593,71,0.05010292348919832,398.7406007391491,0.024954210948692435,nan,0.003163101035762503,0.09489915546092739,0.3150256906200156,0.010225885214641291,0.5542082506948746,1.0235362590830348,1.0583375004830593,2.0964055015692886,0.045194371520083314,2.408982429864806,8.412254488968756,0.9071091710939072,,nan,nan,nan,nan,nan,0.7362531861184419,0.4638,0.2671679654342692,71,71,71,71,71,0,0,0,142,142,0,1,False,False,8.0,0,nan,nan,nan,nan,1.0,126.5374245596017,0.009713184154639442,1.550916949065213,159.67132140951196,1.8471312870123962,102.95285089620789,102.95285089620789,124.00580445672753,50,logistic,100.0,stepsize_pilot
manuscript-pilot,L,pilot_logistic_d50_kX1e2_fr-kl,FR--KL,3602226593,72,0.05010292348919832,398.73848146501774,0.02283493681733262,nan,0.002895871179004306,0.09118780827449437,0.30093868228799964,0.010202806713675506,0.5536498892746156,1.022510663058337,1.0558125962411318,2.092143847030503,0.04128946583121919,2.2036153029346797,8.535021014977247,0.9200588801177219,,nan,nan,nan,nan,nan,0.7362288666771727,0.464,0.2671597454724388,72,72,72,72,72,0,0,0,144,144,0,1,False,False,8.0,0,nan,nan,nan,nan,1.0,126.5374245596017,0.009713184154639442,1.550916949065213,159.67132140951196,1.8471312870123962,102.95285089620789,102.95285089620789,113.43423885781763,50,logistic,100.0,stepsize_pilot
manuscript-pilot,L,pilot_logistic_d50_kX1e2_fr-kl,FR--KL,3602226593,73,0.05010292348919832,398.7365450067453,0.02089847854489335,nan,0.0026516360511746693,0.08762366944174323,0.2875097782769026,0.01018081759497821,0.5531164598693035,1.0215309155493044,1.0534032954697021,2.088080242885894,0.03772929140634295,2.015967399693831,8.645732041972224,0.9319634501007386,,nan,nan,nan,nan,nan,0.7362052624368552,0.464,0.26715176044341754,73,73,73,73,73,0,0,0,146,146,0,1,False,False,8.0,0,nan,nan,nan,nan,1.0,126.5374245596017,0.009713184154639442,1.550916949065213,159.67132140951196,1.8471312870123962,102.95285089620789,102.95285089620789,103.77479555614711,50,logistic,100.0,stepsize_pilot
manuscript-pilot,L,pilot_logistic_d50_kX1e2_fr-kl,FR--KL,3602226593,74,0.05010292348919832,398.73477525620444,0.0191287280040342,nan,0.0024283676810593737,0.08420057812139833,0.27470593646267816,0.010159862245503857,0.5526068023273263,1.0205948800022333,1.0511038041343013,2.084204722362288,0.03448252636978246,1.8444852538204735,8.75649895897368,0.9440295700915158,,nan,nan,nan,nan,nan,0.7361823586632241,0.464,0.2671440060437108,74,74,74,74,74,0,0,0,148,148,0,1,False,False,8.0,0,nan,nan,nan,nan,1.0,126.5374245596017,0.009713184154639442,1.550916949065213,159.67132140951196,1.8471312870123962,102.95285089620789,102.95285089620789,94.94750765841636,50,logistic,100.0,stepsize_pilot
manuscript-pilot,L,pilot_logistic_d50_kX1e2_fr-kl,FR--KL,3602226593,75,0.05010292348919832,398.7331575654125,0.017511037212102565,nan,0.002224222809404925,0.08091266595165351,0.26249596627965344,0.010139888246316234,0.5521198141202673,1.019700526165298,1.0489086588576888,2.08050788259185,0.031520803755203594,1.6877545304753168,8.866699095990043,0.9558399600791745,,nan,nan,nan,nan,nan,0.7361601404408546,0.464,0.26713647785619515,75,75,75,75,75,0,0,0,150,150,0,1,False,False,8.0,0,nan,nan,nan,nan,1.0,126.5374245596017,0.009713184154639442,1.550916949065213,159.67132140951196,1.8471312870123962,102.95285089620789,102.95285089620789,86.87957026271202,50,logistic,100.0,stepsize_pilot
manuscript-pilot,L,pilot_logistic_d50_kX1e2_fr-kl,FR--KL,3602226593,76,0.05010292348919832,398.7316786091712,0.016032080970774132,nan,0.0020375253623796164,0.07775433998924465,0.25085040868673764,0.010120846158971013,0.5516544471918096,1.018845924266462,1.0468127047935138,2.0769808475199123,0.028818419188444626,1.5444872074849607,8.978596931963693,0.9679252790519968,,nan,nan,nan,nan,nan,0.7361385927275537,0.464,0.2671291713723307,76,76,76,76,76,0,0,0,152,152,0,1,False,False,8.0,0,nan,nan,nan,nan,1.0,126.5374245596017,0.009713184154639442,1.550916949065213,159.67132140951196,1.8471312870123962,102.95285089620789,102.95285089620789,79.50468059164955,50,logistic,100.0,stepsize_pilot
manuscript-pilot,L,pilot_logistic_d50_kX1e2_fr-kl,FR--KL,3602226593,77,0.05010292348919832,398.7303262612507,0.014679733050286359,nan,0.0018667506731797853,0.0747202668961156,0.2397414252804043,0.010102689328720195,0.5512097050019623,1.0180292395525938,1.044811075244612,2.0736152336854055,0.026352069191551027,1.4135099820864496,9.091310318966862,0.9797468190663494,,nan,nan,nan,nan,nan,0.7361177004031324,0.464,0.2671220820121873,77,77,77,77,77,0,0,0,154,154,0,1,False,False,8.0,0,nan,nan,nan,nan,1.0,126.5374245596017,0.009713184154639442,1.550916949065213,159.67132140951196,1.8471312870123962,102.95285089620789,102.95285089620789,72.7624412130236,50,logistic,100.0,stepsize_pilot
manuscript-pilot,L,pilot_logistic_d50_kX1e2_fr-kl,FR--KL,3602226593,78,0.05010292348919832,398.72908948270026,0.013442954499851112,nan,0.0017105112668367509,0.0718053582648872,0.2291426957435843,0.01008537370299839,0.5507846397527113,1.017248727164061,1.0428991728665136,2.0704031186151126,0.024100616683692223,1.2937537804286459,9.204303245001938,0.9918256180826575,,nan,nan,nan,nan,nan,0.7360974483130974,0.464,0.26711520514248843,78,78,78,78,78,0,0,0,156,156,0,1,False,False,8.0,0,nan,nan,nan,nan,1.0,126.5374245596017,0.009713184154639442,1.550916949065213,159.67132140951196,1.8471312870123962,102.95285089620789,102.95285089620789,66.59782002643759,50,logistic,100.0,stepsize_pilot
manuscript-pilot,L,pilot_logistic_d50_kX1e2_fr-kl,FR--KL,3602226593,79,0.05010292348919832,398.72795822103404,0.012311692833634424,nan,0.0015675440446275152,0.06900475698503482,0.21902932290131819,0.010068857663816405,0.5503783497823059,1.0165027273211675,1.041072652313303,2.067337011599505,0.022044880665601084,1.184244260054961,9.318912471993826,1.0040922280750237,,nan,nan,nan,nan,nan,0.736077821307739,0.464,0.2671085360928571,79,79,79,79,79,0,0,0,158,158,0,1,False,False,8.0,0,nan,nan,nan,nan,1.0,126.5374245596017,0.009713184154639442,1.550916949065213,159.67132140951196,1.8471312870123962,102.95285089620789,102.95285089620789,60.960661365064006,50,logistic,100.0,stepsize_pilot
manuscript-pilot,L,pilot_logistic_d50_kX1e2_fr-kl,FR--KL,3602226593,80,0.05010292348919832,398.72692331917307,0.011276790972658546,nan,0.0014366987219870191,0.06631382456123644,0.20937774472653417,0.01005310187282089,0.5499899771164446,1.0157896608006831,1.039327404197499,2.0644098266413176,0.020167447431917458,1.084093207144874,9.432839129003696,1.0160710180643946,,nan,nan,nan,nan,nan,0.7360588042770488,0.464,0.26710207017042875,80,80,80,80,80,0,0,0,160,160,0,1,False,False,8.0,0,nan,nan,nan,nan,1.0,126.5374245596017,0.009713184154639442,1.550916949065213,159.67132140951196,1.8471312870123962,102.95285089620789,102.95285089620789,55.80524315638881,50,logistic,100.0,stepsize_pilot
manuscript-pilot,L,pilot_logistic_d50_kX1e2_fr-kl,FR--KL,3602226593,81,0.05010292348919832,398.72597643314873,0.0103299049483212,nan,0.0013169273908369284,0.06372812930387899,0.2001656527038609,0.010038069127913185,0.5496187051655138,1.0151080246825097,1.0376595402485782,2.0616148573888915,0.018452500968221635,0.992490740547025,9.552552865003236,1.0308585870661773,,nan,nan,nan,nan,nan,0.7360403821818557,0.464,0.26709580267298055,81,81,81,81,81,0,0,0,162,162,0,1,False,False,8.0,0,nan,nan,nan,nan,1.0,126.5374245596017,0.009713184154639442,1.550916949065213,159.67132140951196,1.8471312870123962,102.95285089620789,102.95285089620789,51.089875613702226,50,logistic,100.0,stepsize_pilot
manuscript-pilot,L,pilot_logistic_d50_kX1e2_fr-kl,FR--KL,3602226593,82,0.05010292348919832,398.72510995767976,0.009463429479353636,nan,0.0012072750907290769,0.06124343531933763,0.19137191601675546,0.010023724230421216,0.5492637565579432,1.0144563883479574,1.0360653795662518,2.058945753884808,0.016885670462238975,0.9086982437524175,9.681637000991032,1.0453735261107795,,nan,nan,nan,nan,nan,0.7360225400815318,0.464,0.26708972890071153,82,82,82,82,82,0,0,0,164,164,0,1,False,False,8.0,0,nan,nan,nan,nan,1.0,126.5374245596017,0.009713184154639442,1.550916949065213,159.67132140951196,1.8471312870123962,102.95285089620789,102.95285089620789,46.77653739934414,50,logistic,100.0,stepsize_pilot
manuscript-pilot,L,pilot_logistic_d50_kX1e2_fr-kl,FR--KL,3602226593,83,0.05010292348919832,398.7243169588332,0.00867043063277606,nan,0.0011068712862079397,0.05885569223446895,0.18297651107456195,0.010010033861923612,0.5489243911004522,1.013833389712719,1.034541435874823,2.056396500976831,0.015453893097567445,0.8320419540662253,9.810914626985323,1.0600738351349719,,nan,nan,nan,nan,nan,0.7360052631585817,0.464,0.26708384416679587,83,83,83,83,83,0,0,0,166,166,0,1,False,False,8.0,0,nan,nan,nan,nan,1.0,126.5374245596017,0.009713184154639442,1.550916949065213,159.67132140951196,1.8471312870123962,102.95285089620789,102.95285089620789,42.83054561818462,50,logistic,100.0,stepsize_pilot
manuscript-pilot,L,pilot_logistic_d50_kX1e2_fr-kl,FR--KL,3602226593,84,0.05010292348919832,398.7235911130596,0.00794458485921723,nan,0.0010149221588243015,0.056561025595881484,0.17496045594181267,0.00999696646991068,0.5485999038567206,1.0132377316787797,1.03308440569405,2.0539613982528437,0.014145290507526758,0.7619071454615888,9.939686963974964,1.074655755131971,,nan,nan,nan,nan,nan,0.7359885367404052,0.464,0.26707814380681794,84,84,84,84,84,0,0,0,168,168,0,1,False,False,8.0,0,nan,nan,nan,nan,1.0,126.5374245596017,0.009713184154639442,1.550916949065213,159.67132140951196,1.8471312870123962,102.95285089620789,102.95285089620789,39.220256371731026,50,logistic,100.0,stepsize_pilot
manuscript-pilot,L,pilot_logistic_d50_kX1e2_fr-kl,FR--KL,3602226593,85,0.05010292348919832,398.7229266519712,0.007280123770783575,nan,0.0009307036316533667,0.054355727890039014,0.16730574927302633,0.009984492161546083,0.548289623336644,1.0126681787908118,1.0316911573500342,2.0516350413746323,0.012949057450358898,0.6977328480401502,10.070181989984121,1.0898865951457992,,nan,nan,nan,nan,nan,0.7359723463184898,0.4638,0.26707262318719105,85,85,85,85,85,0,0,0,170,170,0,1,False,False,8.0,0,nan,nan,nan,nan,1.0,126.5374245596017,0.009713184154639442,1.550916949065213,159.67132140951196,1.8471312870123962,102.95285089620789,102.95285089620789,35.9167929348319,50,logistic,100.0,stepsize_pilot
manuscript-pilot,L,pilot_logistic_d50_kX1e2_fr-kl,FR--KL,3602226593,86,0.05010292348919832,398.72231831229584,0.006671784095431121,nan,0.0008535550536590935,0.05223625013518377,0.1599953133929449,0.009972582604860607,0.547992909788925,1.012123554083618,1.0303587207569347,2.0494123046970643,0.011855361428488363,0.6390070527747115,10.188695015967824,1.1020297251525335,,nan,nan,nan,nan,nan,0.7359566775652673,0.4638,0.26706727771264793,86,86,86,86,86,0,0,0,172,172,0,1,False,False,8.0,0,nan,nan,nan,nan,1.0,126.5374245596017,0.009713184154639442,1.550916949065213,159.67132140951196,1.8471312870123962,102.95285089620789,102.95285089620789,32.89379891296994,50,logistic,100.0,stepsize_pilot
manuscript-pilot,L,pilot_logistic_d50_kX1e2_fr-kl,FR--KL,3602226593,87,0.05010292348919832,398.721761290501,0.0061147623005695095,nan,0.0007828734782603477,0.05019919400050757,0.1530129411950147,0.009961210936774984,0.5477091535902956,1.011602736108258,1.029084277906779,2.0472883250697302,0.01085525211652373,0.5852623553458894,10.302011672989465,1.114077095175162,,nan,nan,nan,nan,nan,0.7359415163488475,0.4638,0.26706210283288795,87,87,87,87,87,0,0,0,174,174,0,1,False,False,8.0,0,nan,nan,nan,nan,1.0,126.5374245596017,0.009713184154639442,1.550916949065213,159.67132140951196,1.8471312870123962,102.95285089620789,102.95285089620789,30.127214002544292,50,logistic,100.0,stepsize_pilot
manuscript-pilot,L,pilot_logistic_d50_kX1e2_fr-kl,FR--KL,3602226593,88,0.05010292348919832,398.72125120163133,0.0056046734309234125,nan,0.0007181084773224976,0.04824130441199809,0.14634324656044065,0.009950351677403334,0.5474377737251657,1.0111046561253476,1.027865154010431,2.0452584867275387,0.009940579587932409,0.5360719974796112,10.414834018971305,1.1262072841636837,,nan,nan,nan,nan,nan,0.7359268487458239,0.4638,0.2670570940484519,88,88,88,88,88,0,0,0,176,176,0,1,False,False,8.0,0,nan,nan,nan,nan,1.0,126.5374245596017,0.009713184154639442,1.550916949065213,159.67132140951196,1.8471312870123962,102.95285089620789,102.95285089620789,27.595070213075275,50,logistic,100.0,stepsize_pilot
manuscript-pilot,L,pilot_logistic_d50_kX1e2_fr-kl,FR--KL,3602226593,89,0.05010292348919832,398.7207840419524,0.005137513752003997,nan,0.0006587574386094921,0.046359462607979476,0.13997161802668456,0.00993998065013846,0.5471782163499385,1.0106282954549055,1.0266988092380132,2.043318407185199,0.00910392044069392,0.4910462683036352,10.528020536003169,1.1391547741368413,,nan,nan,nan,nan,nan,0.7359126610523232,0.4638,0.26705224691589713,89,89,89,89,89,0,0,0,178,178,0,1,False,False,8.0,0,nan,nan,nan,nan,1.0,126.5374245596017,0.009713184154639442,1.550916949065213,159.67132140951196,1.8471312870123962,102.95285089620789,102.95285089620789,25.277306621901634,50,logistic,100.0,stepsize_pilot
manuscript-pilot,L,pilot_logistic_d50_kX1e2_fr-kl,FR--KL,3602226593,90,0.05010292348919832,398.72035615503455,0.004709626834142,nan,0.0006043612991655263,0.04455067961062795,0.13388417545819695,0.009930074907065819,0.5469299534366789,1.010172682972868,1.0255828310117445,2.041463924058149,0.008338511019836979,0.44982923192600804,10.641161982959602,1.1512947441078722,,nan,nan,nan,nan,nan,0.7358989397934609,0.4638,0.26704755705233,90,90,90,90,90,0,0,0,180,180,0,1,False,False,8.0,0,nan,nan,nan,nan,1.0,126.5374245596017,0.009713184154639442,1.550916949065213,159.67132140951196,1.8471312870123962,102.95285089620789,102.95285089620789,23.15560092161693,50,logistic,100.0,stepsize_pilot
manuscript-pilot,L,pilot_logistic_d50_kX1e2_fr-kl,FR--KL,3602226593,91,0.05010292348919832,398.7199642009457,0.004317672745287382,nan,0.0005545006727626827,0.042812090082667516,0.12806772949368653,0.009920612659295124,0.5466924814911436,1.009736892745126,1.0245149268083535,2.039691082739292,0.007638187021017463,0.41209575074091853,10.753365468990523,1.1633511630934663,,nan,nan,nan,nan,nan,0.7358856717313464,0.4638,0.26704302013935594,91,91,91,91,91,0,0,0,182,182,0,1,False,False,8.0,0,nan,nan,nan,nan,1.0,126.5374245596017,0.009713184154639442,1.550916949065213,159.67132140951196,1.8471312870123962,102.95285089620789,102.95285089620789,21.213216190495245,50,logistic,100.0,stepsize_pilot
manuscript-pilot,L,pilot_logistic_d50_kX1e2_fr-kl,FR--KL,3602226593,92,0.05010292348919832,398.719605128259,0.003958600058581396,nan,0.0005087923332358517,0.041140946541109426,0.12250974356370449,0.00991157321183131,0.5464653203406135,1.009320041790558,1.0234929174320162,2.0379961248671,0.006997328835735816,0.37754877693170547,10.867924075981136,1.1758408230962232,,nan,nan,nan,nan,nan,0.7358728438717722,0.4638,0.2670386319264962,92,92,92,92,92,0,0,0,184,184,0,1,False,False,8.0,0,nan,nan,nan,nan,1.0,126.5374245596017,0.009713184154639442,1.550916949065213,159.67132140951196,1.8471312870123962,102.95285089620789,102.95285089620789,19.434861468747695,50,logistic,100.0,stepsize_pilot
manuscript-pilot,L,pilot_logistic_d50_kX1e2_fr-kl,FR--KL,3602226593,93,0.05010292348919832,398.71927614860687,0.0036296204064569793,nan,0.0004668860197495231,0.03953461390229763,0.11719829828983032,0.009902936902643435,0.5462480119872307,1.0089212879651681,1.0225147307221891,2.03637547752621,0.00641081206643643,0.34591688730236825,10.983267951989546,1.1890317421057262,,nan,nan,nan,nan,nan,0.7358604434697047,0.4636,0.26703438823411946,93,93,93,93,93,0,0,0,186,186,0,1,False,False,8.0,0,nan,nan,nan,nan,1.0,126.5374245596017,0.009713184154639442,1.550916949065213,159.67132140951196,1.8471312870123962,102.95285089620789,102.95285089620789,17.806564860460472,50,logistic,100.0,stepsize_pilot
manuscript-pilot,L,pilot_logistic_d50_kX1e2_fr-kl,FR--KL,3602226593,94,0.05010292348919832,398.71897471354146,0.003328185341047174,nan,0.00042846153330261826,0.03799056433469643,0.11212205809269025,0.009894685045617376,0.5460401195228618,1.0085398279599478,1.021578395663788,2.0348257431265937,0.0058739626999470326,0.3169520389609408,11.1013778889901,1.2012248521205038,,nan,nan,nan,nan,nan,0.7358484580336891,0.4636,0.267030284955931,94,94,94,94,94,0,0,0,188,188,0,1,False,False,8.0,0,nan,nan,nan,nan,1.0,126.5374245596017,0.009713184154639442,1.550916949065213,159.67132140951196,1.8471312870123962,102.95285089620789,102.95285089620789,16.31555800419735,50,logistic,100.0,stepsize_pilot
manuscript-pilot,L,pilot_logistic_d50_kX1e2_fr-kl,FR--KL,3602226593,95,0.05010292348919832,398.7186984934857,0.0030519652852945,nan,0.00039322609678339433,0.03650637239782498,0.10727023985038289,0.009886799877105765,0.5458412261018059,1.0081748954056484,1.0206820368699108,2.0333436899120394,0.005382516480977463,0.29042752552978734,11.217360645008739,1.2131020210799761,,nan,nan,nan,nan,nan,0.7358368753292696,0.4636,0.26702631806105875,95,95,95,95,95,0,0,0,190,190,0,1,False,False,8.0,0,nan,nan,nan,nan,1.0,126.5374245596017,0.009713184154639442,1.550916949065213,159.67132140951196,1.8471312870123962,102.95285089620789,102.95285089620789,14.950170866011351,50,logistic,100.0,stepsize_pilot
manuscript-pilot,L,pilot_logistic_d50_kX1e2_fr-kl,FR--KL,3602226593,96,0.05010292348919832,398.71844535857883,0.0027988303784240998,nan,0.0003609119539531346,0.03507971044753208,0.10263258346193009,0.009879264505812174,0.5456509339678615,1.0078257590780308,1.019823869409878,2.0319262430526828,0.004932582074973718,0.2661361154934661,11.330490461958107,1.2254295410821214,,nan,nan,nan,nan,nan,0.7358256833815126,0.4636,0.2670224835957718,96,96,96,96,96,0,0,0,192,192,0,1,False,False,8.0,0,nan,nan,nan,nan,1.0,126.5374245596017,0.009713184154639442,1.550916949065213,159.67132140951196,1.8471312870123962,102.95285089620789,102.95285089620789,13.69973590824734,50,logistic,100.0,stepsize_pilot
manuscript-pilot,L,pilot_logistic_d50_kX1e2_fr-kl,FR--KL,3602226593,97,0.05010292348919832,398.7182133612407,0.0025668330403050277,nan,0.0003312741846075301,0.03370834428942951,0.0981993241822243,0.00987206286577022,0.5454688635325767,1.0074917211977032,1.0190021939575742,2.030570476280124,0.004520607651838731,0.24388835603884915,11.439086388971191,1.2341559110791422,,nan,nan,nan,nan,nan,0.735814870476722,0.4636,0.26701877768486487,97,97,97,97,97,0,0,0,194,194,0,1,False,False,8.0,0,nan,nan,nan,nan,1.0,126.5374245596017,0.009713184154639442,1.550916949065213,159.67132140951196,1.8471312870123962,102.95285089620789,102.95285089620789,12.554500777294406,50,logistic,100.0,stepsize_pilot
manuscript-pilot,L,pilot_logistic_d50_kX1e2_fr-kl,FR--KL,3602226593,98,0.05010292348919832,398.7180007202944,0.002354192094003338,nan,0.00030408871607871135,0.03239012906377202,0.09396116660566398,0.009865179672195419,0.5452946525016578,1.0071721158189482,1.018215392237214,2.029273604027022,0.004143350559684691,0.22351102731332267,11.542465045989957,1.2427272610366344,,nan,nan,nan,nan,nan,0.7358044251634217,0.4636,0.2670151965327392,98,98,98,98,98,0,0,0,196,196,0,1,False,False,8.0,0,nan,nan,nan,nan,1.0,126.5374245596017,0.009713184154639442,1.550916949065213,159.67132140951196,1.8471312870123962,102.95285089620789,102.95285089620789,11.50554873432334,50,logistic,100.0,stepsize_pilot
manuscript-pilot,L,pilot_logistic_d50_kX1e2_fr-kl,FR--KL,3602226593,99,0.05010292348919832,398.71780580650545,0.0021592783050436992,nan,0.00027915051249083117,0.031123005346418972,0.0899092601854691,0.009858600380009058,0.5451279550467404,1.0068663073023814,1.017461922745444,2.0280329740361247,0.0037978497914063227,0.20484573344356344,11.64509140298469,1.2513645910075866,,nan,nan,nan,nan,nan,0.7357943362526743,0.4636,0.26701173642420634,99,99,99,99,99,0,0,0,198,198,0,1,False,False,8.0,0,nan,nan,nan,nan,1.0,126.5374245596017,0.009713184154639442,1.550916949065213,159.67132140951196,1.8471312870123962,102.95285089620789,102.95285089620789,10.54472612596973,50,logistic,100.0,stepsize_pilot
manuscript-pilot,L,pilot_logistic_d50_kX1e2_fr-kl,FR--KL,3602226593,100,0.05010292348919832,398.7176271294058,0.001980601205389121,nan,0.00025627192547329086,0.029904995451728287,0.0860351761845341,0.009852311144845628,0.5449684410199119,1.006573688866611,1.0167403167304856,2.026846060406503,0.0034814009767925435,0.18774761793566563,11.758427238964941,1.262341830006335,,nan,nan,nan,nan,nan,0.7357845928178013,0.4636,0.2670083937250417,100,100,100,100,100,0,0,0,200,200,0,1,False,False,8.0,0,nan,nan,nan,nan,1.0,126.5374245596017,0.009713184154639442,1.550916949065213,159.67132140951196,1.8471312870123962,102.95285089620789,102.95285089620789,9.664576257724361,50,logistic,100.0,stepsize_pilot
manuscript-pilot,L,pilot_logistic_d50_kX1e2_fr-kl,FR--KL,3602226593,101,0.05010292348919832,398.7174633252855,0.0018167970850981874,nan,0.00023528119164239602,0.02873419992435095,0.08233088596184251,0.009846298786374648,0.5448157952085407,1.0062936812143477,1.0160491744104954,2.0257104570472872,0.003191533659733922,0.17208419223170682,11.87892120599281,1.2732959699933417,,nan,nan,nan,nan,nan,0.7357751841935654,0.4636,0.2670051648823102,101,101,101,101,101,0,0,0,202,202,0,1,False,False,8.0,0,nan,nan,nan,nan,1.0,126.5374245596017,0.009713184154639442,1.550916949065213,159.67132140951196,1.8471312870123962,102.95285089620789,102.95285089620789,8.858279092212612,50,logistic,100.0,stepsize_pilot
manuscript-pilot,L,pilot_logistic_d50_kX1e2_fr-kl,FR--KL,3602226593,102,0.05010292348919832,398.71731314624606,0.0016666180456468283,nan,0.0002160210629002284,0.027608794207901455,0.0787887405057769,0.009840550753777466,0.5446697166281208,1.0060257312287546,1.0153871614147447,2.0246238715115132,0.0029259906439994495,0.15773426723978118,11.998664162005298,1.2842491589835845,,nan,nan,nan,nan,nan,0.7357660999748685,0.4636,0.26700204642448633,102,102,102,102,102,0,0,0,204,204,0,1,False,False,8.0,0,nan,nan,nan,nan,1.0,126.5374245596017,0.009713184154639442,1.550916949065213,159.67132140951196,1.8471312870123962,102.95285089620789,102.95285089620789,8.119596248179871,50,logistic,100.0,stepsize_pilot
manuscript-pilot,L,pilot_logistic_d50_kX1e2_fr-kl,FR--KL,3602226593,103,0.05010292348919832,398.7171754502173,0.0015289220169165674,nan,0.00019834755789710634,0.02652702547941098,0.07540145113249898,0.009835055093234821,0.5445299178509879,1.0057693107360728,1.0147530054325886,2.0235841191848207,0.002682709212527933,0.14458697859661382,12.119664268975612,1.2952239289879799,,nan,nan,nan,nan,nan,0.7357573300150132,0.4636,0.26699903496138694,103,103,103,103,103,0,0,0,206,206,0,1,False,False,8.0,0,nan,nan,nan,nan,1.0,126.5374245596017,0.009713184154639442,1.550916949065213,159.67132140951196,1.8471312870123962,102.95285089620789,102.95285089620789,7.442820824495166,50,logistic,100.0,stepsize_pilot
manuscript-pilot,L,pilot_logistic_d50_kX1e2_fr-kl,FR--KL,3602226593,104,0.05010292348919832,398.7170491918547,0.0014026636542894266,nan,0.00018212882331116424,0.0254872096393101,0.07216207127367792,0.009829800417290705,0.5443961243689147,1.0055239153308122,1.0141454930561913,2.0225891178056434,0.0024598040443574464,0.13254089727385915,12.24061255500419,1.3062311389367096,,nan,nan,nan,nan,nan,0.735748864423575,0.4636,0.26699612718393684,104,104,104,104,104,0,0,0,208,208,0,1,False,False,8.0,0,nan,nan,nan,nan,1.0,126.5374245596017,0.009713184154639442,1.550916949065213,159.67132140951196,1.8471312870123962,102.95285089620789,102.95285089620789,6.82273161734259,50,logistic,100.0,stepsize_pilot
manuscript-pilot,L,pilot_logistic_d50_kX1e2_fr-kl,FR--KL,3602226593,105,0.05010292348919832,398.716933414231,0.0012868860305843555,nan,0.0001672440952075235,0.02448772844746154,0.06906397928353405,0.009824775875967058,0.5442680739876989,1.0052890632600313,1.0135634668042388,2.0216368822953243,0.0022555516705510675,0.12150321790944622,12.361951070954092,1.317212187917903,,nan,nan,nan,nan,nan,0.7357406935639282,0.4636,0.2669933198637816,105,105,105,105,105,0,0,0,210,210,0,1,False,False,8.0,0,nan,nan,nan,nan,1.0,126.5374245596017,0.009713184154639442,1.550916949065213,159.67132140951196,1.8471312870123962,102.95285089620789,102.95285089620789,6.254551338420314,50,logistic,100.0,stepsize_pilot
manuscript-pilot,L,pilot_logistic_d50_kX1e2_fr-kl,FR--KL,3602226593,106,0.05010292348919832,398.7168272412581,0.0011807130576926284,nan,0.00015358275111966577,0.023527026796469,0.0661008622002977,0.009819971129518166,0.5441455162519748,1.0050642943634456,1.0130058223146834,2.0207255198781677,0.0020683763259278947,0.1113890179428133,12.482854447967838,1.3282795979175717,,nan,nan,nan,nan,nan,0.7357328080504623,0.4636,0.2669906098527651,106,106,106,106,106,0,0,0,212,212,0,1,False,False,8.0,0,nan,nan,nan,nan,1.0,126.5374245596017,0.009713184154639442,1.550916949065213,159.67132140951196,1.8471312870123962,102.95285089620789,102.95285089620789,5.733908477870722,50,logistic,100.0,stepsize_pilot
manuscript-pilot,L,pilot_logistic_d50_kX1e2_fr-kl,FR--KL,3602226593,107,0.05010292348919832,398.71672987076823,0.0010833425678242747,nan,0.0001410434451756412,0.022603610114131784,0.06326670040196487,0.0098153763227153,0.5440282118986214,1.004849169066317,1.012471505695585,2.0198532254729513,0.0018968370672496244,0.10212058126440356,12.60339019400999,1.3392639779485762,,nan,nan,nan,nan,nan,0.7357251987455222,0.4636,0.26698799408228396,107,107,107,107,107,0,0,0,214,214,0,1,False,False,8.0,0,nan,nan,nan,nan,1.0,126.5374245596017,0.009713184154639442,1.550916949065213,159.67132140951196,1.8471312870123962,102.95285089620789,102.95285089620789,5.256802488174092,50,logistic,100.0,stepsize_pilot
manuscript-pilot,L,pilot_logistic_d50_kX1e2_fr-kl,FR--KL,3602226593,108,0.05010292348919832,398.71664056819844,0.0009940399980337133,nan,0.000129533318185329,0.021716041887508867,0.06055575310051582,0.009810982060565862,0.543915932337177,1.0046432674222434,1.011959511023818,2.0190182773387404,0.00173961604100489,0.09362678066174851,12.723456420993898,1.350255077937618,,nan,nan,nan,nan,nan,0.7357178567561109,0.4636,0.26698546956253333,108,108,108,108,108,0,0,0,216,216,0,1,False,False,8.0,0,nan,nan,nan,nan,1.0,126.5374245596017,0.009713184154639442,1.550916949065213,159.67132140951196,1.8471312870123962,102.95285089620789,102.95285089620789,4.8195719946804605,50,logistic,100.0,stepsize_pilot
manuscript-pilot,L,pilot_logistic_d50_kX1e2_fr-kl,FR--KL,3602226593,109,0.05010292348919832,398.71655866082335,0.000912132622943318,nan,0.00011896727669232369,0.020862941301596633,0.057962544622811134,0.00980677938537504,0.5438084591558406,1.004446188203161,1.0114688779822771,2.018219032959097,0.001595507795111345,0.08584251386294832,12.834864787000697,1.3588929769466631,,nan,nan,nan,nan,nan,0.7357107734303763,0.4636,0.2669830333816546,109,109,109,109,109,0,0,0,218,218,0,1,False,False,8.0,0,nan,nan,nan,nan,1.0,126.5374245596017,0.009713184154639442,1.550916949065213,159.67132140951196,1.8471312870123962,102.95285089620789,102.95285089620789,4.418865765143873,50,logistic,100.0,stepsize_pilot
manuscript-pilot,L,pilot_logistic_d50_kX1e2_fr-kl,FR--KL,3602226593,110,0.05010292348919832,398.7164835324881,0.0008370042876890693,nan,0.00010926733416755509,0.02004298098611988,0.055481851430004496,0.009802759755066396,0.5437055836516728,1.0042575480340161,1.0109986896267777,2.0174539251499377,0.0014634095389483687,0.07870818844836659,12.938266974000726,1.3675661869347095,,nan,nan,nan,nan,nan,0.7357039403539165,0.4636,0.2669806827047971,110,110,110,110,110,0,0,0,220,220,0,1,False,False,8.0,0,nan,nan,nan,nan,1.0,126.5374245596017,0.009713184154639442,1.550916949065213,159.67132140951196,1.8471312870123962,102.95285089620789,102.95285089620789,4.051616194817645,50,logistic,100.0,stepsize_pilot
manuscript-pilot,L,pilot_logistic_d50_kX1e2_fr-kl,FR--KL,3602226593,111,0.05010292348919832,398.7164146187969,0.0007680905964662088,nan,0.00010036200935513509,0.019254884864394143,0.05310868983070644,0.009798915022682667,0.5436071063837039,1.0040769805697385,1.0105480702746046,2.016721458377293,0.0013423122651992781,0.07216925132773533,13.041978060966358,1.3761813669116236,,nan,nan,nan,nan,nan,0.7356973493459225,0.4636,0.2669784147731033,111,111,111,111,111,0,0,0,222,222,0,1,False,False,8.0,0,nan,nan,nan,nan,1.0,126.5374245596017,0.009713184154639442,1.550916949065213,159.67132140951196,1.8471312870123962,102.95285089620789,102.95285089620789,3.7150150856176314,50,logistic,100.0,stepsize_pilot
manuscript-pilot,L,pilot_logistic_d50_kX1e2_fr-kl,FR--KL,3602226593,112,0.05010292348919832,398.7163514027173,0.0007048745168845016,nan,9.21857763518526e-05,0.018497426098635274,0.050838304346232065,0.009795237416994727,0.5435128367477529,1.0039041357122775,1.0101161835071382,2.016020205272239,0.0012312926551644211,0.06617575886644148,13.144795408006757,1.3847871568868868,,nan,nan,nan,nan,nan,0.7356909924551864,0.4636,0.26697622690262707,112,112,112,112,112,0,0,0,224,224,0,1,False,False,8.0,0,nan,nan,nan,nan,1.0,126.5374245596017,0.009713184154639442,1.550916949065213,159.67132140951196,1.8471312870123962,102.95285089620789,102.95285089620789,3.4064915177600663,50,logistic,100.0,stepsize_pilot
manuscript-pilot,L,pilot_logistic_d50_kX1e2_fr-kl,FR--KL,3602226593,113,0.05010292348919832,398.71629341056297,0.0006468823625596087,nan,8.467856210169094e-05,0.01776942512647734,0.048666156689081586,0.009791719524149757,0.5434225925718097,1.0037386788655622,1.0097022302795609,2.0153488033311,0.001129505696561072,0.06068198409628758,13.248544034955557,1.393590216874145,,nan,nan,nan,nan,nan,0.7356848619559935,0.4636,0.2669741164831924,113,113,113,113,113,0,0,0,226,226,0,1,False,False,8.0,0,nan,nan,nan,nan,1.0,126.5374245596017,0.009713184154639442,1.550916949065213,159.67132140951196,1.8471312870123962,102.95285089620789,102.95285089620789,3.123691630375566,50,logistic,100.0,stepsize_pilot
manuscript-pilot,L,pilot_logistic_d50_kX1e2_fr-kl,FR--KL,3602226593,114,0.05010292348919832,398.71624020832223,0.0005936801218240362,nan,7.778528695946021e-05,0.017069747783812445,0.046587915318543685,0.00978835427029867,0.5433361997308951,1.0035802902264477,1.0093054471311849,2.0147059517898853,0.001036177949490527,0.055646057764389655,13.351571231964044,1.4022520369035192,,nan,nan,nan,nan,nan,0.7356789503439154,0.4636,0.26697208097720293,114,114,114,114,114,0,0,0,228,228,0,1,False,False,8.0,0,nan,nan,nan,nan,1.0,126.5374245596017,0.009713184154639442,1.550916949065213,159.67132140951196,1.8471312870123962,102.95285089620789,102.95285089620789,2.8644601439894797,50,logistic,100.0,stepsize_pilot
manuscript-pilot,L,pilot_logistic_d50_kX1e2_fr-kl,FR--KL,3602226593,115,0.05010292348919832,398.7161913983017,0.0005448701012937818,nan,7.145544461562817e-05,0.016397303509394112,0.044599445539603,0.00978513490514066,0.5432534917804136,1.0034286641097365,1.008925104490253,2.014090408662651,0.0009506014022364567,0.051029640263713726,13.455220828996971,1.4108796569053084,,nan,nan,nan,nan,nan,0.735673250331528,0.4636,0.266970117918406,115,115,115,115,115,0,0,0,230,230,0,1,False,False,8.0,0,nan,nan,nan,nan,1.0,126.5374245596017,0.009713184154639442,1.550916949065213,159.67132140951196,1.8471312870123962,102.95285089620789,102.95285089620789,2.6268234726786135,50,logistic,100.0,stepsize_pilot
manuscript-pilot,L,pilot_logistic_d50_kX1e2_fr-kl,FR--KL,3602226593,116,0.05010292348919832,398.7161466160579,0.0005000878575174283,nan,6.56427179576651e-05,0.015751043626945568,0.04269680011370956,0.009782054986333456,0.5431743096070254,1.0032835083055265,1.0085605050676867,2.013500987934163,0.0008721278639825261,0.04679762175172373,13.560237366007641,1.4206732368911617,,nan,nan,nan,nan,nan,0.7356677548440627,0.4636,0.2669682249106214,116,116,116,116,116,0,0,0,232,232,0,1,False,False,8.0,0,nan,nan,nan,nan,1.0,126.5374245596017,0.009713184154639442,1.550916949065213,159.67132140951196,1.8471312870123962,102.95285089620789,102.95285089620789,2.4089742872511657,50,logistic,100.0,stepsize_pilot
manuscript-pilot,L,pilot_logistic_d50_kX1e2_fr-kl,FR--KL,3602226593,117,0.05010292348919832,398.7161055275916,0.0004589993911849888,nan,6.030462768017288e-05,0.015129959700789845,0.0408762103519657,0.009779108364716673,0.5430985010961346,1.0031445434672384,1.0082109823344194,2.0129365568979067,0.0008001638464266881,0.042917848002867964,13.672666491998825,1.4303816558676772,,nan,nan,nan,nan,nan,0.7356624570150124,0.4636,0.2669663996264374,117,117,117,117,117,0,0,0,234,234,0,1,False,False,8.0,0,nan,nan,nan,nan,1.0,126.5374245596017,0.009713184154639442,1.550916949065213,159.67132140951196,1.8471312870123962,102.95285089620789,102.95285089620789,2.209257403112682,50,logistic,100.0,stepsize_pilot
manuscript-pilot,L,pilot_logistic_d50_kX1e2_fr-kl,FR--KL,3602226593,118,0.05010292348919832,398.7160678267811,0.00042129858070438786,nan,5.540221084115673e-05,0.014533081961274754,0.039134077663217644,0.009776289170301879,0.5430259208151701,1.003011502528724,1.0078758990774852,2.01239603363106,0.0007341658906991943,0.03936086975781909,13.780185138981324,1.439383765857201,,nan,nan,nan,nan,nan,0.7356573501817018,0.4636,0.26696463980588303,118,118,118,118,118,0,0,0,236,236,0,1,False,False,8.0,0,nan,nan,nan,nan,1.0,126.5374245596017,0.009713184154639442,1.550916949065213,159.67132140951196,1.8471312870123962,102.95285089620789,102.95285089620789,2.0261568776608967,50,logistic,100.0,stepsize_pilot
manuscript-pilot,L,pilot_logistic_d50_kX1e2_fr-kl,FR--KL,3602226593,119,0.05010292348919832,398.71603323303543,0.0003867048350230107,nan,5.089972672488692e-05,0.013959477796502362,0.03746696553135089,0.009773591798983986,0.5429564297118302,1.002884130149,1.007554646030252,2.011878384598589,0.0006736362999847729,0.03609971353042169,13.889078476000577,1.4486692158970982,,nan,nan,nan,nan,nan,0.735652427880834,0.4636,0.2669629432550787,119,119,119,119,119,0,0,0,238,238,0,1,False,False,8.0,0,nan,nan,nan,nan,1.0,126.5374245596017,0.009713184154639442,1.550916949065213,159.67132140951196,1.8471312870123962,102.95285089620789,102.95285089620789,1.858284212246655,50,logistic,100.0,stepsize_pilot
manuscript-pilot,L,pilot_logistic_d50_kX1e2_fr-kl,FR--KL,3602226593,120,0.05010292348919832,398.7160014891466,0.0003549609461970249,nan,4.6764387542454773e-05,0.013408250307089002,0.035871591897704204,0.009771010899934252,0.5428898948265524,1.002762182183192,1.007246640572533,2.0113826223791595,0.000618119241876797,0.033109672012828335,13.998366842977703,1.457310945901554,,nan,nan,nan,nan,nan,0.7356476838440272,0.4636,0.2669613078448716,120,120,120,120,120,0,0,0,240,240,0,1,False,False,8.0,0,nan,nan,nan,nan,1.0,126.5374245596017,0.009713184154639442,1.550916949065213,159.67132140951196,1.8471312870123962,102.95285089620789,102.95285089620789,1.7043675629795254,50,logistic,100.0,stepsize_pilot
manuscript-pilot,L,pilot_logistic_d50_kX1e2_fr-kl,FR--KL,3602226593,121,0.05010292348919832,398.7159723593258,0.0003258311253944157,nan,4.296611226770073e-05,0.012878536920883768,0.034344821926046265,0.00976854136363451,0.5428261890184846,1.002645425178393,1.006951325496586,2.0109078035060004,0.0005671971877654895,0.030368112383216406,14.10692101897439,1.4669394149095751,,nan,nan,nan,nan,nan,0.7356431119933506,0.4636,0.26695973150945984,121,121,121,121,121,0,0,0,242,242,0,1,False,False,8.0,0,nan,nan,nan,nan,1.0,126.5374245596017,0.009713184154639442,1.550916949065213,159.67132140951196,1.8471312870123962,102.95285089620789,102.95285089620789,1.563241873094276,50,logistic,100.0,stepsize_pilot
manuscript-pilot,L,pilot_logistic_d50_kX1e2_fr-kl,FR--KL,3602226593,122,0.05010292348919832,398.7159456274045,0.000299099204084996,nan,3.947730086195126e-05,0.012369508064759943,0.03288366112898913,0.009766178310517801,0.542765190704298,1.0025336358931547,1.0066681678352596,2.0104530264163016,0.0005204876595316299,0.027854300969325473,14.212508145952597,1.4761804149020463,,nan,nan,nan,nan,nan,0.7356387064368671,0.4636,0.2669582122450083,122,122,122,122,122,0,0,0,244,244,0,1,False,False,8.0,0,nan,nan,nan,nan,1.0,126.5374245596017,0.009713184154639442,1.550916949065213,159.67132140951196,1.8471312870123962,102.95285089620789,102.95285089620789,1.433839847256527,50,logistic,100.0,stepsize_pilot
manuscript-pilot,L,pilot_logistic_d50_kX1e2_fr-kl,FR--KL,3602226593,123,0.05010292348919832,398.7159210951901,0.0002745669896739855,nan,3.627262783948687e-05,0.011880365890766624,0.031485248836029864,0.009763917080180354,0.5427067836091741,1.0024266008394591,1.0063966577488237,2.010017429503138,0.00047764025650680667,0.025549242856711528,14.32413009298034,1.486168414936401,,nan,nan,nan,nan,nan,0.7356344614641932,0.4636,0.2669567481082615,123,123,123,123,123,0,0,0,246,246,0,1,False,False,8.0,0,nan,nan,nan,nan,1.0,126.5374245596017,0.009713184154639442,1.550916949065213,159.67132140951196,1.8471312870123962,102.95285089620789,102.95285089620789,1.3151836951690086,50,logistic,100.0,stepsize_pilot
manuscript-pilot,L,pilot_logistic_d50_kX1e2_fr-kl,FR--KL,3602226593,124,0.05010292348919832,398.7158985809597,0.00025205275926509785,nan,3.3328853225392625e-05,0.011410343054088277,0.030146851984603977,0.009761753221134276,0.5426508565293939,1.0023241158460452,1.0061363074671383,2.009600189264273,0.00043833393810349886,0.023435535154105375,14.432840889960062,1.4949352149269544,,nan,nan,nan,nan,nan,0.7356303715420823,0.4636,0.2669553372151544,124,124,124,124,124,0,0,0,248,248,0,1,False,False,8.0,0,nan,nan,nan,nan,1.0,126.5374245596017,0.009713184154639442,1.550916949065213,159.67132140951196,1.8471312870123962,102.95285089620789,102.95285089620789,1.2063775781967203,50,logistic,100.0,stepsize_pilot
manuscript-pilot,L,pilot_logistic_d50_kX1e2_fr-kl,FR--KL,3602226593,125,0.05010292348919832,398.7158779180812,0.00023138988080972922,nan,3.0624649205134065e-05,0.010958701540406032,0.02886585921673651,0.009759682481071008,0.5425973031059463,1.0022259856420364,1.0058866502842019,2.009200518542565,0.0004022745397234942,0.021497232740759643,14.543257495970465,1.5036019438994117,,nan,nan,nan,nan,nan,0.7356264313100405,0.4636,0.26695397773942614,125,125,125,125,125,0,0,0,250,250,0,1,False,False,8.0,0,nan,nan,nan,nan,1.0,126.5374245596017,0.009713184154639442,1.550916949065213,159.67132140951196,1.8471312870123962,102.95285089620789,102.95285089620789,1.106600698520249,50,logistic,100.0,stepsize_pilot
manuscript-pilot,L,pilot_logistic_d50_kX1e2_fr-kl,FR--KL,3602226593,126,0.05010292348919832,398.7158589537523,0.00021242555186518075,nan,2.8140441570432913e-05,0.010524731540395594,0.027639775264838046,0.009757700797606393,0.5425460216085978,1.0021320234598745,1.0056472396020886,2.008817664852999,0.0003691925015696197,0.019719725423115612,14.649312842986546,1.5128172739059664,,nan,nan,nan,nan,nan,0.7356226355759772,0.4636,0.2669526679112385,126,126,126,126,126,0,0,0,252,252,0,1,False,False,8.0,0,nan,nan,nan,nan,1.0,126.5374245596017,0.009713184154639442,1.550916949065213,159.67132140951196,1.8471312870123962,102.95285089620789,102.95285089620789,1.0151009756000873,50,logistic,100.0,stepsize_pilot
manuscript-pilot,L,pilot_logistic_d50_kX1e2_fr-kl,FR--KL,3602226593,127,0.05010292348919832,398.7158415478439,0.00019501964351320566,nan,2.5858264417326192e-05,0.010107750369223813,0.026466215611283393,0.00975580428948346,0.542496914729941,1.0020420506565941,1.005417648021696,2.0084509087916786,0.00033884079179459487,0.01808962552158854,14.762446759967133,1.5224427239154465,,nan,nan,nan,nan,nan,0.7356189793118997,0.4636,0.2669514060158009,127,127,127,127,127,0,0,0,254,254,0,1,False,False,8.0,0,nan,nan,nan,nan,1.0,126.5374245596017,0.009713184154639442,1.550916949065213,159.67132140951196,1.8471312870123962,102.95285089620789,102.95285089620789,0.9311892595461677,50,logistic,100.0,stepsize_pilot
manuscript-pilot,L,pilot_logistic_d50_kX1e2_fr-kl,FR--KL,3602226593,128,0.05010292348919832,398.71582557184297,0.00017904364256082772,nan,2.376162685800908e-05,0.009707101429023262,0.025342901407233,0.009753989248205697,0.5424498893889222,1.0019558963525812,1.0051974664776788,2.0080995625224145,0.00031099300708741737,0.016594664993317847,14.87147317698691,1.5319115939200856,,nan,nan,nan,nan,nan,0.7356154576496552,0.4636,0.2669501903920055,128,128,128,128,128,0,0,0,256,256,0,1,False,False,8.0,0,nan,nan,nan,nan,1.0,126.5374245596017,0.009713184154639442,1.550916949065213,159.67132140951196,1.8471312870123962,102.95285089620789,102.95285089620789,0.8542340353647835,50,logistic,100.0,stepsize_pilot
manuscript-pilot,L,pilot_logistic_d50_kX1e2_fr-kl,FR--KL,3602226593,129,0.05010292348919832,398.71581090788294,0.00016437968253057988,nan,2.1835391169976856e-05,0.009322153212435312,0.024267654637110926,0.009752252130080678,0.5424048565433791,1.0018733970869325,1.0049863034152395,2.007762968336764,0.00028544163529333546,0.015223601274371732,14.977898362965789,1.5404916629195213,,nan,nan,nan,nan,nan,0.735612065876724,0.4636,0.26694901943107313,129,129,129,129,129,0,0,0,258,258,0,1,False,False,8.0,0,nan,nan,nan,nan,1.0,126.5374245596017,0.009713184154639442,1.550916949065213,159.67132140951196,1.8471312870123962,102.95285089620789,102.95285089620789,0.7836565760518539,50,logistic,100.0,stepsize_pilot
manuscript-pilot,L,pilot_logistic_d50_kX1e2_fr-kl,FR--KL,3602226593,130,0.05010292348919832,398.7157974478565,0.00015091965610736224,nan,2.006566075709496e-05,0.00895229834542108,0.023238393515839437,0.009750589548648714,0.5423617310111739,1.0017943964886207,1.0047837840065428,2.0074404972836604,0.00026199646602609073,0.013966131095619432,15.090333629981615,1.5516011829604395,,nan,nan,nan,nan,nan,0.7356087994320687,0.4636,0.26694789157521226,130,130,130,130,130,0,0,0,260,260,0,1,False,False,8.0,0,nan,nan,nan,nan,1.0,126.5374245596017,0.009713184154639442,1.550916949065213,159.67132140951196,1.8471312870123962,102.95285089620789,102.95285089620789,0.7189265061420974,50,logistic,100.0,stepsize_pilot
manuscript-pilot,L,pilot_logistic_d50_kX1e2_fr-kl,FR--KL,3602226593,131,0.05010292348919832,398.71578509260274,0.0001385644023343957,nan,1.8439677907047538e-05,0.00859695266762594,0.02225312810679808,0.009748998267480543,0.5423204312994985,1.0017187449627185,1.0045895494046633,2.007131547864985,0.0002404831364816762,0.012812811591056053,15.210750495956745,1.5625719619565643,,nan,nan,nan,nan,nan,0.7356056539020434,0.4636,0.26694680531629283,131,131,131,131,131,0,0,0,262,262,0,1,False,False,8.0,0,nan,nan,nan,nan,1.0,126.5374245596017,0.009713184154639442,1.550916949065213,159.67132140951196,1.8471312870123962,102.95285089620789,102.95285089620789,0.6595577406475968,50,logistic,100.0,stepsize_pilot
manuscript-pilot,L,pilot_logistic_d50_kX1e2_fr-kl,FR--KL,3602226593,132,0.05010292348919832,398.7157737511625,0.00012722296207812178,nan,1.6945729691288937e-05,0.008255554348683473,0.02130995614904558,0.009747475193319841,0.5422808794419504,1.0016462993909339,1.0044032560330427,2.0068355447936286,0.0002207418007792824,0.011754988076205623,15.330300072964747,1.573665841948241,,nan,nan,nan,nan,nan,0.7356026250163635,0.4636,0.2669457591945361,132,132,132,132,132,0,0,0,264,264,0,1,False,False,8.0,0,nan,nan,nan,nan,1.0,126.5374245596017,0.009713184154639442,1.550916949065213,159.67132140951196,1.8471312870123962,102.95285089620789,102.95285089620789,0.6051047673481474,50,logistic,100.0,stepsize_pilot
manuscript-pilot,L,pilot_logistic_d50_kX1e2_fr-kl,FR--KL,3602226593,133,0.05010292348919832,398.7157633400962,0.00011681189579348938,nan,1.5573061796800168e-05,0.007927563038920234,0.020407059083119405,0.009746017369557011,0.5422430008430302,1.001576922845799,1.0042245749086776,2.0065519378108276,0.00020262591219074547,0.01078472792790762,15.451917258964386,1.5852071309345774,,nan,nan,nan,nan,nan,0.7355997086441426,0.4636,0.2669447517972215,133,133,133,133,133,0,0,0,266,266,0,1,False,False,8.0,0,nan,nan,nan,nan,1.0,126.5374245596017,0.009713184154639442,1.550916949065213,159.67132140951196,1.8471312870123962,102.95285089620789,102.95285089620789,0.5551592431590192,50,logistic,100.0,stepsize_pilot
manuscript-pilot,L,pilot_logistic_d50_kX1e2_fr-kl,FR--KL,3602226593,134,0.05010292348919832,398.715753782859,0.0001072546585874079,nan,1.4311799765962666e-05,0.007612459053007533,0.019542698265242204,0.009744621970014312,0.542206724129689,1.0015104843178322,1.004053190997222,2.006280200559703,0.00018600110855080223,0.009894760045851039,15.561055645986926,1.5947518909233622,,nan,nan,nan,nan,nan,0.7355969007899943,0.4636,0.266943781757412,134,134,134,134,134,0,0,0,268,268,0,1,False,False,8.0,0,nan,nan,nan,nan,1.0,126.5374245596017,0.009713184154639442,1.550916949065213,159.67132140951196,1.8471312870123962,102.95285089620789,102.95285089620789,0.5093468778271268,50,logistic,100.0,stepsize_pilot
manuscript-pilot,L,pilot_logistic_d50_kX1e2_fr-kl,FR--KL,3602226593,135,0.05010292348919832,398.71574500922753,9.848102712339823e-05,nan,1.3152876393286825e-05,0.0073097425851778985,0.018715211360369532,0.009743286293027068,0.5421719810096013,1.0014468584550948,1.0038888025984065,2.006019829512139,0.0001707441919861269,0.009078419420888585,15.667852362967096,1.6034733209526166,,nan,nan,nan,nan,nan,0.7355941975902041,0.4636,0.2669428477526993,135,135,135,135,135,0,0,0,270,270,0,1,False,False,8.0,0,nan,nan,nan,nan,1.0,126.5374245596017,0.009713184154639442,1.550916949065213,159.67132140951196,1.8471312870123962,102.95285089620789,102.95285089620789,0.46732458050598863,50,logistic,100.0,stepsize_pilot
manuscript-pilot,L,pilot_logistic_d50_kX1e2_fr-kl,FR--KL,3602226593,136,0.05010292348919832,398.7157369547758,9.042657541158405e-05,nan,1.2087965415254753e-05,0.00701893295468773,0.0179230089050706,0.009742007755806442,0.5421387061358387,1.0013859253145059,1.0037311207601805,2.0057703429462754,0.00015674219488232544,0.00832959637602629,15.771399409975857,1.612118290970102,,nan,nan,nan,nan,nan,0.7355915953089721,0.4636,0.2669419485039679,136,136,136,136,136,0,0,0,272,272,0,1,False,False,8.0,0,nan,nan,nan,nan,1.0,126.5374245596017,0.009713184154639442,1.550916949065213,159.67132140951196,1.8471312870123962,102.95285089620789,102.95285089620789,0.4287778468633126,50,logistic,100.0,stepsize_pilot
manuscript-pilot,L,pilot_logistic_d50_kX1e2_fr-kl,FR--KL,3602226593,137,0.05010292348919832,398.71572956039404,8.303219362915115e-05,nan,1.1109420653628885e-05,0.006739567880283753,0.01716457103168445,0.009740783889068218,0.5421068369776544,1.0013275701244106,1.0035798687201494,2.005531279972054,0.00014389152470764265,0.007642690083203843,15.875630476977676,1.6209351010038517,,nan,nan,nan,nan,nan,0.7355890903347277,0.4636,0.26694108277418166,137,137,137,137,137,0,0,0,274,274,0,1,False,False,8.0,0,nan,nan,nan,nan,1.0,126.5374245596017,0.009713184154639442,1.550916949065213,159.67132140951196,1.8471312870123962,102.95285089620789,102.95285089620789,0.3934183662910046,50,logistic,100.0,stepsize_pilot
manuscript-pilot,L,pilot_logistic_d50_kX1e2_fr-kl,FR--KL,3602226593,138,0.05010292348919832,398.71572277184777,7.62436473564776e-05,nan,1.0210220108327317e-05,0.006471202782477804,0.016438444345717597,0.00973961233191519,0.5420763136970753,1.0012716830578339,1.0034347813729123,2.00530219960241,0.00013209718095382096,0.007012565993082143,15.980935494008008,1.629634630982764,,nan,nan,nan,nan,nan,0.7355866791765163,0.4636,0.2669402493671908,138,138,138,138,138,0,0,0,276,276,0,1,False,False,8.0,0,nan,nan,nan,nan,1.0,126.5374245596017,0.009713184154639442,1.550916949065213,159.67132140951196,1.8471312870123962,102.95285089620789,102.95285089620789,0.36098183054280064,50,logistic,100.0,stepsize_pilot
manuscript-pilot,L,pilot_logistic_d50_kX1e2_fr-kl,FR--KL,3602226593,139,0.05010292348919832,398.71571653937366,7.001117324989536e-05,nan,9.38391476232679e-06,0.006213410112502258,0.015743238948842615,0.009738490826959977,0.5420470790310465,1.001218159015948,1.0032956047619899,2.005082679867794,0.00012127203804493442,0.006434516846032342,16.08840255998075,1.640835819998756,,nan,nan,nan,nan,nan,0.7355843584604616,0.4636,0.26693944712656137,139,139,139,139,139,0,0,0,278,278,0,1,False,False,8.0,0,nan,nan,nan,nan,1.0,126.5374245596017,0.009713184154639442,1.550916949065213,159.67132140951196,1.8471312870123962,102.95285089620789,102.95285089620789,0.3312259267193516,50,logistic,100.0,stepsize_pilot
manuscript-pilot,L,pilot_logistic_d50_kX1e2_fr-kl,FR--KL,3602226593,140,0.05010292348919832,398.71571081730997,6.428910955946776e-05,nan,8.62458154472225e-06,0.005965778706865646,0.015077625600288138,0.009737417215676225,0.5420190781788572,1.001166897421249,1.0031620955951148,2.004872316971889,0.00011133618858950116,0.005904226961010789,16.205609146971256,1.6518486599670723,,nan,nan,nan,nan,nan,0.7355821249263003,0.4636,0.2669386749344267,140,140,140,140,140,0,0,0,280,280,0,1,False,False,8.0,0,nan,nan,nan,nan,1.0,126.5374245596017,0.009713184154639442,1.550916949065213,159.67132140951196,1.8471312870123962,102.95285089620789,102.95285089620789,0.3039284989871561,50,logistic,100.0,stepsize_pilot
manuscript-pilot,L,pilot_logistic_d50_kX1e2_fr-kl,FR--KL,3602226593,141,0.05010292348919832,398.71570556375616,5.903555575059727e-05,nan,7.926780346034472e-06,0.0057279131664804825,0.014440333009847562,0.009736389433966718,0.5419922586946055,1.0011178020200138,1.0030340207817516,2.004670724486478,0.00010221634184539026,0.005417739524829969,16.32528323295992,1.6629390489542857,,nan,nan,nan,nan,nan,0.7355799754239944,0.4636,0.26693793171036273,141,141,141,141,141,0,0,0,282,282,0,1,False,False,8.0,0,nan,nan,nan,nan,1.0,126.5374245596017,0.009713184154639442,1.550916949065213,159.67132140951196,1.8471312870123962,102.95285089620789,102.95285089620789,0.278885864747155,50,logistic,100.0,stepsize_pilot
manuscript-pilot,L,pilot_logistic_d50_kX1e2_fr-kl,FR--KL,3602226593,142,0.05010292348919832,398.71570074026226,5.421206185474148e-05,nan,7.285514337069529e-06,0.005499433259383109,0.013830145255978239,0.009735405507937474,0.5419665703844749,1.0010707806935812,1.0029111569916989,2.0044775325835125,9.384527270403343e-05,0.004971426628091516,16.44680142996367,1.6739952289499342,,nan,nan,nan,nan,nan,0.7355779069104161,0.4636,0.26693721641028495,142,142,142,142,142,0,0,0,284,284,0,1,False,False,8.0,0,nan,nan,nan,nan,1.0,126.5374245596017,0.009713184154639442,1.550916949065213,159.67132140951196,1.8471312870123962,102.95285089620789,102.95285089620789,0.25591127219167076,50,logistic,100.0,stepsize_pilot
manuscript-pilot,L,pilot_logistic_d50_kX1e2_fr-kl,FR--KL,3602226593,143,0.05010292348919832,398.7156963115437,4.9783343285980663e-05,nan,6.696193687238104e-06,0.005279973346107173,0.013245899322951834,0.009734463549868904,0.5419419652085863,1.001025745278081,1.0027932902337713,2.0042923873025624,8.616131691020675e-05,0.004561961815650491,16.568169885955285,1.6851415789569728,,nan,nan,nan,nan,nan,0.7355759164461093,0.4636,0.26693652802537,143,143,143,143,143,0,0,0,286,286,0,1,False,False,8.0,0,nan,nan,nan,nan,1.0,126.5374245596017,0.009713184154639442,1.550916949065213,159.67132140951196,1.8471312870123962,102.95285089620789,102.95285089620789,0.2348334873004286,50,logistic,100.0,stepsize_pilot
manuscript-pilot,L,pilot_logistic_d50_kX1e2_fr-kl,FR--KL,3602226593,144,0.05010292348919832,398.715692245219,4.571701856548316e-05,nan,6.1546023536285585e-06,0.005069181826820669,0.012686482751243558,0.009733561754372334,0.5419183971872292,1.0009826113921816,1.0026802154535746,2.0041149498519233,7.910790859560473e-05,0.004186294939264913,16.687310231965967,1.6938857679488137,,nan,nan,nan,nan,nan,0.7355740011921258,0.4636,0.2669358655809996,144,144,144,144,144,0,0,0,288,288,0,1,False,False,8.0,0,nan,nan,nan,nan,1.0,126.5374245596017,0.009713184154639442,1.550916949065213,159.67132140951196,1.8471312870123962,102.95285089620789,102.95285089620789,0.21549549934484438,50,logistic,100.0,stepsize_pilot
manuscript-pilot,L,pilot_logistic_d50_kX1e2_fr-kl,FR--KL,3602226593,145,0.05010292348919832,398.71568851157065,4.198337023808563e-05,nan,5.656867406907989e-06,0.004866720609368455,0.012150831395660129,0.009732698394724194,0.5418958223112557,1.0009412982725179,1.002571736149426,2.003944895941737,7.26331565470753e-05,0.0038416291181792494,16.79142517899163,1.7027064169524238,,nan,nan,nan,nan,nan,0.7355721584069366,0.4636,0.26693522813572856,145,145,145,145,145,0,0,0,290,290,0,1,False,False,8.0,0,nan,nan,nan,nan,1.0,126.5374245596017,0.009713184154639442,1.550916949065213,159.67132140951196,1.8471312870123962,102.95285089620789,102.95285089620789,0.19775333490121874,50,logistic,100.0,stepsize_pilot
manuscript-pilot,L,pilot_logistic_d50_kX1e2_fr-kl,FR--KL,3602226593,146,0.05010292348919832,398.7156850833248,3.85551243766713e-05,nan,5.199431095883004e-06,0.004672264597404275,0.011637927286035715,0.009731871819369383,0.5418741984564641,1.000901728616431,1.0024676640055765,2.003781915147563,6.668945593434816e-05,0.003525399629867392,16.897735475969967,1.7123261269880459,,nan,nan,nan,nan,nan,0.7355703854434174,0.4636,0.2669346147802766,146,146,146,146,146,0,0,0,292,292,0,1,False,False,8.0,0,nan,nan,nan,nan,1.0,126.5374245596017,0.009713184154639442,1.550916949065213,159.67132140951196,1.8471312870123962,102.95285089620789,102.95285089620789,0.1814749712216414,50,logistic,100.0,stepsize_pilot
manuscript-pilot,L,pilot_logistic_d50_kX1e2_fr-kl,FR--KL,3602226593,147,0.05010292348919832,398.71568193544954,3.540724912909354e-05,nan,4.779025025069244e-06,0.004485501197833049,0.011146796585580055,0.009731080448584412,0.5418534853017686,1.0008638284316822,1.002367818541865,2.003625710302949,6.123313250222572e-05,0.003235254568298378,17.00192126299953,1.7210209870245308,,nan,nan,nan,nan,nan,0.7355686797459082,0.4636,0.26693402463654226,147,147,147,147,147,0,0,0,294,294,0,1,False,False,8.0,0,nan,nan,nan,nan,1.0,126.5374245596017,0.009713184154639442,1.550916949065213,159.67132140951196,1.8471312870123962,102.95285089620789,102.95285089620789,0.16653934059064857,50,logistic,100.0,stepsize_pilot
manuscript-pilot,L,pilot_logistic_d50_kX1e2_fr-kl,FR--KL,3602226593,148,0.05010292348919832,398.71567904497033,3.251676992022112e-05,nan,4.39264658733473e-06,0.004306129846813192,0.010676507642158065,0.009730322771294079,0.541833644250999,1.0008275268928348,1.0022720267790266,2.0034759969195854,5.622411648928504e-05,0.0029690371208880707,17.110778429952916,1.7305737470742315,,nan,nan,nan,nan,nan,0.7355670388473468,0.4636,0.2669334568566422,148,148,148,148,148,0,0,0,296,296,0,1,False,False,8.0,0,nan,nan,nan,nan,1.0,126.5374245596017,0.009713184154639442,1.550916949065213,159.67132140951196,1.8471312870123962,102.95285089620789,102.95285089620789,0.1528354180060474,50,logistic,100.0,stepsize_pilot
manuscript-pilot,L,pilot_logistic_d50_kX1e2_fr-kl,FR--KL,3602226593,149,0.05010292348919832,398.71567639079996,2.9862599546959245e-05,nan,4.037537166596741e-06,0.004133861553605881,0.010226169128131245,0.009729597342032508,0.541814638358153,1.0007927562039818,1.0021801229189393,2.0033325026337496,5.1625643768700425e-05,0.002724769327910423,17.215943146962672,1.739925047091674,,nan,nan,nan,nan,nan,0.7355654603664741,0.4636,0.26693291062197216,149,149,149,149,149,0,0,0,298,298,0,1,False,False,8.0,0,nan,nan,nan,nan,1.0,126.5374245596017,0.009713184154639442,1.550916949065213,159.67132140951196,1.8471312870123962,102.95285089620789,102.95285089620789,0.1402613851714607,50,logistic,100.0,stepsize_pilot
manuscript-pilot,L,pilot_logistic_d50_kX1e2_fr-kl,FR--KL,3602226593,150,0.05010292348919832,398.71567395358284,2.7425382427281875e-05,nan,3.7111623820293762e-06,0.003968418461582446,0.009794928264515302,0.009728902778043995,0.5417964322559521,1.0007594514675453,1.0020919480390482,2.003194966677752,4.7403981918387264e-05,0.002500637199678078,17.32665950298542,1.7488205360714346,,nan,nan,nan,nan,nan,0.7355639420051125,0.4636,0.26693238514229173,150,150,150,150,150,0,0,0,300,300,0,1,False,False,8.0,0,nan,nan,nan,nan,1.0,126.5374245596017,0.009713184154639442,1.550916949065213,159.67132140951196,1.8471312870123962,102.95285089620789,102.95285089620789,0.12872386438198355,50,logistic,100.0,stepsize_pilot
